candidate_id,a1,m,gamma,grid_mahalanobis,continuous_mahalanobis,continuous_rms_snr,trigger,alias_a1,alias_m,alias_gamma
25,0.02833400517702103,1.4144364409241825,0.7533994256518781,1.4614476796479345,1.228549682836434,0.07946827274586574,gamma_high,0.03063169316332499,1.4437539588382702,0.9040793107822537
67,0.14963806699961424,1.4582171820197254,0.8145592054817825,3.245911258239877,2.1003562892236207,0.13586075417817628,a1_low,0.14463806699961423,1.4433179895928205,0.7524941566547818
117,0.05681957714259625,1.2701280332077294,0.8906825792975723,2.680666657555766,2.2663268730887456,0.1465964987806518,gamma_low,0.05274053440252064,1.254775785307629,0.742235482747977
168,0.19423080682754518,0.7700545520987362,0.7822743197437376,4.163848981071609,1.6610946825460593,0.10744728286812981,a1_low,0.18923080682754517,0.778759620900076,0.7364073563680866
210,0.0860235096886754,0.5045678565371782,0.44880161148495973,2.910582849082774,1.3524744255917984,0.08748429797856747,a1_high,0.09157072363418146,0.48231309462278793,0.49353911611666057
212,0.10641881693154574,0.251717287376523,0.6696836570557206,0.5244611070642359,0.16295568577073086,0.01054072705665428,a1_high,0.11142455221675739,0.23625446774596665,0.695130829345063
234,0.05066089201718569,0.5674310887698084,0.375451613208279,2.602384619355808,2.082284019623797,0.13469175623714072,gamma_low,0.046848347435076196,0.5869183754163148,0.31287634434023254
274,0.08235302101820707,0.8169278981350362,0.3265585407987237,7.151028023098342,3.3480810343277283,0.21656935859275264,gamma_low,0.07887393317830362,0.8157478225688516,0.2721321173322698
279,0.19754328150302172,1.463921680226922,0.4143217985890806,5.3343416111880995,3.1310133767885495,0.20252841905679228,a1_low,0.19254328150302172,1.4474813994956066,0.3752463474959062
296,0.1962631616741419,0.5992489318456501,0.11061798128299415,17.495605851897885,2.7030782174714347,0.17484759472118777,a1_low,0.1912631616741419,0.6003519772155371,0.09242714237153121
302,0.022744717076420784,0.8440202748589217,0.7598535952810198,1.3491121013668923,1.039553668079232,0.0672431368328181,gamma_high,0.024601917153890242,0.8187915665082113,0.9118243143372238
314,0.07185616344213486,0.9392569253314287,0.19773622622713447,5.552267596613414,2.460890999327946,0.15918180588426073,gamma_low,0.0700416579202887,0.9324632034972388,0.16478018852261206
322,0.08897135332226754,0.9892718950845302,0.8855276333261282,4.338831197076877,2.2695262003167413,0.14680344605540158,a1_high,0.09397135332226754,0.9807796292101675,1.0
336,0.16341689489781858,0.521024600751698,0.7869628101214766,2.623791737775088,0.9176924813162503,0.05936059194097684,a1_high,0.16841927620619532,0.5043091509476014,0.8323903028469031
352,0.15016109477728606,0.9538830057252199,0.13659714550711216,7.174978524982529,3.0441669615801534,0.19691079145312265,gamma_low,0.14745307678169478,0.9478651962765201,0.11383095458926015
365,0.08309127688407898,1.7925599419884384,0.869609939455986,1.6487202706105435,0.9642787156974637,0.0623740049365846,m_high,0.08680053170232606,1.8225599419884384,0.9294803886549755
370,0.07576476577669383,0.547702581724152,0.04944316901266575,5.448359987425918,1.1479982722832822,0.07425783514343764,gamma_high,0.07716091656177201,0.546777086385538,0.059331802815198904
397,0.0758159175515175,1.0234817335940898,0.9260519578773528,3.9556134584104754,2.5462061829798275,0.16470038635237677,a1_low,0.07081591755151749,1.0297180419156486,0.7871168125867751
402,0.08411441538482906,0.275122328652069,0.2289147072006017,0.14180283781662167,0.14180283781662167,0.009172463066965245,a1_high,0.1165744146975442,0.25875,0.18077686769634355
412,0.13934928700327873,0.5261755457799882,0.15252705231308938,5.185452926633552,1.6945848637020027,0.10961358260153939,a1_high,0.14434928700327873,0.5207802343689149,0.16883075578739426
422,0.025009276159107686,0.8681384170986712,0.43932183406315745,2.0748715132626825,1.3760530295303417,0.08900947107895754,gamma_low,0.02374938922986058,0.8676372356521379,0.36610152838596455
491,0.11148618943989277,1.0050643736310303,0.4311939417850226,6.581138880946675,3.7444727519327214,0.24220980730143518,a1_high,0.11648618943989278,1.011027659732432,0.5005772507315812
502,0.044166089966893196,0.914164128806442,0.8635851523466408,3.1911195979555496,1.866930152188998,0.12076167256752972,gamma_low,0.040986435883377664,0.9283178781600865,0.7196542936222007
520,0.19356406014412642,0.26508886963129047,0.7935906909219921,1.343238082097335,0.24355435191160715,0.015754221368946476,a1_low,0.1878253936279207,0.2783188426435062,0.7646375664856051
572,0.1472000664100051,0.8548496509809047,0.6181088614463807,4.961106560391778,2.341452061190035,0.15145594323090333,a1_high,0.1522000664100051,0.8489151568179972,0.674029263660339
602,0.06548485476523638,0.8713218723703176,0.12295554788783192,4.262634344327383,1.7554768179933598,0.11355235569249186,gamma_low,0.06434769641497856,0.8669128407235911,0.10246295657319328
607,0.15498533677309753,1.3939854902680964,0.15072450928390027,4.987537121596063,2.7566990693581874,0.17831603929622855,gamma_low,0.15227284328941362,1.3810907704496467,0.12560375773658358
621,0.0842878406867385,1.7430733386334032,0.660145952552557,1.8843563571149795,1.3758335355968143,0.08899527319667463,m_high,0.08792407759552243,1.7730733386334032,0.7198325624130981
635,0.11375748738646507,1.1768587260786445,0.24728083746507765,5.483855120902422,3.4601259896198413,0.22381694425521823,gamma_low,0.11058411618673952,1.1633502870875603,0.2060673645542314
668,0.14054508786648512,0.9565910702385009,0.32924173921346667,9.212697038616412,3.9359909928165164,0.25459809245993464,a1_high,0.14554508786648512,0.9622722846551647,0.37946524320275443
690,0.08075578063726425,0.5776554409787059,0.9081409572437406,2.3153850239191844,1.2919607778002105,0.08356999550083084,m_high,0.07655316261859539,0.6076554409787059,0.8145863020700744
725,0.05616527367383242,1.7749650759063662,0.9329516728501767,1.0398714860762601,0.6785566564792385,0.043892181328896336,m_high,0.05880215513810019,1.8049650759063662,1.0
755,0.13477776926010848,1.154320927383378,0.5812781063467264,5.3995466199223605,2.9509341766230905,0.19088006393161228,a1_high,0.1397777692601085,1.1620326870201814,0.6461602761281612
781,0.07742151487618686,1.1588131852727384,0.28458042048849164,4.080923246395227,2.8468296362197822,0.18414610101059087,gamma_low,0.07498503871294715,1.1449474158981123,0.23715035040707638
808,0.19679651875048876,0.25635732810012996,0.8478036420233548,1.0209558207722582,0.4087122221379887,0.02643739589630809,a1_low,0.19179651875048875,0.2683065883928579,0.8198526538894164
814,0.023282514698803426,0.5013730143941939,0.022667881064116956,2.7528869330146772,0.28260860798822873,0.01828043118947113,gamma_high,0.023562873486362233,0.500700540902422,0.02720145727694035
843,0.10150552187114954,1.510888549098745,0.38887587109580635,4.3951578688132145,3.154803127594594,0.2040672501126484,m_high,0.10602943834294808,1.540888549098745,0.45364109733407626
883,0.13684679213911297,1.4499873874802143,0.31187088023871185,4.897148593017898,3.887286553251346,0.2514476641611266,gamma_low,0.1322572696439466,1.4268402396992064,0.25989240019892657
939,0.10839025918394328,1.301501384275034,0.3321912996750325,5.614430431839987,3.642485804302776,0.23561282007006584,gamma_low,0.10457973705976284,1.282164967164745,0.2768260830625271
941,0.08483333084732295,1.0566090520471334,0.538627808028832,5.618230450441996,3.4824188639690212,0.2252589504221807,a1_high,0.08983333084732295,1.0630459533506809,0.6380001240404592
954,0.07025132942944766,0.8039603385329247,0.6110399245657027,3.857515624026878,2.7377356522148797,0.1770893978125413,a1_high,0.07525545063909275,0.7863751248234773,0.724303236860918
956,0.14980634171515703,0.5591263751406222,0.25958270478993656,4.637831927249569,1.6929853214598938,0.10951011681505939,a1_high,0.15480634171515703,0.5521169249943819,0.2810999348912245
985,0.028030114807188512,1.4443900266848504,0.14232426466420295,1.0213559406286512,0.6396265245953239,0.041374000434949265,gamma_low,0.027558878322947046,1.4312510488610801,0.11860355388683583
992,0.15168131403625013,0.82442812114954,0.5489304326940327,5.53729237383902,2.4362443559122813,0.15758754705322664,a1_high,0.15668131403625013,0.8190655272589729,0.5992335604009487
995,0.13886140733957292,1.1645235603954642,0.4195690874848515,6.353659694736824,3.6330061496220605,0.23499963218338268,a1_high,0.14386140733957292,1.1763665370531489,0.4766924208828272
998,0.02816639803349972,0.5716994975227863,0.3222511427011341,1.6935747551878768,1.329651462089111,0.08600800319469425,gamma_low,0.02623641082023976,0.5869919567800409,0.2685426189176118
1014,0.04402336943894625,0.2600921051390469,0.12640468436293303,0.040531697322018605,0.040531697322010216,0.002621777550096212,a1_high,0.04904951285832015,0.25875,0.11406249238513211
1037,0.07723540328443051,1.725922599453479,0.4564501086901873,2.325003399920476,1.6015277274030453,0.10359421684721253,m_high,0.08027396045396872,1.755922599453479,0.5093058507017159
1049,0.02829992696642876,1.5063111899141222,0.5132036777585745,1.3087203453104184,1.2010096514874635,0.07768685620793883,gamma_low,0.026821619453115186,1.4729048944534122,0.4276697314654787
1055,0.15161799862980843,1.7588573863729835,0.3580081155709922,3.9302961728955816,2.541035084074641,0.16436589577056782,a1_high,0.15661799862980844,1.7859336362963676,0.3996520390766846
1060,0.12445825077593327,0.7917343100067228,0.5852176125720143,4.1989457782793265,2.389788074408353,0.15458254001045943,a1_high,0.12945825077593326,0.7825771360512565,0.6468427297575066
1082,0.07103610560297967,0.8535016726329923,0.7770502313692123,3.213744640131561,2.6804428560312545,0.17338343490595218,gamma_high,0.07685941178593798,0.8281443084054296,0.9324602776430546
1112,0.18741653766483068,0.2144908620417118,0.9752480283752084,1.3005119074313538,0.17099499443429483,0.011060746704609666,a1_low,0.18241653766483068,0.2280629564695843,0.9290077326233541
1128,0.19920689500868322,0.27914385505951944,0.07882950537838042,0.16400075642330691,0.019351278735963987,0.0012517301644817554,gamma_high,0.16396996570109282,0.2812864163979726,0.09459540645405648
1130,0.05187471490353346,0.9328073839843273,0.4659134605154395,3.925417869894668,2.525909012127048,0.16338747151317054,gamma_low,0.04927101800054099,0.9295427587638037,0.3882612170961996
1131,0.110464196652174,1.742485797200352,0.9515526269096881,2.0412635881197554,1.4020298906593582,0.09068977454093566,a1_low,0.10546419665217399,1.7131246147178312,0.8806405586415293
1163,0.10484902635216714,1.4553595721535384,0.7595145438611507,3.139527121201409,2.1993894810917776,0.14226667883244204,a1_high,0.10984902635216715,1.47596443126475,0.8450034125195107
1191,0.18600277565419676,1.7280872929934412,0.13101195217110218,3.281476169335697,2.2940460269591263,0.1483895017912996,gamma_low,0.18300794010091276,1.7127187948252016,0.10917662680925183
1218,0.0892242554575205,0.28326329113915566,0.4970990151446313,0.4917847123968773,0.346475745077576,0.02241165285728021,m_low,0.10129031506420877,0.2532632911391557,0.5134091645220961
1228,0.1341869940981269,0.5335967631079257,0.3878409266658127,3.4362301770523813,1.3058483315318923,0.08446830667468111,a1_high,0.13918750175481337,0.5223291407864457,0.4139772715612605
1233,0.023419090174138547,1.4328419154696166,0.8217450937163084,1.0745628453381901,0.9802834177549089,0.06340926305116157,gamma_high,0.02545453392533866,1.463122726375717,0.9860941124595701
1236,0.10647731069475413,0.8480190201103688,0.9098633546102792,3.7058802099121158,2.093389927446527,0.1354101376947872,a1_low,0.10147731069475413,0.8625485108747704,0.814507122872689
1256,0.19707013368606568,0.8129405323415995,0.4761830846220255,8.651412218219187,2.5070070845231136,0.1621648074571398,a1_low,0.19207013368606568,0.8153104791263247,0.44007947892674865
1261,0.08245995752513409,1.4679204328916966,0.26466981576755644,3.3180108055577975,2.4163194674159247,0.1562987131577966,gamma_low,0.08006853795598563,1.446784174763966,0.22055817980629705
1262,0.020375244319438934,0.5681677437294275,0.6420150683633983,0.8504604471545991,0.6353319372239505,0.04109620667102812,m_low,0.021801095076990976,0.5381677437294274,0.729531699757646
1299,0.12975763380527497,1.4670868968591093,0.5877139574941248,3.9280632190245974,2.623902902468468,0.1697261693402711,a1_high,0.13475763380527497,1.4876306815321434,0.6511487640063854
1320,0.19632165543735028,0.5005728994961828,0.3507986377272755,4.493250782729942,0.9554392144157824,0.06180222513101071,a1_low,0.19132165543735027,0.5077057263534739,0.3365033599786364
1369,0.026220349967479708,1.7355137904640288,0.7987155637145043,0.49936166928586007,0.49936166928585857,0.032301021186232945,m_high,0.027572801708738312,1.7678333333333331,0.8767123872968686
1417,0.04670215714722872,1.0213027860783042,0.07596875101327896,2.8569962663230384,0.8585040075582915,0.055532007845664186,gamma_low,0.046233341630774215,1.0167916145856104,0.06330729251106582
1466,0.0697481419891119,0.5583260341361165,0.11803046622313558,5.9563658429052655,1.7697715741706257,0.11447700660291163,gamma_low,0.0674399525641844,0.5613176714810115,0.09835872185261298
1520,0.1741151224821806,0.2588056759443134,0.27876160750165585,0.5121139810034767,0.06832530300851831,0.004419596448382097,a1_low,0.16467809074852263,0.2636592241290235,0.2869850804353506
1562,0.06831187922507524,0.8204407627694309,0.6366648703161627,3.9577456647722076,2.8459289452042396,0.18408784015204943,gamma_high,0.07358109515648822,0.8009013172126426,0.7639978443793952
1582,0.022540205158293247,0.2917300137784332,0.959703744603321,0.35715519626959397,0.3061327045638464,0.019802078501654077,m_high,0.021412072429732344,0.32173001377843324,0.8831973955578863
1585,0.017554399371147156,1.0382067893259228,0.1412280278187245,1.2377815762393496,0.588215709186385,0.038048511235707135,gamma_low,0.017239952936985072,1.0306709292688871,0.11769002318227044
1634,0.0979846740141511,0.7732874709460884,0.4466009365208447,5.272404239937938,3.057852161005511,0.19779601341500946,a1_high,0.10298467401415111,0.7652621728733016,0.5148181261182574
1659,0.11396828740835191,1.773039473304525,0.5030527420714498,2.6661281523764306,2.1084758376857,0.13638596410722695,m_low,0.10978485777137144,1.743039473304525,0.45611780553371767
1685,0.05255814362317324,1.7940464494843036,0.3255245405063033,1.512394707343367,1.4907770807951375,0.0964303530536878,gamma_low,0.05039251506682354,1.7574020016117076,0.27127045042191944
1700,0.12293812688440085,0.9212318323366344,0.2550582684576511,8.274037668624143,3.9475902052216494,0.2553483831383875,gamma_low,0.11903037392863669,0.914718539587865,0.2125485570480426
1702,0.02638567052781582,0.26701929460279644,0.3637050831783563,0.12121821129728143,0.12121821129728143,0.007840954266414358,a1_high,0.0382384724537209,0.22558333333333333,0.31622776601683805
1710,0.0235171077772975,0.7711736180074513,0.6164879561029375,1.46887672031872,1.1646219379891194,0.07533313068809773,gamma_high,0.025374155798221793,0.7481035895158366,0.739785547323525
1747,0.12632579300552607,1.4353436893131584,0.4718784820567817,4.805446195272639,3.1393097829639696,0.20306506896030826,a1_high,0.13132579300552608,1.4576053362458385,0.5346390565857325
1772,0.1299776952713728,0.5665398751944304,0.0328188849799335,12.458922334973977,0.8820788818074198,0.05705693969250154,gamma_low,0.128812057188325,0.5666125240190708,0.02734907081661125
1783,0.19243157468736172,1.1550574785564094,0.43670879502780735,6.448422377052604,3.1484478373685443,0.20365616056200292,a1_high,0.19743157468736172,1.163163049586818,0.4783199936949323
1832,0.19656798634678127,0.844897484658286,0.6074873100593686,6.261258950031017,2.2172258408733576,0.14342041703588493,a1_low,0.19156798634678127,0.8486095755209224,0.5664423514046719
1833,0.04109425358474255,1.526267667906359,0.11870602984912693,1.3333661742545533,0.7305426411976258,0.04725487513792907,gamma_low,0.04050962997281744,1.514152136139998,0.09892169154093909
1843,0.1340195769444108,1.5001609653793275,0.942741892663762,3.1660089747764575,1.7934948249028286,0.11601153612657947,a1_low,0.1290195769444108,1.4839179272868863,0.8713728106230195
1878,0.04349339324980975,0.5196613175887614,0.5806503608915955,1.5593266839529116,0.8912816545205172,0.0576522175735671,m_low,0.04653151427795706,0.4896613175887614,0.6501399074550264
1880,0.18621997386217118,0.27370938916690646,0.5661395426467061,1.0392942799306308,0.1389165062301159,0.008985761797203095,a1_high,0.19121997386217118,0.26613229308423925,0.5738369467382072
1908,0.1050689909607172,0.5465529321320355,0.32453696061857046,3.850054421786151,1.675790105393192,0.10839785075093254,a1_high,0.1100689909607172,0.5341738905630196,0.3559725890904175
1928,0.19068662095814945,0.9898630671948194,0.3394784881547093,9.463929975867359,3.4581818738666557,0.22369118986116965,a1_high,0.19568662095814945,0.9949967442801452,0.3773039538032195
2073,0.028423753380775452,1.907509470358491,0.43638710781000556,0.6674734087996512,0.5197031165488042,0.03361680002832689,m_low,0.027443828113106437,1.877509470358491,0.4007654929266296
2106,0.07086687982082367,0.7010247322637588,0.17253958424553276,8.101587573741556,2.3337146472546917,0.15095545152954867,gamma_low,0.06879198092283939,0.7006069217966104,0.14378298687127733
2123,0.10034452341496945,1.4560819434840233,0.7286399995815009,3.0645693513882843,2.663189838585198,0.17226742998140823,a1_low,0.09534452341496945,1.4315683271875301,0.6391000815343325
2125,0.0799670558422804,1.2110073916614055,0.389814872154966,4.165581925311902,3.2029282075152388,0.2071802027514222,gamma_low,0.07673244582371556,1.1937008339793218,0.32484572679580503
2134,0.042417811974883084,0.6189322472456843,0.04684643479064107,5.826388421324205,0.6722146851536549,0.04348195330630278,gamma_low,0.041975771814858696,0.6185811444163043,0.03903869565886757
2135,0.19475653115659952,1.7997159512247891,0.563419793015346,3.367028567776487,1.6922190142631741,0.1094605485231402,a1_high,0.19975653115659953,1.8191920208881334,0.5959751481208027
2163,0.13648762814700605,1.5194297997746617,0.5906131587270648,3.848250126747174,2.477929476571346,0.1602839333567343,a1_high,0.14148762814700605,1.5404786445190028,0.6499039369957562
2165,0.056735926494002345,1.771974128074944,0.31069017442874614,1.7121402335978517,1.446042371318665,0.09353670524802825,m_low,0.054850998856144625,1.741974128074944,0.27245247387532356
2214,0.02602368611842394,0.5156197548098862,0.46451847604475915,1.0288628305464027,0.7456552614915556,0.048232429280183994,m_low,0.028180652526439507,0.4856197548098862,0.5264239548237535
2216,0.19431177228689195,0.27014465162530543,0.41908363757655026,1.1304249387058294,0.10381165524436958,0.00671501775501064,a1_low,0.18844882422959292,0.275697769650485,0.419457796066525
2219,0.10869408957660198,1.7296150908712298,0.549415821749717,2.663716425017317,1.9612635151189446,0.12686359056000687,m_high,0.11320663704406203,1.7596150908712298,0.607056956529634
2240,0.16169402953237297,0.5340349797345698,0.9594368800614029,3.0688783816627976,0.98622087563964,0.06379332527444222,a1_low,0.15669371197792395,0.5532305309344283,0.9008437541938232
2265,0.026945025846362117,1.530355738196522,0.9772167958598584,1.154295180487661,1.0074674110560884,0.06516764940228768,gamma_low,0.02471404248806899,1.4924251076536275,0.8143473298832153
2269,0.0943739539012313,1.4343392297439277,0.2799988758191466,4.033781020757552,2.8337600109021537,0.1833006972276282,gamma_low,0.09144305691629563,1.4126233646637818,0.2333323965159555
2271,0.15338791571557522,1.7751271071564405,0.14138915264047683,2.7745799595119425,2.06278367067424,0.13343038352213168,gamma_low,0.15066209179258822,1.7579502174001287,0.11782429386706404
2287,0.16664616893976927,1.7183234715275466,0.7899117869511246,2.7790064592189596,1.5296969302359236,0.09894786883168032,a1_high,0.17164616893976928,1.7383931472655885,0.8320487105535721
2355,0.13360280431807042,1.7486324299778788,0.8755113700125366,2.2384453953873176,1.4753629224244103,0.09543329403469492,a1_low,0.12855310357986513,1.7233513287761757,0.8179765537333705
2395,0.12289129663258791,1.4847464905586094,0.27111574171110986,4.5893836430150925,3.285806935452724,0.2125411820008413,gamma_low,0.11922620230468275,1.4627085200785728,0.22592978475925823
2479,0.16325738783925772,1.5513236646726727,0.5059802545234561,4.458697746926288,2.578830542634593,0.16681068074862657,a1_high,0.16825738783925773,1.5710021434886488,0.55312020281091
2511,0.16986016500741244,1.7872731069568544,0.8594577904045582,2.4573863182610984,1.3058563069734412,0.08446882256310888,a1_low,0.16486016500741243,1.766910406062988,0.8171074058007113
2515,0.1252531308680773,1.444961985303089,0.9280889540538192,3.2119580752329124,1.9589798543469208,0.12671587282451308,a1_low,0.12025313086807729,1.4292243221179275,0.8508502503681636
2517,0.055058434978127485,1.1924760110117496,0.22085025193169713,2.8351927423686725,1.8809047744558374,0.12166561573672877,gamma_low,0.05367801671266387,1.1795587835662118,0.1840418766097476
2588,0.13829237315803766,0.9788096584565937,0.5889816825464368,5.628567178721525,2.7638148769652013,0.17877632262674534,a1_high,0.14329237315803767,0.978552205241533,0.6505950423311336
2633,0.04705653786659241,1.4583777713775634,0.13127321089617908,1.4609546590351359,0.9438837360150021,0.061054763370130154,gamma_low,0.04632309677725729,1.4459428894619286,0.10939434241348257
2675,0.13624744210392237,1.1784810661245138,0.3368258820101619,6.623761332281693,4.0876488910210815,0.2644080263901278,a1_high,0.14124744210392237,1.1932159827638837,0.3921042219311951
2708,0.10946142785251141,0.9549340209923685,0.23945735579356553,6.92260637464543,3.5646919508047956,0.23058075400542258,gamma_low,0.10622975806710382,0.9474007771894376,0.1995477964946379
2719,0.15027080047875643,1.5429722619056703,0.12704164714552463,3.868168289277311,2.1643668495567545,0.14000125312440115,gamma_low,0.1480143333641905,1.530100390859916,0.1058680392879372
2730,0.05386825613677502,0.2675831226538867,0.8114753266982734,0.5516471440316701,0.21446069017947808,0.013872308835814834,m_low,0.05747212524217232,0.2373260497988469,0.8898409085020387
2748,0.14886762965470554,0.8323938362766057,0.35813505966216325,9.133972340242538,3.280153802002641,0.21217551119635028,a1_high,0.15386762965470555,0.8319971655591369,0.402602989099116
2766,0.018607430346310138,0.938235292788595,0.1777717669401318,1.7464111003990712,0.7740843112927628,0.05007135164129856,gamma_low,0.018177772126699396,0.9316579124219784,0.14814313911677654
2777,0.02708915863186121,1.1908915678970515,0.22939596565440298,1.3365489193869993,1.0491385750781244,0.06786313292599451,gamma_low,0.026375323698390542,1.1773752503113686,0.1911633047120025
2784,0.15266902409493924,0.5671034660190344,0.5738854344654828,3.3473259889502245,1.252298921590103,0.08100448329489775,a1_high,0.15766903772791913,0.5538478262703694,0.6100308738556297
2787,0.1382396697998047,1.4707427293714135,0.45624744550324975,4.379326082626928,3.0601584994477657,0.19794519804704666,a1_high,0.1432396697998047,1.4925286443303123,0.5125331610417844
2815,0.15765177365392447,1.812023457782343,0.27942549941129985,3.7755766842836898,2.612944196238702,0.16901730956213157,a1_high,0.16265177365392447,1.8396245370050115,0.3169389039008904
2848,0.15322202295064927,0.2586211285647005,0.6963708479329944,0.869128893920176,0.1685739547663064,0.010904142667058601,a1_high,0.15822883175630817,0.24688651153472307,0.7175035776193303
2903,0.19448844157159328,1.7327527577243744,0.9740993531700224,2.567843330466597,1.1706347510514126,0.0757220672326101,a1_low,0.18948844157159328,1.7167053376310886,0.9331920899887862
2957,0.07655961569398642,1.1812918923329563,0.5058899225015193,4.4457851669720645,3.2813567653634306,0.21225332442750736,gamma_low,0.07280559031150999,1.1656232834580744,0.4215749354179328
2995,0.1320825671777129,1.611330812331289,0.4593108289409429,4.166885222553108,2.7202941684284303,0.1759612020138707,a1_high,0.13708256717771292,1.6379303468172037,0.5144220493132383
2996,0.10017405301332474,0.5613907241914421,0.1697846313752234,5.950499512076732,2.5077412990853984,0.16221229984910795,a1_high,0.10517405301332475,0.5540260295468118,0.19912913491457385
2999,0.19033810310065746,1.4611432947404683,0.7985109532438218,4.2403783184812776,1.9230013760706297,0.12438861853062046,a1_high,0.19563071528527126,1.472895479837722,0.849701765923058
3021,0.07900504302233458,1.78987264405936,0.4938958357274532,2.071885259730253,1.4293607682991543,0.09245766205009091,m_high,0.08211210340254577,1.81987264405936,0.5453561459943458
3026,0.08711433298885823,0.5428593769017607,0.6649380039423705,2.5095550843727055,1.303608092205236,0.08432339763899954,a1_high,0.09211433298885824,0.5155284310774764,0.7359482818083526
3028,0.1075527373701334,0.7876912052556873,0.45366798697039484,4.901183365489287,3.0051205333237756,0.19438508797219728,a1_high,0.11255273737013341,0.7810072821785297,0.5171608487582042
3054,0.021838603727519515,0.569951397785917,0.23198282976634801,2.1032836285727297,1.0347861835221905,0.06693475389284942,gamma_low,0.020624100667551833,0.5790733535290155,0.19331902480529
3108,0.12454799599945546,0.2908544200845063,0.2372616541478783,0.2782921802428327,0.2328546852015616,0.015062117464413572,a1_low,0.11437298305796624,0.2976375327953613,0.24935659501357624
3110,0.028081331960856916,0.8808781521674246,0.37708919677883385,2.524311707094893,1.5058642409549805,0.09740626031677453,gamma_low,0.026829740128161545,0.8779217838694948,0.3142409973156949
3114,0.055165181122720244,0.5414308119751513,0.1589616559818387,3.2859243996051446,1.9790799864967508,0.12801604228955482,gamma_high,0.058636630046022827,0.5318560970505313,0.19075398717820644
3181,0.08391742631793023,1.4940446883253753,0.5316003034822643,3.668752826210546,2.6095396363798065,0.1687970868920791,m_high,0.08825508293820922,1.5240446883253753,0.6131898764244555
3200,0.1580737387761474,0.5533426673803479,0.29901672193780543,3.5428731102993716,1.4980118691199749,0.09689833260704978,a1_high,0.1630737387761474,0.5457872313037776,0.319962757457909
3218,0.08328794110566379,0.9555304732453078,0.382022655820474,5.7352478882241185,3.50897919951177,0.2269769957064868,gamma_low,0.07971018764802262,0.9490531363496307,0.31835221318372836
3223,0.19934160094708206,1.2956875784043222,0.3557189590577036,6.794918826486061,3.6115842944794636,0.23361396756519318,a1_low,0.19434160094708205,1.2822133725329674,0.3174320351125332
3247,0.1640041572973132,1.7303516272176056,0.4685342582594603,3.1856419982978132,2.227623249105211,0.14409296946478742,a1_high,0.16900415729731322,1.7536748103823216,0.509298407395439
3248,0.1713291335850954,0.9832675481587648,0.6400110395532101,5.621932972275648,2.3950093847055425,0.15492027849721712,a1_high,0.17632913358509542,0.9823349548095821,0.6915199298160382
3254,0.047968662157654766,0.7383728251326829,0.47809652232564986,3.490751292600581,2.288327162247009,0.14801957918492195,gamma_high,0.0514418915634348,0.7217850018010511,0.5737158267907798
3273,0.04869526121765375,1.7448576265294105,0.9636386352498084,1.1172497486509188,1.117249748650915,0.07226887849261004,m_low,0.045343688670557304,1.7014999999999998,0.8483428982440723
3274,0.06078037526458502,0.28540236977860334,0.08801296927966176,0.0449761423876474,0.0449761423876474,0.0029092648024347852,a1_low,0.041014950424275574,0.29191666666666666,0.12589254117941678
3275,0.1021916076540947,1.09064131911844,0.5772699768096209,5.400358115673736,3.184773971712336,0.2060059028574635,a1_high,0.1071916076540947,1.0969815447718598,0.6621394674719432
3289,0.02656390406191349,1.4345748475380242,0.7225193345639854,1.1425020729245485,1.1425020729245485,0.07390231556143986,m_low,0.02487786020181297,1.4029999999999998,0.6105402296585328
3299,0.13778846990317106,1.2168502151500433,0.9531166710145772,4.50384288157898,2.0290567894130818,0.13124877293171489,a1_low,0.13278846990317106,1.212799631198167,0.8760942287003585
3307,0.11211735121905804,1.7180885505862533,0.21210042470134796,2.9636822575822395,2.583766696917704,0.1671299740261929,gamma_high,0.11564829661985246,1.7455337181455424,0.25452050964161754
3355,0.1202620642259717,1.465430381372571,0.9873680726904422,3.2742792519299604,1.8341302355037277,0.11864002233099324,a1_low,0.11518337190475197,1.4493645261745352,0.9030586628801847
3374,0.02286464683711529,0.7498443010728806,0.18680564681068063,2.813924805153306,1.041635072853376,0.0673777717153931,gamma_low,0.02220332561120354,0.7481273694219839,0.15567137234223385
3411,0.12728333398699762,1.0796427541784943,0.7757488022651523,4.776247637710719,2.3190025494150954,0.15000380503114938,a1_high,0.13228333398699763,1.0794707490544946,0.8526152017424081
3506,0.08026905488222838,0.5600660978257657,0.4517026973050088,3.1465316765169757,1.6987311044520632,0.10988178062022684,a1_high,0.08526905488222838,0.5389990289596374,0.5059927743427385
3560,0.19800884872674943,0.5708213536441327,0.38899053402245043,4.370840247854382,1.4094457064735786,0.09116946378915308,a1_low,0.19300884872674942,0.577828218604853,0.3677794568223141
3605,0.05127017255872488,1.7582299204636365,0.5926964619010687,1.3128911284485352,0.928511749742041,0.06006043223737122,m_high,0.05340316926527325,1.7882299204636365,0.6490590926166204
3622,0.027442873269319535,0.2933941798191518,0.6144414576981216,0.20297337343289007,0.20297337343289007,0.01312925608582072,m_high,0.025021277039405758,0.32508333333333334,0.571666650191362
3659,0.10067141223698856,1.2123844450805337,0.23164212610572577,5.011705610630278,3.0191972399257585,0.1952956344281023,gamma_low,0.09803496068020588,1.1985308462681923,0.1930351050881048
3695,0.16807126738131048,1.4926673346664756,0.13532744182273745,4.375668057716586,2.530496489433039,0.1636842107520154,gamma_low,0.1654011860024543,1.479657022940058,0.11277286818561455
3735,0.19998029097914696,1.8841773910541086,0.612400845400989,3.1415500937620418,1.469350040301706,0.09504435302303588,a1_low,0.19498029097914696,1.8644692715838371,0.582720920028866
3736,0.18206874541938306,0.4534616245608777,0.014250721260905267,12.238389885275758,0.4236149316265476,0.027401372037309534,gamma_low,0.17950557924399585,0.45422840934797093,0.01187560105075439
3757,0.08566734660416842,1.7287313499301673,0.8147755586635321,1.6218584639425824,1.2325699924180722,0.07972832495443319,m_high,0.08962231367908016,1.7587313499301673,0.8809603842952142
3801,0.02720258254557848,1.7765043792687356,0.48419939164072273,0.7439313436101298,0.7439313436101282,0.0481209183023972,m_high,0.028669912058562314,1.817583333333333,0.553168119761723
3805,0.09404472783207894,1.188211494255811,0.7731298568379134,4.229724207519516,2.5378695391176262,0.16416113368927163,a1_high,0.09912958143043199,1.1945831667685751,0.8790619708019561
3866,0.06737085450440645,0.5633210713230073,0.7236166068259626,2.0366460417513093,1.1686540789277433,0.07559394820352823,m_low,0.07132620280729329,0.5333210713230073,0.8067730049550873
3875,0.14373190738260747,1.1871091657876969,0.07931433385238051,4.581209870616473,1.7634510442441063,0.11406816550912746,gamma_low,0.14230246091521953,1.1810787963609448,0.0660952782103171
3882,0.05558070838451386,1.0049891265016049,0.3225603837147355,3.9850168627583566,2.471297494351027,0.15985494608882564,gamma_low,0.05353957910546889,0.995823913068114,0.2688003197622796
3894,0.048527843318879604,0.2880499452445656,0.40489286445081235,0.2275527870030697,0.22755278700305845,0.014719166179662346,a1_high,0.05771547180686858,0.25875,0.39810717055349737
3911,0.17878674212843182,1.5114558169338852,0.9605777006689459,3.425485633634305,1.5790839654712463,0.10214245057389289,a1_low,0.17378674212843181,1.4992831772989454,0.9070800940074585
3978,0.056774844974279405,0.8385165425390005,0.6263387427106499,3.2352289800946714,2.5175357242688556,0.16284584854700915,gamma_high,0.061068652691874385,0.8213602168006691,0.7516064912527799
3982,0.0141444044187665,0.24500467482954263,0.13633010025136175,0.014836570569149818,0.014836570569149818,0.0009596979699513351,a1_low,0.008961197254346975,0.25875,0.19952623149688806
4008,0.194912919215858,0.8651954872440547,0.372461111843586,9.159858823708511,2.9390490671480545,0.19011128010905165,a1_high,0.199912919215858,0.8657225212550697,0.4077351666316086
4051,0.1257753932848573,1.193139820760116,0.4349584838282317,5.7029029917896406,3.65455796173581,0.23639370301922297,a1_high,0.1307753932848573,1.2069532242550682,0.49874559492179343
4053,0.05533879790455103,1.4458077514730394,0.7138448050711304,2.564432140775211,1.9374578427787275,0.12532372962571942,m_high,0.05881009701295742,1.4758077514730394,0.8176416224787919
4056,0.18494561649858954,0.2939771453756839,0.2921395814418793,0.6811332558879045,0.059076768264499,0.003821358467610753,a1_high,0.18994563318077815,0.2909875375672347,0.28918682705502974
4070,0.028384828940033913,0.9750539443269371,0.7404227765649557,1.8500689272231179,1.347538636701416,0.0871650283362919,gamma_high,0.030584896602449868,0.9640258843775555,0.8885073318779468
4074,0.050952364131808286,0.5731172223109752,0.7700368169695139,1.5024965810642856,0.9042786709346088,0.05849292467699731,m_low,0.05380876563505533,0.5431172223109751,0.8566272974480207
4104,0.19301318638026715,0.2328059273492545,0.9458711582794785,1.2173495756807342,0.19375801294499445,0.012533163969291264,a1_low,0.18801309523366222,0.24612416761410272,0.9045219705904288
4121,0.02839406467974186,1.7254466045089065,0.23518899925984443,0.8470105779058497,0.7333604878468304,0.04743714648535885,gamma_low,0.027574863349505045,1.6993800326788975,0.19599083271653703
4147,0.13306535184383392,1.1974998489767312,0.254653832744807,5.889551575659615,3.8607114321750786,0.24972866248016296,gamma_low,0.12927445153650596,1.1832646279379218,0.21221152728733916
4171,0.10022329315543176,1.1503695088159294,0.9291593359131366,4.097386378008058,2.401717911344093,0.1553542170119416,a1_low,0.09511536102283744,1.1480279217975258,0.820949139659257
4243,0.1295823834836483,1.1111993682663888,0.9417680968157947,4.400497901001004,2.114825232257217,0.13679667229968323,a1_low,0.1245823834836483,1.111675441522565,0.859331339843309
4266,0.053209025971591474,0.7400479925516993,0.35651596606709063,4.2801448533234705,2.4619910979007105,0.15925296534541167,gamma_low,0.0505776714671754,0.7441769305633682,0.2970966383892422
4272,0.1711235485970974,0.26914041260257365,0.7088595835026353,0.9561681133286777,0.185271572538544,0.011984221773234282,a1_high,0.17614139576265594,0.2579614542507654,0.7298106651154268
4275,0.13169315196573736,1.7286261529568583,0.3426334612350911,3.6412070813083623,2.689591448878315,0.17397520818282328,m_high,0.13651514826941288,1.7586261529568583,0.38925860072505614
4309,0.05559579133987427,1.7470091150794178,0.8377188079524786,1.1311768601108338,0.7887265758638424,0.051018481001069524,m_high,0.05814901076976847,1.7770091150794178,0.9027566556026801
4313,0.02677182033658028,1.837772993594408,0.6843591046798975,0.5851272923230796,0.5851272923230796,0.037848738156054836,m_low,0.02554277397727447,1.801,0.6309573444801934
4363,0.10468626767396927,1.1232762980926783,0.6452164738345891,5.280184330611335,3.049359119830829,0.19724664425074967,a1_high,0.10993816522944044,1.1288984387275098,0.7373730357228282
4375,0.19748132135719063,1.6505729492660612,0.5767514783982187,4.328073934142599,2.1854272665022987,0.1413635382491721,a1_low,0.19248132135719062,1.632742535791761,0.5382299834996881
4430,0.016074400022625925,0.27171162523329256,0.38147329406812786,0.10196446007535558,0.10196446007535498,0.006595532632384434,m_high,0.01301519165714738,0.3085,0.3852248420036754
4441,0.026509396359324457,1.51156314894557,0.45798189998604355,1.2734203610679122,1.1710702999065812,0.07575024054598951,gamma_high,0.02801185035207024,1.54575387830298,0.5495782799832523
4525,0.08465483412146568,1.4625028527062387,0.6909091015066952,3.5137661359078645,2.6467330938145834,0.17120293165446965,m_high,0.08974325444229356,1.4925028527062387,0.7894906357288282
4526,0.024814698472619058,0.5588179232552648,0.3296236659120768,1.7365895768217388,1.1798111925710528,0.07631564189036073,gamma_low,0.023004831287806275,0.5760270420737457,0.27468638826006403
4595,0.13527686409652234,1.5069540773984045,0.13350596348755062,3.326709508633117,2.1412671257849474,0.13850705620693182,gamma_low,0.1331289250773896,1.4937632349279886,0.11125496957295888
4616,0.19365010652691128,0.5761605971958488,0.1980510896537453,10.02428332972755,1.8136195942382642,0.11731329923867735,a1_high,0.19865010652691129,0.5721884729693199,0.21513800773083017
4629,0.05147961471229792,1.4755278174113482,0.5086740412935614,2.5645393799394323,1.937434259112224,0.12532220412514894,m_low,0.04903443116708681,1.4455278174113482,0.4340163588948978
4633,0.02854577321559191,1.0735797048173845,0.9714088625833392,1.6871736248757079,1.2251831778782332,0.07925051164270795,gamma_low,0.0263958414777616,1.076671064519736,0.8095073854861161
4646,0.027650758996605875,0.9434968001861125,0.5439541343320161,1.768790214978095,1.4979418516627616,0.09689380355424507,gamma_high,0.029475972515829472,0.9405792897389866,0.6527449611984193
4658,0.07930210828781128,0.7938699284754693,0.48759235100820664,4.8896980438884885,3.143986096976829,0.20336755456802197,a1_high,0.08430210828781129,0.7831687285459121,0.5768248972581234
4666,0.07059837002307177,0.2912331429030746,0.7403762584272772,0.6082208110062908,0.30317556895357467,0.01961079730032649,m_low,0.07557783782624752,0.26123314290307464,0.8058304779578566
4689,0.024641940742731096,1.459370149075985,0.7607725168205798,1.2283667604055444,1.0548382945889034,0.06823181713224638,gamma_high,0.026693754267744167,1.492906356447231,0.9129270201846957
4692,0.10798683501780033,0.8083664090745151,0.9824371381103992,3.3656797236837583,1.8696738060826699,0.12093914478455817,a1_low,0.10298683501780033,0.8263182561572606,0.8842178202481029
4717,0.08437241185456515,1.4322757559269668,0.3275756323616952,3.4002516606971365,2.809979755152865,0.18176248035593615,gamma_low,0.081374531479777,1.4083935445558267,0.272979693634746
4725,0.056613901071250444,1.2411800171621143,0.8573323744535446,2.9182840479781027,2.313598089369602,0.14965421957201852,gamma_low,0.052665632548133993,1.2276558115404137,0.7144436453779539
4735,0.158744696341455,1.0880855558626354,0.47626297673210505,7.010001334406587,3.1938835155945338,0.20659515026677427,a1_high,0.163744696341455,1.0945489607299195,0.5275198233331938
4763,0.12094839178025724,1.200762384068221,0.961143022403121,4.215702893120139,2.110295351629399,0.13650365868023678,a1_low,0.11594839178025723,1.1968961745292988,0.8730497846294748
4820,0.10701538026332856,0.28502174544148146,0.5754157228861004,0.6427116349914545,0.2052257171865102,0.013274948091793885,a1_high,0.11201538026332857,0.27123065601370033,0.5902799234993485
4825,0.027018318884074688,1.497575689665973,0.4305778984725475,1.2759540795388862,1.1127748120195362,0.07197941890484488,gamma_low,0.025795675245106522,1.4671557931506376,0.35881491539378957
4842,0.0500643014907837,0.9723546145670116,0.4049507915321738,4.099568210522793,2.4192959789132247,0.15649124768106676,gamma_low,0.047836196834045476,0.9654812874727215,0.33745899294347814
4859,0.11505040302872659,1.469805506831035,0.6833018522337079,3.5616293961158427,2.3652312290771427,0.1529940897346406,a1_high,0.12005040302872659,1.4908317883980922,0.7581811793065639
4870,0.03691944405436516,0.5655421265400946,0.5981500983331353,1.797744884804307,0.9550711608657072,0.0617784177259777,m_low,0.0394419761738159,0.5355421265400946,0.6764568445656829
4904,0.19685705807060006,0.940531248562038,0.14396818612702192,8.227617042591456,3.6074110401347745,0.23334402218232847,gamma_low,0.19310298706369872,0.9345542686545343,0.11997348843918493
4906,0.055762637779116636,0.28686058801598846,0.28282927855849266,0.11205353680458613,0.11205353680458527,0.007248140754362343,a1_high,0.06275039240499243,0.2753333333333333,0.26826957952797265
4922,0.07125337440520525,0.6004076145775616,0.04158866357058287,12.628786223871504,0.8345352263481263,0.05398159627565933,gamma_low,0.07055085332670334,0.6002248363454198,0.034657219642152404
4943,0.17128963060677052,1.7337513033114373,0.14998874766752124,3.2198286246540175,2.402710258726551,0.15541840662799827,gamma_low,0.16814495461057385,1.7163712858930356,0.12499062305626772
4949,0.0533764423802495,1.2616443099547177,0.7877771951630712,2.895314634036685,2.2226006295989977,0.14376808321688495,gamma_high,0.05764817008686614,1.2757951808874592,0.9453326341956854
4953,0.02597449515014887,1.1708768026158214,0.6962918723002076,1.4793533309740645,1.2693823551231784,0.08210951874800856,gamma_high,0.0278813783171034,1.1799648208887472,0.8355502467602491
5000,0.19098293911665679,0.7785448583867401,0.9268680984247476,4.212588070098539,1.3954608699171616,0.0902648599124862,a1_high,0.1960411167094305,0.7668613120216686,0.981642321143735
5013,0.0518031282350421,1.180287178857252,0.3706980898231268,3.20107497188553,2.2714893748241307,0.14693043325777563,gamma_low,0.049771195887960654,1.1641875039688732,0.30891507485260566
5023,0.15080739464610815,1.0234201047476381,0.9953987400047482,4.888593559629959,1.849371900614997,0.11962592368857372,a1_low,0.14580739464610815,1.0284728205637563,0.9221858666009319
5036,0.12776145860552787,0.5604467406962067,0.9543036464881152,2.8407645554830263,1.1786939025605638,0.07624337040754632,a1_low,0.12276145860552787,0.5839900768647214,0.8801033953175554
5065,0.04973370134830475,1.4475341894663871,0.5922643815819174,2.324361132152833,1.818990424412712,0.11766070936228695,m_high,0.05258807878177799,1.4775341894663871,0.6844245288099114
5071,0.16993335634469986,1.1948076934646814,0.30950733232311906,7.280033840433571,3.9161658579787506,0.253315711092277,a1_high,0.17493335634469986,1.2077891257131408,0.3530745043837316
5077,0.05513162668794394,1.7888604579493403,0.6301921913493425,1.3365744059978937,0.8852993215861172,0.057265252624628386,m_high,0.05741642724844409,1.8188604579493404,0.6842994652304267
5094,0.028179249912500384,0.2609265567176044,0.6703053781017662,0.17487719293781318,0.17487719293781318,0.011311865250193353,m_low,0.03269128477267422,0.209,0.7686246100397738
5110,0.043962926231324674,0.5709588393662125,0.8921005061268806,1.3887265193960123,0.7130329455617681,0.04612226708151343,m_low,0.046248210194211783,0.5409588393662125,0.9883431654134234
5111,0.19318661093711853,1.753193361228332,0.3909959144983441,4.129566872148771,2.309875115101341,0.14941340038602277,a1_high,0.19818661093711853,1.7741196558993213,0.4242830089774158
5131,0.10384320244193078,1.162381885237992,0.3292980426363647,5.863534214063856,3.7294839941999522,0.24124026516221997,gamma_low,0.10015572977188097,1.1476384566240525,0.27441503553030394
5145,0.028238005563616754,1.3195945353247225,0.47453963707201186,1.777383997891269,1.386659980631135,0.08969557770928431,gamma_high,0.029821547630176994,1.3434347762572192,0.5694475644864142
5201,0.024335638247430326,1.2137121220305562,0.26776237987913193,1.4804860815129028,1.0157772950530002,0.06570517111360216,gamma_low,0.02360636119644679,1.1984151267249805,0.2231353165659433
5226,0.0519351014867425,0.248651492735371,0.5664525030460209,0.3343595323286475,0.3343595323286464,0.02162792020663488,a1_high,0.06051565049205306,0.209,0.6105402296585328
5237,0.056920917332172395,1.4930533781461417,0.3643230267520994,2.619886602029199,2.0512866351084416,0.13268670211398348,gamma_low,0.05468193832894418,1.4654582942152543,0.30360252229341617
5243,0.11341778356581927,1.7411920603178441,0.2879503932408988,3.51312022702936,2.4686414350316985,0.15968313989379226,m_high,0.11744323136088788,1.7711920603178442,0.3333441490976404
5263,0.17234370913356545,1.2946956751588732,0.520868153385818,5.876511204240495,2.8887982850473484,0.18686082722671296,a1_high,0.17734370913356545,1.3064405659747382,0.5695848048812203
5275,0.12069312203675508,1.4520968109555543,0.46426576434634625,4.370500574960034,3.1658403968702724,0.20478119171177375,a1_high,0.1256931220367551,1.476130837717381,0.5293345351928009
5316,0.11563159227371217,0.8467886968329549,0.3661137210391462,7.876989095690571,3.6481888839520864,0.2359817216256109,a1_high,0.12063159227371217,0.8465337918931453,0.42445072077816504
5330,0.08631997387856245,0.28440334973856807,0.7885712517425418,0.862072950004143,0.3458757091168351,0.022372839757532056,a1_low,0.08131480361190561,0.3114599157782367,0.7323843690119308
5346,0.09952982775866986,0.2246547659765929,0.13772292629815638,0.05624470493749257,0.05624470493749257,0.003638167519740821,a1_low,0.09202755493851351,0.22558333333333333,0.14839817889675658
5373,0.09200496282428504,1.4706375286914408,0.9593567685130984,3.190841380684641,2.024222036891486,0.1309360387888368,a1_low,0.08697077669898817,1.4483383759666402,0.8519654516050124
5376,0.15763658937066793,0.5646655061002821,0.7658067819103599,2.5927699700715676,1.1240166765752149,0.07270659467247047,a1_high,0.16281103966057436,0.5476705730131984,0.8152084801371704
5410,0.0938009262084961,0.5370147779211402,0.016445708349347114,9.904939473345014,0.40680364083965154,0.026313940035065483,gamma_low,0.09330669121227603,0.5371194876680384,0.013704756957789267
5423,0.1644504560157657,1.750791509775445,0.9975637590233236,2.3968875170542887,1.1645592199253885,0.07532907379380659,a1_low,0.15945045601576568,1.731404341125211,0.9502069257192327
5434,0.07155962996184827,0.8444713610224426,0.5385941786598414,4.824402264360016,3.153734924367036,0.20399815378986919,gamma_low,0.06738405540666245,0.8495781938836917,0.4488284822165345
5447,0.17827399596571925,1.4864209166448563,0.39316824873909356,5.236517876018312,3.060428321454809,0.19796265138177793,a1_high,0.18327399596571925,1.504727146255033,0.4353072682299589
5450,0.06122821178287268,0.2729190116748214,0.620547237796709,0.4677562903808169,0.19946578328941814,0.012902368940680128,a1_high,0.06622821178287268,0.24748084957115657,0.656249727050861
5459,0.12721553407609462,1.2629236149415375,0.5764523048046977,5.2552849005336215,2.9700180741511693,0.19211449864353544,a1_high,0.13221553407609463,1.275992443273495,0.6446954039816281
5509,0.0739936424419284,1.7378951644524931,0.5800191957037896,1.8423217391608062,1.3595314302650958,0.08794077766350106,m_high,0.0770957071633912,1.7678951644524932,0.6380594012576688
5527,0.19880500081926586,1.7672635254450142,0.7289556743763387,3.211084048494703,1.5306112031854346,0.09900700823249654,a1_low,0.19380500081926585,1.7493059806513331,0.6929724843144106
5548,0.12745429780334236,0.805965308221057,0.4611651418730617,5.185460822144885,2.875442197952075,0.18599689377173517,a1_high,0.13245429780334236,0.8010642072909349,0.516063445324429
5589,0.054874975234270096,1.5373723379522561,0.13706950841471555,1.341031340127761,1.0452619092304158,0.06761237225816462,gamma_low,0.05399640440439239,1.5238023234935414,0.11422459034559629
5593,0.027588945627212525,1.8768785918597133,0.35302945686504245,0.7483522792766486,0.5858720735963563,0.03789691405173706,m_low,0.026671928067221726,1.8468785918597133,0.3176903952644618
5614,0.021390483155846598,0.5081812792550772,0.9288337384536862,0.6557301845576117,0.34750359624694765,0.022478139022399063,m_high,0.020377268176615195,0.5381812792550772,0.8451029183652486
5618,0.07683122772723437,0.22902732827700675,0.8582310385257006,0.6146371958263033,0.18984736978309025,0.012280205491711051,a1_high,0.08183122772723438,0.2003054724747571,0.9491377511023454
5645,0.07661708127707244,1.757222478883341,0.30322276723571123,2.4385333174712973,1.7068399467793682,0.1104062980269887,m_high,0.07932928249709785,1.787222478883341,0.3468869875082836
5672,0.19604131560772659,0.8552694232482463,0.8316340063326061,4.562890202121357,1.7514285023806628,0.11329049192437109,a1_low,0.19104131560772658,0.8621905137909588,0.7824818562097664
5683,0.13358836602419616,1.4435127816721798,0.7516436736751347,3.342835139600943,2.1417825204563656,0.13854039431681228,a1_high,0.13858836602419616,1.4594554553064463,0.8192303358640629
5698,0.0876813905313611,0.713844379298389,0.18046019960194826,9.164732730310687,3.021822779752396,0.1954654664812649,gamma_high,0.09084534794916091,0.7135771983620189,0.2165522395223379
5728,0.15150637216866017,0.7416108146961778,0.9335071198642254,3.5530022592029886,1.5669742117878556,0.10135913572546516,a1_low,0.14650637216866016,0.7563628914425338,0.8671234971511994
5751,0.1910652231425047,1.4917282143142074,0.9887606000062078,3.4256892035480675,1.5137462500688772,0.09791610510270325,a1_low,0.1860652231425047,1.481165643254406,0.937580281456423
5755,0.11405475772917271,1.0888217808492482,0.526263671880588,6.1911612732525345,3.3198570670424696,0.2147437019168118,a1_high,0.11905475772917272,1.0960152388053561,0.599979604515168
5773,0.07564103696495295,1.29315893124789,0.14370487224310638,2.7005203268936775,1.6971225156832492,0.10977772966257983,gamma_low,0.0743668310150485,1.2820824330684546,0.11975406020258865
5786,0.06694284845143557,0.550783684886992,0.20062946851365268,4.437188041508075,2.2227479613595147,0.14377761331623093,gamma_low,0.06327386554950251,0.5593896935690881,0.16719122376137724
5798,0.026447582989931107,0.5781205235049128,0.634400373864919,0.9420887677207109,0.8765777208891629,0.056701099173897825,m_low,0.02834985651822276,0.5481205235049128,0.7246865700274879
5839,0.16921096667647362,1.0313256199471652,0.7355834998562932,5.89505941636152,2.1901940382997487,0.1416718750845555,a1_high,0.17421096667647362,1.0303101563985662,0.7916773325991351
5887,0.15746983978897333,1.469069504244253,0.3346784401778132,5.481077602517286,3.4636109857014086,0.22404236991198842,a1_high,0.16246983978897334,1.4903348912214374,0.38119541643314203
5890,0.09183888081461192,0.5623762575350701,0.40433884378522633,3.012937737920984,1.740560695481495,0.11258751193513816,a1_high,0.09683888081461192,0.5456934139678719,0.44847111290422775
5934,0.023182080499827864,0.2890393576119095,0.7346525682229549,0.20809119999333475,0.20809119999333475,0.01346030076610786,m_low,0.02488600074068079,0.25875,0.7943282347242816
5977,0.025984189100563528,1.7629279408231378,0.9509913435764611,0.5684038344496124,0.49247931471223066,0.03185583867710715,m_high,0.027067427670874188,1.7929279408231378,1.0
6012,0.14510893989354373,0.8648613370582462,0.4314022366050631,7.8592984325693385,3.080922730711947,0.19928832451275905,a1_high,0.15010893989354374,0.8638120222261025,0.48089719448823415
6061,0.08512979354709388,1.2105146592762321,0.19789142437279225,4.280353867372305,2.438061458442215,0.1577050856448468,gamma_low,0.08318501271396982,1.197964299370628,0.16490952031066022
6067,0.13228819463402033,1.147911321632564,0.39069296435453,6.837209100714777,3.8428663083582406,0.24857435737840583,a1_high,0.13728819463402034,1.16038973301692,0.4494703695332084
6093,0.07921368498355151,1.4448548719845713,0.4257009226456285,3.4592486954812434,2.9278988940130755,0.18939003536638208,gamma_low,0.07571027610255801,1.4169410833638139,0.3547507688713571
6105,0.02773918267339468,1.287453498961404,0.6058418562170118,1.5643441434495577,1.3277114620748744,0.08588251502566688,gamma_low,0.026190905506326703,1.2663960903156024,0.5048682135141765
6182,0.02778563369065523,0.8562092645466328,0.9024828394223005,1.7138044836801183,1.1883655802325508,0.07686897922897636,gamma_low,0.025716006765622378,0.8773352348987297,0.7520690328519171
6192,0.17026279978454115,0.2913799953646958,0.4568615977745503,0.7224078595880128,0.14188140441277508,0.009177545117597025,a1_low,0.16525589846753408,0.2981618291061131,0.45416547935285223
6292,0.1100152937695384,0.5538492645416409,0.025306612811982633,9.466653873907223,0.6513248525310124,0.04213070236410327,gamma_low,0.10920442335947596,0.5539460054695308,0.021088844009985525
6359,0.19655279014259577,1.595191933074966,0.11967092369683087,3.946270920311409,2.395616328481814,0.1549595384264068,gamma_low,0.1937103227512787,1.5822603535517774,0.09972576974735907
6364,0.1436112094670534,0.9376953115593643,0.23160094732418657,8.174214533945182,4.10815352201304,0.2657343607101694,gamma_low,0.1394461042270788,0.9306837283658471,0.19300078943682217
6399,0.1570519555360079,1.7174908584542572,0.49357529456727206,3.0845600049650677,2.2106362214533335,0.14299416998973133,a1_high,0.1620519555360079,1.7413255859761538,0.5369626672369426
6400,0.157516279630363,0.9058001382090152,0.19245316336862744,9.57022214918311,3.908913733730918,0.2528466101712763,gamma_low,0.1535362147005651,0.8998289320716386,0.1603776361405229
6423,0.19756836947053671,1.1584552568383515,0.24577291514724495,7.320569545293071,4.277383522630376,0.2766809394555989,a1_low,0.1925683694705367,1.1463556349507056,0.21019443612071925
6440,0.1961373895406723,0.7832666254881769,0.31354852695949376,10.73946336111544,3.0505716582731424,0.19732507684244274,a1_low,0.1911373895406723,0.7833737141751214,0.2824966975784688
6443,0.1067099716514349,1.2477218488790094,0.6782220371160657,4.788798962046028,2.7194782058905864,0.17590842178494412,a1_high,0.11170997165143491,1.2594902708818316,0.7643456295496719
6446,0.02276976853609085,0.5385540812835098,0.5885704894270748,0.9364688753187078,0.6288002281614449,0.04067370553450311,m_low,0.02458109381621295,0.5042960319447364,0.6731744530762148
6475,0.10079746320843697,1.4858837765734643,0.9657158411759883,3.057100818348201,1.930447658421081,0.12487027849524003,a1_low,0.09576729008831227,1.4650205836400887,0.8683230699670723
6482,0.08559549767524005,0.4851603317540139,0.9718942534830421,2.164219677744912,0.934845077579921,0.060470101159223556,m_high,0.08170660851736962,0.5151603317540139,0.8872999594939631
6506,0.05257356632500887,0.5466884978022426,0.8426025882083923,1.4627173834694005,0.7791050642618671,0.05039611715295229,m_low,0.05535652883310335,0.5166884978022426,0.9322261135879008
6541,0.07593559809029103,1.3379393966495992,0.7238917104434222,3.7495637428151296,3.0326306745978204,0.19616457108190413,gamma_high,0.08177982835012099,1.3607766855380505,0.8686700525321066
6652,0.14685020223259926,0.571343370527029,0.17739928161725402,5.25344729072056,2.168523630711659,0.14027013294519938,a1_high,0.15185020223259926,0.5664604087194993,0.1989105805164393
6656,0.1563683293759823,0.574542023120448,0.3559952428471297,3.712481059933559,1.5737244675835869,0.10179577347497892,a1_high,0.1613683293759823,0.5660369964644724,0.3813531083191437
6661,0.07311188764870168,1.1631433433387428,0.38195903901942074,4.534986529046132,3.0314700792190528,0.19608949840768017,gamma_low,0.07019100478186663,1.1479058940821076,0.31829919918285066
6672,0.16597525384277106,0.2660887199640274,0.10232225379906594,0.11950592148881348,0.028935061560725003,0.0018716535408786143,gamma_high,0.13567351011691486,0.2694474561040993,0.12278670455887909
6675,0.1311834404245019,1.7255440953280776,0.9590804589074104,2.454451083041984,1.3654720821714084,0.08832504649086272,a1_low,0.12616746794268024,1.7013578497491695,0.8981279847589599
6706,0.07940729707479477,0.29297749149613084,0.8337994070630521,0.9161016815823316,0.33764634092144213,0.021840526180463067,a1_high,0.08446436281773306,0.2611836462927982,0.9184564871238939
6731,0.10057822596281768,1.0554668917693197,0.5106250232178718,6.080173431931637,3.48667033677867,0.2255339553369423,a1_high,0.10557822596281768,1.0620512721838986,0.5928755529009386
6745,0.025351449288427832,1.45760310087353,0.6750832084193826,1.268364744081435,1.1178963012921972,0.0723107005062899,gamma_low,0.02375353794572107,1.4248328651688849,0.5625693403494856
6751,0.15495710168033838,1.2128910422418266,0.4435076246596873,6.7779968089582,3.3746750672929524,0.2182895835821187,a1_high,0.1599571016803384,1.224724113713231,0.49556833906363934
6773,0.05650224518030882,1.7421355230268092,0.46393829797394576,1.6213194278214464,1.2113243154518674,0.07835405635511784,m_high,0.05874084916187417,1.7721355230268092,0.5182387154305421
6774,0.046711184270679953,0.27876321218907835,0.5971696704719216,0.40467377126014475,0.40467377126014475,0.02617617022483966,a1_high,0.05858272316900612,0.209,0.6963974029624322
6805,0.052351790480315685,1.4549791850429028,0.28761354081332685,2.233575278517025,1.7541171123874784,0.11346440364834436,gamma_low,0.050682713794235,1.4322946472216616,0.2396779506777724
6828,0.1271626092493534,0.8310696306172758,0.9328523982595652,3.608476700354916,1.8776411873493977,0.12145451183598488,a1_low,0.1221626092493534,0.8446973633652127,0.851766189762507
6840,0.1782273542135954,0.9224195586331189,0.13302488021552564,8.69050775525577,3.2688984333763593,0.2114474619230124,gamma_low,0.17502628339404566,0.9169894991182462,0.11085406684627136
6862,0.018594718538224697,0.2542766257096082,0.8197321638278663,0.23403566480768825,0.2259372764112035,0.014614667486503306,m_low,0.020797588831378958,0.20047803252504154,0.9939129496325463
6888,0.19739637468010188,0.8754068513028324,0.6768839950207621,7.325803265829165,2.1104805031706837,0.13651563513783366,a1_low,0.19239637468010187,0.879321777533762,0.6330880257035065
6946,0.09421939235180617,0.2886049366090447,0.19302736958488823,0.15947223189220483,0.026027710334097724,0.001683592623625173,a1_high,0.09921939235180617,0.28596087484499805,0.18604885068645324
6954,0.0556818600744009,0.7809100268408656,0.9109150796104223,3.1413560728648164,2.052459900743644,0.13276259435896487,gamma_low,0.051414916631841,0.8094318952244395,0.759095899675352
7001,0.025863021053373816,1.6727599011082201,0.13008485333062708,0.6282764373369393,0.5102046583295757,0.03300239584184894,gamma_low,0.025520058102438042,1.6605650633674878,0.10840404444218922
7019,0.10983929205685855,1.4490557397622614,0.5801785502675921,3.718192956542506,2.775367045522187,0.17952357029162871,a1_high,0.11483929205685856,1.472470794685375,0.6557552067923995
7103,0.1596731269732118,1.147374181561172,0.9624096991308033,4.575626298796374,1.911356881230488,0.12363539877494256,a1_low,0.15467312697321178,1.1468196321076247,0.8949058525018252
7129,0.02800645809620619,1.1309078908339143,0.4674970115721226,1.8348571168293506,1.4299020512006253,0.09249267473036564,gamma_low,0.026688158498051208,1.1170654166319771,0.3895808429767688
7149,0.08159391041845084,1.7225129598472266,0.1408033069781959,1.591617234563691,1.2966311767101466,0.08387209849234349,gamma_low,0.08016434153561988,1.7059023408700698,0.11733608914849657
7156,0.1038881253451109,0.7305346322152764,0.18903750136494638,9.507442813816752,3.0718999033350687,0.19870468632787983,gamma_low,0.10075975002750796,0.7294846548969414,0.1575312511374553
7171,0.14615122471004724,1.1640503065288066,0.2392568501085043,6.61171942635346,4.008025739524703,0.2592576328745877,gamma_low,0.14217550090721184,1.1510746970849792,0.19938070842375363
7189,0.051115899160504345,1.7249093458242715,0.6830953534878791,1.2668188733707282,0.9048431848841476,0.05852944004885205,m_high,0.053371627341845224,1.7549093458242715,0.7455021157262071
7208,0.19539341107010844,0.9462623365223408,0.7241703352145851,5.621793718643816,2.139457379831106,0.1383899934726608,a1_low,0.19039341107010843,0.9487778201067638,0.6771653648067373
7220,0.10245273243635894,0.29211593864485624,0.5606420231796801,0.8878899763001961,0.20071712836468944,0.012983311724785748,a1_high,0.10745273243635894,0.2778186301982523,0.5758152308035074
7291,0.1133091526106,1.23835833969526,0.9135583310481161,4.293605268017688,2.263706856950219,0.1464270240251708,a1_low,0.10830915261059999,1.2313482706808803,0.8218115711389925
7312,0.16727847419679165,0.5506833362299949,0.9926802295539529,2.992584109654292,1.0006166148860673,0.06472450823659333,a1_low,0.16227847419679164,0.5695476453483153,0.9329784614325938
7347,0.13186496458947658,1.8246543837338687,0.7307064687088132,2.390912448813657,1.5200648686077756,0.09832482255910027,m_high,0.13735943973985856,1.8546543837338687,0.7818560292973422
7356,0.14862138107419015,0.2695787478424609,0.13570744797587395,0.12019444864245457,0.07775661022196506,0.005029656997384755,gamma_high,0.11920110748871139,0.2762265174454186,0.16284893757104874
7381,0.05581385716795922,1.8373612277209759,0.23562186328694226,1.5707679541591653,1.2527258481535901,0.08103209887859258,gamma_low,0.05416382260716789,1.8098081458868418,0.19635155273911853
7385,0.026648373901844026,1.745629583755508,0.2661985699646175,0.7798517103174101,0.7355896194754742,0.047581337023785024,gamma_low,0.02577342327266814,1.716161330427216,0.22183214163718126
7396,0.11985789053142071,0.9713540951814502,0.3372454423643649,7.624740210379865,4.154263838451154,0.2687169891331748,a1_high,0.12485789053142071,0.978337813994187,0.3969109315324935
7400,0.19689405597746373,0.6318384337611497,0.18388143146410585,12.601050517811728,2.5997475361688505,0.16816368858414701,a1_low,0.19189405597746373,0.6337122619972507,0.16275213995565613
7405,0.08258577659726143,1.1544261391833424,0.09363318145275115,3.320010392299075,1.4274727218293455,0.09233553447648458,gamma_low,0.08162380773114834,1.1478367411798014,0.07802765121062596
7414,0.04503584131598473,0.5690989169944077,0.4975306888576597,2.040254347548788,1.492385973706476,0.09653442368467927,m_low,0.04857023479787351,0.5390989169944077,0.5732788576737569
7435,0.10441641882061958,1.4660826578363777,0.2888742908649147,3.948200826874859,3.0456531168387166,0.19700692284534893,gamma_low,0.10113319637019556,1.4435947865169398,0.2407285757207622
7460,0.12353009581565857,0.28968673571944237,0.4593595755752176,0.4566436308931122,0.44647475435968775,0.028880051046598878,m_low,0.14198238823855433,0.25968673571944234,0.4693403720138718
7466,0.05618041027337313,0.5349179700762033,0.4139098964445293,2.843869526338171,1.753247461675346,0.11340815062011855,m_low,0.06128504587764515,0.5049179700762033,0.47962044367192164
7474,0.07842152994126082,0.8423555305786431,0.8819209872279317,4.147568742534018,2.396041881198933,0.1549870651433676,a1_low,0.07342152994126082,0.8608374664397418,0.7558325068758678
7509,0.053793668374419214,1.511026008874178,0.9067341277189552,2.19255663752537,1.6450808347311352,0.10641143316368072,m_low,0.050257602350444505,1.481026008874178,0.7792692196954939
7531,0.10953604243695736,1.2048353941831738,0.08716896468773484,3.545647573682249,1.5863514549840763,0.10261254539126315,gamma_low,0.10835474743415476,1.1981864807622984,0.07264080390644571
7533,0.08290933780372144,1.4496069966629148,0.7837710129097104,2.7797608105990697,2.3888935476907927,0.15452467788720736,a1_high,0.0883256568567106,1.4756557245297663,0.9037236671249168
7557,0.07388808112591505,1.2457924654800445,0.24632730277255177,3.704868182262062,2.4415829444092343,0.15793287163609113,gamma_low,0.07185926589890669,1.2306619396679648,0.20527275231045983
7564,0.13617278281599285,0.9305180853791535,0.490056566670537,7.493159948555204,3.083223706475469,0.19943716226194558,a1_high,0.14117278281599285,0.9306611547414454,0.5473452460009118
7566,0.014719521999359131,0.27630123308859766,0.10296482977457344,0.013689538493936015,0.013689538493936015,0.0008855026329008248,a1_low,0.008194943614684558,0.29191666666666666,0.16926666150378764
7575,0.1987242439761758,1.2750815557595343,0.10116713835857807,5.057982313679863,2.494732908062329,0.1613708569833872,gamma_low,0.19629640596720266,1.2669108579225894,0.0843059486321484
7623,0.18034257702529433,1.4445258444081992,0.6449242992140353,4.22225987940427,2.268014630935418,0.14670567076023242,a1_high,0.18534257702529433,1.4579971104523148,0.6925226719728149
7656,0.1979976210743189,0.2597439660038799,0.5978264638315887,1.797441085854087,0.20064463920985415,0.012978622791152826,a1_low,0.1906813894279346,0.2708817519955199,0.5853983036134784
7659,0.11169178113341333,1.7230859081447125,0.48452087878249583,3.0890972937280643,2.3244995580764205,0.1503593769625799,m_low,0.10753301199888364,1.6930859081447125,0.435178714350347
7660,0.1311491234228015,0.6673012414108962,0.1638756412640214,10.54122534519865,3.1221156563814016,0.20195287336905163,gamma_low,0.12720789179807546,0.6678156146864529,0.13656303438668452
7671,0.1935977576300502,1.0077693560533225,0.3057730026822537,9.461943791099475,3.6378688274246693,0.23531417266252783,a1_high,0.1985977576300502,1.0140558053269537,0.3424147349411971
7700,0.11151969023048879,0.2629381075873971,0.9156732628308236,0.9675682275776852,0.36032078025897407,0.023307213734746108,a1_low,0.10644471617106677,0.28707679986848167,0.8515929129425567
7712,0.15397743098437788,0.8570023849699646,0.7435301841050387,3.7944321152712974,1.983974645109201,0.12833265143531933,a1_high,0.1589774309843779,0.8488440588566437,0.8026408578046803
7719,0.1845658713951707,1.783098860438913,0.8793942150752991,2.4476170333659577,1.2480579004626216,0.0807301544432541,a1_low,0.1795658713951707,1.76467411511229,0.8397687876211689
7749,0.06969968862831592,1.1513728156127037,0.8726311667822302,3.8186615390282697,2.760676347404625,0.17857330802617583,gamma_low,0.0648088821200073,1.1456486374112314,0.7271926389851918
7773,0.09589587971568109,1.45783867418766,0.3428970249835402,4.524728960263279,3.112169726319704,0.20130952463525886,gamma_low,0.09240811023241317,1.433125959960612,0.28574752081961685
7794,0.07580054849386215,0.28144276689738035,0.4208171718940139,0.43446380695438097,0.37887825333378666,0.024507596879511127,m_low,0.0901947311948307,0.2514427668973803,0.41473242470683147
7818,0.05770968906581402,0.8596994110383094,0.8205166241340339,3.2521258289732846,2.2064261663514255,0.14272184416376954,gamma_high,0.06251427443396804,0.8322573787201383,0.9846199489608407
7820,0.13746702633798122,0.6146834875177593,0.05043824575841427,16.00988008347606,1.5604403996238316,0.10093649855061186,gamma_high,0.1393588983766046,0.6149026700674904,0.060525894910097126
7826,0.08307599127292634,0.5530323028564453,0.3525480213854462,2.993733762301372,1.8220701254787015,0.11785991866387803,a1_high,0.08807599127292634,0.5363263170266749,0.39534782464270796
7883,0.10157385785132647,1.4363408115413039,0.6676782802678645,3.6550998325807194,2.5299773700207555,0.16365063170867727,a1_high,0.10657385785132648,1.4587844975006667,0.753167211921569
7884,0.1337230760604143,0.5042175934836268,0.96687082384713,2.9430219298349067,1.029338980746883,0.06658240363636589,a1_low,0.12851668234326938,0.5290098767748586,0.8938025341285447
7893,0.05595968347042799,1.498109152726829,0.9728076402004808,2.503787780629728,1.8576639878436483,0.12016229422264735,m_low,0.05271360294168811,1.468109152726829,0.8726243101570551
7948,0.13466567620635034,0.8165778760146349,0.8443856408819557,3.61576713464371,1.7817133581547893,0.11524945639471387,a1_high,0.13966567620635034,0.8032816831606384,0.9167882570969921
7974,0.026824375614523888,0.28739749086089433,0.8249227104242891,0.20374758424790146,0.20374758424789743,0.013179335620307075,m_high,0.024789998549548546,0.32508333333333334,0.7437527275659052
7976,0.1965901656076312,0.5372375317383558,0.810425342451781,3.396510907899454,0.9528472739424988,0.06163456643934396,a1_low,0.191589360947412,0.5509603816581027,0.7714885535877638
8042,0.05305072031915188,0.7999898584466427,0.3494720423780382,4.71977121930387,2.4885156333195186,0.16096869491220678,gamma_low,0.05064959006345822,0.8004025303100002,0.29122670198169853
8153,0.027844365499913693,1.7892723424360155,0.21269475100561977,0.7980630915779279,0.6399322484406628,0.04139377606654619,gamma_low,0.0270880389467487,1.7638235028684897,0.17724562583801645
8170,0.05089192911982537,0.26230644388124347,0.25182585950009523,0.08971100614169043,0.08971100614169043,0.0058029225874807805,a1_high,0.07428225363512529,0.24216666666666664,0.19306977288832508
8197,0.07302034981548787,1.4440881708078086,0.5755912983603776,3.588714226276851,2.5558752928352453,0.16532582907556084,m_high,0.07720277991184318,1.4740881708078086,0.6676918763424666
8217,0.028364511020481587,1.7845033709704876,0.6463752653263509,0.5955046028360311,0.5955046028360311,0.038519990571592326,m_low,0.027151811647929004,1.7512499999999998,0.5907837911587949
8234,0.05531679950654507,0.26525351593270896,0.6845726217608898,0.4382176309243735,0.27289930198804374,0.017652388393827434,m_low,0.06113605806734232,0.22896367099205667,0.750829539982812
8238,0.022262870334088802,0.6666192245297134,0.07824918624013662,3.9243448086097357,0.6113730880245709,0.03954643754939395,gamma_low,0.021926508001692234,0.6657442368776293,0.06520765520011386
8246,0.049972536601126195,0.981114740036428,0.6002385693695397,3.353579373308497,2.397642521798889,0.1550906019767106,gamma_low,0.04707367946381335,0.979140826710606,0.5001988078079498
8281,0.025443016923964026,1.1769018901791424,0.35642707145772873,1.6754472825634716,1.2143932840352853,0.07855257143012277,gamma_low,0.024474820925318476,1.1610639023079004,0.2970225595481073
8288,0.15104728154838087,0.5570004848111421,0.9419813262298703,2.8902288962078617,1.0900740391502384,0.07051102797599426,a1_low,0.14604728154838087,0.5768594785665893,0.8801056938232826
8298,0.05161557383835316,0.6516764412168413,0.3327494297362864,3.9486794204870552,2.2813014012532657,0.14756512048561315,gamma_low,0.04876444483233707,0.6606174059584187,0.27729119144690534
8331,0.10489434618502856,1.236900064004585,0.9043103384785354,4.003342298799456,2.1315267937259974,0.13787700650238194,a1_high,0.10989434618502857,1.2439318138431514,1.0
8363,0.10864105205982924,1.6067909441981465,0.26407178851775825,4.128476421874955,2.7445035553483295,0.17752717707343765,gamma_low,0.10539369585416179,1.5821270232838573,0.22005982376479852
8372,0.1013145361095667,0.8578242357447744,0.5892391342949123,5.0422730257329755,2.763040349995076,0.17872622264188445,a1_high,0.1063145361095667,0.8499094571721002,0.668952568532926
8405,0.05566387679427862,1.810444756289944,0.29128686847165225,1.607609773602889,1.4578608353879934,0.09430117813766366,gamma_low,0.053576397341477615,1.7763927130592025,0.24273905705971022
8422,0.029491408914327624,0.28244254865683616,0.26663965462706984,0.09604985247223183,0.09604985247223183,0.006212948470948987,a1_high,0.040805177664019074,0.25875,0.2202201949987376
8424,0.197097341157496,0.5342330657038837,0.3739640921913087,4.2652754650772415,1.1755166140050166,0.0760378486960095,a1_low,0.192097341157496,0.5414970835662551,0.3560287564271846
8429,0.08279820438474417,1.2515541816037148,0.4094599123671651,4.235226374628692,3.276659308185898,0.21194947118216334,gamma_low,0.07934464263140528,1.232580437730147,0.3412165936393043
8461,0.07793798055499793,1.1864928031899036,0.8804455887898803,3.8740795917153847,2.6797334247997093,0.17333754561438303,a1_low,0.07293798055499792,1.1783025280484012,0.7487668484554217
8504,0.18079079464077952,0.9063502460438758,0.19596269606612624,10.491128732503059,4.208231494979174,0.27220786663559887,a1_high,0.18579079464077952,0.9123353997140559,0.2303925172024729
8525,0.08056000452488661,1.790215189838782,0.11851876975037157,1.5409939237032482,1.0600451751186706,0.06856862223494221,gamma_low,0.07933157609688286,1.7752087367603457,0.09876564145864297
8552,0.19991098772734406,0.82995954410173,0.5191995322145522,7.34210631033697,2.4068574998964483,0.15568666935846542,a1_low,0.19491098772734405,0.8325558381828866,0.4818871694383501
8559,0.16780716702342036,1.7635676183365285,0.8717470308113843,2.4357344056015404,1.3400573517416157,0.08668110424109184,a1_low,0.16280716702342035,1.7435302742847028,0.8272052547504369
8581,0.07411270886659622,1.1485429334454238,0.319243449550122,4.274461312391103,2.903991744596723,0.18784361042570852,gamma_low,0.07153846409380557,1.1343859984807405,0.266036207958435
8690,0.07671950720250607,0.6324319948162883,0.04006855689920485,12.24670350204093,0.8420752753060707,0.054469321497909784,gamma_low,0.07606096847261716,0.6319573142899146,0.033390464082670705
8720,0.16582352966070177,0.6992044452484697,0.16106542960740627,14.534264193476856,3.4929771757465815,0.22594191083623402,a1_high,0.17082352966070177,0.6992338116219742,0.18983054037886826
8747,0.10712080858647824,1.7260861189290881,0.9161818680819124,2.093457776789195,1.4613961695229536,0.09452985989242685,a1_high,0.11274608018404457,1.7579614430801154,0.9958895588689798
8765,0.09014326948672534,1.1617500287853182,0.5014757068548351,5.1698541972194025,3.6324732319298616,0.23496516060351383,a1_high,0.09514326948672534,1.1762413850983602,0.5938572428126411
8827,0.11373914126306772,1.5566419192403556,0.35778680013492703,4.300167323885869,3.4196923287154606,0.2212015081538107,gamma_low,0.10935895525179044,1.5279240914041736,0.2981556667791059
8851,0.12898584082722664,1.7608740394655615,0.6786113620176911,2.732028449932798,1.834725477610391,0.11867852534209894,m_high,0.13452302476747297,1.7908740394655616,0.7369513120332696
8855,0.19974128026515248,1.1727025402802973,0.08417272473685443,5.509456313456619,2.249329735982762,0.14549704537937086,gamma_low,0.19764330420143345,1.166513248803056,0.07014393728071203
8872,0.19396440722048283,0.797756825145334,0.3876537255756557,10.371522639668184,2.6200813183709646,0.16947897161467285,a1_high,0.19896440722048284,0.7958908035565443,0.4213919126653077
8878,0.023770900443196297,0.5527406347449869,0.7303481648117304,0.795411099685203,0.5322054047338972,0.03442550582290782,m_low,0.02522106546658673,0.5227406347449869,0.8168719816539556
8917,0.05619577914476395,1.408301448924467,0.5441063414793461,3.1580304019981473,2.349359397891786,0.15196742632229723,gamma_low,0.05321319367661554,1.379787110606861,0.45342195123278844
8931,0.13817747700959446,1.3448206716682762,0.7280220052972436,4.4318999149120035,2.3184129702049776,0.1499656683223703,a1_high,0.14317747700959446,1.3570179962135847,0.7948688703072578
8943,0.16694575492292643,1.2528404699452222,0.7593279402330517,4.592520031836807,2.178354510810587,0.14090603971555463,a1_high,0.17194575492292644,1.259416583405168,0.8167506934010187
8971,0.10407717227935792,1.7795116382744163,0.970386108038947,1.930366503223009,1.2140776546420775,0.07853215506189894,m_low,0.09939539895240213,1.7495116382744162,0.9024283598629661
8973,0.0774032160639763,1.526964696776122,0.14809904986061156,2.4149674254832383,1.4929572795168125,0.09657137838548739,gamma_low,0.07607653681729525,1.512664154858276,0.12341587488384301
9006,0.023264144361019135,0.8794998959358782,0.4120041639730334,2.047155199563587,1.2878445105321996,0.08330373630552185,gamma_low,0.022157022843610576,0.8776191700648003,0.3433368033108612
9126,0.025661551021039487,0.8414152963738889,0.7875640247575939,1.4002757176955982,1.1279644202038763,0.07296195297974616,gamma_high,0.027783957465907925,0.8141712030330619,0.9450768297091127
9139,0.13222444243729115,1.7385274879448116,0.7481540609896183,2.2422715704176923,1.6165648351663593,0.10456688648991277,a1_high,0.13737223119180564,1.7643095425989028,0.8045152753416502
9164,0.13285340908914806,0.7310842025838792,0.20124019552022218,11.718602257757162,3.8693720931117332,0.25028887406548894,a1_high,0.13785340908914806,0.7310236832505117,0.24031310758987154
9173,0.055102078616619116,1.7220913249813021,0.2533112801797688,1.7676933089122064,1.4116739428420975,0.09131359641801583,gamma_low,0.05339861983929474,1.6944614242059999,0.21109273348314067
9179,0.12456279415637256,1.473459211718291,0.1440525333862752,3.2198301646614955,2.185899193719008,0.14139406468314344,gamma_low,0.12247946750912503,1.4600799949030523,0.12004377782189599
9215,0.15668079145252706,1.1940538451448084,0.24037236985750496,6.6591659564521635,4.145708214746585,0.26816357184157946,gamma_low,0.15242924458939794,1.18033195607714,0.20031030821458748
9241,0.02828167621046305,1.133786626830697,0.9020265268534422,1.720795336556786,1.2531958482500691,0.0810625006575189,gamma_low,0.026240681002920395,1.129623012106447,0.7516887723778686
9268,0.10239408686757089,0.7257082519400865,0.7473762612789869,3.6006718859683025,1.8833523422510543,0.1218239357361815,a1_high,0.10739499668755165,0.7060583091785784,0.8307215478903693
9275,0.11710736118257047,1.1607066529523582,0.15091123830527067,4.250699780432609,2.6073829159195148,0.1686575802427596,gamma_low,0.11498537198804018,1.15104370788859,0.12575936525439227
9279,0.16197682525962592,1.7564045034255833,0.6122336712758988,2.754899359914974,1.7720024782489299,0.11462131179157542,a1_high,0.16699577519763634,1.7787963962419968,0.654233203420698
9305,0.0257203059270978,1.7729754110332578,0.11707835142500699,0.5462800895232691,0.5462800895232691,0.03533592149862682,gamma_low,0.02515430942716802,1.7512499999999998,0.0906030582245338
9320,0.19918854888528587,0.8996740347892046,0.46428998553194106,8.78958598015616,2.821101218269174,0.18248186800187932,a1_low,0.19418854888528586,0.8991555990134545,0.4266174619261719
9333,0.05687725301831961,1.0526658215001226,0.7724812960997224,3.0135320136997112,2.4093253674873343,0.15584630244254263,gamma_high,0.06132831130638155,1.0474114322985981,0.9269775553196669
9348,0.11311999838799239,0.26721334216184917,0.2564393462613225,0.2147948127550837,0.03145011920019041,0.002034339095445006,a1_high,0.11811999838799239,0.26401636891857355,0.24996289119563644
9365,0.052824549935758115,1.759542296305299,0.9671591361705214,1.036772130179836,0.7321197285160852,0.04735688843614427,m_low,0.05036428117188456,1.7295422963052989,0.8933381605724039
9429,0.0556728033348918,1.1549772848840802,0.0509682646766305,1.9793060594838903,0.6260836885601674,0.04049798719524893,gamma_low,0.05530772875239934,1.1510696252443824,0.04247355389719208
9436,0.14344597700983286,0.9727473467215896,0.3025562236271799,8.657996152967629,4.10196742020485,0.2653342150485044,a1_high,0.14844597700983286,0.9797392779593362,0.3512135981885862
9442,0.0995719725266099,0.2855928645003587,0.751339693646878,0.6840216762829363,0.28489502894766444,0.018428327466646344,a1_high,0.1045818784601782,0.26395526945617537,0.7990237515355899
9483,0.10436063539236784,1.5260736203473062,0.47725511226803063,4.263748088084961,2.97341779692192,0.19233440842836613,m_high,0.10925567907074771,1.5560736203473062,0.5476284514762427
9490,0.08212387897074223,0.5382545846980065,0.47131847294047474,2.829927252247289,1.5067501457798604,0.09746356473615128,a1_high,0.08719438885810805,0.5161635600750673,0.5230501323968862
9495,0.1974054552614689,1.247528866985813,0.3120726638287306,7.988525263956329,3.880227476283508,0.25099105043060244,a1_low,0.1924054552614689,1.2343608247556495,0.2744827367540138
9506,0.0937709977850318,0.9672609319351614,0.6253585481178016,4.967101106846263,2.925243761772086,0.1892182891390613,a1_high,0.0987709977850318,0.9643035667511406,0.7183266891400476
9520,0.1693624706938863,0.564898401349783,0.712136785518378,3.1349522027478076,1.0893298243569411,0.07046288872285579,a1_high,0.1743736558289011,0.5505081227734708,0.7529835453202213
9561,0.026189868338406086,1.1066934902407228,0.6878177839517593,1.6757200119734545,1.3086131556581309,0.08464714828021636,gamma_low,0.02458744543532512,1.0988116396191723,0.5731814866264661
9583,0.16774330288171768,1.1703052016906441,0.6169286277052015,5.825508907093731,2.623532704672884,0.16970222323552633,a1_high,0.1727433028817177,1.176492528154893,0.670159920087625
9594,0.07446795571595431,0.2736377504747361,0.9187904113996774,0.8167797174878072,0.3408466116755687,0.022047534486844603,m_high,0.07036809263336642,0.30363775047473607,0.8405640691218055
9632,0.15497853830456734,0.8405849388055503,0.5764156328048557,4.714489491399114,2.3790476879134674,0.1538878021620063,a1_high,0.15997853830456735,0.8353456054041642,0.6273319652071068
9635,0.1420155990868807,1.1806803780514747,0.4460733286570758,6.2760445902283655,3.474877165876062,0.22477111852625398,a1_high,0.1470155990868807,1.1922544232858898,0.5029141894255634
9679,0.16970659270882607,1.0062474832776933,0.3320008604880422,8.366015561730357,3.71419702129855,0.24025143308732777,a1_high,0.17470659270882608,1.0126995301370487,0.37456492101231453
9680,0.1653097676113248,0.2612585588917136,0.5329267384018749,0.8596325491284055,0.11246826252673835,0.007274967131238445,a1_high,0.1703097676113248,0.25387192243356543,0.5382073126695146
9687,0.19585394896566868,1.321654704650864,0.8541139237955213,4.6809023447962215,1.942205401065709,0.12563082364242673,a1_low,0.19085394896566868,1.3146197482336484,0.8034228746233351
9731,0.14682872388511897,1.442792979059741,0.7879047247301787,3.3662833574262163,2.000455596697982,0.1293987155711586,a1_high,0.15182872388511898,1.4568113001262604,0.8502374472518882
9759,0.15217861346900463,1.785591956982389,0.9996446031983942,2.2459693240632284,1.1353588468229867,0.07344025867594729,a1_low,0.14713281206184392,1.7635634920910772,0.9503949121222548
9772,0.12522484678775073,0.26639557427726684,0.9576101536490023,1.1831017397270478,0.3282200931285735,0.021230792898171758,a1_low,0.1200406611066583,0.28969644263480826,0.8903673299487417
9788,0.14696558527648448,0.5742339826747775,0.7357966075651348,2.665875694956108,1.1719305340986887,0.07580588447017,a1_high,0.1519655852764845,0.5572835499825886,0.7852050670449628
9861,0.07429281454533339,1.7280469533707947,0.48768790990114214,1.9946326912811294,1.4917819078568189,0.09649534991308692,m_high,0.07723628660274157,1.7580469533707948,0.539957457544042
9884,0.14029228873550892,0.7406841042544693,0.45903138173744085,5.246053937558834,2.473499944449921,0.15999741074256596,a1_high,0.14529228873550892,0.7337432926327988,0.50533590536165
9943,0.19612203855067492,1.1536217597685754,0.6754061329737305,6.153968395154975,2.4600914137798577,0.15913008499473802,a1_low,0.19112203855067492,1.1489605490501285,0.6284462812313889
9952,0.15251510497182608,0.2830920024961233,0.10758217422291635,0.10596408953203215,0.04981118544605797,0.0032220177385770773,gamma_high,0.1238793388591703,0.28750445911505573,0.12909860906749962
9965,0.08229892626404763,1.495615110984072,0.9064580661337822,2.884722165733702,2.2240696060708847,0.14386310340577602,a1_low,0.07718341634514891,1.4672208549473156,0.7880440056547697
9966,0.02094502039253712,0.5336598542332649,0.03119452855549753,3.0961291984830535,0.28951870670946894,0.018727408318318334,gamma_low,0.020729311886574033,0.5340386132017323,0.025995440462914604
9995,0.10411738529801369,1.1873395145591348,0.7310344228241593,4.423402740699965,2.584200593868759,0.1671580404867779,a1_high,0.1091173852980137,1.1945316930625378,0.8224118277422737
10026,0.055502905137836935,0.8777917392086237,0.6059988467488437,3.7159674143147003,2.5522660159281383,0.1650923643604773,gamma_high,0.059535852306670016,0.8656184271205004,0.7271986160986125
10059,0.10125272274017334,1.7915402647107839,0.28615657057613136,2.963381900255808,2.058588233875915,0.13315900327562213,m_high,0.10476607752563691,1.821540264710784,0.3276035574842118
10068,0.10877607706934214,0.548958358662203,0.5787559202685952,2.6980657966584123,1.3213348955001376,0.0854700492224334,a1_high,0.11377795335074296,0.5297711453895959,0.6278557223030637
10071,0.19424833413213494,1.4487412942014635,0.44951116129755975,5.383068906717581,2.837113033741166,0.18351758624499256,a1_high,0.19924833413213494,1.463995729015075,0.48979561979765895
10088,0.1994574010372162,0.5838261003512889,0.02231509723700583,22.918849226880017,0.7191324161559288,0.04651680903578186,gamma_low,0.1983303843856278,0.5837138973366603,0.018595914364171528
10164,0.10032876823097468,0.27737902344204485,0.6354386716429145,0.5730452683440159,0.2021340123863256,0.01307496233318498,a1_high,0.10532876823097469,0.2607985992968311,0.6598952952166294
10193,0.022106476314365867,1.7223417990840972,0.7641696224641055,0.5770403306479894,0.5770403306479894,0.037325636091026675,m_low,0.020874656059467842,1.6849166666666666,0.6738627168030948
10194,0.08736319970339537,0.25896937333978715,0.1402796010579914,0.1020778759794042,0.1020778759794009,0.00660286889734983,a1_low,0.05593814921083343,0.2753333333333333,0.19952623149688806
10288,0.17029389981180432,0.23432720705866814,0.9273785015940667,1.0972563922396872,0.2026386933739024,0.013107607432468069,a1_low,0.16529366166583678,0.24910288502254083,0.8833653950555088
10290,0.07921052277088166,0.5770566720608622,0.5400507303047926,2.8535850398473217,1.7023350365906456,0.11011489961097472,a1_high,0.0842879843350182,0.5522273365076573,0.6083943433402059
10325,0.054570067115128046,1.7743815117236226,0.5650450935773551,1.4433652484525306,0.9788702250963546,0.06331785121719066,m_high,0.05679524328551934,1.8043815117236226,0.6192428261673448
10349,0.08368269968777896,1.2135191401373595,0.6304599511623382,4.721181767728021,3.0559313515273807,0.19767176657857016,a1_high,0.08868269968777896,1.2275152766425297,0.7378145994330255
10388,0.10998419299721718,0.9826287583913654,0.6181234411802143,5.327664598553832,2.8595829750329593,0.18497104592033695,a1_high,0.11498419299721718,0.9813807200421203,0.6973032849340791
10411,0.10872466694563628,1.112713560834527,0.9373012012429536,4.3413335894300475,2.2613967474792624,0.1462775954655647,a1_low,0.10372466694563627,1.11289169038529,0.8393528901478966
10457,0.026926798932254317,1.1563874184247107,0.6236521153431386,1.6195105598912514,1.3541865929900214,0.08759504888078122,gamma_low,0.02539206851315668,1.1437391565863242,0.5197100961192822
10476,0.13036021143198015,0.9384302966669202,0.31812686488032343,7.796860928286087,4.079183970172834,0.2638604761785746,a1_high,0.13536021143198015,0.9440160066621213,0.3713548586823966
10484,0.10416402779519558,0.7560967405699194,0.778241720078513,3.469935701736597,1.9207288010577985,0.12424161787327778,a1_high,0.10920671238811555,0.7372188869525802,0.8650562782408188
10490,0.0723726524040103,0.5038208284787834,0.85656249480322,2.089610826977787,0.7966311297198224,0.05152978408513457,m_low,0.07601192772681137,0.4738208284787834,0.94089458224235
10499,0.14536223001778126,1.4370619948860257,0.33169356491416696,5.339981914335284,3.6316887040888512,0.2349144137160927,a1_high,0.15036223001778126,1.459249333535262,0.38240848336874855
10503,0.17549255173653366,1.527608772246167,0.9261285381298512,3.316192942183299,1.559285694392895,0.10086180687837824,a1_high,0.1806956412575983,1.5407419959799384,0.9807634444920666
10576,0.16329322289675474,0.6464639025554061,0.018314579809084533,14.87637744348636,0.5762130511963204,0.03727212383179879,gamma_low,0.1626707754190632,0.6461112569340648,0.015262149840903776
10585,0.026456663943827154,1.4515628196951003,0.2694762200769037,1.3450247478143678,0.9229638120558971,0.059701565981183966,gamma_low,0.025660185591063252,1.42993306046524,0.2245635167307531
10602,0.05262793339788914,0.988593666413799,0.29607113072648644,3.993867144596707,2.3141840949142147,0.1496921251195926,gamma_low,0.050803198881582995,0.9798439689202483,0.24672594227207206
10607,0.1679155893623829,1.2626309979241341,0.44577736273407936,6.14443159046266,3.241370835923097,0.20966684966693844,a1_high,0.1729155893623829,1.2750942729770245,0.49382675304843343
10640,0.16806432623416187,0.8062655164860189,0.5919562423694879,4.73567032825983,2.1504554485740996,0.13910139940011843,a1_high,0.17306432623416187,0.7999922296538979,0.6383439010807269
10645,0.052090002410113814,1.4609890864044428,0.6874009850155562,2.445643141579084,1.7672884468027745,0.11431638644591843,m_high,0.05522452884485061,1.4909890864044428,0.7861264010542854
10682,0.06959726270288229,0.2743753005936742,0.5785490084625781,0.4679352252331473,0.38374066638646137,0.02482212023340666,m_low,0.07696491605304932,0.2443753005936742,0.6159206608714398
10709,0.05504011269658804,1.572062369203195,0.3278434327431023,2.299365317935825,1.800214791049779,0.11644621460158905,gamma_low,0.05308326437149621,1.544712374171594,0.2732028606192519
10711,0.1960261430591345,1.229329101163894,0.21919473159126937,7.190793959739666,4.40446093644653,0.28490089402647645,a1_low,0.19102614305913448,1.2149227136923737,0.1837296873528462
10716,0.1427161069586873,0.2616703247651458,0.083691021874547,0.09111957777872437,0.09111957777872437,0.005894035512417986,a1_low,0.0696668731247263,0.2753333333333333,0.15848931924611143
10719,0.15407032053917646,1.7211559465061874,0.944810205809772,2.366704517752925,1.268208500193588,0.08203358838474203,a1_high,0.15935848047800602,1.7418075071586052,0.9982079654925651
10754,0.09114614315330982,0.2927558607980609,0.6438139500934631,0.5075508595022273,0.2906706820732915,0.018801923410127572,a1_low,0.0861458834835354,0.3132065519856414,0.614162305143862
10781,0.09847111832350493,1.0372001131717115,0.4725865833926946,5.860513363798215,3.685334960916264,0.23838450160013572,a1_high,0.10347111832350493,1.0441840469906505,0.5541734224361168
10800,0.16965385042130948,0.5747598544880748,0.19406570424325764,6.301607319581054,1.9645705115981429,0.12707750237965085,a1_high,0.1746538504213095,0.5702603406786758,0.21332678435835561
10820,0.11747717373073102,0.9312392687238753,0.5247783563099802,6.487161533724873,3.089184656452548,0.19982274406235703,a1_high,0.12247717373073103,0.9302222206022179,0.5929043515864387
10827,0.10052233263850213,1.4915425827354192,0.1328069374896586,2.9021361322656634,1.729446318589248,0.11186858265892506,gamma_low,0.09895626347455619,1.4787770459629637,0.11067244790804885
10889,0.045452193729579454,1.72943051754497,0.9369690482970328,1.0992298817596673,0.6893105983700919,0.04458779600302369,m_high,0.04753428905004411,1.75943051754497,1.0
10918,0.026235172711312774,0.5510765428375453,0.8283502663485706,0.8436130378674652,0.47677931352433534,0.030840290023324144,m_low,0.027665956813417734,0.5210765428375452,0.918954529445655
10941,0.0886850466951728,1.1395333383791149,0.7222413708735257,4.099765001068617,2.7068375827519,0.17509076784607885,a1_high,0.0936850466951728,1.1446700581007276,0.8294175265870484
10965,0.05609019100666046,1.901377006303519,0.15077088819816709,1.2525219267033385,0.8641783553933519,0.055899050894644024,gamma_low,0.05491686853153879,1.8807483348823093,0.12564240683180594
10969,0.027070859819650652,1.5570713232737035,0.36600562097504735,1.2431654309341806,1.0116490826283846,0.06543813925034467,gamma_low,0.025981797731548822,1.5269822285737957,0.30500468414587284
10988,0.12972913887351753,0.2826496344059706,0.5554734683502466,0.9569608075708789,0.16731110028741497,0.010822455401521906,a1_high,0.13472913887351753,0.271813527642896,0.5660809634729
11096,0.1859809407964349,0.5495218308735639,0.03762911009602249,15.741537079319901,1.1052931609923102,0.07149547113071146,gamma_low,0.18388696060925636,0.5498475302819575,0.031357591746685405
11118,0.019720379263162613,0.7344210544321687,0.21332405004650354,2.6577053324377165,0.9736422106122088,0.06297967907262893,gamma_low,0.01906540275472111,0.7337765824700309,0.17777004170541963
11127,0.19196557421237231,1.7341732940170913,0.23832491071894765,4.2687144371387,2.920332258567982,0.18890059040724053,a1_high,0.19696557421237232,1.756939888593264,0.2709103711852688
11131,0.11316663715988398,1.8258461651206017,0.27059330539777876,2.9621827021047986,2.157957943934178,0.13958669548205854,m_high,0.1170416086634754,1.8558461651206017,0.3106823903081413
11135,0.15814013481140138,1.23209066580981,0.9870755265001208,4.223850834326402,1.8526780588813132,0.11983978128873363,a1_low,0.15314013481140137,1.2283996964953403,0.9193694662515601
11238,0.028228930942714215,0.6950141989160329,0.6072588195465505,1.7041581908229646,1.2911383200712414,0.08351679513291677,gamma_high,0.030626266368096764,0.6649120281753429,0.7287105834558606
11250,0.07717018816620112,0.5453710771910846,0.4242173791769892,3.0979253407283016,1.6416929335860764,0.10619228805624804,a1_high,0.0821769363101251,0.5242403841285792,0.47508002021461315
11268,0.11420092973858119,0.2933054534066469,0.9710496145486832,0.9617490576056391,0.40257253688375544,0.02604025267192444,a1_low,0.10920052677156056,0.31946212335766,0.89668132728098
11289,0.028194607235491276,1.627864484647289,0.29158194926567377,1.1911372507711449,0.8942072656786946,0.05784145962760403,gamma_low,0.027242885339677864,1.5999031845278384,0.2429849577213948
11302,0.028111932799220085,0.26569173255935313,0.23565429035574198,0.05870956539659312,0.058709565396585735,0.003797606088632458,a1_high,0.04928308440499522,0.24216666666666664,0.15336077187700123
11311,0.16495678797364235,1.5682837701309473,0.4872274381481111,4.569930437042623,2.596358823249522,0.16794449096740194,a1_high,0.16995678797364236,1.5884152154859308,0.5330918668524752
11315,0.1328987015411258,1.1628115709777922,0.31032258497551085,6.8050031339557275,4.283456247020902,0.27707375134177564,a1_high,0.1378987015411258,1.177994987926376,0.36592037332977706
11370,0.051787764951586726,0.8100439969450235,0.7492933575157076,2.5729359358811017,2.0833975867077843,0.13476378690385893,gamma_high,0.05606265557957058,0.7820677329962304,0.899152029018849
11430,0.02595323696732521,0.7966349347587675,0.3313677074480802,2.2339341622245508,1.3891536668894229,0.08985688086412189,gamma_low,0.024821040670578033,0.7966349347587675,0.27613975620673353
11462,0.031773978099226954,0.5683601325564086,0.04458395385183394,5.6722750431259605,0.5317066761800412,0.03439324575455431,gamma_low,0.03139021274522372,0.5685719210857603,0.03715329487652828
11476,0.10656093135476113,0.9706011957675219,0.1433889365196228,5.734636168326845,2.5796902163158615,0.16686628841637488,gamma_low,0.10456441994045712,0.9640873994986169,0.119490780433019
11498,0.05042185857892037,0.28398185201920567,0.839202344045043,0.4788597796845909,0.2186825966861983,0.014145401265425803,m_low,0.053503949491320035,0.25381584595986134,0.9202842904674167
11519,0.15736604724079373,1.1883827606588602,0.6349568212591111,5.434776230322476,2.618789065411286,0.16939538271949744,a1_high,0.16236604724079373,1.1952559010643489,0.6922735111119119
11522,0.09174729529768229,0.8430781836155802,0.5962339508440345,4.504611310017629,2.764565088986717,0.17882484980832855,a1_high,0.09674729529768229,0.8330147148199113,0.6839583189752326
11543,0.19729089960455895,1.7474468294531107,0.8778043445665389,2.62660062480158,1.2942311396278048,0.08371685299912145,a1_low,0.19229089960455895,1.7307478743931541,0.839171931402536
11548,0.13812454100698232,0.7813065472058952,0.7735364675708115,3.8006656952367344,1.8191411007923803,0.11767045580706091,a1_high,0.14312454100698233,0.7684671657775055,0.8388153356330249
11602,0.08585380278527738,0.8893467855919153,0.14985515588894488,6.417524771594432,2.3843330126565103,0.15422968139904364,gamma_low,0.08409206805633489,0.8841629322646589,0.12487929657412072
11642,0.07457333821803332,0.7668042545579374,0.27868523746728896,7.440301222825131,2.9784447717705556,0.19265957639995004,gamma_low,0.07162568263981635,0.7665907944873432,0.23223769788940746
11648,0.1587600652128458,0.9648881574068219,0.6094053817819804,6.597738549271779,2.5366371607003213,0.16408141775628113,a1_high,0.1637600652128458,0.9637780591601751,0.6635506874183614
11651,0.14428265616297722,1.0562487754411995,0.47520789100788535,7.517938725804753,3.28645032658331,0.21258279951339448,a1_high,0.14928265616297723,1.0620322340678992,0.5311979796053944
11672,0.18183106556534767,0.6494373234268278,0.08725313492119312,16.736873291839128,2.325024998453423,0.15039336487513622,gamma_low,0.17865100801620812,0.6489147591477293,0.07271094576766095
11757,0.08186653535813093,1.5340291291754693,0.25707535015419125,3.1018026390460975,2.2698449685508626,0.14682406545836568,gamma_low,0.0794698984171677,1.5110407496196199,0.21422945846182606
11770,0.0732173627242446,0.29418448503129185,0.1810374060366303,0.13968102255575973,0.07065092397774918,0.0045700283634021325,a1_low,0.0636360200650599,0.30191369312478744,0.19947981940906942
11789,0.07666676118969917,1.196308100949973,0.4861089366208762,4.45021746274174,3.2574006538371716,0.21070373239122614,gamma_low,0.07301931219745915,1.1797311086989668,0.40509078051739683
11799,0.19780389349907637,1.7833166955132038,0.5908153037447482,3.034397786024488,1.8098952152649124,0.11707238918986275,a1_low,0.19280389349907637,1.7639088622642374,0.5565219683228481
11823,0.16559068690985443,1.2229852664563805,0.7284379209484905,4.704574645542728,2.2810727500286614,0.14755033026741168,a1_high,0.17059068690985443,1.2290800004565967,0.7856298021343092
11855,0.17062731627374889,1.4942226118966937,0.8847040595393628,3.324200392399626,1.6540412672089126,0.106991035358051,a1_high,0.17566652675696307,1.5066547677843585,0.9397733879307504
11857,0.024817824922502042,1.4324537962581962,0.6936570258997381,1.1944759137403054,1.1046511122691522,0.0714539404512763,gamma_low,0.02323739291384369,1.401467763671921,0.5780475215831151
11885,0.08413623832166195,1.4595633719023318,0.1374654736276716,2.781623542909505,1.583071678782143,0.10240039430498485,gamma_low,0.08278630628458448,1.446826398346716,0.11455456135639301
11898,0.07406034506857395,0.7171814831998199,0.2078952331840992,8.199367554723487,2.629926514886346,0.17011580443702531,gamma_low,0.07158416226855119,0.7170576832039716,0.17324602765341598
11932,0.1404034111648798,0.2378134393133223,0.8545955676492304,0.7033838616131778,0.18332987793746167,0.011858623990496073,a1_high,0.14540341116487981,0.2217205789667624,0.9012291977260727
11963,0.11860966514796019,1.5423340652044863,0.14115333584137263,3.1438105089331274,1.9844153592358809,0.12836115886233773,gamma_low,0.11665313474841274,1.5283337962439087,0.11762777986781053
11975,0.18083762787282467,1.4694986525177955,0.307007962288335,5.901760320495802,3.439279647476943,0.22246850647829355,a1_high,0.18583762787282468,1.4885058514961311,0.346952024905962
12010,0.050280664674937726,0.9370518310088665,0.09042309802956879,3.0544664327090367,1.1125476203708913,0.07196472309876366,gamma_low,0.049653151098465326,0.9326457040312328,0.07535258169130733
12011,0.11199133172631265,1.7448002214264124,0.5759343430027366,2.4901665954548067,1.8674219440117243,0.12079348393604708,m_high,0.11657289710841973,1.7748002214264125,0.6298530380025849
12044,0.13459909986704588,0.7498096622992307,0.2941086734738201,8.125177578919313,3.3450191980886,0.21637130487074727,a1_high,0.13959909986704588,0.7476036761023827,0.3366554010169306
12052,0.11230914611369372,0.9408305116277188,0.7542225236818194,4.394961729386313,2.328723778463284,0.15063261906465503,a1_high,0.11730914611369372,0.933481058696548,0.8384268244694627
12144,0.1725698795169592,0.27396630359813573,0.15042995034717024,0.1737383150582403,0.13419088012137137,0.0086800864551708,gamma_high,0.13660630033717044,0.28289059845781844,0.18051594041660426
12170,0.056744339503347875,0.4645501428190619,0.9838842022791505,1.4105273688249922,0.6239737892787718,0.04036150915622235,m_high,0.054201988702543225,0.49455014281906184,0.8997798213058945
12206,0.024500773474574092,0.2463644070085138,0.8875647825561463,0.2645328011405371,0.2645328011405371,0.017111204442891773,m_high,0.02145260652824228,0.3085,0.7437527275659052
12234,0.0597615884616971,0.5707724961079658,0.03633287006057799,6.046874356923776,0.6721200185667353,0.043475829833842246,gamma_low,0.05918000329517295,0.5708432766298597,0.030277391717148328
12237,0.07917314805090428,1.5087378908414393,0.3645914983563125,3.3560479947548245,2.664413359464777,0.1723465729679126,gamma_low,0.07611284951323175,1.4813914634081864,0.3038262486302605
12249,0.02788805663585663,1.7205523774586617,0.6707483621034771,0.6382640427429754,0.6382640427429752,0.04128586881034637,m_high,0.029211130110720795,1.7512499999999998,0.7437527275659052
12320,0.15435842722654344,0.7252154139149934,0.9686663918755949,3.649680568999558,1.474539074154611,0.09538000372017182,a1_low,0.14935842722654344,0.7408278545742395,0.9017365845252947
12330,0.05532955005764961,0.5761174330953509,0.33653354972600935,3.1265910200187714,2.2398415575317636,0.14488330613582268,gamma_low,0.05150761206741721,0.5919544159805098,0.2804446247716745
12365,0.08000586424022914,1.7733754935022443,0.33087507969699803,2.3555147524303726,1.873964738573067,0.1212167021338822,m_high,0.082939377134856,1.8033754935022444,0.3809706054588261
12369,0.024467171356081965,1.4938742429483682,0.39754260684363546,1.2316476459064694,0.9920565207181552,0.06417080177476317,gamma_low,0.02343149980296749,1.4648531432344487,0.3312855057030295
12376,0.18715775683522226,0.6819503198005259,0.15320938994176686,14.885004717731983,3.1651307444302987,0.2047352881114209,a1_high,0.19215775683522227,0.6816750300000792,0.17767765958381768
12380,0.14159840364009144,0.2810693093948066,0.6084850919805467,0.8055971634319571,0.18189183923184915,0.011765604999344747,a1_high,0.14659840364009144,0.2698018846271558,0.6231718335585862
12405,0.05677779857069254,1.2144721382390709,0.49361978520639244,3.1691926240251727,2.5538217429166985,0.16519299597381149,gamma_low,0.054021882587971394,1.1965453821541607,0.411349821005327
12420,0.11301977653056383,0.4901619352959096,0.5344546646345407,2.5809125560834296,0.9992565267072038,0.06463653144585678,a1_high,0.11802593605448103,0.4725712340670314,0.5706366888109619
12435,0.12956401351839306,1.7300447729043662,0.5833767489902675,2.684984018022401,2.044764081329637,0.1322647931835307,a1_high,0.134698447130624,1.758393721572553,0.6381975031302904
12459,0.10865222904831172,1.2960020202584566,0.7358764959871769,4.23410605307398,2.4734305266450356,0.15999292047804584,a1_high,0.11365222904831172,1.3086113460520046,0.8222381405180127
12479,0.16090707015246153,1.4534032783750446,0.299533448247239,5.686209363808297,3.6376696801741795,0.23530129089776108,a1_high,0.16590707015246153,1.474470715165982,0.3443562895200187
12530,0.07755973413586617,0.6924165169987827,0.29303800671361385,6.177639987810799,3.012621552769812,0.1948702885851944,gamma_low,0.07397211390023394,0.6966120912798776,0.24419833892801152
12534,0.04528784174472094,0.2852243331540376,0.9651069323718547,0.6167416685976914,0.36993359154244343,0.023929014806043102,m_high,0.04299112037246388,0.31522433315403764,0.8846738856954387
12535,0.19293610490858557,1.0909329909365624,0.4446702683065087,7.905148508381973,3.0837406550771105,0.19947060088721633,a1_high,0.19793610490858557,1.0969987963874441,0.4860085401746737
12544,0.15757276825606825,0.7824854368157684,0.8989877370931209,3.561516555715551,1.548759283374088,0.10018090995286982,a1_high,0.1626181568904923,0.7688278895509574,0.9638117926175571
12552,0.1925214095041156,0.2867823069822043,0.1425112380180508,0.2346846650831547,0.036352437608665196,0.002351443712225588,a1_low,0.17910653378842653,0.2890516515265518,0.15126022272339398
12643,0.14041267670691013,1.485175179205835,0.36863682912662626,4.838870983149938,3.3797429459540957,0.2186173974013831,a1_high,0.14541267670691013,1.5087486833106385,0.4213849571920385
12653,0.08304759170860053,1.7335572557523846,0.26133309620432554,2.266564132463854,1.9832459969714469,0.1282855191054219,m_high,0.08595730684163004,1.7635572557523846,0.30608324319765223
12685,0.0758699094876647,1.4600347835570573,0.4521437985636294,3.5833628206535693,2.7017321954728737,0.17476052779601745,m_high,0.07971856691007063,1.4900347835570573,0.5308057160591966
12776,0.19784374218434098,0.5438156850542873,0.0754287965223193,14.052219101164177,1.9874840472419923,0.12855965578830544,gamma_low,0.19320887098371792,0.5453979492659546,0.06285733043526608
12779,0.1114428760483861,1.4474549447000027,0.9473095334321261,3.141217539268462,1.9766155221266124,0.12785662934152778,a1_low,0.10641893976758296,1.4302453543140348,0.858178858183707
12818,0.0818574009463191,0.7914018482062966,0.7262821376975626,3.4889079262787415,2.522484470613882,0.16316595633734998,a1_high,0.087509318834714,0.7681380224131399,0.8473684088867791
12823,0.19801182616502047,1.4423297943454236,0.5066719671431928,4.6245194747548135,2.819323738045327,0.18236689236418027,a1_low,0.19301182616502047,1.4276620851782722,0.4656173874045398
12826,0.06805138550698757,0.2936860851570964,0.4996018270403147,0.5172400541237093,0.3053621656220612,0.019752236480901835,m_low,0.07672818663030044,0.26368608515709635,0.5187916035904004
12858,0.0705800473690033,0.9175806127674878,0.8468857457581908,3.780442707353466,2.2885834382763144,0.14803615630319367,a1_high,0.0755800473690033,0.900329296752332,0.988536563740128
12876,0.13260268662124872,0.24945096452720464,0.09806117284111678,0.057022019766638524,0.0570220197666348,0.0036884478362104517,a1_low,0.0803629138395218,0.25875,0.15336077187700123
12966,0.026310566253960135,0.85873619181104,0.5355728231742978,2.208298004733305,1.4108448439698127,0.09125996647025182,gamma_low,0.024795945610603082,0.8627064389041754,0.4463106859785815
12975,0.16363467928022146,1.0496317874081433,0.7789886223338545,4.70170388571758,2.11806443370547,0.13700619882332712,a1_high,0.16863467928022147,1.0484583521137798,0.8387185546677292
12989,0.08885993231087924,1.4556991655752063,0.9239559153001755,3.0194813028064904,2.160125919134037,0.13972693013996096,a1_low,0.08383251753368626,1.432801332764589,0.8132017006076045
13026,0.09981401562690735,0.8484079640544951,0.7726735405810178,3.6655843159226746,2.176395502341256,0.14077932199178073,a1_high,0.10481401562690736,0.8339558286975387,0.8660440999895022
13037,0.08219849355518818,1.283355109319091,0.3809427514486015,4.38066924566122,3.1465259459437154,0.20353184374024966,gamma_low,0.0789663213749715,1.2635597486090158,0.31745229287383453
13066,0.057931356318295005,0.2883418505825102,0.523542355755344,0.518430236942175,0.518430236942175,0.03353446429118461,a1_high,0.07421766233981708,0.22558333333333333,0.571666650191362
13085,0.09949695263057948,1.5281941156275571,0.5942285740561783,3.636647193962067,2.591769646014218,0.16764764176927083,a1_high,0.10449695263057948,1.5570459912308878,0.675007298018804
13094,0.026585341058671476,0.5630132718104869,0.3592790335416794,1.7259211529097254,1.2517199666451913,0.08096703381270538,gamma_low,0.02459417731444773,0.5818650736357196,0.2993991946180662
13098,0.05579311978071928,0.907377972342074,0.14235987082123758,3.356195447526651,1.7030496716363894,0.1101611255093021,gamma_low,0.05471373073630174,0.9019782995412426,0.11863322568436466
13120,0.1607419403269887,0.5485091703105718,0.8544277259893716,2.6974032732959583,1.0113338014008697,0.06541774540308733,a1_high,0.16589241653209574,0.5300227042126863,0.9090473770973736
13155,0.14017227608710528,1.82685218334198,0.6214587214868516,2.7269744208027435,1.5926105388518195,0.10301741186991681,a1_high,0.14517227608710528,1.8534150916403866,0.6652173902943425
13194,0.056949221156537534,0.8037387115415185,0.9286274628341198,2.8824085761273595,2.0947552891362404,0.1354984556005836,gamma_low,0.05259824097909921,0.8309739453456965,0.7738562190284332
13196,0.13656731303781272,0.5589047444425523,0.22041747918352486,4.632507930223145,1.9019042935029804,0.12302396170391626,a1_high,0.14156731303781273,0.5521886988925758,0.24285267197910507
13270,0.04141687080264092,0.5734098393283784,0.15838146776892245,3.4841977191948232,1.4976352151153898,0.09687396888486147,gamma_low,0.03976007823780138,0.5777753343672271,0.131984556474102
13273,0.02809668891131878,1.0083835984393954,0.7390001373458653,1.690204620676564,1.3420143027336962,0.08680768887772607,gamma_high,0.030258218650728107,1.0006508835710135,0.8868001648150384
13329,0.021835650131106377,1.4436992379836737,0.8570362508669496,1.160206657535205,0.7862529201290582,0.05085847351308796,m_high,0.023544241835277074,1.4736992379836737,1.0
13340,0.13875898141413928,0.292377126859501,0.15689447690732777,0.3233909051956469,0.1599894949612282,0.01034886012318064,a1_low,0.13088901419563637,0.2950320664423566,0.1634896942982004
13397,0.0543866140767932,1.4916803056839854,0.6049539473839104,2.462405854925581,1.7486832760221553,0.11311291799304798,m_high,0.057341521742037514,1.5216803056839854,0.6917407824159407
13399,0.19455323405563832,1.834410604685545,0.9920303438883274,2.295004805370755,0.9648353975521915,0.06241001369234126,a1_low,0.18955323405563831,1.8167560151737316,0.9563788061495782
13403,0.12219851277768612,1.742733997264877,0.5266326120775193,3.1567175124151423,2.113209810945073,0.13669217938154857,m_high,0.12706238933053746,1.772733997264877,0.5779297379536602
13420,0.12840387150645258,0.8716574329417199,0.19833264549262822,7.838163918988363,3.5800629490098506,0.23157502122538176,gamma_low,0.12498438853165296,0.8665290090172565,0.1652772045771902
13443,0.1453083898872137,1.5179711682442576,0.6008242287859321,3.9908064998864576,2.4132535869820364,0.15610039783857893,a1_high,0.1503083898872137,1.5375318299999703,0.6569250631355791
13444,0.11315764579921961,0.57804792849347,0.7746351698692888,2.554383365517409,1.2879988685413368,0.08331372089510906,a1_high,0.11823817845832957,0.5546287764217361,0.8444623638366507
13445,0.07487136535346509,1.7627444016560911,0.2696624300070107,2.2002947836203948,1.852090684107711,0.11980178717309893,gamma_low,0.07240364182270752,1.733090275852982,0.22471869167250888
13468,0.1401349013671279,0.7680934804305434,0.3067481741681695,7.721402037793472,3.324991320370148,0.2150758091563402,a1_high,0.1451349013671279,0.766391108900201,0.34907629286377384
13478,0.02578607611358166,0.612616966823116,0.03856753858737647,4.399693955890268,0.3980995599133101,0.025750919844087432,gamma_low,0.025559778323286562,0.6123118216934852,0.03213961548948039
13499,0.11814584247767926,1.4546256545651703,0.7184309118427337,3.3806673908894744,2.2754584894712955,0.14718717394132072,a1_high,0.12314584247767926,1.4737157864281711,0.7933421619614074
13531,0.12395609244704248,1.2164290843904018,0.9259223851375282,3.943984143848337,2.1752413723550776,0.14070466752903726,a1_low,0.11895609244704247,1.2112443311877326,0.8415926052891021
13567,0.15728906821459532,1.4958040118403733,0.9608461759611964,3.2888954663341408,1.6707316720146033,0.1080706478962068,a1_low,0.1522890682145953,1.482436020203208,0.8994096746449782
13600,0.15351835414767268,0.5622125749662519,0.014700506003573536,11.544536046408309,0.44421225800681824,0.02873370232357349,gamma_low,0.1528900497805903,0.5621902239608915,0.012250421669644608
13606,0.02708619311451912,0.8150024141464383,0.8562696858402341,1.3542581104690976,0.9874323152219618,0.06387168678679134,m_low,0.029006760077769752,0.7850024141464382,1.0
13611,0.10684827025979758,1.9665445528365673,0.14972288073971868,2.0636666008703988,1.6663531984202382,0.10778742798359876,gamma_high,0.10974683289098278,1.9917268836572577,0.1796674568876624
13615,0.16442002169787884,1.1224570938758551,0.6129783173743636,6.479708533281575,2.6465864284810388,0.17119344466270095,a1_high,0.16942002169787884,1.1271270111748228,0.6670575195000042
13635,0.1488646522164345,1.2045784760452807,0.7231798288691789,5.419772042207497,2.3790576013402362,0.15388844340827684,a1_high,0.1538646522164345,1.2106889058677919,0.7867269483270478
13657,0.026250303350389005,1.7906302175763995,0.3397787432651967,0.848988878175443,0.8056164426101762,0.05211099565960586,gamma_low,0.025126016006789802,1.7528267140408131,0.28314895272099727
13675,0.10945849251002074,1.0820067698601634,0.8500763314496725,4.052092933319633,2.2599270811802903,0.14618253065546888,a1_high,0.11460284786312311,1.079589285115479,0.9465788556611002
13691,0.11274214386940003,1.7631068058870734,0.5963169538136571,2.5284056215395774,1.7782891256641562,0.11502796120789928,m_high,0.11732784884729425,1.7931068058870734,0.648497936848923
13734,0.02531879059970379,0.27708194360136984,0.7044835731573403,0.14012702435866187,0.14012702435866187,0.00906406370566235,m_high,0.02334831853647785,0.3085,0.6520572293428616
13741,0.08451109398156405,1.2450150724314153,0.5920588361937553,4.181180113817054,3.1845046444184906,0.2059884815230688,a1_high,0.08951109398156405,1.2623481565585248,0.6959066526739196
13742,0.024769373051822186,0.7766729820240289,0.4594340352062136,1.9908293954329501,1.3438515358269896,0.08692652960724258,gamma_low,0.02337907335308531,0.7830287478317854,0.38286169600517805
13781,0.05485660526901484,1.164863398456946,0.27464489845559004,2.7040726589549218,2.1383106781824517,0.13831581950912764,gamma_low,0.053164373504267726,1.1507525537562908,0.22887074871299168
13783,0.19584114998579027,1.5081370647251606,0.13480968839488924,4.476085259416921,2.7595085523356846,0.17849776964270925,gamma_low,0.19274314673924542,1.4950111566061584,0.11234140699574106
13785,0.027619546838104726,1.259747426584363,0.24213043792173267,1.4777030492508298,1.0453523519735064,0.06761822251288058,gamma_low,0.026880951251215385,1.2446655788326892,0.2017753649347772
13812,0.103495691716671,0.8516841155756265,0.3967203967086971,6.492744832082913,3.626431227220115,0.23457433580829887,a1_high,0.108495691716671,0.8503871283558928,0.46369046206443093
13845,0.051232877373695376,1.1973061720840632,0.65344711760059,3.052244724496925,2.333434965960395,0.15093736045054096,gamma_low,0.048223812329001706,1.1824825246620194,0.5445392646671584
13884,0.14688101634383202,0.2631328723859042,0.264007006296888,0.3563912407732171,0.3563912407732027,0.023053032955585466,a1_low,0.12695605604088597,0.2753333333333333,0.2865120269663782
13905,0.024992388673126698,1.2404201232735068,0.8944123339280486,1.385853323587896,1.094358415168074,0.07078816122236418,gamma_low,0.023202115729789332,1.2277408348399157,0.7453436116067073
13913,0.025102543830871585,1.74111377928406,0.14560125830583276,0.596152858333441,0.5636714102859446,0.03646087252102933,gamma_low,0.024750711845473835,1.7280187490267822,0.12133438192152732
13933,0.08400894030928613,1.1511704632733017,0.4607547287736088,4.437894181069395,3.5137684601326233,0.2272867872229278,gamma_low,0.08012960716743449,1.1365021220793943,0.38396227397800736
13941,0.056250243261456494,1.4585491693671793,0.9904888705722987,2.442477109936401,2.01681765396798,0.13045708907284204,gamma_low,0.05167317317159327,1.4271184457986033,0.8254073921435823
13946,0.07418774962425233,0.8985229655448347,0.40963044168427587,5.789632540731821,3.274223492496037,0.2117919113632119,gamma_low,0.0707175808894384,0.8955395471239048,0.3413587014035633
13973,0.052588102594017985,1.7310952766519039,0.8110342328157276,1.1829038516474362,0.8030452229448043,0.051944677285581664,m_high,0.0550137280099269,1.761095276651904,0.877190478028131
14029,0.07814741432666779,1.064490431305021,0.7340960396919399,3.9592118156798692,2.7094678326762227,0.1752609045701333,a1_high,0.08314741432666779,1.0637374355118387,0.8563991839357082
14044,0.1432189591228962,0.5667880752589554,0.45482432868331674,3.45615027426019,1.4198078690231561,0.09183973636439452,a1_high,0.1482202626831426,0.5551651283513459,0.48631520248854776
14064,0.17456192336976528,0.2843241197988391,0.6813893715757877,1.403450939758441,0.20583282876474274,0.013314218875190093,a1_high,0.17956733796627977,0.27347570608673893,0.7003279379945029
14067,0.13508461117744447,1.7438098601531238,0.3161139958444983,3.7486751765489204,2.732000233980444,0.17671840444781758,m_high,0.1399264235379801,1.7738098601531238,0.3609541842864354
14092,0.1347187200561166,0.9398923401813954,0.12235343613661825,6.845933123337271,2.665529697715133,0.17241878288648185,gamma_low,0.1325027081132415,0.9344668437267281,0.10196119678051521
14103,0.19716888014227152,1.2793259990774095,0.4691719245351851,6.43071225261857,3.1550528577659427,0.20408340381456774,a1_low,0.19216888014227151,1.2679263751745677,0.42770786003247724
14171,0.12329763416200877,1.792220118753612,0.95284040289931,2.192273036485556,1.2489142578762025,0.08078554759947819,a1_low,0.11829763416200877,1.7648382776043376,0.8928867079514525
14176,0.15043485667556525,0.7654618028458208,0.2519022147823125,11.797375080536058,3.530755864319351,0.22838561105399857,a1_high,0.15543485667556525,0.7653477281033063,0.2896087654880409
14258,0.079970015399158,0.8410109438281507,0.5063328862190246,5.331554219435871,3.243903903043691,0.2098307001579973,a1_high,0.08497001539915801,0.8329386920629086,0.5999320269143518
14281,0.04990109298378229,1.2291932797338814,0.6906463104020805,3.0558685789811864,2.2383104571807766,0.14478426748724918,gamma_high,0.05355549712231569,1.2434686715108243,0.8287755724824966
14293,0.05539133958518505,1.5096662173885853,0.531324957376346,2.5749313121677346,1.783722753956864,0.11537943340409701,m_high,0.05820035164970416,1.5396662173885853,0.611186539480688
14295,0.19569379892200234,1.1664542485401035,0.8874660980515182,4.75894935854155,1.9150156829903027,0.1238720669864395,a1_low,0.19069379892200233,1.1644959508438502,0.8345999067868143
14297,0.027769711986184123,1.912342967428267,0.9947853778954595,0.4854184380260638,0.4854184380260638,0.031399108532481866,m_low,0.025990920497837293,1.867333333333333,0.9060305822453382
14315,0.1109664510935545,1.1935614815726876,0.4541710306610912,5.41658684527915,3.6816271876964937,0.23814466568822673,a1_high,0.11596645109355451,1.2085139017472097,0.5273672652544472
14317,0.08135379515588284,1.446351320752874,0.6644199665356427,3.403806771790242,2.699755659915651,0.1746326763391755,m_high,0.08628691818926405,1.476351320752874,0.7636294317165417
14327,0.193116114474833,1.5373168380744755,0.2732855090778321,5.441807480774424,3.591040579174711,0.2322851050911236,a1_low,0.188116114474833,1.5170716001084792,0.23700474475122
14352,0.16614086199551822,0.2928156993258745,0.6975529579631984,0.8054144542681538,0.23683543305891486,0.015319610637770879,a1_high,0.17114963281952286,0.28078282429636625,0.7198469681260834
14420,0.1084211990237236,0.2788509971089661,0.950122421681881,1.1846439300126614,0.36351228084587195,0.023513654746169132,a1_low,0.10342094539879122,0.30515515086780237,0.876662840389176
14456,0.17726739682257175,0.5580046052206308,0.1859694774542004,5.6969683558653115,1.7524373620795632,0.11335574963338733,a1_high,0.18226739682257176,0.5535581868518967,0.20267522336458002
14476,0.1369745299220085,0.48855041870847343,0.9314388140942902,2.821077365371919,0.9976787125959864,0.06453447113532623,a1_low,0.1316647415897244,0.5125653648854159,0.8630979302764131
14485,0.05300730112940073,1.482685372326523,0.883446377934888,2.182222833838455,1.560512008971606,0.10094113057425697,m_high,0.056565822801629105,1.512685372326523,1.0
14486,0.03770021554082632,0.5168433115724475,0.02318563633598387,4.250592845937936,0.40320520158003137,0.026081176349121,gamma_high,0.038099099187412305,0.5163497723941143,0.027822763603180648
14516,0.10124340951442719,0.5513830932043493,0.7590643810946495,2.175972122266907,1.2797125528793911,0.08277772369265038,a1_high,0.1065168169512332,0.5240279765930582,0.8360838766188924
14576,0.17497878093272448,0.5332811351213604,0.5180841581430287,3.1931940513580552,1.05101185601006,0.06798430539635404,a1_high,0.17997914043944824,0.5223623774250297,0.5441540855127726
14608,0.16699499357491732,0.598828349672258,0.030256011551246048,18.939007641474923,1.0722360883383633,0.069357186857357,gamma_high,0.168453793685939,0.5990203129449997,0.036307213861495255
14634,0.055951216071844105,0.8163857410941273,0.3150822424888611,5.580007663251944,2.5401579599965314,0.16430915933048323,gamma_low,0.05365064848107352,0.8149064173351023,0.26256853540738423
14643,0.1336567746475339,1.807635546186939,0.26322276635095476,3.6797336022629303,2.842263761010059,0.18385075909519344,gamma_low,0.1292579205016328,1.777511918356036,0.2193523052924623
14668,0.13136767707765104,0.8018838042858988,0.8101630750484765,3.700478418611097,1.8294017511121956,0.11833416210201715,a1_high,0.13636767707765104,0.7883850239110833,0.8817951456036083
14669,0.0805791074410081,1.6091126538719982,0.29020874357782306,2.9417902033329044,2.276830165788672,0.14727590030642515,gamma_low,0.0779565480283,1.5826395817417849,0.24184061964818587
14677,0.053650494478642945,1.7911596477869898,0.7580616894736886,1.1726794934047202,0.7444524881692791,0.048154628341596444,m_high,0.055969101991338026,1.8211596477869898,0.815046858215803
14678,0.04312978181988001,0.20732927242293955,0.1483210079371929,0.028654371428461594,0.028654371428461594,0.00185349720556763,a1_low,0.024384531222554465,0.22558333333333333,0.23519526350709594
14699,0.10958232190459967,1.4835371673852205,0.2164978201314807,4.167395167378235,2.6388952874565694,0.17069594610712907,gamma_low,0.1069140673767599,1.4648542423773552,0.18041485010956726
14730,0.056302794814109804,0.9026865776441991,0.5100969561934471,3.5633941381314234,2.6824871806843347,0.17351567127488518,gamma_low,0.05324579816224315,0.9026865776441991,0.4250807968278726
14754,0.09570902865380049,0.7762345281708986,0.8762672286666929,3.4382012178594437,1.813847561299195,0.11732804520200975,a1_high,0.10072577069705467,0.7536801137138494,0.9806932347353837
14762,0.054192980751395226,0.2774863554537296,0.16329650045372546,0.10754610249413782,0.10754610249413704,0.006956579066486784,a1_low,0.039680377231021316,0.29191666666666666,0.20619860095022213
14765,0.08472953829914331,1.3356098269950598,0.4851499961875379,4.342088875393094,3.3386012665138165,0.2159561633880914,gamma_low,0.08071969979611653,1.3123670016876432,0.4042916634896149
14783,0.1599441109225154,1.1818668292555958,0.32062214764766395,6.56360068638165,3.952853361000816,0.25568882838436,a1_high,0.1649441109225154,1.1949721465311713,0.3672100781979913
14864,0.16599352844059467,0.8815176072809845,0.4563391762133688,8.29093032680867,2.8560781136891924,0.18474433528657577,a1_high,0.17099352844059468,0.8807102236699518,0.5009143232103022
14866,0.08194143306463958,0.2914373930543661,0.09994346691295504,0.09821411729351014,0.09821411729351014,0.006352943124412689,a1_low,0.04528594658450773,0.3085,0.16378937069540644
14916,0.1173911802470684,0.2473081495705992,0.5015830066148191,0.4609259504638064,0.2974816324679236,0.019242487166873302,m_low,0.13620966028853673,0.2173081495705992,0.5114680851972369
14933,0.053967578709125524,1.7396086365357042,0.7182696099951863,1.372533911863894,0.8849772721089697,0.057244420975696986,m_high,0.05635454597650227,1.7696086365357042,0.7801231056546806
14952,0.1987402390688658,0.9616855905763805,0.634659069404006,7.273863899378412,2.387418381166972,0.1544292572971423,a1_low,0.19374023906886578,0.9622526099970992,0.5909418922692655
14957,0.08423070907592774,1.3055603832006455,0.6009835833497346,4.360529756615116,3.0735710132729923,0.19881278144376363,a1_high,0.08923070907592774,1.326565605504067,0.7047489838468516
14984,0.1915625359863043,0.23826499992981554,0.5791952789295465,1.2287398163258074,0.5021469437385312,0.03248118561341838,a1_low,0.1696454703304553,0.270438120836991,0.5500379890451512
14999,0.199667245708406,1.4803591720294207,0.2858531732577831,5.499755851934761,3.6227897994958167,0.2343387914297347,a1_low,0.194667245708406,1.4619740413632094,0.24997502099015353
15012,0.12271337881684304,0.9561699135322124,0.31051460448652507,8.583872478057671,4.2538010560990775,0.2751555165048537,gamma_low,0.11823058094446082,0.9487496778069707,0.2587621704054376
15085,0.08209024108946324,1.7784312754962592,0.9441951232310385,1.5263287086197266,1.022666884823181,0.06615082162868739,m_low,0.07842540377004939,1.7484312754962592,0.8770948163124357
15116,0.13449733126908542,0.538361924123019,0.9432528601028025,3.108853878723685,1.092672255233192,0.07067909260310494,a1_low,0.12949733126908541,0.5609627140835886,0.8745145556392089
15144,0.19674530066549778,0.8177631169930101,0.9088092038035392,3.9631686687747663,1.5574420429648381,0.10074255098129893,a1_low,0.19174530066549778,0.8268064762440065,0.857423956623952
15147,0.10648639127612114,1.2200157802086324,0.05205406714230776,3.527427003895794,0.9826395487370464,0.06356166849485612,gamma_low,0.10578943475228023,1.2157463563982724,0.04337838928525647
15204,0.12062958814203739,0.2735303999297321,0.43190458786673847,0.5273838609484335,0.10075850661943539,0.006517525988051927,a1_high,0.1256295881420374,0.26589751775548964,0.43212443409473633
15210,0.05278476085513831,0.5199767083488405,0.44834501124918463,2.565309792715594,1.8905925143040114,0.12229226353396577,m_high,0.0480446335938809,0.5499767083488405,0.3774223408262108
15239,0.17709683254361153,1.4604397421423345,0.7409776085987687,3.913789459817124,1.996289638841733,0.12912924215889593,a1_high,0.18209683254361153,1.4732676694753573,0.7912249683638595
15253,0.051859375461936,1.0580088903289289,0.5960343929845839,3.3495001259543833,2.460858805323174,0.1591797234272077,gamma_low,0.0489325334512509,1.0508028998828352,0.4966953274871533
15275,0.10824767909944058,1.7394813163392246,0.39526642207987606,2.991146655909527,2.246834812137062,0.14533566217165841,m_high,0.11223854432738453,1.7694813163392247,0.43938890531637764
15287,0.19040427450090647,1.022707237303257,0.33992098533548415,9.014518394626043,3.511106861386061,0.22711462271213362,a1_high,0.19540427450090647,1.0288412059508636,0.37828132515874535
15292,0.1499611172825098,0.49962884372100236,0.44418886048719286,3.628314388826226,0.9719141295169431,0.06286789879892564,a1_high,0.1549611172825098,0.4882639240338537,0.46680604578999335
15321,0.02798806391656399,1.5092620427627117,0.08335826501250267,0.6203666680052268,0.3888710663985872,0.02515397822267228,gamma_low,0.027705178095535875,1.5005770218417183,0.06946522084375222
15385,0.02815734725445509,1.441450560707599,0.7015110961534083,1.446764301166378,1.234568509721879,0.07985759829225993,gamma_low,0.026344597487551018,1.4097901488937075,0.5845925801278403
15386,0.06841560024768115,0.5416826890502126,0.3208873479627073,3.0570168630398142,2.550833460337687,0.1649997000425616,gamma_high,0.07549187285203394,0.5143707871942198,0.38506481755524874
15391,0.15166596304625274,1.1964951002877207,0.41682304952293636,6.717645114882843,3.5306831040036277,0.22838090458042593,a1_high,0.15666596304625274,1.208594129812616,0.46912629972269176
15398,0.02805139645934105,0.5765329945925624,0.7538500844594092,0.9215359447968314,0.661823493741192,0.04280980301001717,m_low,0.029761905097970876,0.5465329945925623,0.8460927988276895
15414,0.04976771976798773,0.2630923010967672,0.5629924195539207,0.47039702632814506,0.207281000268355,0.013407893302557289,a1_low,0.04476771976798773,0.2926320230967304,0.5358899784645386
15447,0.19463708139955999,1.3315883080009372,0.3330622564442456,7.058498783953417,3.7140139455809056,0.24023959090359998,a1_low,0.18963708139955998,1.3165655826678229,0.2944618352493828
15511,0.19940815046429636,1.2346878158207983,0.7827149268053472,5.00729918209677,2.1418573191254455,0.13854523264050284,a1_low,0.19440815046429635,1.2293081859048833,0.7339396440880346
15522,0.09654885139316322,0.9552624647691846,0.09827764772810041,5.939982352895604,1.8501152931754183,0.11967400975588881,gamma_low,0.09526027331336986,0.9503747836140924,0.081898039773417
15528,0.19439517091959715,0.8594968084990978,0.7113180476706475,5.226898938902003,1.874763606371242,0.12126837659602258,a1_high,0.19939517091959716,0.8537228284033652,0.7569507461904018
15574,0.04132050629705191,0.567739125508815,0.7383343866653741,1.475124235835417,0.7918801952058294,0.05122247167845675,m_low,0.043710082838862484,0.537739125508815,0.8227266282920449
15592,0.19691230710595847,0.2515233565773815,0.28946206444874406,0.585687268479999,0.05417670352054499,0.0035043996282694695,a1_low,0.18806142327836417,0.2556184706630999,0.29626535393991393
15596,0.1302645217627287,0.8474688270222396,0.967272410551086,3.621244248678652,1.8249580900350058,0.11804672556167552,a1_low,0.1252645217627287,0.8607697774375201,0.8856744846141044
15598,0.020432375930249692,0.504252224843949,0.5809188656881452,0.8180797006363758,0.4987647079680582,0.032262406968603455,m_low,0.02190498721882669,0.474252224843949,0.6506546613909457
15603,0.13446298446506263,1.5940689603425562,0.1490072659496218,3.2351939487169803,2.193073587158248,0.14185813761611543,gamma_low,0.13210003526115105,1.5786545805958314,0.12417272162468483
15610,0.07246829438954593,0.28466453795321284,0.3920758179482073,0.26581966415404834,0.26581966415404407,0.017194444691432498,a1_high,0.08502180667959207,0.25875,0.3852248420036754
15620,0.11511508207768202,0.2872205236088485,0.7156027551181614,0.6967002899919033,0.2512378796704782,0.016251227463305377,a1_high,0.12011678109855664,0.26963977360472147,0.7499806751156799
15639,0.197327021881938,1.4366436459776013,0.11209338525310159,3.857521264203469,2.4873871005909516,0.16089569619841493,gamma_low,0.1947092709868757,1.4261439228868815,0.09341115437758465
15645,0.09986064620316029,1.279655037773773,0.7290020643547177,4.2014534562908326,2.552659956049053,0.165117846228579,a1_high,0.1048606462031603,1.292416385888612,0.8233008017453577
15691,0.10113060791045428,1.2063299562595784,0.8209559827949852,4.016368184980429,2.3095003995888943,0.1493891620544671,a1_high,0.10613060791045428,1.2122804029248762,0.91961662609112
15694,0.016216872446238994,0.5473881361633539,0.9106528195831924,0.6580326476169474,0.24956753588971525,0.01614318190600844,m_low,0.016986539014213077,0.5173881361633539,1.0
15697,0.02373105771839619,1.7928527999389916,0.24441958152689042,0.780417361123929,0.6805793833037814,0.04402302065043851,gamma_high,0.024616074122451655,1.8252684236488697,0.2933034978322685
15705,0.026355492137372497,1.297512860149145,0.9815828614123165,1.4896365465366057,1.0737429292970748,0.06945465629629338,gamma_low,0.024343372959753584,1.281931858992353,0.8179857178435972
15739,0.11282579153776169,1.263213270334527,0.23391179410740734,4.745255650957667,3.2040977597287386,0.2072558547951217,gamma_low,0.10986885724542429,1.2481399431420186,0.19492649508950613
15746,0.0935073146596551,0.5617907955404371,0.02872007858939469,7.26062115838039,0.6839103727983064,0.04423848444922715,gamma_low,0.09275639203605655,0.5618614599103859,0.023933398824495574
15790,0.024664169363677504,0.2748218794539571,0.8542231118306518,0.21661798810382338,0.13154096877376356,0.008508677939368759,m_high,0.02314999991741721,0.30563794429692515,0.7806990903477706
15819,0.10288570877164603,1.7217109378706663,0.7252424513734878,2.217943654704173,1.744896399800044,0.11286796533327537,m_low,0.09851608172144671,1.6917109378706663,0.6621142503373246
15833,0.02773368824273348,1.7547834421787412,0.5764965704735369,0.770581711688083,0.7705817116880824,0.049844787307276955,m_low,0.026460830668928063,1.7180833333333332,0.5179474679231213
15953,0.024878220446407796,1.7432599154114723,0.29919606843031943,0.8623194901418423,0.8241846705420742,0.053312074478244036,gamma_high,0.02596332855625779,1.7791343619709583,0.3590352821163833
15995,0.11392488982528448,1.2116466095484792,0.3181765593402088,5.483469560008492,3.8489348426264307,0.24896689822810003,gamma_low,0.11002457632751862,1.1954741221775365,0.2651471327835073
16028,0.14036623984575272,0.9217824294511229,0.13529094684869053,8.076792865571457,2.9388673436691892,0.19009952539437913,gamma_low,0.13780499151389342,0.9163116345757422,0.11274245570724209
16079,0.16931326780468225,1.1546363181434571,0.44867084474302826,5.753308519347204,3.259546668126255,0.21084254651590012,a1_high,0.17431326780468226,1.163533957151125,0.4963248537767424
16110,0.021064902842044833,0.8488537719286978,0.3232715396676213,2.2116347463378947,1.1479833369155987,0.07425686905481363,gamma_low,0.02020789254116532,0.8460747406177481,0.26939294972301775
16148,0.11239357497543097,0.25666512761265037,0.23602676092647018,0.17139154836875922,0.17139154836875922,0.0110863976462547,a1_high,0.15378964746080956,0.24216666666666664,0.18682223847710375
16151,0.197088117338717,1.7822097559552639,0.8483071651589126,2.7030510889259762,1.2758060650823748,0.08252503400328028,a1_low,0.192088117338717,1.7647766086814112,0.811510516624649
16170,0.05562437381595373,0.5625975917000323,0.8081976821180433,1.5006967552810093,0.8722906540996714,0.05642379187597848,m_low,0.05860387047751185,0.5325975917000323,0.8951233596294834
16192,0.16086234990507364,0.8894009343907238,0.21891208962537348,8.996686204738236,4.235668975342065,0.2739826497016801,gamma_low,0.15626393983677955,0.8837820624966838,0.1824267413544779
16202,0.06142911333590746,0.8025015883892774,0.5883799248468131,3.9044611678030474,2.689898849140163,0.17399509225278967,gamma_high,0.06605637020413996,0.7843993546537398,0.7060559098161757
16211,0.12669574394822122,1.7905939089506864,0.6058879917208105,2.638386223684299,1.9384857574529792,0.12539021989862748,a1_high,0.1320957795305305,1.8214078521357062,0.6626553768272795
16224,0.15052461083978416,0.2713365219719708,0.570607013553381,0.6925755639212718,0.14588242055071518,0.009436349337037587,a1_high,0.15552461083978417,0.2619916022234259,0.5802019835575085
16261,0.07365848664194345,1.210316573306918,0.6095569674950093,3.989952909182371,3.156246996409862,0.2041606462222433,gamma_low,0.06951377598961088,1.193702210496999,0.5079641395791744
16274,0.0837576212361455,0.9654412972927093,0.5390910928323865,4.977069354487877,3.3826410388183255,0.2188048594449577,a1_high,0.0887576212361455,0.9653382285212585,0.6371421225211507
16295,0.18720248006284237,1.2459466664027423,0.3573693060036749,6.8696293988602255,3.5097188255136764,0.22702483813538532,a1_high,0.19220248006284238,1.2582626667786856,0.39824088063791324
16303,0.16270324867218733,1.7358301560766995,0.6227366476505994,3.016009408458339,1.7910994110130738,0.11585658968282574,a1_high,0.16770324867218733,1.7576678788695186,0.6652863501364745
16329,0.049981867708265786,1.7232714303769172,0.12787489557638765,1.0861158290264454,0.7848384540509389,0.050766979308452906,gamma_low,0.04918417597462861,1.7080291182188034,0.10656241298032303
16333,0.0791355535387993,1.3220259807817638,0.635301926592365,3.9812638788819603,3.066677059086247,0.19836684861803947,a1_high,0.0843146117026371,1.3438841780252029,0.7538055587992653
16357,0.06863861810415983,1.4445690159220248,0.7559131799545139,3.117071102315408,2.3213909629170013,0.15015829865745609,m_high,0.07307347584931399,1.4745690159220248,0.8639273730580012
16358,0.028330867178738117,0.5448163230530918,0.142772909803316,2.7239650338948262,1.0610830485235854,0.06863575668458616,gamma_low,0.027120268799875846,0.5499390785398908,0.11897742483609666
16375,0.19303531888872386,1.042265791958198,0.9165914255566895,5.377035606181544,1.6978409370764445,0.10982420047936367,a1_high,0.19803531888872386,1.0390768710743659,0.9716657591596058
16443,0.11686527598649264,1.5188931174762548,0.7426388288009912,3.149495603452118,2.0931758794949022,0.1353962920837891,a1_high,0.12186527598649265,1.5404262712679413,0.816196491234314
16457,0.047496991045773033,1.7257740530464798,0.7992200134694576,1.2034034496084627,0.8376079899571124,0.05418035683046141,m_low,0.04544293965708522,1.6957740530464798,0.7351604851529192
16474,0.06486557424068451,0.5742938063759356,0.38136892445385456,2.968809543613671,2.0927809046378703,0.13537074328417206,a1_high,0.06986557424068451,0.5518947459931609,0.4438236602119912
16479,0.15523888282477857,1.1629123181011527,0.35540512459352613,7.401023392276225,3.8179296892667858,0.2469613415801808,a1_high,0.16023888282477858,1.1749681088069837,0.4044319900978356
16488,0.19884584024548532,0.2932254339475185,0.924501773416996,1.352110074396309,0.3038063822365835,0.019651601219554334,a1_low,0.19384536165154995,0.3074693788874346,0.8855209037847918
16520,0.19205870255827906,0.5337215312663466,0.8716966300923378,3.002517067544725,0.9063973616415623,0.05862997138606941,a1_high,0.19730308862312057,0.5175857063943695,0.9188962506175741
16528,0.16747383363544943,0.8479169404413551,0.34970825010910633,9.948988959489547,3.212213528479395,0.20778082023496497,a1_high,0.17247383363544944,0.8483830996104764,0.3895276268312107
16531,0.12950790598988535,1.1879820999503137,0.7114603183232248,5.263656967064544,2.6197045728150528,0.16945460197052145,a1_high,0.1346789243930535,1.1940088401441884,0.7878427655742333
16562,0.08089362252503635,0.8756540301814676,0.5864176612161099,4.891264309441291,2.9858283447870915,0.1931371800349633,a1_high,0.08589362252503635,0.8668766085915743,0.6870435524833499
16571,0.11822973992675544,1.0656912699248642,0.8306148116663098,4.2683101723064345,2.2045650571855293,0.1426014590195043,a1_high,0.12322973992675544,1.0633762193255836,0.9161330903173664
16610,0.0992200244218111,0.922651332616806,0.15961272458545864,6.9458372199294764,3.0464148497213794,0.19705619524948903,gamma_high,0.10173845493592358,0.9291677466751385,0.19153526950255037
16721,0.023566180281341078,1.222236755732447,0.9454947073943913,1.3839948361146268,1.0142249859153625,0.06560476058266548,gamma_low,0.02184868288609354,1.213638240563509,0.7879122561619928
16724,0.10906259883195163,0.5635505471751094,0.7861129719763994,2.152113661894414,1.2665864890872247,0.08192866920825441,a1_high,0.11426568136118415,0.5378983085465749,0.8606742853019193
16747,0.1097315926104784,1.439885353324935,0.7301560503337532,3.3313083134649064,2.294651414664232,0.14842866106661293,a1_high,0.11473159261047841,1.4595423839324848,0.8114045082737219
16750,0.020139535516500474,0.8434019532892854,0.518265152266249,1.793658281200658,1.1161208755526817,0.07219585776213479,gamma_low,0.01899093599321961,0.8477100226890381,0.4318876268885409
16758,0.045554475858807564,0.5357840413507075,0.05029277112334967,4.98201217954397,0.7454705945268324,0.048220484167239196,gamma_low,0.04480415800826594,0.5366463935170919,0.0419106426027914
16808,0.19526540078222754,0.9758032353036106,0.8021449396852404,6.305479243462963,1.9969016998039053,0.12916883309132504,a1_low,0.19026540078222753,0.9786061025086018,0.7522313739177747
16823,0.19009191673249007,1.722280036797747,0.10542746142484247,3.077439064523408,1.9524759627976602,0.12629517105333773,gamma_low,0.18761196798150312,1.709678719148837,0.08785621785403541
16850,0.08706420715898276,0.27744061522185803,0.482089396296069,0.5034563296161082,0.3306677946597775,0.021389121548286344,m_low,0.09990736404353863,0.24744061522185803,0.4931086355098865
16857,0.02750813290476799,1.2448954658024014,0.377460932508111,1.596609502234374,1.2744123971971597,0.0824348851219068,gamma_low,0.02642000281822025,1.226206338756892,0.31455077709009255
16884,0.10319506023079157,0.650306684365496,0.03712512411177158,9.544566442128277,0.9145912556397516,0.05915999032807546,gamma_low,0.10241115183957306,0.649711741296721,0.030937603426476317
16918,0.03936932440847159,0.7165326242800802,0.16405134305357935,5.307449237594209,1.5186988686105942,0.09823646336462614,gamma_low,0.03829809000782915,0.7154555888405335,0.13670945254464947
16921,0.028568382747471335,1.1522692815307527,0.7410377531126141,1.589431705091317,1.3698626437918462,0.08860904831287689,gamma_low,0.026745360229202417,1.1425401688117207,0.6175314609271785
16959,0.1624711958691478,1.772913667280227,0.7528892990853637,2.5163773434973056,1.415392880927278,0.09155415452503174,a1_high,0.1674711958691478,1.7941392667812786,0.7949685855177601
16985,0.025238334573805334,1.7564662064053118,0.25779059060849246,0.8945002219399873,0.6796666850099142,0.04396398310562853,gamma_low,0.02442877231331603,1.7274218264346841,0.21482549217374372
17002,0.05219218917191029,0.2916346023976803,0.29983731210231784,0.22814405660071915,0.22814405660071915,0.014757412230521889,a1_high,0.07464061051374304,0.25875,0.2511886431509581
17028,0.11282108332961799,0.2856544711068273,0.39712160907685756,0.38233772529664595,0.2815592512102366,0.01821255394217196,a1_high,0.1178568226400857,0.2784080652376353,0.3942888300428591
17064,0.19397192019969225,0.5666723235603423,0.7312350299302489,3.2668380853312344,1.022684254328658,0.06615194516859628,a1_high,0.19900401336118925,0.5537873158807881,0.7682014243286228
17072,0.17168160509318114,0.8731531496439129,0.20923768064007164,9.399460934980024,4.110447821711755,0.2658827666206226,a1_high,0.17668160509318115,0.8779632068635047,0.24501094243391805
17102,0.018701735697686673,0.5540811274852604,0.23639218642376364,1.5720662657346098,0.9065561438828923,0.058640242155446914,gamma_low,0.017566890081992807,0.5652438501520399,0.1969934886864697
17140,0.10443987958133222,0.8339174660108983,0.4482842766493559,5.114654833887949,3.265832502547248,0.2112491433439987,a1_high,0.10943987958133222,0.8297455751071091,0.5162979920696315
17143,0.192352794110775,1.1739825106132775,0.5818786921724677,6.114880122430376,2.607835898797703,0.16868688126934075,a1_high,0.197352794110775,1.1801254878340997,0.627356131273191
17160,0.19271867517381908,0.48539884445257486,0.7593357957527042,2.9936322566413613,0.7715902817232987,0.04991002627950705,a1_high,0.19787447972620714,0.4710868181670818,0.7952740118861644
17180,0.1377292750403285,0.27357616981491445,0.1981862875726074,0.2616012261093299,0.20279425579194651,0.013117669928791048,gamma_high,0.10371864309736462,0.2916895180533546,0.23786341406732106
17183,0.15299021024256945,1.733046579407528,0.8225504725705832,2.3522122231004716,1.3873547458809614,0.08974051833735892,a1_high,0.15799021024256946,1.754206360556444,0.8704696791798316
17237,0.05335326362401247,1.4646196858026088,0.5535388539358973,2.4471535656106025,1.8855516922680742,0.12196619986229533,m_high,0.05627252938468864,1.4946196858026088,0.6408961314471129
17242,0.0646455740556121,0.9055689350515604,0.09631630979478359,4.22509781881306,1.4302377694348294,0.09251439053769052,gamma_low,0.06377548743014655,0.9013564945073673,0.080263591495653
17268,0.10470221415162087,0.5383162431977689,0.6785968237742782,2.7837267171578346,1.2039327133352606,0.07787593336079558,a1_high,0.10970221415162087,0.5153744417369241,0.7386253130584998
17319,0.1873675486072898,1.7538988561183215,0.5849252065271139,3.185192972207038,1.7784224169072094,0.1150365831016701,a1_high,0.1923675486072898,1.7734662226411784,0.6208994903342265
17363,0.12549551483243704,1.7391928341053426,0.25048208988271653,3.706932073749921,2.740710923968654,0.1772818521434692,gamma_low,0.12166335842436228,1.7116890597254413,0.20873507490226378
17404,0.1461765928193927,0.5607173401303589,0.017752647381275893,8.66677248843392,0.522021120690685,0.033766739251743345,gamma_low,0.14544837952055903,0.5607126651334139,0.01479387281772991
17407,0.15665226746350527,1.4604850672278553,0.8789924743957818,3.397121645534522,1.8890723198926302,0.12219393033198127,a1_high,0.16209951102399195,1.4737473429564922,0.945276579032988
17431,0.19827512335032227,1.6436121199745686,0.1407182571478188,4.18160473687478,2.665257228910859,0.17240115834467026,gamma_low,0.19493751150946298,1.6283017618379914,0.11726521428984897
17433,0.02831324599683285,1.3964375262428075,0.24804340097121896,1.3005814460532026,0.9780472274244041,0.0632646159232685,gamma_low,0.027524654851726033,1.377327141471849,0.2067028341426825
17446,0.027981089986860753,0.5278785298578441,0.3155683719180524,1.8850739616242485,1.2578239710723678,0.08136186903625198,gamma_low,0.025681928666680762,0.5477661559419355,0.2629736432650437
17451,0.10761499293148519,1.7406820400524885,0.6981183184217662,2.5001956962830083,1.622005640372166,0.10491882292202673,m_high,0.11229221376837392,1.7706820400524885,0.7576873729559542
17530,0.07360443957149983,0.8572561320569366,0.5236377265583724,5.0136182232943876,3.2748085064929247,0.21182975277289548,a1_high,0.07860443957149983,0.8487782074846604,0.6279330435278263
17538,0.09291589930653572,0.2848618362564594,0.2555071533191949,0.2819708987512064,0.15856357185215655,0.010256624824820773,a1_low,0.08503349897100348,0.2926902529521611,0.2678300020784084
17582,0.02406960688531399,0.5672986700572074,0.8836061114445328,0.7861432625779735,0.42684249434127025,0.02761014571386593,m_low,0.02532871651983771,0.5372986700572073,0.9790943886410238
17625,0.02666343301534653,1.0503126255702226,0.66681416480802,1.7463088676883094,1.3481768393838536,0.08720631023603405,gamma_high,0.02859133629176414,1.0503126255702226,0.800176997769624
17679,0.17435055691748857,1.1715253612957894,0.11922264367341995,5.053349729442298,3.196420764637005,0.20675927126387206,gamma_high,0.177396067281277,1.1811009833828243,0.14306717240810393
17749,0.0538274135440588,1.2190860692225396,0.05655603687278927,1.9877354204976485,0.6339754793829677,0.041008464707327795,gamma_low,0.053443501357134854,1.2144555654764233,0.047130030727324385
17770,0.05237830225378275,0.8441384599823505,0.4992005261592567,3.596141103763201,2.517523876152911,0.16284508215609916,gamma_low,0.04946247431133751,0.8475965889428974,0.4160004384660473
17773,0.0829179059714079,1.7794500427879394,0.14918885015882552,1.6318962910637218,1.3194004138311057,0.08534491800548367,gamma_low,0.08133837630122322,1.761069784282718,0.12432404179902126
17775,0.16775162126868964,1.4367196029331535,0.28781568583101036,6.0091263749945485,3.684297025316143,0.23831736312741833,a1_high,0.17275162126868965,1.4567636260050905,0.33068492332866734
17800,0.19121403843164445,0.6967247742414474,0.1646949221752584,13.198660944661988,3.1716325290205383,0.20515585359474675,a1_high,0.19621403843164445,0.6966322078837266,0.1895918586450744
17820,0.13917287476360798,0.5432026473339647,0.8508331406954676,2.4295754395073517,1.0581088029252574,0.06844336873013615,a1_high,0.1443489476787109,0.5217122530497188,0.9138298665940712
17824,0.15493669342249633,0.5702646887209266,0.29351641062647105,3.8548138825389175,1.6839569352175863,0.108926119057067,a1_high,0.15993669342249633,0.562941460692416,0.3165217856219033
17877,0.05480277761816979,1.7385891575645656,0.40170127561315894,1.669451351148144,1.2945620414941768,0.08373825726151014,m_high,0.056916618877025656,1.7685891575645656,0.4552317118112748
17878,0.04198364950716496,0.2752623645588756,0.5358985082246364,0.3474785474264474,0.3474785474264474,0.02247651874889504,a1_high,0.054804819273263854,0.209,0.5907837911587949
17962,0.05501759238541126,0.2798418977018446,0.9605460296478122,0.751191340930358,0.4384905122831227,0.02836359336004884,m_high,0.05218488437944396,0.30984189770184456,0.8804064589747447
17974,0.04947852361947298,0.9937597698438912,0.7641617226880044,3.013407334275472,2.1446499841289968,0.13872587512268364,gamma_high,0.05335826541901766,0.9832041110985354,0.9169940672256053
18012,0.1417991427704692,0.5753454925492406,0.23963547785766423,4.930039727435635,1.9865786127976295,0.12850108810286026,a1_high,0.1467991427704692,0.5687493686745381,0.263710153276719
18013,0.0957095168530941,1.7576735483668744,0.7447209518030286,2.085265414562201,1.3541697760011069,0.08759396108019774,m_high,0.09992542698256987,1.7876735483668744,0.8052665295332113
18030,0.01875713970512152,0.2918698643520474,0.7181269889790565,0.19765457179439735,0.19765457179439028,0.012785211408430384,m_low,0.021098018215276616,0.24216666666666664,0.8208914159638258
18071,0.19988076202571392,1.5301605934649707,0.5443541563861072,4.746058158790808,2.528869437928762,0.16357896553929027,a1_low,0.19488076202571392,1.5143012290721862,0.5042192532572156
18090,0.05366142541170121,0.8136999795772135,0.6153964261151851,2.906758659959319,2.3951205450816553,0.15492746886420913,gamma_high,0.057754819902604525,0.7948729228751839,0.7384757113382221
18098,0.08059042058885098,0.6315910695493221,0.09328672629781067,9.549309708369783,1.9433879406600794,0.12570731576995817,gamma_high,0.08251378627299305,0.6312939656489323,0.11194407155737279
18099,0.13136435095220805,1.8105063406564295,0.5787940767034888,2.691139450977488,1.7609131821768451,0.11390400485875239,a1_high,0.13636435095220806,1.8391090560059087,0.6261437511168182
18147,0.13803151212632656,1.9818788506649434,0.1362975772935897,2.4371074482254897,1.6162560515497482,0.10454691293816544,gamma_low,0.13526579194092417,1.9621696392436043,0.11358131441132477
18149,0.06759438626468182,1.729271887158975,0.9817948415037244,1.479763165914852,0.9591329556806015,0.06204115339120739,m_low,0.06436331278257501,1.699271887158975,0.9042543583267152
18152,0.19759144801646472,0.5157845716178417,0.03221852781251073,23.80046321602538,0.9537768641032128,0.06169469662818822,gamma_low,0.19517510357511642,0.5164136458211395,0.026848773177092278
18166,0.044755968265235424,0.5775372299086302,0.3478011429216713,3.0142209242082143,1.9693475412244166,0.12738650273882177,gamma_high,0.04877011607396354,0.553456403333746,0.41736137150600555
18180,0.11542383972555399,0.9868807077035308,0.982725747320801,4.3503471372697495,2.0495763865357084,0.13257607533027263,a1_low,0.11042383972555399,0.9948526778167641,0.8881260946043205
18189,0.0776387332007289,1.169995263433084,0.7320593625307084,3.6615556855628726,3.1161786501271393,0.20156884035931744,a1_high,0.08341013344813666,1.1776059277889486,0.8756883026054111
18214,0.026882922276854515,0.9524633794184775,0.23167087620124222,2.0549456055513846,1.2203158429359948,0.07893566991824286,gamma_low,0.026107398981411335,0.9449644631553414,0.19305906350103516
18219,0.10627268422394992,1.7901535721123218,0.7820799859892577,2.144762832311128,1.4459061474137185,0.09352789365612928,m_low,0.1018698118024683,1.7601535721123218,0.724088369128531
18253,0.08105461206287146,1.8086867282539607,0.28718153056688606,2.3922837703641244,1.9161885339959668,0.12394793241126562,m_high,0.08392923654351303,1.8386867282539607,0.33478995138974255
18263,0.194280081987381,1.2216780187841505,0.6693765283655375,5.962257926491833,2.3227396769641073,0.1502455397167709,a1_high,0.199280081987381,1.227779431096835,0.7166013001924784
18284,0.12964448742568493,0.2564981349930167,0.4112540863174945,0.42348151541327206,0.1193005526345192,0.007716911239278476,a1_low,0.12381763854182068,0.26402327570437983,0.4136126290928125
18286,0.01985993590205908,0.5977687015850097,0.025150022432208062,5.505107668339596,0.22380625608144944,0.014476823240431876,gamma_low,0.019740015603500912,0.597576374801195,0.02095835202684005
18311,0.1772614957764745,1.5355048354528844,0.4450130326580256,4.728784798898469,2.764755711680563,0.1788371801653648,a1_high,0.1822614957764745,1.5541769827675782,0.48769130301900354
18314,0.05667300336062908,0.6941243475396186,0.5612094240449369,3.3436092184123343,2.36233810688207,0.15280694921692517,gamma_high,0.06136716994682641,0.6671632959948526,0.6734513088539242
18327,0.19897784404456617,1.3494793958310038,0.25307953036390246,7.351110404282513,4.037632801847502,0.26117275453123884,a1_low,0.19397784404456617,1.3331563519853717,0.21723787599569128
18358,0.047653402946889405,0.6670608827937394,0.1287603186722845,7.533129765578642,1.522143426692944,0.0984592733046728,gamma_low,0.046502633087707176,0.6667530926323513,0.1073002655602371
18388,0.10778403207659722,0.27655713745392857,0.13939816841855646,0.1419939288171518,0.07603590374478333,0.004918353748070042,gamma_high,0.08596569829514707,0.284151463452012,0.16727780210226775
18393,0.027811383269727232,1.4905524698086083,0.8743455020990223,1.1936911848372842,0.8345096059771645,0.053979939031629336,m_high,0.029761926646814485,1.5205524698086084,1.0
18470,0.02775997240096331,0.9348141514044255,0.6417246031481773,1.6711723943552181,1.413719254643699,0.09144589664027852,gamma_high,0.029784560194237638,0.9257112032050177,0.7700695237778127
18486,0.04989128224551678,0.2477853325009346,0.9303490930888801,0.6131779525090029,0.4202254827656295,0.027182126816460397,gamma_low,0.04417124452437558,0.3081914916839091,0.7752909109074001
18511,0.17091436255723239,1.4757738323975353,0.7275562439765781,3.457156944684196,2.02935473789469,0.13126804561684224,a1_high,0.1759143625572324,1.489665020460454,0.7789105281955238
18515,0.12811282463371754,1.7567345002945514,0.5640203714650124,3.0264272195487845,1.9708684596733097,0.1274848827748996,a1_high,0.13311282463371754,1.7854808442419916,0.615817846691065
18541,0.083654360845685,1.4410805022157729,0.4869720848929137,3.9190810983566458,3.1580417397573783,0.20427673851858413,m_low,0.07954867481448231,1.4110805022157729,0.40910975292080803
18573,0.0752070639282465,1.7447404496185481,0.296144397277385,2.3701548133850863,1.9834307117188335,0.12829746730917024,m_high,0.0782072672673823,1.7779667575423228,0.3490923728868254
18578,0.08350250106304885,0.999719295790419,0.619162384364754,4.357841816961626,3.0705267180486064,0.19861586235567932,a1_high,0.08850250106304886,0.9988194458112654,0.7241261888027468
18611,0.13177498616278172,1.0634312354307622,0.7444596930779517,5.257205668396876,2.3786833597450037,0.15386423573187738,a1_high,0.13677498616278172,1.0632486314613565,0.8172118990110944
18655,0.1533778212964535,1.13875037050806,0.6226375002972782,5.659622074988636,2.6819588695285175,0.17348149766708432,a1_high,0.1583778212964535,1.1441444263086498,0.681007017645249
18710,0.0406043365597725,0.2740261940192431,0.9999050173629075,0.568217811162549,0.32435934191496646,0.020981061662444678,m_high,0.03858474430495516,0.30402619401924313,0.9142843508935616
18780,0.14091839194297792,0.5657730998843908,0.6342133645527065,2.538726672544335,1.2358237314474092,0.07993879183602502,a1_high,0.14591994410950027,0.5500774051455559,0.6774418105807908
18783,0.15622814260423185,1.4655711919721215,0.27244142519310116,5.2348186409659005,3.7669717825326554,0.2436651486077022,a1_high,0.16122814260423185,1.4880428708738491,0.31778786674994974
18786,0.09731442034244538,0.2573763381782919,0.3405874570272863,0.3348535691208184,0.05124083386590745,0.0033144940072591805,a1_high,0.10231591696194223,0.2516330210351288,0.33435462123955867
18800,0.1720754373818636,0.286615136442706,0.504808311490342,1.0296497802470927,0.1552538936969256,0.010042539541974345,a1_low,0.16704383084249957,0.2942391715646148,0.49969917207468045
18807,0.19172503370791674,1.343007073327899,0.14361982978880405,5.393799775733076,3.11640064565142,0.20158320005605446,gamma_low,0.18850553477969886,1.331253316857645,0.11968319149067008
18832,0.16802263595163824,0.5436183274444193,0.30916270459070805,3.2560105427412336,1.3472946947448006,0.08714924904285894,a1_high,0.17302263595163825,0.5362091480794439,0.3282109451352289
18837,0.05205731168389321,1.1945594470668583,0.4587933760881424,3.15302435405595,2.373480902067918,0.15352771671973864,gamma_low,0.049682366521872294,1.1779498085647473,0.38232781340678534
18876,0.14936568886041643,0.2611720750108361,0.5813930670823902,0.7246730812618911,0.13321790279280257,0.008617149783742313,a1_high,0.15436568886041643,0.25185891642412367,0.5912681289613945
18905,0.027393395453691485,1.7390350840520115,0.9439157931227237,0.5482384953211139,0.48404093937574966,0.03131000555196789,m_high,0.028591509168432422,1.7690350840520115,1.0
18906,0.06291715390980245,0.2756778074428439,0.08655685835517943,0.04551512976760576,0.04551512976760576,0.0029441289977664873,a1_high,0.06854175713133866,0.2753333333333333,0.07943282347242818
18962,0.08198316358029843,0.8727238049171865,0.2203568626008928,6.09916896931872,2.8928037182867516,0.18711991716469523,gamma_low,0.07959530969578979,0.8675954690328799,0.18363071883407736
18971,0.11889195069670677,1.0548357970360667,0.47157886866480114,6.598037279191121,3.5181916017385246,0.22757289646901038,a1_high,0.12389195069670678,1.0617232809411157,0.5393797205592875
18982,0.027617365494370463,0.27831042281351986,0.3889047060161829,0.1549814061967422,0.1549814061967422,0.010024913790824893,a1_high,0.03522036609110151,0.24216666666666664,0.3727593720314942
19021,0.08012294601649046,1.4780393842607737,0.129947520038113,2.2358552219254224,1.437778581065354,0.09300216509312907,gamma_low,0.07890106130865362,1.4656647481991714,0.1082896000317608
19024,0.1630530906841159,0.5738442640379071,0.6880855299346149,2.792053459106172,1.1548789150746908,0.07470290692657637,a1_high,0.1680537776263638,0.5594437482982948,0.7293611525110796
19029,0.053926742263138296,1.1628731849975884,0.5900953591987491,3.1363966116701762,2.4903682019041793,0.16108852761219683,gamma_low,0.050962080506528507,1.1490966123076498,0.4917461326656243
19042,0.09782662745565177,0.2932456000521779,0.14598699843510987,0.12091978522617333,0.013450107587699729,0.0008700151350597558,a1_high,0.10282679995552639,0.2916749419995158,0.1401346795146176
19084,0.13716034926474094,0.2839220134913921,0.06320584950968623,0.05739596452063511,0.05739596452063511,0.0037126363115468123,a1_low,0.07034285821042785,0.29191666666666666,0.11787686347935877
19096,0.1823901504278183,0.507397371744737,0.9871762468013913,3.2617672274894103,0.8557637823434231,0.05535475741143062,a1_low,0.17738970817606275,0.5251356190023878,0.9336215196848737
19159,0.1963837679475546,1.0493127326108516,0.6110120227187872,7.648518195955339,2.5960572777701083,0.16792498561182856,a1_low,0.1913837679475546,1.0467719429289544,0.5664117397461291
19160,0.18567747548222543,0.6136159590631723,0.01660256426781416,18.99365430472064,0.5417561131368585,0.035043289792808366,gamma_low,0.18497441898993727,0.6133978502331099,0.013835470223178464
19178,0.05012249052524567,0.2693856788426638,0.5583083345368505,0.42280389924947287,0.42280389924947287,0.027348910713972323,a1_high,0.05517375279122177,0.24216666666666664,0.5907837911587949
19220,0.11226390115916729,0.2714636308886111,0.3558900434244424,0.319405133860715,0.10917990149333531,0.007062260738375259,a1_high,0.11973676018728172,0.26276709408716814,0.35009254382143723
19222,0.03996869828552008,0.9237337247934192,0.2472568006813526,3.8401433305098847,1.774183309503929,0.11476237803855442,gamma_low,0.03872989802398997,0.9170694180809148,0.20604733390112714
19285,0.05346476752310991,1.9655470506753772,0.14522043340839447,1.1369689456861611,0.7654696256643719,0.04951411395144277,gamma_low,0.0523172100596159,1.9444193026122751,0.12101702784032875
19304,0.1992935059592128,0.7522507895622402,0.21240035434253515,11.594388508688173,3.4030681716291924,0.2201261808243928,a1_low,0.1942935059592128,0.7511453971340182,0.18514287218635822
19346,0.08386898562312127,0.5459076093696058,0.9219836681522429,2.11234724480508,1.1489637517862452,0.07432028682084549,m_high,0.07965511879450192,0.5759076093696058,0.8319270640328239
19368,0.1945457832887769,0.8258196194376797,0.6289353930298239,6.294958002608229,1.9779633722957233,0.12794381452122047,a1_high,0.1995457832887769,0.8204007058690577,0.6708185752403055
19376,0.17074236851185562,0.5106050259713083,0.1686930792592466,4.4604474418553695,1.253983166394294,0.08111342803465076,a1_high,0.17574236851185562,0.5057733486383872,0.1804317910565146
19435,0.1111432021483779,1.8049937660899014,0.7510951085388661,2.0667280178668985,1.4929911333322439,0.09657356820676671,m_low,0.1066107314383672,1.7749937660899013,0.6949326066694086
19447,0.19334205090999604,1.4622555255610497,0.5414549404010177,4.711367918492554,2.5049957754928704,0.16203470669131434,a1_high,0.19834205090999604,1.4766214179144108,0.5835281867488719
19472,0.16623090878129007,0.21575989215634764,0.8251480153948069,0.8332515121477907,0.14288054933798633,0.00924217443014222,a1_low,0.16123090878129007,0.22797478392534115,0.7943404136822326
19483,0.11914793457835914,1.3063370682764799,0.9685687317233532,3.935000943061647,2.1633260684913904,0.13993393059383802,a1_low,0.11388170566704035,1.2973511616520286,0.874750151379824
19615,0.15073437914252283,1.1893960291147232,0.13891269084997476,4.20277369266592,2.8359690124874763,0.1834435856617965,gamma_low,0.14821974821406933,1.1799160308958856,0.11576057570831229
19616,0.15555988531559706,0.8144498432334513,0.334303596355021,9.7311350893219,3.2602864290153315,0.21089039766992435,a1_high,0.16055988531559706,0.8140198669505783,0.3753876819955389
19622,0.025947983376681805,0.5695553833805025,0.5368778739310801,1.202232884557193,0.8470676070287522,0.05479224859196097,m_low,0.02787534059840093,0.5395553833805025,0.6139311326395058
19634,0.08111434374004603,0.719197556199506,0.47918783840723334,4.729105421354157,2.7665394558281773,0.17895256098260956,a1_high,0.08611434374004603,0.7042628558782161,0.5584667948627751
19648,0.16137149129062892,0.5510167710296809,0.04173399068415165,10.863744836356908,1.1605325561428688,0.07506861056615234,gamma_low,0.15937235220101714,0.5514057055640369,0.03477832557012637
19707,0.11548577006906272,1.5176521727535874,0.7736473078466952,3.203577561041364,2.2260228537324007,0.14398944849386983,a1_high,0.12083764409386782,1.5391351577923624,0.8574682077496582
19750,0.027040634490549567,0.8646133575402201,0.3407660170458257,2.567452831184556,1.4383901908494894,0.09304172684127708,gamma_low,0.025909932128304183,0.8615250074662992,0.28397168087152147
19793,0.023787293396890164,1.3748956376966088,0.1249465173576027,0.8147303549690946,0.5286440328568787,0.034195139826622714,gamma_low,0.023433175835950386,1.3639089785744263,0.10412209779800224
19796,0.10918299350887538,0.9064482354093343,0.15284390359185637,6.631051948098426,2.7840082215389277,0.18008252150226106,gamma_low,0.10693462891735264,0.9009141696822297,0.1273699196598803
19834,0.07459345795214177,0.5352471385058015,0.6224327247869224,2.369891013539642,1.7151060607260133,0.11094098848911457,m_high,0.0694185142005523,0.5652471385058015,0.5447216248192196
19858,0.08434704449027777,0.7900825112499297,0.42511457541026176,5.716914419720245,3.395567763080899,0.21964101972708575,a1_high,0.08934704449027778,0.7825885900721196,0.5044217127511924
19863,0.19864918533712628,1.445109493844211,0.3271320020314306,5.349260186258379,3.521273261065376,0.2277722324399665,a1_low,0.19364918533712627,1.4278954191894155,0.28996972145663874
19876,0.12247643060982227,0.9742944155447185,0.353709918204695,7.776769445091601,4.026115944522667,0.26042779096008545,a1_high,0.12747643060982228,0.9807565132667738,0.41285370537872784
19929,0.0276776522397995,1.3371907191257923,0.7036133724357932,1.5945754972090866,1.272432204807114,0.08230679712421336,gamma_high,0.02976564135056723,1.3603380023632203,0.8443360469229518
19939,0.13843873236328363,1.057233161572367,0.971070791259408,4.290142629460166,1.98087562993613,0.12813219280799817,a1_low,0.13343873236328363,1.0606938488431257,0.892498563502343
19954,0.0768714876845479,0.5599559153895826,0.19851363961584867,3.984879943159032,2.5662933078998056,0.16599971444966272,a1_high,0.0818720531884206,0.5487564135688766,0.23700997918030436
19976,0.19345503170043232,0.8073200493771583,0.6033125715889037,7.38523010908897,1.9919406153606602,0.1288479272157557,a1_high,0.19845503170043233,0.8017594982882764,0.6440173165822531
19981,0.07669930290430785,1.458473242064938,0.6296388760209084,3.530254366317738,2.7107255188823625,0.17534225752789687,m_low,0.07248528387965086,1.428473242064938,0.5348549116242443
19984,0.1656959606334567,0.6164650287758559,0.07346843776293098,15.042371129197248,1.9403147371023732,0.1255085267572391,gamma_low,0.16299222522610343,0.6163707006767103,0.061223698135775814
20002,0.09498796816915274,0.2819619833957404,0.6135918482113629,0.5802365220214334,0.3512088495560209,0.02271781193483524,m_low,0.1040717170716694,0.2519619833957404,0.6552811941181851
20006,0.02745520882308483,0.6810201899614186,0.14870717680081727,4.156311128621615,1.0926875258477768,0.0706800803770483,gamma_low,0.02672229122957907,0.680714774634347,0.12392264733401438
20019,0.13340774904936553,1.7744413465447724,0.335557908937335,3.5802575836457575,2.609892168754129,0.16881989031571415,m_high,0.138123915928066,1.8044413465447724,0.37606636521628994
20049,0.024837395548820498,1.162151727359742,0.42740053162910047,1.8628739699195145,1.2509145964702455,0.08091493874677676,gamma_low,0.023748204195482046,1.1466064275406374,0.3561671096909171
20052,0.10818248204886914,0.576994935721159,0.32991641863249244,2.9801862796860026,1.9511685348170882,0.12621060056766084,a1_high,0.11318248204886915,0.56542924322705,0.36535087035700653
20075,0.110608727671206,1.441912031089887,0.13447783233597874,3.378616327276396,1.9411001657533664,0.1255593319132141,gamma_low,0.10886795434886092,1.4295936924364647,0.11206486027998228
20122,0.06685452926903963,0.2510930518247187,0.855514826644212,0.704264368507846,0.3225190570534,0.02086202353044874,m_high,0.06263897979293713,0.28109305182471866,0.785251354932317
20123,0.12075274474918843,1.4357587300240993,0.3667359473463148,4.807901054995238,3.6370808089016227,0.2352631999816561,a1_high,0.12575274474918843,1.4614645315766148,0.4288333260780248
20124,0.1404101612046361,0.5037609788309783,0.014851071052253247,9.277728481776556,0.4206683696432218,0.027210774787051875,gamma_low,0.13954198394680623,0.50403136588059,0.012375892543544374
20205,0.08241222482174636,1.7310498922597617,0.5768214589077979,1.9308546855049094,1.4915988471550434,0.09648350870065489,m_high,0.08582465359710309,1.7610498922597617,0.6326056200795266
20207,0.16710974611341955,1.0773862558417022,0.9641489941626787,4.982564431641396,1.8601552001791684,0.12032343735272405,a1_low,0.16210974611341955,1.0795135517963146,0.8992799575730173
20242,0.08272993154823781,0.9268989414256066,0.7552775190491229,3.730692989143864,2.472982857392726,0.15996396316135,a1_high,0.08773062417687838,0.915198372364217,0.8697687053389173
20260,0.12409425880759956,0.8623174925800413,0.9497343682311475,3.8477755572491272,1.918767608107879,0.12411475884720106,a1_low,0.11909425880759955,0.8750268671310144,0.865158558857571
20270,0.023100240342319014,0.9542039027344436,0.32146906763315203,2.199346692581897,1.2064694719397517,0.07804002263409765,gamma_low,0.022230139351535567,0.9468987549406135,0.26789088969429337
20340,0.10496948808431626,0.9394520923029631,0.2603572193812579,7.778207928209931,3.618270320925202,0.23404645066343416,gamma_low,0.10161475900006875,0.9323672204768627,0.2169643494843816
20394,0.05460125803947449,0.5700618693418801,0.5282039345242083,2.32487831874162,1.5886236169864334,0.10275951933317914,m_low,0.05870647613182602,0.54006186934188,0.6051001634092551
20413,0.08798340186476708,1.3202171955443918,0.589499991023913,4.595445149219982,3.0795263541891345,0.19919800042418448,a1_high,0.09298340186476708,1.3416771207582003,0.6879326980038386
20425,0.04992868080735207,1.181151823066175,0.2550256569869816,2.9470569477393886,1.8923516366725055,0.12240605170071707,gamma_low,0.048485805411938254,1.167088162567555,0.21252138082248467
20426,0.05971780605614185,0.8410867821704596,0.8681612433306873,3.5220835119484826,2.3177107767990512,0.1499202472068207,gamma_low,0.055311401311785496,0.8620455986736109,0.7234677027755728
20439,0.19554376490414144,1.2438947091903538,0.434350573560223,6.954260032716569,3.33275671875596,0.21557811102131585,a1_low,0.19054376490414143,1.2327483139918283,0.3933559700977714
20444,0.14223377201706172,0.27431559179909526,0.2910556045547128,0.28681604197585825,0.0470653081152506,0.003044401699356349,a1_high,0.14723587594771037,0.2709545080979246,0.286383131590621
20456,0.19816512037068607,0.8689489940553904,0.130651036221534,9.020585595521055,3.3913199934274116,0.21936625434958335,gamma_low,0.19451993576453458,0.8644446946391493,0.10887586351794501
20476,0.14629995729774237,0.9019753707852215,0.9318382008839399,4.40640883209181,1.8833403516915104,0.12182316013136099,a1_low,0.14129995729774236,0.9111486338725738,0.8601373491809815
20518,0.027885971032083037,0.7430303223896771,0.9656804747413844,1.550051921010796,1.0613671701579603,0.06865413498531664,gamma_low,0.025689218913447477,0.7775510691700201,0.8047337289511537
20520,0.19552852101624013,0.49342608463950455,0.9202493611909449,3.252054171135587,0.8127111481610622,0.05256991401158307,a1_low,0.19046812404326527,0.5093895532754285,0.8748791025251776
20526,0.02220982648432255,0.24877616822719575,0.19760138604789973,0.04990460953025095,0.04990460953025085,0.003228060840217486,a1_high,0.02771271008007065,0.24216666666666664,0.16378937069540644
20540,0.14737520068883897,0.28161195015534757,0.11075284359045326,0.1373843544359024,0.05152524058181004,0.003332890748380729,gamma_high,0.11954608627806854,0.2862583505238895,0.1329034123085439
20559,0.17108450438827277,1.1622875450830907,0.9302433128003031,4.25029736682209,1.888023650608889,0.12212609755498834,a1_high,0.17640636222617742,1.162708025573527,0.9966365801403001
20562,0.08498357739299536,0.7594519663508982,0.3721496607735753,5.883101998706623,3.518256798930813,0.22757711372479694,a1_high,0.08998357739299537,0.7523489197524832,0.4447756010781848
20569,0.025401369482278825,1.7265517185349017,0.47678007184527815,0.7972896722913827,0.7972896722913827,0.05157238166293109,m_high,0.026818612937269563,1.7678333333333331,0.553168119761723
20597,0.05674451850354672,1.442017250303179,0.6525726986862719,2.853095383836312,2.203576988330263,0.1425375461583649,m_low,0.05344457950900209,1.412017250303179,0.5496443013393226
20600,0.1771899597719312,0.2899883228633553,0.35365162416361273,0.6185962984436632,0.08432670800554513,0.005454641293849762,a1_high,0.18219103387177885,0.2858545739921728,0.3516901188175272
20613,0.07472550589591265,1.4356516352389008,0.8536227445211262,2.7453236731196564,2.3494285311307164,0.15197189817977586,a1_high,0.08047889391753861,1.4624124498935562,1.0
20628,0.11010943148285152,0.9379900784417987,0.08006009189411997,5.319917034056202,1.7134585239897449,0.11083441819688648,gamma_low,0.10888866618763633,0.9339831892378923,0.06671674324509998
20629,0.05308244936168194,1.7437480719201266,0.5843035002332181,1.3810057603206154,0.9962429693578781,0.06444160062562443,m_high,0.05530098885811618,1.7737480719201266,0.641686125185817
20663,0.1891750941053033,1.7171935117337853,0.3439667125698179,4.030329827776536,2.591714577533913,0.1676440796853977,a1_high,0.19417509410530331,1.7387650516710758,0.37850444474205425
20666,0.06898027695715428,0.5668497189320624,0.6623445004411042,2.4431316192413846,1.352365568181314,0.08747725657803834,m_low,0.07344732560374775,0.5368497189320623,0.7456755975891882
20676,0.11600335352122784,0.8598989518731832,0.635041143624112,4.825346608249135,2.5030467435219887,0.16190863429357882,a1_high,0.12100335352122785,0.8519276833504502,0.7072328518663029
20697,0.026759074255824092,1.199578079022467,0.07942591542378068,0.9084407271272602,0.47656295857781605,0.030826295185231625,gamma_low,0.026493177043010695,1.1934413930880698,0.06618826285315056
20750,0.012722562998533249,0.27303618858568374,0.14351068601012232,0.01308451881361728,0.01308451881361728,0.0008463671631319663,a1_high,0.19801937319850316,0.25875,0.010000000000000004
20754,0.082378682307899,0.9888823562208563,0.08845988657325506,4.750298128614161,1.5090251952627896,0.09761072545365873,gamma_low,0.08140464220396113,0.9840599819263288,0.07371657214437921
20831,0.1560580484569073,1.1569433105085045,0.1014820921421051,4.324532845114175,2.30603034778303,0.14916470306253274,gamma_low,0.15409466428546542,1.1498584450924958,0.08456841011842092
20835,0.1403948398306966,1.2464376696292312,0.5344068307895213,5.4672936072128495,3.0674346504341394,0.19841585312856544,a1_high,0.1453948398306966,1.2586209585267345,0.5949417900151697
20875,0.10564130395650864,1.44628955475986,0.45304765447042883,4.158217196799424,3.3125052400344344,0.21426815176038178,a1_high,0.11064130395650865,1.4736676686049013,0.5270929289992224
20916,0.1006529113277793,0.5697137302067131,0.010379563588649035,10.74260300022066,0.32587124063436695,0.021078858260723105,gamma_high,0.10099089687066311,0.5697648595438106,0.012455476306378848
20930,0.09001891873776913,0.2746637235209346,0.8093671652302146,0.7573570636524684,0.309604234709037,0.02002663311941,a1_high,0.09503913329268844,0.24883684945149984,0.8766314378406499
20937,0.049601844139397146,1.243789508510381,0.9212369429226964,2.894873703798784,1.9937731786083286,0.12896646587806973,gamma_low,0.0459867665623856,1.231542659897453,0.7676974524355804
21015,0.1980300206691027,1.2112450295872987,0.3630174587480724,7.590100327560511,3.647416035283109,0.23593173020102662,a1_low,0.1930300206691027,1.199888921195375,0.32433986708680174
21036,0.1251165322959423,0.2500710004288703,0.5902345973625779,0.8076772544554943,0.1247404052820138,0.008068786055517368,a1_high,0.1301166048867882,0.23923146797446612,0.6020284485391176
21039,0.16542618907988071,1.7717442074231804,0.461477485448122,2.9744281879794396,2.118727726598333,0.13704910367386497,a1_high,0.17042618907988072,1.7954075951319954,0.5002351427664966
21040,0.16962616723030807,0.5296481634583324,0.6317350163310766,3.5474160717651353,0.9912653753587736,0.06411962683566277,a1_high,0.17462616723030808,0.5163310726437735,0.664994866090271
21064,0.18985876794904472,0.5748355742171407,0.45147031775675717,3.8487619326586615,1.2859223675077356,0.08317940320914108,a1_high,0.19485876794904472,0.5662518567202137,0.47573397613305796
21077,0.05409994777292013,1.4790312875062228,0.7621055099926889,2.1954655803330168,1.6926065047157466,0.10948561319687838,m_high,0.05742112707535173,1.5090312875062228,0.864232640382879
21114,0.07384647261351347,0.29231549430638554,0.9935575343575329,0.8863651451896796,0.3392135527645756,0.02194190068728247,m_high,0.07017794427404969,0.32266431518063876,0.90531884465242
21125,0.07458426989614964,1.7753668949473649,0.10484065687283874,1.6120020897404217,0.9057342864670238,0.058587080618559245,gamma_low,0.07358412063462404,1.76213507068068,0.08736721406069893
21151,0.1503099100664258,1.2510314326547087,0.9600590307638049,4.3212329256822315,1.9360285265464703,0.1252312748444664,a1_low,0.1453099100664258,1.2461121302198972,0.8896747166862079
21162,0.05375592224299908,0.9714848329219967,0.15175816013477744,3.7809296220607043,1.6710546477581314,0.10809153946032958,gamma_low,0.05270039468860422,0.9647917410937951,0.1264651334456479
21232,0.17422990668565036,0.9221095796022564,0.21350516218692064,9.908921847456957,4.20978795869072,0.27230854590358144,a1_high,0.17922990668565036,0.9283956239027711,0.2500561507866134
21260,0.13438555933535098,0.27052771309390666,0.5206904895603657,0.6261995366010457,0.40695479876602236,0.026323717628506226,a1_low,0.12162666481030145,0.2961613201998306,0.5028607202208927
21292,0.12602479085326196,0.8902313901856541,0.145293876985088,6.963956639042116,2.929363833933879,0.18948479445248917,gamma_low,0.12351506313051577,0.8851182307477506,0.12107823082090668
21385,0.0464449267834425,1.4447290993202477,0.8302111716475338,2.159659366188376,1.633856409538212,0.10568538545465572,m_high,0.049607122786716217,1.4747290993202478,0.9465337441181297
21394,0.08389892540872097,0.8516243808344006,0.7511933357268572,3.7397652908530494,2.7417101167315683,0.17734648455037821,a1_low,0.07889892540872097,0.8639475424062474,0.6439390915798291
21453,0.07899606358259917,1.4900302156992256,0.5931142344791442,3.3253625008604066,2.5910729395054592,0.16760257557159455,m_low,0.07502715835551454,1.4600302156992255,0.5102081730310464
21478,0.028189755603671075,0.6503741252608597,0.09187649271450936,5.278966207674543,0.832535317046073,0.053852232896951166,gamma_low,0.027673069267030368,0.6498842430160046,0.0765637439287578
21495,0.19317509271204472,1.1480370980035515,0.8650076689384878,5.796801957174252,1.8376620230012186,0.11886847467284976,a1_high,0.19817509271204473,1.1489985010694377,0.9181879531766733
21524,0.11117679234594108,0.5571200321335346,0.23226428971625865,3.863328523622845,2.0293585513133854,0.1312682922863919,a1_high,0.11618057165927291,0.548375619151329,0.2597945193754642
21527,0.19831119421869517,1.4569181205146016,0.8600228779483586,3.545351568745508,1.7935859146281843,0.11601742823109917,a1_low,0.19331119421869516,1.4463281687828873,0.812311821667286
21546,0.055181021057069304,0.24951274905353785,0.8044183196965605,0.46960389558102117,0.22185126915522763,0.014350365648656745,a1_high,0.0601810210570693,0.21101772357476428,0.9111190031221792
21562,0.0710623361170292,0.9321765264775604,0.5196723174024374,5.097672435780489,3.202541087326577,0.20715516202806544,gamma_low,0.06722172883027974,0.930663490576842,0.43306026450203117
21628,0.1437549099326134,0.293624330284074,0.6488599772565067,0.7837735558608016,0.22515899986616802,0.01456432496180394,a1_high,0.14875643773223546,0.28100618033237146,0.6688055741618664
21635,0.1452648038044572,1.7762665189430118,0.27250013045035304,3.9295951585996427,2.8210712375921774,0.18247992871309843,a1_high,0.1502648038044572,1.8060290086346897,0.3144204028142099
21650,0.08332209158688784,0.28354139656759797,0.5508503465913236,0.4320226331115273,0.322410686696346,0.020855013634787013,m_low,0.09273703388787324,0.253541396567598,0.5797908185179909
21670,0.02582832667976618,0.8752681813016534,0.861819425150752,1.76112794581126,1.1545819651055549,0.07468369882985154,gamma_low,0.02395015555952717,0.8928623123459545,0.7181828542922934
21721,0.026749474182724955,1.8586717648431659,0.334228264503181,0.7481983050445533,0.572211499078105,0.03701328494267632,m_low,0.02584978520467448,1.8286717648431658,0.29251638662072604
21725,0.0941784990951419,1.2032144126296043,0.9231082862894983,3.9155530720304763,2.4058361752566575,0.15562060535945027,a1_low,0.08917849909514189,1.1963424477981177,0.8130220076097894
21792,0.15355869811028244,0.8010546532366425,0.8532969147153199,3.7254312333582202,1.6564490217130687,0.10714678004979161,a1_high,0.15855869811028245,0.7887772801639223,0.916845089146962
21797,0.06346920300275087,1.4482153241615743,0.8889135476201773,3.0789360569208615,2.365197959173877,0.15299193768349945,gamma_low,0.058735702697057725,1.4180360460332992,0.7407612896834811
21798,0.027067224495112896,0.5484474784508347,0.017537245713174342,4.7202203906298505,0.2481940131632646,0.016054336106629596,gamma_high,0.027239121857095722,0.548358293219282,0.02104469485580921
21868,0.1290908155962825,0.2882800882961601,0.37887719879858195,0.38542040406824385,0.09743476528324803,0.006302531033650874,a1_high,0.1340908155962825,0.2820300927922383,0.37728102335420993
21931,0.10784034468233586,1.2279097676835955,0.5911471727117896,4.765319015490245,3.059303291768037,0.19788987926092308,a1_high,0.11284034468233586,1.2409453955348873,0.6725974423241333
21960,0.18750614039599897,0.5233031982183457,0.19216552872210743,6.462689232722353,1.2809110647705342,0.08285524898217277,a1_high,0.19250614039599898,0.5185630876970322,0.20459820674664927
21968,0.1652652233839035,0.8387569382227957,0.6524300297256559,4.5571393842923085,2.1018848004295463,0.13595962534887826,a1_high,0.1702652233839035,0.8322917428390412,0.7031184225219606
21969,0.022292301617562772,1.5254846370220185,0.13574381755664947,0.7632997089809302,0.46441257298416955,0.030040352077017995,gamma_low,0.021931879247962492,1.511869755888305,0.11311984796387455
21977,0.027602079883217813,1.0210288061667234,0.9038219031039625,1.6578797216955208,1.222803764347188,0.079096600176121,gamma_low,0.025615918227284266,1.0275920037935302,0.7531849192533021
21994,0.05143099520355463,0.5589665030222386,0.9294340808689594,1.4716840450789335,0.9113159249101854,0.058948126795500086,m_high,0.04894134759921116,0.5889665030222386,0.8406614638541122
22002,0.07684612628072501,0.8654330806899816,0.39970607596449553,6.669810797594154,3.3367007913204363,0.21583323186718975,gamma_low,0.07323031609882917,0.8639449743515162,0.3330883966370796
22037,0.05126043017953635,1.4594873259868473,0.4944446959067136,2.5343295003317383,1.9055396921037284,0.12325911609089814,m_high,0.053965752801360095,1.4894873259868473,0.5777661347357748
22056,0.19602717999368907,0.2478924532327801,0.427239755326882,0.6187053037062046,0.2857868249889593,0.01848601295713435,a1_low,0.19048837820422493,0.2523090158555937,0.4299824896595734
22060,0.12527773529291153,0.8355779791343957,0.83055001469329,3.5466694563329835,1.890337032783435,0.12227573780819144,a1_high,0.13028112850539764,0.8223525674869215,0.9081051328327708
22063,0.16544179730117323,1.1795602520368993,0.22116195378825068,6.69956896316496,4.103193183993204,0.26541350311671674,gamma_low,0.16125124445741634,1.1667862659696402,0.18430162815687556
22071,0.18773173093795778,1.4938126103952527,0.7510357707832008,3.747069117189204,1.8914445810144698,0.12234737914767711,a1_high,0.19273173093795778,1.5066710447629723,0.7978200055352873
22111,0.15470006074756384,1.7279136969521642,0.14857468036934735,2.804925911470851,2.224384568604891,0.14388347663846396,gamma_low,0.1518782800960507,1.7106692302805109,0.1238122336411228
22127,0.16805618442595005,1.783757062004879,0.7969799041654915,2.562680840959653,1.3395615125750409,0.08664903107166458,a1_high,0.17305618442595005,1.8045205362759706,0.8359286575463623
22140,0.14438572134822608,0.8806320852879435,0.4105466451402754,8.744832643273346,3.239379481475698,0.20953803965577614,a1_high,0.14938572134822609,0.8807890206564442,0.4600823984128949
22160,0.16791195403784515,0.285162581987679,0.185288450922817,0.34378649376059933,0.0772008018452742,0.004993704742225379,a1_low,0.1550859095631387,0.2891713750104432,0.19625076373974962
22162,0.08317623622715474,0.9373706189263612,0.29416929005645215,6.013900888737934,3.2664435464672827,0.21128866848944083,gamma_low,0.08023374772315137,0.930511020664808,0.2451410750470435
22183,0.1866088965907693,1.1554567733593286,0.5996333467587829,6.575684114483321,2.5771407699862037,0.16670137844235705,a1_high,0.1916088965907693,1.1608951653108488,0.6469841235223852
22210,0.08983271587640047,0.8609646455291659,0.9798001157678664,3.444769140987551,2.093322048042786,0.13540574694116475,a1_low,0.08483271587640047,0.8791131796361669,0.8606400239425044
22219,0.10166892912238837,1.0509872328303755,0.7369167290627956,4.065016742431274,2.8306485844521223,0.18309943578153923,a1_high,0.10721214172420551,1.049077491918384,0.8419412796511291
22229,0.055864636041224006,1.1135905556473882,0.9115301667992025,3.2403513981408705,2.272971021193327,0.14702627299419424,gamma_low,0.05180508254440649,1.1113626158372687,0.7596084723326688
22250,0.0503318976610899,0.9835062239505351,0.611687870323658,3.717900568531392,2.402851358939746,0.15542753364205664,gamma_low,0.047380379156329304,0.9817647284021873,0.5097398919363817
22272,0.15709055103361608,0.7640445376839489,0.7457675559632481,3.6923999389599893,1.7398699234320076,0.11254282960572097,a1_high,0.16209055103361608,0.7527819101653321,0.8010945361898995
22280,0.1928206091746688,0.2741636612080038,0.4813226662296802,0.8977187146306081,0.4337076455835537,0.028054215431993917,a1_low,0.17582614608119126,0.2956595008873647,0.4711812127878985
22292,0.11247024834156037,0.987534956112504,0.31622312487103044,6.580082138350045,4.047950209635909,0.26184013216163843,gamma_low,0.10836954651054076,0.9789785456145815,0.26351927072585873
22301,0.09934384562075138,1.1707367667090147,0.06441251172684133,3.775500177501957,1.1710591494995275,0.07574951928611588,gamma_low,0.09853782643886286,1.1658677343974102,0.0536770931057011
22349,0.08096828181296588,1.1247110994812102,0.7435023523308337,3.7897738473628704,2.6849032313355568,0.17367195259976886,a1_high,0.08598227847367787,1.127893753556628,0.8634837420272038
22382,0.019897106476128103,0.2867205780558288,0.9764703444670886,0.31322595811659176,0.31322595811659176,0.020260902931679342,m_high,0.018635331456450854,0.32508333333333334,0.8767123872968686
22396,0.1450979581102729,0.25772659011185167,0.8275035372190177,0.8708650069644133,0.22006832086542405,0.014235036311174225,a1_high,0.1501026336829919,0.2419342176328691,0.8693925095701659
22432,0.15516427122056486,0.9149474098905921,0.4506318323127925,7.517599852522612,3.060818014175967,0.19798785850842876,a1_high,0.16016427122056487,0.9154880968489432,0.49910416780685835
22450,0.07993901744484902,0.5710608893819153,0.36384155715815725,3.2805313337848587,2.001008853922795,0.1294345028060212,a1_high,0.08493901744484902,0.5536584196598627,0.4127554143961052
22452,0.10036950930953026,0.8236054289620369,0.5073852852080017,5.5427050463293766,2.986336128015009,0.19317002580149248,a1_high,0.10536950930953026,0.8165045259228727,0.5808833643664293
22464,0.16176704540848733,0.6828851719293744,0.17279057363048198,11.62808444905054,3.306324739328485,0.21386836840390203,a1_high,0.16676704540848733,0.6819897114588441,0.20149782175505201
22480,0.16512394007295372,0.498803132455796,0.39961609615013005,3.2466843674696086,0.9394348819091222,0.06076699092068685,a1_high,0.17012394007295373,0.48932635186548756,0.4178994485962373
22528,0.15699447635561228,0.8710887862276286,0.15034587969072163,7.109600025482858,3.358722392463119,0.21725769082913177,gamma_low,0.1537205298538059,0.8662710730181542,0.12528823307560139
22557,0.09904900137335063,1.2117064258363097,0.5827243480831384,4.970653935985333,3.1622257937279477,0.20454738247117463,a1_high,0.10404900137335063,1.2251083043174762,0.6711091993381118
22566,0.027796044014394283,0.2509001088514924,0.35554495284333826,0.09843393231132283,0.09843393231132283,0.006367161775911461,a1_high,0.03498666517599288,0.22558333333333333,0.32680275894101274
22592,0.1595112131908536,0.23250739078968763,0.8503972340375185,0.9629453148761432,0.16601472547969406,0.01073859988616091,a1_high,0.1645112131908536,0.2186572576970931,0.8902779884045743
22603,0.10031828992068768,1.254848770070821,0.9856028323154896,3.9217572564327234,2.200988200532568,0.1423700913963292,a1_low,0.09520218720307097,1.2472988046897746,0.8762195346585571
22613,0.05452626496553421,1.3175915672350675,0.6853376691602171,2.9828005394614583,2.351153743396433,0.15208349288432207,gamma_low,0.05117927738676105,1.2947989784609044,0.571114724300181
22617,0.0255069337785244,1.2256701902672649,0.8406234720908106,1.5764195015417153,1.1539414013131184,0.0746422642025999,gamma_low,0.023747417431071293,1.2128128011685317,0.7005195600756755
22631,0.18147509619593621,1.539866676228121,0.1448083090595901,3.788631252034215,2.7292755661498536,0.17654216033711678,gamma_low,0.1783954628144568,1.525517969021379,0.12067359088299175
22672,0.1674930199980736,0.534673580462113,0.024215311482548713,11.220052221570334,0.7147398986330842,0.0462326806969584,gamma_low,0.1661678984366884,0.5349060281282988,0.020179426235457265
22685,0.09691025000065566,1.7454810632951558,0.9897437625471502,1.8954259507599187,1.2379669266121773,0.08007742360670618,m_low,0.09235134078559631,1.7154810632951558,0.9148020285586778
22688,0.15584916789084674,0.9714494732022285,0.9225373836327344,4.349927294313471,1.8286041486198588,0.11828256948570762,a1_high,0.1610279643413795,0.9641381191532552,0.9934566555518074
22694,0.026049347408115864,0.7186008129734546,0.19602340116165579,3.312963829012695,1.1926784641838617,0.07714795650026811,gamma_low,0.025223398915654435,0.7181214636737384,0.16335283430137984
22706,0.08101491238921882,0.5689731109701097,0.7581699481233954,2.3619837930925467,1.2765341356206532,0.0825721289713735,m_low,0.08567106377434272,0.5389731109701097,0.844922600826591
22711,0.18906704131513835,1.216331154331565,0.9695698946528136,5.424168933244025,1.7637559295360101,0.1140878868992118,a1_low,0.18406704131513835,1.2137863082292852,0.912875922449673
22719,0.1608319215476513,1.7188391296286136,0.2556173002440482,3.7477335584683567,3.0371194987452546,0.19645492897840605,a1_high,0.1658319215476513,1.7454782086813678,0.29499617292431685
22760,0.19726539924740794,0.5778872520290316,0.8192229813989251,3.6190676279410514,1.070295794748668,0.06923167969851182,a1_low,0.19226539924740793,0.5911858308305737,0.7783445951359816
22771,0.1347137473523617,1.2370976291876286,0.7329412312805653,4.3278943064855575,2.4045906914699366,0.1555400417105833,a1_high,0.1397137473523617,1.2449779210362553,0.8032805728503776
22806,0.0405438993126154,0.5848388369008899,0.033100367058068514,8.34577034123609,0.4874286517054621,0.031529138445951115,gamma_low,0.040205733623356985,0.5847531013637354,0.0275836392150571
22826,0.055910897068679334,0.5499564168229699,0.5891783996950835,1.6650528464873655,1.2337718999200464,0.07980606988776112,m_low,0.05979809720694042,0.5199564168229699,0.6650210166966823
22831,0.16417057979851962,1.2047400124557317,0.6773721915949136,5.499247043664816,2.443931898255552,0.15808481282946282,a1_high,0.16917057979851963,1.211144431634994,0.7335798294110499
22871,0.1939227530732751,1.1585585634130984,0.4991895136795938,6.023568376711545,2.8907978573666213,0.1869901688078171,a1_high,0.19892275307327512,1.1656001801748492,0.5421208716545655
22883,0.14028641153126956,1.7492743778228759,0.17195083148777485,3.448739369731276,2.2828276029710266,0.14766384226794452,gamma_low,0.13729825669295265,1.729207573973805,0.1432923595731457
22912,0.15886837821453811,0.5448762134741992,0.9767491914425045,2.7783926823834832,1.0168422789711016,0.06577405919656373,a1_low,0.1538683782145381,0.5645617498667632,0.9154132055805961
22963,0.13269562274217606,1.0079101963061838,0.9501692671328783,4.426105496382993,2.0327877491228143,0.13149010865297958,a1_low,0.12769562274217605,1.0132533094997476,0.8695018248341224
22997,0.05498396046459675,1.0224122517276555,0.45508484611287714,4.385950441494015,2.6148341949746308,0.1691395634173353,gamma_low,0.052374511075807643,1.0139581422225514,0.37923737176073097
23011,0.13853418435901405,1.2103764414880425,0.2599310537520796,5.899568165932361,3.9835048763722662,0.257671510092428,gamma_low,0.13452811210301838,1.1956665348290818,0.21660921146006634
23062,0.03934714514762164,0.8986071957740933,0.45737173171713946,3.5480935542210776,2.0221930322147394,0.1308047933867933,gamma_low,0.03735786129523826,0.8970722499463855,0.3811431097642829
23076,0.1249013552442193,0.24833090708591044,0.9993191717006266,1.2044942837432817,0.2847556401898103,0.01841931115743101,a1_low,0.11989357670816636,0.27121637249149916,0.926717449725256
23103,0.16235122922807932,1.5840379310399293,0.5838428514543921,4.0651287245659775,2.262517001537388,0.14635005867668224,a1_high,0.16735122922807932,1.603464222578822,0.6318432839916825
23111,0.1795553417876363,1.5029152890574187,0.28286092745140196,5.625633343104416,3.4743824166466712,0.2247391158590023,a1_high,0.1845553417876363,1.523105375123455,0.3222322472036286
23123,0.1274951821193099,1.726404877193272,0.7211375707853586,2.707682796594643,1.7149142997903295,0.11092858450533451,a1_high,0.13266446753010971,1.7534817322681064,0.7794467377479972
23154,0.07617036662995816,0.2906812484562397,0.5960781257320196,0.5110077003895289,0.23352324077099681,0.01510536272920008,a1_high,0.08136566269578968,0.2692427157100261,0.6235317522726703
23157,0.05651351306587458,1.3544784658681601,0.7948447748459876,2.76015203179797,2.268598533602828,0.14674344028398797,gamma_high,0.06117098208160756,1.377388052362833,0.9538137298151851
23186,0.08295751623809339,0.5321337836608291,0.6486529437452555,2.368675254320794,1.286158340144746,0.08319466701014196,a1_high,0.08801667106032318,0.5037146204091458,0.7205093962082273
23199,0.15019556004554035,1.7441947749536484,0.36507882916368545,3.790265761885884,2.5715357743864744,0.16633882141655545,a1_high,0.15519556004554036,1.7712546305789232,0.4077690674046356
23222,0.04829732421785593,0.8124506633542478,0.7374791455455124,2.6566980656135564,1.9930808420514603,0.12892168234908283,gamma_high,0.052259047579863355,0.7854765586132428,0.8849749746546148
23275,0.11188606191426516,1.7605549846682698,0.9432619843073189,2.02164134238159,1.3723140445333515,0.08876761624501424,a1_low,0.10688606191426515,1.7309579779363689,0.874951549644317
23342,0.023388762958347797,0.8001156311109662,0.909823542246595,1.540723190243158,0.9841458721284171,0.06365910445514432,gamma_low,0.021609549728655426,0.8267742969336264,0.7581862852054959
23354,0.07115833070129156,0.9536519953142851,0.10963350487872958,4.425938380544887,1.6449370221961204,0.10640213070410867,gamma_low,0.07010969586264015,0.9484271370427814,0.091361254065608
23381,0.05347599592059851,1.1572106517851353,0.8490563023649156,2.7522781774925313,2.2456460985649938,0.14525877068270884,gamma_low,0.04978234737931548,1.150302393530679,0.7075469186374297
23383,0.19446201734244825,1.5626735935453326,0.7404002915229648,3.928477150172028,1.9360617208369106,0.12523342200462048,a1_low,0.18946201734244825,1.5480195160892194,0.6964660831716755
23388,0.14115522075444462,0.9663226622622461,0.6047226834669709,5.828738258537086,2.6674708874699014,0.1725443480134267,a1_high,0.14615522075444462,0.9651676439717326,0.6654788400267146
23395,0.14004143364727498,1.0964074647054076,0.9197641786653549,4.633013309176007,1.9056622980600322,0.12326704681092678,a1_high,0.14504255823168155,1.0941234820963064,0.9959391702039216
23412,0.104874012991786,0.843790331967175,0.9713772763870656,3.497103606900023,1.9709001541018554,0.1274869329170529,a1_low,0.099874012991786,0.8601971016597916,0.8702187052902944
23469,0.08489721808582545,1.7216512253694236,0.39421120543032884,2.455940191388472,2.0470290619853895,0.13241130260275086,m_low,0.08188878106850826,1.6916512253694236,0.3497034809713642
23470,0.024377193115651608,0.26221106586046516,0.5124737340211868,0.1287389007321322,0.1287389007321322,0.00832742722521715,m_low,0.02861591134172886,0.22558333333333333,0.5352681822847107
23513,0.028020777739584446,1.7674322564899922,0.7906818611454218,0.5197533879773227,0.5197533879773227,0.03362005181671497,m_low,0.026702387314413673,1.7346666666666666,0.7196856730011525
23577,0.028138359636068346,1.2143712725024671,0.419786368208006,1.690108383584549,1.3589330449700732,0.08790207133644214,gamma_low,0.02692756881871996,1.1965165688408799,0.3498219735066717
23594,0.05509088542312384,0.7445316695142538,0.3931932259723544,4.500240359561821,2.548500895339494,0.16484881895564787,gamma_low,0.05219118712392426,0.7500220418150443,0.3276610216436287
23600,0.16999022066593172,0.2801979023776949,0.5600338695012033,0.8693506551323696,0.15123092879812494,0.00978231557521801,a1_high,0.17499022066593173,0.27185599351934475,0.5683309054972153
23602,0.07894352320581675,0.9344100360851735,0.9152232070174068,3.8786469941762487,2.4604910136300657,0.15915593296029382,a1_low,0.07394352320581675,0.9469016410412469,0.784263592702011
23633,0.024240617640316486,1.3183129655662924,0.33218194312416016,1.5734217200206009,1.036485272610876,0.06704465882954475,gamma_low,0.02337664681396341,1.2979858302313894,0.27681828593680013
23637,0.054461764544248586,1.726963603021577,0.9246714010089636,1.1958531712162133,0.7624871505354437,0.04932119367291058,m_high,0.057156149235949666,1.756963603021577,1.0
23659,0.11043044552206993,1.0384616780653595,0.10500236809253692,5.171316547175843,2.037589724250033,0.13180072260246808,gamma_low,0.10892659762334023,1.0323732979188687,0.08750197341044745
23668,0.10622589010745287,0.29149714262224735,0.8024642840772868,0.676221893142611,0.3454118328804224,0.022342834098183825,a1_low,0.10122589010745286,0.3141770969095687,0.753403763020648
23688,0.19184924848377705,0.2528571180161089,0.7855666215065866,1.1652750971787293,0.22737892401242224,0.01470791991770541,a1_low,0.18592889548810151,0.2660019783040277,0.7572871889730544
23700,0.10988803077489138,0.5310221977997571,0.9932805793453008,2.8055830785066185,1.1436995212063328,0.07397977205179215,a1_low,0.10488803077489138,0.5599117116908615,0.9040248249372649
23734,0.04804372377693653,0.5662936007417738,0.24434820325113835,3.205539634289673,1.9211790807114075,0.12427074404279687,gamma_low,0.04522428603505358,0.5766290371415231,0.20362350270928198
23784,0.1968833953142166,0.4907494415156543,0.5799941668380052,3.550149773071814,0.8424758937120698,0.054495235348362654,a1_low,0.19187902191860498,0.5014332406950678,0.5565995767715133
23823,0.17427672501653435,1.4857437962666153,0.28947464065626266,5.85084289265602,3.5194606791177367,0.22765498626050662,a1_high,0.17927672501653436,1.5060835549713052,0.33032319158337076
23862,0.04908745139837265,0.86201663935557,0.8808296785224229,2.7761228627111727,1.978815010202869,0.12799890239795128,gamma_low,0.045470851140707216,0.8816397124974137,0.7340247321020191
23888,0.16361215896904469,0.8804301147349178,0.38568859818391504,8.571422870553409,3.1864744394106492,0.2061158969690025,a1_high,0.1686121589690447,0.8812209922379095,0.42860430209306133
23926,0.045348080247640615,0.25684056215919554,0.11908460043370724,0.03995983362917005,0.03995983362917005,0.0025847867628688214,a1_low,0.0398248332045296,0.25875,0.13445328842997614
23973,0.06551480051130057,1.4743509961199015,0.1510928225144744,2.054657489210287,1.375818631494001,0.08899430913040694,gamma_low,0.06434827005228025,1.460131607462334,0.12591068542872866
23986,0.08019477110356094,0.7319693149905652,0.2251987163256854,7.8595007756150315,2.8674289890827147,0.1854785623791213,gamma_low,0.07739540805878525,0.7317287403732711,0.18766559693807117
23992,0.179591185413301,0.5712186357285828,0.5830633995030076,3.4697559653492247,1.1822651165878233,0.07647437303960666,a1_high,0.1846323330692123,0.5597503677063781,0.6147963243805875
24003,0.14717851299792528,1.4870219002943486,0.6460158292017877,3.809510305414348,2.3254934494992265,0.15042366645430397,a1_high,0.15217851299792529,1.5048004681616238,0.7030591895915493
24013,0.0793581172823906,1.739541206760332,0.7223820307757706,1.8518209278131146,1.2339678925980688,0.07981874760019791,m_high,0.0828340309116319,1.769541206760332,0.782472384677761
24040,0.19798319935798647,0.6476093228440731,0.1630260244011879,19.064081422340156,2.8757766352333105,0.18601852672110053,a1_low,0.19298319935798647,0.6485531060794545,0.14135374541715512
24144,0.16314782667905092,0.6657431378494948,0.10069738197140395,14.797345504046165,2.5028023797829277,0.16189282771730745,gamma_low,0.1600073030259873,0.6650456070399463,0.08391448497616996
24148,0.10812199339270592,0.26619842424057427,0.6624872699007393,0.609025779847673,0.1863467172713414,0.01205376710466114,a1_high,0.11312236678593887,0.2504342190161113,0.6880230958677542
24153,0.025033499859273434,1.4775301776081324,0.343746877880767,1.2727750967090994,0.9692112316243009,0.06269306286844799,gamma_low,0.024099240372792048,1.4514071134402187,0.28645573156730586
24156,0.1419721806421876,0.7566873159073293,0.43967500421218575,6.067283840412621,2.613340372573165,0.16904293607886298,a1_high,0.14697218064218762,0.7509389039468305,0.48557044273809324
24182,0.046641561202704906,0.2928754081204534,0.42141776509582995,0.28981573707445946,0.2898157370744499,0.018746621615418065,a1_low,0.040119112103472764,0.32508333333333334,0.4114202978752844
24213,0.05272047389298678,1.4953265990968794,0.7312154169473797,2.1158082364655777,1.5925307673056277,0.10301225187754641,m_high,0.05581583154825799,1.5253265990968794,0.8277368446161191
24266,0.06017417907714844,0.8588374430406839,0.5789370324090123,3.7645989193222102,2.7430881575096127,0.17743562259821985,gamma_high,0.06448982674322257,0.8466194662300992,0.6947244388908147
24277,0.055969628132879735,1.6058000806719064,0.28609630804508923,2.1952023903761124,1.6701383382728938,0.10803226832696818,gamma_low,0.05412810697994657,1.5788950600063232,0.23841359003757437
24296,0.19751905854791404,0.8312181473709643,0.32620558455586435,11.605565960010438,3.2038562021010217,0.207240229731104,a1_low,0.19251905854791404,0.8300997704971171,0.29353047597894916
24307,0.13497284259647133,1.482625567158684,0.2360790056642145,4.568776992003515,3.2444727740501422,0.20986749736443464,gamma_low,0.1314121019375964,1.4626719393451593,0.19673250472017875
24323,0.14584353640675546,1.7352683166507632,0.9479827560763806,2.315810150109357,1.2313278102330771,0.07964797486842826,a1_high,0.15099518741648282,1.7574919333767338,1.0
24371,0.13415138367563487,1.7910998092591763,0.11383576164022087,2.4300183609513004,1.5455416903585557,0.09997278116254435,gamma_low,0.13220987997944725,1.7768259001421989,0.09486313470018405
24422,0.03012199550867081,0.2885028532333672,0.5676430513057857,0.38645554986281055,0.386455549862809,0.024997731446844546,a1_high,0.04185580830806486,0.19241666666666665,0.6963974029624322
24448,0.15934176295995714,0.7903813480492682,0.4797434403188527,5.8979783453916985,2.4904433107631814,0.16109338600040546,a1_high,0.16434176295995714,0.7856012519485176,0.5236532746266612
24455,0.17723621781915427,1.8487477358058095,0.14930953380651774,3.4590297836364403,2.2867254590671804,0.14791597361900077,gamma_low,0.17378379804112312,1.8296534747964424,0.12442461150543146
24468,0.11020571179687977,0.947805257588625,0.5362561676371843,6.4559695918177455,3.1352899600732096,0.20280504823315668,a1_high,0.11520571179687977,0.9472093263845837,0.6100071468657245
24537,0.027834944613277915,1.1819285989552737,0.5513319314364344,1.8023515108625112,1.3999009241417117,0.09055206314492556,gamma_low,0.026370925163697385,1.1662370579034271,0.45944327619702874
24578,0.09090090151876212,0.5285150696802884,0.44575324850156905,2.8319368016189346,1.4674331778650718,0.0949203614994867,a1_high,0.09616981801372715,0.5086964015294833,0.4901912305435693
24588,0.13568436689674854,0.2803759427089244,0.4312408314924687,0.4830068628270054,0.3505569800705013,0.022675646003091743,a1_high,0.1510903752160757,0.26040909004178947,0.4305786054999084
24614,0.02785641700029373,0.8079163811635226,0.4183179401606321,2.479081590474934,1.5048556629079746,0.09734102082630483,gamma_low,0.026433395422050962,0.8104310773051713,0.3485982834671934
24648,0.19044019486755134,0.2916682996787131,0.18882553786970677,0.4604934745077941,0.20216356822997786,0.01307687414178125,a1_low,0.17645619569369564,0.2956531837597745,0.19961037563233033
24682,0.05162843316793442,0.2639284818340093,0.9261563514638692,0.630110439255938,0.42605895284140377,0.027559462627549606,m_high,0.04876047255344978,0.2939284818340093,0.8495810726713868
24698,0.07363769691437483,0.5756687914766371,0.6374525465909392,2.4660905234127606,1.5551454588849971,0.1005939973065145,a1_high,0.07863794027475167,0.5452396398381478,0.7225109634516969
24750,0.023999150656163693,0.783814785471186,0.7813701540417969,1.3987680402899543,1.026994484163782,0.06643075075938376,gamma_high,0.0260292943179536,0.7511636635258258,0.9376441848501562
24785,0.023077812045812607,1.7596898678597064,0.29189477873966096,0.7926347359109817,0.6711166625136245,0.04341092812607757,gamma_low,0.022242539177264372,1.7274163345623796,0.24324564894971748
24791,0.19658619537949562,1.514736338611692,0.578576840236783,4.686195979827656,2.4646110275194175,0.1594224345043908,a1_low,0.19158619537949562,1.4993557196576897,0.5368652521117189
24793,0.026825627125799657,1.2687768189422786,0.5640665290970356,1.5660574497504194,1.3029829465743894,0.08428296032971358,gamma_low,0.025403934162466474,1.2485915783924397,0.4700554409141963
24803,0.13752684444189073,1.1132547504361718,0.7702824494801461,4.359386499923035,2.2958021989849207,0.14850309911624637,a1_high,0.14252684444189073,1.114788215654217,0.8412188868902859
24818,0.07763193473219872,0.6156809748522938,0.058866714006289844,11.976984526058828,1.360257629458156,0.08798775158433486,gamma_high,0.07887335645862457,0.6158012816611461,0.07064005680754783
24852,0.11195363625884057,0.7990985781513155,0.32370030720718207,8.52526760893183,3.7257146660039235,0.24099644758989422,a1_high,0.11695363625884057,0.7977887474978597,0.3794093358160745
24855,0.19752199985086918,1.2052835076022894,0.704808656135574,6.363446118888047,2.36901793175158,0.15323903116854737,a1_low,0.19252199985086918,1.199586165075644,0.6574380341139434
24866,0.09413818065077068,0.9881748856790363,0.3915379370562732,6.640552002095144,3.823241218338684,0.2473049158343442,gamma_low,0.09008791245664577,0.9803706994868577,0.326281614213561
24875,0.10674304347485304,1.1704004944581539,0.14764297332614662,3.826120598239552,2.4018835895321526,0.1553649338430317,gamma_low,0.10485862379369329,1.1607995495546088,0.12303581110512217
24876,0.12619732692837715,0.24058430397883057,0.5007965049799531,0.44021601934176446,0.35113787269583424,0.022713220823411134,m_high,0.10990949245834336,0.2705843039788306,0.4889608222323042
24898,0.08900408577173949,0.7499442772101611,0.23141995320096612,9.230544314934095,3.10083951059656,0.20057663390569755,gamma_low,0.08591141100941319,0.7491477870414814,0.19284996100080512
24948,0.10536840669810772,0.5650317689683289,0.052400527829304336,8.07086608364308,1.4117377207770556,0.09131772186967743,gamma_high,0.10722934707055286,0.5643666387550922,0.0628806333951652
24964,0.1139498757198453,0.5713890811055898,0.47010142244398595,2.5830180309772124,1.5687517568551579,0.10147411555753864,a1_high,0.1189498757198453,0.5563779452779893,0.5111848509246586
24971,0.10561174806207418,1.0063951104320585,0.9232163190469146,4.409315796250705,2.2764607489703192,0.14725200471889793,a1_low,0.10061174806207418,1.0123398369102266,0.823534333240054
24992,0.15480515398085118,0.850794996265322,0.4421869015879929,6.141893219990888,2.902333741029175,0.18773636309044786,a1_high,0.15980515398085118,0.8490398240037031,0.488458821919318
25007,0.16314485520124436,1.2866777627915145,0.9579026703350246,4.097193103377764,1.8703604388403403,0.12098355936544578,a1_low,0.15814485520124436,1.280643644499515,0.8941482143326461
25053,0.09496755450963974,1.4606791073735803,0.522323830043897,4.36745193420655,3.043149596582895,0.1968449835820909,a1_high,0.09996755450963975,1.4896463663471986,0.607192873936896
25064,0.19777154158800841,0.7448484132066369,0.3405413215234876,11.126742276064435,2.699408744215561,0.1746102362279943,a1_low,0.1927715415880084,0.7466819163626853,0.3105797398918633
25069,0.08170867878943683,1.0229543049819767,0.4283800808154047,5.737123400616269,3.6854070384595397,0.2383891639088302,gamma_high,0.08614100952546476,1.0305043647754,0.5140560969784856
25087,0.15651889350265266,1.4872006485983729,0.2831294267158955,5.001767974455745,3.658613875336301,0.23665605826031771,a1_high,0.16151889350265267,1.5099439747857815,0.3284145412300619
25111,0.19798635561019184,1.2722446809709071,0.775654364535585,5.584748971975798,2.1538097409353782,0.13931837053605164,a1_low,0.19298635561019184,1.2656503541586988,0.7269308240951822
25134,0.022394346073269844,0.8972068237327039,0.4299415294639766,2.0658715797376033,1.2447713697222007,0.08051756644220197,gamma_low,0.021309026340526258,0.894888897545634,0.3582846078866472
25195,0.11076344400644303,1.7259842245932668,0.6630035425815731,2.4496067875277157,1.783641888301706,0.11537420263970087,m_high,0.11560623454123697,1.7559842245932669,0.7245841848573585
25227,0.10514815449714661,1.4679820135515182,0.6072875733301043,3.6185557837673885,2.659903018116198,0.17205482323937227,a1_high,0.11014815449714661,1.4925801328945647,0.6865669827549061
25235,0.1290005963295698,1.1534969360101968,0.08526426210068165,4.429431082809735,1.7862682557336078,0.11554408822619777,gamma_low,0.12761365519927234,1.1473488778433967,0.07105355175056806
25258,0.05378700438886881,0.5335350601281971,0.7297475716099143,1.3459812578291521,0.8584125328196149,0.05552609083670308,m_low,0.05690463787296802,0.503535060128197,0.8094650647111387
25280,0.1609780987724662,0.9228596285916865,0.2671572162769735,9.466942678037695,4.0089812417300035,0.2593194391742603,a1_high,0.1659780987724662,0.9282378616409948,0.3083292448163231
25301,0.05618521459400654,1.5163271924015134,0.21710872508585455,2.060822470802634,1.5086009224631407,0.0975832815276766,gamma_low,0.054801148172690314,1.4968395678156134,0.18092393757154543
25303,0.19643734227865936,1.175477028209716,0.32576486316509545,7.229838372270327,3.854332244487906,0.24931602713126044,a1_low,0.19143734227865936,1.1643017799483497,0.28784529162212125
25323,0.11173433847725392,1.202570946905762,0.758719786554575,4.083833169550076,2.450810887685091,0.15852977766551277,a1_high,0.11673433847725392,1.2094109413551584,0.8450913822500827
25365,0.050487070530653,1.2039052606374026,0.0917304150853306,2.0827187366083963,0.9246816168149287,0.05981268153395485,gamma_low,0.04991230383885742,1.1969199494578007,0.07644201257110882
25411,0.14863193165510893,1.2781996569875629,0.4952978818677366,5.63811074878509,3.147765749214611,0.20361203994709354,a1_high,0.15363193165510894,1.2916953453638205,0.5510844587247631
25416,0.18943891972303392,0.2558003944437951,0.3519408966694027,0.6720710482446548,0.12231556648178274,0.007911936272530467,a1_high,0.19995327051200606,0.24943458550149883,0.34517122033870656
25421,0.08108162842690946,1.5285255377087743,0.38603934898041187,3.4063838250052254,2.557072699243564,0.16540328285734376,m_high,0.08462774054610808,1.5585255377087743,0.4494239992470469
25434,0.06461497284471988,0.2886806563381106,0.45431471936404705,0.4498223145899206,0.4498223145899206,0.029096586717175233,a1_low,0.055218942733805704,0.32508333333333334,0.4393970560760792
25453,0.08321661353111268,1.1596969577204437,0.7827053342200816,3.541470091181236,2.5629038485330997,0.1657804685492507,a1_high,0.088266296465376,1.163715374978668,0.9033941290691441
25461,0.05706924609839917,1.4671485590655358,0.31470557493157686,2.4460212991711927,1.959284931044587,0.12673560659560695,gamma_low,0.055098530448731295,1.4427410347830931,0.2622546457763141
25462,0.04576576501131058,0.5634637185744942,0.6770649891439825,1.6728198397082485,0.950448217131733,0.061479384354618985,m_low,0.04859792351956442,0.5334637185744942,0.7581163202883566
25493,0.05184467993676663,1.722194171929732,0.4910171012580395,1.4803362388431938,1.134408075603031,0.07337875839827686,m_high,0.053951144671270025,1.752194171929732,0.5478254109429949
25536,0.16202601697295904,0.21747143677435815,0.9634012196864933,1.1882873011147332,0.19974350020371814,0.012920332954508841,a1_low,0.15697846651029085,0.23325573515490822,0.911024544646155
25567,0.15450877957046033,1.4620270746015012,0.145144085502252,4.273675580365545,2.5714183993728787,0.16633122905808245,gamma_low,0.15189748976515757,1.448650725779119,0.12095340458521002
25595,0.11423638109117747,1.244839009605348,0.2412219645921141,5.175558570090296,3.3186202617699934,0.21466369963436463,gamma_low,0.11115423741085191,1.2299054944913064,0.20101830382676175
25608,0.19326493050903082,0.27965449989773333,0.5707948655821383,1.1511536937846922,0.2597300037189995,0.016800537303605468,a1_low,0.18532010286482867,0.2921564146366358,0.5579038075872339
25611,0.10388785097748042,1.7430116541869938,0.4575024910829961,2.932036324141785,1.9898991753107076,0.12871587743628773,m_high,0.10786799842972229,1.7730116541869938,0.5054482844666399
25625,0.02829485218971968,1.7723800967261196,0.35503634574823084,0.8868152685278491,0.8868152685278469,0.057363311080640925,m_low,0.027066207973730487,1.7346666666666666,0.2960932939627085
25634,0.09486080873757602,0.8096241820510477,0.5842153174150735,4.206474984768232,2.672221171802367,0.17285161836335775,a1_high,0.09986080873757602,0.7983577066808741,0.6662534665831754
25671,0.17913703713566065,1.1993273973464966,0.9643136917706578,4.95821281199928,1.8173652805313443,0.1175555875434301,a1_low,0.17413703713566064,1.1971413759097658,0.9044521620732124
25676,0.13207838125526905,0.29191872930154206,0.8291765877231956,0.7505012957193737,0.293105650481332,0.018959428422974083,a1_high,0.13707838125526906,0.2731588545998079,0.8768945007672453
25699,0.13961804173886777,1.4786388074047863,0.9380880486313253,3.1833091254056183,1.8122938753525204,0.11722754561269993,a1_low,0.13461804173886777,1.4637825746747524,0.8688144591958958
25709,0.08379344772547484,1.7245907061733305,0.9525851197168231,1.6465365211993075,1.1992036278208233,0.07757003424841119,m_low,0.07982345227094308,1.6945907061733305,0.8761791392708673
25710,0.019414068944752217,0.2651505466643721,0.07588601358234882,0.010148771148230878,0.010148771148230559,0.0006564694329503441,a1_low,0.009997295084923469,0.2753333333333333,0.13894954943731383
25723,0.11347068399190903,1.164217239841819,0.408212756421417,5.980666325630511,3.917149122876592,0.2533793132112428,a1_high,0.11847068399190903,1.1788333580808785,0.47771158142579406
25762,0.09660665895789862,0.282333022300154,0.9893026815727353,1.3025520351500475,0.40786456064838644,0.026382565232645917,a1_low,0.09160549422512287,0.3133955795708037,0.8992875715423833
25766,0.025858264788985254,0.6913508863560855,0.2688819850515574,2.8565220975133667,1.3120091650724293,0.08486681786798583,gamma_low,0.0247368258132109,0.6945450147802357,0.22406832087629786
25780,0.10143867507576942,0.8486162229627371,0.41409097908064724,6.463582932160074,3.53789386111224,0.2288473296836325,a1_high,0.10643867507576943,0.8464197869192154,0.48315071182852326
25812,0.10645911656320095,0.5775955839175732,0.20950042748823763,5.583217715289138,2.4538361657365626,0.15872546663494166,a1_high,0.11145911656320096,0.5697948569747214,0.2407551545941278
25813,0.05568280164152384,1.7623542697262018,0.7101258711423725,1.2408979280841745,0.8710958124246075,0.05634650399299853,m_high,0.05810122425604509,1.7923542697262018,0.7693859944871352
25832,0.1970246409997344,0.5502735423017293,0.6429463042598218,3.5113062746536605,1.0769041527407528,0.06965913884212972,a1_low,0.19200434240366118,0.5614932252648702,0.6125177559075387
25835,0.11223751548677684,1.4539280140958726,0.2618426907714456,4.29494205734408,3.068505866224157,0.1984851443178108,gamma_low,0.10900234313137579,1.4331568831036305,0.21820224230953802
25863,0.1757726224139333,1.047631612289697,0.7492646074201912,5.660480962189515,2.137292665899951,0.1382499697686942,a1_high,0.1807726224139333,1.0469959708475465,0.8038529960211386
25894,0.027109362930059434,0.9869523463957012,0.6259588979091495,1.617757246561928,1.4060404360111154,0.09094919515397692,gamma_high,0.029024252266371852,0.9833655833200329,0.7511506774909794
25901,0.0866939103230834,1.5109501408785582,0.7305248844996095,3.1823820472282383,2.320675065625297,0.1501119911112249,m_high,0.09166519579015543,1.5409501408785582,0.8243262833114663
25920,0.16019179187715055,1.0035155737958847,0.1310576617065817,6.500777117469039,3.0192886052543826,0.1953015443599154,gamma_low,0.15748423906559197,0.9969136429840808,0.10921471808881808
25967,0.1677333701401949,1.8087431992776692,0.1468563887104392,2.842837989211806,2.2260563616948215,0.14399161594377763,gamma_low,0.1645374479960514,1.790175933752521,0.122380323925366
25994,0.056498155742883686,0.7296039649099112,0.16707270591519774,5.311030989783476,1.985308768497194,0.12841894870335402,gamma_low,0.05496996920634991,0.7281896364905709,0.13922725492933147
26051,0.1471213821321726,1.5518955732509494,0.5851424429938197,3.8257661945503414,2.3843689073877963,0.15423200323619504,a1_high,0.1521213821321726,1.5724507078695829,0.6390701256398877
26073,0.02754811216145754,1.4628729705046863,0.48018021827563645,1.290546724372621,1.1883561480714655,0.07686836911319497,gamma_low,0.026201012095211182,1.4326074961693496,0.4001501818963637
26102,0.044517668522894384,0.2766202285792679,0.2796553139295429,0.10636255237001395,0.04748466672756527,0.003071527752984728,a1_high,0.04951766852289438,0.2672458939060083,0.2647846798504133
26143,0.15218846276402476,1.1783365803677588,0.25935181152075526,7.013736390972687,4.266133158353539,0.2759532138867169,gamma_low,0.14776880698233064,1.1644641006921095,0.21612650960062943
26190,0.01661655381321907,0.2903886314388365,0.4638409900292754,0.1752765156754817,0.17527651567548105,0.011337695290829033,m_low,0.019313173035668818,0.25875,0.469276245934884
26207,0.15474334657192232,1.7830231407098471,0.7423572729621083,2.4220798598164213,1.4355252930409153,0.09285641200735423,a1_high,0.15975740105842737,1.8057686916823268,0.785316081129145
26220,0.12857058178633451,0.26286220993846654,0.719644713178277,0.71673279584137,0.19289974240446975,0.012477647063172588,a1_high,0.1335706117204013,0.24805155907449086,0.7487606509051085
26230,0.046485247462987905,0.7269533240329474,0.36065579080954197,4.000172113527081,2.217245550662507,0.1434216919561602,gamma_low,0.04412289550866835,0.7320936409217115,0.300546492341285
26252,0.1373108832165599,0.5674927102029323,0.524965860741213,2.941180864409494,1.3630580097023535,0.08816889312394618,a1_high,0.1423108832165599,0.553797066579356,0.5619931541216411
26274,0.09646561294794083,0.9385647558979691,0.25598220572806896,6.998347456162731,3.4063827095032115,0.22034058045631563,gamma_low,0.0934241489872014,0.9315021017795937,0.2133185047733908
26294,0.04813524372875691,0.8472379574645311,0.8103651979379356,2.9893007762992903,1.907191228729129,0.12336594511444575,gamma_high,0.05214320162519948,0.8191588271722839,0.9724382375255227
26323,0.12635677270591258,1.1727970287017524,0.6762557277083397,4.935759010347103,2.688875161715367,0.17392887541791788,a1_high,0.131385106065832,1.1789476837712483,0.7509474933888763
26324,0.10670564416795969,0.23909883805550636,0.9428208978008479,1.0237934238273212,0.3326402217436414,0.021516707250079002,a1_low,0.10169979202096702,0.2634492528618431,0.8731226813591361
26346,0.050374042429029944,0.5528351528197527,0.029869066355749964,8.110047107699467,0.5119543398695012,0.03311557333216597,gamma_low,0.04993292651275251,0.5529970553158192,0.02489088862979164
26449,0.023867176659405232,1.842224661661312,0.09444846914149821,0.5055457038218384,0.5040029958609945,0.032601243644737,gamma_low,0.023713162186116535,1.835956312692384,0.07870705761791517
26454,0.043472522869706154,0.7823293454945087,0.29097923820838334,4.9041671320801425,2.0566529718377686,0.1330338215807907,gamma_low,0.04172859456742367,0.7817611292466772,0.24248269850698612
26472,0.19944702722132207,0.47613398627378045,0.739898782055825,2.866990769745268,0.7645018863752159,0.049451516100617564,a1_low,0.1944423541266854,0.48909492225810586,0.7085998272255791
26474,0.05298040788620711,0.8795952443033457,0.8475633359607309,3.570066226510077,2.17029356564364,0.14038462051854064,gamma_low,0.049155880489042104,0.8960621278966518,0.7063027799672758
26477,0.08357323184609414,1.8071447208803146,0.5278870343789458,2.005572571623743,1.38244748132517,0.08942309378090518,m_high,0.08688006842338686,1.8371447208803147,0.5783561831436592
26495,0.15798061452805998,1.7160168535355478,0.6882743399310857,2.791957009949152,1.721611425873955,0.11136178557946466,a1_high,0.16306090384980487,1.737767206996648,0.7347752593480639
26540,0.12804981488734485,0.9493194093834609,0.5946291880402714,5.702132616411372,2.7638543630183303,0.1787788767671953,a1_high,0.13304981488734485,0.9474271487016036,0.6607564832408948
26548,0.10033957790583373,0.6339122324902564,0.12662234587594867,9.223271062667937,2.3279658585339535,0.15058359329996268,gamma_low,0.09773532197444502,0.6344991484968149,0.10551862156329053
26594,0.09907047376036644,0.8412829666212202,0.46814038508571687,4.83567338608575,3.249202138482363,0.21017341451851065,a1_high,0.10407047376036645,0.8365127865593172,0.5414041493476853
26605,0.08142903260886669,1.276270003002137,0.9252420353610069,3.7924770973181676,2.440391201931871,0.15785578422354526,a1_low,0.07642903260886669,1.2634793136854452,0.7978819989691989
26664,0.1956695752218366,0.5573132512532175,0.8595591302961111,3.372485399648454,0.994881993855397,0.06435356643869442,a1_low,0.19066957522183658,0.5715571543330829,0.8167273240780728
26684,0.14731501843780279,0.7147142721433193,0.17535344521515073,13.088143258621667,3.486818343499255,0.22554352909582562,gamma_low,0.14304891326046662,0.7139083066242643,0.14612787101262562
26688,0.15955489911139012,0.293453881200403,0.2880347156058997,0.6076556942894094,0.10239349654116739,0.006623284694315203,a1_low,0.15196165814748952,0.29902715017516124,0.29327821263151954
26704,0.16283855829387905,0.6015276219788939,0.04581600359641016,15.232447036527525,1.2998608663536244,0.08408100974848402,gamma_low,0.16107871994739947,0.601358365076556,0.038180002997008466
26739,0.1365073898807168,1.7582898071780801,0.307846115808934,3.839488570601199,2.706155385823286,0.1750466401951203,m_high,0.14135080635414687,1.7882898071780802,0.35163407872296865
26743,0.19066028892993928,1.1627085386961697,0.9489770786184818,4.653618681638659,1.8054271647039082,0.1167833750249619,a1_low,0.18566028892993927,1.1616764342025676,0.8928650888557397
26754,0.09276157785207034,0.5682505802530795,0.7199875844828785,2.2117813375427873,1.3516315248613953,0.087429775262818,a1_high,0.0977623478713417,0.5415659933138277,0.7962901442950853
26790,0.02598124481737614,0.7854376741033048,0.6855427553877235,1.4963201888822053,1.2084599757969445,0.07816877762515335,gamma_high,0.02809403791228515,0.7591462739820913,0.8226513064652682
26798,0.02391838189214468,0.28383425081148744,0.4162562617938966,0.16645052521586381,0.15345486334851927,0.0099261699425983,m_low,0.02824422239068586,0.25383425081148747,0.4162562617938966
26808,0.17881753966212274,0.8481776504963636,0.9856265888083726,4.066454852366564,1.5653143461822883,0.10125176794497771,a1_low,0.17381753966212274,0.8582910853139214,0.9251724772072447
26813,0.08852965719997884,1.4331662485562264,0.77229302640073,3.119990079397779,2.7350304743348595,0.17691441440194028,a1_low,0.08352965719997883,1.4065149814645623,0.6714319245703386
26841,0.026915375329554084,1.7619082246255129,0.13852974809706212,0.5879387574438178,0.5044554656414615,0.03263051148178563,gamma_low,0.02651473168225437,1.7477092308640723,0.11544145674755177
26867,0.13474523257464172,1.2941564519423991,0.15026016416959465,4.247544091507279,2.6531043914145123,0.17161505663605545,gamma_low,0.1323747917597139,1.2826374685415383,0.12521680347466219
26876,0.1457414949312806,0.8584976198058576,0.7470643169339747,3.9527965861577683,2.019457475523315,0.13062784493423746,a1_high,0.1507414949312806,0.8498340683145623,0.8097440305666801
27018,0.056280188262462616,0.8259055065456777,0.770914658382535,2.7261362737974304,2.2094726218127487,0.14291890298596516,gamma_high,0.06093297362100524,0.798147904028596,0.925097590059042
27056,0.17057827953249216,0.5460694015398622,0.5634345230367035,3.4185450553133583,1.0990263814243786,0.07109010685859442,a1_high,0.17557877828597912,0.5341639588323195,0.5936577811686935
27093,0.05505206007510424,1.4623053468298166,0.928977781208232,2.41644743898857,2.040585893062468,0.13199452865175176,gamma_low,0.05080868543752855,1.4313309838291601,0.7741481510068601
27138,0.09115670174360276,0.6822031772881746,0.12009191961959004,10.887349499974452,2.1753917591147265,0.14071439523984952,gamma_low,0.08916202537292622,0.6813760157524427,0.10007659968299172
27141,0.07307093199342489,1.7403078782837837,0.2615154014248401,2.413609930035825,1.816764733158614,0.11751674136319033,gamma_low,0.07071881263975206,1.7114160386098733,0.21792950118736673
27212,0.13244036231189968,0.5414905689563603,0.9890847351588309,2.8405830451280676,1.0892660620947254,0.07045876428497962,a1_low,0.12744036231189967,0.5652558582443279,0.9147279585571071
27215,0.1704070469364524,1.441273593455553,0.13220633691176772,4.41689307575181,2.582456849258436,0.1670452470245124,gamma_low,0.1677675610169231,1.4291375063983032,0.1101719474264731
27247,0.1682197967544198,1.8183002760075033,0.7270509865414351,2.5480183194178254,1.348444706680948,0.08722363713108974,a1_high,0.17322051086306886,1.8395871027136543,0.7650909958401919
27253,0.05644541345536709,1.1613312221039087,0.3359151239413768,3.564105206527061,2.380923202693541,0.15400911912798984,gamma_low,0.05439146509935692,1.1462911623552066,0.27992926995114736
27264,0.15856787096709013,0.5659537626802922,0.07621336562559008,7.963311598152006,2.193163272048761,0.1418639388494233,gamma_high,0.1626477489281585,0.5643650720624422,0.0914560387507081
27282,0.08298899773508311,0.9720358859561383,0.24034358288161456,5.6693693354006465,2.9739205759119702,0.19236693049765677,gamma_low,0.08055302685807772,0.9639940454092265,0.20028631906801214
27349,0.05610156692564488,1.016372011322528,0.6131047396082431,3.4506756241022534,2.6202837906951864,0.16949206846057946,gamma_low,0.05284193147681876,1.0124306031368107,0.5109206163402026
27354,0.06346015185117722,0.580481631308794,0.014479640508070588,11.316024161698651,0.30066913541269036,0.019448669592323237,gamma_low,0.06322507036536526,0.5803972090569853,0.012066367090058826
27360,0.15265021566301584,0.7980544424522669,0.299913918171078,10.872085777983186,3.3996691795504494,0.219906318304099,a1_high,0.15765021566301585,0.7978891479267445,0.3400080463804867
27370,0.05010419208556414,0.8938196242693812,0.9129531674459577,3.256688082388565,1.9933822685023568,0.12894118000534152,gamma_low,0.046395383462403204,0.9120198902127907,0.7607943062049648
27430,0.026740423403680325,0.24097405782900752,0.6972948442120105,0.16935492104139543,0.16935492104138997,0.010954659175931384,a1_high,0.0322480515781807,0.17583333333333334,0.8483428982440723
27438,0.023359188809990883,0.7352898871712387,0.46674067808315156,1.9497201118595338,1.254587213689106,0.08115250060602998,gamma_low,0.02197027043576672,0.7450544741363535,0.388950565069293
27447,0.1886136068031192,1.7333110850863158,0.47989812582731245,3.5187642334123033,2.1116861155463806,0.13659361971952064,a1_high,0.1936136068031192,1.7535903251082532,0.5153013356457037
27456,0.16055557746440174,0.25741950227878985,0.20220365564338863,0.3765085277747195,0.045125862550657744,0.0029189493946949795,a1_low,0.15405967374199875,0.25929155263787335,0.20863524106855832
27481,0.025806865841150287,1.2472117878403515,0.25040761181153354,1.4364998731298302,1.0108517036037943,0.06538656108896199,gamma_low,0.02507930062710282,1.2316102311499246,0.20867300984294462
27536,0.16858640313148499,0.509110504668206,0.9199806461762637,2.732519327787003,0.9147140158527882,0.05916793102614264,a1_low,0.16356048677532012,0.5273105740251763,0.8673517386034795
27560,0.19457631260156633,0.4462792831845582,0.7707642408553511,3.2284468852389225,0.6765840057857186,0.04376458116299745,a1_low,0.1895757327748739,0.4600416157529429,0.7382110115794345
27562,0.05435972008854151,0.8511947136279195,0.6309534585103392,3.4742493867913224,2.4408569369636313,0.15788591011836925,gamma_high,0.05845334293087483,0.8349524003836079,0.7571441502124071
27570,0.07977465447038412,0.5435609297547489,0.17080089866183698,4.163682428553694,2.415903630792863,0.1562718149227143,a1_high,0.08477465447038413,0.5335405177670772,0.20328846649670748
27604,0.10753202755004168,0.5600063742045314,0.6659457186702639,2.435135307681683,1.341535692749934,0.08677673017148906,a1_high,0.11268316134840431,0.5376840839727915,0.7270233486177557
27628,0.13076392281800508,0.49911781524308024,0.5297991388570518,2.8782803222191817,1.0465739863016095,0.06769724346851443,a1_high,0.13603313519286317,0.4832319305476697,0.5634196239109546
27630,0.021859491616487505,0.8399033166840673,0.8849731359817088,1.5485017689639644,0.9622251164400794,0.06224116864337116,gamma_low,0.0202338647830427,0.8616965544101494,0.7374776133180907
27643,0.11415219102054835,1.7389624890405684,0.5888705767318606,2.5961903306568876,1.990963059473415,0.12878469438198653,a1_high,0.11915219102054836,1.7705288872641312,0.6477605111037403
27648,0.1567155722528696,0.28190362197346985,0.9723826298490167,1.239103882404496,0.3582459426639609,0.023173003647675636,a1_low,0.15139357147641638,0.3019110520085049,0.9142244329571487
27651,0.14609521552920343,1.7413588453643023,0.1122307001054287,2.7925842683291298,1.6848322781665275,0.10898274028548327,gamma_low,0.14404175733923244,1.7277211657949982,0.09352558342119058
27669,0.05116891618818045,1.1785427320376038,0.5636524869687856,3.381883555013912,2.379899706270921,0.1539429146480217,gamma_low,0.048444331348300416,1.1633783371775295,0.4697104058073213
27692,0.1255645915865898,0.5546331479586661,0.1579378226865083,4.789210560783459,2.2167479028176285,0.1433895017930592,a1_high,0.1305645915865898,0.5490235923334612,0.1803516817926177
27695,0.1649473737925291,1.4583181070629507,0.7716783356759698,3.4050628861601946,1.9940098638939912,0.12898177577647982,a1_high,0.1699473737925291,1.4720867366786952,0.8249006409292143
27723,0.10000972915440798,1.8453624471277,0.13700892133638262,1.9920864900083353,1.3731511964890835,0.08882176710344289,gamma_low,0.09824588784117824,1.8279813620761312,0.11417410111365217
27739,0.12214111648499966,1.039652141733095,0.4370843912102282,6.9319605447485,3.6503240432760076,0.2361198336009585,a1_high,0.12714111648499965,1.0466805912795818,0.5013436874123934
27749,0.06618935726583004,1.7267449376545847,0.6070810155756772,1.8279265215073226,1.2229657833727767,0.07910708031566716,m_high,0.06901082221097267,1.7567449376545847,0.666572039554733
27796,0.10995575524866581,0.9734053407143801,0.3849811929650605,7.171551968417661,3.9755828837568634,0.25715907898878876,a1_high,0.11495575524866582,0.9793272621936707,0.4522970610211173
27812,0.12316577937453986,0.5327165268175303,0.5384125944506377,2.8933594622238297,1.2063577304697708,0.07803279467926805,a1_high,0.12816577937453985,0.5166338611152994,0.5768463454566081
27816,0.19437180142849686,0.9382969327550381,0.9412027345132082,5.057891527719328,1.568769772371106,0.10147528088439113,a1_high,0.19937180142849686,0.9314789262103805,0.9965102030148183
27818,0.053373951092362405,0.2840844432078302,0.5857793762721122,0.5712762257659694,0.2109650832870081,0.013646196822744447,a1_high,0.0583739510923624,0.2564171344787987,0.6191303922547714
27824,0.17130080033093692,0.7561920036841184,0.4810539493709803,5.573068383116404,2.2615826944822848,0.14628962337730395,a1_high,0.17630080033093692,0.750631462293341,0.5204751766361174
27852,0.13430486619472504,0.2675232322327793,0.0908724420517683,0.06821103370894666,0.06821103370894585,0.0044122049818490225,a1_low,0.08415949381956421,0.2753333333333333,0.13894954943731383
27859,0.12600331846624613,1.015548648228869,0.7547192101180553,4.430830338902203,2.3425287688285508,0.15152558965829696,a1_high,0.13100331846624613,1.0127334454402082,0.8308746986560348
27890,0.07736465930938721,0.9548742009978741,0.8800571462512017,3.8509377507902807,2.605953564965601,0.1685651232155493,a1_low,0.07236465930938721,0.9646927299228379,0.7489945878630125
27899,0.11550416387617589,1.1381137120723723,0.635557421837002,5.563501158255889,2.8663615766120927,0.1854095172061562,a1_high,0.1205041638761759,1.144607985730361,0.713754655054601
27943,0.18560807537287474,1.1718145422358066,0.7201300155650824,4.779121914974352,2.221627932382407,0.1437051646643941,a1_high,0.19060807537287475,1.1757976137862007,0.77112652755567
27967,0.1610231997445226,1.486010974450037,0.2522468554228544,5.46966643995686,3.7770130486400326,0.2443146641176428,a1_high,0.1660231997445226,1.508647873406181,0.29551893972064114
27988,0.10921347513794899,0.2878595654293895,0.2588700514938682,0.23872914383890723,0.06408941641895613,0.004145599722386687,a1_low,0.10406867553801318,0.29226736143613063,0.26520646772847234
27989,0.05374055337160826,1.0970507006160914,0.7787071771360934,2.946816513828587,2.3095389140668523,0.14939165334894366,gamma_high,0.05798751921116772,1.095737318323329,0.935707368435908
27990,0.04321672488003969,0.9396461398620158,0.15094668587669732,3.4884351687742825,1.4318824455683927,0.09262077579291184,gamma_low,0.042352819132236395,0.9334816442602407,0.12578890489724778
27991,0.19400605745613575,1.7512015409301966,0.6400805738102645,3.347442609460468,1.6404817777253318,0.1061139448963221,a1_high,0.19900605745613575,1.7695906808138349,0.6755037676989052
28037,0.07383130602538586,1.6596196851041167,0.11917651185765862,1.9000993670345727,1.092601456380343,0.07067451300601832,gamma_low,0.07277530145988129,1.6463339268888568,0.09931375988138219
28051,0.128901575691998,1.2294321334455163,0.541717148795724,5.786456436695593,3.1242914456839217,0.20209361347923663,a1_high,0.133901575691998,1.2417455648698699,0.6079822065207638
28114,0.08682709597051144,0.5613308560103178,0.9496199302747845,2.675624190598452,1.1933655089250073,0.07719239773015138,m_high,0.08250714733692863,0.5913308560103179,0.8562373443792455
28135,0.18401088733226062,1.2769169251900165,0.1491446029301733,5.09207172550744,3.2279603026598824,0.20879939438212802,gamma_low,0.18078859735160124,1.2657006152239565,0.12428716910847776
28136,0.19803910162299873,0.8412428734917193,0.72603091227822,5.133496492596783,1.9178150726590477,0.12405314445105141,a1_low,0.19303910162299873,0.8469370496900749,0.6814506034897823
28139,0.11163795087486506,1.1813534618727863,0.36414144254289565,5.4510694424306765,4.170739296497218,0.269782697921276,a1_high,0.11663795087486506,1.1984223579731075,0.43284854824257996
28150,0.044427744485437876,0.7794902300275862,0.921702569629997,2.763532376801783,1.6896407330309804,0.1092937733743302,gamma_low,0.04101102359405316,0.8086577176211586,0.7680854746916642
28162,0.09126919731497765,0.27961534455418585,0.37477366987615823,0.37624581389423273,0.37624581389423273,0.024337318527490014,a1_high,0.12038816911737137,0.24216666666666664,0.34902548789595816
28180,0.11146366652101279,0.8361210406012833,0.795380716752261,3.8642457770604164,2.03313835767392,0.13151278763483562,a1_high,0.1164636665210128,0.8220979938195458,0.8800580267462047
28183,0.19781684819608927,1.176216450193897,0.17100399242714048,7.515134861017791,3.853564547588828,0.24926636894696852,gamma_low,0.19382035652250237,1.1654168063425852,0.1425033270226171
28230,0.033390569128096105,0.292607403350994,0.12027425618842244,0.07904006416251774,0.07904006416251774,0.0051126767313275584,a1_low,0.021030656661070443,0.3085,0.1749271187439843
28265,0.03829365242272616,1.4787386704888195,0.13637415754608812,1.3551163344941497,0.7972515838042761,0.05156991792351204,gamma_low,0.03767428000103936,1.4656432931459566,0.11364513128840678
28277,0.05643660016357899,1.7573895901162178,0.09656557410024105,1.226784613906213,0.6720453796545518,0.04347100184396628,gamma_low,0.055744179109429776,1.7453054517335729,0.08047131175020086
28292,0.11268164925277234,0.5696052046492696,0.9262972326483577,2.956043100458108,1.290002589814685,0.08344333084974231,a1_low,0.10768164925277234,0.5953525767723916,0.8449861731638002
28326,0.026505831815302375,0.5340948553290218,0.18854527468793095,2.237935960600937,1.1138424913249954,0.0720484813379208,gamma_low,0.024973490771954054,0.5432810092963842,0.15712106223994246
28328,0.19382948502898217,0.2827972652669996,0.20498901361599564,0.48056635893062605,0.17358514201649988,0.011228289423793386,a1_low,0.16444764315679902,0.2935308307786347,0.22753588027632246
28388,0.12004524394869805,0.795875450456515,0.7180805953126401,3.6822809050921874,2.0684128652987677,0.13379450585272293,a1_high,0.12504524394869804,0.7830158461943542,0.7901712858509007
28410,0.07190869189798832,0.8576290687732399,0.8994316329620778,4.026887620108232,2.4528221775059573,0.15865987718878694,a1_low,0.06690869189798831,0.8770023369942661,0.7595831109789836
28464,0.16892124563455582,0.27070551619865,0.40772778042592106,0.6508418056537932,0.25236800117538993,0.016324328946495655,a1_high,0.17679271755761966,0.2627376331845425,0.4074507200989033
28523,0.11013070717453957,1.0595990120526404,0.9398631581943482,4.342949370226226,2.2314749159547564,0.14434211308185238,a1_low,0.10513070717453957,1.0627757407869838,0.843047174997564
28534,0.04593565538525582,0.9065113413613289,0.25799454921856524,3.8342270576159927,2.0282806489966325,0.13119856858168724,gamma_low,0.04444687275497662,0.9004957306439662,0.2149954576821377
28554,0.056753575615584854,0.5725755304563791,0.2740529490914196,3.638379843148114,2.2189815647415734,0.14353398537192782,gamma_low,0.053246547786265246,0.584405570367887,0.228377457576183
28556,0.13637233506888152,0.8249991104751825,0.6273864062596113,4.52849002292422,2.296210228798388,0.14852949237079527,a1_high,0.14137233506888153,0.8170570114820597,0.6871045680916197
28590,0.024489105492830277,0.8519162898790091,0.37158080221153794,2.1751595958666265,1.3392144074346541,0.08662657870660916,gamma_low,0.023384756686094788,0.850293884472849,0.309650668509615
28624,0.16516142487525942,0.5597713494766504,0.33654310543090105,3.2500577412104046,1.4488762864774671,0.09372001598093928,a1_high,0.17016142487525943,0.5518911198668666,0.3584734329648421
28629,0.055357588455080986,1.2109549071546644,0.43210868662223223,3.0887852613289914,2.4567412867805003,0.1589133832936692,gamma_low,0.052922300488466766,1.1931986935683312,0.3600905721851935
28700,0.13898115884512663,0.27926722765900197,0.8464366322383284,0.7109633249077524,0.2762090283446882,0.017866476794564108,a1_high,0.14399147100781118,0.26138168668475803,0.8945711135204367
28703,0.15194603670388462,1.7426091994531452,0.2381463672965765,3.998006869148452,3.055019326630088,0.1976127725921636,gamma_low,0.14757864031391,1.7165664909905392,0.19845530608048043
28757,0.05460419971495867,1.4435743845719844,0.3983924449887127,2.5270767149488282,2.1077057383367737,0.13633615052137296,gamma_low,0.05231599241638914,1.4165769865221527,0.3319937041572606
28823,0.19951889999210837,1.7186121020279825,0.5827688387222588,3.5826232942353755,1.995513774051263,0.12907905563763072,a1_low,0.19451889999210836,1.700065426850233,0.5464737851748099
28835,0.14124694876372815,1.1892170435842127,0.7660904583707452,4.421078452005209,2.292542712485577,0.14829226046172544,a1_high,0.14624694876372815,1.1941079260323428,0.8347325842726647
28836,0.12334619406610728,0.2537729215994477,0.6248484888579696,0.6486652472237502,0.17750258036939073,0.011481687445738985,a1_high,0.12835249488464587,0.24173662343727653,0.6401512467065412
28930,0.09155231583863498,0.5497540644835681,0.2511410564184189,4.004542674367397,2.0196804978143965,0.13064227104699763,a1_high,0.09655313438605709,0.5381873812297495,0.28373020718705827
28974,0.02269995864480734,0.27056803047657013,0.8791793887410313,0.3021660647609609,0.30216606476096003,0.019545497902477487,m_high,0.01960535812350703,0.3416666666666667,0.7196856730011525
29028,0.12077421750873328,0.5623145397286862,0.7460036751814186,2.4085159121541753,1.2565800494727506,0.08128140643686846,a1_high,0.1260039179067093,0.5401579204483795,0.8092303225959051
29032,0.1999831883236766,0.9066184435598552,0.7765727402456105,6.161769046275539,1.9304248885916475,0.12486880563741339,a1_low,0.1949831883236766,0.9110851379294103,0.7295140425063265
29072,0.16807366330176593,0.4841038343310356,0.49563824899494646,3.1565149524969383,0.8248482797689857,0.05335499979073047,a1_high,0.17307366330176593,0.47302954014910265,0.517145403347223
29079,0.19847327060997488,1.4098058799933642,0.13728992673568427,5.14152205296925,2.9732041968498493,0.192320591788288,gamma_low,0.19528834823900734,1.3976609111516427,0.1144082722797369
29145,0.027452231757342817,1.3020079684630037,0.759039370669052,1.464290664257013,1.2392658578336633,0.08016144448272713,gamma_high,0.02961525814776032,1.3207945718868155,0.9108472448028624
29164,0.13088603764772416,0.5241241816338151,0.0745791944116354,6.970818444780575,1.6985927104470757,0.1098728286562254,gamma_low,0.1273814953785887,0.5263071839744671,0.06214932867636284
29171,0.1352828511968255,1.7694977763853967,0.7709973515570163,2.251416828010256,1.4528791442463171,0.09397893932558045,a1_high,0.14032496666920266,1.795078229198901,0.8215050262216977
29174,0.04422292169183493,0.49678793422877787,0.9907963533140719,1.378192490936993,0.5358064173802486,0.03465843596740215,m_high,0.042204082096939474,0.5267879342287779,0.9028222712221416
29192,0.1936088275164366,0.8349390670470893,0.9208320895396173,4.02913860108962,1.5810666171511951,0.10227069764982592,a1_low,0.1886088275164366,0.8438023251320503,0.8678523548195076
29236,0.10284481849521399,0.8076193087361753,0.48848117447458206,4.996474056834164,2.9820192672827077,0.1928907912936227,a1_high,0.10784481849521399,0.8004453788150429,0.5581798989507367
29260,0.13261644076555967,0.8566771919373423,0.6648778889328242,4.367335613924922,2.2984128801432995,0.14867197004205832,a1_high,0.13761644076555968,0.8489405267838193,0.7293833939688963
29271,0.1950658379122615,1.4422188816964627,0.7637128774728627,4.064973181226936,2.053308057724353,0.13281745707328235,a1_low,0.1900658379122615,1.4307026510693461,0.7168123702491843
29293,0.08433188386261464,1.1623221764434128,0.5406728883832693,4.425484220035099,3.482861383420599,0.22528757462595905,a1_high,0.08933188386261465,1.1760828225739326,0.6419985465606428
29307,0.1137165317311883,1.7266072332393378,0.12016406500712036,2.3958618098485,1.4881326400806876,0.09625929840372772,gamma_low,0.11200923288568963,1.7121885205795546,0.10013672083926699
29315,0.14479598309844732,1.1561562968138606,0.6589845305681229,5.772598267756729,2.6091053731263765,0.16876899673736317,a1_high,0.14979598309844733,1.1617468897074852,0.7221855370672252
29333,0.052471188455820085,1.7170136829372495,0.20560532154515387,1.6390738891332979,1.1815591771025538,0.07642870961032804,gamma_low,0.05114551027261758,1.6939252594246457,0.1713377679542949
29379,0.14807718079537155,1.7603531030751765,0.3611202484089881,3.700026951797295,2.536965989224025,0.1641026879052815,a1_high,0.15307718079537155,1.7880245422519003,0.4037222443799133
29401,0.027037490159273148,1.2350311381462962,0.721181829078123,1.4481329969372962,1.2762018058355202,0.08255063234459847,gamma_high,0.029075184867302387,1.2488679854259,0.8654181948937476
29440,0.15733724664896728,0.5481337649561465,0.6010076680779457,2.7839538096252694,1.1251803454853144,0.07278186615690906,a1_high,0.1623372466489673,0.5344860788480978,0.6362500547999244
29443,0.1460836546495557,1.451818605447188,0.48335646856576203,4.67532414179924,2.952050785717167,0.19095229136960543,a1_high,0.1510836546495557,1.4714289322699885,0.5377080046861503
29471,0.15294652469456196,1.792110566450283,0.30645898409187794,3.996234967370031,2.6108352765576774,0.1688808948881854,a1_high,0.15794652469456197,1.8201000236318667,0.3452988810127471
29520,0.1640108920633793,0.7489146493934095,0.17795284957624974,11.535154759974956,3.777422440371794,0.24434114546736277,a1_high,0.1690108920633793,0.7502579933578266,0.20999339081774954
29539,0.1401835447177291,1.219722195751965,0.13978835724294186,4.049701754280824,2.6848650074027587,0.1736694800990964,gamma_low,0.13784717309047725,1.2097971082139385,0.11649029770245156
29573,0.0734989618882537,1.7213862452376634,0.7864207875635475,1.6702797022490201,1.1325894483289713,0.07326112117915815,m_high,0.07688508498523015,1.7513862452376634,0.8528244897388715
29610,0.05443525742739439,0.5425710429344326,0.9571458776853978,1.6496157451057334,0.8481012213225159,0.05485910754260691,m_high,0.05187969917606864,0.5725710429344326,0.8687078666128537
29647,0.1699622502550483,1.4607332635857164,0.5913680160790682,3.9876310967677235,2.4471125609869175,0.1582905527982895,a1_high,0.1749622502550483,1.476208889055882,0.640415506985644
29672,0.1983653422445059,0.7791401930805296,0.43481586096808317,9.300602687814916,2.5019008730060004,0.1618345140915486,a1_low,0.19336534224450588,0.7817525322343584,0.4012169496710576
29703,0.17619811203330757,1.0254171347618104,0.9453629826847464,5.413326031606271,1.830564186736466,0.11840935381182718,a1_low,0.17119811203330756,1.0290123613885862,0.8845185117883224
29708,0.13578022196888925,0.49278930759057404,0.8328851361386478,2.1724789630213843,0.8897822664773439,0.05755523022366059,a1_high,0.14084685667533395,0.4710308024857931,0.8916153265437102
29709,0.07719364892691374,1.1794876644387842,0.32839670750312505,4.451146059992296,2.9861555585916393,0.1931583457364643,gamma_low,0.07446739697045879,1.164182001530684,0.2736639229192709
29717,0.050997260399162775,1.4939687017165124,0.8581275448203087,2.1224071575053696,1.492426655929763,0.09653705519894464,m_high,0.05422639022586406,1.5239687017165124,0.9653446942027117
29719,0.1983294926583767,1.8352419741731136,0.7504535587597638,2.7000558978048574,1.3303994312955665,0.08605638530063145,a1_low,0.1933294926583767,1.816695374932293,0.7171188038576937
29721,0.028259257413446905,1.0881453276704998,0.6412004159390926,1.8694855788227256,1.4321406886549282,0.09263748014953836,gamma_low,0.026598126939083932,1.0801784606808005,0.5343336799492439
29777,0.024342972040176394,1.4408951115701347,0.6036282639019191,1.321391235077304,1.0945445852194071,0.0708002035618993,gamma_low,0.022935612590776627,1.4097855002195208,0.5030235532515993
29778,0.08491288982331753,0.5411424483545124,0.4864535735733807,2.813192202459293,1.4868208745598348,0.09617444734589416,a1_high,0.08995674508603257,0.5194595374266492,0.5383485031606529
29783,0.19454282373189927,1.1960608998313547,0.2667225644737482,8.1610427334163,3.927456659780632,0.2540460523472109,a1_high,0.19954282373189927,1.2082508287582463,0.3036936200997851
29859,0.1411831084638834,1.777624382963404,0.5113928938098252,3.0579827141311404,2.225483516789061,0.14395456168716267,m_high,0.1467089715150564,1.807624382963404,0.5607977313952324
29862,0.025797773152589798,0.5046874038595706,0.725217381939292,0.680657659552419,0.46094906152749304,0.029816316145103435,m_low,0.027330720384459627,0.47468740385957053,0.8034746309937678
29874,0.08115316443145276,0.2850833446346223,0.29467608909122645,0.31225023065047686,0.29279657293082456,0.018939435858223556,gamma_low,0.11559479565384294,0.254348757431625,0.24556340757602207
29890,0.08918360080569983,0.83328514251858,0.36898145685903727,7.337465198025789,3.6244408492457523,0.23444558895992654,gamma_low,0.08511720162688877,0.8325645423789411,0.3074845473825311
29913,0.026731151901185513,1.481043937401846,0.22417631398886442,1.1526487587091325,0.8167696495689576,0.052832436644023525,gamma_low,0.026045745519626285,1.4614389166261148,0.18681359499072037
29930,0.050558630377054214,0.9558191333990544,0.2478860600758344,4.276200483166466,2.1132180528925213,0.13669271250880985,gamma_low,0.049026313371191683,0.9482856037823374,0.20657171672986205
29988,0.12359990682452918,0.5192008183524013,0.015550336772575973,9.996226727537413,0.4255466770924528,0.027526326263992262,gamma_low,0.1229014511279958,0.5193909570350524,0.012958613977146649
29994,0.05606177188456059,0.2742191759124398,0.12287147354334592,0.06521008900407084,0.06521008900407084,0.004218090005764641,a1_low,0.03335005407643828,0.29191666666666666,0.18682223847710375
30031,0.17178403101861478,1.750249135894701,0.5033323414064944,3.3944488375785538,2.0438347866579885,0.13220468210828518,a1_high,0.17678403101861478,1.772374361714676,0.5418784177581645
30041,0.026261303015053274,1.1854423587489873,0.918128217831254,1.5309747430618736,1.1491591377861803,0.07433292529053905,gamma_low,0.02434463797406429,1.1773541120185933,0.7651068481927117
30060,0.12907254062592985,0.9049259437806905,0.24142177323810757,8.444913815523522,3.9607358903996315,0.25619870682472246,gamma_low,0.12510971971441828,0.8988858755064776,0.2011848110317563
30083,0.1442008398473263,1.7203202105686068,0.5809504481963813,2.7875104842380414,1.9877629228985931,0.1285776947549427,a1_high,0.1492008398473263,1.7451214431681747,0.6291742336291121
30093,0.07608908209949733,1.4750880569592117,0.5664437033887952,3.527791612087864,2.6283164240364356,0.1700116563178293,m_low,0.07228040030117938,1.4450880569592117,0.4847331244584219
30153,0.049251199513673787,1.4601528204139322,0.803556812601164,2.2320924400386257,1.637111695563789,0.1058959524031157,m_high,0.052461006951900244,1.4901528204139323,0.9137914786718314
30194,0.07682789899408818,0.4989820049330592,0.011700082896277308,5.371271749717413,0.3174411664584257,0.020533562093021627,gamma_high,0.077303331881313,0.4986989840101763,0.014040099475532775
30199,0.1936690904200077,1.7677895900048315,0.2310081331152469,4.2941050950395825,3.0619827020105967,0.19806319590161617,a1_low,0.1886690904200077,1.7439955668426403,0.19859018747274282
30208,0.15659345742315056,0.7422227848973125,0.43541217512451114,5.948240359028846,2.4454296766644066,0.15818169606078072,a1_high,0.16159345742315057,0.73665063075391,0.4761122254137138
30276,0.11728200353682042,0.7000802909955383,0.18332503293640912,11.138219236796058,3.1890111152133396,0.20627998088630134,gamma_low,0.11365316237506472,0.6999523938623584,0.15277086078034094
30314,0.05206654164940119,0.8186057640053331,0.5915878701303154,3.46829068154042,2.385989561820475,0.15433683465675718,gamma_high,0.055949909394332135,0.8018277063649266,0.7099054441563785
30316,0.12855935636907817,0.5736503332387656,0.30973058397881686,3.2559707437529317,1.8350837818746788,0.11870170211825885,a1_high,0.13355957444301966,0.564424682351886,0.3384156581345599
30317,0.08402388654649258,1.7583971503097564,0.7954904948733748,1.648924707834567,1.1484955272997988,0.07428999989658425,m_high,0.08776967085759382,1.7883971503097564,0.8566962612559351
30325,0.056265003979206085,1.568513809395954,0.26560535007156433,2.121388098298786,1.8425463006310587,0.1191844123286705,gamma_high,0.05827439201973659,1.595638463326063,0.3187264200858772
30350,0.01505129486322403,0.9708481744863093,0.11444266784004867,1.2191387764451067,0.4653466181500757,0.03010077043619238,gamma_low,0.014821706156465818,0.9651976343201328,0.09536888986670725
30371,0.14093983490020037,1.4332733618747442,0.2692139010410756,5.286067881867519,3.707367061836871,0.23980963973625158,gamma_low,0.13678322597693526,1.4126159271888676,0.22434491753422972
30384,0.17161823362112047,0.2837287943717092,0.9345668930839747,1.3987001318963688,0.33338498589322646,0.021564882038121697,a1_low,0.16630144136058603,0.3012308587467789,0.8862130041781815
30400,0.16126774046570064,0.8319609053526074,0.9781766370963305,3.5561509506743345,1.626894220901775,0.10523503890929567,a1_low,0.15626774046570063,0.843584610002552,0.9117693016346464
30423,0.19614846277981998,1.07684282370843,0.9130317890271544,5.232659833096393,1.8367065687855113,0.11880667147736586,a1_low,0.19114846277981998,1.0780525378531836,0.8593318729527823
30466,0.09180672727525235,0.801111102020368,0.7481463428493589,3.4457126821799955,2.1730650843527637,0.1405638951606442,a1_high,0.0968087966143501,0.7828638323546683,0.8459339387492715
30468,0.11535725705325604,0.5483843724988401,0.40151815441437066,3.3960411373918262,1.4943782687592078,0.09666329453854265,a1_high,0.1203574918916357,0.5350445155441128,0.43473485084346525
30472,0.1927900556474924,0.889107116414234,0.12344475221820175,9.552066339354143,3.219133016080817,0.20822840467998466,gamma_low,0.18947734833000293,0.884410120354242,0.1028706268485015
30477,0.07770683243870735,1.361139255547896,0.1492650284152478,3.0772284029321204,1.7005819276927099,0.11000150042329782,gamma_low,0.07637277080371441,1.348955161494323,0.12438752367937315
30502,0.026949114538729193,0.5217396069411189,0.6593233754578978,0.8464305914339716,0.5784083909597079,0.03741412855616934,m_low,0.02885703921495169,0.4880324582806194,0.743026769374631
30522,0.0713122706860304,0.2427090063225478,0.571348610566929,0.43187263353099015,0.4318726335309847,0.027935518369658734,a1_high,0.08118164534407439,0.209,0.6105402296585328
30542,0.015775647386908533,0.28821699717082083,0.24078748336061837,0.059047231231654895,0.05904723123165307,0.0038194478757843935,a1_high,0.028226123668500934,0.25875,0.15848931924611143
30543,0.17125238422304392,1.0954785840120167,0.7416503923665733,4.6871602721437515,2.2080599293462293,0.14282752350672734,a1_high,0.17625238422304393,1.0966791772975473,0.7976269143410712
30562,0.09692634716629983,0.5629113367013633,0.8964212715160101,2.609708902490803,1.1813134076081833,0.07641281210330483,a1_high,0.10192634716629984,0.5318562936901834,0.9923499517412728
30635,0.10845588445663452,1.1934285105671734,0.19689125352539122,5.147699106943749,2.9119168713428842,0.18835624425941352,gamma_low,0.10598225908849579,1.181255995092129,0.1640760446044927
30679,0.1956788944080472,1.8047998315840958,0.3714095223788172,4.09689547114945,2.394436973712294,0.15488325230806932,a1_low,0.1906788944080472,1.7827608519327613,0.3390908124598452
30692,0.11950761936604977,0.27778069050982596,0.34869690358638766,0.4787353225981235,0.11326513252105105,0.007326512366189656,a1_low,0.11291796504547096,0.2859568537871475,0.35289993079329013
30703,0.16620082575827838,1.2443167554959655,0.4528455832134932,5.545282600879704,3.2361430327372678,0.2093286911901286,a1_high,0.17120082575827839,1.2561968256023253,0.5016350652370892
30745,0.02847684491425753,1.4934430671297014,0.3170613586064428,1.1923730997096484,1.0407691650031514,0.06732176079277774,gamma_low,0.02748201575447324,1.4680892080071406,0.26421779883870233
30748,0.1388694940134883,0.7723568036407232,0.46705458262003957,5.509477367584151,2.6088440612178405,0.16875209387514328,a1_high,0.1438694940134883,0.766383276026519,0.515978200747599
30800,0.16284988205879927,0.29073866838589313,0.9507305753603578,1.2751461393998815,0.3407668994558739,0.022042378331986252,a1_low,0.15784988205879927,0.3086249442676734,0.900476453382496
30819,0.13980380147695542,1.755509876012802,0.9754061151761562,2.2128076312084466,1.2649118627884788,0.08182034663789739,a1_low,0.13475684604157628,1.7319833188342342,0.9200052442485119
30837,0.05668208431452513,1.3190102316625416,0.43113382677547635,3.145409263047734,2.3811240727663896,0.15402211233287086,gamma_low,0.05419364012626149,1.2964651664811864,0.35927818897956365
30847,0.15921589937061073,1.4769633434526623,0.8121420362684876,3.3493175107912774,1.854424488376481,0.11995274842176239,a1_high,0.16421589937061074,1.4906982315835944,0.8691707740927639
30851,0.1450284630060196,1.0651415772363544,0.7952104087173939,5.202297027935198,2.1718979079900436,0.14048839679795605,a1_high,0.1500284630060196,1.0640619705525898,0.8634034803541469
30866,0.08355798795819283,0.5675981703493744,0.022336041601374746,12.464199520565938,0.5177380155604969,0.033489688212261434,gamma_low,0.08305095756605475,0.5675786866561687,0.018613368001145623
30890,0.05327425822615624,0.5041577364224941,0.18316910087130964,3.2416829051249065,1.8411565534157721,0.11909451705435221,a1_high,0.05827587173551488,0.4875038797502763,0.2166141180896634
30921,0.0486204668879509,1.7606209225114435,0.5885566740389914,1.2617635271021728,1.0934711169775924,0.07073076667365916,m_low,0.04647014524967141,1.7269929777715214,0.5243167162946211
30929,0.023205336555838587,1.5773726359102875,0.12067020941525697,0.6270109333004709,0.42505969228707413,0.02749482583557851,gamma_low,0.02288957890041208,1.5654137180948018,0.10055850784604747
30933,0.055477156303822994,1.4796603732276707,0.6416286201309412,2.3402298007855418,1.8038939641971672,0.11668420052860576,m_high,0.05861734743489509,1.5096603732276708,0.732980300179067
30937,0.02690419238060713,1.0777218164131046,0.857834368897602,1.6895603278778804,1.2303262333791218,0.07958318824748974,gamma_low,0.025030280070093124,1.0777218164131046,0.714861974081335
31014,0.027318774536252022,0.2728319347277284,0.5401879418920725,0.23154679402234135,0.23154679402234135,0.014977517016906862,m_low,0.030608798641719916,0.24216666666666664,0.571666650191362
31022,0.022789900563657286,0.7656304671708495,0.314474346973002,2.149011045448926,1.2302013732358172,0.07957511171622539,gamma_low,0.021798159293338875,0.766643657224313,0.26206195581083497
31034,0.07172514963895082,0.9891051100380719,0.7518749486561864,3.7049963297337363,2.626316222170305,0.16988227401472414,a1_high,0.07672598191565791,0.9807714720876001,0.8855545596480853
31058,0.0855502013117075,0.2580846353061497,0.14772042948752642,0.12518848071565478,0.03533164985294247,0.002285414441353835,gamma_high,0.06784272807000753,0.26550877275963664,0.17865074826376387
31060,0.10911380536854268,0.5030398251395672,0.9709761765040458,2.6837314869986,1.1653431936849354,0.07537978484067727,a1_low,0.10369374496452186,0.5345938149664565,0.8779750115141395
31180,0.13350101970136166,0.6487930218502879,0.10371874298900365,13.56492708418522,2.673493493579428,0.17293391801750485,gamma_high,0.1368541246421354,0.6486852670062504,0.12446249158680438
31208,0.19774180445820094,0.9291084188781679,0.013924980890005826,9.641588935163238,0.4679777061597845,0.030270961371483805,gamma_low,0.19734056043208997,0.9282866025485372,0.011604150741671516
31244,0.13536693956702947,0.7407252333965153,0.9776418043673039,3.5889100850558773,1.5837573994886547,0.10244474989018734,a1_low,0.13036693956702947,0.7579897854862223,0.9005143314588712
31253,0.05141514800488949,1.7433619098272175,0.9601035287790001,1.144827507231536,0.7563486140054044,0.04892412475331804,m_low,0.048981030859103825,1.7133619098272175,0.8835448929895623
31309,0.08015440329909325,1.037652398440987,0.5115489992126823,5.050623385940339,3.60427132266277,0.2331409307421564,gamma_high,0.08505773935005513,1.04330986930244,0.6138587990552187
31314,0.08454968947917224,0.2920562076102942,0.3417770353332162,0.28498816864958537,0.28498816864958537,0.018434352173126785,a1_low,0.07587616143641254,0.3085,0.34902548789595816
31321,0.025383954867720604,1.1989470176491885,0.4464567775931209,1.580346297527471,1.2617304453301805,0.08161455784984382,gamma_low,0.024238444978157678,1.1817106062390166,0.3720473146609341
31324,0.14203600734472274,0.5402024513762445,0.2943940003309399,3.5015304517576524,1.4637904341943822,0.09468473199942667,a1_high,0.14703600734472275,0.5317120094435294,0.31588689259110153
31328,0.1513544896617532,0.5750374558102339,0.8519448783621192,2.6586998659565313,1.114450095241801,0.07208778396805188,a1_high,0.15648830040094816,0.5558861898764522,0.9107137754479896
31340,0.12878075558692217,0.9808608891628683,0.6359920699521899,5.392421944537361,2.662499735241755,0.17222279090698925,a1_high,0.13378075558692218,0.9793973447479648,0.7043527038060481
31344,0.17338816560804846,0.26549866355955604,0.5941969546675682,1.2418863561466587,0.13820098220637453,0.008939478395669331,a1_high,0.17838816560804846,0.25704940561380685,0.6039895813845405
31347,0.13630104586482047,1.7249691917654126,0.46493970800191164,3.053620490113021,2.342514915237741,0.1515246935440019,a1_high,0.14130104586482048,1.7528963036029688,0.5139493294702502
31379,0.12902571931481363,1.468926471499726,0.28476185717619956,4.851482746446251,3.889289843624446,0.25157724624313993,a1_high,0.13402571931481363,1.4958337328211815,0.3399514523199813
31398,0.02620875146239996,0.7540765754133463,0.5903090569935739,1.6293142729014791,1.294366363525612,0.08372559990593592,gamma_high,0.028273784418001425,0.7311102819553429,0.7083708683922887
31436,0.1338675046339631,0.8305812554154545,0.43704980295151474,5.213558937307904,3.0272216043555407,0.19581468741393346,a1_high,0.1388675046339631,0.8276958993156226,0.4894842386470698
31445,0.05611280053853989,1.8247159718070178,0.38881563806906344,1.5455911647659413,1.167622412033511,0.07552721521968629,m_high,0.058203984590814585,1.8547159718070179,0.43693055893281507
31514,0.06744258478283882,0.9522770361602306,0.8589119322877378,3.9009657325460947,2.6729230644426174,0.17289702002399301,gamma_low,0.06264555788348279,0.9629092066369681,0.7157599435731148
31530,0.05569817069917918,0.522265360141173,0.21038981983438135,3.2846437079121666,1.9622038300115998,0.12692441447409067,gamma_low,0.05191886352327015,0.5344481051478176,0.17532484986198446
31598,0.01964514181017876,0.5624727642349899,0.44701955642551183,1.1104604158726483,0.8479480392653798,0.05484919901903124,m_low,0.021304504336472643,0.5324727642349899,0.5196900185222885
31629,0.0765064436942339,1.723145746672526,0.6330671492684633,1.9434609052600305,1.3610940756710805,0.08804185679205627,m_high,0.07981554814063746,1.753145746672526,0.6939081869926845
31720,0.19828418605029585,0.2762415057606995,0.7665723087545484,1.0872035336007346,0.30148516512539936,0.01950145416643063,a1_low,0.19157507868714252,0.2911224902625554,0.7362630188273045
31730,0.07724466565996409,0.7483637742791325,0.19003862188197673,7.917109546111412,2.6020589205444855,0.16831319961048127,gamma_low,0.0749715281561796,0.7467453132556203,0.1583655182349806
31749,0.07282508574426175,1.1777356949448585,0.24030238934792578,4.164831842327941,2.475780311453687,0.16014491542190262,gamma_low,0.070842808150767,1.1644037222352774,0.2002519911232715
31751,0.176309216581285,1.5185853179637343,0.3798809156939387,5.241861106680015,3.051849426799455,0.19740772881751037,a1_high,0.18130921658128502,1.537974000051273,0.42174507669630135
31780,0.12458892520517112,0.8723346385732293,0.11784902953542768,7.157277603998052,2.5262344823885465,0.16340852443424714,gamma_low,0.12251016177474618,0.8680094038578346,0.09820752461285642
31830,0.04230028446763754,0.8829372261743993,0.4219246157631278,4.095530720842139,2.1412271192881756,0.13850446840178116,gamma_low,0.0402577901470724,0.8811721190036792,0.3516038464692731
31833,0.025638471730053427,1.4430412773508579,0.9394586164504289,1.3104583623773962,1.022131113125107,0.0661161654385252,gamma_low,0.023634412484506595,1.4126104301127984,0.7828821803753575
31855,0.1686613515019417,1.2542098616901785,0.7677129818405956,4.843331540859345,2.148097213849866,0.13894885787666003,a1_high,0.1736613515019417,1.2606346255836431,0.8247642128570095
31917,0.08546177800744773,1.5309649802930654,0.2096129790134728,2.9441676075089482,2.0681203258047907,0.1337755830459198,gamma_low,0.08344672919303585,1.5120272139095257,0.17467748251122736
31922,0.08107258342206479,0.7859741618018597,0.906802658829838,3.6720664754694745,2.1779421842813047,0.14087936852956431,a1_low,0.07607258342206479,0.8087005691807302,0.7846883121586922
31930,0.06882866304367781,0.2833390405215323,0.13478187874890865,0.044227782109197915,0.044227782109197915,0.0028608574001531854,a1_high,0.10719676089182888,0.2753333333333333,0.0906030582245338
31955,0.12603933941572906,1.824081555902958,0.23650878372602166,3.441833211406234,2.52320830554955,0.16321277732708628,gamma_low,0.12214559831925002,1.795196831735028,0.19709065310501805
31967,0.1533009057864547,1.7282847395632417,0.26901147204451265,3.9847137493973386,2.981349938495641,0.1928474960135454,a1_high,0.1583009057864547,1.7560981334708108,0.31020552260090634
31987,0.134448747523129,1.4549194428883494,0.6147455575875937,4.11662316740427,2.5334088739490146,0.16387259724569142,a1_high,0.139448747523129,1.47374588470651,0.6774261423950586
32013,0.07774252574890853,1.4489960346743465,0.29171840849332514,3.1357818482311726,2.4647940568989606,0.15943427369075602,gamma_low,0.07523566083450295,1.4262747649838405,0.24309867374443764
32023,0.1973171301186085,1.5462781853508205,0.6517802952695638,4.2006650964497565,2.187469203313691,0.14149562016146636,a1_low,0.1923171301186085,1.5311784992033066,0.6095825304108806
32068,0.11836938131600619,0.2885450684279203,0.9574241898953915,1.0527092729809293,0.38578523018383426,0.02495437207129801,a1_low,0.11335865528406457,0.3133018735084458,0.88823023306815
32104,0.19971553143113852,0.5638424562197178,0.17398484588600696,6.518085970565528,1.8681461615295625,0.12084032967296678,a1_low,0.1947155314311385,0.567166515353165,0.15825977925386964
32115,0.13726239409297705,1.1598040599189698,0.26460970075801016,6.319162091219721,4.0714983836934024,0.2633633369166529,gamma_low,0.13319087730884052,1.1462858851948265,0.22050808396500846
32138,0.05656928233802319,0.9128814526088536,0.4930224817339331,3.670461865029593,2.6996428311086245,0.17462537805035933,gamma_low,0.0535856590416574,0.911671204828676,0.4108520681116109
32157,0.09772115238010884,1.1655377277173102,0.44020454460754993,5.170161149420453,3.8777230089466124,0.2508290499057625,gamma_low,0.09336934226358905,1.1501105304489192,0.36683712050629164
32234,0.05154865309596062,0.68446632723324,0.16105605830438435,6.75081212112403,1.8246140931152426,0.11802447425069854,gamma_low,0.05008090912540582,0.684328235653726,0.13421338192032034
32238,0.021320675499737263,0.2776347869541496,0.6007916099391878,0.15994628886823775,0.15994628886823775,0.010346065353355687,m_low,0.02517357345186812,0.22558333333333333,0.6738627168030948
32251,0.11459297090768815,1.1819774787314237,0.9350481810420752,4.074659230449952,2.2210947502337657,0.14367067597826005,a1_low,0.10959297090768814,1.1784455468995143,0.8427171223533043
32294,0.02749887350946665,0.8707674814853817,0.7425288330856711,1.66624238676062,1.2684627746437815,0.08205003603162402,gamma_high,0.029701358803762016,0.8493220460617767,0.8910345997028053
32349,0.09585514944046736,1.1957968648988753,0.5560396586172283,5.414344135762169,3.3108279115482677,0.2141596544000509,a1_high,0.10085514944046736,1.2095906561268823,0.6459376778403974
32356,0.12145946100354195,0.5757742293830961,0.1505666640494019,6.720479523277852,2.6310794347960105,0.170190380626426,a1_high,0.12645946100354194,0.5708127929411582,0.17660717922731584
32402,0.08308313544839621,0.8112065902072937,0.5193258733116091,4.842735855064454,3.0379674882225816,0.1965097808578305,a1_high,0.08808313544839622,0.8008855307691455,0.6082028631208762
32404,0.10972844269126654,0.5664942832291127,0.3516138756275177,3.946911156498024,1.781283789993429,0.1152216699402572,a1_high,0.11472844269126654,0.5542111740493357,0.38617074349699776
32426,0.05360124316066504,0.25276840643025933,0.6761791714280844,0.3952026873136,0.3952026873136,0.025563536732862907,a1_high,0.0640162564384465,0.19241666666666665,0.7943282347242816
32438,0.04816049784421921,0.5308290991466492,0.6076687467470765,1.6660271213702633,0.9689774552904498,0.0626779411344884,m_low,0.05139720571180764,0.5008290991466492,0.6803605736052356
32467,0.1261882044374943,1.4802181538566948,0.9698207070119679,3.03904566846045,1.8000288044547783,0.1164341841288576,a1_low,0.1211754871345789,1.4641279377576466,0.8919914674619269
32469,0.056000228971242905,1.2354465810302644,0.1484983177110553,1.905353514350672,1.428251080342481,0.0923858823032596,gamma_low,0.055024929683536436,1.224952772983548,0.12374859809254608
32536,0.18336459044367076,0.7079385425243526,0.9904534230008721,3.8223290519223756,1.3073656405471856,0.08456645323590825,a1_low,0.17836459044367076,0.7217722276666695,0.9332434202744485
32562,0.07870512884110213,0.240448482548818,0.9726965638902039,0.812878493556199,0.2809442891814139,0.018172775355341026,m_high,0.07402796022366602,0.27271949491530956,0.8759855933986461
32580,0.11822067089378835,0.9401861285045743,0.2202450901735574,7.4233809023887805,3.5889942801791053,0.23215274101258912,gamma_low,0.11494071733120627,0.93315720205811,0.18353757514463118
32582,0.034206764213740824,0.28597592596895993,0.3288786740601063,0.20522887736674258,0.20522887736674258,0.013275152506859992,a1_high,0.05332121581952615,0.24216666666666664,0.26826957952797265
32584,0.18925698660314083,0.5384942835289985,0.3124512325692922,4.247807926709927,1.2154932057351793,0.0786237194503188,a1_high,0.19425698660314084,0.5318257010810996,0.3290223564979015
32597,0.05313770733773709,1.4378282327298075,0.9938068041950464,2.1848942581884914,1.927523059932599,0.1246811019453603,gamma_low,0.048847601181053545,1.4086201384529393,0.8281723368292053
32604,0.14129205271601677,0.7503246643207967,0.7499716198630632,3.537260350185349,1.7647524367649987,0.11415234559337195,a1_high,0.14629205271601678,0.7371577056370096,0.8112557926888481
32618,0.05305577758699656,0.5651372254081071,0.5550313648674637,2.4013618484785084,1.4091187452460574,0.09114831442550178,m_low,0.05689473352361602,0.535137225408107,0.6317258022557443
32620,0.1294988552108407,0.8178660899680108,0.34664969707839194,7.521471142327816,3.4773666167540718,0.22493214771711612,a1_high,0.1344988552108407,0.8169940249894894,0.39663302458865113
32661,0.05163750797510147,1.006016369080171,0.4208319461718202,4.3141188260042505,2.4757906297910757,0.16014558285966388,gamma_low,0.049307591105272025,0.9977749434373424,0.3506932884765169
32675,0.14153844583779573,1.195191303519532,0.3562855430226773,6.5836477978870676,3.9212838163674304,0.2536467642998238,a1_high,0.14653844583779574,1.2095301181734956,0.4102371877313982
32682,0.05465675499290228,0.887592193633318,0.1055582281667739,3.855840520090064,1.3728215927616991,0.08880044681068487,gamma_low,0.05384441030558295,0.8833444295581034,0.08796519013897827
32703,0.15943112559616568,1.5359253434929996,0.4402948784735054,4.537670905436229,2.8644182860697516,0.18528381619055975,a1_high,0.16443112559616568,1.556734192196719,0.48753882179921976
32727,0.19559810776263475,1.3028908272180706,0.9499518462643027,4.637538565273913,1.7445642509343686,0.11284648040920721,a1_low,0.19059810776263475,1.29753394904758,0.8967664873207433
32748,0.13047413658350707,0.27600600657984614,0.25093969142064454,0.2672631007355647,0.1723592205501765,0.011148991156241135,a1_low,0.12109245032188848,0.281887733419349,0.2621773359293915
32780,0.135647688806057,0.551059134490788,0.44510098128579556,3.2415568675673425,1.3613612610002102,0.08805913957427142,a1_high,0.14065387295377188,0.5387589566678868,0.47611702554619095
32797,0.0991933546960354,1.0486395598296077,0.7243575842492282,4.41355985426614,2.624231448408241,0.16974742121043657,a1_high,0.10420870053037957,1.0475748956234312,0.8203856366683643
32803,0.14226211830973626,1.729417438581586,0.30651338448747995,3.8116530447378736,2.8731195968697145,0.18584665719695806,a1_high,0.14726211830973626,1.75872927111901,0.35127090227841457
33063,0.1857444303110242,1.5511024194676428,0.2867502376437187,5.474503295558022,3.2998091395481253,0.21344690929021518,a1_high,0.1907444303110242,1.5714575709689362,0.3242789834437416
33074,0.078244648873806,0.9032507948949933,0.1970928185991943,5.5167508168768435,2.6324361221581034,0.17027813743661274,gamma_low,0.0762232789517028,0.8973208407361695,0.1642440154993286
33157,0.07408975511789322,1.0595165906753392,0.922809265749529,3.8601519885565048,2.5948163229054555,0.1678447149145769,a1_low,0.06908975511789321,1.062376981837306,0.7811901030016604
33169,0.018898271396756174,1.2208046824485064,0.1237067568488419,0.8233470448281918,0.48724056040592,0.03151697183120044,gamma_low,0.018614305866426414,1.2116616386949988,0.10308896404070159
33194,0.05423813685774803,0.25611135388724504,0.8149259632825852,0.5255487993503217,0.20712762077724373,0.013397972008039423,m_low,0.05797536547409499,0.22578311013209848,0.8954531252066021
33220,0.11643157582730056,0.7344041205383838,0.5960644320491701,4.171259636522544,2.185521335582414,0.1413696230721304,a1_high,0.12143157582730056,0.7216610175076477,0.6591989885001689
33225,0.04953570812940598,1.5106501661334186,0.4178712450712919,2.39915001840014,1.7827896130437713,0.11531907353617472,m_high,0.05186609467621708,1.5406501661334187,0.49114043881692876
33241,0.02750205080956221,1.3266895866207777,0.16420250464230776,1.3491321762113098,0.7715367315474153,0.049906562406582644,gamma_low,0.02697665139405113,1.31379727717638,0.13683542053525646
33261,0.08172084745019675,1.7910281242337078,0.44409829335287215,2.1703365601677302,1.5075107292615122,0.09751276279172064,m_high,0.08483357733893512,1.8210281242337079,0.4925147193726984
33266,0.07674418948590755,0.5494786241464317,0.6451110761798918,2.5043966569804694,1.387387950587543,0.08974266617127719,m_low,0.08172790801169678,0.5194786241464316,0.7236999381156287
33271,0.1933838203549385,1.2042470298707486,0.6188073757290841,5.889966139128011,2.4824474839836057,0.1605761789617117,a1_high,0.1983838203549385,1.2106509541276784,0.6649946697946144
33327,0.16534593906253578,1.479953599991277,0.9628490172233433,3.5062540265997097,1.6596064012184144,0.1073510139519271,a1_low,0.16034593906253577,1.4677554518774218,0.9039075707183284
33356,0.13256705384701492,0.7852806524094195,0.31636271155439316,7.35714042832657,3.4513262086183185,0.22324773374098134,a1_high,0.13756705384701493,0.783911712170647,0.3624144979897286
33365,0.054019697383046156,1.776530457502231,0.259940970884636,1.7100238544487367,1.3559552851520482,0.08770945606601682,gamma_low,0.05225094821048774,1.7466875882754633,0.21661747573719672
33398,0.04683038182556629,0.6299258322827518,0.028968402445316316,7.350447644028775,0.47118227525983514,0.03047824771474983,gamma_low,0.04653656111026804,0.6295280004006873,0.02414033537109693
33405,0.0935228267684579,1.89907087944448,0.14127083118073644,2.0709970152335337,1.2822575351630143,0.0829423449115346,gamma_low,0.09169605603763983,1.8797111537411688,0.11772569265061374
33413,0.07455313410609961,1.4763152555190027,0.6069371977914125,3.357888522177519,2.369773881102641,0.1532879294671278,m_high,0.07870290071406968,1.5063152555190027,0.6962998205856857
33419,0.10516042448580265,1.7268835817091166,0.5286373987793922,2.777872084540273,1.9686319049919252,0.12734021207910734,m_high,0.10949653517455181,1.7568835817091166,0.5860957075548486
33450,0.05377475898712874,0.2902025513537228,0.6536800263822079,0.5421308673214633,0.37472818275581066,0.02423915112984982,m_low,0.05825515392866047,0.26020255135372283,0.7071716619868358
33518,0.020881908759474755,0.2820690726209432,0.8941805979423225,0.2820669684680793,0.2820669684680793,0.018245395441451727,m_high,0.019223420806963598,0.32508333333333334,0.7943282347242816
33532,0.14566886201500892,0.24880868493579328,0.8073288653325289,0.8569586673870407,0.18877830637510065,0.012211053528485113,a1_high,0.1506718556851585,0.23400879489135712,0.8449647310602151
33541,0.07248416412621737,1.1812001097761096,0.28810915679670873,3.903021772735453,2.6947099141439366,0.17430629417751387,gamma_low,0.07017792451511878,1.1664730382824022,0.24009096399725732
33613,0.08106945380568505,1.2851968023180962,0.49464558514766394,4.286863657581998,3.3032757715203855,0.21367114707150303,gamma_low,0.07719089538992051,1.2644081996470389,0.41220465428972
33622,0.04361643269658089,0.8873733206931501,0.09851277578622102,3.0474111989707033,1.100690187728433,0.07119772954167683,gamma_low,0.043005718612856514,0.8832721122848805,0.08209397982185083
33625,0.02588491998612881,1.4464999616798013,0.5523658625781536,1.3409434965627305,1.1531088443044364,0.07458841056658765,gamma_low,0.024481636098832672,1.4156811625228995,0.46030488548179466
33631,0.1555008661001921,1.193894692119211,0.34979843368753794,6.209806399960886,3.8323869582239425,0.24789650456845747,a1_high,0.1605008661001921,1.2071069770221086,0.3986751823289073
33639,0.182660373672843,1.7543492862023413,0.47469833977520465,3.2476025733137073,2.088149854830971,0.1350711855745443,a1_high,0.187660373672843,1.775623997071601,0.5100853285907303
33661,0.09286019299179316,1.2292856609169394,0.5863266515173018,4.812939050514971,3.173223471363229,0.2052587630999774,a1_high,0.09786019299179316,1.2444458150075757,0.6807225792763155
33704,0.19465132392942908,0.2586511173285544,0.4689409962296486,0.9975599336334421,0.13070094270227212,0.008454341169846507,a1_low,0.1896100860446385,0.2641329636630107,0.46707041969238733
33706,0.054483169130980974,0.5994946095254272,0.0816055538225919,6.653400953996643,1.2197227736277063,0.07889730745378032,gamma_low,0.053437836863302265,0.599876355612854,0.06800462818549324
33720,0.17925829682499173,0.9394967909622938,0.22673361387103796,9.838144790760792,4.109589978685046,0.26582727736807377,a1_high,0.18425829682499173,0.9458648558434724,0.26296712305752523
33768,0.1984132032841444,0.862362235719338,0.5503027882892638,8.467021054605755,2.420402404233246,0.15656281638547714,a1_low,0.1934132032841444,0.8645402968854642,0.5109368852913829
33776,0.17377949953079225,0.5479409053828568,0.020447795037180187,11.250922725306921,0.6236519006541636,0.04034068791197678,gamma_low,0.17271160084635737,0.5480264779960576,0.01703982919765016
33830,0.02799937389791012,0.9205060082487762,0.2260610062070191,2.593304413706583,1.2696118811500652,0.08212436555246566,gamma_low,0.027192806800043868,0.9139423597234815,0.18838417183918263
33873,0.024392409622669222,1.434617746612057,0.5047581670898944,1.1610054299732613,1.0848256613231368,0.0701715386362758,m_low,0.023162877635281773,1.404617746612057,0.4235744692117488
33875,0.12784028444439174,1.7778926805593074,0.11742294780910015,2.3243475419679624,1.542147133508596,0.09975320553335111,gamma_low,0.12594325825952313,1.7633465061644844,0.09785245650758345
33891,0.13963031098246576,1.7181095062103122,0.9519326201546937,2.195609074240848,1.3735583550681174,0.08884810400252115,a1_low,0.134600366887195,1.695479899269247,0.8942125973420286
33902,0.019401924870908263,0.5658158303052186,0.061814384348690514,2.6597021000767818,0.4713138068925443,0.030486755788789375,gamma_low,0.019073295839665067,0.5664243270410866,0.051511986957242094
33919,0.15899422448128464,1.0635381170827896,0.7732526629511267,5.337104641093117,2.1633830040043476,0.13993761344601388,a1_high,0.16399422448128465,1.0629659959624451,0.8345735715251753
33933,0.07508982662111521,1.7274565485399216,0.8664918356854469,1.4789169732999412,1.0499558011026942,0.06791599488308331,m_high,0.07862843384668508,1.7574565485399216,0.9349311935257484
33947,0.12061178721487523,1.161229822607711,0.2894022398721427,6.1687880532110775,3.910462203934687,0.252946772382224,gamma_low,0.11675745901132976,1.1471509352731863,0.24116853322678555
34016,0.15303065776824953,0.7730493252072483,0.47561135768890384,5.959415147722193,2.4757257774849424,0.16014138791270813,a1_high,0.15803065776824954,0.7675067035683162,0.5203662883329049
34026,0.0505107693374157,0.9348887702543288,0.8604878463409841,3.274733324535257,2.1048124630242113,0.13614900009931047,gamma_low,0.04690147427299288,0.9471373437767401,0.7170732052841534
34027,0.11222525220364332,1.7401614057552068,0.37135535801760855,3.281990775304238,2.5460902021110328,0.1646928841736343,m_low,0.10832983567275559,1.7101614057552068,0.32893237660300784
34070,0.040355066768825054,0.27572040071710946,0.4256867476738989,0.25383495773361126,0.22622434139397823,0.014633236176614607,m_low,0.04768470869178447,0.24572040071710946,0.4256867476738989
34075,0.12014193832874298,1.487500634463504,0.5882894462253898,3.612814121647494,2.621171678388307,0.16954950114104028,a1_high,0.12514193832874299,1.5102800563625614,0.6564248030280766
34088,0.1963144613429904,0.9623434993159026,0.6264547038264573,7.515774690063208,2.4280467830138983,0.15705729014294947,a1_low,0.1913144613429904,0.9627550154928622,0.5824312262113771
34096,0.16933682281523943,0.6481022906024009,0.09673053448088467,15.182078038028507,2.8000075296364484,0.18111743071057523,gamma_high,0.17332170003782196,0.6481571871085777,0.1160766413770616
34160,0.17196992728859187,0.26106826988980175,0.9205927561968565,1.2303895343934226,0.2334152883889609,0.015098379870094708,a1_high,0.1769913966953263,0.24555509157167935,0.9690077132923448
34192,0.16821020487695934,0.5656961161829531,0.8525614914763718,2.4847678222609435,1.0705281459997558,0.06924670925153052,a1_high,0.17349624524325502,0.5478273793045999,0.906623424186349
34265,0.027584677003324034,1.7334046857617795,0.4043851231224835,0.7652367593959668,0.7652367593959668,0.0494990510847232,m_low,0.02651663752901205,1.7014999999999998,0.34902548789595816
34286,0.02148305345326662,0.8615379200130701,0.8175215154886246,1.500097159008451,0.9441218654360317,0.06107016668189164,gamma_high,0.02326861979644574,0.8344676800441055,0.9810258185863495
34295,0.1937170021235943,1.8559459213167429,0.8734899852983653,2.3027357460564217,1.086716129818796,0.07029382287771052,a1_low,0.1887170021235943,1.837357626051448,0.8398556574839405
34298,0.0731285085901618,0.890677340766415,0.14047616976313293,4.5166399335616925,2.0567185873049816,0.13303806589253292,gamma_low,0.07171769452521301,0.885645388044494,0.11706347480261076
34316,0.13519876580685378,0.7965870428085328,0.9382161461561919,3.533348612740305,1.756824869086146,0.1136395538688567,a1_low,0.13019876580685377,0.8109715922609607,0.8623026151198062
34323,0.13099421001970768,1.5436711515206845,0.15111406192183496,3.547540558253788,2.248174173799063,0.14542229827547107,gamma_low,0.12870188968459528,1.5289062084507197,0.12592838493486247
34352,0.16989864446222783,0.8316959252208471,0.3821456684637815,8.995934878687853,2.9703792452714337,0.19213786086119267,a1_high,0.17489864446222783,0.8308272557786929,0.42179177129616
34385,0.024930339120328427,1.77629524002783,0.7421012761443854,0.520516739834832,0.520516739834832,0.033669428943632264,m_high,0.02642577878121681,1.817583333333333,0.8208914159638258
34399,0.15477992929518225,1.0304126890283078,0.6328451367933303,5.884240989947366,2.571932425531767,0.16636447864624623,a1_high,0.15977992929518225,1.0313350529242755,0.6902701655153979
34415,0.16798995342105627,1.4681602985225617,0.2936671370267868,5.888157243325563,3.8719347972564466,0.25045464161627196,a1_low,0.16298995342105627,1.4466374067574368,0.2507006430609954
34440,0.19179438799619675,0.6652492137718946,0.15907711552456022,14.414623855810222,2.9289381283147735,0.18945725784512102,a1_high,0.19679438799619675,0.6643491088589177,0.18212353829604636
34460,0.14031374044716358,0.5739233605377376,0.8448529327381402,2.260250261856499,1.119968429035228,0.07244473530760724,a1_high,0.1453195050987882,0.5538694797130941,0.9060371617374707
34461,0.09734086561948062,1.7581316808983685,0.32514549139887094,2.92301997756126,2.0414075712124933,0.13204767859289598,m_high,0.10082836733565526,1.7881316808983685,0.3695312750497885
34470,0.02638229113072157,0.7914959270413965,0.6142282144539059,1.5051600938124088,1.308844137870988,0.08466208927751358,gamma_high,0.028427401215677963,0.7705839130063549,0.737073857344687
34478,0.023513525351881982,0.29335316373035314,0.3642767215985805,0.17956295013324625,0.1795629501332421,0.011614961686608962,a1_high,0.03474170014376864,0.24216666666666664,0.32680275894101274
34479,0.16336154285818338,1.099079910032451,0.8646490460261702,4.349535744272006,2.022856336402915,0.13084769896796417,a1_high,0.16857534177966907,1.0979634767085158,0.9308786322029137
34530,0.09973924420773983,0.7755805707350373,0.8721112844347954,3.3977942494337126,1.7964034627370478,0.11619968026755961,a1_high,0.10474082034270356,0.7542850432595857,0.9713992628042284
34536,0.19759757854044438,0.9325691196322441,0.4949107854627073,9.218710596281081,2.8012204028138155,0.181195884954479,a1_low,0.19259757854044438,0.9315931469055247,0.45542434116461
34580,0.11243920791894198,0.27803995496593414,0.8064755170978606,0.638575615222197,0.2957710431477925,0.01913183834204556,a1_high,0.11745517541583807,0.25730270477825967,0.8589027753054728
34640,0.16367922574281693,0.29419738236814735,0.5635776327177883,1.1573738108178038,0.20908640096158418,0.013524674965284894,a1_high,0.16949656504952967,0.2835582125315452,0.5750329039391037
34656,0.15047249216586353,0.23052788217552006,0.4100216142926365,0.44850840237584366,0.44850840237584366,0.029011596801300343,a1_high,0.17629585985465707,0.209,0.39810717055349737
34709,0.051700960099697116,1.6251741454005242,0.14210772523656487,1.3914578692819233,0.9523273881621991,0.061600937823779824,gamma_low,0.0508128724544138,1.6097178315262408,0.11842310436380404
34790,0.028473680280148985,0.9509805619064718,0.8368963562510907,1.7038693884338802,1.3062068141393044,0.08449149498689874,gamma_low,0.026471912875878648,0.9607702454366578,0.6974136302092423
34841,0.02842743117362261,1.3898724630102515,0.6637033375352621,1.5727014623898232,1.28632864925542,0.08320568339071428,gamma_low,0.0266938672850511,1.361919275527872,0.5530861146127185
34854,0.027778256312012674,0.517426751581952,0.8588502185139805,0.685855319900282,0.41603999892925075,0.02691139037353948,m_low,0.02921144176788869,0.4874267515819519,0.9468244921162712
34856,0.1956818213686347,0.26830882812850176,0.7824800080433488,1.2428371340643178,0.2639276622987274,0.017072061265206825,a1_low,0.18953608093915292,0.2821951112621903,0.7529813570845246
34892,0.13231125250458717,0.9384830462001265,0.14877638927660883,7.604837460319226,3.0269366831291857,0.19579625739189738,gamma_low,0.12970881379364754,0.9324371283451691,0.12398032439717405
34893,0.07996032666414976,1.7442268135026098,0.6500021882541478,1.8417456684645679,1.3261976235084005,0.08578459294911234,m_high,0.08332282225969417,1.7742268135026098,0.7056750891571357
34894,0.01699699927121401,0.28475637796334924,0.28762768996879456,0.06202429700614933,0.062024297006144036,0.00401201825226556,a1_high,0.02319705471093544,0.25875,0.24306044333844098
34903,0.1947606734931469,1.282079418329522,0.2896973040699959,7.764669816428062,3.984671706392631,0.25774698605209156,a1_low,0.1897606734931469,1.2675172360848308,0.2521303349079617
34909,0.09535337686538697,1.4361455444898457,0.9220745598338544,3.3912987462975903,2.1415303898806863,0.13852408534564445,a1_low,0.09035337686538697,1.415933189460574,0.8190966418597274
34927,0.16840684190392496,1.7166996098961682,0.41080591140314937,3.5685951135782705,2.439071371493728,0.15777041148957938,a1_high,0.17340684190392497,1.739976537736536,0.4503552038470578
34976,0.15578293651342393,0.29046704961918296,0.41657456984743474,0.5691969527039152,0.25458122987394316,0.016467490809888543,a1_high,0.16473120631643426,0.2799512186550562,0.41626469018307394
34990,0.02388179320842028,0.5417707779165357,0.46395436122082173,1.2744195541209917,0.8075282177930825,0.052234658116066895,m_low,0.025939039797581897,0.5113803818788034,0.5356866570418419
35098,0.06763323526829482,0.2751566912792623,0.997267462098971,0.7822249221010092,0.29359855618140246,0.018991311842227233,m_high,0.06413355836859706,0.3060938285849611,0.905329453369501
35118,0.022838119231164456,0.8681059967633337,0.6628988889884204,1.6983256701500742,1.1479652478094382,0.07425569896780601,gamma_high,0.024582408217563564,0.8514440820370293,0.7954786667861045
35152,0.1633151037618518,0.5430977005604655,0.6359256354905665,2.8760626558302222,1.0632020074062751,0.0687728207405046,a1_high,0.1683151037618518,0.5292978741204567,0.6717193027919773
35157,0.05368838626891375,1.1941008474957198,0.5999539957940578,3.289706614677146,2.4568453547509694,0.15892011489107782,gamma_low,0.05069846258371019,1.1783558799637868,0.49996166316171486
35179,0.10964129585772753,1.510221770312637,0.4299572534114122,4.683821983364746,3.224207918420032,0.20855667282321536,a1_high,0.11464129585772753,1.5395514590950545,0.49884531304386615
35181,0.08319164384156466,1.7549326168652624,0.7195408893935382,1.767869335143761,1.2441606315805305,0.08047806107591796,m_high,0.08683157531316098,1.7849326168652624,0.7796969961722494
35216,0.1680409671738744,0.9047657325025648,0.2169129659049213,9.90341509337417,4.20870515233142,0.27223850498273466,a1_high,0.1730409671738744,0.9105794255360943,0.2544968690017937
35226,0.06587489191442729,0.8167739733587951,0.5902463953942061,4.002020633144336,2.854896662429983,0.18466791355759365,gamma_high,0.07079088009462056,0.7999409639248865,0.7082956744730473
35235,0.14186979345977307,1.4367358492407947,0.2550925607513636,5.355993991920876,3.6062986574613283,0.23327206812875936,gamma_low,0.13787873251981198,1.4167350820399687,0.21257713395946964
35242,0.054130093008279805,0.7492287224344909,0.4986858651507646,3.458083392790246,2.4920998337511353,0.16120053756493366,gamma_low,0.05083904236762462,0.7595474879935059,0.4155715542923038
35370,0.05484195742756129,0.2699063279666007,0.38620596621185543,0.23517271917623986,0.2265632185389488,0.014655156316890648,m_low,0.07165266350061648,0.2333972832505952,0.362112587540987
35386,0.07062568105757237,0.5774941547680646,0.19537901528179646,4.617965480110239,2.539180241845593,0.16424591600074828,gamma_high,0.07485640245956247,0.5679830707365804,0.23445481833815573
35423,0.15490414164960387,1.433613346349448,0.30901124795898793,5.340343593802175,3.680487471174208,0.23807094355495753,a1_high,0.15990414164960387,1.4548021462981355,0.35604105224505495
35442,0.07609202098101378,0.9709918799903244,0.09253248116001486,4.621515394464541,1.4971185414375818,0.09684054804293517,gamma_low,0.07514465929250634,0.9661853460013382,0.07711040096667904
35469,0.07545185424387456,1.478552560750395,0.9517317235376686,2.8923372038730717,2.1296672373017875,0.13775672179662687,a1_low,0.07045185424387455,1.450277072983544,0.8229547899842177
35477,0.05242930129170418,1.1642953911423684,0.483757867179811,3.3982425022933445,2.4313251163023435,0.15726934789491318,gamma_low,0.04991149387986618,1.1488921219147537,0.40313155598317585
35479,0.19962877500802279,1.5051450141612441,0.12856876754201949,3.9562630340831237,2.694716537923375,0.1743067226341879,gamma_low,0.1966091206517616,1.4925729427256256,0.10714063961834959
35482,0.06711973510682583,0.7284354280121624,0.8776555774360895,3.525405713106548,1.5312808683837058,0.0990503252732057,m_low,0.07128984626382025,0.6984354280121624,1.0
35500,0.1272279528900981,0.54044656669721,0.8295162568893284,2.380997653825032,1.1079328820310073,0.07166622049022606,a1_high,0.13248321780156821,0.5169684343457848,0.8971163563745683
35551,0.15353109464049342,1.8986424725037068,0.14948782275430858,3.0027737024996783,1.9943378114901136,0.12900298894301193,gamma_low,0.15042050049513467,1.8786864406822152,0.12457318562859049
35557,0.0678585397079587,1.7431661924161017,0.44238407697528603,2.032407285866197,1.4605855950682676,0.09447742818962658,m_high,0.07051970213776503,1.7731661924161017,0.4962232752351169
35603,0.1301680650562048,1.2455544383544475,0.4927623635344207,5.658535103677378,3.312681186697959,0.21427953280393336,a1_high,0.1351680650562048,1.2596210982667158,0.5565133546309928
35607,0.19701029267162085,1.8317794942203909,0.7645742056984455,2.7389652846353654,1.3138419216562027,0.08498536903617288,a1_low,0.19201029267162084,1.813145870509764,0.7310481373537789
35608,0.18347652871161702,0.27654252207838,0.35713401474989953,0.6487037559967481,0.10059008771862012,0.006506631874991194,a1_high,0.18855797667276994,0.2727795266808513,0.3545007997234262
35636,0.10231963004916907,0.5590994221344591,0.5334216315299273,3.0888156054822153,1.4569293661374816,0.09424092640060475,a1_high,0.10731963004916907,0.5401966585335867,0.5826992332556166
35665,0.024098135344684125,1.4442361612152308,0.8990785255096853,1.175287569731307,0.9853100202742477,0.06373440693876538,gamma_low,0.022264974046230557,1.4132561540194137,0.7492321045914044
35677,0.09664702471345664,1.1047204849682748,0.619313700851053,5.137858147198324,3.050117518193991,0.19729570096275387,a1_high,0.10164702471345664,1.1107645915376092,0.7116303489591478
35739,0.12149219159036875,1.2215730720106512,0.8229413556680083,4.406550136886762,2.2391268453701967,0.14483707524928738,a1_high,0.12654742172264424,1.2271384292996899,0.9065115607674602
35748,0.12221669517457485,0.8424972437508405,0.631634287731722,4.1464250663625055,2.4245471207488363,0.1568309158096329,a1_high,0.12721669517457485,0.8342418950243312,0.6992774628972688
35750,0.025749642215669156,0.5012228704150766,0.7702382206916809,0.7213462627831265,0.41341821288718367,0.026741801132515654,m_low,0.027196265651185124,0.4712228704150766,0.8506275950117897
35762,0.07973797637969256,0.2893923673033714,0.21875573712401092,0.18793934779155813,0.10199883438799782,0.006597756121829524,a1_high,0.09395279131182603,0.27989378957697564,0.19560128379489414
35789,0.07901196293532849,1.2648968129605054,0.7308800434228033,3.5937963586183908,3.1530673107078524,0.20395496945219196,a1_high,0.08501171488777537,1.2811421956576343,0.8760609964061199
35799,0.195461761392653,1.734347555404529,0.3474944217596203,4.134342089617447,2.7104956300109446,0.17532738725297817,a1_low,0.190461761392653,1.7125815539578932,0.31347332131177186
35801,0.027952731400728226,1.4845084634330123,0.3001261702552438,1.3189110155332224,1.0024607558805791,0.06484379580109406,gamma_low,0.027023342317877102,1.4603143981971283,0.25010514187936983
35814,0.028256104700267317,0.6118179305642844,0.23254788872785867,2.7306431788909893,1.3169681266208182,0.08518758642490228,gamma_low,0.026918386000300464,0.6179596845428136,0.19378990727321554
35865,0.028217179514467717,1.5439394565299154,0.9194733428023756,1.0848995394721301,0.9021542890490941,0.05835550983618705,m_high,0.029714931903561892,1.5739394565299154,1.0
35956,0.10615937262773514,0.9704411086626351,0.31239234752021733,6.50654533165845,3.8956440951211673,0.25198826860397067,gamma_low,0.10229265447479345,0.9624981720824084,0.26032695626684776
35965,0.09315471835434437,1.1536386936623604,0.06824045666493475,3.609064569761927,1.191372692420142,0.07706349314635347,gamma_low,0.09234933984422258,1.1486030881065934,0.05686704722077897
36004,0.12317794729024173,0.2931465450208634,0.5854308558162302,0.6168847979470641,0.31516949927771315,0.020386620158457033,a1_high,0.13106110297565607,0.27330200616601796,0.6098915466527565
36032,0.1613532017916441,0.8973677670769393,0.44672729421406987,8.91951637665786,2.979334170279086,0.19271710680693568,a1_high,0.16635320179164412,0.8973401519284179,0.49272796841467037
36041,0.04870159700512886,1.2126226501259953,0.20264674475416541,2.8833806739764025,1.5942569206265047,0.10312390745389062,gamma_low,0.047571238462795776,1.1999257818618223,0.1688722872951378
36107,0.10447243433445692,1.1822604658361524,0.4637345108576119,5.113206618346292,3.6946266982709792,0.23898553412548112,a1_high,0.10947243433445693,1.1971818209831178,0.5418837888384493
36119,0.19726776704192162,1.587730767177418,0.2714514785073698,5.677939178284672,3.4358523335714857,0.22224681197132354,a1_low,0.1922677670419216,1.5670838131461438,0.23638988756793353
36134,0.027034552022814753,0.7120020895265042,0.18527382047846913,3.1109098201145104,1.2000740870640465,0.07762633957616552,gamma_low,0.026208846262832337,0.7115025301706577,0.15439485039872425
36138,0.05622435249388218,0.8659270047675818,0.3395965440757573,4.263230638993598,2.5945727059933437,0.16782895664652506,gamma_low,0.05388199940930164,0.862748912372657,0.2829971200631311
36180,0.10920132510364056,0.5457618207205087,0.36658502179197966,3.6801839362328104,1.5614292704093709,0.10100046328430845,a1_high,0.11420132510364056,0.5326210707599282,0.3990828640404273
36183,0.1940426215529442,1.4455600573681295,0.746722539132461,4.141900745579411,1.9464374429090319,0.12590457167246213,a1_high,0.1990426215529442,1.4568432360517094,0.7930266952892373
36186,0.06421035509556532,0.2942227637488395,0.25927519069984556,0.16896942675886858,0.16896942675886858,0.010929723623699867,a1_high,0.08135821151307021,0.2753333333333333,0.22758459260747896
36205,0.08281576279550791,1.1657846860494465,0.9588917189836502,3.794813238703622,2.4276800274447865,0.1570335666973254,a1_low,0.07776223038453813,1.1622006817212067,0.8279195930205676
36219,0.11288581527769566,1.7222943852934987,0.381664319653064,3.2604746173725467,2.5104387092370044,0.162386780807127,m_low,0.10887658460377869,1.6922943852934986,0.3352505397878766
36267,0.10797979887574911,1.0334004213288426,0.7327856016345322,4.356006435892797,2.5252934435633345,0.163347653692859,a1_high,0.11297979887574912,1.031596824132776,0.8206807956477346
36270,0.024625701643526555,0.7514075809903443,0.5192632117122412,1.8427052459248159,1.2941331916207082,0.08371051726923473,gamma_high,0.02645856297481625,0.7331496939067103,0.6231158540546894
36380,0.13866105973720552,0.6158355427347124,0.07519563050009309,13.288174870053767,2.1362107410239806,0.13817998586626404,gamma_high,0.14148464267690783,0.6156259240673086,0.0902347566001117
36415,0.1622321277856827,1.7595251288916915,0.3372293754294515,3.5342507714129536,2.576042326869453,0.16663032606375383,a1_high,0.1672321277856827,1.785181315143643,0.375833548619882
36421,0.0696582229807973,1.4969570307899267,0.8853262434341014,2.9360276469768416,1.870316145131962,0.12098069424362978,m_high,0.07425754484195952,1.5269570307899267,1.0
36422,0.03335398118942976,0.5311149663291872,0.01357133498415351,4.466448888552985,0.22794016086051316,0.014744223311489326,gamma_high,0.033536053145894223,0.5309797183835713,0.016285601980984218
36424,0.19005750827491286,0.2856403375975788,0.12089253260754049,0.12944310036888843,0.09397768179429791,0.006078910892403649,gamma_high,0.15300671763734522,0.2915633165713469,0.1450710391290486
36427,0.10068052560091019,1.7450957129616291,0.992634009225294,2.0069313613663358,1.2771611882638363,0.08261268963503299,m_low,0.095933174033206,1.715095712961629,0.9173399262493354
36439,0.19523863699287178,1.0287485229875892,0.7866949783917516,6.4990844788059166,2.0885530212564274,0.13509726424267454,a1_low,0.19023863699287177,1.0296515173745109,0.7368324212169257
36456,0.19847015291452408,0.9100809531658888,0.7307224766351282,6.266371332841823,2.045959807551796,0.1323421382831058,a1_low,0.19347015291452407,0.9137744543107933,0.6847746704182331
36479,0.1589581497013569,1.1549637907743453,0.6656077174190432,5.273080918885087,2.510372755512525,0.1623825146153411,a1_high,0.16395814970135691,1.159942865973951,0.7233745393122831
36501,0.05264022052288056,1.7563612373918296,0.22905946174636485,1.586474680284644,1.2387568209660498,0.08012851762498718,gamma_low,0.05113405502738734,1.7300826163266803,0.1908828847886374
36518,0.0264691723510623,0.2915861155278981,0.204399029975757,0.06119065888642934,0.06119065888642934,0.003958094684994038,a1_high,0.037464258087799115,0.2753333333333333,0.15848931924611143
36520,0.19381731711328032,0.5406973966397345,0.18795697463676334,7.996416688309883,1.4588561530118214,0.09436555988266278,a1_high,0.19881731711328032,0.5363595312681472,0.2016608731317666
36555,0.10165121741592885,1.2139174712076783,0.5952801921032369,4.756282063964806,3.0914392069268475,0.1999685788092248,a1_high,0.10665121741592885,1.2267964003228409,0.6819292703014072
36569,0.027207213640213015,1.3054724722541868,0.7441487795393914,1.4562124688281073,1.2387238659357687,0.08012638594128622,gamma_high,0.029324617960893355,1.3249566817666818,0.8929785354472697
36611,0.1458628499880433,1.0228013976849615,0.44443708937615156,7.612434124603797,3.3797742195463227,0.2186194203218979,a1_high,0.1508628499880433,1.0279420291380248,0.4982199697704836
36626,0.08272385466843844,0.5254022170882672,0.7232101777289063,1.9262246967633048,1.1547648520728455,0.07469552880433396,m_low,0.08752014064135966,0.49540221708826715,0.8010127075225626
36631,0.1971236286684871,1.2424042707774787,0.509770894041285,6.556569422398517,3.0163889653285527,0.19511398224524487,a1_low,0.1921236286684871,1.2326190483621782,0.46724674045532694
36694,0.043397702276706696,0.5442326384037733,0.9796630268078297,1.4491189419861934,0.6559185402389377,0.042427843320454274,m_high,0.041372917956981295,0.5742326384037734,0.8890629671568425
36730,0.07474671937525272,0.2612720530014485,0.14981341836974024,0.04022047758323944,0.04022047758323944,0.0026016464187060408,a1_high,0.08183389672652101,0.25875,0.13894954943731383
36790,0.04754803776741028,0.28624187353998426,0.7837549201585352,0.5058666579064108,0.3094086844009716,0.020013984021507017,a1_high,0.05254826492990072,0.2388176365601604,0.9050463521602296
36816,0.16514928080141544,0.2736849270388484,0.28892059601843356,0.45847028763693054,0.16083044079488495,0.010403256387171564,a1_low,0.15638899613722296,0.2790675251406649,0.2965652372127486
36835,0.13897804114967585,1.7938494755141436,0.2690772168431431,3.6116685459134343,2.674345400331992,0.17298902328440013,m_high,0.14375393661444072,1.8238494755141437,0.31005070350438296
36858,0.07299477756023408,0.7991985542885959,0.3093351894896478,7.239912413719446,3.041825995475486,0.19675936694380605,gamma_low,0.06998179288328844,0.7983725416791422,0.2577793245747065
36889,0.02840221282094717,1.2010007670335472,0.9901384074427187,1.4971687104967208,1.175527816576282,0.07603857333010547,gamma_low,0.026241672653206528,1.1937638531827979,0.825115339535599
36949,0.054616368375718594,1.7452334247902035,0.47408226880244914,1.488400618369853,1.160253777715495,0.07505057788875094,m_high,0.056790222120650796,1.7752334247902035,0.5286774505246037
36983,0.19081528782844545,1.717705153664574,0.7326070038136094,2.8280378381948177,1.5241593076022646,0.09858966980077155,a1_high,0.19581528782844546,1.7351612841249686,0.7709488787004039
37003,0.10495427157729864,1.7562558031920343,0.7476116594858467,2.1001516552640975,1.6043629701879019,0.10377761345711399,m_low,0.10056938797940038,1.7262558031920343,0.6873875980957533
37072,0.164528919570148,0.555460540195927,0.16504534658044578,5.642685606173919,1.8866872474699388,0.12203965282212305,a1_high,0.169528919570148,0.5510850836364167,0.18244273528971777
37101,0.08276363778859377,1.772820898750797,0.25252433598041535,2.5159411944085353,1.8525449446555267,0.11983117084525792,m_high,0.08559611605778183,1.802820898750797,0.29383485623993433
37106,0.0775825209915638,0.5288137545064092,0.9180319157987833,2.1050849450382394,1.0542480723928407,0.06819363883216406,m_high,0.07377728191482738,0.5588137545064092,0.8315096422031403
37116,0.14587812963873148,0.28018164124339817,0.9634631879348308,1.2461334572608391,0.33060284097738396,0.02138492004384545,a1_low,0.14087272989446772,0.3001110050862806,0.9057362316307528
37122,0.0915156563743949,0.27615654161199926,0.14227801483124494,0.10390595709195188,0.06984835657159466,0.004518114593515367,gamma_high,0.07284215760731606,0.28410769983776585,0.17073361779749394
37149,0.09961577765643598,1.0226940434332936,0.9625360568240285,4.22785385047827,2.232384395143237,0.14440094240004483,a1_low,0.09461577765643597,1.0289843075519585,0.8541708636749838
37166,0.022663399763405326,0.5606848271284253,0.9871663370449096,0.7310639127308948,0.4064676545310072,0.026292206887446587,m_high,0.02161447211624952,0.5906848271284253,0.8955123698250606
37197,0.08049711082130671,1.1950533711444586,0.28049673412926496,4.415542226460383,2.8629249221718505,0.18518721851021747,gamma_low,0.07802746966145672,1.1804028461398877,0.23374727844105414
37200,0.16343641672283413,0.850514362892136,0.9599078249186277,3.810106980961072,1.6740177966518859,0.10828320962863065,a1_low,0.15843641672283412,0.8610713176470821,0.8950250692655205
37243,0.11267869845032692,1.0060950244870037,0.46737137673422696,5.989284890754287,3.5425461756671064,0.22914826289546006,a1_high,0.11767869845032693,1.0108698901855104,0.5377344979290386
37250,0.09365297723561526,0.8177193802129478,0.30180216473527255,6.575540208756672,3.557760918523905,0.23013242279716686,gamma_low,0.08993515945231373,0.8158285714683162,0.2515018039460605
37290,0.05424984507262707,0.9402910863980651,0.17298067259602248,3.975644782846652,1.857084761847802,0.12012482720762754,gamma_low,0.05303060207806563,0.933768237849429,0.1441505604966854
37304,0.17948844954371454,0.6001616403646767,0.012591334935277702,17.531981049325452,0.4095771506525915,0.026493343470968194,gamma_low,0.17894939943971613,0.6000203865747796,0.01049277911273142
37306,0.0696428956463933,0.2568833555933088,0.3987029482331127,0.3176896654403621,0.07323852953801101,0.004737406652855472,a1_high,0.0746428956463933,0.24658669894494084,0.3936479823362336
37325,0.07952470313757659,1.7330178879760205,0.18285137552767994,2.2665444871111724,1.5360599681181344,0.09935945953654164,gamma_low,0.07773107561499736,1.712023929343177,0.15237614627306661
37329,0.022618327289819717,1.0175362188369035,0.11244511522352695,1.2392863746950393,0.6379209183952593,0.04126367394136307,gamma_low,0.022286727549975845,1.0113704652846498,0.09370426268627247
37370,0.073424587585032,0.8619417981058359,0.6039964775554836,3.888234638384356,2.9304603420487054,0.18955572166622292,a1_high,0.078424587585032,0.8500538809517129,0.715678820961896
37388,0.13548761922866107,0.9575037602242082,0.28895247080363334,7.997063769520845,4.2529904090408435,0.2751030801057204,a1_high,0.14048761922866107,0.9646171396030997,0.33960734845355717
37401,0.028549546003341676,1.605814191941172,0.25682701523415746,1.00041686427117,0.855295398174122,0.05532446015814419,gamma_low,0.02769806733751475,1.5810073975700878,0.2140225126951312
37411,0.1428403714671731,1.7612601070385425,0.4587796897813678,3.3307148663387727,2.241197032792269,0.1449709845416755,a1_high,0.1478403714671731,1.788690867749151,0.5027722545005017
37439,0.16244158260524275,1.482667908379808,0.26818849295377734,5.219116907218104,3.7008865430485627,0.2393904498233007,a1_high,0.16744158260524275,1.504756472431303,0.311522610034419
37463,0.19502917770296335,1.7467711472604424,0.8705965936463326,2.8061829185540432,1.3127484501738962,0.08491463824586806,a1_low,0.19002917770296335,1.7297837933814066,0.8317059008286445
37527,0.19980341102927923,1.820335173299536,0.299374084463343,4.159901639171661,2.5768162687341976,0.16668038820129386,a1_low,0.19480341102927923,1.7978145037573552,0.26862393003428564
37560,0.17814616542309525,0.8828514836262912,0.4701595993898809,8.030002939850965,2.7165779540771964,0.1757208200905576,a1_high,0.18314616542309525,0.8818870086394138,0.5121500695361448
37577,0.049034536071121695,1.150123593909666,0.8962947570811957,2.733759550061177,2.032221052144552,0.13145345207273545,gamma_low,0.04554341275457288,1.1452789898453741,0.7469122975676631
37608,0.19730755612254144,0.8377821356710047,0.7728029049467295,5.439118108743097,1.8200562200513013,0.11772964995108205,a1_low,0.19230755612254144,0.8443080163198728,0.7264593086607528
37664,0.15323784258216622,0.9027032150048763,0.1426704911608249,6.691665881157253,3.1975579411713584,0.20683282909898015,gamma_low,0.1502640751205558,0.8974092648638299,0.11889207596735407
37679,0.16470100898295642,1.4617767913918942,0.7237736139539629,3.62875526387724,2.080865837072607,0.1346000216338472,a1_high,0.16970100898295642,1.4758151044329015,0.7773275043333202
37741,0.08326483517885208,1.2280552931595594,0.14004222975112499,2.7983349256658334,1.8719886004016852,0.12108887638179353,gamma_low,0.08186919980293146,1.2179322394292353,0.1167018581259375
37749,0.057117086276412016,1.410329364715144,0.6621935306303203,3.084599834544513,2.242002315188277,0.14502307392965672,m_high,0.060774262951581726,1.440329364715144,0.7670463694637718
37750,0.04571787714958191,0.5727339551225304,0.2964340262301266,2.7526761703441953,1.9284390016955906,0.12474034929274692,gamma_low,0.042748853724680916,0.586118478634026,0.24702835519177216
37780,0.11039585862308741,0.9699465081188828,0.12047456825152039,5.550934501839093,2.3294758027843416,0.15068126347415042,gamma_low,0.10863100246098358,0.9641184435098975,0.10039547354293366
37802,0.0543986925855279,0.28839524507522585,0.9091909802146256,0.5642657140704649,0.30777260561537834,0.019908154882495664,m_high,0.05145184071662555,0.3183952450752259,0.8335276273429643
37819,0.11794424373656512,1.7811255975533278,0.13664150337688627,2.5378209760735535,1.635409030273554,0.10578581614117234,gamma_low,0.11591181003792728,1.7643935259882901,0.11386791948073854
37823,0.1595911718904972,1.1874926257226617,0.6266618295386434,5.497924448631632,2.6346893685457093,0.17042388782912474,a1_high,0.1645911718904972,1.1944057593499005,0.6829143041870798
37839,0.1699256854131818,1.7352843034919352,0.5445617209747434,3.1936779125977934,1.9765288670121641,0.1278510240881416,a1_high,0.1749256854131818,1.7570042599096314,0.5845628260259926
37849,0.028119690343737604,1.1690713515225797,0.13180493829771878,1.2264872438952985,0.7670582316668615,0.04961687233138886,gamma_low,0.02766648957390645,1.160113442328001,0.10983744858143234
37913,0.028247012011706832,1.8591223283670844,0.7499577805027365,0.49213256137148276,0.49213256137148276,0.03183340906807866,m_high,0.029905384625843624,1.9004999999999999,0.8208914159638258
37951,0.16191478986293079,1.2369900580961257,0.7613111906405539,4.959687990900049,2.2005907889714904,0.14234438497943025,a1_high,0.1669147898629308,1.24313683229053,0.8207493609583506
37965,0.07977758068591356,1.0320496055297554,0.7027208719961345,4.34065698818707,2.795044232172909,0.18079638168662307,a1_high,0.08477758068591357,1.03005766228029,0.8196290717329604
37969,0.024330732598900798,1.7454683457314968,0.5279534872807562,0.6709843311696053,0.6709843311696053,0.04340236832301364,m_high,0.025577899985209353,1.7844166666666665,0.5907837911587949
37970,0.08494954332709313,0.2821112210955471,0.40970672136172653,0.4020342405182579,0.4020342405182579,0.026005433174602445,a1_high,0.10862540202213916,0.24216666666666664,0.39810717055349737
37980,0.14163553509861232,0.5346309723611921,0.48607864676974716,2.889556394229028,1.18973232930351,0.0769573868770052,a1_high,0.14663553509861232,0.521814623669496,0.5163839194099363
38027,0.10481652300804854,1.1639470370206981,0.9868423623219132,3.96456955111832,2.246534714941073,0.14531625049775193,a1_low,0.09962746570224754,1.1623783208154534,0.8786049819990197
38032,0.16736652981489897,0.5125730142742395,0.5945674558263272,3.086171723378328,0.938916778435253,0.06073347759294177,a1_high,0.17236652981489897,0.4996162128890877,0.624597569537051
38044,0.14011111315339805,0.9190720278862864,0.9352441126387566,4.512519792003156,1.932953427739998,0.12503236323829592,a1_low,0.13511111315339805,0.9278729480189329,0.8601017264468014
38045,0.0971350908279419,1.7248922265972941,0.4193955127708614,2.923814859910538,2.102823084684548,0.13602031791193153,m_high,0.10077108063255426,1.7548922265972942,0.4645028348231765
38055,0.1859734693542123,1.8802469318173827,0.1415162313450128,3.1270274406110583,2.225807742146123,0.14397553408206545,gamma_low,0.18245221014165539,1.8615303804250232,0.11793019278751064
38060,0.1268040556460619,0.601870089918375,0.03737889612093568,12.78922231141015,0.9951018064065887,0.06436778493064074,gamma_low,0.12568520935782837,0.601656527816312,0.031149080100779738
38076,0.14852033201605083,0.29220220568589866,0.295020567458123,0.3904828437577451,0.0624476662777655,0.004039403733878119,a1_high,0.15352033201605084,0.28848614332949735,0.29132492110200336
38080,0.16148061826825144,0.7140827029570938,0.15146292997524144,11.354642306823873,3.3327076972791856,0.21557494008558484,gamma_low,0.15737320093679627,0.712875361424952,0.1262191083127012
38126,0.020343465171754362,0.8364427048899233,0.6216006417758763,1.5957326810049817,1.0557455847577428,0.06829050485452921,gamma_high,0.021878481451645938,0.8193953816015178,0.7459207701310515
38136,0.1753581129014492,0.27993134506046774,0.05404025599360466,0.0955326207508846,0.0955326207508846,0.006179491532186905,a1_low,0.06789298129428388,0.29191666666666666,0.1301025216910832
38138,0.07260450441390276,0.9316552768740803,0.4404013613332063,4.977000742045406,3.249150213757361,0.21017005578726328,gamma_low,0.06910004467840443,0.9277405586905786,0.3670011344443385
38155,0.10429775062948465,1.4906456868443638,0.1383228860795498,2.8618704319975077,1.8370687279329296,0.11883009760518674,gamma_low,0.10260982996006768,1.4774443946932319,0.11526907173295815
38172,0.1382738383486867,0.7482713893894106,0.20709063342772424,11.623060043175348,3.73517504468553,0.2416083886158472,gamma_low,0.13389024497000918,0.7469792589148453,0.17257552785643684
38186,0.056098449230194095,0.5594781523663551,0.014839265644550324,4.395126760393193,0.28725703219792464,0.018581112755789015,gamma_low,0.055863478896526056,0.5594665557999196,0.012366054703791941
38191,0.1644465994089842,1.210268862983212,0.22690392190590503,6.560419997716642,4.104837763542376,0.26551988212441313,gamma_low,0.1602139254162079,1.1966244187363893,0.1890866015882542
38220,0.13161239959299564,0.5448336127866059,0.5099945080466568,3.1163346501235916,1.270235726232419,0.08216471873626299,a1_high,0.13661414008872538,0.5306200957835479,0.5453210685100772
38365,0.09522563889622689,1.511236471394077,0.13449529519304634,2.754087313845167,1.6538135054826728,0.10697630267671564,gamma_low,0.09370211302844493,1.4979066533506074,0.11207941266087197
38378,0.051424918696284294,0.8893872067611664,0.586609529517591,3.2663234424157643,2.4421376523213936,0.15796875270811744,gamma_high,0.055072756014690194,0.8794505513287968,0.7039314354211093
38428,0.13849405385553837,0.7979094544425607,0.2754032207187265,10.318566974867984,3.7091261015226467,0.23992342255470242,a1_high,0.14349405385553837,0.7984078374676998,0.3187855019037459
38454,0.049460735917091374,0.2681713498197496,0.2646556371077895,0.10643006502888837,0.07560345158456391,0.004890380743235177,a1_high,0.05446073591709137,0.26121924820073034,0.24939537838815273
38467,0.14939931239932777,1.4362526615150273,0.43442876456305385,5.214662219247257,3.1586412719297368,0.2043155190309708,a1_high,0.15439931239932778,1.4558880102032052,0.48654967035090924
38483,0.12768299505114555,1.7440909994859248,0.14692213350906969,2.502919826109338,1.8902205294140377,0.12226820183169458,gamma_low,0.12534978406560685,1.726675730849021,0.1224351112575581
38605,0.0781727284193039,1.151330491071567,0.10572577478364109,2.7200385792353625,1.5161419890151115,0.09807107257261273,gamma_low,0.07714194068339082,1.1439944200300796,0.08810481231970091
38613,0.05588296763598919,1.4579945153091103,0.5737288994062691,2.721523220951211,1.973974054789197,0.12768576702333942,m_high,0.0590024651093148,1.4879945153091103,0.6629546438432025
38617,0.027278292551636697,1.1144173955917358,0.913680517571047,1.807597772385838,1.2106787899011986,0.07831230077840683,gamma_low,0.025342494043844664,1.1144173955917358,0.7614004313092059
38635,0.11203734688460827,1.7739483639597893,0.40373038676567374,2.9729003230708377,2.155662598393892,0.13943822192173794,m_high,0.11613010229033002,1.8039483639597893,0.44607695703790856
38650,0.07206650413572789,0.2814680593181402,0.6825874830782414,0.4907501165682165,0.24786652041263016,0.016033152361606257,a1_high,0.07707066961293586,0.25574976661804866,0.7293937450581944
38674,0.08270030524581672,0.8415645377803594,0.9230175716336817,3.5782763996823688,2.249186776768279,0.1454877981165155,a1_low,0.07770030524581671,0.8606384016974398,0.799608656101416
38690,0.09434670545160771,0.6486460748687387,0.02647784313187003,11.171553186101562,0.6461891468443222,0.041798501179280106,gamma_low,0.09383119333370821,0.6481712563440482,0.022064869276558364
38696,0.19650210402905943,0.561743615269661,0.6588542395830155,3.6155232439029468,1.112810145552731,0.07198170444110948,a1_low,0.19149555863653409,0.5730807251601628,0.626998781841882
38733,0.08097435869276524,1.4468744236882776,0.773627005200833,2.898698755574541,2.564636755878849,0.16589256100714578,m_high,0.0866497857888719,1.4768744236882776,0.8966586146522825
38770,0.07522226888686419,0.5705396175384522,0.7215538192819804,2.0567965627414697,1.297739309920285,0.08394377767098177,m_low,0.07971140883479097,0.5405396175384521,0.8066455154135321
38786,0.09320320747792721,0.5639396227058023,0.7986711763404309,2.2755812020667165,1.2797677603096929,0.08278129476445163,a1_high,0.09826548808061726,0.5343155805506408,0.8856046010103353
38829,0.08512468524277211,1.7505458320956677,0.9685512688662857,1.5076053900985986,1.115004702641162,0.07212365853844575,m_low,0.08117615244102068,1.7205458320956677,0.8956076327624842
38830,0.0245525099337101,0.28717352125793694,0.09282105441205203,0.011522173207290633,0.011522173207289616,0.0007453074270044842,a1_low,0.018798879735263604,0.29191666666666666,0.11787686347935877
38845,0.08799337688833475,1.4366306263208388,0.7272657999675721,3.139499061959845,2.7869408675242897,0.18027221860144044,a1_high,0.09386038503771249,1.4638768787585141,0.8479852426367811
38856,0.18815243951976302,0.272678790204227,0.5876677408535034,1.2087011876558607,0.1444778088352298,0.009345492558131812,a1_high,0.19315243951976302,0.2647897245375488,0.5967502675534239
38884,0.11949545070528984,0.5473403665330261,0.3038237301632762,3.3725889288745448,1.6445054370650005,0.10637421378272399,a1_high,0.12450486930781957,0.5370545262179194,0.33077495429537673
38932,0.11098899468779565,0.5520732184126973,0.6828506927751005,2.9457040430108443,1.2574990359299325,0.08134085072915011,a1_high,0.11605733001002388,0.530215877931821,0.7419974117082986
38966,0.04982362072914839,0.5166539640631527,0.43984766060486435,2.5101466271301676,1.329497182586088,0.08599802368324543,m_low,0.054215056434388065,0.48665396406315264,0.5026080754538778
38984,0.19059671964496375,0.8483947108779103,0.4050667342077941,10.02760590135427,2.7734759418383605,0.17940124496328708,a1_high,0.19559671964496375,0.8477223238864591,0.4415349545330912
38992,0.16288646999746562,0.5332437311764806,0.9349518790096044,2.876902891831041,0.9258227442234548,0.059886494929868285,a1_high,0.16800202980332662,0.5134710196765973,0.9951111719525085
39019,0.11026294436305761,1.5580623054131866,0.14315570319071413,2.7910050583987,1.878794880541564,0.12152913804487246,gamma_low,0.10841202025946133,1.5436604393973454,0.1192964193255951
39082,0.053310942277312284,0.6999943112209439,0.19817731457762422,6.160074960868703,2.067477035338983,0.13373397204482984,gamma_low,0.05154555555233853,0.7002671866200788,0.16514776214802018
39101,0.08848026730120183,1.4423769116029144,0.14706248361617327,2.8993792642394336,1.755245422522674,0.11353738796376789,gamma_low,0.08696841687934329,1.4291203007452007,0.12255206968014441
39139,0.13768617063760757,1.5183991859853267,0.5535261043906212,4.1773539850444665,2.598765998339045,0.16810019817992558,a1_high,0.14268617063760758,1.5398859673485574,0.6114023651675862
39206,0.02733103781938553,0.5589220341760666,0.5880063598509878,0.9244076501689239,0.9121166695672572,0.05899992266155009,m_low,0.029380131133846413,0.5289220341760665,0.6720037952166084
39231,0.16128362957388165,1.5521151986438781,0.6091702159214765,3.765207172715135,2.258528207558685,0.14609204504300097,a1_high,0.16628362957388165,1.5705586662147435,0.6589266858553768
39235,0.14910801723599434,1.4461140998266637,0.9682258677948267,3.3560805137409684,1.7505359128773084,0.11323275510908909,a1_low,0.14410801723599434,1.4338131235838552,0.9015573690852821
39276,0.1292077600955963,0.2594016277976334,0.7985251577198506,0.7218061715764214,0.21440002973252484,0.013868385037688707,a1_high,0.13421101343491657,0.24248304019793102,0.8403548406054466
39308,0.13609248548746108,0.56305665275082,0.9741153610963375,2.564950979593369,1.14515660806037,0.0740740231652381,a1_low,0.13109248548746108,0.5854348335311451,0.9025024090408855
39331,0.14183257445693018,1.7478446990437806,0.773288323506713,2.2226668266425382,1.6493972878857772,0.1066906413075434,a1_low,0.13683257445693017,1.7233591283186593,0.7208478383867081
39342,0.024914964102208614,0.5362627903465181,0.24040246793068945,1.6834770410352444,1.1262081000348454,0.07284834607220997,gamma_low,0.02322720996978235,0.5492672917859789,0.2003353899422412
39383,0.19608599320054054,1.7641871093586088,0.4427272645290941,3.3339431424305395,2.2904489675415647,0.1481568273599181,a1_low,0.19108599320054054,1.7433338107397476,0.408594528305375
39385,0.027374466694891453,1.019276712499559,0.457220820914954,1.8747617742560545,1.4546501871051776,0.09409349856475391,gamma_low,0.026069498582299233,1.0110279527770718,0.3810173507624617
39402,0.05120351798832417,0.5485261004976928,0.47896475086919965,2.14568691429345,1.473466807541073,0.09531064455880345,m_low,0.05541912966137894,0.5185261004976928,0.5511825297314664
39405,0.081749034114182,1.6087105957511811,0.1501038494706154,2.1186772831675436,1.485738740691262,0.09610444992485644,gamma_low,0.08027494422239119,1.5927273779506932,0.12508654122551283
39428,0.11451748758554459,0.955721529526636,0.14140332761220634,6.650765666888728,3.056396191569901,0.19770183458135288,gamma_high,0.11706922880593092,0.9626377725990205,0.1696839931346476
39462,0.027551229856908322,0.9836149960011243,0.8883492530044168,1.6830808482025184,1.2300704903715647,0.0795666456075287,gamma_low,0.025573742107565203,0.992790786769865,0.7402910441703474
39467,0.1071668229997158,1.7591252836491913,0.12536573933437467,2.2192156188885375,1.4355057452605118,0.09285514756655353,gamma_low,0.10548220900667174,1.7438815930620508,0.10447144944531221
39536,0.17335148751735688,0.5661945753637702,0.5494601501151919,3.3884969466981034,1.1978564220253798,0.07748289074978608,a1_high,0.17835148751735688,0.5549450043361156,0.5799468833798987
39568,0.1677363082766533,0.26446273070760073,0.7286863084230571,0.8156678457142186,0.1846686602482031,0.011945222619191096,a1_high,0.17273976371090505,0.2527921132462881,0.752154582543346
39572,0.10938407126814127,0.663521901005879,0.03364462548866868,9.371832594311707,0.8613838847229172,0.055718291613582036,gamma_low,0.10865305570923256,0.6628755680555892,0.028037187907223895
39610,0.06931502111256123,0.7937075228523464,0.739675574656576,3.435578805572485,2.5685458426132888,0.1661454188078026,a1_high,0.07496464729785846,0.7649600448809797,0.8852907275435716
39651,0.1382226338610053,1.17963295083493,0.3123058353830129,6.655173647747432,4.207080487271377,0.27213341413625464,a1_high,0.1432226338610053,1.194836335998056,0.3659215645890455
39652,0.12013266682624818,0.24787810473702848,0.08471683287993073,0.05865290670698972,0.058652906706988285,0.003793941142671169,a1_low,0.06231067683225731,0.25875,0.15336077187700123
39716,0.12397553436458111,0.5602385911345482,0.21106855056248605,5.078642849679321,2.051528532138485,0.13270234913211265,a1_high,0.12897553436458112,0.5531088558671866,0.23566551142801057
39720,0.1967696610838175,0.9009669765923173,0.30230789608322084,9.683511970246885,3.6027757188313467,0.23304418817255929,a1_low,0.1917696610838175,0.8971833280841128,0.26832886799250066
39771,0.12305417079478503,1.5362326722592115,0.7386880205851049,3.147770695735665,2.052485336378001,0.13276423965337728,a1_high,0.12805417079478504,1.5573456938736934,0.808007120739039
39807,0.15820295698940756,1.7534210782684385,0.6493776642996818,2.8635895709580064,1.6940817106120352,0.10958103633373673,a1_high,0.16320679255942375,1.7758659897985407,0.6926830287229385
39810,0.0930310133844614,0.9050759747065604,0.16345767137594522,6.823563657218342,2.6381709084170684,0.17064908992224156,gamma_low,0.09099464728335425,0.8994139623084876,0.13621472614662106
39821,0.07646986097097397,1.4651135950535537,0.7426251351181418,2.904595010132735,2.3860136166248016,0.15433839063270002,m_high,0.08120427117584879,1.4951135950535537,0.8453654757822371
39842,0.0955837182700634,0.2867691094055772,0.5102582451328636,0.684200592410946,0.37130279002036776,0.024017580893037405,m_low,0.10771586477678534,0.2567691094055772,0.5305221180432278
39850,0.05431142989546061,0.7825332101527601,0.284553141919896,6.145907685878061,2.41437380699728,0.15617285884764548,gamma_low,0.05217149004736005,0.7817700383163586,0.23712761826658002
39853,0.08490329496562482,1.8411083127371968,0.11635983414947985,1.5818960402616165,1.0504912748233142,0.06795063179868628,gamma_low,0.0835960274471389,1.8257434474328418,0.09696652845789987
39890,0.08720461148768664,0.82674192821607,0.5826339727267623,4.264499357157339,2.797983707982327,0.18098652057039483,a1_high,0.09220461148768665,0.815502796259896,0.672959294458668
39915,0.11120972223579884,1.4505907526612283,0.24772180779837072,3.968235047615529,2.9575321860798294,0.19130685368412548,gamma_low,0.10815694212158368,1.430664839560503,0.2064348398319756
39917,0.08159882761538029,1.2058177564758807,0.9017914061713964,4.278913080443693,2.5651814917791578,0.1659277970433476,a1_low,0.07659882761538028,1.1974553100617256,0.7747398011147142
39950,0.013671038113534451,0.6149313002359122,0.02142782459035516,4.288699025620843,0.1399584814061806,0.009053161568366405,gamma_low,0.013604429834466733,0.6146626789744349,0.017856520491962638
39996,0.14764806162565947,0.26777067984454334,0.56121839703992,0.7416886176264409,0.13708075139213752,0.008867016688073933,a1_high,0.15264816914506646,0.2586061947789153,0.5699054773809348
40025,0.02567505445331335,1.74382317263633,0.923499184139073,0.5759702705039428,0.3894621301729947,0.02519221095993234,m_high,0.026952441439327113,1.77382317263633,1.0
40045,0.0839497221633792,1.15623444811441,0.735706040430814,4.278964917725861,2.6811250724502877,0.1734275638176412,a1_high,0.08894972216337921,1.1624374677330818,0.8495346606529358
40059,0.11331739574670792,1.7171794004645198,0.1914800147712231,2.9994559433946693,2.145313708776229,0.13876880790109,gamma_low,0.11064439235652475,1.695461272246898,0.15956667897601925
40084,0.10990636833012105,0.9173319790232927,0.5305294237378985,6.040825227147015,3.0951712788291736,0.20020998647224786,a1_high,0.11490636833012105,0.9152258723915193,0.6031652070681087
40088,0.18262682519853116,0.5147234353050589,0.9959153538290412,3.0339854980337653,0.870681380028591,0.05631969658981291,a1_low,0.17762682519853115,0.5325294692458755,0.9416052760719256
40116,0.10147292688488961,0.2900669671501964,0.13537371747195723,0.05610092896639637,0.03211867783270835,0.0020775845583658674,a1_low,0.08941910250580215,0.2940238638774147,0.15020313584477815
40153,0.02665671277791262,1.2138520541507751,0.5261479652393609,1.687949682161606,1.3289336128078815,0.0859615693847571,gamma_low,0.025302037132117632,1.1961213979049983,0.43845663769946747
40164,0.11985459458082914,0.4935047140996903,0.5817223037127406,2.5583717584527568,0.9833719371533897,0.063609042763263,a1_high,0.12486019700277289,0.4756983726257575,0.6204652747034028
40176,0.1746486047282815,0.28169034238904717,0.39182184955105187,0.9526725701962503,0.08700559302330062,0.005627923960574563,a1_high,0.1796516660149844,0.2769445007782075,0.3907546950026518
40179,0.13443659748882056,1.7411607816349715,0.5052329493500292,3.3760506181076604,2.1793695251277323,0.14097169553373015,a1_high,0.13943659748882056,1.7693047598758902,0.5538363910730011
40205,0.0777791852131486,1.7381113648880273,0.33760370477102697,2.3553969214845423,1.9550125955060134,0.12645925218309562,m_high,0.08068865133612535,1.7681113648880273,0.3905089240153744
40220,0.1381593184545636,0.24541612192988396,0.6154186096601189,0.6443023723293071,0.12636412037555692,0.008173815453772841,a1_high,0.14330281281744747,0.23483443244548732,0.6286669608341614
40273,0.023757301643490793,1.877028357759118,0.6263850515522063,0.5442513721880671,0.5095556082803773,0.0329604122842802,m_low,0.022806874375174056,1.847028357759118,0.5691982482419214
40283,0.12279818765819073,1.7899962687119841,0.2455572608485818,3.442957078920533,2.574743536891808,0.16654631432403746,gamma_low,0.11904958091736756,1.7619393987815848,0.2046310507071515
40284,0.14064744655042888,0.850102715631947,0.3874053832795471,7.838413730886713,3.281019584173791,0.21223151398946205,a1_high,0.14564744655042888,0.8495783816682806,0.4362593941904046
40306,0.07557534463703633,0.7315165200550109,0.8574774848949164,3.4183410702549297,1.860271059759532,0.12033093168597012,m_low,0.08003104598828427,0.7015165200550109,0.9730251511695995
40312,0.1781091582030058,0.5697869108710438,0.47671127335168423,3.4200115549737484,1.270934546513787,0.08220992166252307,a1_high,0.1831091582030058,0.5601334605291849,0.503242459972105
40328,0.19140255320817234,0.5647649429179729,0.027890182584524158,20.53691650997382,0.8621330665120248,0.055766752154970636,gamma_low,0.1899317902568952,0.564803890110717,0.023241818820436803
40359,0.18693755213171245,1.75099489627406,0.2287087229359895,4.143020728434,2.922101076330034,0.1890150057168664,a1_high,0.19193755213171246,1.7746456102332389,0.26168506778278056
40429,0.08192953262478114,1.451960570672527,0.4049070726148784,3.3589660017988745,2.950915286172651,0.19087884200995234,gamma_low,0.07844485685040227,1.4244058965619857,0.33742256051239866
40430,0.02130850162357092,0.5482909423299134,0.5230473427660763,1.1316094511997228,0.8412319241342124,0.05441476964552473,m_low,0.0230618641138772,0.5182909423299134,0.6028158466309866
40471,0.19776855502277613,1.201819003811106,0.8136066960636527,5.653255517634411,2.0772758650555256,0.13436780564829198,a1_low,0.19276855502277612,1.197794074885227,0.7634665107708783
40494,0.022567110881209374,0.5780311169195921,0.4069702861271799,1.464223153099028,1.0895251525404932,0.07047552345271843,gamma_high,0.024723078230506484,0.5486867011456892,0.48836434335261586
40516,0.11735662370920182,0.9983584219589829,0.623980073146522,5.384834750982421,2.8070944506060673,0.18157584551985004,a1_high,0.12235662370920182,0.9979088506048752,0.6987858551576224
40525,0.08040111847221852,1.1893673413898795,0.8761683413200081,4.001877339074916,2.356462374143873,0.15242687966146132,a1_high,0.08540111847221853,1.1956723917373877,1.0
40535,0.19529911894351246,1.837121065557003,0.20660955015569926,4.384281915519753,2.899513999761718,0.1875539691903512,a1_low,0.19029911894351245,1.812749153457709,0.1760879487472121
40549,0.06599566135555505,1.0667958390712737,0.7473461484536529,3.777943211950477,2.724789147195999,0.17625195801965413,a1_high,0.07099566135555506,1.0653549484482505,0.893038276620197
40559,0.1681617395952344,1.153702331520617,0.12264367269352078,5.216855677861728,2.7963594505871585,0.18088145609356332,gamma_low,0.16563624459262757,1.1455054428747982,0.10220306057793398
40564,0.10561466235667467,0.5693444760609419,0.4685200832877308,2.9980465587977916,1.6007382501680403,0.1035431498101081,a1_high,0.11061466235667468,0.5531536196961916,0.512434868735144
40596,0.10976512003690005,0.2647130861971527,0.27383939605206253,0.20218305169177042,0.0632546380413328,0.004091602397962522,a1_high,0.11476536639489851,0.26120042809762545,0.26687545448359007
40667,0.12369774710386992,1.211350213587284,0.1492110410798341,4.024483236772569,2.610514330101422,0.1688601345877443,gamma_low,0.12150583823858768,1.2010417574850976,0.1243425342331951
40768,0.16088758055120708,0.7899290423933417,0.5899708086438477,4.527628487797699,2.1427921848327505,0.13860570407608805,a1_high,0.1658875805512071,0.7828289358191841,0.6377301796358105
40799,0.15570798814296724,1.5350109187886118,0.2633552295900881,5.030757460774899,3.623395066589869,0.23437794290336758,a1_high,0.16070798814296725,1.5592770410116623,0.30778207453538975
40810,0.05304360967129469,0.26046777366660534,0.5688159836549312,0.39981077180169455,0.15242865824654267,0.009859790252727887,a1_high,0.05804360967129469,0.23624870652408983,0.592455152241464
40841,0.04623303581029177,1.4658352009579538,0.25986386600881817,2.0117883163799206,1.4752588158143118,0.09542655993789644,gamma_low,0.04491398631994218,1.4450118592543966,0.21655322167401514
40842,0.056803344003856185,0.5621654577087611,0.6371002919971943,1.6561205283845575,1.212594808213489,0.0784362377000913,m_low,0.06049143946392082,0.5321654577087611,0.7162685530677165
40870,0.025454326905310156,0.28896286875009536,0.4922222587559372,0.18157271858496937,0.18157271858496205,0.011744962800693808,a1_high,0.031076702803437373,0.24216666666666664,0.5179474679231213
40871,0.18717796467244627,1.0947327976860106,0.9774964071810246,5.064168210602908,1.7537014342001784,0.11343751566161954,a1_low,0.18217796467244626,1.0962157775330366,0.9192991756845773
40872,0.19483559504151346,0.5356440313905477,0.38491451878100635,3.9600802825257526,1.1836310297798056,0.07656272661911923,a1_low,0.18983559504151346,0.5431523467471512,0.36628153161201954
40878,0.024440815299749376,0.7803541736770422,0.7334196563996375,1.48064676980503,1.0903318838651421,0.07052770656410212,gamma_high,0.02647801605345871,0.750416409397736,0.880103587679565
40895,0.15946771353483202,1.2779962667822837,0.4553781511168927,5.899208866445019,3.243856256228087,0.2098276181417054,a1_high,0.16446771353483203,1.291391702583621,0.506206118047131
40921,0.0278532762080431,1.2653123151510954,0.9502380259800702,1.4461523422398777,1.1623288672713432,0.07518480427381297,gamma_low,0.025779942418719434,1.2519152075054936,0.7918650216500586
40934,0.028355585224926472,0.6452599280979484,0.5114073785766959,1.8830911924317288,1.3472945722242653,0.08714924111766433,gamma_high,0.030814589049541045,0.6168522804798786,0.6136888542920351
40968,0.1930485062301159,0.7705930969957262,0.6751133359968662,5.457474555611549,1.7337851935124586,0.11214924114642866,a1_high,0.1980485062301159,0.7627929182710463,0.7174031295232844
40981,0.05088407024741173,1.1724569812137633,0.11705034446902572,2.0326563922334944,1.1589867908449458,0.07496862332101885,gamma_low,0.05015337101698947,1.1643038216621369,0.0975419537241881
40983,0.1982296319678426,1.5152479657158255,0.5031621845811606,5.087648114282181,2.703026204081429,0.17484423025467805,a1_low,0.1932296319678426,1.4990280246474328,0.46317281765843865
40985,0.028358544409275058,1.268323912806809,0.39585592535324393,1.7599960837845277,1.3096326219670622,0.08471309207380093,gamma_low,0.027194953574436263,1.2484390921117294,0.32987993779437
40991,0.15187980234622955,1.0154756973776966,0.7221157618518919,5.183586600264851,2.2987530328052275,0.14869397268866752,a1_high,0.15687980234622956,1.0139252253246733,0.7839217703223411
41004,0.12570714484900236,0.5524948384519667,0.7013356783427298,2.5473612404051074,1.2097985864756817,0.07825536515189693,a1_high,0.1308432184594152,0.5325424023094814,0.7559377379575584
41007,0.16523211468011142,1.4522474090009927,0.3210928601585329,5.876001227046291,3.5137585309759634,0.22728614495917512,a1_high,0.17023211468011143,1.4723735831134068,0.3653054946573929
41064,0.19885801486670973,0.5327002953365445,0.9384525604173541,2.9672263136524983,0.8924289206135174,0.05772642804796984,a1_low,0.19385801486670973,0.5481105226441285,0.8920580502220204
41077,0.05679426304996014,1.435924684777856,0.2585576655063778,2.349057649561995,1.7976347538466169,0.11627932586845942,gamma_low,0.055148701289605806,1.4152931966300786,0.21546472125531488
41079,0.1907472124323249,1.7767074395809324,0.15089276123791934,3.2086845303815177,2.5368863239959083,0.16409753479005565,gamma_low,0.18714549510866932,1.7585452856260821,0.12574396769826612
41106,0.08343360219150782,0.6994521986600012,0.19394304565154016,8.150483794938298,2.7259241987280722,0.1763253783997914,gamma_low,0.08071897672056748,0.6996274611695451,0.1616192047096168
41128,0.19420612454414368,0.9171463474445045,0.3979208879172802,10.155338681146693,2.9907233120056733,0.19345380914279903,a1_high,0.1992061245441437,0.9187777644070263,0.4352547152467042
41148,0.1487803492695093,0.8219251204002649,0.5867338136117906,4.676464517541896,2.329071063139399,0.15065508304291125,a1_high,0.15378034926950931,0.8154852545860979,0.6395333796088276
41173,0.05565506108105183,1.269467034963891,0.5667050211224705,2.9983598209919395,2.472946225431317,0.1599615936367462,gamma_low,0.052700132174967274,1.2493377122554705,0.4722541842687254
41233,0.021073894388973714,1.1214393440634012,0.07408599040471017,1.144119426871799,0.38975536452672344,0.025211178713476317,gamma_low,0.020873619932958797,1.1162162085210017,0.061738325337258475
41245,0.0996712738648057,1.461190415704623,0.415967425769195,4.587795448615999,3.4392878274203134,0.22246903559484446,gamma_low,0.09541333862264251,1.433708913785581,0.3466395214743292
41262,0.02271736450493336,0.9913550160732121,0.3894017262198031,1.9933895424825119,1.2220772216345221,0.0790496040348511,gamma_low,0.02174543037421848,0.9833743356948614,0.3245014385165026
41303,0.19379064235836269,1.7213580282591283,0.22043165415525437,4.73365168014365,3.266624403541876,0.21130036716107994,a1_low,0.18879064235836268,1.697873783548307,0.18732753368336136
41354,0.056379697285592556,0.258577565997839,0.08111534358002245,0.04878765809253278,0.04878765809253278,0.0031558112578550248,a1_low,0.05058779958550024,0.25875,0.0906030582245338
41355,0.10559341609477997,1.437019333038479,0.5862088279426098,3.7982342191161296,2.797612735402622,0.18096252434903146,a1_high,0.11059341609477998,1.4607279062328293,0.6652739102051832
41356,0.1359405716881156,0.503532792897895,0.7892656105291098,2.3136749947442588,0.9295754055709388,0.0601292344133837,a1_high,0.1409757237967566,0.4830388295520621,0.8435571960217614
41428,0.10729456115514041,0.8005283903703093,0.7432951224315911,3.507242995816002,2.0908910843643334,0.13524850097274077,a1_high,0.11229456115514042,0.7855418990132323,0.8260748968897134
41455,0.16565586905926466,1.765587407266721,0.4464780170004815,3.0326001045389965,2.1830849113189257,0.1412120238878235,a1_high,0.17065586905926466,1.7893498115465056,0.48538326075133925
41459,0.13531236872076988,1.4860843775141985,0.2809782867040485,4.819333642285199,3.8148875456466502,0.2467645616678057,a1_high,0.14031236872076988,1.512314601604956,0.3332736465079176
41490,0.08191416934132577,0.5782089163176716,0.5221726094465703,3.075970926733545,1.7017842557496856,0.11007927256006737,a1_high,0.08691420564092728,0.5553364520757383,0.5855304733231028
41492,0.11167865917086602,0.8310590332653374,0.37959898644126955,6.904660512072608,3.546302097720502,0.2293912132965072,a1_high,0.11667865917086602,0.8294356778726036,0.43978003001995236
41517,0.08688004445284606,1.4547861679363996,0.9650927869044245,3.229178136743809,2.098547673791311,0.13574376457126405,a1_low,0.08177703203724289,1.4319244150008474,0.8484015539959072
41544,0.18990698959678412,0.5696515638940036,0.5834229656308889,3.3648361684124235,1.1339835703335661,0.07335129943507236,a1_high,0.19490740441659452,0.5588985784885772,0.6131096683196945
41549,0.08019775692373515,1.2166167601943016,0.6792907077260315,4.072963830726626,2.878939424383876,0.18622311054409624,a1_high,0.08519775692373516,1.229351565621466,0.7947320253307134
41568,0.15118440464138985,0.6919519163388759,0.9578118229098618,3.5856296671553234,1.4268568183442993,0.09229569499191302,a1_low,0.14618440464138985,0.7087360175342976,0.8909596129065672
41588,0.10576541237533094,0.5967156217060984,0.027314722435548902,14.390505895187527,0.696716965410478,0.04506687406087035,gamma_low,0.10506941803604838,0.5965277023188856,0.022762268696290756
41589,0.05655388627201319,1.7751707253232598,0.5162143738940358,1.4832885446806603,1.0774046460667774,0.06969151306410518,m_high,0.05881787744826331,1.8051707253232598,0.5696872880281665
41607,0.17811821531504393,1.4433639479987324,0.6084709723293781,4.124703495768791,2.3871630328590516,0.15441274018817835,a1_high,0.18311821531504394,1.4574683376264164,0.6559426578006874
41638,0.026330097392201424,0.512909056711942,0.7319479542970657,0.7476656920419744,0.4828904993353358,0.03123558977197412,m_low,0.027888342724597323,0.48290905671194195,0.811856404877431
41640,0.1939597761258483,0.26500570321455597,0.6555754185188561,1.3700268497187278,0.4019542648139384,0.02600025997634054,a1_low,0.182370542927145,0.2860989630367228,0.6252009926965678
41642,0.053805335983633996,0.9187362226750702,0.7632420875132084,3.208264667318238,2.2520048493839098,0.14567008408049825,gamma_high,0.05809371311003144,0.9008015185837508,0.9158905050158501
41643,0.10926600340753795,1.7244914435688405,0.2743504759762436,3.2989883118224386,2.507261452620269,0.1621812611615402,m_high,0.11314787905360625,1.7544914435688406,0.3206741575815074
41644,0.12731190733611583,0.6658858685009181,0.10724456390365958,14.011608844434726,2.363516242261397,0.15288315645946804,gamma_low,0.12471214076117186,0.6652631448370525,0.08937046991971632
41677,0.07843284588307142,1.7428841319773347,0.7692007582541556,1.6452419667960223,1.156242448662349,0.07479110658228097,m_high,0.08195838241540561,1.7728841319773347,0.8323020520891288
41678,0.01873829383403063,0.2795421861298382,0.16041527840308845,0.04796846907108807,0.04796846907108807,0.0031028223250539624,gamma_high,0.014104305392608311,0.29191666666666666,0.19952623149688806
41689,0.02695905212312937,1.5193858813680707,0.21587528679519893,1.1103839375005595,0.7790963490485696,0.05039555341266809,gamma_low,0.02628732707332596,1.4995476454703056,0.17989607232933244
41756,0.13771712426096203,0.5598175085615367,0.1831478540878743,5.960293878137562,2.059750356732389,0.13323417475416527,a1_high,0.14271712426096203,0.5541556386202386,0.20471443600260553
41762,0.09426569286733866,0.24390533393248917,0.8485089303087443,0.6508840884834343,0.21211701198587687,0.013720708896048756,a1_high,0.09926899063910902,0.21977579070331546,0.9190236522373435
41813,0.053341024182736875,1.723624443775043,0.5702989149093628,1.4958379675519693,1.0670251011712912,0.06902011611837638,m_high,0.05559215115619933,1.753624443775043,0.6296913048792093
41827,0.14020095057785512,1.5347114222031086,0.6416498669143766,3.823050911970041,2.27302806834681,0.14702996306779542,a1_high,0.14520095057785512,1.5548283373956227,0.7001249513787742
41832,0.19937098417431118,0.9476447423640638,0.5292232250794768,9.42309710387958,2.6964586767252907,0.1744194122253424,a1_low,0.19437098417431117,0.9468389752306418,0.48886745348161736
41840,0.1724425619468093,0.632193611850962,0.06907916246913373,17.0945130618421,1.8897664049306802,0.12223882696081374,gamma_low,0.16991780554710373,0.6317940104698937,0.05756596872427812
41879,0.1990239053964615,1.5011788856983186,0.3834290870372206,5.367356377569673,3.1700586310454644,0.20505404659800527,a1_low,0.1940239053964615,1.4837037196747513,0.3456616577552707
41882,0.06616124343127013,0.28913308060728016,0.6225305453687906,0.4475572944544621,0.23916152097392468,0.015470072757002466,a1_high,0.07116124343127013,0.2640859126860596,0.6588574888741667
41914,0.07022417951375247,0.906590230287984,0.2288404264394194,5.656397176175642,2.636177050593292,0.17052011798112277,gamma_low,0.06816152899175465,0.9004353824976101,0.19070035536618282
41922,0.09060362372547388,0.9517992879636585,0.9167818315513432,4.300141557898269,2.3648817292156683,0.1529714824679551,a1_low,0.08560362372547388,0.9619441266316299,0.8019439487754083
41941,0.055093835480511194,1.2044164207018913,0.9753858125302941,3.017420252135991,2.1259205327216515,0.13751436762436012,gamma_low,0.05097304896730581,1.1973044992225346,0.8128215104419118
41948,0.14246702697128058,0.8900271215010435,0.7239220519270748,4.303673861790224,2.15737131763161,0.1395487497809903,a1_high,0.14746702697128058,0.8829423540391854,0.7877085576158281
41988,0.11409369930624963,0.2692930270731449,0.573428636919707,0.5016237416020662,0.22479292818920094,0.014540645753485239,a1_high,0.11993078639777158,0.2548962828214426,0.5895461064905672
42032,0.17003077864646912,0.8584227859694511,0.7764034685492516,4.114860526016241,1.8429949866234443,0.11921343541281457,a1_high,0.17503077864646913,0.8505505772092784,0.8313492046378662
42065,0.024374015815556052,1.810788002628833,0.1157843740005046,0.5064882790841551,0.5064882790841551,0.03276200325241755,gamma_high,0.024963845113653516,1.8341666666666665,0.1435961701962215
42090,0.05190036278218031,0.7854802673775703,0.8379694340657443,2.6172665728513005,2.048449299531027,0.13250317013258495,gamma_low,0.04802632995871692,0.8100416325663781,0.6983078617214536
42095,0.1686439322307706,1.4948910660948604,0.9354535101819783,3.21849623765386,1.5412695182761507,0.09969643732313362,a1_high,0.1736439322307706,1.506945093467025,0.991389147415491
42124,0.13678529541939496,0.29341152515262364,0.254888607673347,0.33857674479730826,0.2963194224538333,0.019167310050572664,a1_low,0.12774720803781495,0.2995125775644424,0.2645377029451566
42157,0.08543644286692142,1.725109939351678,0.13081652399152519,1.8665730097298903,1.2675254790427974,0.08198940741928289,gamma_low,0.08404298012305682,1.709546462515899,0.10901376999293765
42158,0.024033042043447497,0.26566986880265175,0.9904746624082327,0.3364454387948585,0.3364454387948585,0.021762846279462966,m_high,0.02156853929874742,0.32508333333333334,0.8208914159638258
42187,0.10225609540939332,1.7415819235146046,0.6257168713770807,2.4924796292458526,1.8199906235179586,0.11772540686407003,m_low,0.09819123735243329,1.7115819235146046,0.5702002025797235
42207,0.15314457155764105,1.5181075178738683,0.4367539476696402,4.695193620882788,2.9506938741355198,0.1908645200558614,a1_high,0.15814457155764106,1.5393839053935876,0.48623547374855297
42294,0.04912475496530533,0.2781125573907048,0.6644360002782196,0.5049655509275258,0.44225537329819326,0.028607121974459578,m_low,0.053223459717827666,0.24811255739070479,0.7218994854477689
42354,0.07543735373765231,0.2940204077027738,0.9223389155883343,0.9395100857306953,0.367735087170212,0.023786805380143373,m_high,0.07144434104990642,0.32402040770277385,0.8445117905019316
42396,0.13918513804674149,0.2880672905780375,0.7718803184200078,0.8562298741874503,0.26308314222816304,0.01701743380304997,a1_high,0.14419060564402966,0.2719232408311492,0.8082885360713211
42408,0.19492713287472727,0.878517563296482,0.5769883038755507,8.580386100602722,2.247737345613029,0.14539404220905733,a1_high,0.19992713287472727,0.8755843117403486,0.6184222929614364
42411,0.10788971073925496,1.1602970054373145,0.4437559503596276,5.421476721365772,3.7796360356800416,0.2444843310447654,a1_high,0.11288971073925497,1.1742970691592742,0.5183973806121857
42441,0.049270513094961645,1.7917858830839395,0.3190360712073743,1.5717851588984717,1.3414112638697588,0.08676868153631755,m_low,0.04765158862565816,1.7617858830839395,0.284255837455119
42474,0.05138163212686778,0.5835859974939376,0.055192890306934715,7.536549505876827,0.8719124576972148,0.056399328384365725,gamma_low,0.05066551572784292,0.5837555268090506,0.04599407525577893
42490,0.0730979073792696,0.2716179615445435,0.27695736336521803,0.16100038761839186,0.16100038761839186,0.01041424933333517,a1_high,0.08636267428962847,0.25875,0.2511886431509581
42534,0.027383726090192795,0.8937753555830568,0.5738216848950833,1.8755640195022367,1.4472396852690788,0.0936141530492065,gamma_low,0.025775089625742712,0.8968612264695707,0.47818473741256945
42581,0.05415657740086317,1.5606207226403057,0.40518239474855366,2.3493881254537006,1.781163401335137,0.11521388264531394,m_high,0.05655210332725575,1.5906207226403057,0.47318244477202853
42595,0.13936085365712644,1.7448402181826532,0.34075211867690086,3.6176408234137543,2.7345008110528637,0.1768801533323676,m_high,0.14442294173294087,1.7748402181826533,0.38639837045931447
42613,0.05634382385760546,1.189788498096168,0.7554422332532704,3.0318327666350195,2.406015774960286,0.15563222269852287,gamma_high,0.060696700928144866,1.1983270755274253,0.9065306799039244
42668,0.12697979845106602,0.2642849276028574,0.3619442527741194,0.3849040019034315,0.09749699705465682,0.006306556472306603,a1_high,0.13293092504398168,0.25804449314754113,0.3580070046061448
42713,0.02733417022973299,1.4323662392981351,0.47055953385308386,1.309105511553847,1.1968312367529363,0.07741657702720427,gamma_low,0.02602861578912666,1.4038416360141097,0.3921329448775699
42725,0.06760656014084816,1.4597010614909232,0.9038848118018359,2.9885210918739817,2.3769859073520885,0.15375443666423044,a1_low,0.06260656014084816,1.4275566061565077,0.7621535373826005
42730,0.05038016699254513,0.8994356518238783,0.49716777860186995,3.7265565628069552,2.463860274182594,0.1593738723080311,gamma_low,0.047678830217919424,0.8990544670898912,0.41430648216822497
42792,0.19654424581676722,0.9900383590348065,0.23231939452700318,9.474497684437296,4.24919591043901,0.27485763439519106,a1_low,0.1915442458167672,0.9821554314410812,0.19847937971845694
42810,0.0713800309225917,0.5256026716157794,0.08713881498202682,5.541412277123816,1.6631742263009859,0.10758179737137881,gamma_high,0.07420623004752143,0.5215513980843097,0.10456657797843219
42829,0.08101802933961154,1.0064951180759816,0.36486543194390836,5.4787707915612405,3.616209614375294,0.23391315463768514,gamma_high,0.08494108836447713,1.0147898625279184,0.43783851833269
42834,0.08521190062165261,0.2610184560343623,0.5657892445567996,0.4225802310364947,0.36890659042973767,0.023862583626518986,m_high,0.07647285517690858,0.29101845603436227,0.5396230940003914
42841,0.026046206615865233,1.2299848248250782,0.6700554674677551,1.6778492277903154,1.2654102864545074,0.08185258698469682,gamma_low,0.02448508166350337,1.213038466907503,0.5583795562231293
42844,0.14132492188364268,0.5091571382060647,0.5822317996248603,2.7491748219490373,0.9990063283239872,0.06462034745782944,a1_high,0.14632492188364268,0.4940304726917742,0.6165359518778265
42866,0.07528844065964223,0.8880709426291287,0.1696822016686201,5.6677442689802,2.365413761451324,0.1530058967724015,gamma_low,0.07356393208654691,0.8827059606381634,0.14140183472385012
42875,0.11289131194353104,1.1947135404963047,0.41394017891958357,5.619453427512266,3.8724308840351607,0.25048673080239703,a1_high,0.11789131194353104,1.2107262315068676,0.48405072434291113
42911,0.1510774800553918,1.098069308521226,0.8959194504097104,4.507799664507402,1.915583989460677,0.12390882767607367,a1_high,0.1560774800553918,1.0965254892732397,0.9654406803513641
42926,0.024594268016517165,0.22186140371486546,0.5509130192548036,0.1373181810137368,0.1373181810137368,0.008882374733573272,a1_high,0.03392825641777275,0.15925,0.5907837911587949
42930,0.07988960668444633,0.5656301560997963,0.7411491613462567,2.2677828225780785,1.2946133865456246,0.08374157849679237,m_low,0.08449036333052284,0.5356301560997963,0.8253526122703776
43011,0.14647014047950507,1.236818897332996,0.13594247737899423,4.17966737967784,2.679089934213795,0.17329592166859945,gamma_low,0.14409866636322344,1.226887548623567,0.11328539781582851
43032,0.1839224910363555,0.5777024433296174,0.30053672903217377,4.2365373985275685,1.579933774289956,0.10219742013672826,a1_high,0.1889224910363555,0.5715495765757779,0.32079734668927695
43033,0.02844580113887787,1.762368603395298,0.8056226455420256,0.5748538311263715,0.5748538311263715,0.03718420319435987,m_high,0.030031940254673026,1.801,0.8767123872968686
43048,0.19566349871456623,0.8948973052762449,0.6421316269412637,7.235475984100197,2.25395329418625,0.14579611849745827,a1_low,0.19066349871456623,0.8976728649442536,0.5986645403276496
43074,0.08800853118300439,0.568762207357213,0.36226588098332285,3.2731300581839307,1.9243230701410583,0.12447411181293763,a1_high,0.09301000352614013,0.5530033755602152,0.40630089132694663
43087,0.1709265073761344,1.7191050475463272,0.6515189701598137,2.768283098442746,1.74353872798423,0.11278014484407106,a1_high,0.1759265073761344,1.7393637406369642,0.6931456511090334
43099,0.12200961578637362,1.5577951309364289,0.3369933004677296,4.75591754203158,3.5078657704176246,0.22690497396558948,gamma_low,0.11754366976773196,1.530084912583636,0.28082775038977464
43100,0.14142384566366673,0.6315050897747279,0.04843540634028614,14.693491732285224,1.3123047735920963,0.08488593919355784,gamma_low,0.13995717420286513,0.6310266897569321,0.040362838616905115
43118,0.019162521883845332,0.2824116665869951,0.5264760770183057,0.15642246749751731,0.15642246749751731,0.010118128297403994,m_low,0.023992878952965837,0.22558333333333333,0.571666650191362
43136,0.15791106950491668,0.2920241653546691,0.6728243712615222,0.8865069341234249,0.2226301500514342,0.014400747265583607,a1_high,0.162911146670871,0.2800205257895208,0.6931962720019011
43157,0.052953390404582024,1.1366157806385309,0.863028668994084,3.240251266214697,2.2147204544876087,0.14325835706271653,gamma_low,0.0492604176169349,1.1318172039293402,0.7191905574950701
43186,0.08096509333699942,0.5754912533983588,0.1611879664938897,5.589719467841475,2.5550493794910087,0.16527240518247682,gamma_high,0.08509192991405268,0.5687554023370095,0.19342555979266762
43204,0.11586361341178418,0.279760188004002,0.913789561772719,1.12298455089612,0.3466258091654307,0.022421359696189205,a1_low,0.1108605425856681,0.3033709769068229,0.8512900687745759
43215,0.16878316570073368,1.2384467918146402,0.8013759755901992,4.727727242265912,2.066756255078889,0.13368734864563053,a1_high,0.17378316570073368,1.2438194782084724,0.85945180340111
43221,0.05554376877844334,1.7722708650492132,0.139773726798594,1.0563668218859177,0.890826727081928,0.05762279076383001,gamma_low,0.0545550939222874,1.7550517902419036,0.116478105665495
43240,0.19721601232886316,0.5568527242168784,0.22341931112110616,7.754470683136165,1.6324907507046797,0.10559704832822353,a1_low,0.19221601232886315,0.5612922265745147,0.20737394649659235
43296,0.15373223628848792,0.7480926373787224,0.8148798314668239,3.6889843600075047,1.597416844790962,0.10332830595634078,a1_high,0.15873223628848793,0.7347441151221131,0.8747715354489644
43301,0.06363965515047312,1.022143016345799,0.9128624306619167,3.828111624813545,2.4987470903268285,0.1616305128487572,gamma_low,0.059039365052983246,1.028974431940328,0.7607186922182639
43304,0.19617577977478506,0.24346006537787618,0.1009338976535946,0.14792413390082876,0.14792413390082876,0.009568416794823342,a1_low,0.10023497477266613,0.25875,0.18077686769634355
43306,0.055861507169902326,0.5862488481216133,0.4573163871839643,3.4291540012756414,2.035922968259645,0.13169290912003806,m_low,0.06078248460859938,0.5562488481216132,0.5410042560906418
43311,0.1642188223078847,1.1830189363658428,0.30000416075810793,6.375244124297086,4.024775674330129,0.26034109608831774,a1_high,0.1692188223078847,1.1962745589399755,0.34476429030262473
43322,0.07174283862113953,0.2766986282262951,0.24609225861728193,0.15114965113598341,0.15114965113598341,0.009777058160305578,a1_low,0.06037741946011307,0.29191666666666666,0.26826957952797265
43345,0.023448834754526617,1.4719309616275131,0.27275949536822736,1.0725224535742897,0.817813679182777,0.052899969305717935,gamma_low,0.022733310635856537,1.44958326917621,0.22729957947352283
43368,0.19982204996049405,0.8520295488461852,0.9172430114075542,4.288593003191793,1.588933244957181,0.10277954750165524,a1_low,0.19482204996049404,0.8601068710011788,0.8658053001754377
43402,0.056298520229756836,0.7507706890348345,0.7374209685996175,2.433333900686774,1.9493622249854285,0.12609376009765685,m_low,0.06051351061057451,0.7207706890348344,0.8678166695587435
43408,0.16805931329727175,0.2895949698425829,0.3240345494262874,0.7384624150734056,0.1347941762575535,0.008719110438137414,a1_low,0.15979739696142972,0.2963906956384549,0.32845411473911035
43432,0.19519364386796953,0.7240955992601812,0.5002205838263034,6.647032615618472,2.0726826806317318,0.13407069724668513,a1_low,0.19019364386796953,0.7295388477254214,0.4663408497465815
43450,0.06960254944860936,0.8153553645312787,0.3360057205799967,6.424798849651331,3.0091848253938,0.19464798517143295,gamma_low,0.0665925868170193,0.8145343408769724,0.2800047671499973
43452,0.14940227754414082,0.5628084563929587,0.5656451142113655,3.0577068323238463,1.2501050172492656,0.0808625714202933,a1_high,0.15440227754414082,0.5493300981493838,0.6017063410632302
43491,0.13848479446023704,1.1700883896555752,0.6550941582210362,5.216089895818405,2.657466957268862,0.17189724756250202,a1_high,0.14348479446023704,1.1765930437724912,0.7210131852929713
43498,0.05125750321894884,0.9869707499817014,0.9069653695076704,3.213658076540273,2.088978513678568,0.13512478705947745,gamma_low,0.047545611149110836,0.9966363941753832,0.7558044745897253
43510,0.04425423480570317,0.27106196196749804,0.8191869262233377,0.46139926888718524,0.2936967021372774,0.018997660376355998,a1_high,0.049271156415743464,0.21846090515954414,0.9735915067695435
43558,0.027605220675468445,0.552883661929518,0.4956528868153691,1.3620790882637268,0.9092900056589074,0.058817080973038956,m_low,0.02977431490019502,0.522883661929518,0.5676103843320092
43572,0.10281979329884053,0.9550178546085953,0.34684245419688525,7.042925615650379,3.9473967716149363,0.2553358709585129,gamma_low,0.09871945234634015,0.9480364377792082,0.2890353784974044
43611,0.12264966554939748,1.1556633142288775,0.5907743296492844,4.963955646594128,2.993536120419841,0.1936357545938962,a1_high,0.12764966554939747,1.1638729529090397,0.6624833894332762
43618,0.09783879537135363,0.5318754569906742,0.254683879185468,3.9467783879851694,1.7233888579518901,0.11147675810286353,a1_high,0.10283879537135364,0.5206667705413521,0.28206848186853783
43628,0.12874971479177474,0.28494283427484335,0.14542914497666062,0.06819875915346593,0.05635314502960794,0.0036451819261886865,gamma_low,0.15914165054888266,0.27963944357117426,0.12119095414721717
43629,0.08422263767570258,1.0921864067297429,0.6504018866829574,4.334339319516138,3.001885724901033,0.19417584560975118,a1_high,0.08922263767570258,1.096758820854296,0.7583483133165622
43630,0.0190152058377862,0.9386685610190034,0.28526436241343617,2.013208792551137,0.9836825385097688,0.06362913389482146,gamma_low,0.018358389190227652,0.9316521094190171,0.23772030201119682
43663,0.17188802622258664,1.4417259510047733,0.9501063584350049,3.477303692257356,1.7098126772578757,0.11059858797648475,a1_low,0.16688802622258664,1.4310493918231388,0.8925579328391173
43668,0.10943805687129499,0.8571549401339144,0.600364901246503,4.880729038686207,2.65941945560177,0.17202354418055754,a1_high,0.11443805687129499,0.849531243036415,0.6747542009181583
43731,0.12647133637219668,1.1784434397798031,0.22965747977606954,6.209323442271293,3.559213821147521,0.23022640325524665,gamma_low,0.12316076481030372,1.165418568282177,0.19138123314672462
43732,0.10687247253954411,0.24809581749141216,0.4032891656458378,0.301462691286365,0.15078888432202417,0.009753722095049202,a1_low,0.1017457605962657,0.2553957876771133,0.4075534603585935
43733,0.05608328301459551,1.430868925023824,0.8885558697674424,2.703487053381233,2.0896720723595483,0.13516964964110142,m_low,0.0522924214465281,1.400868925023824,0.7642491798952701
43799,0.1969919461756945,1.4612271728366613,0.6583884985465557,4.619658635684503,2.307351431259456,0.14925015684880721,a1_low,0.19199194617569448,1.4480631745188737,0.614357741242618
43861,0.05342808421701193,1.2286050562746822,0.2520743576157838,3.0348259139252223,1.9290606516460134,0.12478056048526347,gamma_low,0.0519288486088683,1.2137056118648042,0.21006196467981983
43868,0.14120460767298937,0.9141815964598209,0.5036471034120769,6.994116552544782,2.944589566405153,0.1904696652132624,a1_high,0.14620460767298937,0.9132948107757164,0.5589599640187543
43995,0.1244868502020836,1.4513246739562602,0.30234067351557314,4.870458912384324,3.577594298135004,0.2314153374748771,gamma_low,0.1204214712530702,1.4285819952595553,0.25195056126297766
44008,0.19831418078392746,0.9893197870347649,0.26320666991174224,9.421979007920282,4.037148980336552,0.2611414587193318,a1_low,0.19331418078392745,0.9821555012455291,0.2289025364468289
44034,0.09063986167311669,0.5186099761351943,0.8923506869096309,2.6639549656484007,1.1444388373054362,0.0740275944347448,m_high,0.08605379355098172,0.5486099761351944,0.8071362694927665
44044,0.1359000602737069,0.26706332791596654,0.9706545446068049,1.212208171625844,0.32938010283383706,0.021305827688326038,a1_low,0.13067779681727723,0.2890515959150935,0.9051907721162287
44057,0.028186649829149247,1.1738441037852316,0.5653044142387808,1.6802328773041741,1.4180689992401865,0.09172725822849728,gamma_low,0.026686020781399627,1.1591123673707147,0.47108701186565066
44070,0.028104536049067975,0.7988964908383787,0.9886700845044106,1.542930880104562,1.0914808930188995,0.07060202978773232,gamma_low,0.025918635622157273,0.829330136076164,0.8238917370870089
44121,0.025620684027671814,1.8125356575660407,0.45282339966855945,0.6947740815250837,0.6947740815250837,0.0449411993497251,m_high,0.026894666873037047,1.85075,0.5179474679231213
44136,0.19907684214413168,0.9377834078390151,0.11941853101365267,8.74410519259083,3.1741874531746577,0.2053211178997734,gamma_low,0.19587017377094354,0.9324696943560581,0.09951544251137726
44164,0.11322112493216992,0.29177351333200935,0.3446866257674992,0.33709963614839267,0.08916146350932583,0.005767375629629305,a1_high,0.11822112493216992,0.2855688382824515,0.34145319387140155
44170,0.05711414497345686,0.5406485168635845,0.29924048530869185,2.9015176512805354,2.2709574562300947,0.14689602630419452,gamma_high,0.06287555195983646,0.5154167046535668,0.3590885823704303
44198,0.02596025262027979,0.2638837831746787,0.5835789567045867,0.155369370570897,0.15536937057089462,0.010050009120001684,m_low,0.02966122297183389,0.22558333333333333,0.6309573444801934
44200,0.19437792524695396,0.5139743352215738,0.5362010591384023,3.3925229907239016,0.9682539635090216,0.0626311423415546,a1_low,0.18937302320774535,0.5240232193775975,0.5130185958049072
44224,0.16133480798453093,0.28048090430907907,0.08872203964740037,0.15654166169672376,0.02500806857720837,0.0016176374812556114,gamma_high,0.1322865958765881,0.28328293884006395,0.10646644757688042
44237,0.07885017991065979,1.494462596140802,0.9175686383713036,3.2115714073725106,2.166258221182637,0.14012359578447364,a1_low,0.07385017991065979,1.4657048214369846,0.7966916992679476
44241,0.02330500837415457,1.7729920558072627,0.8622458609286696,0.5413644874142445,0.5413644874142445,0.03501795763068764,m_low,0.02195444137182083,1.7346666666666666,0.7686246100397738
44245,0.055779175087809565,1.1789937403611839,0.3954248887486756,3.5566696490770786,2.4571389866590834,0.15893910836027722,gamma_low,0.05347857471046621,1.1627791845484006,0.32952074062389636
44249,0.02658861018717289,1.2709720590990037,0.11734824107959865,0.9884079885186875,0.6112267749726026,0.03953697334482612,gamma_low,0.02621156477722024,1.2616614896868321,0.09779020089966554
44373,0.05375888422131539,1.4745950817875564,0.7451897585205733,2.3813776785494287,1.8978641893270818,0.12276262908948692,m_low,0.050511713956659876,1.4445950817875564,0.6342880041408695
44436,0.11079613883048296,0.2864292787574232,0.6784535075630993,0.9606652804241963,0.24855299357389898,0.01607755661906085,a1_high,0.11579676508360444,0.2695368297758737,0.7072974584652488
44439,0.19866133015602827,1.7497713432181627,0.31331717084161936,4.054031042930959,2.77173712678586,0.17928877036760954,a1_low,0.19366133015602827,1.7278002255217781,0.2805331323136533
44507,0.12498549800366164,1.2051742833387107,0.7954711437411607,4.602090196888485,2.3188807855331435,0.14999592878038245,a1_high,0.13005605299224285,1.2103326804043428,0.8761591297084607
44520,0.19803297072649004,0.7354034167248755,0.7601892822887748,4.337730395220811,1.5877942587367087,0.10270587260768327,a1_low,0.19303297072649003,0.7445496879078822,0.7170190817773598
44526,0.021338078379631045,0.9881925331056118,0.11102259402163327,1.6623355883342705,0.6148364080070414,0.039770461095871734,gamma_low,0.021024500759297914,0.9824427055342505,0.09251882835136105
44539,0.11462258119136096,1.5763409675750881,0.43512024483643474,4.200679105272821,2.989797355432947,0.1933939139912229,a1_high,0.11962258119136096,1.60638764066327,0.49920332225463887
44556,0.13526135198771955,0.9228168129175901,0.237336908550933,9.281974996140391,4.028508244606524,0.26058253598847947,gamma_low,0.1312178713307256,0.9162278934133737,0.1977807571257775
44598,0.04959873910993338,0.7051984654087573,0.4473246585391462,3.6299144176797826,2.327693186120991,0.1505659555877999,gamma_high,0.05323505758243996,0.687677128126594,0.5367895902469755
44612,0.11728890296071769,0.5681199703924358,0.011721329679712653,16.10072708297476,0.389068811094657,0.025166769263735466,gamma_high,0.11773718571325514,0.5681657955457232,0.014065595615655183
44643,0.1392710965126753,1.2507504879217595,0.9844917206931859,4.118450024135009,1.9331013418563516,0.12504193100710947,a1_low,0.1342710965126753,1.245855883445288,0.9075680940507277
44648,0.19843964744359255,0.28325009726919237,0.8720668048597873,1.403745287671675,0.26805188834492716,0.017338835271080415,a1_low,0.19343964744359254,0.29636918873746476,0.8387632528476243
44667,0.11390460133552552,1.4327946202922612,0.4546065740473568,4.194476375680954,3.2895480964402797,0.21278317758791337,a1_high,0.11890460133552552,1.4577483586197422,0.5234927732787784
44695,0.19995557293295863,1.7856695467233659,0.22742093588225545,4.469097445579874,2.9797001642152647,0.1927407809866208,a1_low,0.19495557293295862,1.7624479180339707,0.1964009856193751
44723,0.13128934931010008,1.5062672715075314,0.13763212312944234,3.1362038450665004,2.145501856752782,0.13878097818197174,gamma_low,0.12917562005933117,1.492956273561397,0.11469343594120199
44781,0.08237556461244822,1.457452369388193,0.5629764153156429,3.5166862216612484,2.9208393698301975,0.18893339270792178,m_low,0.07817446297126233,1.4274523693881929,0.47973170834844503
44802,0.0919829336926341,0.9646500709746033,0.5765428203064948,5.339053128630133,3.1389918701328394,0.20304450488876385,a1_high,0.09698293369263411,0.9632408435218247,0.6680929325776294
44826,0.06734904516488315,0.6501687223371119,0.11626563245430588,9.279900393075742,1.7826397078795502,0.11530937697718101,gamma_low,0.06580630006190867,0.6500643647272428,0.09688802704525488
44842,0.05560403168201447,0.8382208211906255,0.9504472944419831,2.956250253193536,2.063474423637174,0.13347506461694233,gamma_low,0.051369599424432345,0.8632293687799201,0.792039412034986
44843,0.10639326926320791,1.5249200528115034,0.4651778943650425,4.363697240473352,3.054295751270282,0.19756596839299398,a1_high,0.11139326926320792,1.5547714735634495,0.536879945082405
44860,0.14791004043072462,0.27730289041996004,0.40606077645905314,0.6154487453034535,0.3549649352133629,0.02296077291854194,a1_high,0.15929874056175275,0.2642271586560131,0.40563001705999663
44863,0.16155963558703662,1.736743083288893,0.5238347286079079,3.0239274343548184,2.053016065120751,0.13279856964187683,a1_high,0.16655963558703663,1.7598261265203885,0.5655791268166552
44917,0.057283850200474266,1.4454817763343453,0.8542372904904186,2.7882432292692974,1.899391106213225,0.12286139713221526,m_high,0.06182145120335152,1.4754817763343453,1.0
44933,0.07370227985084057,1.4399663809966297,0.6529473728593439,3.3398607559328877,2.7554071860525102,0.1782324743119828,m_low,0.06940487484300228,1.4099663809966296,0.5497965994107042
44955,0.12184340804815293,1.50173512250185,0.9561129284836352,3.309857264733406,1.8378208528027271,0.11887874851863946,a1_low,0.11677787985087482,1.483737519329252,0.8759469729357788
45008,0.1651797628030181,0.8886131923366338,0.1827347708493471,9.180660032839116,3.883407045015743,0.25119671963450807,gamma_low,0.16113969054007493,0.8831204181885325,0.15227897570778925
45020,0.14219719003885986,0.5488621355220675,0.3377868997305632,3.495611564396483,1.4649959686766671,0.0947627115426077,a1_high,0.14719719003885987,0.5394996172176505,0.3619846889771464
45048,0.1765586040914059,0.7660803875885904,0.3115647454746068,9.123830425371123,2.9362527533461695,0.18993040160572716,a1_high,0.1815586040914059,0.764651267725534,0.3452080095532295
45081,0.02837163545191288,1.5790835392754525,0.6046766881085932,1.0472632137507716,0.8554582723801796,0.05533499561471633,m_low,0.027069699695989824,1.5490835392754525,0.5304029691428144
45087,0.1519399542361498,1.8240371018834411,0.2657798025384545,3.8629823297460266,2.938079970072656,0.1900485944303356,a1_low,0.1469399542361498,1.793676710786672,0.2253356440299669
45102,0.022173142433166506,0.9575469465646893,0.18374123625457287,1.7552074040688086,0.91102594936029,0.058929369836452625,gamma_low,0.02165075690998819,0.9504177113301338,0.15311769687881072
45116,0.14741175957024097,0.551295829070732,0.03468582944013179,11.584963339336339,0.9596376065242401,0.06207379654064121,gamma_low,0.1458982507237596,0.5515475966882531,0.02890485786677649
45143,0.19490020256489515,1.7200365766510368,0.4764317892678082,4.190285026524658,2.3188494313103605,0.1499939006443106,a1_low,0.18990020256489515,1.6998739113803203,0.44055127111839565
45173,0.05678117796778679,1.7467127784248442,0.730362284462899,1.2998690975511087,0.9000750194813855,0.058221013068634794,m_high,0.05929368699804065,1.7767127784248442,0.791999061632109
45205,0.05311903730034828,1.443053720621392,0.5395365422870964,2.8328663793351474,1.990047811779467,0.12872549193019417,m_high,0.0560818203473155,1.473053720621392,0.6284113394666211
45208,0.18247561212629082,0.29295996453613043,0.46672415936365724,1.1092267040895016,0.3455850118900235,0.02235403611708555,a1_high,0.19051385315902103,0.2827959470073415,0.47259467332218835
45227,0.10864816978573799,1.7587675627879797,0.49333323023281994,2.828481707707211,2.1086372980297616,0.1363964081086693,m_low,0.10465624675387725,1.7287675627879797,0.4459775252149865
45257,0.04851207491010428,1.177814598698169,0.27000759342685343,3.0112628695833723,1.9044730861719918,0.12319012308859652,gamma_low,0.04704013513430048,1.163446895618086,0.2250063278557112
45265,0.02309712264686823,1.4922484797984361,0.7921173540968448,1.0555790909856508,0.9621816778813844,0.06223835883658982,gamma_high,0.025111079543799576,1.5288717894448858,0.9505408249162137
45333,0.05025641433894634,1.1473910561483354,0.34004719550721346,3.3603618296005275,2.1901964460218224,0.1416720308271495,gamma_low,0.04840513611978067,1.1328055629899527,0.28337266292267793
45350,0.027210369892418387,0.6843575403559953,0.38019142447039483,2.1641130575117877,1.4167270024181482,0.09164045167035174,gamma_low,0.025673365092301843,0.6934556168315245,0.3168261870586624
45359,0.1640959596261382,1.4894602049328387,0.12805927347391843,3.720393393260944,2.3897897849579643,0.15458265065671573,gamma_low,0.1616389145608015,1.4771806495405486,0.10671606122826538
45360,0.16927249990403653,0.24445101971738042,0.7949818794801832,0.8191261098312799,0.16804052076923826,0.010869637690204055,a1_high,0.1742738816133982,0.2321489898989474,0.8252007225212675
45393,0.02361594866961241,1.165492777004838,0.1010127552691847,0.8031169772449723,0.5358897270673778,0.034663824823084305,gamma_low,0.02331865226049409,1.1582834522189729,0.08417729605765392
45396,0.10901473481208086,0.572686031665653,0.19124586588703096,4.906950586670808,2.4595057931684434,0.15909220434642268,a1_high,0.11401473481208087,0.5655512155480859,0.22055059685800685
45419,0.10968182124197484,1.4453746667224914,0.367108735088259,4.479279700398235,3.5669397775422578,0.23072615382990969,gamma_low,0.10546544054500048,1.4201439472622728,0.30592394590688243
45440,0.15893671307712795,0.7809534707944841,0.30356152914464474,9.054486725650488,3.22312314999085,0.20848650498661855,a1_high,0.16393671307712795,0.7800785901850928,0.34140973566283006
45466,0.06592458449304105,0.25540400195866825,0.6549225390888751,0.4738010899556197,0.17455972829498645,0.011291330169540304,a1_high,0.07092526642382592,0.23127894906558905,0.6935765027738919
45503,0.15985442511737347,1.159786375425756,0.23189229951240123,6.928918035709334,4.160741822486858,0.2691360150866098,gamma_low,0.15561684271888176,1.1471224874217598,0.19324358292700103
45529,0.027458361536264422,1.141376606710255,0.7270335236843676,1.7237430066650574,1.3331726503761148,0.0862357699306191,gamma_low,0.025725267533730896,1.1320634019312334,0.605861269736973
45576,0.1936271646991372,0.7378199966065586,0.5798956953175366,5.621743260158993,1.8147806129869855,0.11738839929842701,a1_high,0.19862716469913722,0.7307210240826526,0.6173408872934932
45581,0.07686829920858146,1.015894211232662,0.6675909862667322,4.626702737114144,2.9342651503528265,0.1898018342559552,a1_high,0.08186829920858146,1.0138557827320651,0.786045299265838
45584,0.16591690834611655,0.9210806931182742,0.11188549150712787,7.450463391689656,2.7872074555495496,0.1802894627472801,gamma_low,0.16337131777389474,0.9162019551862047,0.09323790958927325
45585,0.021377575397491456,1.7307704783789815,0.6162562533095479,0.5720934281654907,0.5720934281654892,0.037005647570237755,m_high,0.022547398791638706,1.7678333333333331,0.6963974029624322
45684,0.10585140809416771,0.28595596929080785,0.9941194299049676,0.97865074967984,0.4082503747448787,0.026407521471923486,a1_low,0.10085039043605898,0.3146283931933101,0.9103666277170172
45687,0.19132564403116703,1.745396158453077,0.12139369724318384,3.119684006642224,2.1751853647228563,0.14070104469647668,gamma_low,0.18843092655872806,1.730769843399341,0.1011614143693199
45716,0.10951354578137398,0.5409966597054153,0.8020794456731528,2.342267419165857,1.1263804048785526,0.07285949154602064,a1_high,0.11452176310564875,0.515681889356526,0.8737832102621155
45754,0.06920999940484762,0.9159857817273587,0.46778176217339934,5.525564275318139,3.1447630348031117,0.20341781049820384,gamma_low,0.06569366423234327,0.9137604408753613,0.3898181351444995
45755,0.11842076182365419,1.7271202762890607,0.9419369093514979,2.446647366836218,1.4690869792688974,0.09502733701937228,a1_low,0.11330569659151335,1.6993446344262393,0.8737602074236434
45773,0.0784928509965539,1.4318579815514385,0.2509898579493165,3.139349313658616,2.3119773629611924,0.14954938349573338,gamma_low,0.07627854725692503,1.4117461810378802,0.20915821495776374
45781,0.05620290394872427,1.2419926550239324,0.7189702642615885,2.7984959374820066,2.430166478704769,0.15719440185902714,gamma_high,0.060433625806759594,1.256511534910149,0.8627643171139062
45800,0.1972892099991441,0.46528795981779697,0.636322537465021,4.0650231770190866,0.7327724824742424,0.04739911157966666,a1_low,0.1922892099991441,0.47684988217705226,0.6116600303980914
45810,0.07780133895576001,0.5555255513731391,0.3071837636549026,3.205476480471858,2.014474104750688,0.13030549747585987,a1_high,0.08280360031997276,0.539585579484041,0.35001654477957683
45812,0.1044877912849188,0.8080698500201106,0.5948295535799116,4.075597058628537,2.5576146060424216,0.16543833589418558,a1_high,0.1094877912849188,0.7975491083130767,0.6698603108778032
45856,0.15326841957867146,0.2761133700981736,0.2845070101041347,0.4524860236538528,0.043395975830630235,0.0028070523248351687,a1_high,0.15826846835999037,0.2730526042423878,0.28020431633602727
45864,0.19683501031249762,0.7776572569552809,0.5102121059410274,6.851818741676988,2.263701170226773,0.1464266561816101,a1_low,0.1918350103124976,0.7816998239044392,0.4742436161663576
45913,0.025951112248003484,1.0060594516340642,0.081698339311406,1.483560197077794,0.5654567745955333,0.03657635813784017,gamma_low,0.025669139740182974,1.001383319645624,0.06808194942617167
45916,0.1410282438620925,0.7321146310400218,0.17962053951807322,12.262119293679868,3.486285758910153,0.22550907906260492,gamma_low,0.13697774029794269,0.7308332429204142,0.14968378293172768
45987,0.1417660664767027,1.2201802022568882,0.803004655316472,4.3814661517268565,2.1788392103393783,0.14093739232171454,a1_high,0.1467660664767027,1.2256232417905337,0.8725187220980809
45990,0.02560553550720215,0.5651249822974205,0.9549465866573155,0.6544451563271225,0.4901180309051244,0.031703099924873475,m_high,0.024386935239480257,0.5951249822974205,0.8643264831808691
46103,0.19832336883991958,1.731343089370057,0.7820217979792505,2.6909086940304907,1.5028113723732062,0.09720878666430197,a1_low,0.19332336883991957,1.714240767444212,0.7440016578950811
46105,0.02826533429324627,1.4795535212289541,0.8603430705890059,1.2332219266333417,0.9249054210346249,0.059827158225472465,m_high,0.030400861887102115,1.5095535212289541,1.0
46107,0.11931056883186103,1.8223440831713378,0.7516869380418211,2.2231126822078493,1.3776301876301356,0.08911148895563667,m_high,0.12433590197667926,1.8523440831713378,0.8041365543266232
46149,0.07015256900340319,1.1560116905905307,0.07270936590619384,2.6643607219391403,1.0228085885641873,0.06615998768171456,gamma_low,0.06950474816876422,1.1506323597060912,0.06059113825516152
46156,0.13209578450769185,0.9738992277253419,0.323387467591092,7.887502410243246,4.103527525019839,0.26543512983988954,a1_high,0.13709578450769186,0.9808474749903042,0.3770485357606317
46226,0.08333433773368598,0.5415929748117924,0.5966752770729363,2.419839767959305,1.399508045703342,0.09052664995135878,a1_high,0.08846555020581094,0.5149822775970005,0.6635899879250915
46236,0.14012941159307957,0.29078172869980334,0.5512250355165452,0.4434534325091752,0.17788138719210783,0.011506190422156002,a1_high,0.14512955334317906,0.2805439328093691,0.5613675722950996
46251,0.1089262992143631,1.161494150366634,0.2531374712754041,5.741519356778897,3.4245037046076687,0.22151273018823597,gamma_low,0.10581563358191513,1.1482119836353628,0.21094789272950343
46254,0.024119422957301143,0.576673271432519,0.03915437172167003,2.4054619745438126,0.38792575422290015,0.025092831061220865,gamma_low,0.023872970287732193,0.5767099191157041,0.032628643101391686
46259,0.1319484781473875,1.476890177614987,0.720993721652776,3.183361604126972,2.1800248524443346,0.14101408513397273,a1_high,0.1369484781473875,1.4948057460845505,0.7874663222333524
46296,0.1853146528825164,0.28142583671025934,0.7878584490809589,1.1983873699545808,0.24876937775051972,0.016091553347891457,a1_high,0.19039055494717722,0.2690088548655778,0.8160256955396376
46327,0.19261050652712586,1.4578251244779676,0.9576261873915791,3.5080490014564227,1.6075568955115915,0.10398421131172163,a1_low,0.18761050652712585,1.447961770794173,0.9065598561430486
46328,0.17538871411234142,0.8987610519770532,0.4424931211769581,7.97476676438673,2.892401570003919,0.18709390435473658,a1_high,0.18038871411234142,0.8989184404676699,0.4847066621545487
46345,0.04458042997866869,1.461577450716868,0.14032402162440122,1.632992541792585,0.9457486128493352,0.06117539222460683,gamma_low,0.04384036844627075,1.4483764785747715,0.11693668468700104
46374,0.027079463936388493,0.2749713006336242,0.1245271773636341,0.03467770306784823,0.03467770306784823,0.0022431141402710414,a1_low,0.016422926581288872,0.29191666666666666,0.18682223847710375
46386,0.07835780214518309,0.4984607701562345,0.9262892037909478,2.3490370634662945,0.9249938225834194,0.059832876446305465,m_high,0.07458392191048388,0.5284607701562345,0.8420919109832122
46413,0.08085443079471588,1.4736051949672402,0.39435502505861225,3.787599823314757,2.860606460050382,0.18503724966256416,gamma_low,0.07747270518980166,1.445540713253384,0.32862918754884357
46421,0.05387718193233013,1.1671860032901167,0.9164765265956522,2.9227120397253863,2.1719707446035685,0.14049310820682323,gamma_low,0.04999234962842226,1.1615249342066978,0.7637304388297101
46431,0.15600645430386068,1.0054559937864542,0.2958840292133391,7.954076822550746,4.059747947657041,0.2626032643946653,a1_high,0.16100645430386068,1.0133167059875843,0.34101999664327537
46442,0.05242616329342127,0.7881101787369699,0.6014242088515311,3.2414527614557365,2.3380249851877126,0.15123426411260785,gamma_high,0.05646340293425839,0.7677335941945724,0.7217090506218373
46479,0.17341479565948248,1.7507076168525963,0.5787399160303176,3.051215601885817,1.8359780115391795,0.1187595450267458,a1_high,0.17841479565948248,1.771850390038105,0.617604653729755
46491,0.12118417788296938,1.5272254976443946,0.3908636651653796,4.879121088013003,3.281616648227549,0.2122701348525282,a1_high,0.12618417788296937,1.5551997871254561,0.4517194356389778
46551,0.19584892857819797,1.044878565557301,0.9035321533679962,5.394093007475369,1.8401252895646723,0.11902781014120326,a1_low,0.19084892857819796,1.0469709029258611,0.8500811477742393
46553,0.02761424779891968,1.7929535340890288,0.9818527824152261,0.5905413405765108,0.5905413405765108,0.03819894382479882,m_low,0.025828282439268904,1.7512499999999998,0.8767123872968686
46562,0.09845264367759228,0.7657076584454626,0.21903781297616662,8.957650038735176,3.5452666435087274,0.2293242353314589,gamma_high,0.10231160230258335,0.7663497908119594,0.2628453755713999
46604,0.13524092510342597,0.7395282571204007,0.4381064302753657,5.180363573142463,2.5835534158777085,0.1671161780225842,a1_high,0.14024092510342598,0.7328122217905131,0.48516934023743097
46613,0.05122377593070269,1.7290776227600873,0.38576333441771565,1.5857394380244758,1.270398131040587,0.08217522383000975,m_high,0.05319375155169011,1.7590776227600873,0.4397067143630966
46673,0.024998438358306885,1.7187566785980015,0.14913468579761685,0.5355816176865252,0.5355816176865212,0.034643894884022385,gamma_low,0.024537929297673997,1.7014999999999998,0.12181879120101162
46728,0.1917281871661544,0.8544576082658023,0.7224286199081689,4.63373126156882,1.8522954916217012,0.11981503506987475,a1_high,0.1967281871661544,0.848264736694547,0.7689983434710298
46764,0.1270169720053673,0.5751431216765195,0.6326395748089999,3.1937773610048334,1.3347881182659347,0.08634026586161311,a1_high,0.13202473165428116,0.5577870111727565,0.6813680548390966
46792,0.18883723448961975,0.2507351030036807,0.27736947111785415,0.5369171545192796,0.139153825470638,0.009001112702744101,a1_low,0.16657759953484705,0.2616730488025469,0.2959117781040911
46809,0.027247739396989348,1.7434654554817826,0.5556449915934354,0.7394849897165925,0.7394849897165899,0.047833307578245984,m_high,0.028786439955248124,1.7844166666666665,0.6309573444801934
46859,0.10418555419892073,1.4629623882099987,0.5329710999596864,4.379904076321119,2.9519209377377327,0.19094389220204278,a1_high,0.10918555419892073,1.4892465936927308,0.610868804165649
46907,0.11583021394908428,1.0222503594774752,0.4409274386614561,7.389894069286127,3.6712972554550625,0.23747647791830845,a1_high,0.12083021394908429,1.0285985255257648,0.5085218599846489
46930,0.08520024083554745,0.5720968259405345,0.4652502020262182,2.9294545310727127,1.7646964953799988,0.11414872704598794,a1_high,0.09027349293317603,0.551775047126971,0.5205124090362887
46990,0.01419642772525549,0.28970040774904193,0.8421306402049958,0.2104070795833226,0.2104070795833226,0.013610102563686643,m_high,0.012306816604286756,0.35824999999999996,0.6963974029624322
46996,0.11033222079277039,0.7506329660862684,0.23431018512696028,8.868891632221537,3.5216850200854792,0.22779886691683976,gamma_low,0.10646220114387403,0.7498813486557895,0.19525848760580022
47004,0.13976347465068104,0.2566900641936809,0.9908480771165341,1.1492099999059107,0.2886970803907188,0.018674261729860576,a1_low,0.13476089058303445,0.277268049540738,0.9267772048130273
47010,0.09534431416541339,0.5624603283777833,0.04758000294677913,6.117586525469171,1.0689212582240262,0.06914276832197945,gamma_low,0.09407866005785986,0.5628067458820197,0.03965000245564927
47021,0.08515528645366431,1.121723619233817,0.5800988167431206,4.599179164838918,3.339873081849907,0.21603843028329536,a1_high,0.09017426191878185,1.1302778505092659,0.6846643403501153
47024,0.17091136481612923,0.9687617378868163,0.1462097337655723,6.592906759432525,3.3975853817882586,0.21977152863199498,gamma_low,0.16766146506812316,0.9622545765516631,0.12184144480464358
47075,0.13893923275172712,1.2314644156862051,0.4516119383927435,5.47892324509244,3.445261153505851,0.22285541793916247,a1_high,0.14393923275172713,1.2451075264829907,0.509946160122073
47078,0.028430366516113283,0.522252642577514,0.30159600713290274,1.4488623992630827,1.2649220447921294,0.0818210052569622,gamma_low,0.026065707016526617,0.5420209094782391,0.251234557553764
47082,0.05080916956067086,0.924863095227629,0.20746004753746092,3.6964288843988817,1.9704086063421025,0.1274551373356569,gamma_low,0.049458453642754634,0.9183371790269209,0.17288337294788408
47084,0.13057356402277948,0.6724402491282672,0.9107683049421758,3.5046451370230858,1.539520595401033,0.09958330890676348,a1_low,0.12553281561339943,0.6916619975914508,0.837120799945778
47117,0.07700317353010178,1.1734539848286658,0.7788613315671682,3.715423984047596,2.56382197886932,0.16583985746367094,a1_high,0.08200902249893756,1.1795618574335611,0.9065141225560487
47142,0.027808194048702717,0.9559241172391921,0.27765002934262156,2.7133426887994236,1.3529119985467435,0.08751260222007727,gamma_low,0.026880433026434787,0.9483438937097273,0.23137502445218466
47147,0.10778694711625576,1.7945858710072935,0.7360935157816857,2.171396839309387,1.3827461718762175,0.08944241446651428,m_high,0.11240671723441177,1.8245858710072935,0.7922737631369112
47185,0.024578887037932873,1.469792546480894,0.06034641915000975,0.6553413759878446,0.6553413759878446,0.04239050966861601,gamma_high,0.02505412668027434,1.4859166666666666,0.08483428982440726
47186,0.0851042689755559,0.5661077393498272,0.9369228021521121,2.54799789601397,1.220995744963216,0.07897964912437062,m_high,0.08080955332005924,0.5961077393498272,0.8435020446647401
47191,0.19481654297560455,1.2172456383425743,0.8410626279097051,5.221924576867866,1.8819851211175302,0.12173549755296373,a1_high,0.19981654297560456,1.220707432138601,0.8926912233973405
47221,0.05667600110173226,1.2526355952210724,0.08826490095816553,1.9723182654296878,0.9458341888024256,0.0611809276728477,gamma_low,0.05606266758786206,1.2455145228361075,0.0735540841318046
47248,0.16750518865883351,0.2911895803362131,0.13282114196568728,0.25278293645635197,0.03577863160989889,0.002314327287672129,a1_low,0.1522408846626938,0.29400149446570345,0.14383022984489463
47259,0.1204497316852212,1.1961703613214194,0.23751380710862577,5.776893385426441,3.886773798646937,0.2514144968229846,gamma_high,0.12433308637779286,1.2115846482545303,0.2850165685303509
47266,0.09681073985993863,0.5761475182324648,0.5813688136264682,2.574438799087149,1.5959402493581611,0.10323279293783734,a1_high,0.10206234597380383,0.5539120677945782,0.6432134287921186
47270,0.026061593554913998,0.48013108391314746,0.18193659934215248,1.9471834138746593,1.226215309084894,0.07931727466042414,gamma_high,0.030022497747893458,0.45471118453975545,0.218323919210583
47282,0.08105147052556277,0.26442240591160954,0.8650233928859233,0.9341052534499626,0.3361259075175908,0.02174217751934077,a1_low,0.07604113431381321,0.2952404409556125,0.7909473484959727
47295,0.1607952382415533,1.4754799254611135,0.14892954424954952,4.2494378198582075,2.671860721600044,0.17282830277800557,gamma_low,0.15800951713734582,1.4616356217750173,0.12410795354129124
47321,0.026885860413312913,1.4938936084136367,0.6438280660565943,1.2407296662172562,1.186947335283881,0.0767772405895254,gamma_high,0.02888748496982545,1.5303716983480533,0.7725936792679131
47379,0.12996485345065595,1.894315276062116,0.13665737945586443,2.309666979759976,1.6350946925320047,0.10576548332294876,gamma_low,0.12756758171339566,1.8760186930976168,0.11388114954655369
47414,0.04894354306161404,0.9904187424387783,0.7501465978752822,2.9417895077817393,2.146805549354132,0.1388653070460529,gamma_high,0.05274934623537195,0.9803293303381021,0.9001759174503385
47423,0.16131415888667108,1.180304642803967,0.9936336867976934,4.585051410779978,1.8350647401886193,0.11870047041397985,a1_low,0.15631415888667108,1.1789803729674668,0.9260062411273696
47476,0.10537361335009338,0.6973688126448542,0.15826563942246138,10.726971394962911,3.1222984098725255,0.20196469470967854,gamma_high,0.10886630186213682,0.697215584420805,0.18991876730695367
47488,0.15885610822588206,0.28681702544912696,0.8978114753682166,1.2462965676111468,0.31382330462556884,0.020299542065254784,a1_low,0.15385610822588205,0.3038830457531081,0.8531655123899929
47506,0.08406878244131805,0.2576337011158466,0.8109329215064645,0.7837004560013926,0.23650332953455777,0.015298128646588773,a1_high,0.08907435796217023,0.2312630743681492,0.8807469824466472
47530,0.054196265153586866,0.8180090318992734,0.8798119415529072,2.7871863964922015,2.101226126031951,0.13591701924396438,gamma_low,0.05014406660873701,0.8416207088063029,0.7331766179607561
47592,0.19773572199046613,0.5192453094385564,0.4812094130553305,3.8620084779975064,1.0133391008463404,0.06554745744118894,a1_low,0.19270687483361237,0.5283152922679831,0.4603750449770099
47595,0.11133727282285691,1.4850720727909357,0.6110701996646821,3.663005931313028,2.5850864336468367,0.16721534069862676,a1_high,0.11633727282285691,1.508934329503075,0.6855867592007666
47603,0.13518952988088132,1.1708934399764985,0.0811926079634577,4.567023170314719,1.748005837664519,0.11306909814845784,gamma_low,0.13380882423538282,1.1648629394411676,0.06766050663621474
47670,0.04931021872907877,0.5521069008670747,0.7880617613624782,1.3507900494441216,0.7880034907048409,0.05097170851035401,m_low,0.051992313052554744,0.5221069008670747,0.8726356166127919
47691,0.10055392514914274,1.1530030489992351,0.14355715712532402,3.6316192828860396,2.282054832390043,0.14761385589445267,gamma_low,0.09881243189886844,1.1438156773586912,0.11963096427110337
47712,0.15136056654155255,0.9976609186362475,0.634275314360857,6.5520553476017165,2.548989750144133,0.1648804403442583,a1_high,0.15636056654155256,0.9972374255235719,0.6926088406758623
47762,0.08292085602879525,0.2935470982361585,0.7265482803061605,0.7150795920208727,0.31069585843628833,0.02009724438837617,a1_high,0.08793448972743767,0.2682417432493035,0.7794335393518874
47772,0.1404934460297227,0.5387702668923885,0.6482480147574097,2.902533913332439,1.1061043613382346,0.07154794331905034,a1_high,0.1454934460297227,0.5223859266441472,0.6904744059444943
47773,0.09752886854112149,1.8478123832773417,0.14763022378087046,2.0993668988307643,1.4250695840670788,0.0921800884169514,gamma_low,0.09567233509429061,1.8291544434299187,0.1230251864840587
47776,0.15596133768558504,0.5736077325511724,0.21580644588917494,5.40981961470646,1.957340463069339,0.12660982941820711,a1_high,0.16096133768558504,0.5681489694528687,0.23702098900026888
47782,0.026202668249607087,0.8186217804998159,0.9336161880381405,1.6595676140363398,1.0817515217616904,0.06997268907850795,gamma_low,0.02420754742929515,0.8447241192029296,0.7780134900317838
47786,0.0538303516805172,0.7276814647857099,0.5929466122575104,3.28792002783057,2.2886548002426563,0.14804077232506413,gamma_high,0.05819796945911502,0.7018875566583416,0.7115359347090126
47795,0.13158454764634372,1.7254903449956327,0.6022368872538209,3.240065390835267,1.9484363117613155,0.12603386775006947,a1_high,0.13658454764634373,1.7524358505457667,0.6549560383954367
47829,0.056118877790868285,1.7419303035829217,0.10737618995830416,1.3069087151826708,0.7412783646102729,0.04794931135666684,gamma_low,0.05535878810090859,1.7287472933016261,0.08948015829858678
47866,0.07220596354454756,0.5572807382512838,0.15308991781435907,4.3903426713455,2.3151455586599634,0.14975431703926,gamma_high,0.07611849420011975,0.549778215289211,0.1837079013772309
47910,0.026660459116101265,0.5234423463791609,0.20873413814231753,1.6977624615633022,1.1410420956091625,0.07380787747959201,gamma_low,0.02487591069404556,0.5353201889080903,0.17394511511859795
47949,0.08122289460152388,1.7226871026214212,0.3101487170625478,2.5683716725759855,1.8959431820045467,0.12263836945555694,m_high,0.08414467728350321,1.7526871026214212,0.355380029318576
47953,0.024066679924726487,1.008160040276125,0.4869176734331995,1.7852181386750878,1.3022547211182554,0.08423585534081732,gamma_low,0.022862634971624995,1.0011624528008374,0.4057647278609996
47961,0.025836765207350256,1.5069708296656608,0.7406598270125687,1.1164667261589183,1.0940488234278538,0.07076813539744609,gamma_low,0.02406088329765395,1.470001143463602,0.617216522510474
