state_1,state_2,a1_1,a1_2,gamma_1,gamma_2,reference_noise_level,max_abs_g_difference,rms_g_difference,l2_g_difference,relative_l2_difference,mean_rms_g,sigma_reference,snr_sep,snr_sep_rms
0,1,0.05,0.05,0.01,0.03162277660168379,0.002,8.138269186019897e-05,2.1005793181333117e-05,0.00021005793181333118,0.0013102718578521559,0.01603162966177611,3.206325932355222e-05,6.55135928926078,0.655135928926078
0,2,0.05,0.05,0.01,0.1,0.002,0.0003377273678779602,8.70887382009619e-05,0.000870887382009619,0.005443445811263267,0.015998825233230547,3.1997650466461095e-05,27.21722905631634,2.721722905631634
0,3,0.05,0.05,0.01,0.31622776601683794,0.002,0.0011068210005760193,0.00028477719535397226,0.0028477719535397227,0.01790970130979827,0.015900722766279345,3.180144553255869e-05,89.54850654899133,8.954850654899131
0,4,0.05,0.05,0.01,1.0,0.002,0.0027795135974884033,0.0007132301352362946,0.007132301352362947,0.045462744106762494,0.01568823328308955,3.13764665661791e-05,227.31372053381244,22.731372053381243
0,5,0.05,0.065,0.01,0.01,0.002,0.0021857954561710358,0.0005867905974339724,0.005867905974339724,0.03592373605376263,0.01633434218968192,3.266868437936384e-05,179.61868026881314,17.961868026881316
0,6,0.05,0.065,0.01,0.03162277660168379,0.002,0.0020799972116947174,0.0005594958759151249,0.0055949587591512485,0.034281197798977696,0.01632077966458365,3.26415593291673e-05,171.40598899488845,17.140598899488843
0,7,0.05,0.065,0.01,0.1,0.002,0.0017467513680458069,0.00047364087099059237,0.004736408709905923,0.02909678234314887,0.01627811850137842,3.255623700275684e-05,145.48391171574428,14.548391171574428
0,8,0.05,0.065,0.01,0.31622776601683794,0.002,0.0007469281554222107,0.00021709163230513543,0.0021709163230513545,0.013441755416637134,0.016150541769004125,3.230108353800825e-05,67.20877708318565,6.720877708318565
0,9,0.05,0.065,0.01,1.0,0.002,0.0014275722205638885,0.00034131588663595836,0.0034131588663595834,0.021501259126997053,0.01587422785893506,3.174845571787012e-05,107.50629563498526,10.750629563498528
0,10,0.05,0.08000000000000002,0.01,0.01,0.002,0.0043715909123420715,0.0011735811384161322,0.011735811384161321,0.07058412261156764,0.016626701515785366,3.325340303157073e-05,352.9206130578383,35.29206130578383
0,11,0.05,0.08000000000000002,0.01,0.03162277660168379,0.002,0.004241377115249634,0.001139987325988425,0.01139987325988425,0.06863257544620653,0.016610003610922845,3.322000722184569e-05,343.1628772310326,34.31628772310326
0,12,0.05,0.08000000000000002,0.01,0.1,0.002,0.003831230103969574,0.0010343133110112372,0.010343133110112373,0.062468037696309965,0.016557480419660035,3.311496083932007e-05,312.3401884815499,31.23401884815498
0,13,0.05,0.08000000000000002,0.01,0.31622776601683794,0.002,0.0026006773114204407,0.000718317722760281,0.00718317722760281,0.043798756404964126,0.016400413658294356,3.2800827316588715e-05,218.99378202482058,21.89937820248206
0,14,0.05,0.08000000000000002,0.01,1.0,0.002,7.928349077701569e-05,5.0725747899891554e-05,0.0005072574789989155,0.0031584663966647566,0.016060246185761667,3.212049237152333e-05,15.792331983323784,1.5792331983323784
0,15,0.05,0.09500000000000001,0.01,0.01,0.002,0.006557390093803406,0.001760371762568825,0.01760371762568825,0.10404623995019256,0.016919129066187526,3.383825813237505e-05,520.2311997509629,52.02311997509629
0,16,0.05,0.09500000000000001,0.01,0.03162277660168379,0.002,0.00640275701880455,0.001720478895461461,0.01720478895461461,0.10180773643712245,0.01689929425475487,3.379858850950974e-05,509.0386821856122,50.903868218561215
0,17,0.05,0.09500000000000001,0.01,0.1,0.002,0.005915708839893341,0.0015949886203164342,0.015949886203164343,0.09473170369937586,0.016836904204510186,3.367380840902037e-05,473.65851849687925,47.36585184968792
0,18,0.05,0.09500000000000001,0.01,0.31622776601683794,0.002,0.004454426467418671,0.001219693493098419,0.012196934930984192,0.07325339621388924,0.0166503337201881,3.33006674403762e-05,366.2669810694462,36.626698106944616
0,19,0.05,0.09500000000000001,0.01,1.0,0.002,0.0012763142585754395,0.0004085670420387044,0.004085670420387044,0.025148334005934986,0.016246286610567644,3.2492573221135285e-05,125.7416700296749,12.57416700296749
0,20,0.05,0.11000000000000001,0.01,0.01,0.002,0.008743185549974442,0.0023471623466600634,0.023471623466600634,0.13637081111330387,0.01721161828912142,3.442323657824284e-05,681.8540555665193,68.18540555665193
0,21,0.05,0.11000000000000001,0.01,0.03162277660168379,0.002,0.008564140647649765,0.0023009706838589316,0.023009706838589314,0.1338657371935955,0.017188645370333162,3.4377290740666324e-05,669.3286859679775,66.93286859679776
0,22,0.05,0.11000000000000001,0.01,0.1,0.002,0.008000187575817108,0.002155664741515362,0.02155664741515362,0.12594159489412426,0.017116384331384495,3.423276866276899e-05,629.7079744706214,62.97079744706213
0,23,0.05,0.11000000000000001,0.01,0.31622776601683794,0.002,0.006308175623416901,0.0017210884033702638,0.017210884033702637,0.10183775417409896,0.016900298099935897,3.3800596199871795e-05,509.1887708704948,50.91887708704948
0,24,0.05,0.11000000000000001,0.01,1.0,0.002,0.0026282556354999542,0.0007807420751807279,0.0078074207518072794,0.04751250959406022,0.016432347645941495,3.286469529188299e-05,237.56254797030104,23.756254797030103
0,25,0.05,0.125,0.01,0.01,0.002,0.010928977280855179,0.00293395271684851,0.029339527168485098,0.16761456405779804,0.017504163396187957,3.5008326792375916e-05,838.0728202889901,83.80728202889901
0,26,0.05,0.125,0.01,0.03162277660168379,0.002,0.01072552427649498,0.0028814624033966754,0.028814624033966754,0.16486176616927004,0.017478051281084574,3.495610256216915e-05,824.3088308463501,82.43088308463501
0,27,0.05,0.125,0.01,0.1,0.002,0.010084662586450577,0.0027163410761390726,0.027163410761390727,0.15614820884354422,0.0173959156896943,3.47918313793886e-05,780.7410442177211,78.0741044217721
0,28,0.05,0.125,0.01,0.31622776601683794,0.002,0.00816192477941513,0.002222489421896378,0.02222489421896378,0.1295889299727188,0.017150303057246158,3.4300606114492317e-05,647.9446498635941,64.79446498635942
0,29,0.05,0.125,0.01,1.0,0.002,0.003980197012424469,0.0011534587342359795,0.011534587342359794,0.06940841385421774,0.016618428086523508,3.3236856173047015e-05,347.0420692710887,34.70420692710887
0,30,0.05,0.14,0.01,0.01,0.002,0.013114776462316513,0.0035207432939133206,0.035207432939133206,0.19783058173615675,0.017796759545543245,3.559351909108649e-05,989.1529086807836,98.91529086807837
0,31,0.05,0.14,0.01,0.03162277660168379,0.002,0.012886900454759598,0.0034619540038513205,0.034619540038513204,0.19484748113782474,0.01776750709649933,3.553501419299866e-05,974.2374056891236,97.42374056891236
0,32,0.05,0.14,0.01,0.1,0.002,0.012169141322374344,0.0032770176167539575,0.03277017616753958,0.18539892793987411,0.01767549388320472,3.535098776640944e-05,926.9946396993705,92.69946396993704
0,33,0.05,0.14,0.01,0.31622776601683794,0.002,0.01001567393541336,0.0027238931714513794,0.027238931714513793,0.15654247766721488,0.017400345337844694,3.480069067568939e-05,782.7123883360742,78.27123883360743
0,34,0.05,0.14,0.01,1.0,0.002,0.005332142114639282,0.0015263200968945012,0.015263200968945012,0.09082791437561474,0.016804526531155096,3.360905306231019e-05,454.1395718780737,45.41395718780737
0,35,0.05,0.15500000000000003,0.01,0.01,0.002,0.015300575643777847,0.0041075340902903615,0.041075340902903615,0.22706853546922173,0.01808940231107943,3.6178804622158864e-05,1135.3426773461088,113.53426773461086
0,36,0.05,0.15500000000000003,0.01,0.03162277660168379,0.002,0.015048284083604813,0.004042445782385978,0.040424457823859776,0.22387128828672576,0.018057008620098566,3.611401724019713e-05,1119.3564414336288,111.93564414336286
0,37,0.05,0.15500000000000003,0.01,0.1,0.002,0.014253620058298111,0.0038376942090084932,0.03837694209008494,0.2137382149046057,0.01795511490877431,3.5910229817548625e-05,1068.6910745230284,106.86910745230284
0,38,0.05,0.15500000000000003,0.01,0.31622776601683794,0.002,0.011869419366121292,0.0032252981574995647,0.03225298157499565,0.1827320711653425,0.017650421937051214,3.530084387410243e-05,913.6603558267125,91.36603558267124
0,39,0.05,0.15500000000000003,0.01,1.0,0.002,0.006684083491563797,0.0018992409035328713,0.018992409035328714,0.1117815864202714,0.016990641878995974,3.398128375799195e-05,558.9079321013571,55.89079321013571
0,40,0.05,0.17000000000000004,0.01,0.01,0.002,0.017486367374658585,0.004694324477021592,0.046943244770215914,0.25537493985104887,0.018382087450552604,3.676417490110521e-05,1276.8746992552442,127.68746992552444
0,41,0.05,0.17000000000000004,0.01,0.03162277660168379,0.002,0.01720966026186943,0.004622937185095109,0.04622937185095109,0.2519785322219048,0.01834655176506831,3.669310353013662e-05,1259.892661109524,125.98926611095239
0,42,0.05,0.17000000000000004,0.01,0.1,0.002,0.016338098794221878,0.00439837090984197,0.0439837090984197,0.24120784805972978,0.018234775299486986,3.646955059897397e-05,1206.0392402986488,120.60392402986488
0,43,0.05,0.17000000000000004,0.01,0.31622776601683794,0.002,0.013723175972700119,0.0037267044620846543,0.03726704462084654,0.20818960929616592,0.017900530553295418,3.5801061106590835e-05,1040.9480464808296,104.09480464808298
0,44,0.05,0.17000000000000004,0.01,1.0,0.002,0.008036024868488312,0.002272192041826005,0.02272192041826005,0.1322828225729918,0.017176773201768067,3.4353546403536133e-05,661.414112864959,66.14141128649588
0,45,0.05,0.18500000000000005,0.01,0.01,0.002,0.01967216655611992,0.005281115270999764,0.05281115270999764,0.28279349285446764,0.018674811848367223,3.734962369673445e-05,1413.967464272338,141.3967464272338
0,46,0.05,0.18500000000000005,0.01,0.03162277660168379,0.002,0.019371043890714645,0.005203428880584604,0.052034288805846034,0.2792118281819137,0.018636133413353947,3.7272266826707896e-05,1396.0591409095684,139.60591409095687
0,47,0.05,0.18500000000000005,0.01,0.1,0.002,0.018422577530145645,0.004959047634401753,0.04959047634401753,0.2678471019545618,0.0185144718692645,3.7028943738529e-05,1339.2355097728084,133.92355097728083
0,48,0.05,0.18500000000000005,0.01,0.31622776601683794,0.002,0.015576925128698349,0.004228111050960488,0.042281110509604876,0.23294519721802617,0.01815066848964981,3.630133697929962e-05,1164.7259860901308,116.47259860901309
0,49,0.05,0.18500000000000005,0.01,1.0,0.002,0.009387966245412827,0.0026451605158954866,0.026451605158954866,0.15234537749079238,0.017362919436497887,3.472583887299578e-05,761.7268874539618,76.17268874539619
0,50,0.05,0.2,0.01,0.01,0.002,0.021857958287000656,0.005867905722615184,0.05867905722615184,0.3093651479540557,0.01896757201456525,3.79351440291305e-05,1546.8257397702782,154.68257397702783
0,51,0.05,0.2,0.01,0.03162277660168379,0.002,0.02153242751955986,0.00578392064657197,0.057839206465719696,0.3056111658672381,0.01892575040626817,3.785150081253634e-05,1528.0558293361903,152.80558293361904
0,52,0.05,0.2,0.01,0.1,0.002,0.020507056266069412,0.005519724223066135,0.05519724223066135,0.293692932745015,0.018794201724487446,3.758840344897489e-05,1468.4646637250746,146.84646637250748
0,53,0.05,0.2,0.01,0.31622776601683794,0.002,0.01743067428469658,0.004729518082945617,0.04729518082945617,0.2570273791550678,0.018400833788575655,3.680166757715131e-05,1285.1368957753389,128.51368957753388
0,54,0.05,0.2,0.01,1.0,0.002,0.01073991134762764,0.0030181400285559505,0.030181400285559504,0.17198280852807932,0.01754907978528089,3.509815957056178e-05,859.9140426403965,85.99140426403964
1,2,0.05,0.05,0.03162277660168379,0.1,0.002,0.00025634467601776123,6.608294939753111e-05,0.0006608294939753111,0.0041331818241355945,0.015988396399994224,3.1976792799988446e-05,20.665909120677977,2.066590912067798
1,3,0.05,0.05,0.03162277660168379,0.31622776601683794,0.002,0.0010254383087158203,0.00026377144445431595,0.00263771444454316,0.016599532114746938,0.015890293933043018,3.1780587866086035e-05,82.99766057373469,8.299766057373468
1,4,0.05,0.05,0.03162277660168379,1.0,0.002,0.0026981309056282043,0.0006922244908870653,0.0069222449088706525,0.044153152509409294,0.015677804449853224,3.135560889970645e-05,220.76576254704653,22.076576254704655
1,5,0.05,0.065,0.03162277660168379,0.01,0.002,0.0022671781480312347,0.0006077872056377324,0.006077872056377323,0.03723293504236494,0.016323913356445598,3.264782671289119e-05,186.1646752118247,18.61646752118247
1,6,0.05,0.065,0.03162277660168379,0.03162277660168379,0.002,0.0021613799035549164,0.0005804915827809148,0.005804915827809148,0.035590379923971446,0.016310350831347326,3.262070166269465e-05,177.95189961985722,17.795189961985724
1,7,0.05,0.065,0.03162277660168379,0.1,0.002,0.0018281340599060059,0.0004946325842703395,0.004946325842703395,0.030405828630909133,0.016267689668142092,3.2535379336284185e-05,152.02914315454564,15.202914315454565
1,8,0.05,0.065,0.03162277660168379,0.31622776601683794,0.002,0.0008283108472824097,0.00023802890869115224,0.002380289086911522,0.014747660666218812,0.0161401129357678,3.22802258715356e-05,73.73830333109404,7.373830333109406
1,9,0.05,0.065,0.03162277660168379,1.0,0.002,0.0013461895287036896,0.0003203525795751609,0.0032035257957516087,0.020193938353366823,0.015863799025698733,3.172759805139746e-05,100.96969176683412,10.096969176683412
1,10,0.05,0.08000000000000002,0.03162277660168379,0.01,0.002,0.0044529736042022705,0.0011945775850607627,0.011945775850607628,0.07189203065470558,0.01661627268254904,3.323254536509808e-05,359.46015327352796,35.9460153273528
1,11,0.05,0.08000000000000002,0.03162277660168379,0.03162277660168379,0.002,0.004322759807109833,0.001160983218705298,0.01160983218705298,0.06994053969779486,0.016599574777686518,3.3199149555373035e-05,349.70269848897425,34.97026984889742
1,12,0.05,0.08000000000000002,0.03162277660168379,0.1,0.002,0.003912612795829773,0.0010553070482985248,0.010553070482985248,0.06377613817100614,0.01654705158642371,3.309410317284742e-05,318.8806908550307,31.888069085503066
1,13,0.05,0.08000000000000002,0.03162277660168379,0.31622776601683794,0.002,0.0026820600032806396,0.0007392976374490375,0.007392976374490375,0.045106670039056614,0.016389984825058032,3.2779969650116066e-05,225.53335019528302,22.5533350195283
1,14,0.05,0.08000000000000002,0.03162277660168379,1.0,0.002,0.00011207908391952515,6.598535056785561e-05,0.0006598535056785562,0.004111283581521457,0.016049817352525343,3.209963470505069e-05,20.556417907607283,2.055641790760728
1,15,0.05,0.09500000000000001,0.03162277660168379,0.01,0.002,0.006638772785663605,0.0017813681542051913,0.01781368154205191,0.10535216365913867,0.016908700232951202,3.381740046590241e-05,526.7608182956933,52.676081829569334
1,16,0.05,0.09500000000000001,0.03162277660168379,0.03162277660168379,0.002,0.006484139710664749,0.0017414748485754844,0.017414748485754847,0.10311378562805208,0.016888865421518545,3.377773084303709e-05,515.5689281402604,51.556892814026035
1,17,0.05,0.09500000000000001,0.03162277660168379,0.1,0.002,0.00599709153175354,0.0016159829363877254,0.016159829363877252,0.09603811260120046,0.01682647537127386,3.365295074254772e-05,480.19056300600226,48.019056300600234
1,18,0.05,0.09500000000000001,0.03162277660168379,0.31622776601683794,0.002,0.00453580915927887,0.0012406790537224331,0.012406790537224332,0.07456046546848444,0.016639904886951773,3.327980977390355e-05,372.8023273424222,37.28023273424222
1,19,0.05,0.09500000000000001,0.03162277660168379,1.0,0.002,0.0013576969504356384,0.0004293713028509071,0.004293713028509071,0.026445864994604724,0.016235857777331317,3.2471715554662636e-05,132.2293249730236,13.222932497302361
1,20,0.05,0.11000000000000001,0.03162277660168379,0.01,0.002,0.00882456824183464,0.0023681587105093033,0.023681587105093032,0.13767412518667874,0.017201189455885092,3.4402378911770186e-05,688.3706259333939,68.83706259333938
1,21,0.05,0.11000000000000001,0.03162277660168379,0.03162277660168379,0.002,0.008645523339509964,0.0023219666669255477,0.023219666669255477,0.13516925123811288,0.01717821653709684,3.435643307419368e-05,675.8462561905642,67.58462561905642
1,22,0.05,0.11000000000000001,0.03162277660168379,0.1,0.002,0.008081570267677307,0.0021766593315815127,0.021766593315815125,0.12724570292592832,0.01710595549814817,3.4211910996296345e-05,636.2285146296416,63.622851462964164
1,23,0.05,0.11000000000000001,0.03162277660168379,0.31622776601683794,0.002,0.0063895583152771,0.0017420761324025756,0.017420761324025757,0.10314325735115606,0.016889869266699574,3.3779738533399146e-05,515.7162867557804,51.57162867557803
1,24,0.05,0.11000000000000001,0.03162277660168379,1.0,0.002,0.002709638327360153,0.0008016499210059195,0.008016499210059196,0.04881584972796882,0.016421918812705168,3.2843837625410334e-05,244.07924863984408,24.40792486398441
1,25,0.05,0.125,0.03162277660168379,0.01,0.002,0.011010359972715378,0.00295494906387749,0.0295494906387749,0.16891470790550944,0.017493734562951634,3.498746912590327e-05,844.5735395275472,84.45735395275472
1,26,0.05,0.125,0.03162277660168379,0.03162277660168379,0.002,0.010806906968355179,0.002902458404373176,0.02902458404373176,0.16616219024877746,0.017467622447848247,3.493524489569649e-05,830.8109512438873,83.08109512438872
1,27,0.05,0.125,0.03162277660168379,0.1,0.002,0.010166045278310776,0.0027373358259089563,0.027373358259089563,0.1574494777459828,0.017385486856457973,3.477097371291595e-05,787.247388729914,78.7247388729914
1,28,0.05,0.125,0.03162277660168379,0.31622776601683794,0.002,0.00824330747127533,0.0022434782928996786,0.022434782928996786,0.13089234282460344,0.017139874224009834,3.427974844801967e-05,654.461714123017,65.44617141230171
1,29,0.05,0.125,0.03162277660168379,1.0,0.002,0.004061579704284668,0.0011743948175895794,0.011743948175895795,0.07071260057752798,0.01660799925328718,3.3215998506574366e-05,353.5630028876399,35.35630028876399
1,30,0.05,0.14,0.03162277660168379,0.01,0.002,0.013196159154176712,0.003541739629760418,0.03541739629760418,0.19912705363730682,0.017786330712306918,3.5572661424613834e-05,995.6352681865344,99.56352681865344
1,31,0.05,0.14,0.03162277660168379,0.03162277660168379,0.002,0.012968283146619797,0.003482950016669753,0.03482950016669753,0.19614431862225362,0.017757078263263004,3.5514156526526006e-05,980.7215931112682,98.07215931112682
1,32,0.05,0.14,0.03162277660168379,0.1,0.002,0.012250524014234543,0.0032980124711272786,0.03298012471127279,0.18669687667712148,0.017665065049968398,3.5330130099936794e-05,933.4843833856075,93.34843833856074
1,33,0.05,0.14,0.03162277660168379,0.31622776601683794,0.002,0.01009705662727356,0.0027448827463445067,0.02744882746344507,0.15784335396993465,0.017389916504608367,3.4779833009216734e-05,789.2167698496731,78.9216769849673
1,34,0.05,0.14,0.03162277660168379,1.0,0.002,0.005413524806499481,0.001547268851014256,0.01547268851014256,0.09213170477184988,0.016794097697918772,3.358819539583754e-05,460.65852385924944,46.06585238592495
1,35,0.05,0.15500000000000003,0.03162277660168379,0.01,0.002,0.015381958335638046,0.004128530418152252,0.041285304181522514,0.2283608869282329,0.018078973477843107,3.6157946955686214e-05,1141.8044346411646,114.18044346411645
1,36,0.05,0.15500000000000003,0.03162277660168379,0.03162277660168379,0.002,0.015129666775465012,0.00406344180369358,0.04063441803693579,0.2251640948969029,0.018046579786862242,3.609315957372448e-05,1125.8204744845145,112.58204744845146
1,37,0.05,0.15500000000000003,0.03162277660168379,0.1,0.002,0.01433500275015831,0.0038586891372234724,0.03858689137223473,0.21503241243565685,0.017944686075537987,3.5889372151075976e-05,1075.162062178284,107.5162062178284
1,38,0.05,0.15500000000000003,0.03162277660168379,0.31622776601683794,0.002,0.011950802057981491,0.0032462882093457057,0.03246288209345705,0.1840300157851905,0.017639993103814887,3.5279986207629774e-05,920.1500789259526,92.01500789259526
1,39,0.05,0.15500000000000003,0.03162277660168379,1.0,0.002,0.006765466183423996,0.0019201967576330168,0.019201967576330168,0.11308437370357576,0.01698021304575965,3.39604260915193e-05,565.4218685178788,56.54218685178788
1,40,0.05,0.17000000000000004,0.03162277660168379,0.01,0.002,0.017567750066518784,0.004715320798854415,0.04715320798854415,0.25666277047027053,0.01837165861731628,3.674331723463256e-05,1283.3138523513524,128.33138523513523
1,41,0.05,0.17000000000000004,0.03162277660168379,0.03162277660168379,0.002,0.01729104295372963,0.004643933212696533,0.046439332126965334,0.2532669108928445,0.018336122931831983,3.6672245863663966e-05,1266.3345544642225,126.63345544642225
1,42,0.05,0.17000000000000004,0.03162277660168379,0.1,0.002,0.016419481486082077,0.004419365892931439,0.04419365892931439,0.2424979080108899,0.01822434646625066,3.6448692932501316e-05,1212.4895400544497,121.24895400544496
1,43,0.05,0.17000000000000004,0.03162277660168379,0.31622776601683794,0.002,0.013804558664560318,0.0037476948584810746,0.037476948584810744,0.20948426773219572,0.017890101720059094,3.578020344011819e-05,1047.4213386609786,104.74213386609786
1,44,0.05,0.17000000000000004,0.03162277660168379,1.0,0.002,0.00811740756034851,0.0022931524102406124,0.022931524102406124,0.1335842017968761,0.01716634436853174,3.433268873706348e-05,667.9210089843808,66.79210089843808
1,45,0.05,0.18500000000000005,0.03162277660168379,0.01,0.002,0.019753549247980118,0.005302111588159264,0.05302111588159264,0.2840764457020054,0.018664383015130896,3.732876603026179e-05,1420.382228510027,142.03822285100273
1,46,0.05,0.18500000000000005,0.03162277660168379,0.03162277660168379,0.002,0.019452426582574844,0.005224424913132583,0.052244249131325825,0.28049542451722864,0.01862570458011762,3.725140916023524e-05,1402.4771225861434,140.24771225861434
1,47,0.05,0.18500000000000005,0.03162277660168379,0.1,0.002,0.018503960222005844,0.004980042659894644,0.049800426598946436,0.2691326782043408,0.01850404303602817,3.7008086072056345e-05,1345.663391021704,134.56633910217042
1,48,0.05,0.18500000000000005,0.03162277660168379,0.31622776601683794,0.002,0.015658307820558548,0.004249101707785958,0.04249101707785958,0.2342362498107178,0.01814023965641348,3.628047931282696e-05,1171.181249053589,117.11812490535891
1,49,0.05,0.18500000000000005,0.03162277660168379,1.0,0.002,0.009469348937273026,0.0026661239985539724,0.026661239985539726,0.1536450334139844,0.017352490603261564,3.470498120652313e-05,768.2251670699218,76.82251670699218
1,50,0.05,0.2,0.03162277660168379,0.01,0.002,0.021939340978860855,0.005888902035995345,0.058889020359953456,0.3106429054033512,0.018957143181328927,3.791428636265785e-05,1553.214527016756,155.32145270167558
1,51,0.05,0.2,0.03162277660168379,0.03162277660168379,0.002,0.02161381021142006,0.005804916683097966,0.05804916683097966,0.3068896640580625,0.018915321573031843,3.7830643146063684e-05,1534.448320290313,153.4448320290313
1,52,0.05,0.2,0.03162277660168379,0.1,0.002,0.02058843895792961,0.0055407192823124785,0.055407192823124785,0.2949737155783633,0.01878377289125112,3.7567545782502236e-05,1474.8685778918166,147.48685778918167
1,53,0.05,0.2,0.03162277660168379,0.31622776601683794,0.002,0.017512056976556778,0.004750508943484081,0.047505089434840816,0.25831453711979596,0.01839040495533933,3.678080991067866e-05,1291.57268559898,129.157268559898
1,54,0.05,0.2,0.03162277660168379,1.0,0.002,0.010821294039487839,0.0030391057854832855,0.030391057854832853,0.1732804760065655,0.017538650952044564,3.507730190408913e-05,866.4023800328275,86.64023800328276
2,3,0.05,0.05,0.1,0.31622776601683794,0.002,0.0007690936326980591,0.00019768857475784723,0.001976885747578472,0.012466574529453694,0.015857489504497453,3.171497900899491e-05,62.33287264726846,6.2332872647268465
2,4,0.05,0.05,0.1,1.0,0.002,0.002441786229610443,0.0006261418888208673,0.006261418888208673,0.04002185285829947,0.01564500002130766,3.129000004261532e-05,200.10926429149737,20.010926429149738
2,5,0.05,0.065,0.1,0.01,0.002,0.002523522824048996,0.0006738437564961747,0.0067384375649617466,0.04136266963031319,0.016291108927900033,3.2582217855800065e-05,206.81334815156592,20.681334815156593
2,6,0.05,0.065,0.1,0.03162277660168379,0.002,0.0024177245795726776,0.0006465457860391869,0.006465457860391869,0.03972010093166749,0.01627754640280176,3.255509280560352e-05,198.6005046583374,19.86005046583374
2,7,0.05,0.065,0.1,0.1,0.002,0.002084478735923767,0.0005606766286888042,0.005606766286888042,0.03453529978279898,0.016234885239596528,3.246977047919306e-05,172.67649891399486,17.267649891399486
2,8,0.05,0.065,0.1,0.31622776601683794,0.002,0.001084655523300171,0.00030395513738255207,0.003039551373825521,0.018870634857851263,0.016107308507222237,3.2214617014444475e-05,94.3531742892563,9.435317428925629
2,9,0.05,0.065,0.1,1.0,0.002,0.0010898448526859283,0.0002544451247904737,0.0025444512479047368,0.016072592484885923,0.015830994597153168,3.1661989194306335e-05,80.36296242442963,8.036296242442964
2,10,0.05,0.08000000000000002,0.1,0.01,0.002,0.004709318280220032,0.0012606318397225462,0.012606318397225461,0.0760173819139559,0.016583468254003475,3.3166936508006954e-05,380.0869095697796,38.008690956977965
2,11,0.05,0.08000000000000002,0.1,0.03162277660168379,0.002,0.004579104483127594,0.0012270358742808923,0.012270358742808924,0.07406608822488558,0.016566770349140954,3.313354069828191e-05,370.3304411244279,37.03304411244279
2,12,0.05,0.08000000000000002,0.1,0.1,0.002,0.004168957471847534,0.0011213535280154875,0.011213535280154877,0.06790218877646773,0.016514247157878144,3.3028494315756286e-05,339.5109438823388,33.95109438823387
2,13,0.05,0.08000000000000002,0.1,0.31622776601683794,0.002,0.002938404679298401,0.0008053058609151713,0.008053058609151714,0.04923255973180265,0.016357180396512468,3.271436079302494e-05,246.16279865901322,24.61627986590132
2,14,0.05,0.08000000000000002,0.1,1.0,0.002,0.00026993080973625183,0.0001253325604365222,0.0012533256043652217,0.007824964681702995,0.01601701292397978,3.203402584795956e-05,39.12482340851496,3.9124823408514975
2,15,0.05,0.09500000000000001,0.1,0.01,0.002,0.006895117461681366,0.0018474215678825324,0.018474215678825325,0.1094710224153104,0.016875895804405638,3.375179160881127e-05,547.3551120765521,54.73551120765521
2,16,0.05,0.09500000000000001,0.1,0.03162277660168379,0.002,0.00674048438668251,0.0018075269504253617,0.01807526950425362,0.10723305706943578,0.01685606099297298,3.371212198594596e-05,536.165285347179,53.61652853471789
2,17,0.05,0.09500000000000001,0.1,0.1,0.002,0.006253436207771301,0.0016820301614810635,0.016820301614810636,0.1001585756453914,0.016793670942728295,3.358734188545659e-05,500.792878226957,50.0792878226957
2,18,0.05,0.09500000000000001,0.1,0.31622776601683794,0.002,0.004792153835296631,0.001306700648361098,0.01306700648361098,0.07868325067544649,0.01660710045840621,3.321420091681242e-05,393.4162533772324,39.34162533772324
2,19,0.05,0.09500000000000001,0.1,1.0,0.002,0.0016140416264533997,0.0004949257859824079,0.0049492578598240786,0.030545217332108417,0.016203053348785752,3.240610669757151e-05,152.72608666054205,15.272608666054206
2,20,0.05,0.11000000000000001,0.1,0.01,0.002,0.009080912917852402,0.0024342116877930954,0.024342116877930958,0.14178454664878337,0.017168385027339528,3.433677005467906e-05,708.9227332439169,70.89227332439168
2,21,0.05,0.11000000000000001,0.1,0.03162277660168379,0.002,0.008901868015527725,0.002388018484346272,0.023880184843462722,0.13928031996123605,0.017145412108551274,3.4290824217102547e-05,696.4015998061802,69.64015998061801
2,22,0.05,0.11000000000000001,0.1,0.1,0.002,0.008337914943695068,0.0022427069181390168,0.022427069181390168,0.13135869934004032,0.017073151069602607,3.414630213920522e-05,656.7934967002016,65.67934967002016
2,23,0.05,0.11000000000000001,0.1,0.31622776601683794,0.002,0.006645902991294861,0.0018081031195086963,0.01808103119508696,0.10726085097663411,0.01685706483815401,3.371412967630802e-05,536.3042548831706,53.630425488317066
2,24,0.05,0.11000000000000001,0.1,1.0,0.002,0.0029659830033779144,0.000867451461733547,0.008674514617335469,0.052928513487705935,0.016389114384159603,3.2778228768319206e-05,264.6425674385297,26.46425674385297
2,25,0.05,0.125,0.1,0.01,0.002,0.011266704648733139,0.003021001773837888,0.03021001773837888,0.1730149396729516,0.01746093013440607,3.492186026881214e-05,865.0746983647578,86.50746983647578
2,26,0.05,0.125,0.1,0.03162277660168379,0.002,0.01106325164437294,0.00296851004868586,0.0296851004868586,0.17026332281755513,0.017434818019302682,3.4869636038605364e-05,851.3166140877757,85.13166140877757
2,27,0.05,0.125,0.1,0.1,0.002,0.010422389954328537,0.0028033836257400006,0.028033836257400007,0.16155332971637043,0.017352682427912408,3.470536485582482e-05,807.7666485818521,80.7766648581852
2,28,0.05,0.125,0.1,0.31622776601683794,0.002,0.00849965214729309,0.0023095081855818754,0.023095081855818753,0.13500314274711225,0.01710706979546427,3.421413959092854e-05,675.0157137355612,67.50157137355613
2,29,0.05,0.125,0.1,1.0,0.002,0.004317924380302429,0.0012402702448711454,0.012402702448711453,0.07482688788790627,0.016575194824741617,3.315038964948323e-05,374.13443943953143,37.41344394395315
2,30,0.05,0.14,0.1,0.01,0.002,0.013452503830194473,0.00360779215945915,0.0360779215945915,0.20321552472418364,0.017753526283761353,3.5507052567522706e-05,1016.0776236209184,101.60776236209185
2,31,0.05,0.14,0.1,0.03162277660168379,0.002,0.013224627822637558,0.0035490015443070764,0.03549001544307076,0.20023396035303095,0.01772427383471744,3.544854766943488e-05,1001.169801765155,100.1169801765155
2,32,0.05,0.14,0.1,0.1,0.002,0.012506868690252304,0.003364060411758576,0.03364060411758576,0.19079007984213392,0.017632260621422834,3.5264521242845666e-05,953.9503992106695,95.39503992106695
2,33,0.05,0.14,0.1,0.31622776601683794,0.002,0.01035340130329132,0.0028109144541788996,0.028109144541788998,0.16194597591240034,0.017357112076062803,3.4714224152125606e-05,809.7298795620018,80.97298795620017
2,34,0.05,0.14,0.1,1.0,0.002,0.005669869482517242,0.0016131787329911787,0.016131787329911787,0.09624428778051587,0.016761293269373208,3.3522586538746414e-05,481.2214389025794,48.12214389025794
2,35,0.05,0.15500000000000003,0.1,0.01,0.002,0.015638303011655807,0.004194582818029892,0.04194582818029892,0.23243619222292328,0.018046169049297543,3.6092338098595086e-05,1162.1809611146164,116.21809611146162
2,36,0.05,0.15500000000000003,0.1,0.03162277660168379,0.002,0.015386011451482773,0.004129493247611963,0.04129493247611963,0.22924085403926397,0.018013775358316678,3.6027550716633354e-05,1146.2042701963198,114.62042701963198
2,37,0.05,0.15500000000000003,0.1,0.1,0.002,0.014591347426176071,0.003924737177820962,0.03924737177820962,0.21911361716037037,0.017911881646992422,3.582376329398485e-05,1095.5680858018518,109.55680858018518
2,38,0.05,0.15500000000000003,0.1,0.31622776601683794,0.002,0.012207146733999252,0.0033123211580254035,0.03312321158025404,0.1881232273428079,0.017607188675269322,3.5214377350538646e-05,940.6161367140396,94.06161367140395
2,39,0.05,0.15500000000000003,0.1,1.0,0.002,0.007021810859441757,0.0019861263649433147,0.019861263649433147,0.11719351375796387,0.016947408617214086,3.389481723442817e-05,585.9675687898194,58.59675687898194
2,40,0.05,0.17000000000000004,0.1,0.01,0.002,0.017824094742536545,0.0047813731006485435,0.04781373100648543,0.26072365543842335,0.018338854188770716,3.6677708377541434e-05,1303.6182771921167,130.36182771921168
2,41,0.05,0.17000000000000004,0.1,0.03162277660168379,0.002,0.01754738762974739,0.0047099845933300695,0.047099845933300695,0.25732954340953945,0.01830331850328642,3.660663700657284e-05,1286.6477170476974,128.66477170476975
2,42,0.05,0.17000000000000004,0.1,0.1,0.002,0.016675826162099838,0.0044854140080663,0.044854140080663005,0.24656590402119347,0.018191542037705094,3.638308407541019e-05,1232.8295201059673,123.28295201059673
2,43,0.05,0.17000000000000004,0.1,0.31622776601683794,0.002,0.01406090334057808,0.0038137287092541035,0.038137287092541036,0.21356696072179598,0.01785729729151353,3.571459458302706e-05,1067.8348036089799,106.783480360898
2,44,0.05,0.17000000000000004,0.1,1.0,0.002,0.008373752236366272,0.0023590947333765387,0.023590947333765388,0.13768869373403064,0.017133539939986175,3.426707987997235e-05,688.4434686701534,68.84434686701533
2,45,0.05,0.18500000000000005,0.1,0.01,0.002,0.02000989392399788,0.005368163813364368,0.053681638133643676,0.2881217921722116,0.01863157858658533,3.726315717317066e-05,1440.6089608610582,144.06089608610583
2,46,0.05,0.18500000000000005,0.1,0.03162277660168379,0.002,0.019708771258592606,0.005290476244551322,0.05290476244551322,0.2845428201852632,0.018592900151572056,3.718580030314411e-05,1422.7141009263164,142.27141009263164
2,47,0.05,0.18500000000000005,0.1,0.1,0.002,0.018760304898023605,0.005046090832809504,0.05046090832809504,0.27318638127306516,0.018471238607482607,3.6942477214965217e-05,1365.9319063653256,136.59319063653257
2,48,0.05,0.18500000000000005,0.1,0.31622776601683794,0.002,0.01591465249657631,0.004315136243603846,0.04315136243603846,0.23830742395602852,0.018107435227867917,3.6214870455735834e-05,1191.5371197801428,119.15371197801427
2,49,0.05,0.18500000000000005,0.1,1.0,0.002,0.009725693613290787,0.002732075178706057,0.027320751787060567,0.15774391932657847,0.017319686174716,3.4639372349432e-05,788.7195966328923,78.87195966328923
2,50,0.05,0.2,0.1,0.01,0.002,0.022195685654878616,0.005954954199575239,0.059549541995752395,0.3146717186458837,0.018924338752783362,3.7848677505566725e-05,1573.3585932294184,157.33585932294184
2,51,0.05,0.2,0.1,0.03162277660168379,0.002,0.02187015488743782,0.00587096797511082,0.05870967975110819,0.31092083381611807,0.01888251714448628,3.7765034288972556e-05,1554.6041690805905,155.46041690805907
2,52,0.05,0.2,0.1,0.1,0.002,0.020844783633947372,0.005606767501342183,0.05606767501342184,0.29901215569178075,0.018750968462705554,3.750193692541111e-05,1495.0607784589038,149.50607784589036
2,53,0.05,0.2,0.1,0.31622776601683794,0.002,0.01776840165257454,0.004816544017093263,0.04816544017093263,0.26237328838609897,0.018357600526793767,3.671520105358753e-05,1311.8664419304948,131.1866441930495
2,54,0.05,0.2,0.1,1.0,0.002,0.0110776387155056,0.0031050634799557643,0.031050634799557643,0.17737294085079963,0.017505846523499,3.5011693046998e-05,886.8647042539982,88.68647042539982
3,4,0.05,0.05,0.31622776601683794,1.0,0.002,0.001672692596912384,0.0004284536942326369,0.004284536942326368,0.027558790603375283,0.015546897554356454,3.109379510871291e-05,137.79395301687643,13.779395301687645
3,5,0.05,0.065,0.31622776601683794,0.01,0.002,0.003292616456747055,0.0008714699091922539,0.008714699091922538,0.053817671924845906,0.016193006460948824,3.238601292189765e-05,269.0883596242295,26.908835962422952
3,6,0.05,0.065,0.31622776601683794,0.03162277660168379,0.002,0.0031868182122707367,0.0008441676634056282,0.008441676634056282,0.05217531991535965,0.01617944393585055,3.2358887871701105e-05,260.87659957679824,26.087659957679826
3,7,0.05,0.065,0.31622776601683794,0.1,0.002,0.002853572368621826,0.0007582809039731672,0.007582809039731672,0.04699083545070623,0.01613678277264532,3.2273565545290646e-05,234.9541772535311,23.495417725353107
3,8,0.05,0.065,0.31622776601683794,0.31622776601683794,0.002,0.00185374915599823,0.0005014084270365186,0.005014084270365186,0.03132000586257868,0.016009206040271028,3.201841208054206e-05,156.6000293128934,15.66000293128934
3,9,0.05,0.065,0.31622776601683794,1.0,0.002,0.00032075121998786926,5.952812563685236e-05,0.0005952812563685235,0.0037836734113607757,0.015732892130201962,3.1465784260403924e-05,18.918367056803877,1.8918367056803878
3,10,0.05,0.08000000000000002,0.31622776601683794,0.01,0.002,0.005478411912918091,0.0014582413371067497,0.014582413371067499,0.08845671706308533,0.016485365787052272,3.297073157410454e-05,442.28358531542665,44.22835853154266
3,11,0.05,0.08000000000000002,0.31622776601683794,0.03162277660168379,0.002,0.005348198115825653,0.001424641646522926,0.014246416465229261,0.08650618597170347,0.016468667882189748,3.2937335764379496e-05,432.5309298585173,43.25309298585173
3,12,0.05,0.08000000000000002,0.31622776601683794,0.1,0.002,0.004938051104545593,0.0013189451704126417,0.013189451704126417,0.08034439237987535,0.01641614469092694,3.283228938185388e-05,401.72196189937677,40.17219618993767
3,13,0.05,0.08000000000000002,0.31622776601683794,0.31622776601683794,0.002,0.00370749831199646,0.0010028168722030102,0.010028168722030103,0.06167735197207893,0.016259077929561258,3.251815585912252e-05,308.3867598603947,30.838675986039465
3,14,0.05,0.08000000000000002,0.31622776601683794,1.0,0.002,0.001031193882226944,0.0003190484796587431,0.003190484796587431,0.020042105301112223,0.01591891045702857,3.1837820914057136e-05,100.21052650556112,10.021052650556113
3,15,0.05,0.09500000000000001,0.31622776601683794,0.01,0.002,0.007664211094379425,0.0020450238179456105,0.020450238179456105,0.12188872379184322,0.01677779333745443,3.355558667490886e-05,609.4436189592161,60.94436189592161
3,16,0.05,0.09500000000000001,0.31622776601683794,0.03162277660168379,0.002,0.0075095780193805695,0.0020051258440944276,0.020051258440944277,0.1196521545855879,0.01675795852602177,3.351591705204354e-05,598.2607729279395,59.82607729279395
3,17,0.05,0.09500000000000001,0.31622776601683794,0.1,0.002,0.00702252984046936,0.001879616707432979,0.018796167074329788,0.11258177343047869,0.01669556847577709,3.3391136951554175e-05,562.9088671523936,56.29088671523936
3,18,0.05,0.09500000000000001,0.31622776601683794,0.31622776601683794,0.002,0.00556124746799469,0.0015042250842194095,0.015042250842194096,0.09111546836446349,0.016508997991455002,3.301799598291e-05,455.57734182231746,45.55773418223175
3,19,0.05,0.09500000000000001,0.31622776601683794,1.0,0.002,0.0023831352591514587,0.0006916050954150206,0.006916050954150206,0.042943632705835275,0.016104950881834546,3.220990176366909e-05,214.71816352917637,21.471816352917635
3,20,0.05,0.11000000000000001,0.31622776601683794,0.01,0.002,0.00985000655055046,0.0026318098894498212,0.026318098894498213,0.1541749458533832,0.017070282560388325,3.414056512077665e-05,770.8747292669159,77.08747292669159
3,21,0.05,0.11000000000000001,0.31622776601683794,0.03162277660168379,0.002,0.009670961648225784,0.002585613567705355,0.025856135677053547,0.15167282240217866,0.01704730964160007,3.4094619283200135e-05,758.3641120108932,75.83641120108933
3,22,0.05,0.11000000000000001,0.31622776601683794,0.1,0.002,0.009107008576393127,0.0024402907097725497,0.0244029070977255,0.1437575094419106,0.0169750486026514,3.39500972053028e-05,718.787547209553,71.87875472095529
3,23,0.05,0.11000000000000001,0.31622776601683794,0.31622776601683794,0.002,0.00741499662399292,0.002005633535176247,0.020056335351762468,0.11967528124668146,0.0167589623712028,3.35179247424056e-05,598.3764062334074,59.83764062334073
3,24,0.05,0.11000000000000001,0.31622776601683794,1.0,0.002,0.0037350766360759735,0.0010644813190435168,0.010644813190435167,0.06534163282509738,0.016291011917208397,3.2582023834416795e-05,326.70816412548686,32.67081641254869
3,25,0.05,0.125,0.31622776601683794,0.01,0.002,0.012035798281431198,0.0032185973915334494,0.032185973915334495,0.18537288125979823,0.01736282766745486,3.472565533490972e-05,926.8644062989912,92.68644062989912
3,26,0.05,0.125,0.31622776601683794,0.03162277660168379,0.002,0.011832345277071,0.003166102712236163,0.03166102712236163,0.1826241367735151,0.01733671555235148,3.467343110470296e-05,913.1206838675755,91.31206838675755
3,27,0.05,0.125,0.31622776601683794,0.1,0.002,0.011191483587026596,0.003000965691900242,0.03000965691900242,0.1739228482344966,0.017254579960961205,3.450915992192241e-05,869.614241172483,86.9614241172483
3,28,0.05,0.125,0.31622776601683794,0.31622776601683794,0.002,0.00926874577999115,0.0025070419842333097,0.025070419842333096,0.1473953083577636,0.017008967328513064,3.401793465702613e-05,736.9765417888179,73.6976541788818
3,29,0.05,0.125,0.31622776601683794,1.0,0.002,0.005087018013000488,0.0014374286633190693,0.014374286633190694,0.0872380048679796,0.01647709235779041,3.295418471558082e-05,436.19002433989806,43.6190024339898
3,30,0.05,0.14,0.31622776601683794,0.01,0.002,0.014221597462892532,0.003805385985903074,0.03805385985903074,0.21553637145090082,0.01765542381681015,3.53108476336203e-05,1077.6818572545042,107.76818572545042
3,31,0.05,0.14,0.31622776601683794,0.03162277660168379,0.002,0.013993721455335617,0.0037465925343161026,0.037465925343161025,0.2125584992988133,0.017626171367766237,3.5252342735532474e-05,1062.7924964940664,106.27924964940665
3,32,0.05,0.14,0.31622776601683794,0.1,0.002,0.013275962322950363,0.0035616412958243268,0.03561641295824327,0.20312587946607658,0.017534158154471624,3.506831630894325e-05,1015.629397330383,101.56293973303829
3,33,0.05,0.14,0.31622776601683794,0.31622776601683794,0.002,0.01112249493598938,0.0030084504292656514,0.03008450429265651,0.17431188100604522,0.017259009609111597,3.4518019218223195e-05,871.5594050302259,87.1559405030226
3,34,0.05,0.14,0.31622776601683794,1.0,0.002,0.0064389631152153015,0.0018104029666475537,0.01810402966647554,0.10864683649811002,0.016663190802421998,3.3326381604843996e-05,543.2341824905502,54.32341824905502
3,35,0.05,0.15500000000000003,0.31622776601683794,0.01,0.002,0.016407396644353867,0.004392175329592698,0.04392175329592698,0.24471579205711377,0.017948066582346336,3.5896133164692675e-05,1223.5789602855684,122.35789602855685
3,36,0.05,0.15500000000000003,0.31622776601683794,0.03162277660168379,0.002,0.016155105084180832,0.00432708301206885,0.0432708301206885,0.24152500652957917,0.017915672891365468,3.5831345782730936e-05,1207.625032647896,120.76250326478961
3,37,0.05,0.15500000000000003,0.31622776601683794,0.1,0.002,0.01536044105887413,0.004122317201588329,0.04122317201588329,0.23141171561209348,0.017813779180041213,3.562755836008243e-05,1157.0585780604672,115.70585780604672
3,38,0.05,0.15500000000000003,0.31622776601683794,0.31622776601683794,0.002,0.012976240366697311,0.0035098586500879837,0.03509858650087984,0.20045927059406102,0.01750908620831812,3.501817241663624e-05,1002.2963529703051,100.2296352970305
3,39,0.05,0.15500000000000003,0.31622776601683794,1.0,0.002,0.007790904492139816,0.0021833903849439013,0.021833903849439014,0.12958340037698446,0.01684930615026288,3.369861230052576e-05,647.9170018849222,64.79170018849223
3,40,0.05,0.17000000000000004,0.31622776601683794,0.01,0.002,0.018593188375234604,0.004978964605615887,0.04978964605615887,0.2729583013654021,0.018240751721819506,3.6481503443639016e-05,1364.7915068270106,136.47915068270106
3,41,0.05,0.17000000000000004,0.31622776601683794,0.03162277660168379,0.002,0.01831648126244545,0.004907573420718908,0.049075734207189074,0.26956963383043836,0.018205216036335212,3.6410432072670426e-05,1347.8481691521918,134.78481691521918
3,42,0.05,0.17000000000000004,0.31622776601683794,0.1,0.002,0.017444919794797897,0.00468299337734784,0.046829933773478404,0.25882272737779494,0.01809343957075389,3.6186879141507784e-05,1294.1136368889743,129.41136368889744
3,43,0.05,0.17000000000000004,0.31622776601683794,0.31622776601683794,0.002,0.014829996973276138,0.004011267320306528,0.04011267320306528,0.22586988655356374,0.01775919482456232,3.551838964912464e-05,1129.3494327678188,112.93494327678188
3,44,0.05,0.17000000000000004,0.31622776601683794,1.0,0.002,0.009142845869064331,0.0025563853373399433,0.025563853373399434,0.15006279359637176,0.017035437473034973,3.4070874946069945e-05,750.3139679818586,75.03139679818585
3,45,0.05,0.18500000000000005,0.31622776601683794,0.01,0.002,0.020778987556695938,0.005565754523384078,0.055657545233840776,0.30030818220267863,0.018533476119634126,3.706695223926825e-05,1501.5409110133928,150.1540911013393
3,46,0.05,0.18500000000000005,0.31622776601683794,0.03162277660168379,0.002,0.020477864891290665,0.005488064333164538,0.05488064333164538,0.2967355700099428,0.018494797684620853,3.698959536924171e-05,1483.6778500497135,148.36778500497135
3,47,0.05,0.18500000000000005,0.31622776601683794,0.1,0.002,0.019529398530721664,0.0052436696876436185,0.052436696876436185,0.28539872820492573,0.0183731361405314,3.6746272281062806e-05,1426.9936410246282,142.69936410246282
3,48,0.05,0.18500000000000005,0.31622776601683794,0.31622776601683794,0.002,0.01668374612927437,0.004512675713270478,0.04512675713270479,0.2505742868533001,0.01800933276091671,3.601866552183342e-05,1252.8714342665005,125.28714342665002
3,49,0.05,0.18500000000000005,0.31622776601683794,1.0,0.002,0.010494787245988846,0.0029293847769863548,0.029293847769863546,0.1700996160803473,0.01722158370776479,3.444316741552958e-05,850.4980804017364,85.04980804017364
3,50,0.05,0.2,0.31622776601683794,0.01,0.002,0.022964779287576675,0.0061525442653980284,0.06152544265398029,0.3268069183869842,0.018826236285832153,3.765247257166431e-05,1634.034591934921,163.40345919349207
3,51,0.05,0.2,0.31622776601683794,0.03162277660168379,0.002,0.02263924852013588,0.0060685554661959054,0.060685554661959046,0.3230633251220491,0.018784414677535072,3.7568829355070145e-05,1615.3166256102456,161.53166256102458
3,52,0.05,0.2,0.31622776601683794,0.1,0.002,0.02161387726664543,0.005804345941203646,0.05804345941203646,0.3111771640092625,0.018652865995754348,3.7305731991508696e-05,1555.8858200463123,155.58858200463123
3,53,0.05,0.2,0.31622776601683794,0.31622776601683794,0.002,0.0185374952852726,0.005014084166138884,0.050140841661388845,0.2746014238565612,0.01825949805984256,3.651899611968512e-05,1373.0071192828061,137.3007119282806
3,54,0.05,0.2,0.31622776601683794,1.0,0.002,0.011846732348203659,0.003302387317409308,0.03302387317409308,0.1897079430098319,0.017407744056547794,3.481548811309559e-05,948.5397150491593,94.85397150491592
4,5,0.05,0.065,1.0,0.01,0.002,0.004965309053659439,0.0012998377290099278,0.012998377290099278,0.08133890354229364,0.015980516977759034,3.1961033955518066e-05,406.69451771146817,40.66945177114682
4,6,0.05,0.065,1.0,0.03162277660168379,0.002,0.004859510809183121,0.0012725319160638243,0.012725319160638241,0.07969784844296134,0.01596695445266076,3.1933908905321524e-05,398.48924221480667,39.84892422148067
4,7,0.05,0.065,1.0,0.1,0.002,0.00452626496553421,0.0011866313388056737,0.011866313388056736,0.07451704871521153,0.015924293289455528,3.184858657891106e-05,372.5852435760576,37.258524357605765
4,8,0.05,0.065,1.0,0.31622776601683794,0.002,0.003526441752910614,0.0009296741873715774,0.009296741873715774,0.05885236871929755,0.015796716557081238,3.1593433114162476e-05,294.2618435964877,29.42618435964877
4,9,0.05,0.065,1.0,1.0,0.002,0.0013519413769245148,0.0003730129110740548,0.003730129110740548,0.024033713529066424,0.015520402647012169,3.1040805294024336e-05,120.16856764533215,12.016856764533214
4,10,0.05,0.08000000000000002,1.0,0.01,0.002,0.007151104509830475,0.0018865590920213158,0.018865590920213157,0.11593273719984755,0.01627287630386248,3.254575260772496e-05,579.6636859992378,57.96636859992378
4,11,0.05,0.08000000000000002,1.0,0.03162277660168379,0.002,0.007020890712738037,0.001852954765978752,0.01852954765978752,0.1139846475905273,0.016256178398999954,3.251235679799991e-05,569.9232379526364,56.99232379526365
4,12,0.05,0.08000000000000002,1.0,0.1,0.002,0.006610743701457977,0.0017472411707215802,0.017472411707215803,0.10783006354561797,0.016203655207737148,3.2407310415474293e-05,539.1503177280899,53.91503177280899
4,13,0.05,0.08000000000000002,1.0,0.31622776601683794,0.002,0.005380190908908844,0.001431026377568559,0.01431026377568559,0.08917947776570226,0.016046588446371468,3.209317689274294e-05,445.8973888285112,44.58973888285112
4,14,0.05,0.08000000000000002,1.0,1.0,0.002,0.002703886479139328,0.0007460258971450309,0.007460258971450308,0.04749814731106725,0.01570642097383878,3.141284194767756e-05,237.49073655533627,23.74907365553363
4,15,0.05,0.09500000000000001,1.0,0.01,0.002,0.009336903691291809,0.002473313364466567,0.024733133644665672,0.1493068516114075,0.016565303854264638,3.3130607708529274e-05,746.5342580570376,74.65342580570376
4,16,0.05,0.09500000000000001,1.0,0.03162277660168379,0.002,0.009182270616292953,0.002433410424932531,0.02433410424932531,0.14707412758339183,0.01654546904283198,3.309093808566396e-05,735.3706379169593,73.53706379169593
4,17,0.05,0.09500000000000001,1.0,0.1,0.002,0.008695222437381744,0.0023078833215015374,0.023078833215015374,0.14001530433357925,0.016483078992587295,3.2966157985174594e-05,700.0765216678963,70.00765216678963
4,18,0.05,0.09500000000000001,1.0,0.31622776601683794,0.002,0.007233940064907074,0.0019324075252134835,0.019324075252134833,0.11857800854909571,0.01629650850826521,3.259301701653042e-05,592.8900427454786,59.289004274547864
4,19,0.05,0.09500000000000001,1.0,1.0,0.002,0.004055827856063843,0.0011190388553202267,0.011190388553202268,0.07041318693501147,0.015892461398644753,3.178492279728951e-05,352.0659346750573,35.206593467505726
4,20,0.05,0.11000000000000001,1.0,0.01,0.002,0.011522699147462845,0.003060081536572519,0.030600815365725193,0.18152325886070556,0.01685779307719853,3.3715586154397065e-05,907.6162943035278,90.76162943035277
4,21,0.05,0.11000000000000001,1.0,0.03162277660168379,0.002,0.011343654245138168,0.003013880129242237,0.03013880129242237,0.1790265711710959,0.016834820158410275,3.366964031682055e-05,895.1328558554795,89.51328558554796
4,22,0.05,0.11000000000000001,1.0,0.1,0.002,0.010779701173305511,0.0028685390755350806,0.028685390755350808,0.17112775293389773,0.016762559119461607,3.352511823892322e-05,855.6387646694888,85.56387646694887
4,23,0.05,0.11000000000000001,1.0,0.31622776601683794,0.002,0.009087689220905304,0.0024338000642996033,0.024338000642996033,0.14708875303949245,0.01654647288801301,3.309294577602602e-05,735.4437651974623,73.54437651974624
4,24,0.05,0.11000000000000001,1.0,1.0,0.002,0.0054077692329883575,0.0014920517473315967,0.014920517473315966,0.09279781481504447,0.016078522434018604,3.215704486803721e-05,463.9890740752224,46.398907407522245
4,25,0.05,0.125,1.0,0.01,0.002,0.013708490878343582,0.0036468567048290237,0.03646856704829023,0.212640512720321,0.01715033818426507,3.430067636853014e-05,1063.2025636016049,106.3202563601605
4,26,0.05,0.125,1.0,0.03162277660168379,0.002,0.013505037873983383,0.0035943568961829416,0.03594356896182942,0.20989893976323235,0.017124226069161686,3.424845213832337e-05,1049.4946988161616,104.94946988161617
4,27,0.05,0.125,1.0,0.1,0.002,0.01286417618393898,0.003429201647270698,0.034292016472706986,0.2012195423879204,0.017042090477771412,3.408418095554283e-05,1006.0977119396017,100.60977119396016
4,28,0.05,0.125,1.0,0.31622776601683794,0.002,0.010941438376903534,0.002935198037129728,0.02935198037129728,0.17475080574389532,0.01679647784532327,3.359295569064654e-05,873.7540287194765,87.37540287194766
4,29,0.05,0.125,1.0,1.0,0.002,0.006759710609912872,0.0018650648382667655,0.018650648382667657,0.11467017379067503,0.016264602874600617,3.252920574920123e-05,573.3508689533753,57.33508689533752
4,30,0.05,0.14,1.0,0.01,0.002,0.015894290059804916,0.004233636296075479,0.04233636296075479,0.242713537476052,0.017442934333620357,3.4885868667240714e-05,1213.5676873802602,121.356768738026
4,31,0.05,0.14,1.0,0.03162277660168379,0.002,0.015666414052248,0.004174837699115416,0.04174837699115416,0.239744686206375,0.017413681884576444,3.4827363769152886e-05,1198.723431031875,119.8723431031875
4,32,0.05,0.14,1.0,0.1,0.002,0.014948654919862747,0.003989868270654076,0.03989868270654076,0.23033971763176664,0.017321668671281834,3.464333734256367e-05,1151.6985881588332,115.16985881588333
4,33,0.05,0.14,1.0,0.31622776601683794,0.002,0.012795187532901764,0.0034365990635864935,0.034365990635864936,0.20160120882153693,0.017046520125921803,3.409304025184361e-05,1008.0060441076847,100.80060441076847
4,34,0.05,0.14,1.0,1.0,0.002,0.008111655712127686,0.002238077800485638,0.022380778004856383,0.1360475615631744,0.016450701319232208,3.2901402638464415e-05,680.2378078158721,68.0237807815872
4,35,0.05,0.15500000000000003,1.0,0.01,0.002,0.01808008924126625,0.004820418781779443,0.04820418781779443,0.27179373723388395,0.017735577099156543,3.547115419831309e-05,1358.9686861694197,135.89686861694196
4,36,0.05,0.15500000000000003,1.0,0.03162277660168379,0.002,0.017827797681093216,0.0047553213173690285,0.04755321317369029,0.2686139101497942,0.017703183408175678,3.5406366816351355e-05,1343.069550748971,134.30695507489708
4,37,0.05,0.15500000000000003,1.0,0.1,0.002,0.017033133655786514,0.004550537379085013,0.04550537379085012,0.25853431523821957,0.017601289696851423,3.520257939370285e-05,1292.6715761910978,129.2671576191098
4,38,0.05,0.15500000000000003,1.0,0.31622776601683794,0.002,0.014648932963609695,0.0039380017539276556,0.03938001753927656,0.22767494765063032,0.017296596725128326,3.4593193450256654e-05,1138.3747382531517,113.83747382531516
4,39,0.05,0.15500000000000003,1.0,1.0,0.002,0.0094635970890522,0.002611090669288172,0.02611090669288172,0.15694653139118472,0.016636816667073086,3.327363333414617e-05,784.7326569559239,78.47326569559239
4,40,0.05,0.17000000000000004,1.0,0.01,0.002,0.020265880972146988,0.005407202660527084,0.05407202660527084,0.29992922162741253,0.018028262238629716,3.6056524477259435e-05,1499.6461081370624,149.96461081370626
4,41,0.05,0.17000000000000004,1.0,0.03162277660168379,0.002,0.019989173859357834,0.005335806332892363,0.05335806332892363,0.29655351661861257,0.01799272655314542,3.598545310629084e-05,1482.7675830930632,148.27675830930633
4,42,0.05,0.17000000000000004,1.0,0.1,0.002,0.01911761239171028,0.0051112082311353425,0.051112082311353425,0.2858465688962525,0.017880950087564098,3.5761900175128196e-05,1429.2328444812624,142.92328444812622
4,43,0.05,0.17000000000000004,1.0,0.31622776601683794,0.002,0.016502689570188522,0.0044394061447349045,0.044394061447349045,0.2530051116928169,0.01754670534137253,3.509341068274506e-05,1265.0255584640847,126.50255584640847
4,44,0.05,0.17000000000000004,1.0,1.0,0.002,0.010815538465976715,0.002984103643599076,0.029841036435990762,0.17738292036570333,0.01682294798984518,3.364589597969036e-05,886.9146018285167,88.69146018285166
4,45,0.05,0.18500000000000005,1.0,0.01,0.002,0.022451680153608322,0.005993988221467157,0.05993988221467157,0.32716514347234127,0.018320986636444332,3.6641973272888664e-05,1635.8257173617064,163.58257173617062
4,46,0.05,0.18500000000000005,1.0,0.03162277660168379,0.002,0.02215055748820305,0.0059162928963826895,0.0591629289638269,0.323607546224365,0.01828230820143106,3.656461640286212e-05,1618.0377311218251,161.8037731121825
4,47,0.05,0.18500000000000005,1.0,0.1,0.002,0.02120209112763405,0.0056718802598268074,0.05671880259826807,0.3123170868771844,0.018160646657341607,3.632129331468322e-05,1561.5854343859219,156.1585434385922
4,48,0.05,0.18500000000000005,1.0,0.31622776601683794,0.002,0.018356438726186752,0.004940811126187032,0.04940811126187032,0.27762289351452285,0.017796843277726918,3.5593686555453835e-05,1388.1144675726143,138.81144675726142
4,49,0.05,0.18500000000000005,1.0,1.0,0.002,0.01216747984290123,0.0033571165161676666,0.033571165161676665,0.19737185718668387,0.017009094224575,3.401818844915e-05,986.8592859334194,98.68592859334194
4,50,0.05,0.2,1.0,0.01,0.002,0.02463747188448906,0.0065807743719612,0.065807743719612,0.3535437782481821,0.018613746802642363,3.7227493605284726e-05,1767.7188912409104,176.77188912409105
4,51,0.05,0.2,1.0,0.03162277660168379,0.002,0.024311941117048264,0.006496780448158424,0.06496780448158423,0.3498172849703563,0.01857192519434528,3.7143850388690557e-05,1749.0864248517819,174.9086424851782
4,52,0.05,0.2,1.0,0.1,0.002,0.023286569863557816,0.00623255299547697,0.06232552995476969,0.33798404231227874,0.018440376512564555,3.688075302512911e-05,1689.9202115613937,168.99202115613937
4,53,0.05,0.2,1.0,0.31622776601683794,0.002,0.020210187882184982,0.005442216795210628,0.054422167952106276,0.30155783281729964,0.018047008576652767,3.6094017153305533e-05,1507.7891640864982,150.77891640864982
4,54,0.05,0.2,1.0,1.0,0.002,0.013519424945116043,0.003730129456921097,0.03730129456921097,0.21692784139994578,0.017195254573358,3.4390509146716e-05,1084.639206999729,108.4639206999729
5,6,0.065,0.065,0.01,0.03162277660168379,0.002,0.00010579824447631836,2.73076950101592e-05,0.00027307695010159205,0.001643748321404516,0.01661306335925313,3.322612671850626e-05,8.21874160702258,0.8218741607022578
5,7,0.065,0.065,0.01,0.1,0.002,0.0004390440881252289,0.00011321553196560258,0.0011321553196560257,0.006832394930800467,0.016570402196047898,3.31408043920958e-05,34.16197465400233,3.4161974654002334
5,8,0.065,0.065,0.01,0.31622776601683794,0.002,0.001438867300748825,0.00037021040825045617,0.0037021040825045617,0.022515011733740372,0.016442825463673608,3.2885650927347215e-05,112.57505866870184,11.257505866870185
5,9,0.065,0.065,0.01,1.0,0.002,0.0036133676767349243,0.0009271991982820349,0.009271991982820348,0.057353078009912614,0.01616651155360454,3.2333023107209075e-05,286.7653900495631,28.676539004956314
5,10,0.065,0.08000000000000002,0.01,0.01,0.002,0.0021857954561710358,0.0005867905409825141,0.0058679054098251405,0.034682372121225984,0.01691898521045485,3.38379704209097e-05,173.41186060612992,17.341186060612994
5,11,0.065,0.08000000000000002,0.01,0.03162277660168379,0.002,0.002055581659078598,0.000553197204537867,0.00553197204537867,0.032729132722459114,0.016902287305592324,3.380457461118465e-05,163.64566361229558,16.364566361229556
5,12,0.065,0.08000000000000002,0.01,0.1,0.002,0.0016454346477985382,0.000447534257960208,0.00447534257960208,0.026560268436019954,0.016849764114329518,3.369952822865904e-05,132.80134218009977,13.280134218009977
5,13,0.065,0.08000000000000002,0.01,0.31622776601683794,0.002,0.0004148818552494049,0.00013218364975757174,0.0013218364975757175,0.007918651309765833,0.016692697352963838,3.338539470592768e-05,39.59325654882916,3.959325654882916
5,14,0.065,0.08000000000000002,0.01,1.0,0.002,0.002261422574520111,0.0005550637369665512,0.005550637369665512,0.03394360022731336,0.01635252988043115,3.27050597608623e-05,169.71800113656678,16.971800113656677
5,15,0.065,0.09500000000000001,0.01,0.01,0.002,0.00437159463763237,0.0011735811651351164,0.011735811651351164,0.06818621930932532,0.01721141276085701,3.442282552171403e-05,340.9310965466265,34.093109654662655
5,16,0.065,0.09500000000000001,0.01,0.03162277660168379,0.002,0.004216961562633514,0.001133688515079697,0.01133688515079697,0.0659444129221226,0.01719157794942435,3.43831558988487e-05,329.72206461061296,32.9722064610613
5,17,0.065,0.09500000000000001,0.01,0.1,0.002,0.0037299133837223053,0.001008202708990042,0.01008202708990042,0.058858757048156726,0.017129187899179665,3.425837579835933e-05,294.2937852407836,29.42937852407836
5,18,0.065,0.09500000000000001,0.01,0.31622776601683794,0.002,0.002268631011247635,0.0006330164729219729,0.006330164729219729,0.037362377808688424,0.01694261741485758,3.388523482971516e-05,186.81188904344214,18.68118890434421
5,19,0.065,0.09500000000000001,0.01,1.0,0.002,0.0009094811975955963,0.00018646861632360686,0.0018646861632360687,0.011274772418783958,0.016538570305237123,3.307714061047425e-05,56.373862093919776,5.637386209391978
5,20,0.065,0.11000000000000001,0.01,0.01,0.002,0.006557390093803406,0.0017603717492263146,0.017603717492263145,0.10057024718582563,0.0175039019837909,3.5007803967581804e-05,502.8512359291281,50.28512359291281
5,21,0.065,0.11000000000000001,0.01,0.03162277660168379,0.002,0.006378345191478729,0.0017141802303251475,0.017141802303251474,0.09806001866096402,0.01748092906500265,3.49618581300053e-05,490.3000933048199,49.03000933048199
5,22,0.065,0.11000000000000001,0.01,0.1,0.002,0.005814392119646072,0.0015688771313683207,0.01568877131368321,0.09012045775244404,0.01740866802605398,3.4817336052107964e-05,450.6022887622201,45.060228876222006
5,23,0.065,0.11000000000000001,0.01,0.31622776601683794,0.002,0.004122380167245865,0.001134358021087617,0.01134358021087617,0.06597950410470353,0.01719258179460538,3.438516358921076e-05,329.8975205235177,32.98975205235177
5,24,0.065,0.11000000000000001,0.01,1.0,0.002,0.00044693052768707275,0.00019930541882705132,0.001993054188270513,0.011916879647032651,0.016724631340610974,3.3449262681221946e-05,59.584398235163256,5.958439823516326
5,25,0.065,0.125,0.01,0.01,0.002,0.008743181824684143,0.0023471621194147657,0.023471621194147658,0.13188936574989582,0.01779644709085744,3.559289418171488e-05,659.446828749479,65.94468287494789
5,26,0.065,0.125,0.01,0.03162277660168379,0.002,0.008539728820323944,0.0022946719167918736,0.022946719167918735,0.12912935630773065,0.017770334975754056,3.554066995150811e-05,645.6467815386533,64.56467815386533
5,27,0.065,0.125,0.01,0.1,0.002,0.007898867130279541,0.0021295527340976493,0.021295527340976495,0.1203939806320906,0.017688199384363782,3.537639876872757e-05,601.9699031604528,60.19699031604527
5,28,0.065,0.125,0.01,0.31622776601683794,0.002,0.005976129323244095,0.0016357405818225197,0.016357405818225198,0.09377855504389988,0.017442586751915644,3.4885173503831286e-05,468.89277521949936,46.889277521949936
5,29,0.065,0.125,0.01,1.0,0.002,0.0017944015562534332,0.0005682888597075101,0.0056828885970751,0.033605259616542246,0.016910711781192987,3.382142356238598e-05,168.02629808271124,16.802629808271128
5,30,0.065,0.14,0.01,0.01,0.002,0.010928981006145477,0.0029339526964795694,0.029339526964795696,0.16219501813989065,0.018089043240212727,3.617808648042545e-05,810.9750906994533,81.09750906994532
5,31,0.065,0.14,0.01,0.03162277660168379,0.002,0.010701104998588562,0.0028751634987901637,0.028751634987901637,0.15920248091667324,0.018059790791168814,3.6119581582337625e-05,796.0124045833661,79.60124045833662
5,32,0.065,0.14,0.01,0.1,0.002,0.009983345866203308,0.0026902288756955246,0.02690228875695525,0.14972518799477538,0.017967777577874204,3.5935555155748406e-05,748.6259399738769,74.86259399738768
5,33,0.065,0.14,0.01,0.31622776601683794,0.002,0.007829878479242325,0.0021371352850771304,0.021371352850771304,0.12079240915240268,0.017692629032514173,3.5385258065028346e-05,603.9620457620134,60.39620457620134
5,34,0.065,0.14,0.01,1.0,0.002,0.0031463466584682465,0.0009404568439278745,0.009404568439278746,0.055007737203944806,0.01709681022582458,3.419362045164916e-05,275.03868601972397,27.503868601972396
5,35,0.065,0.15500000000000003,0.01,0.01,0.002,0.013114780187606812,0.00352074349285662,0.0352074349285662,0.1915353951620923,0.018381686005748916,3.676337201149783e-05,957.6769758104613,95.76769758104612
5,36,0.065,0.15500000000000003,0.01,0.03162277660168379,0.002,0.012862488627433777,0.0034556552656215722,0.034556552656215725,0.1883263510299174,0.018349292314768048,3.66985846295361e-05,941.6317551495868,94.16317551495867
5,37,0.065,0.15500000000000003,0.01,0.1,0.002,0.012067824602127075,0.0032509052194524203,0.032509052194524206,0.1781571877779271,0.018247398603443793,3.649479720688759e-05,890.7859388896355,89.07859388896354
5,38,0.065,0.15500000000000003,0.01,0.31622776601683794,0.002,0.009683623909950256,0.002638534988077672,0.02638534988077672,0.1470533509401747,0.017942705631720696,3.588541126344139e-05,735.2667547008734,73.52667547008733
5,39,0.065,0.15500000000000003,0.01,1.0,0.002,0.004498288035392761,0.0013131043434914972,0.013131043434914972,0.07597697148521637,0.01728292557366546,3.456585114733092e-05,379.8848574260818,37.988485742608184
5,40,0.065,0.17000000000000004,0.01,0.01,0.002,0.015300571918487549,0.004107533879587844,0.04107533879587844,0.21995567334746766,0.018674371145222086,3.7348742290444174e-05,1099.778366737338,109.97783667373382
5,41,0.065,0.17000000000000004,0.01,0.03162277660168379,0.002,0.015023864805698395,0.004036146660334844,0.04036146660334844,0.21654500191567355,0.01863883545973779,3.727767091947558e-05,1082.725009578368,108.27250095783678
5,42,0.065,0.17000000000000004,0.01,0.1,0.002,0.014152303338050842,0.0038115817517591325,0.03811581751759132,0.20573053461757346,0.018527058994156468,3.7054117988312935e-05,1028.652673087867,102.86526730878671
5,43,0.065,0.17000000000000004,0.01,0.31622776601683794,0.002,0.011537380516529083,0.0031399378588216555,0.03139937858821655,0.17259220129578892,0.0181928142479649,3.6385628495929804e-05,862.9610064789446,86.29610064789448
5,44,0.065,0.17000000000000004,0.01,1.0,0.002,0.005850229412317276,0.0016859135602597033,0.016859135602597032,0.09650856198215887,0.01746905689643755,3.4938113792875096e-05,482.5428099107944,48.25428099107944
5,45,0.065,0.18500000000000005,0.01,0.01,0.002,0.017486371099948883,0.004694324673566003,0.04694324673566003,0.24749834063494278,0.018967095543036702,3.79341910860734e-05,1237.4917031747138,123.7491703174714
5,46,0.065,0.18500000000000005,0.01,0.03162277660168379,0.002,0.01718524843454361,0.004616638349991225,0.046166383499912256,0.24389986355670026,0.01892841710802343,3.785683421604686e-05,1219.4993177835013,121.94993177835013
5,47,0.065,0.18500000000000005,0.01,0.1,0.002,0.01623678207397461,0.004372258354925173,0.04372258354925173,0.23248339353705028,0.018806755563933977,3.7613511127867957e-05,1162.4169676852514,116.24169676852514
5,48,0.065,0.18500000000000005,0.01,0.31622776601683794,0.002,0.013391129672527313,0.0036413420501729362,0.03641342050172936,0.19743813321106513,0.018442952184319288,3.6885904368638574e-05,987.1906660553257,98.71906660553257
5,49,0.065,0.18500000000000005,0.01,1.0,0.002,0.007202170789241791,0.002058796488459662,0.020587964884596622,0.11661131696781185,0.01765520313116737,3.531040626233474e-05,583.0565848390592,58.30565848390591
5,50,0.065,0.2,0.01,0.01,0.002,0.01967216283082962,0.005281115125181428,0.05281115125181428,0.2742032549417925,0.019259855709234733,3.8519711418469465e-05,1371.016274708962,137.10162747089623
5,51,0.065,0.2,0.01,0.03162277660168379,0.002,0.019346632063388824,0.0051971301115497455,0.051971301115497456,0.2704298516827055,0.01921803410093765,3.8436068201875296e-05,1352.1492584135278,135.21492584135277
5,52,0.065,0.2,0.01,0.1,0.002,0.018321260809898376,0.004932934852194938,0.04932934852194938,0.25845171302432657,0.019086485419156925,3.817297083831385e-05,1292.2585651216327,129.22585651216326
5,53,0.065,0.2,0.01,0.31622776601683794,0.002,0.015244878828525543,0.004142747319497031,0.0414274731949703,0.22161885641655138,0.01869311748324514,3.738623496649028e-05,1108.0942820827568,110.80942820827569
5,54,0.065,0.2,0.01,1.0,0.002,0.008554115891456604,0.002431719338277783,0.02431719338277783,0.13629672087620892,0.01784136347995037,3.568272695990074e-05,681.4836043810446,68.14836043810446
6,7,0.065,0.065,0.03162277660168379,0.1,0.002,0.0003332458436489105,8.590784259565016e-05,0.0008590784259565015,0.005188661864400531,0.016556839670949626,3.3113679341899256e-05,25.943309322002648,2.5943309322002652
6,8,0.065,0.065,0.03162277660168379,0.31622776601683794,0.002,0.0013330690562725067,0.00034290276816070753,0.0034290276816070753,0.02087146388993409,0.016429262938575336,3.285852587715067e-05,104.35731944967044,10.435731944967044
6,9,0.065,0.065,0.03162277660168379,1.0,0.002,0.003507569432258606,0.0008998916966504073,0.008998916966504072,0.055710675187688866,0.016152949028506267,3.2305898057012534e-05,278.5533759384444,27.85533759384444
6,10,0.065,0.08000000000000002,0.03162277660168379,0.01,0.002,0.002291593700647354,0.0006140864158487401,0.006140864158487401,0.03632481880388946,0.016905422685356577,3.381084537071315e-05,181.62409401944734,18.162409401944732
6,11,0.065,0.08000000000000002,0.03162277660168379,0.03162277660168379,0.002,0.0021613799035549164,0.000580491635924735,0.005804916359247349,0.03437154927145148,0.016888724780494052,3.3777449560988105e-05,171.8577463572574,17.185774635725743
6,12,0.065,0.08000000000000002,0.03162277660168379,0.1,0.002,0.0017512328922748566,0.00047482173798092664,0.004748217379809266,0.028202426507213572,0.016836201589231246,3.367240317846249e-05,141.0121325360679,14.101213253606788
6,13,0.065,0.08000000000000002,0.03162277660168379,0.31622776601683794,0.002,0.0005206800997257233,0.0001592683300130349,0.001592683300130349,0.009548956325177481,0.016679134827865566,3.335826965573113e-05,47.744781625887406,4.77447816258874
6,14,0.065,0.08000000000000002,0.03162277660168379,1.0,0.002,0.0021556243300437927,0.0005277781974595821,0.005277781974595821,0.032301808675033586,0.016338967355332877,3.267793471066575e-05,161.50904337516795,16.150904337516796
6,15,0.065,0.09500000000000001,0.03162277660168379,0.01,0.002,0.004477392882108688,0.0012008767714924238,0.012008767714924238,0.06982714438316792,0.01719785023575874,3.439570047151748e-05,349.13572191583955,34.91357219158395
6,16,0.065,0.09500000000000001,0.03162277660168379,0.03162277660168379,0.002,0.004322759807109833,0.0011609832657949147,0.011609832657949147,0.06758541293139292,0.01717801542432608,3.435603084865216e-05,337.92706465696455,33.792706465696455
6,17,0.065,0.09500000000000001,0.03162277660168379,0.1,0.002,0.0038357116281986237,0.0010354940022693064,0.010354940022693063,0.06049992212597618,0.017115625374081393,3.4231250748162785e-05,302.4996106298809,30.249961062988096
6,18,0.065,0.09500000000000001,0.03162277660168379,0.31622776601683794,0.002,0.0023744292557239532,0.0006602810366020796,0.006602810366020797,0.03900282921295834,0.016929054889759307,3.385810977951861e-05,195.01414606479176,19.501414606479173
6,19,0.065,0.09500000000000001,0.03162277660168379,1.0,0.002,0.000803682953119278,0.00015991240716807192,0.0015991240716807192,0.009676994364884242,0.01652500778013885,3.30500155602777e-05,48.384971824421214,4.838497182442121
6,20,0.065,0.11000000000000001,0.03162277660168379,0.01,0.002,0.006663188338279724,0.0017876672632799163,0.017876672632799163,0.10220883748436642,0.01749033945869263,3.498067891738526e-05,511.0441874218321,51.104418742183206
6,21,0.065,0.11000000000000001,0.03162277660168379,0.03162277660168379,0.002,0.006484143435955048,0.0017414750841449641,0.017414750841449642,0.09969877715490467,0.017467366539904376,3.493473307980875e-05,498.4938857745232,49.84938857745232
6,22,0.065,0.11000000000000001,0.03162277660168379,0.1,0.002,0.005920190364122391,0.0015961694590595154,0.015961694590595155,0.0917596883199024,0.01739510550095571,3.4790211001911416e-05,458.798441599512,45.8798441599512
6,23,0.065,0.11000000000000001,0.03162277660168379,0.31622776601683794,0.002,0.004228178411722183,0.0011616353275983881,0.011616353275983881,0.06761942049045254,0.017179019269507108,3.4358038539014216e-05,338.09710245226273,33.80971024522628
6,24,0.065,0.11000000000000001,0.03162277660168379,1.0,0.002,0.0005482584238052368,0.0002255469769684146,0.0022554697696841462,0.01349686123960197,0.0167110688155127,3.3422137631025405e-05,67.48430619800986,6.748430619800986
6,25,0.065,0.125,0.03162277660168379,0.01,0.002,0.008848980069160461,0.002374457586674323,0.023744575866743226,0.13352488331653042,0.017782884565759167,3.556576913151834e-05,667.6244165826521,66.76244165826522
6,26,0.065,0.125,0.03162277660168379,0.03162277660168379,0.002,0.008645527064800262,0.002321966821592595,0.023219668215925953,0.13076513921914013,0.017756772450655784,3.551354490131157e-05,653.8256960957006,65.38256960957006
6,27,0.065,0.125,0.03162277660168379,0.1,0.002,0.00800466537475586,0.0021568455427910353,0.021568455427910353,0.12203054353902384,0.01767463685926551,3.534927371853102e-05,610.1527176951192,61.01527176951192
6,28,0.065,0.125,0.03162277660168379,0.31622776601683794,0.002,0.006081927567720413,0.0016630222749712234,0.016630222749712233,0.09541683190803045,0.01742902422681737,3.4858048453634745e-05,477.0841595401522,47.70841595401522
6,29,0.065,0.125,0.03162277660168379,1.0,0.002,0.0019001998007297516,0.0005953556778744028,0.005953556778744028,0.03523409001430587,0.016897149256094715,3.379429851218943e-05,176.1704500715294,17.61704500715294
6,30,0.065,0.14,0.03162277660168379,0.01,0.002,0.011034779250621796,0.0029612481355910923,0.029612481355910922,0.16382679842727166,0.018075480715114455,3.615096143022891e-05,819.1339921363583,81.91339921363583
6,31,0.065,0.14,0.03162277660168379,0.03162277660168379,0.002,0.01080690324306488,0.0029024584338891413,0.029024584338891414,0.16083462932507472,0.01804622826607054,3.6092456532141083e-05,804.1731466253735,80.41731466253735
6,32,0.065,0.14,0.03162277660168379,0.1,0.002,0.010089144110679626,0.0027175219623067908,0.027175219623067907,0.1513584389135759,0.017954215052775932,3.5908430105551864e-05,756.7921945678795,75.67921945678795
6,33,0.065,0.14,0.03162277660168379,0.31622776601683794,0.002,0.007935676723718643,0.0021644191794800774,0.021644191794800774,0.12242836343039722,0.0176790665074159,3.5358133014831804e-05,612.1418171519862,61.21418171519861
6,34,0.065,0.14,0.03162277660168379,1.0,0.002,0.003252144902944565,0.000967627299226686,0.009676272992266859,0.05664188192889965,0.017083247700726306,3.416649540145261e-05,283.20940964449824,28.32094096444983
6,35,0.065,0.15500000000000003,0.03162277660168379,0.01,0.002,0.01322057843208313,0.0035480389131579593,0.035480389131579596,0.19316284088004615,0.018368123480650644,3.673624696130129e-05,965.8142044002306,96.58142044002305
6,36,0.065,0.15500000000000003,0.03162277660168379,0.03162277660168379,0.002,0.012968286871910095,0.0034829502209130035,0.03482950220913004,0.1899542729341089,0.018335729789669776,3.667145957933955e-05,949.7713646705445,94.97713646705444
6,37,0.065,0.15500000000000003,0.03162277660168379,0.1,0.002,0.012173622846603394,0.0032781984871064697,0.03278198487106469,0.17978655029150192,0.01823383607834552,3.646767215669104e-05,898.9327514575097,89.89327514575098
6,38,0.065,0.15500000000000003,0.03162277660168379,0.31622776601683794,0.002,0.009789422154426575,0.002665820202141729,0.02665820202141729,0.14868642557474285,0.017929143106622424,3.585828621324485e-05,743.4321278737142,74.34321278737141
6,39,0.065,0.15500000000000003,0.03162277660168379,1.0,0.002,0.00460408627986908,0.0013403111155810487,0.013403111155810488,0.07761207589484619,0.017269363048567188,3.453872609713438e-05,388.0603794742309,38.806037947423086
6,40,0.065,0.17000000000000004,0.03162277660168379,0.01,0.002,0.015406370162963867,0.004134829286371461,0.04134829286371461,0.22157824832480524,0.018660808620123814,3.732161724024763e-05,1107.8912416240262,110.78912416240262
6,41,0.065,0.17000000000000004,0.03162277660168379,0.03162277660168379,0.002,0.015129663050174713,0.0040634416299159285,0.04063441629915929,0.2181681655981904,0.018625272934639517,3.7250545869279036e-05,1090.8408279909522,109.08408279909521
6,42,0.065,0.17000000000000004,0.03162277660168379,0.1,0.002,0.01425810158252716,0.003838875146658497,0.038388751466584964,0.20735549079421328,0.018513496469058196,3.7026992938116393e-05,1036.7774539710663,103.67774539710663
6,43,0.065,0.17000000000000004,0.03162277660168379,0.31622776601683794,0.002,0.011643178761005402,0.003167223951435339,0.03167223951435339,0.1742219096648225,0.018179251722866628,3.6358503445733256e-05,871.1095483241127,87.11095483241127
6,44,0.065,0.17000000000000004,0.03162277660168379,1.0,0.002,0.005956027656793594,0.001713138278807854,0.01713138278807854,0.0981432116652456,0.017455494371339277,3.4910988742678555e-05,490.71605832622805,49.07160583262281
6,45,0.065,0.18500000000000005,0.03162277660168379,0.01,0.002,0.0175921693444252,0.0047216200702228615,0.04721620070222861,0.2491155641406865,0.01895353301793843,3.790706603587686e-05,1245.5778207034325,124.55778207034328
6,46,0.065,0.18500000000000005,0.03162277660168379,0.03162277660168379,0.002,0.017291046679019928,0.004643933330351986,0.046439333303519854,0.24551779184938397,0.018914854582925158,3.782970916585032e-05,1227.5889592469198,122.75889592469198
6,47,0.065,0.18500000000000005,0.03162277660168379,0.1,0.002,0.016342580318450928,0.004399551844176022,0.04399551844176022,0.23410347752425298,0.018793193038835705,3.758638607767141e-05,1170.517387621265,117.0517387621265
6,48,0.065,0.18500000000000005,0.03162277660168379,0.31622776601683794,0.002,0.013496927917003632,0.003668628769255897,0.036686287692558966,0.19906404048602463,0.018429389659221015,3.685877931844203e-05,995.3202024301233,99.53202024301234
6,49,0.065,0.18500000000000005,0.03162277660168379,1.0,0.002,0.007307969033718109,0.0020860317747283448,0.02086031774728345,0.11824477220166847,0.017641640606069098,3.52832812121382e-05,591.2238610083423,59.12238610083423
6,50,0.065,0.2,0.03162277660168379,0.01,0.002,0.01977796107530594,0.0053084105138964345,0.053084105138964346,0.2758146965292949,0.01924629318413646,3.8492586368272924e-05,1379.0734826464743,137.90734826464742
6,51,0.065,0.2,0.03162277660168379,0.03162277660168379,0.002,0.019452430307865143,0.005224425100317383,0.052244251003173835,0.27204211684168855,0.019204471575839377,3.8408943151678754e-05,1360.210584208443,136.0210584208443
6,52,0.065,0.2,0.03162277660168379,0.1,0.002,0.018427059054374695,0.00496022841420328,0.0496022841420328,0.2600665058918906,0.019072922894058653,3.8145845788117306e-05,1300.332529459453,130.0332529459453
6,53,0.065,0.2,0.03162277660168379,0.31622776601683794,0.002,0.015350677073001862,0.004170034507664186,0.04170034507664186,0.22324057061356672,0.01867955495814687,3.735910991629374e-05,1116.2028530678335,111.62028530678336
6,54,0.065,0.2,0.03162277660168379,1.0,0.002,0.008659914135932922,0.0024589615457565822,0.024589615457565824,0.1379284832708063,0.017827800954852098,3.56556019097042e-05,689.6424163540315,68.96424163540316
7,8,0.065,0.065,0.1,0.31622776601683794,0.002,0.0009998232126235962,0.00025699502951926967,0.0025699502951926963,0.015683241287131677,0.016386601775370102,3.277320355074021e-05,78.41620643565838,7.8416206435658395
7,9,0.065,0.065,0.1,1.0,0.002,0.0031743235886096954,0.0008139843062564172,0.008139843062564172,0.05052574560195217,0.016110287865301037,3.2220575730602075e-05,252.6287280097608,25.26287280097608
7,10,0.065,0.08000000000000002,0.1,0.01,0.002,0.0026248395442962646,0.0006999615482584719,0.006999615482584718,0.0415093071997125,0.016862761522151347,3.372552304430269e-05,207.5465359985625,20.75465359985625
7,11,0.065,0.08000000000000002,0.1,0.03162277660168379,0.002,0.002494625747203827,0.0006663632252750906,0.006663632252750905,0.03955601975711487,0.016846063617288822,3.3692127234577646e-05,197.7800987855743,19.77800987855743
7,12,0.065,0.08000000000000002,0.1,0.1,0.002,0.002084478735923767,0.0005606768993270568,0.005606768993270569,0.03338646200286274,0.016793540426026016,3.358708085205203e-05,166.93231001431369,16.693231001431368
7,13,0.065,0.08000000000000002,0.1,0.31622776601683794,0.002,0.0008539259433746338,0.0002447933659722536,0.0024479336597225364,0.014714258015642497,0.016636473664660333,3.327294732932066e-05,73.5712900782125,7.35712900782125
7,14,0.065,0.08000000000000002,0.1,1.0,0.002,0.0018223784863948822,0.00044195492210026777,0.004419549221002677,0.027119944660451065,0.016296306192127644,3.259261238425529e-05,135.5997233022553,13.559972330225534
7,15,0.065,0.09500000000000001,0.1,0.01,0.002,0.004810638725757599,0.0012867482565206993,0.012867482565206994,0.07500635819743666,0.017155189072553506,3.431037814510701e-05,375.0317909871833,37.50317909871833
7,16,0.065,0.09500000000000001,0.1,0.03162277660168379,0.002,0.004656005650758743,0.0012468523575970703,0.012468523575970702,0.07276490106925354,0.017135354261120846,3.427070852224169e-05,363.82450534626764,36.38245053462676
7,17,0.065,0.09500000000000001,0.1,0.1,0.002,0.004168957471847534,0.0011213535327924866,0.011213535327924866,0.06568007282989204,0.017072964210876163,3.4145928421752325e-05,328.4003641494602,32.84003641494602
7,18,0.065,0.09500000000000001,0.1,0.31622776601683794,0.002,0.0027076750993728638,0.0007460708087632767,0.007460708087632766,0.04418177266529505,0.016886393726554077,3.377278745310815e-05,220.90886332647523,22.090886332647525
7,19,0.065,0.09500000000000001,0.1,1.0,0.002,0.00047043710947036743,7.971977328972087e-05,0.0007971977328972087,0.0048366761810371365,0.01648234661693362,3.296469323386724e-05,24.183380905185683,2.4183380905185685
7,20,0.065,0.11000000000000001,0.1,0.01,0.002,0.006996434181928635,0.0018735373773474803,0.018735373773474805,0.10738032565811609,0.0174476782954874,3.48953565909748e-05,536.9016282905803,53.69016282905803
7,21,0.065,0.11000000000000001,0.1,0.03162277660168379,0.002,0.006817389279603958,0.0018273432653430953,0.018273432653430954,0.10487082712954653,0.017424705376699143,3.4849410753398286e-05,524.3541356477325,52.43541356477325
7,22,0.065,0.11000000000000001,0.1,0.1,0.002,0.006253436207771301,0.0016820302894504176,0.016820302894504178,0.0969333343885817,0.017352444337750475,3.470488867550095e-05,484.66667194290847,48.46666719429084
7,23,0.065,0.11000000000000001,0.1,0.31622776601683794,0.002,0.004561424255371094,0.001247453604014227,0.012474536040142271,0.0727957245218561,0.017136358106301874,3.427271621260375e-05,363.97862260928054,36.39786226092805
7,24,0.065,0.11000000000000001,0.1,1.0,0.002,0.0008815042674541473,0.0003092953737627047,0.0030929537376270474,0.018555784104541492,0.01666840765230747,3.3336815304614945e-05,92.77892052270745,9.277892052270744
7,25,0.065,0.125,0.1,0.01,0.002,0.009182225912809372,0.00246032698179583,0.0246032698179583,0.13868635845034702,0.017740223402553934,3.548044680510787e-05,693.431792251735,69.34317922517351
7,26,0.065,0.125,0.1,0.03162277660168379,0.002,0.008978772908449173,0.002407834531381324,0.02407834531381324,0.1359274813344511,0.017714111287450554,3.542822257490111e-05,679.6374066722552,67.96374066722552
7,27,0.065,0.125,0.1,0.1,0.002,0.00833791121840477,0.002242706997051443,0.022427069970514427,0.12719544512261083,0.01763197569606028,3.526395139212056e-05,635.977225613054,63.5977225613054
7,28,0.065,0.125,0.1,0.31622776601683794,0.002,0.006415173411369324,0.0017488511089802205,0.017488511089802206,0.10058751807848677,0.01738636306361214,3.477272612722428e-05,502.93759039243383,50.29375903924338
7,29,0.065,0.125,0.1,1.0,0.002,0.002233445644378662,0.0006806243683261981,0.006806243683261981,0.04038238151020069,0.016854488092889485,3.370897618577897e-05,201.91190755100345,20.191190755100347
7,30,0.065,0.14,0.1,0.01,0.002,0.011368025094270706,0.0030471170884579664,0.030471170884579665,0.16897618698432287,0.018032819551909225,3.606563910381845e-05,844.8809349216143,84.48809349216143
7,31,0.065,0.14,0.1,0.03162277660168379,0.002,0.011140149086713791,0.0029883258551112886,0.029883258551112887,0.16598520937751773,0.01800356710286531,3.6007134205730624e-05,829.9260468875885,82.99260468875885
7,32,0.065,0.14,0.1,0.1,0.002,0.010422389954328537,0.0028033837830699795,0.028033837830699793,0.15651259518596522,0.0179115538895707,3.58231077791414e-05,782.562975929826,78.2562975929826
7,33,0.065,0.14,0.1,0.31622776601683794,0.002,0.008268922567367554,0.002250253486489595,0.02250253486489595,0.12759139079485174,0.01763640534421067,3.5272810688421345e-05,637.9569539742586,63.79569539742585
7,34,0.065,0.14,0.1,1.0,0.002,0.0035853907465934753,0.0010531441856134348,0.010531441856134348,0.061802108941177186,0.017040586537521073,3.4081173075042146e-05,309.010544705886,30.901054470588594
7,35,0.065,0.15500000000000003,0.1,0.01,0.002,0.01355382427573204,0.003633907566461541,0.03633907566461541,0.19829827501825953,0.01832546231744541,3.6650924634890826e-05,991.4913750912973,99.14913750912973
7,36,0.065,0.15500000000000003,0.1,0.03162277660168379,0.002,0.013301532715559006,0.0035688174476743097,0.0356881744767431,0.19509124032428926,0.018293068626464543,3.6586137252929086e-05,975.4562016214462,97.54562016214462
7,37,0.065,0.15500000000000003,0.1,0.1,0.002,0.012506868690252304,0.0033640605491323475,0.03364060549132348,0.18492816240981128,0.018191174915140287,3.638234983028057e-05,924.6408120490564,92.46408120490563
7,38,0.065,0.15500000000000003,0.1,0.31622776601683794,0.002,0.010122667998075485,0.002751657851871874,0.02751657851871874,0.153840082168007,0.017886481943417194,3.577296388683439e-05,769.2004108400348,76.92004108400347
7,39,0.065,0.15500000000000003,0.1,1.0,0.002,0.00493733212351799,0.0014259217699323647,0.014259217699323649,0.08277392732639169,0.017226701885361954,3.445340377072391e-05,413.8696366319584,41.38696366319583
7,40,0.065,0.17000000000000004,0.1,0.01,0.002,0.015739616006612778,0.004220697723151914,0.04220697723151914,0.22669805000300847,0.01861814745691858,3.723629491383716e-05,1133.4902500150424,113.34902500150426
7,41,0.065,0.17000000000000004,0.1,0.03162277660168379,0.002,0.015462908893823624,0.0041493087163287055,0.041493087163287055,0.22328985652636515,0.018582611771434287,3.716522354286858e-05,1116.4492826318256,111.64492826318255
7,42,0.065,0.17000000000000004,0.1,0.1,0.002,0.014591347426176071,0.003924737379377684,0.03924737379377684,0.21248293942256252,0.018470835305852966,3.6941670611705934e-05,1062.4146971128123,106.24146971128123
7,43,0.065,0.17000000000000004,0.1,0.31622776601683794,0.002,0.011976424604654312,0.003253063853782394,0.03253063853782394,0.17936468505925887,0.018136590559661395,3.627318111932279e-05,896.8234252962944,89.68234252962944
7,44,0.065,0.17000000000000004,0.1,1.0,0.002,0.006289273500442505,0.001798797016951263,0.017987970169512632,0.10330294877636527,0.017412833208134047,3.4825666416268096e-05,516.5147438818262,51.65147438818262
7,45,0.065,0.18500000000000005,0.1,0.01,0.002,0.017925415188074112,0.004807488343375269,0.048074883433752685,0.2542182285568184,0.0189108718547332,3.78217437094664e-05,1271.0911427840917,127.10911427840918
7,46,0.065,0.18500000000000005,0.1,0.03162277660168379,0.002,0.01762429252266884,0.004729800311131446,0.04729800311131446,0.25062271278913373,0.018872193419719928,3.774438683943986e-05,1253.1135639456684,125.31135639456684
7,47,0.065,0.18500000000000005,0.1,0.1,0.002,0.016675826162099838,0.004485414204120891,0.04485414204120891,0.23921530513758146,0.018750531875630475,3.750106375126095e-05,1196.0765256879072,119.60765256879073
7,48,0.065,0.18500000000000005,0.1,0.31622776601683794,0.002,0.013830173760652542,0.0037544702916306846,0.03754470291630684,0.2041945793915562,0.018386728496015785,3.677345699203157e-05,1020.972896957781,102.09728969577812
7,49,0.065,0.18500000000000005,0.1,1.0,0.002,0.00764121487736702,0.00217171946453731,0.0217171946453731,0.12340030690915499,0.017598979442863864,3.519795888572773e-05,617.0015345457748,61.70015345457748
7,50,0.065,0.2,0.1,0.01,0.002,0.02011120691895485,0.005394278658812611,0.05394278658812611,0.2808988764694644,0.019203632020931227,3.840726404186246e-05,1404.4943823473218,140.44943823473216
7,51,0.065,0.2,0.1,0.03162277660168379,0.002,0.019785676151514053,0.005310291998668199,0.05310291998668199,0.2771289290685661,0.019161810412634147,3.8323620825268295e-05,1385.6446453428302,138.56446453428305
7,52,0.065,0.2,0.1,0.1,0.002,0.018760304898023605,0.0050460908726535645,0.05046090872653564,0.2651614015624613,0.019030261730853423,3.806052346170685e-05,1325.8070078123064,132.58070078123066
7,53,0.065,0.2,0.1,0.31622776601683794,0.002,0.015683922916650772,0.004255877250759495,0.042558772507594954,0.22835764895084673,0.018636893794941635,3.727378758988327e-05,1141.7882447542336,114.17882447542334
7,54,0.065,0.2,0.1,1.0,0.002,0.008993159979581833,0.0025446684826497864,0.025446684826497864,0.14307835150359285,0.017785139791646868,3.557027958329374e-05,715.3917575179642,71.5391757517964
8,9,0.065,0.065,0.31622776601683794,1.0,0.002,0.0021745003759860992,0.0005569897707743433,0.005569897707743432,0.0348495174655858,0.015982711132926743,3.1965422265853485e-05,174.24758732792904,17.424758732792903
8,10,0.065,0.08000000000000002,0.31622776601683794,0.01,0.002,0.003624662756919861,0.0009568850582366348,0.009568850582366348,0.05717803957690164,0.016735184789777053,3.3470369579554104e-05,285.89019788450827,28.589019788450823
8,11,0.065,0.08000000000000002,0.31622776601683794,0.03162277660168379,0.002,0.003494448959827423,0.0009232810571947009,0.00923281057194701,0.05522515665145501,0.016718486884914528,3.3436973769829057e-05,276.1257832572751,27.612578325727505
8,12,0.065,0.08000000000000002,0.31622776601683794,0.1,0.002,0.0030843019485473633,0.0008175702841582338,0.008175702841582339,0.04905628616421724,0.016665963693651722,3.333192738730344e-05,245.28143082108622,24.52814308210862
8,13,0.065,0.08000000000000002,0.31622776601683794,0.31622776601683794,0.002,0.00185374915599823,0.0005014084451669196,0.005014084451669195,0.030372013782842593,0.016508896932286042,3.301779386457209e-05,151.86006891421297,15.186006891421297
8,14,0.065,0.08000000000000002,0.31622776601683794,1.0,0.002,0.000822555273771286,0.00018562958465879415,0.0018562958465879417,0.011480777455078146,0.016168729459753353,3.2337458919506704e-05,57.40388727539074,5.740388727539074
8,15,0.065,0.09500000000000001,0.31622776601683794,0.01,0.002,0.005810461938381195,0.001543647895557458,0.01543647895557458,0.09065556959591971,0.017027612340179216,3.405522468035843e-05,453.2778479795985,45.32778479795985
8,16,0.065,0.09500000000000001,0.31622776601683794,0.03162277660168379,0.002,0.0056558288633823395,0.001503746843992948,0.01503746843992948,0.08841524658064902,0.017007777528746555,3.401555505749311e-05,442.07623290324506,44.207623290324506
8,17,0.065,0.09500000000000001,0.31622776601683794,0.1,0.002,0.00516878068447113,0.001378227967884586,0.01378227967884586,0.08133351743258184,0.01694538747850187,3.389077495700374e-05,406.6675871629092,40.66675871629092
8,18,0.065,0.09500000000000001,0.31622776601683794,0.31622776601683794,0.002,0.00370749831199646,0.001002816657183141,0.01002816657183141,0.05983815310659529,0.016758816994179783,3.3517633988359564e-05,299.1907655329765,29.919076553297646
8,19,0.065,0.09500000000000001,0.31622776601683794,1.0,0.002,0.0005293861031532288,0.00019224060660814492,0.0019224060660814493,0.011754406082450652,0.016354769884559327,3.270953976911865e-05,58.77203041225327,5.877203041225327
8,20,0.065,0.11000000000000001,0.31622776601683794,0.01,0.002,0.00799625739455223,0.0021304259985033655,0.021304259985033654,0.12300308925673782,0.017320101563113106,3.4640203126226214e-05,615.015446283689,61.501544628368904
8,21,0.065,0.11000000000000001,0.31622776601683794,0.03162277660168379,0.002,0.007817212492227554,0.002084227215013632,0.020842272150136322,0.12049556072981296,0.017297128644324852,3.45942572886497e-05,602.4778036490648,60.24778036490647
8,22,0.065,0.11000000000000001,0.31622776601683794,0.1,0.002,0.0072532594203948975,0.0019388967345435185,0.019388967345435184,0.11256381058849793,0.017224867605376185,3.444973521075237e-05,562.8190529424896,56.281905294248965
8,23,0.065,0.11000000000000001,0.31622776601683794,0.31622776601683794,0.002,0.00556124746799469,0.0015042251081399116,0.015042251081399118,0.08843814704125176,0.017008781373927584,3.401756274785517e-05,442.1907352062588,44.21907352062588
8,24,0.065,0.11000000000000001,0.31622776601683794,1.0,0.002,0.0018813274800777435,0.0005636770536520892,0.005636770536520892,0.03407791642273593,0.016540830919933178,3.3081661839866356e-05,170.3895821136797,17.03895821136797
8,25,0.065,0.125,0.31622776601683794,0.01,0.002,0.010182049125432968,0.0027172092767789617,0.027172092767789615,0.15427603401478143,0.017612646670179644,3.522529334035929e-05,771.380170073907,77.13801700739072
8,26,0.065,0.125,0.31622776601683794,0.03162277660168379,0.002,0.00997859612107277,0.0026647124930479897,0.026647124930479896,0.151520044196475,0.01758653455507626,3.517306911015252e-05,757.6002209823749,75.7600220982375
8,27,0.065,0.125,0.31622776601683794,0.1,0.002,0.009337734431028366,0.002499569036050812,0.024995690360508117,0.14279662165129636,0.017504398963685986,3.500879792737197e-05,713.9831082564818,71.3983108256482
8,28,0.065,0.125,0.31622776601683794,0.31622776601683794,0.002,0.00741499662399292,0.0020056335571969966,0.020056335571969966,0.11620942044846251,0.017258786331237848,3.4517572662475696e-05,581.0471022423125,58.10471022423125
8,29,0.065,0.125,0.31622776601683794,1.0,0.002,0.0032332688570022583,0.0009363678796626279,0.009363678796626279,0.055979723900072574,0.01672691136051519,3.345382272103038e-05,279.89861950036294,27.989861950036296
8,30,0.065,0.14,0.31622776601683794,0.01,0.002,0.012367848306894302,0.0033039952822973757,0.033039952822973756,0.1845266950913762,0.01790524281953493,3.581048563906986e-05,922.6334754568811,92.2633475456881
8,31,0.065,0.14,0.31622776601683794,0.03162277660168379,0.002,0.012139972299337387,0.0032451999556244054,0.03245199955624405,0.18153958960402294,0.017875990370491018,3.5751980740982035e-05,907.6979480201147,90.76979480201148
8,32,0.065,0.14,0.31622776601683794,0.1,0.002,0.011422213166952133,0.0030602430306726756,0.03060243030672676,0.17207866404812197,0.017783977157196408,3.5567954314392816e-05,860.3933202406098,86.03933202406098
8,33,0.065,0.14,0.31622776601683794,0.31622776601683794,0.002,0.00926874577999115,0.002507042002229329,0.025070420022293288,0.14318730611906896,0.017508828611836377,3.5017657223672756e-05,715.9365305953448,71.59365305953449
8,34,0.065,0.14,0.31622776601683794,1.0,0.002,0.0045852139592170715,0.0013092421370204457,0.013092421370204457,0.07741035759478075,0.016913009805146782,3.3826019610293564e-05,387.0517879739038,38.70517879739038
8,35,0.065,0.15500000000000003,0.31622776601683794,0.01,0.002,0.014553647488355637,0.0038907828863897617,0.03890782886389762,0.21380411851702258,0.01819788558507112,3.639577117014224e-05,1069.0205925851126,106.90205925851126
8,36,0.065,0.15500000000000003,0.31622776601683794,0.03162277660168379,0.002,0.014301355928182602,0.003825688853152375,0.038256888531523744,0.21060199610652872,0.018165491894090252,3.6330983788180504e-05,1053.0099805326436,105.30099805326438
8,37,0.065,0.15500000000000003,0.31622776601683794,0.1,0.002,0.0135066919028759,0.0036209178701568385,0.03620917870156838,0.20045385385130302,0.018063598182765997,3.6127196365532e-05,1002.269269256515,100.22692692565151
8,38,0.065,0.15500000000000003,0.31622776601683794,0.31622776601683794,0.002,0.011122491210699081,0.0030084502230516455,0.030084502230516452,0.1694051624973436,0.0177589052110429,3.55178104220858e-05,847.0258124867181,84.70258124867182
8,39,0.065,0.15500000000000003,0.31622776601683794,1.0,0.002,0.005937155336141586,0.00168217780456265,0.0168217780456265,0.09837800410910086,0.017099125152987664,3.419825030597533e-05,491.8900205455043,49.18900205455042
8,40,0.065,0.17000000000000004,0.31622776601683794,0.01,0.002,0.016739439219236374,0.00447757091691775,0.0447757091691775,0.24215428412786874,0.01849057072454429,3.6981141449088584e-05,1210.7714206393437,121.07714206393437
8,41,0.065,0.17000000000000004,0.31622776601683794,0.03162277660168379,0.002,0.01646273210644722,0.0044061781328303675,0.04406178132830367,0.2387520870865166,0.018455035039059993,3.691007007811999e-05,1193.760435432583,119.37604354325832
8,42,0.065,0.17000000000000004,0.31622776601683794,0.1,0.002,0.015591170638799667,0.0041815932901890125,0.041815932901890125,0.22796349260621052,0.018343258573478672,3.6686517146957345e-05,1139.8174630310525,113.98174630310524
8,43,0.065,0.17000000000000004,0.31622776601683794,0.31622776601683794,0.002,0.012976247817277908,0.0035098588932701994,0.035098588932702,0.19489456374074696,0.018009013827287104,3.601802765457421e-05,974.4728187037348,97.44728187037347
8,44,0.065,0.17000000000000004,0.31622776601683794,1.0,0.002,0.007289096713066101,0.002055141601984465,0.020551416019844646,0.11889563830693078,0.017285256475759753,3.4570512951519506e-05,594.4781915346539,59.447819153465396
8,45,0.065,0.18500000000000005,0.31622776601683794,0.01,0.002,0.018925238400697708,0.005064359901126695,0.05064359901126694,0.26962041900189687,0.018783295122358906,3.756659024471781e-05,1348.1020950094844,134.81020950094845
8,46,0.065,0.18500000000000005,0.31622776601683794,0.03162277660168379,0.002,0.018624115735292435,0.0049866682007444485,0.049866682007444485,0.266032017827866,0.018744616687345634,3.748923337469127e-05,1330.16008913933,133.016008913933
8,47,0.065,0.18500000000000005,0.31622776601683794,0.1,0.002,0.017675649374723434,0.004742269038287844,0.04742269038287844,0.25464642973191787,0.01862295514325618,3.7245910286512367e-05,1273.2321486595893,127.32321486595892
8,48,0.065,0.18500000000000005,0.31622776601683794,0.31622776601683794,0.002,0.014829996973276138,0.004011267286234134,0.040112672862341346,0.21968530291870203,0.01825915176364149,3.6518303527282984e-05,1098.4265145935105,109.84265145935103
8,49,0.065,0.18500000000000005,0.31622776601683794,1.0,0.002,0.008641038089990616,0.002428120405187996,0.024281204051879963,0.13897684378428232,0.017471402710489574,3.494280542097915e-05,694.8842189214116,69.48842189214116
8,50,0.065,0.2,0.31622776601683794,0.01,0.002,0.021111030131578445,0.0056511489180650675,0.056511489180650666,0.2962430561550634,0.019076055288556937,3.8152110577113875e-05,1481.2152807753168,148.1215280775317
8,51,0.065,0.2,0.31622776601683794,0.03162277660168379,0.002,0.02078549936413765,0.00556715867906811,0.0556715867906811,0.29248136660430596,0.019034233680259853,3.8068467360519706e-05,1462.4068330215298,146.24068330215297
8,52,0.065,0.2,0.31622776601683794,0.1,0.002,0.0197601281106472,0.005302944857966501,0.05302944857966501,0.2805392386527715,0.01890268499847913,3.780536999695826e-05,1402.6961932638578,140.2696193263858
8,53,0.065,0.2,0.31622776601683794,0.31622776601683794,0.002,0.01668374612927437,0.004512675739102541,0.04512675739102541,0.24380563171770575,0.018509317062567344,3.701863412513469e-05,1219.0281585885286,121.90281585885288
8,54,0.065,0.2,0.31622776601683794,1.0,0.002,0.009992983192205429,0.002801108347007984,0.02801108347007984,0.15863504706766593,0.017657563059272574,3.531512611854515e-05,793.1752353383296,79.31752353383297
9,10,0.065,0.08000000000000002,1.0,0.01,0.002,0.00579916313290596,0.0015137854544007411,0.01513785454400741,0.09197383377416704,0.016458870879707987,3.291774175941598e-05,459.86916887083515,45.986916887083524
9,11,0.065,0.08000000000000002,1.0,0.03162277660168379,0.002,0.005668949335813522,0.001480177514118664,0.014801775141186638,0.09002322967792377,0.016442172974845463,3.2884345949690924e-05,450.11614838961873,45.011614838961876
9,12,0.065,0.08000000000000002,1.0,0.1,0.002,0.0052588023245334625,0.0013744511202869209,0.013744511202869208,0.08386092066858528,0.016389649783582656,3.277929956716532e-05,419.30460334292627,41.93046033429263
9,13,0.065,0.08000000000000002,1.0,0.31622776601683794,0.002,0.004028249531984329,0.0010581835709980183,0.010581835709980184,0.06518885931768957,0.016232583022216973,3.246516604443395e-05,325.9442965884478,32.594429658844774
9,14,0.065,0.08000000000000002,1.0,1.0,0.002,0.0013519451022148132,0.0003730129860715202,0.0037301298607152022,0.023471132182856267,0.015892415549684284,3.178483109936857e-05,117.35566091428134,11.735566091428133
9,15,0.065,0.09500000000000001,1.0,0.01,0.002,0.007984962314367294,0.002100485919631153,0.02100485919631153,0.12539242425862157,0.016751298430110147,3.35025968602203e-05,626.9621212931078,62.69621212931078
9,16,0.065,0.09500000000000001,1.0,0.03162277660168379,0.002,0.007830329239368439,0.002060579269984719,0.02060579269984719,0.12315594839440555,0.016731463618677486,3.346292723735497e-05,615.7797419720279,61.57797419720279
9,17,0.065,0.09500000000000001,1.0,0.1,0.002,0.00734328106045723,0.0019350393933458296,0.019350393933458297,0.11608559920272515,0.016669073568432804,3.333814713686561e-05,580.4279960136256,58.04279960136256
9,18,0.065,0.09500000000000001,1.0,0.31622776601683794,0.002,0.005881998687982559,0.0015595151358866856,0.015595151358866856,0.09461640188558935,0.016482503084110717,3.296500616822144e-05,473.08200942794673,47.30820094279467
9,19,0.065,0.09500000000000001,1.0,1.0,0.002,0.002703886479139328,0.0007460259442465693,0.007460259442465693,0.04639910358495855,0.01607845597449026,3.2156911948980525e-05,231.99551792479272,23.199551792479273
9,20,0.065,0.11000000000000001,1.0,0.01,0.002,0.01017075777053833,0.0026872257149821465,0.026872257149821464,0.1576659935975091,0.01704378765304404,3.408757530608808e-05,788.3299679875455,78.83299679875455
9,21,0.065,0.11000000000000001,1.0,0.03162277660168379,0.002,0.009991712868213654,0.002641020721100904,0.026410207211009038,0.15516417764571713,0.017020814734255783,3.404162946851157e-05,775.8208882285855,77.58208882285855
9,22,0.065,0.11000000000000001,1.0,0.1,0.002,0.009427759796380997,0.00249566748987305,0.0249566748987305,0.14724958452142586,0.016948553695307116,3.3897107390614235e-05,736.2479226071293,73.62479226071294
9,23,0.065,0.11000000000000001,1.0,0.31622776601683794,0.002,0.007735747843980789,0.0020608842352386283,0.020608842352386286,0.12316678575291173,0.016732467463858515,3.346493492771703e-05,615.8339287645589,61.583392876455875
9,24,0.065,0.11000000000000001,1.0,1.0,0.002,0.004055827856063843,0.0011190388362578587,0.011190388362578588,0.06880246339803289,0.016264517009864112,3.2529034019728223e-05,344.01231699016444,34.401231699016435
9,25,0.065,0.125,1.0,0.01,0.002,0.012356549501419067,0.0032739834981696577,0.032739834981696574,0.18885098385414095,0.017336332760110575,3.467266552022115e-05,944.2549192707048,94.4254919270705
9,26,0.065,0.125,1.0,0.03162277660168379,0.002,0.012153096497058868,0.0032214802434819526,0.03221480243481953,0.18610278341028128,0.017310220645007195,3.462044129001439e-05,930.5139170514062,93.05139170514062
9,27,0.065,0.125,1.0,0.1,0.002,0.011512234807014465,0.0030563133884314313,0.030563133884314312,0.17740296608239575,0.01722808505361692,3.4456170107233844e-05,887.0148304119786,88.70148304119786
9,28,0.065,0.125,1.0,0.31622776601683794,0.002,0.00958949699997902,0.002562268732610193,0.02562268732610193,0.15087724973522149,0.01698247242116878,3.396494484233756e-05,754.3862486761074,75.43862486761073
9,29,0.065,0.125,1.0,1.0,0.002,0.0054077692329883575,0.001492051927192997,0.014920519271929968,0.09069895070300524,0.016450597450446126,3.2901194900892255e-05,453.49475351502616,45.34947535150262
9,30,0.065,0.14,1.0,0.01,0.002,0.014542348682880402,0.003860751396714592,0.03860751396714592,0.21900090564444666,0.017628928909465866,3.525785781893173e-05,1095.0045282222334,109.50045282222334
9,31,0.065,0.14,1.0,0.03162277660168379,0.002,0.014314472675323486,0.003801949475012759,0.03801949475012759,0.21602382768584188,0.017599676460421952,3.51993529208439e-05,1080.1191384292094,108.01191384292093
9,32,0.065,0.14,1.0,0.1,0.002,0.013596713542938232,0.003616968917311982,0.03616968917311982,0.2065934708851254,0.01750766324712734,3.5015326494254676e-05,1032.967354425627,103.2967354425627
9,33,0.065,0.14,1.0,0.31622776601683794,0.002,0.01144324615597725,0.003063661066768352,0.030636610667683525,0.17778374890660348,0.017232514701767312,3.446502940353462e-05,888.9187445330174,88.89187445330172
9,34,0.065,0.14,1.0,1.0,0.002,0.006759714335203171,0.0018650648894118808,0.01865064889411881,0.11210548664075154,0.016636695895077713,3.3273391790155424e-05,560.5274332037578,56.05274332037578
9,35,0.065,0.15500000000000003,1.0,0.01,0.002,0.016728147864341736,0.00444752549948972,0.044475254994897205,0.248166041469084,0.01792157167500205,3.5843143350004104e-05,1240.83020734542,124.083020734542
9,36,0.065,0.15500000000000003,1.0,0.03162277660168379,0.002,0.0164758563041687,0.00438242481245056,0.043824248124505596,0.24497631005544196,0.017889177984021183,3.5778355968042364e-05,1224.88155027721,122.488155027721
9,37,0.065,0.15500000000000003,1.0,0.1,0.002,0.015681192278862,0.004177630132971923,0.041776301329719226,0.23486610260029905,0.017787284272696928,3.557456854539386e-05,1174.3305130014953,117.43305130014954
9,38,0.065,0.15500000000000003,1.0,0.31622776601683794,0.002,0.01329699158668518,0.003565057706988489,0.035650577069884885,0.20392043980287433,0.017482591300973835,3.496518260194767e-05,1019.6021990143714,101.96021990143716
9,39,0.065,0.15500000000000003,1.0,1.0,0.002,0.008111655712127686,0.002238077758214425,0.02238077758214425,0.13303827320517092,0.016822811242918595,3.364562248583719e-05,665.1913660258547,66.51913660258546
9,40,0.065,0.17000000000000004,1.0,0.01,0.002,0.018913939595222473,0.005034303082663307,0.05034303082663307,0.2763935489622859,0.01821425681447522,3.6428513628950445e-05,1381.9677448114296,138.19677448114297
9,41,0.065,0.17000000000000004,1.0,0.03162277660168379,0.002,0.01863723248243332,0.0049629036169892525,0.049629036169892525,0.27300620223908656,0.018178721128990927,3.6357442257981855e-05,1365.0310111954327,136.50310111954326
9,42,0.065,0.17000000000000004,1.0,0.1,0.002,0.017765671014785767,0.004738295092088618,0.04738295092088618,0.26226322050373757,0.018066944663409606,3.613388932681921e-05,1311.3161025186878,131.13161025186878
9,43,0.065,0.17000000000000004,1.0,0.31622776601683794,0.002,0.015150748193264008,0.004066457654978217,0.04066457654978217,0.22931971295751652,0.017732699917218035,3.546539983443607e-05,1146.5985647875827,114.65985647875829
9,44,0.065,0.17000000000000004,1.0,1.0,0.002,0.0094635970890522,0.002611090732525298,0.02611090732525298,0.15351281965007144,0.017008942565690688,3.4017885131381374e-05,767.5640982503572,76.75640982503573
9,45,0.065,0.18500000000000005,1.0,0.01,0.002,0.021099738776683807,0.005621083747224109,0.056210837472241086,0.30372774915291656,0.01850698121228984,3.701396242457968e-05,1518.6387457645828,151.8638745764583
9,46,0.065,0.18500000000000005,1.0,0.03162277660168379,0.002,0.020798616111278534,0.0055433853554167,0.055433853554166995,0.3001567291953482,0.01846830277727657,3.6936605554553136e-05,1500.783645976741,150.0783645976741
9,47,0.065,0.18500000000000005,1.0,0.1,0.002,0.019850149750709534,0.00529896255814534,0.0529896255814534,0.2888246677304662,0.018346641233187116,3.6693282466374234e-05,1444.123338652331,144.4123338652331
9,48,0.065,0.18500000000000005,1.0,0.31622776601683794,0.002,0.017004497349262238,0.004567859239610521,0.045678592396105215,0.25401214629219837,0.017982837853572426,3.596567570714485e-05,1270.0607314609917,127.00607314609917
9,49,0.065,0.18500000000000005,1.0,1.0,0.002,0.010815538465976715,0.002984103605093916,0.02984103605093916,0.17354394849190544,0.017195088800420505,3.439017760084101e-05,867.7197424595271,86.77197424595272
9,50,0.065,0.2,1.0,0.01,0.002,0.023285530507564545,0.006207865982539594,0.06207865982539593,0.330210179893385,0.018799741378487868,3.7599482756975736e-05,1651.050899466925,165.10508994669254
9,51,0.065,0.2,1.0,0.03162277660168379,0.002,0.02295999974012375,0.006123869053065012,0.06123869053065011,0.3264684532235167,0.018757919770190788,3.751583954038157e-05,1632.342266117584,163.2342266117584
9,52,0.065,0.2,1.0,0.1,0.002,0.0219346284866333,0.005859631659319976,0.058596316593199756,0.3145879372588057,0.018626371088410063,3.7252742176820125e-05,1572.939686294028,157.29396862940283
9,53,0.065,0.2,1.0,0.31622776601683794,0.002,0.018858246505260468,0.0050692622296468325,0.05069262229646833,0.2780267291815965,0.018233003152498276,3.646600630499655e-05,1390.1336459079823,139.01336459079823
9,54,0.065,0.2,1.0,1.0,0.002,0.012167483568191528,0.0033571165458473303,0.0335711654584733,0.19314587329306934,0.01738124914920351,3.4762498298407016e-05,965.7293664653467,96.57293664653467
10,11,0.08000000000000002,0.08000000000000002,0.01,0.03162277660168379,0.002,0.00013021379709243774,3.36094802842776e-05,0.00033609480284277604,0.0019546479206105655,0.017194646631695773,3.438929326339155e-05,9.773239603052826,0.9773239603052826
10,12,0.08000000000000002,0.08000000000000002,0.01,0.1,0.002,0.0005403608083724976,0.0001393419971426718,0.001393419971426718,0.008128631066441112,0.017142123440432963,3.428424688086593e-05,40.643155332205566,4.064315533220556
10,13,0.08000000000000002,0.08000000000000002,0.01,0.31622776601683794,0.002,0.0017709136009216309,0.0004556435429025315,0.004556435429025315,0.026826142032488797,0.016985056679067283,3.397011335813457e-05,134.130710162444,13.4130710162444
10,14,0.08000000000000002,0.08000000000000002,0.01,1.0,0.002,0.004447218030691147,0.001141168117491612,0.011411681174916121,0.06855967037879726,0.016644889206534595,3.328977841306919e-05,342.7983518939863,34.279835189398625
10,15,0.08000000000000002,0.09500000000000001,0.01,0.01,0.002,0.0021857991814613342,0.0005867906241530954,0.005867906241530955,0.03352366685522767,0.017503772086960454,3.500754417392091e-05,167.61833427613837,16.761833427613833
10,16,0.08000000000000002,0.09500000000000001,0.01,0.03162277660168379,0.002,0.0020311661064624786,0.0005468986565723046,0.005468986565723047,0.031280062834462156,0.017483937275527797,3.49678745510556e-05,156.4003141723108,15.640031417231079
10,17,0.08000000000000002,0.09500000000000001,0.01,0.1,0.002,0.0015441179275512695,0.0004214299020569042,0.004214299020569042,0.024190153526966983,0.017421547225283114,3.484309445056623e-05,120.9507676348349,12.095076763483492
10,18,0.08000000000000002,0.09500000000000001,0.01,0.31622776601683794,0.002,9.639188647270203e-05,4.913148809532082e-05,0.0004913148809532081,0.002850684908587885,0.017234976740961028,3.446995348192206e-05,14.253424542939426,1.4253424542939428
10,19,0.08000000000000002,0.09500000000000001,0.01,1.0,0.002,0.003095276653766632,0.0007689345690298336,0.007689345690298337,0.04568580499546587,0.01683092963134057,3.3661859262681144e-05,228.42902497732936,22.842902497732936
10,20,0.08000000000000002,0.11000000000000001,0.01,0.01,0.002,0.00437159463763237,0.0011735812082441393,0.011735812082441394,0.0659453796394669,0.017796261309894347,3.5592522619788694e-05,329.72689819733455,32.97268981973345
10,21,0.08000000000000002,0.11000000000000001,0.01,0.03162277660168379,0.002,0.0041925497353076935,0.0011273899828445591,0.01127389982844559,0.06343170481657827,0.01777328839110609,3.554657678221218e-05,317.1585240828914,31.71585240828914
10,22,0.08000000000000002,0.11000000000000001,0.01,0.1,0.002,0.0036285966634750366,0.0009820931464765421,0.00982093146476542,0.055482268172239335,0.017701027352157422,3.540205470431485e-05,277.4113408611968,27.74113408611968
10,23,0.08000000000000002,0.11000000000000001,0.01,0.31622776601683794,0.002,0.001936584711074829,0.0005477567104089842,0.005477567104089842,0.03132734086020064,0.017484941120708825,3.4969882241417654e-05,156.63670430100325,15.663670430100325
10,24,0.08000000000000002,0.11000000000000001,0.01,1.0,0.002,0.0017433352768421173,0.00039816260671425644,0.003981626067142564,0.02339794470787779,0.017016990666714422,3.403398133342884e-05,116.98972353938895,11.698972353938895
10,25,0.08000000000000002,0.125,0.01,0.01,0.002,0.006557386368513107,0.0017603715784325832,0.017603715784325832,0.09731828280178724,0.018088806416960885,3.617761283392177e-05,486.5914140089362,48.659141400893624
10,26,0.08000000000000002,0.125,0.01,0.03162277660168379,0.002,0.006353933364152908,0.0017078815626496151,0.01707881562649615,0.09455297942311866,0.0180626943018575,3.612538860371501e-05,472.76489711559327,47.27648971155933
10,27,0.08000000000000002,0.125,0.01,0.1,0.002,0.005713071674108505,0.0015427661635007736,0.015427661635007736,0.08580190350829674,0.017980558710467227,3.5961117420934456e-05,429.0095175414837,42.90095175414837
10,28,0.08000000000000002,0.125,0.01,0.31622776601683794,0.002,0.003790333867073059,0.0010490385089962746,0.010490385089962745,0.059150927461598876,0.017734946078019086,3.546989215603817e-05,295.7546373079944,29.575463730799445
10,29,0.08000000000000002,0.125,0.01,1.0,0.002,0.00039139389991760254,6.390456790397508e-05,0.0006390456790397508,0.0037147185816648097,0.017203071107296436,3.4406142214592874e-05,18.57359290832405,1.8573592908324048
10,30,0.08000000000000002,0.14,0.01,0.01,0.002,0.008743185549974442,0.002347162155497338,0.02347162155497338,0.12769222299709057,0.018381402566316173,3.676280513263235e-05,638.4611149854529,63.84611149854529
10,31,0.08000000000000002,0.14,0.01,0.03162277660168379,0.002,0.008515309542417526,0.00228837309743157,0.022883730974315702,0.12469237025681536,0.01835215011727226,3.670430023454452e-05,623.4618512840768,62.346185128407676
10,32,0.08000000000000002,0.14,0.01,0.1,0.002,0.007797550410032272,0.002103441226263441,0.021034412262634406,0.11519306987261649,0.01826013690397765,3.65202738079553e-05,575.9653493630825,57.59653493630825
10,33,0.08000000000000002,0.14,0.01,0.31622776601683794,0.002,0.005644083023071289,0.0015504022128063762,0.015504022128063762,0.08620534981127698,0.017984988358617622,3.596997671723524e-05,431.0267490563849,43.102674905638494
10,34,0.08000000000000002,0.14,0.01,1.0,0.002,0.0009605512022972107,0.00035764723052114644,0.0035764723052114644,0.02056724039944117,0.017389169551928024,3.477833910385605e-05,102.83620199720586,10.283620199720586
10,35,0.08000000000000002,0.15500000000000003,0.01,0.01,0.002,0.010928984731435776,0.0029339529518743876,0.029339529518743877,0.15711394610732454,0.01867404533185236,3.7348090663704716e-05,785.569730536623,78.55697305366229
10,36,0.08000000000000002,0.15500000000000003,0.01,0.03162277660168379,0.002,0.010676693171262741,0.002868864838200931,0.028688648382009314,0.15389542157900835,0.018641651640871493,3.728330328174299e-05,769.4771078950417,76.94771078950416
10,37,0.08000000000000002,0.15500000000000003,0.01,0.1,0.002,0.00988202914595604,0.0026641169941516068,0.02664116994151607,0.14369750696182187,0.018539757929547238,3.707951585909448e-05,718.4875348091094,71.84875348091094
10,38,0.08000000000000002,0.15500000000000003,0.01,0.31622776601683794,0.002,0.007497828453779221,0.002051787560912395,0.020517875609123947,0.11251879637708839,0.01823506495782414,3.647012991564828e-05,562.5939818854421,56.25939818854421
10,39,0.08000000000000002,0.15500000000000003,0.01,1.0,0.002,0.0023124925792217255,0.0007280223163443858,0.007280223163443859,0.0414230733951834,0.017575284899768902,3.51505697995378e-05,207.11536697591706,20.711536697591704
10,40,0.08000000000000002,0.17000000000000004,0.01,0.01,0.002,0.013114776462316513,0.0035207433386056186,0.03520743338605618,0.1856273195809042,0.018966730471325532,3.7933460942651064e-05,928.1365979045211,92.8136597904521
10,41,0.08000000000000002,0.17000000000000004,0.01,0.03162277660168379,0.002,0.012838069349527359,0.003449356216653819,0.03449356216653819,0.18220488752424727,0.018931194785841238,3.7862389571682474e-05,911.0244376212364,91.10244376212363
10,42,0.08000000000000002,0.17000000000000004,0.01,0.1,0.002,0.011966507881879807,0.00322479317349993,0.0322479317349993,0.17135456147591455,0.018819418320259913,3.7638836640519824e-05,856.7728073795728,85.67728073795728
10,43,0.08000000000000002,0.17000000000000004,0.01,0.31622776601683794,0.002,0.009351585060358047,0.0025531823389293162,0.025531823389293162,0.13812054989361908,0.018485173574068346,3.6970347148136694e-05,690.6027494680955,69.06027494680954
10,44,0.08000000000000002,0.17000000000000004,0.01,1.0,0.002,0.0036644339561462402,0.0011001813028797902,0.011001813028797902,0.06194220602091127,0.017761416222540995,3.552283244508199e-05,309.7110301045564,30.971103010455643
10,45,0.08000000000000002,0.18500000000000005,0.01,0.01,0.002,0.015300575643777847,0.004107534132583795,0.04107534132583795,0.21327364458094747,0.01925945486914015,3.85189097382803e-05,1066.3682229047374,106.63682229047375
10,46,0.08000000000000002,0.18500000000000005,0.01,0.03162277660168379,0.002,0.014999452978372574,0.0040298478952233464,0.040298478952233464,0.20966103575650927,0.019220776434126875,3.844155286825375e-05,1048.3051787825466,104.83051787825467
10,47,0.08000000000000002,0.18500000000000005,0.01,0.1,0.002,0.014050986617803574,0.0037854695400861356,0.03785469540086135,0.1982013073318246,0.019099114890037426,3.819822978007485e-05,991.006536659123,99.1006536659123
10,48,0.08000000000000002,0.18500000000000005,0.01,0.31622776601683794,0.002,0.011205334216356277,0.003054581401474575,0.030545814014745747,0.1630387303555249,0.018735311510422736,3.747062302084547e-05,815.1936517776246,81.51936517776248
10,49,0.08000000000000002,0.18500000000000005,0.01,1.0,0.002,0.005016375333070755,0.0014727723366484509,0.01472772336648451,0.08205974154734365,0.017947562457270815,3.589512491454163e-05,410.29870773671826,41.029870773671824
10,50,0.08000000000000002,0.2,0.01,0.01,0.002,0.017486367374658585,0.004694324584199205,0.04694324584199205,0.24009170192302,0.019552215035338178,3.9104430070676354e-05,1200.4585096151002,120.04585096151004
10,51,0.08000000000000002,0.2,0.01,0.03162277660168379,0.002,0.01716083660721779,0.004610339648779786,0.046103396487797856,0.23630172636036784,0.019510393427041098,3.90207868540822e-05,1181.5086318018393,118.15086318018393
10,52,0.08000000000000002,0.2,0.01,0.1,0.002,0.01613546535372734,0.004346145868595094,0.04346145868595094,0.22427270179034092,0.019378844745260373,3.875768949052075e-05,1121.3635089517043,112.13635089517044
10,53,0.08000000000000002,0.2,0.01,0.31622776601683794,0.002,0.013059083372354507,0.00355598315659923,0.0355598315659923,0.18730017646163294,0.018985476809348582,3.797095361869717e-05,936.5008823081648,93.65008823081648
10,54,0.08000000000000002,0.2,0.01,1.0,0.002,0.006368320435285568,0.001845533862287994,0.01845533862287994,0.10177357854350101,0.01813372280605382,3.6267445612107635e-05,508.86789271750513,50.88678927175051
11,12,0.08000000000000002,0.08000000000000002,0.03162277660168379,0.1,0.002,0.0004101470112800598,0.00010573252390223665,0.0010573252390223664,0.0061740085630353795,0.017125425535570442,3.425085107114088e-05,30.870042815176895,3.08700428151769
11,13,0.08000000000000002,0.08000000000000002,0.03162277660168379,0.31622776601683794,0.002,0.0016406998038291931,0.0004220341305641321,0.004220341305641321,0.02487182974971669,0.01696835877420476,3.393671754840952e-05,124.35914874858344,12.435914874858343
11,14,0.08000000000000002,0.08000000000000002,0.03162277660168379,1.0,0.002,0.004317004233598709,0.001107558875851423,0.011075588758514231,0.06660729695478372,0.01662819130167207,3.325638260334414e-05,333.0364847739186,33.30364847739185
11,15,0.08000000000000002,0.09500000000000001,0.03162277660168379,0.01,0.002,0.002316012978553772,0.0006203857098939332,0.006203857098939332,0.03547681581456558,0.017487074182097932,3.497414836419586e-05,177.38407907282786,17.738407907282788
11,16,0.08000000000000002,0.09500000000000001,0.03162277660168379,0.03162277660168379,0.002,0.0021613799035549164,0.0005804916298704871,0.00580491629870487,0.033233163956370396,0.017467239370665272,3.493447874133054e-05,166.16581978185198,16.6165819781852
11,17,0.08000000000000002,0.09500000000000001,0.03162277660168379,0.1,0.002,0.0016743317246437073,0.0004550117738638089,0.004550117738638088,0.026142816032883272,0.01740484932042059,3.480969864084118e-05,130.71408016441634,13.071408016441634
11,18,0.08000000000000002,0.09500000000000001,0.03162277660168379,0.31622776601683794,0.002,0.00021304935216903687,8.123133349043081e-05,0.000812313334904308,0.00471773829798409,0.017218278836098503,3.443655767219701e-05,23.58869148992044,2.3588691489920444
11,19,0.08000000000000002,0.09500000000000001,0.03162277660168379,1.0,0.002,0.0029650628566741943,0.0007353402478834745,0.0073534024788347455,0.043733205289748965,0.016814231726478047,3.36284634529561e-05,218.6660264487448,21.86660264487448
11,20,0.08000000000000002,0.11000000000000001,0.03162277660168379,0.01,0.002,0.004501808434724808,0.0012071758931838012,0.012071758931838013,0.06789682433046453,0.017779563405031826,3.555912681006365e-05,339.48412165232253,33.94841216523225
11,21,0.08000000000000002,0.11000000000000001,0.03162277660168379,0.03162277660168379,0.002,0.004322763532400131,0.0011609834482205015,0.011609834482205015,0.06538324173888797,0.01775659048624357,3.5513180972487135e-05,326.91620869443983,32.69162086944399
11,22,0.08000000000000002,0.11000000000000001,0.03162277660168379,0.1,0.002,0.0037588104605674744,0.0010156814886499793,0.010156814886499792,0.057433983667689696,0.0176843294472949,3.5368658894589806e-05,287.16991833844844,28.716991833844844
11,23,0.08000000000000002,0.11000000000000001,0.03162277660168379,0.31622776601683794,0.002,0.002066798508167267,0.0005812958919011878,0.005812958919011878,0.03327729553100484,0.0174682432158463,3.49364864316926e-05,166.38647765502424,16.638647765502423
11,24,0.08000000000000002,0.11000000000000001,0.03162277660168379,1.0,0.002,0.0016131214797496796,0.00036474824622515645,0.0036474824622515644,0.021455409699981148,0.017000292761851898,3.4000585523703795e-05,107.27704849990572,10.727704849990573
11,25,0.08000000000000002,0.125,0.03162277660168379,0.01,0.002,0.006687600165605545,0.0017939661245860692,0.017939661245860692,0.0992671178011741,0.01807210851209836,3.614421702419672e-05,496.33558900587053,49.633558900587055
11,26,0.08000000000000002,0.125,0.03162277660168379,0.03162277660168379,0.002,0.006484147161245346,0.0017414751856681759,0.01741475185668176,0.09650202445779979,0.01804599639699498,3.609199279398996e-05,482.51012228899884,48.25101222889988
11,27,0.08000000000000002,0.125,0.03162277660168379,0.1,0.002,0.005843285471200943,0.0015763561639704489,0.01576356163970449,0.08775152407541634,0.017963860805604706,3.5927721611209416e-05,438.75762037708154,43.87576203770815
11,28,0.08000000000000002,0.125,0.03162277660168379,0.31622776601683794,0.002,0.003920547664165497,0.001082604344556648,0.01082604344556648,0.06110109385400818,0.017718248173156564,3.543649634631313e-05,305.50546927004086,30.550546927004085
11,29,0.08000000000000002,0.125,0.03162277660168379,1.0,0.002,0.0002611801028251648,6.02871587062412e-05,0.000602871587062412,0.0035078464779121294,0.01718637320243391,3.4372746404867827e-05,17.539232389560645,1.7539232389560644
11,30,0.08000000000000002,0.14,0.03162277660168379,0.01,0.002,0.00887339934706688,0.0023807566314331583,0.023807566314331587,0.1296376214767132,0.01836470466145365,3.67294093229073e-05,648.1881073835659,64.81881073835659
11,31,0.08000000000000002,0.14,0.03162277660168379,0.03162277660168379,0.002,0.008645523339509964,0.0023219667979646704,0.023219667979646703,0.12663809820807828,0.018335452212409738,3.6670904424819474e-05,633.1904910403914,63.31904910403914
11,32,0.08000000000000002,0.14,0.03162277660168379,0.1,0.002,0.00792776420712471,0.0021370319839919046,0.02137031983991905,0.11713975550857264,0.018243438999115125,3.648687799823025e-05,585.6987775428632,58.56987775428632
11,33,0.08000000000000002,0.14,0.03162277660168379,0.31622776601683794,0.002,0.005774296820163727,0.001583976094633909,0.015839760946339092,0.0881539676081362,0.017968290453755097,3.5936580907510194e-05,440.76983804068084,44.07698380406808
11,34,0.08000000000000002,0.14,0.03162277660168379,1.0,0.002,0.0010907649993896484,0.0003905191509097272,0.003905191509097272,0.022479193452918506,0.0173724716470655,3.4744943294130996e-05,112.39596726459256,11.239596726459254
11,35,0.08000000000000002,0.15500000000000003,0.03162277660168379,0.01,0.002,0.011059198528528214,0.0029675473854018472,0.029675473854018475,0.1590551602801251,0.018657347426989837,3.7314694853979675e-05,795.2758014006253,79.52758014006253
11,36,0.08000000000000002,0.15500000000000003,0.03162277660168379,0.03162277660168379,0.002,0.010806906968355179,0.0029024585849885326,0.029024585849885327,0.15583708964479195,0.01862495373600897,3.7249907472017936e-05,779.1854482239598,77.91854482239599
11,37,0.08000000000000002,0.15500000000000003,0.03162277660168379,0.1,0.002,0.010012242943048477,0.002697708185401578,0.026977081854015778,0.14564052493521498,0.018523060024684714,3.704612004936943e-05,728.2026246760748,72.82026246760749
11,38,0.08000000000000002,0.15500000000000003,0.03162277660168379,0.31622776601683794,0.002,0.007628042250871658,0.0020853652677147796,0.020853652677147796,0.11446499357777393,0.01821836705296162,3.643673410592324e-05,572.3249678888695,57.232496788886955
11,39,0.08000000000000002,0.15500000000000003,0.03162277660168379,1.0,0.002,0.002442706376314163,0.0007613495062070898,0.007613495062070898,0.043360522485548066,0.01755858699490638,3.511717398981276e-05,216.80261242774029,21.68026124277403
11,40,0.08000000000000002,0.17000000000000004,0.03162277660168379,0.01,0.002,0.01324499025940895,0.0035543377436607236,0.03554337743660724,0.18756367468998683,0.018950032566463007,3.7900065132926016e-05,937.8183734499341,93.7818373449934
11,41,0.08000000000000002,0.17000000000000004,0.03162277660168379,0.03162277660168379,0.002,0.012968283146619797,0.003482949993991457,0.03482949993991457,0.18414182602414722,0.018914496880978713,3.7828993761957426e-05,920.709130120736,92.07091301207359
11,42,0.08000000000000002,0.17000000000000004,0.03162277660168379,0.1,0.002,0.012096721678972244,0.00325838464545432,0.0325838464545432,0.17329325616021266,0.018802720415397392,3.7605440830794784e-05,866.4662808010632,86.64662808010631
11,43,0.08000000000000002,0.17000000000000004,0.03162277660168379,0.31622776601683794,0.002,0.009481798857450485,0.002586762271552109,0.02586762271552109,0.14006365863021683,0.01846847566920582,3.693695133841164e-05,700.318293151084,70.03182931510841
11,44,0.08000000000000002,0.17000000000000004,0.03162277660168379,1.0,0.002,0.003794647753238678,0.0011336129828844865,0.011336129828844865,0.06388452961550287,0.017744718317678473,3.5489436635356945e-05,319.4226480775143,31.942264807751428
11,45,0.08000000000000002,0.18500000000000005,0.03162277660168379,0.01,0.002,0.015430789440870285,0.004141128517279154,0.041411285172791544,0.21520453254004981,0.019242756964277626,3.848551392855525e-05,1076.022662700249,107.6022662700249
11,46,0.08000000000000002,0.18500000000000005,0.03162277660168379,0.03162277660168379,0.002,0.015129666775465012,0.0040634416944275034,0.04063441694427503,0.21159264102338377,0.019204078529264354,3.840815705852871e-05,1057.9632051169185,105.79632051169186
11,47,0.08000000000000002,0.18500000000000005,0.03162277660168379,0.1,0.002,0.014181200414896011,0.0038190612086463358,0.038190612086463356,0.20013508831786658,0.0190824169851749,3.8164833970349805e-05,1000.6754415893326,100.06754415893327
11,48,0.08000000000000002,0.18500000000000005,0.03162277660168379,0.31622776601683794,0.002,0.011335548013448715,0.0030881627874707477,0.03088162787470748,0.16497817907590306,0.01871861360556021,3.743722721112042e-05,824.8908953795152,82.48908953795151
11,49,0.08000000000000002,0.18500000000000005,0.03162277660168379,1.0,0.002,0.005146589130163193,0.0015062472449793615,0.015062472449793614,0.08400304628797488,0.01793086455240829,3.586172910481658e-05,420.01523143987436,42.001523143987434
11,50,0.08000000000000002,0.2,0.03162277660168379,0.01,0.002,0.017616581171751022,0.004727918953514132,0.04727918953514132,0.24201657534514498,0.019535517130475653,3.907103426095131e-05,1210.082876725725,121.0082876725725
11,51,0.08000000000000002,0.2,0.03162277660168379,0.03162277660168379,0.002,0.017291050404310226,0.004643933464392889,0.046439334643928895,0.23822745456906028,0.019493695522178573,3.8987391044357144e-05,1191.1372728453014,119.11372728453013
11,52,0.08000000000000002,0.2,0.03162277660168379,0.1,0.002,0.01626567915081978,0.0043797376825354594,0.043797376825354596,0.2262010364159322,0.01936214684039785,3.8724293680795696e-05,1131.005182079661,113.10051820796608
11,53,0.08000000000000002,0.2,0.03162277660168379,0.31622776601683794,0.002,0.013189297169446945,0.0035895655652164447,0.035895655652164446,0.18923545808041037,0.01896877890448606,3.793755780897212e-05,946.1772904020519,94.61772904020519
11,54,0.08000000000000002,0.2,0.03162277660168379,1.0,0.002,0.006498534232378006,0.0018790318148927418,0.018790318148927416,0.10371635658397671,0.018117024901191294,3.623404980238259e-05,518.5817829198835,51.85817829198836
12,13,0.08000000000000002,0.08000000000000002,0.1,0.31622776601683794,0.002,0.0012305527925491333,0.0003163017345978187,0.0031630173459781872,0.018698558108284028,0.016915835582941952,3.3831671165883905e-05,93.49279054142013,9.349279054142015
12,14,0.08000000000000002,0.08000000000000002,0.1,1.0,0.002,0.003906857222318649,0.0010018269083779605,0.010018269083779605,0.06043960953518541,0.016575668110409263,3.315133622081853e-05,302.19804767592706,30.219804767592702
12,15,0.08000000000000002,0.09500000000000001,0.1,0.01,0.002,0.002726159989833832,0.0007260797985063462,0.0072607979850634625,0.041646027987071586,0.017434550990835122,3.486910198167025e-05,208.23013993535793,20.823013993535795
12,16,0.08000000000000002,0.09500000000000001,0.1,0.03162277660168379,0.002,0.002571526914834976,0.00068618082170905,0.006861808217090501,0.03940235457415271,0.017414716179402465,3.482943235880493e-05,197.0117728707636,19.70117728707636
12,17,0.08000000000000002,0.09500000000000001,0.1,0.1,0.002,0.002084478735923767,0.0005606766334659048,0.005606766334659049,0.032311324101025184,0.017352326129157783,3.470465225831557e-05,161.5566205051259,16.15566205051259
12,18,0.08000000000000002,0.09500000000000001,0.1,0.31622776601683794,0.002,0.0006231963634490967,0.000185723396578833,0.00185723396578833,0.01081941281359832,0.017165755644835697,3.4331511289671395e-05,54.09706406799159,5.409706406799159
12,19,0.08000000000000002,0.09500000000000001,0.1,1.0,0.002,0.0025549158453941345,0.0006296632801659395,0.006296632801659395,0.03756557864271764,0.01676170853521524,3.352341707043048e-05,187.82789321358817,18.782789321358816
12,20,0.08000000000000002,0.11000000000000001,0.1,0.01,0.002,0.0049119554460048676,0.0013128647767973233,0.013128647767973232,0.07406001007306282,0.017727040213769016,3.545408042753803e-05,370.3000503653142,37.03000503653141
12,21,0.08000000000000002,0.11000000000000001,0.1,0.03162277660168379,0.002,0.004732910543680191,0.0012666690240288143,0.012666690240288143,0.07154678091332858,0.01770406729498076,3.540813458996152e-05,357.73390456664293,35.773390456664295
12,22,0.08000000000000002,0.11000000000000001,0.1,0.1,0.002,0.004168957471847534,0.0011213533901237333,0.011213533901237334,0.06359832758144687,0.01763180625603209,3.5263612512064185e-05,317.9916379072344,31.799163790723433
12,23,0.08000000000000002,0.11000000000000001,0.1,0.31622776601683794,0.002,0.0024769455194473267,0.0006868480813445291,0.006868480813445291,0.0394383970559354,0.017415720024583494,3.4831440049166986e-05,197.19198527967708,19.71919852796771
12,24,0.08000000000000002,0.11000000000000001,0.1,1.0,0.002,0.0012029744684696198,0.000259945975744903,0.0025994597574490303,0.015338064083430157,0.01694776957058909,3.389553914117818e-05,76.69032041715077,7.669032041715076
12,25,0.08000000000000002,0.125,0.1,0.01,0.002,0.007097747176885605,0.0018996530036379012,0.018996530036379012,0.10542157157420179,0.018019585320835554,3.603917064167111e-05,527.107857871009,52.710785787100896
12,26,0.08000000000000002,0.125,0.1,0.03162277660168379,0.002,0.006894294172525406,0.0018471594184096176,0.018471594184096177,0.10265719115424415,0.01799347320573217,3.598694641146434e-05,513.2859557712208,51.32859557712208
12,27,0.08000000000000002,0.125,0.1,0.1,0.002,0.006253432482481003,0.001682030097724677,0.01682030097724677,0.0939086814140474,0.017911337614341896,3.5822675228683795e-05,469.543407070237,46.9543407070237
12,28,0.08000000000000002,0.125,0.1,0.31622776601683794,0.002,0.004330694675445557,0.001188212212099179,0.011882122120991791,0.06726088022523961,0.017665724981893755,3.533144996378751e-05,336.3044011261981,33.63044011261981
12,29,0.08000000000000002,0.125,0.1,1.0,0.002,0.00023956596851348877,0.00013017400012449792,0.0013017400012449794,0.007597475175726749,0.017133850011171105,3.426770002234221e-05,37.98737587863374,3.7987375878633736
12,30,0.08000000000000002,0.14,0.1,0.01,0.002,0.009283546358346939,0.0024864424496247694,0.024864424496247695,0.1357807890705037,0.01831218147019084,3.662436294038168e-05,678.9039453525187,67.89039453525187
12,31,0.08000000000000002,0.14,0.1,0.03162277660168379,0.002,0.009055670350790024,0.0024276503294795894,0.024276503294795894,0.132782352689312,0.018282929021146928,3.656585804229386e-05,663.91176344656,66.391176344656
12,32,0.08000000000000002,0.14,0.1,0.1,0.002,0.00833791121840477,0.0022427068837432428,0.022427068837432427,0.12328718946492799,0.018190915807852318,3.638183161570464e-05,616.43594732464,61.643594732464
12,33,0.08000000000000002,0.14,0.1,0.31622776601683794,0.002,0.006184443831443787,0.0016896026408285841,0.01689602640828584,0.09430813741177954,0.01791576726249229,3.583153452498458e-05,471.5406870588976,47.15406870588976
12,34,0.08000000000000002,0.14,0.1,1.0,0.002,0.0015009120106697083,0.0004945664896702655,0.004945664896702655,0.028554732188280335,0.017319948455802692,3.463989691160539e-05,142.77366094140166,14.277366094140168
12,35,0.08000000000000002,0.15500000000000003,0.1,0.01,0.002,0.011469345539808273,0.003073232547012415,0.03073232547012415,0.16518471274299146,0.018604824235727027,3.7209648471454054e-05,825.9235637149574,82.59235637149574
12,36,0.08000000000000002,0.15500000000000003,0.1,0.03162277660168379,0.002,0.011217053979635239,0.003008141686250689,0.030081416862506892,0.16196812145848316,0.018572430544746162,3.714486108949233e-05,809.8406072924158,80.98406072924156
12,37,0.08000000000000002,0.15500000000000003,0.1,0.1,0.002,0.010422389954328537,0.002803383649805618,0.028033836498056183,0.15177597029735357,0.018470536833421907,3.6941073666843815e-05,758.8798514867677,75.88798514867678
12,38,0.08000000000000002,0.15500000000000003,0.1,0.31622776601683794,0.002,0.008038189262151718,0.0021910010925429288,0.02191001092542929,0.12061102744378832,0.01816584386169881,3.633168772339762e-05,603.0551372189417,60.30551372189416
12,39,0.08000000000000002,0.15500000000000003,0.1,1.0,0.002,0.002852853387594223,0.0008663278438919855,0.008663278438919855,0.049487300721003595,0.01750606380364357,3.501212760728714e-05,247.43650360501803,24.743650360501803
12,40,0.08000000000000002,0.17000000000000004,0.1,0.01,0.002,0.01365513727068901,0.003660022458611188,0.036600224586111875,0.1936775045823949,0.0188975093752002,3.77950187504004e-05,968.3875229119745,96.83875229119747
12,41,0.08000000000000002,0.17000000000000004,0.1,0.03162277660168379,0.002,0.013378430157899857,0.0035886328037706256,0.03588632803770626,0.19025754477259463,0.018861973689715907,3.772394737943181e-05,951.287723862973,95.1287723862973
12,42,0.08000000000000002,0.17000000000000004,0.1,0.1,0.002,0.012506868690252304,0.0033640604800509633,0.033640604800509635,0.17941467174120523,0.018750197224134582,3.750039444826916e-05,897.0733587060262,89.7073358706026
12,43,0.08000000000000002,0.17000000000000004,0.1,0.31622776601683794,0.002,0.009891945868730545,0.002692403630192505,0.026924036301925046,0.1461995318144541,0.018415952477943014,3.683190495588603e-05,730.9976590722705,73.09976590722705
12,44,0.08000000000000002,0.17000000000000004,0.1,1.0,0.002,0.004204794764518738,0.0012388419329465192,0.012388419329465192,0.07002194606687571,0.017692195126415663,3.538439025283133e-05,350.10973033437864,35.01097303343786
12,45,0.08000000000000002,0.18500000000000005,0.1,0.01,0.002,0.015840936452150345,0.00424681290893733,0.0424681290893733,0.22130073865536595,0.01919023377301482,3.838046754602964e-05,1106.5036932768298,110.65036932768298
12,46,0.08000000000000002,0.18500000000000005,0.1,0.03162277660168379,0.002,0.015539813786745071,0.004169124294263477,0.04169124294263477,0.2176911598396855,0.019151555338001544,3.830311067600309e-05,1088.4557991984277,108.84557991984278
12,47,0.08000000000000002,0.18500000000000005,0.1,0.1,0.002,0.014591347426176071,0.003924737304794152,0.03924737304794152,0.20624063104596652,0.019029893793912095,3.805978758782419e-05,1031.2031552298324,103.12031552298325
12,48,0.08000000000000002,0.18500000000000005,0.1,0.31622776601683794,0.002,0.011745695024728775,0.0031938078168392858,0.03193807816839286,0.17110212936678854,0.018666090414297405,3.733218082859481e-05,855.5106468339426,85.55106468339426
12,49,0.08000000000000002,0.18500000000000005,0.1,1.0,0.002,0.0055567361414432526,0.001611586721054484,0.01611586721054484,0.0901418475293744,0.017878341361145484,3.575668272229097e-05,450.709237646872,45.070923764687194
12,50,0.08000000000000002,0.2,0.1,0.01,0.002,0.018026728183031082,0.004833603100028583,0.048336031000285835,0.24809344575630818,0.019482993939212847,3.896598787842569e-05,1240.467228781541,124.04672287815409
12,51,0.08000000000000002,0.2,0.1,0.03162277660168379,0.002,0.017701197415590286,0.004749615905755264,0.04749615905755264,0.244307072892015,0.019441172330915767,3.888234466183154e-05,1221.535364460075,122.1535364460075
12,52,0.08000000000000002,0.2,0.1,0.1,0.002,0.016675826162099838,0.0044854139733268225,0.044854139733268225,0.23228904171458276,0.019309623649135042,3.861924729827008e-05,1161.4452085729135,116.14452085729135
12,53,0.08000000000000002,0.2,0.1,0.31622776601683794,0.002,0.013599444180727005,0.0036952132058868663,0.036952132058868666,0.19534591104643176,0.01891625571322325,3.78325114264465e-05,976.7295552321591,97.6729555232159
12,54,0.08000000000000002,0.2,0.1,1.0,0.002,0.006908681243658066,0.001984432319758604,0.01984432319758604,0.10985259109958918,0.018064501709928488,3.6129003419856974e-05,549.262955497946,54.9262955497946
13,14,0.08000000000000002,0.08000000000000002,0.31622776601683794,1.0,0.002,0.002676304429769516,0.0006855257816558079,0.006855257816558079,0.041752995098802446,0.016418601349043584,3.283720269808717e-05,208.76497549401222,20.87649754940122
13,15,0.08000000000000002,0.09500000000000001,0.31622776601683794,0.01,0.002,0.003956712782382965,0.0010423032284232385,0.010423032284232385,0.060327256826281914,0.017277484229469446,3.455496845893889e-05,301.63628413140947,30.16362841314095
13,16,0.08000000000000002,0.09500000000000001,0.31622776601683794,0.03162277660168379,0.002,0.0038020797073841095,0.0010023972652398266,0.010023972652398266,0.05808422925732712,0.017257649418036786,3.4515298836073573e-05,290.4211462866356,29.04211462866356
13,17,0.08000000000000002,0.09500000000000001,0.31622776601683794,0.1,0.002,0.0033150315284729004,0.0008768617260846811,0.00876861726084681,0.05099438789083363,0.0171952593677921,3.43905187355842e-05,254.97193945416817,25.49719394541682
13,18,0.08000000000000002,0.09500000000000001,0.31622776601683794,0.31622776601683794,0.002,0.00185374915599823,0.0005014082120168128,0.005014082120168128,0.02947953339919746,0.017008688883470013,3.401737776694003e-05,147.3976669959873,14.73976669959873
13,19,0.08000000000000002,0.09500000000000001,0.31622776601683794,1.0,0.002,0.0013243630528450012,0.00031371344257031267,0.0031371344257031266,0.0188931171682593,0.016604641773849557,3.3209283547699114e-05,94.46558584129652,9.44655858412965
13,20,0.08000000000000002,0.11000000000000001,0.31622776601683794,0.01,0.002,0.006142508238554001,0.001629057193583461,0.01629057193583461,0.09271825014400509,0.017569973452403336,3.513994690480667e-05,463.59125072002547,46.35912507200254
13,21,0.08000000000000002,0.11000000000000001,0.31622776601683794,0.03162277660168379,0.002,0.005963463336229324,0.0015828548296169232,0.015828548296169233,0.09020657556740948,0.017547000533615083,3.5094001067230166e-05,451.03287783704735,45.10328778370473
13,22,0.08000000000000002,0.11000000000000001,0.31622776601683794,0.1,0.002,0.0053995102643966675,0.0014375128231384204,0.014375128231384204,0.08226233206950946,0.017474739494666415,3.494947898933283e-05,411.3116603475473,41.13116603475473
13,23,0.08000000000000002,0.11000000000000001,0.31622776601683794,0.31622776601683794,0.002,0.00370749831199646,0.0010028166629734876,0.010028166629734877,0.05810515152481347,0.017258653263217814,3.451730652643563e-05,290.52575762406735,29.052575762406736
13,24,0.08000000000000002,0.11000000000000001,0.31622776601683794,1.0,0.002,0.00012449920177459717,7.186083452919062e-05,0.0007186083452919061,0.00427979908558183,0.016790702809223408,3.358140561844682e-05,21.39899542790915,2.139899542790915
13,25,0.08000000000000002,0.125,0.31622776601683794,0.01,0.002,0.008328299969434738,0.002215830336862627,0.02215830336862627,0.1240491551897029,0.017862518559469874,3.572503711893975e-05,620.2457759485145,62.02457759485145
13,26,0.08000000000000002,0.125,0.31622776601683794,0.03162277660168379,0.002,0.00812484696507454,0.0021633306962825154,0.021633306962825154,0.12128736262150995,0.01783640644436649,3.5672812888732984e-05,606.4368131075497,60.643681310754964
13,27,0.08000000000000002,0.125,0.31622776601683794,0.1,0.002,0.007483985275030136,0.0019981782698938943,0.01998178269893894,0.11254634371869639,0.017754270852976217,3.550854170595243e-05,562.7317185934819,56.273171859348196
13,28,0.08000000000000002,0.125,0.31622776601683794,0.31622776601683794,0.002,0.00556124746799469,0.0015042251120304935,0.015042251120304936,0.08591321465552744,0.01750865822052808,3.501731644105616e-05,429.5660732776371,42.956607327763706
13,29,0.08000000000000002,0.125,0.31622776601683794,1.0,0.002,0.0013795197010040283,0.00043610692795354204,0.00436106927953542,0.025688431167226005,0.01697678324980542,3.3953566499610844e-05,128.44215583613004,12.844215583613003
13,30,0.08000000000000002,0.14,0.31622776601683794,0.01,0.002,0.010514099150896072,0.002802610902541463,0.028026109025414633,0.1543703219445438,0.01815511470882516,3.6310229417650326e-05,771.8516097227191,77.1851609722719
13,31,0.08000000000000002,0.14,0.31622776601683794,0.03162277660168379,0.002,0.010286223143339157,0.0027438131513698844,0.027438131513698845,0.15137559317429117,0.018125862259781248,3.62517245195625e-05,756.8779658714559,75.68779658714558
13,32,0.08000000000000002,0.14,0.31622776601683794,0.1,0.002,0.009568464010953903,0.0025588487301007553,0.025588487301007552,0.14189143557233397,0.01803384904648664,3.606769809297328e-05,709.4571778616698,70.94571778616698
13,33,0.08000000000000002,0.14,0.31622776601683794,0.31622776601683794,0.002,0.00741499662399292,0.0020056335570628383,0.020056335570628383,0.1129380810795025,0.017758700501126608,3.551740100225322e-05,564.6904053975123,56.46904053975124
13,34,0.08000000000000002,0.14,0.31622776601683794,1.0,0.002,0.0027314648032188416,0.000808388417640189,0.008083884176401891,0.047100972437642045,0.017162881694437013,3.432576338887403e-05,235.50486218821027,23.55048621882102
13,35,0.08000000000000002,0.15500000000000003,0.31622776601683794,0.01,0.002,0.012699898332357407,0.0033893951544449485,0.03389395154444949,0.18372938603272093,0.01844775747436135,3.68955149487227e-05,918.6469301636046,91.86469301636045
13,36,0.08000000000000002,0.15500000000000003,0.31622776601683794,0.03162277660168379,0.002,0.012447606772184372,0.0033242989805291074,0.03324298980529108,0.18051769270663143,0.018415363783380483,3.683072756676097e-05,902.5884635331572,90.2588463533157
13,37,0.08000000000000002,0.15500000000000003,0.31622776601683794,0.1,0.002,0.01165294274687767,0.0031195214447503035,0.031195214447503037,0.17034027043898434,0.018313470072056227,3.6626940144112454e-05,851.7013521949217,85.17013521949217
13,38,0.08000000000000002,0.15500000000000003,0.31622776601683794,0.31622776601683794,0.002,0.009268742054700851,0.002507041777885172,0.025070417778851717,0.13921221657181795,0.01800877710033313,3.6017554200666266e-05,696.0610828590898,69.60610828590897
13,39,0.08000000000000002,0.15500000000000003,0.31622776601683794,1.0,0.002,0.004083406180143356,0.001181131463509147,0.011811314635091472,0.06808067697693646,0.017348997042277894,3.469799408455579e-05,340.4033848846822,34.040338488468215
13,40,0.08000000000000002,0.17000000000000004,0.31622776601683794,0.01,0.002,0.014885690063238144,0.00397618092745237,0.039761809274523705,0.2121711322077892,0.01874044261383452,3.748088522766904e-05,1060.855661038946,106.08556610389459
13,41,0.08000000000000002,0.17000000000000004,0.31622776601683794,0.03162277660168379,0.002,0.01460898295044899,0.003904786201431499,0.03904786201431499,0.20875731787326793,0.018704906928350223,3.740981385670045e-05,1043.7865893663395,104.37865893663395
13,42,0.08000000000000002,0.17000000000000004,0.31622776601683794,0.1,0.002,0.013737421482801437,0.0036801954576594705,0.0368019545765947,0.19793307345574407,0.018593130462768902,3.718626092553781e-05,989.6653672787203,98.96653672787204
13,43,0.08000000000000002,0.17000000000000004,0.31622776601683794,0.31622776601683794,0.002,0.011122498661279678,0.0030084504481037136,0.030084504481037135,0.1647663770288198,0.018258885716577335,3.651777143315467e-05,823.8318851440989,82.3831885144099
13,44,0.08000000000000002,0.17000000000000004,0.31622776601683794,1.0,0.002,0.005435347557067871,0.0015540041108011904,0.015540041108011904,0.08862234016481696,0.017535128365049984,3.507025673009997e-05,443.1117008240848,44.31117008240848
13,45,0.08000000000000002,0.18500000000000005,0.31622776601683794,0.01,0.002,0.017071489244699478,0.004562968294916344,0.04562968294916344,0.23973773214534427,0.019033167011649137,3.8066334023298276e-05,1198.6886607267215,119.86886607267213
13,46,0.08000000000000002,0.18500000000000005,0.31622776601683794,0.03162277660168379,0.002,0.016770366579294205,0.0044852747992748035,0.044852747992748035,0.23613559171010834,0.018994488576635864,3.798897715327173e-05,1180.6779585505417,118.06779585505416
13,47,0.08000000000000002,0.18500000000000005,0.31622776601683794,0.1,0.002,0.015821900218725204,0.0042408702101662905,0.04240870210166291,0.22470773471578265,0.018872827032546412,3.774565406509282e-05,1123.5386735789134,112.35386735789133
13,48,0.08000000000000002,0.18500000000000005,0.31622776601683794,0.31622776601683794,0.002,0.012976247817277908,0.0035098588410676533,0.03509858841067653,0.18962960482854593,0.018509023652931722,3.701804730586345e-05,948.1480241427297,94.81480241427299
13,49,0.08000000000000002,0.18500000000000005,0.31622776601683794,1.0,0.002,0.006787288933992386,0.0019269309742668882,0.019269309742668883,0.10873546162931372,0.017721274599779804,3.544254919955961e-05,543.6773081465684,54.36773081465684
13,50,0.08000000000000002,0.2,0.31622776601683794,0.01,0.002,0.019257280975580215,0.005149756099880942,0.05149756099880943,0.2664687728816437,0.019325927177847167,3.865185435569434e-05,1332.3438644082185,133.23438644082185
13,51,0.08000000000000002,0.2,0.31622776601683794,0.03162277660168379,0.002,0.01893175020813942,0.005065764178289386,0.050657641782893864,0.2626911660496357,0.019284105569550083,3.856821113910017e-05,1313.4558302481787,131.34558302481787
13,52,0.08000000000000002,0.2,0.31622776601683794,0.1,0.002,0.01790637895464897,0.0048015452905818224,0.048015452905818226,0.25069996234539543,0.01915255688776936,3.830511377553872e-05,1253.4998117269772,125.34998117269771
13,53,0.08000000000000002,0.2,0.31622776601683794,0.31622776601683794,0.002,0.014829996973276138,0.004011267293936072,0.04011267293936073,0.21382946268254677,0.018759188951857575,3.751837790371515e-05,1069.1473134127339,106.91473134127337
13,54,0.08000000000000002,0.2,0.31622776601683794,1.0,0.002,0.008139234036207199,0.002299885797670514,0.02299885797670514,0.1284318945888504,0.017907434948562805,3.581486989712561e-05,642.159472944252,64.2159472944252
14,15,0.08000000000000002,0.09500000000000001,1.0,0.01,0.002,0.006633017212152481,0.001727738459182928,0.01727738459182928,0.10200780229697982,0.016937316756936757,3.3874633513873516e-05,510.03901148489905,51.0039011484899
14,16,0.08000000000000002,0.09500000000000001,1.0,0.03162277660168379,0.002,0.0064783841371536255,0.0016878283535857793,0.016878283535857793,0.09976829642985538,0.016917481945504097,3.38349638910082e-05,498.8414821492769,49.884148214927684
14,17,0.08000000000000002,0.09500000000000001,1.0,0.1,0.002,0.005991335958242416,0.001562276062030122,0.01562276062030122,0.09268867068411064,0.01685509189525941,3.371018379051882e-05,463.44335342055325,46.344335342055324
14,18,0.08000000000000002,0.09500000000000001,1.0,0.31622776601683794,0.002,0.004530053585767746,0.0011866984234631963,0.011866984234631962,0.07119398260991071,0.016668521410937324,3.333704282187465e-05,355.96991304955355,35.59699130495535
14,19,0.08000000000000002,0.09500000000000001,1.0,1.0,0.002,0.0013519413769245148,0.0003730129581755354,0.003730129581755354,0.02293421547263498,0.01626447430131687,3.252894860263374e-05,114.67107736317492,11.467107736317491
14,20,0.08000000000000002,0.11000000000000001,1.0,0.01,0.002,0.008818812668323517,0.002314420439331634,0.023144204393316343,0.13432655260515067,0.017229805979870647,3.4459611959741294e-05,671.6327630257534,67.16327630257534
14,21,0.08000000000000002,0.11000000000000001,1.0,0.03162277660168379,0.002,0.00863976776599884,0.0022682117111516307,0.022682117111516308,0.13182040548076018,0.017206833061082394,3.441366612216479e-05,659.1020274038008,65.91020274038007
14,22,0.08000000000000002,0.11000000000000001,1.0,0.1,0.002,0.008075814694166183,0.0021228454812731497,0.021228454812731497,0.12389253017413837,0.017134572022133726,3.4269144044267454e-05,619.4626508706918,61.94626508706918
14,23,0.08000000000000002,0.11000000000000001,1.0,0.31622776601683794,0.002,0.006383802741765976,0.0016880112279360788,0.016880112279360787,0.09977318589973655,0.016918485790685125,3.3836971581370254e-05,498.8659294986828,49.88659294986828
14,24,0.08000000000000002,0.11000000000000001,1.0,1.0,0.002,0.0027038827538490295,0.0007460258501868361,0.007460258501868361,0.04534963968758665,0.01645053533669072,3.290107067338144e-05,226.74819843793324,22.674819843793323
14,25,0.08000000000000002,0.125,1.0,0.01,0.002,0.011004604399204254,0.0029011461303867538,0.029011461303867538,0.16556831420582263,0.017522351086937185,3.504470217387437e-05,827.8415710291132,82.78415710291132
14,26,0.08000000000000002,0.125,1.0,0.03162277660168379,0.002,0.010801151394844055,0.002848639189604403,0.028486391896044027,0.16281437365997714,0.0174962389718338,3.499247794366761e-05,814.0718682998855,81.40718682998856
14,27,0.08000000000000002,0.125,1.0,0.1,0.002,0.010160289704799652,0.002683459699220321,0.02683459699220321,0.1540969202143312,0.017414103380443528,3.4828206760887057e-05,770.4846010716558,77.04846010716558
14,28,0.08000000000000002,0.125,1.0,0.31622776601683794,0.002,0.008237551897764206,0.0021893678353458144,0.021893678353458144,0.12752244023554882,0.01716849074799539,3.433698149599078e-05,637.6122011777439,63.76122011777439
14,29,0.08000000000000002,0.125,1.0,1.0,0.002,0.004055824130773544,0.0011190389411220242,0.011190389411220242,0.06726361635704434,0.016636615777272733,3.327323155454547e-05,336.3180817852217,33.63180817852217
14,30,0.08000000000000002,0.14,1.0,0.01,0.002,0.013190403580665588,0.0034878937940759102,0.0348789379407591,0.19578468281794287,0.017814947236292473,3.562989447258495e-05,978.9234140897144,97.89234140897143
14,31,0.08000000000000002,0.14,1.0,0.03162277660168379,0.002,0.012962527573108673,0.0034290882940608202,0.0342908829406082,0.19280035641448778,0.01778569478724856,3.557138957449712e-05,964.0017820724388,96.4001782072439
14,32,0.08000000000000002,0.14,1.0,0.1,0.002,0.01224476844072342,0.0032440955953796256,0.03244095595379626,0.18334768724193096,0.01769368157395395,3.53873631479079e-05,916.7384362096548,91.67384362096547
14,33,0.08000000000000002,0.14,1.0,0.31622776601683794,0.002,0.010091301053762436,0.0026907437600958628,0.026907437600958626,0.15447591112746353,0.01741853302859392,3.4837066057187835e-05,772.3795556373178,77.23795556373179
14,34,0.08000000000000002,0.14,1.0,1.0,0.002,0.0054077692329883575,0.001492051903340781,0.01492051903340781,0.08869269748385948,0.016822714221904324,3.364542844380865e-05,443.46348741929745,44.346348741929745
14,35,0.08000000000000002,0.15500000000000003,1.0,0.01,0.002,0.015376202762126923,0.0040746540375985775,0.040746540375985775,0.22502464641551326,0.018107590001828662,3.621518000365732e-05,1125.1232320775662,112.51232320775662
14,36,0.08000000000000002,0.15500000000000003,1.0,0.03162277660168379,0.002,0.015123911201953888,0.004009549884136869,0.04009549884136869,0.22182607675085364,0.018075196310847794,3.615039262169559e-05,1109.130383754268,110.91303837542681
14,37,0.08000000000000002,0.15500000000000003,1.0,0.1,0.002,0.014329247176647186,0.003804743523822583,0.03804743523822583,0.21168861441877937,0.01797330259952354,3.594660519904708e-05,1058.443072093897,105.84430720938968
14,38,0.08000000000000002,0.15500000000000003,1.0,0.31622776601683794,0.002,0.011945046484470367,0.003192129674611283,0.03192129674611283,0.18066671582288335,0.017668609627800442,3.533721925560088e-05,903.3335791144168,90.33335791144168
14,39,0.08000000000000002,0.15500000000000003,1.0,1.0,0.002,0.006759710609912872,0.0018650647721433235,0.018650647721433235,0.10965274033087173,0.017008829569745205,3.4017659139490415e-05,548.2637016543586,54.826370165435854
14,40,0.08000000000000002,0.17000000000000004,1.0,0.01,0.002,0.01756199449300766,0.004661421561470024,0.04661421561470024,0.2533343401483629,0.018400275141301832,3.6800550282603664e-05,1266.6717007418144,126.66717007418143
14,41,0.08000000000000002,0.17000000000000004,1.0,0.03162277660168379,0.002,0.017285287380218506,0.004590018730035787,0.04590018730035787,0.24993650147221516,0.018364739455817534,3.672947891163507e-05,1249.682507361076,124.96825073610759
14,42,0.08000000000000002,0.17000000000000004,1.0,0.1,0.002,0.016413725912570953,0.004365398922806997,0.04365398922806998,0.23916111182289232,0.018252962990236214,3.6505925980472425e-05,1195.8055591144616,119.58055591144614
14,43,0.08000000000000002,0.17000000000000004,1.0,0.31622776601683794,0.002,0.013798803091049194,0.0036935220981587384,0.036935220981587386,0.2061264677447727,0.017918718244044646,3.5837436488089294e-05,1030.6323387238633,103.06323387238633
14,44,0.08000000000000002,0.17000000000000004,1.0,1.0,0.002,0.008111651986837387,0.0022380777464542276,0.022380777464542277,0.13015893205248105,0.017194960892517295,3.438992178503459e-05,650.7946602624053,65.07946602624052
14,45,0.08000000000000002,0.18500000000000005,1.0,0.01,0.002,0.019747793674468994,0.005248194606333053,0.05248194606333053,0.28075722119132496,0.018692999539116448,3.73859990782329e-05,1403.7861059566249,140.37861059566248
14,46,0.08000000000000002,0.18500000000000005,1.0,0.03162277660168379,0.002,0.01944667100906372,0.005170492937099179,0.05170492937099179,0.2771740074722893,0.018654321104103175,3.730864220820635e-05,1385.870037361447,138.5870037361447
14,47,0.08000000000000002,0.18500000000000005,1.0,0.1,0.002,0.01849820464849472,0.004926059195182861,0.049260591951828615,0.2658042241174808,0.018532659560013723,3.7065319120027446e-05,1329.0211205874043,132.9021120587404
14,48,0.08000000000000002,0.18500000000000005,1.0,0.31622776601683794,0.002,0.015652552247047424,0.004194918126978451,0.04194918126978451,0.2308850972965498,0.018168856180399033,3.6337712360798064e-05,1154.4254864827492,115.44254864827491
14,49,0.08000000000000002,0.18500000000000005,1.0,1.0,0.002,0.009463593363761902,0.002611090619022825,0.02611090619022825,0.1502257940134093,0.017381107127247115,3.476221425449423e-05,751.1289700670463,75.11289700670464
14,50,0.08000000000000002,0.2,1.0,0.01,0.002,0.02193358540534973,0.005834970876276392,0.05834970876276392,0.307334073897663,0.01898575970531448,3.7971519410628955e-05,1536.670369488315,153.66703694883148
14,51,0.08000000000000002,0.2,1.0,0.03162277660168379,0.002,0.021608054637908936,0.005750970746544149,0.057509707465441484,0.3035784173856439,0.018943938097017395,3.788787619403479e-05,1517.8920869282197,151.78920869282197
14,52,0.08000000000000002,0.2,1.0,0.1,0.002,0.020582683384418488,0.005486722694700846,0.054867226947008456,0.29165474802775443,0.01881238941523667,3.7624778830473344e-05,1458.273740138772,145.8273740138772
14,53,0.08000000000000002,0.2,1.0,0.31622776601683794,0.002,0.017506301403045654,0.004696316854043325,0.046963168540433246,0.2549710286898183,0.018419021479324886,3.6838042958649776e-05,1274.8551434490912,127.48551434490912
14,54,0.08000000000000002,0.2,1.0,1.0,0.002,0.010815538465976715,0.0029841035597762355,0.029841035597762352,0.16986725817478063,0.017567267476030116,3.5134534952060235e-05,849.3362908739032,84.93362908739033
15,16,0.09500000000000001,0.09500000000000001,0.01,0.03162277660168379,0.002,0.0001546330749988556,3.991136779929065e-05,0.0003991136779929065,0.00224519288336572,0.01777636482592996,3.555272965185992e-05,11.225964416828598,1.1225964416828598
15,17,0.09500000000000001,0.09500000000000001,0.01,0.1,0.002,0.0006416812539100647,0.00016546882197945867,0.0016546882197945867,0.009341145850934941,0.017713974775685273,3.542794955137055e-05,46.705729254674694,4.67057292546747
15,18,0.09500000000000001,0.09500000000000001,0.01,0.31622776601683794,0.002,0.002102963626384735,0.000541077009773679,0.0054107700977367905,0.030870344563244913,0.017527404291363187,3.5054808582726376e-05,154.35172281622454,15.435172281622451
15,19,0.09500000000000001,0.09500000000000001,0.01,1.0,0.002,0.005281075835227966,0.0013551371633248488,0.013551371633248488,0.07913968907742715,0.01712335718174273,3.424671436348546e-05,395.6984453871357,39.56984453871357
15,20,0.09500000000000001,0.11000000000000001,0.01,0.01,0.002,0.0021857954561710358,0.0005867905840914904,0.005867905840914904,0.032439641624853056,0.018088688860296506,3.617737772059301e-05,162.1982081242653,16.21982081242653
15,21,0.09500000000000001,0.11000000000000001,0.01,0.03162277660168379,0.002,0.0020067505538463593,0.0005406002901804376,0.005406002901804377,0.02992409998755381,0.018065715941508253,3.613143188301651e-05,149.620499937769,14.9620499937769
15,22,0.09500000000000001,0.11000000000000001,0.01,0.1,0.002,0.0014427974820137024,0.0003953285461527087,0.003953285461527087,0.021970685912935647,0.017993454902559585,3.598690980511917e-05,109.85342956467822,10.985342956467822
15,23,0.09500000000000001,0.11000000000000001,0.01,0.31622776601683794,0.002,0.0002492144703865051,4.419281871418284e-05,0.0004419281871418284,0.0024859032589000718,0.017777368671110988,3.555473734222198e-05,12.429516294500358,1.2429516294500356
15,24,0.09500000000000001,0.11000000000000001,0.01,1.0,0.002,0.0039291344583034515,0.0009828482837753861,0.009828482837753862,0.056781127559994336,0.01730941821711658,3.461883643423316e-05,283.90563779997166,28.390563779997162
15,25,0.09500000000000001,0.125,0.01,0.01,0.002,0.004371587187051773,0.0011735809542799533,0.011735809542799533,0.0638466903997694,0.018381233967363048,3.6762467934726094e-05,319.23345199884693,31.923345199884693
15,26,0.09500000000000001,0.125,0.01,0.03162277660168379,0.002,0.004168134182691574,0.0011210913213787986,0.011210913213787985,0.06107784684855053,0.01835512185225966,3.671024370451932e-05,305.3892342427526,30.538923424275264
15,27,0.09500000000000001,0.125,0.01,0.1,0.002,0.003527272492647171,0.0009559843860962247,0.009559843860962248,0.052316811956643,0.018272986260869387,3.6545972521738776e-05,261.58405978321497,26.158405978321493
15,28,0.09500000000000001,0.125,0.01,0.31622776601683794,0.002,0.0016045346856117249,0.00046256086271201683,0.004625608627120168,0.025658804895615058,0.01802737362842125,3.6054747256842495e-05,128.29402447807527,12.829402447807528
15,29,0.09500000000000001,0.125,0.01,1.0,0.002,0.0025771930813789368,0.0006114423753524466,0.006114423753524467,0.03494855375747704,0.017495498657698595,3.499099731539719e-05,174.74276878738516,17.474276878738515
15,30,0.09500000000000001,0.14,0.01,0.01,0.002,0.006557386368513107,0.0017603715313446264,0.017603715313446264,0.09426944126307535,0.018673830116718332,3.734766023343666e-05,471.3472063153768,47.13472063153768
15,31,0.09500000000000001,0.14,0.01,0.03162277660168379,0.002,0.006329510360956192,0.001701582709536011,0.01701582709536011,0.0912642131061075,0.018644577667674418,3.728915533534884e-05,456.32106553053745,45.63210655305375
15,32,0.09500000000000001,0.14,0.01,0.1,0.002,0.005611751228570938,0.0015166557327207317,0.015166557327207317,0.08174911540936251,0.018552564454379812,3.710512890875963e-05,408.74557704681246,40.87455770468125
15,33,0.09500000000000001,0.14,0.01,0.31622776601683794,0.002,0.003458283841609955,0.0009637390469579344,0.009637390469579345,0.05272840820360913,0.01827741590901978,3.655483181803956e-05,263.64204101804563,26.36420410180456
15,34,0.09500000000000001,0.14,0.01,1.0,0.002,0.0012252479791641235,0.0002449701395637641,0.0024497013956376406,0.013854525592118624,0.017681597102330186,3.5363194204660376e-05,69.27262796059311,6.927262796059312
15,35,0.09500000000000001,0.15500000000000003,0.01,0.01,0.002,0.008743185549974442,0.002347162327721644,0.023471623277216438,0.1237532324693699,0.01896647288225452,3.793294576450904e-05,618.7661623468495,61.87661623468495
15,36,0.09500000000000001,0.15500000000000003,0.01,0.03162277660168379,0.002,0.008490893989801407,0.002282074386286691,0.022820743862866907,0.12052734982424992,0.018934079191273656,3.7868158382547316e-05,602.6367491212495,60.26367491212495
15,37,0.09500000000000001,0.15500000000000003,0.01,0.1,0.002,0.007696229964494705,0.0020773299952049295,0.020773299952049296,0.1103074307236757,0.0188321854799494,3.76643709598988e-05,551.5371536183784,55.15371536183783
15,38,0.09500000000000001,0.15500000000000003,0.01,0.31622776601683794,0.002,0.005312029272317886,0.0014650745918579047,0.014650745918579048,0.07907570823236897,0.0185274925082263,3.70549850164526e-05,395.3785411618448,39.537854116184484
15,39,0.09500000000000001,0.15500000000000003,0.01,1.0,0.002,0.00027865171432495117,0.00015632105932192984,0.0015632105932192985,0.008748800931169745,0.017867712450171064,3.573542490034213e-05,43.74400465584873,4.3744004655848725
15,40,0.09500000000000001,0.17000000000000004,0.01,0.01,0.002,0.010928977280855179,0.0029339527144529053,0.029339527144529056,0.15234065326962348,0.019259158021727694,3.851831604345539e-05,761.7032663481172,76.17032663481172
15,41,0.09500000000000001,0.17000000000000004,0.01,0.03162277660168379,0.002,0.010652270168066025,0.002862565729935304,0.028625657299353038,0.14890875818644983,0.019223622336243397,3.844724467248679e-05,744.5437909322492,74.45437909322493
15,42,0.09500000000000001,0.17000000000000004,0.01,0.1,0.002,0.009780708700418472,0.002638005386348044,0.02638005386348044,0.13802985876929627,0.019111845870662073,3.8223691741324143e-05,690.1492938464814,69.01492938464814
15,43,0.09500000000000001,0.17000000000000004,0.01,0.31622776601683794,0.002,0.007165785878896713,0.0019664476411923176,0.019664476411923176,0.10472304892181844,0.018777601124470508,3.755520224894102e-05,523.6152446090921,52.36152446090921
15,44,0.09500000000000001,0.17000000000000004,0.01,1.0,0.002,0.001478634774684906,0.0005168554079829918,0.0051685540798299175,0.028628552151181787,0.018053843772943154,3.610768754588631e-05,143.14276075590894,14.314276075590897
15,45,0.09500000000000001,0.18500000000000005,0.01,0.01,0.002,0.013114776462316513,0.0035207435084310397,0.0352074350843104,0.18007184335928803,0.01955188241954231,3.910376483908462e-05,900.3592167964401,90.035921679644
15,46,0.09500000000000001,0.18500000000000005,0.01,0.03162277660168379,0.002,0.01281365379691124,0.0034430573868903737,0.03443057386890374,0.17644756799653136,0.019513203984529034,3.902640796905807e-05,882.237839982657,88.22378399826569
15,47,0.09500000000000001,0.18500000000000005,0.01,0.1,0.002,0.01186518743634224,0.0031986812763892263,0.031986812763892265,0.16495239026054062,0.019391542440439585,3.878308488087917e-05,824.761951302703,82.4761951302703
15,48,0.09500000000000001,0.18500000000000005,0.01,0.31622776601683794,0.002,0.009019535034894943,0.0024678348890610035,0.024678348890610033,0.12969669602742687,0.019027739060824896,3.805547812164979e-05,648.4834801371344,64.84834801371345
15,49,0.09500000000000001,0.18500000000000005,0.01,1.0,0.002,0.0028305761516094208,0.0008877611841256022,0.008877611841256022,0.04867114421401272,0.018239990007672978,3.6479980015345955e-05,243.35572107006354,24.335572107006353
15,50,0.09500000000000001,0.2,0.01,0.01,0.002,0.01530056819319725,0.00410753396004652,0.041075339600465194,0.20698452704802298,0.01984464258574034,3.968928517148068e-05,1034.9226352401147,103.49226352401148
15,51,0.09500000000000001,0.2,0.01,0.03162277660168379,0.002,0.014975037425756454,0.004023549125854543,0.04023549125854543,0.20318060393706713,0.019802820977443257,3.960564195488652e-05,1015.9030196853356,101.59030196853357
15,52,0.09500000000000001,0.2,0.01,0.1,0.002,0.013949666172266006,0.003759357288921026,0.03759357288921026,0.1911090056818519,0.019671272295662533,3.934254459132507e-05,955.5450284092592,95.55450284092592
15,53,0.09500000000000001,0.2,0.01,0.31622776601683794,0.002,0.010873284190893173,0.0029692293402118434,0.029692293402118434,0.15402241264414251,0.019277904359750745,3.855580871950149e-05,770.1120632207127,77.01120632207126
15,54,0.09500000000000001,0.2,0.01,1.0,0.002,0.004182521253824234,0.0012599117691379155,0.012599117691379155,0.06837628830573825,0.018426150356455978,3.6852300712911954e-05,341.88144152869125,34.18814415286913
16,17,0.09500000000000001,0.09500000000000001,0.03162277660168379,0.1,0.002,0.0004870481789112091,0.00012555746232180786,0.0012555746232180787,0.007095991247693926,0.017694139964252613,3.538827992850523e-05,35.47995623846963,3.5479956238469628
16,18,0.09500000000000001,0.09500000000000001,0.03162277660168379,0.31622776601683794,0.002,0.0019483305513858795,0.0005011657219623844,0.005011657219623844,0.028625659463290223,0.017507569479930526,3.5015138959861056e-05,143.12829731645112,14.312829731645111
16,19,0.09500000000000001,0.09500000000000001,0.03162277660168379,1.0,0.002,0.005126442760229111,0.0013152260776068637,0.013152260776068637,0.07689796575996292,0.01710352237031007,3.4207044740620144e-05,384.4898287998146,38.44898287998146
16,20,0.09500000000000001,0.11000000000000001,0.03162277660168379,0.01,0.002,0.0023404285311698914,0.0006266850218582018,0.006266850218582018,0.0346831636452123,0.01806885404886385,3.61377080977277e-05,173.4158182260615,17.341581822606148
16,21,0.09500000000000001,0.11000000000000001,0.03162277660168379,0.03162277660168379,0.002,0.002161383628845215,0.0005804918183505641,0.005804918183505641,0.03216755192868394,0.018045881130075596,3.609176226015119e-05,160.83775964341964,16.083775964341964
16,22,0.09500000000000001,0.11000000000000001,0.03162277660168379,0.1,0.002,0.001597430557012558,0.00043520330164356646,0.004352033016435664,0.02421344723194712,0.017973620091126928,3.594724018225386e-05,121.06723615973559,12.106723615973559
16,23,0.09500000000000001,0.11000000000000001,0.03162277660168379,0.31622776601683794,0.002,9.458139538764954e-05,1.8822012240769583e-05,0.0001882201224076958,0.0010599451697236146,0.017757533859678327,3.5515067719356654e-05,5.299725848618074,0.5299725848618074
16,24,0.09500000000000001,0.11000000000000001,0.03162277660168379,1.0,0.002,0.003774501383304596,0.0009429486641589814,0.009429486641589813,0.0545385416197471,0.01728958340568392,3.457916681136784e-05,272.6927080987355,27.26927080987355
16,25,0.09500000000000001,0.125,0.03162277660168379,0.01,0.002,0.004526220262050629,0.0012134748350143716,0.012134748350143717,0.06608836422045987,0.018361399155930387,3.6722798311860775e-05,330.4418211022993,33.044182110229926
16,26,0.09500000000000001,0.125,0.03162277660168379,0.03162277660168379,0.002,0.00432276725769043,0.0011609835557981143,0.011609835557981143,0.06331962805997875,0.018335287040827004,3.6670574081654006e-05,316.59814029989377,31.659814029989377
16,27,0.09500000000000001,0.125,0.03162277660168379,0.1,0.002,0.0036819055676460266,0.0009958694219591674,0.009958694219591674,0.05455876617897118,0.01825315144943673,3.650630289887346e-05,272.79383089485583,27.279383089485588
16,28,0.09500000000000001,0.125,0.03162277660168379,0.31622776601683794,0.002,0.0017591677606105804,0.0005023567723682431,0.0050235677236824304,0.02789702565540561,0.01800753881698859,3.601507763397718e-05,139.48512827702802,13.948512827702803
16,29,0.09500000000000001,0.125,0.03162277660168379,1.0,0.002,0.002422560006380081,0.0005716307886947646,0.005716307886947647,0.03271010438993459,0.017475663846265935,3.4951327692531874e-05,163.55052194967297,16.355052194967296
16,30,0.09500000000000001,0.14,0.03162277660168379,0.01,0.002,0.006712019443511963,0.0018002652184151095,0.018002652184151095,0.09650829159933358,0.018653995305285675,3.730799061057135e-05,482.5414579966679,48.25414579966679
16,31,0.09500000000000001,0.14,0.03162277660168379,0.03162277660168379,0.002,0.006484143435955048,0.001741475168094442,0.01741475168094442,0.09350331338995195,0.01862474285624176,3.724948571248352e-05,467.51656694975975,46.75165669497597
16,32,0.09500000000000001,0.14,0.03162277660168379,0.1,0.002,0.005766384303569794,0.0015565432476860514,0.015565432476860515,0.0839888822464106,0.01853272964294715,3.70654592858943e-05,419.944411232053,41.9944411232053
16,33,0.09500000000000001,0.14,0.03162277660168379,0.31622776601683794,0.002,0.0036129169166088104,0.0010035891778177248,0.010035891778177248,0.05496835382811783,0.01825758109758712,3.651516219517424e-05,274.8417691405892,27.484176914058917
16,34,0.09500000000000001,0.14,0.03162277660168379,1.0,0.002,0.001070614904165268,0.00020651606702231306,0.002065160670223131,0.011692834702500033,0.017661762290897526,3.532352458179505e-05,58.46417351250017,5.846417351250016
16,35,0.09500000000000001,0.15500000000000003,0.03162277660168379,0.01,0.002,0.008897818624973297,0.0023870559164012096,0.0238705591640121,0.12598836307942757,0.018946638070821864,3.789327614164373e-05,629.9418153971378,62.99418153971377
16,36,0.09500000000000001,0.15500000000000003,0.03162277660168379,0.03162277660168379,0.002,0.008645527064800262,0.002321966955118301,0.02321966955118301,0.12276287164784011,0.018914244379840996,3.782848875968199e-05,613.8143582392005,61.38143582392004
16,37,0.09500000000000001,0.15500000000000003,0.03162277660168379,0.1,0.002,0.00785086303949356,0.00211721862103998,0.0211721862103998,0.11254407587581462,0.01881235066851674,3.762470133703348e-05,562.720379379073,56.27203793790731
16,38,0.09500000000000001,0.15500000000000003,0.03162277660168379,0.31622776601683794,0.002,0.005466662347316742,0.0015049386500876989,0.015049386500876987,0.08131437671599154,0.018507657696793644,3.701531539358729e-05,406.5718835799577,40.65718835799577
16,39,0.09500000000000001,0.15500000000000003,0.03162277660168379,1.0,0.002,0.00036659836769104004,0.0001918679735846248,0.001918679735846248,0.010750184277831431,0.017847877638738407,3.5695755277476814e-05,53.750921389157156,5.375092138915716
16,40,0.09500000000000001,0.17000000000000004,0.03162277660168379,0.01,0.002,0.011083610355854034,0.0029738462434755254,0.029738462434755253,0.15457125029659094,0.019239323210295034,3.847864642059007e-05,772.8562514829547,77.28562514829547
16,41,0.09500000000000001,0.17000000000000004,0.03162277660168379,0.03162277660168379,0.002,0.01080690324306488,0.0029024583641212203,0.0290245836412122,0.15113989156416816,0.019203787524810736,3.840757504962147e-05,755.6994578208408,75.56994578208409
16,42,0.09500000000000001,0.17000000000000004,0.03162277660168379,0.1,0.002,0.009935341775417328,0.00267789464196506,0.026778946419650604,0.14026257546454327,0.019092011059229416,3.818402211845883e-05,701.3128773227163,70.13128773227163
16,43,0.09500000000000001,0.17000000000000004,0.03162277660168379,0.31622776601683794,0.002,0.007320418953895569,0.002006317930214316,0.020063179302143158,0.10695932003480586,0.018757766313037848,3.751553262607569e-05,534.7966001740294,53.47966001740294
16,44,0.09500000000000001,0.17000000000000004,0.03162277660168379,1.0,0.002,0.0016332678496837616,0.0005561070896754505,0.005561070896754504,0.030836576096991794,0.018034008961510497,3.606801792302099e-05,154.182880484959,15.4182880484959
16,45,0.09500000000000001,0.18500000000000005,0.03162277660168379,0.01,0.002,0.013269409537315369,0.003560636997519907,0.035606369975199066,0.1822971697059319,0.01953204760810965,3.90640952162193e-05,911.4858485296596,91.14858485296597
16,46,0.09500000000000001,0.18500000000000005,0.03162277660168379,0.03162277660168379,0.002,0.012968286871910095,0.0034829500645572765,0.03482950064557276,0.17867358041750128,0.019493369173096377,3.8986738346192755e-05,893.3679020875064,89.33679020875066
16,47,0.09500000000000001,0.18500000000000005,0.03162277660168379,0.1,0.002,0.012019820511341095,0.0032385709375381115,0.032385709375381114,0.16718045716778834,0.019371707629006925,3.874341525801385e-05,835.9022858389418,83.59022858389417
16,48,0.09500000000000001,0.18500000000000005,0.03162277660168379,0.31622776601683794,0.002,0.009174168109893799,0.00250770868709312,0.025077086870931197,0.13192978322022542,0.019007904249392235,3.801580849878447e-05,659.6489161011273,65.96489161011273
16,49,0.09500000000000001,0.18500000000000005,0.03162277660168379,1.0,0.002,0.0029852092266082764,0.0009273478480893042,0.00927347848089304,0.05089681389106169,0.018220155196240317,3.6440310392480636e-05,254.48406945530846,25.44840694553085
16,50,0.09500000000000001,0.2,0.03162277660168379,0.01,0.002,0.015455201268196106,0.004147427420400652,0.04147427420400652,0.2092039160034422,0.01982480777430768,3.964961554861536e-05,1046.019580017211,104.6019580017211
16,51,0.09500000000000001,0.2,0.03162277660168379,0.03162277660168379,0.002,0.01512967050075531,0.004063441834522655,0.04063441834522655,0.20540083283807306,0.019782986166010597,3.956597233202119e-05,1027.0041641903654,102.70041641903656
16,52,0.09500000000000001,0.2,0.03162277660168379,0.1,0.002,0.014104299247264862,0.003799247233006764,0.03799247233006764,0.193331772093295,0.019651437484229872,3.930287496845974e-05,966.658860466475,96.6658860466475
16,53,0.09500000000000001,0.2,0.03162277660168379,0.31622776601683794,0.002,0.011027917265892029,0.0030091053830770273,0.030091053830770275,0.15625166247983716,0.019258069548318088,3.8516139096636175e-05,781.2583123991857,78.12583123991857
16,54,0.09500000000000001,0.2,0.03162277660168379,1.0,0.002,0.00433715432882309,0.0012996039060831457,0.012996039060831455,0.07060641239710416,0.018406315545023318,3.6812631090046635e-05,353.03206198552084,35.30320619855209
17,18,0.09500000000000001,0.09500000000000001,0.1,0.31622776601683794,0.002,0.0014612823724746704,0.00037560841172641396,0.0037560841172641396,0.02153078523728191,0.017445179429685844,3.489035885937169e-05,107.65392618640954,10.765392618640954
17,19,0.09500000000000001,0.09500000000000001,0.1,1.0,0.002,0.004639394581317902,0.0011896692762825914,0.011896692762825914,0.06981163304986453,0.017041132320065388,3.4082264640130776e-05,349.05816524932266,34.90581652493226
17,20,0.09500000000000001,0.11000000000000001,0.1,0.01,0.002,0.0028274767100811005,0.0007521988508074895,0.007521988508074895,0.041773823603855384,0.018006463998619167,3.601292799723833e-05,208.86911801927693,20.886911801927692
17,21,0.09500000000000001,0.11000000000000001,0.1,0.03162277660168379,0.002,0.002648431807756424,0.0007059992705353921,0.00705999270535392,0.039258187823564134,0.01798349107983091,3.596698215966182e-05,196.29093911782067,19.629093911782068
17,22,0.09500000000000001,0.11000000000000001,0.1,0.1,0.002,0.002084478735923767,0.0005606767566582637,0.005606767566582636,0.03130308501306294,0.017911230040882242,3.5822460081764485e-05,156.5154250653147,15.651542506531472
17,23,0.09500000000000001,0.11000000000000001,0.1,0.31622776601683794,0.002,0.00039246678352355957,0.000126875200877466,0.00126875200877466,0.007170057629586837,0.01769514380943364,3.5390287618867286e-05,35.850288147934194,3.5850288147934193
17,24,0.09500000000000001,0.11000000000000001,0.1,1.0,0.002,0.003287453204393387,0.0008174331328805233,0.008174331328805233,0.04745016300768637,0.01722719335543924,3.445438671087848e-05,237.2508150384318,23.72508150384318
17,25,0.09500000000000001,0.125,0.1,0.01,0.002,0.005013268440961838,0.0013389817378618228,0.013389817378618229,0.07317236305684915,0.0182990091056857,3.65980182113714e-05,365.86181528424584,36.58618152842458
17,26,0.09500000000000001,0.125,0.1,0.03162277660168379,0.002,0.004809815436601639,0.0012864861284695682,0.012864861284695684,0.070404059582485,0.01827289699058232,3.6545793981164645e-05,352.0202979124249,35.20202979124249
17,27,0.09500000000000001,0.125,0.1,0.1,0.002,0.004168953746557236,0.0011213534642591648,0.011213534642591649,0.06164411921256746,0.018190761399192047,3.6381522798384095e-05,308.2205960628373,30.822059606283723
17,28,0.09500000000000001,0.125,0.1,0.31622776601683794,0.002,0.0022462159395217896,0.000627641477399279,0.006276414773992791,0.034975551641144895,0.017945148766743906,3.5890297533487814e-05,174.87775820572446,17.487775820572445
17,29,0.09500000000000001,0.125,0.1,1.0,0.002,0.001935511827468872,0.00044649517595596127,0.004464951759559613,0.025641081693551542,0.017413273796021252,3.4826547592042506e-05,128.2054084677577,12.820540846775769
17,30,0.09500000000000001,0.14,0.1,0.01,0.002,0.007199067622423172,0.0019257693930204247,0.019257693930204246,0.10358273890837182,0.018591605255040992,3.718321051008199e-05,517.9136945418591,51.79136945418591
17,31,0.09500000000000001,0.14,0.1,0.03162277660168379,0.002,0.006971191614866257,0.001866975894871686,0.01866975894871686,0.1005786235389572,0.01856235280599708,3.712470561199416e-05,502.893117694786,50.289311769478594
17,32,0.09500000000000001,0.14,0.1,0.1,0.002,0.006253432482481003,0.0016820302502776824,0.016820302502776826,0.09106655791765972,0.018470339592702466,3.6940679185404934e-05,455.33278958829857,45.533278958829854
17,33,0.09500000000000001,0.14,0.1,0.31622776601683794,0.002,0.0040999650955200195,0.0011289779379594043,0.011289779379594043,0.062048149701857694,0.01819519104734244,3.639038209468488e-05,310.2407485092884,31.02407485092884
17,34,0.09500000000000001,0.14,0.1,1.0,0.002,0.0005835667252540588,9.37895514271613e-05,0.000937895514271613,0.005329141866237509,0.01759937224065284,3.519874448130568e-05,26.645709331187547,2.664570933118755
17,35,0.09500000000000001,0.15500000000000003,0.1,0.01,0.002,0.009384866803884506,0.002512558632505217,0.02512558632505217,0.13305049953630207,0.018884248020577178,3.7768496041154354e-05,665.2524976815104,66.52524976815103
17,36,0.09500000000000001,0.15500000000000003,0.1,0.03162277660168379,0.002,0.009132575243711472,0.002447466712113322,0.024474667121133217,0.12982631147700635,0.01885185432959631,3.770370865919262e-05,649.1315573850318,64.91315573850319
17,37,0.09500000000000001,0.15500000000000003,0.1,0.1,0.002,0.00833791121840477,0.002242707016340052,0.022427070163400523,0.11961129209810223,0.018749960618272055,3.749992123654411e-05,598.0564604905112,59.80564604905111
17,38,0.09500000000000001,0.15500000000000003,0.1,0.31622776601683794,0.002,0.005953710526227951,0.0016303584507234995,0.016303584507234993,0.08838898312373002,0.01844526764654896,3.689053529309792e-05,441.9449156186501,44.194491561865014
17,39,0.09500000000000001,0.15500000000000003,0.1,1.0,0.002,0.0007683746516704559,0.0003106642889385102,0.003106642889385102,0.017467291092963556,0.01778548758849372,3.557097517698745e-05,87.33645546481776,8.733645546481776
17,40,0.09500000000000001,0.17000000000000004,0.1,0.01,0.002,0.011570658534765244,0.003099348051484807,0.03099348051484807,0.1616185458653739,0.019176933160050348,3.8353866320100696e-05,808.0927293268696,80.80927293268695
17,41,0.09500000000000001,0.17000000000000004,0.1,0.03162277660168379,0.002,0.01129395142197609,0.0030279575225719895,0.030279575225719894,0.1581889476249244,0.019141397474566054,3.8282794949132106e-05,790.944738124622,79.0944738124622
17,42,0.09500000000000001,0.17000000000000004,0.1,0.1,0.002,0.010422389954328537,0.0028033838465854,0.028033838465854,0.14731685120065174,0.019029621008984733,3.805924201796947e-05,736.5842560032586,73.65842560032586
17,43,0.09500000000000001,0.17000000000000004,0.1,0.31622776601683794,0.002,0.007807467132806778,0.0021317524438885563,0.02131752443888556,0.1140256507236546,0.018695376262793162,3.7390752525586326e-05,570.128253618273,57.0128253618273
17,44,0.09500000000000001,0.17000000000000004,0.1,1.0,0.002,0.0021203160285949707,0.0006800775599802762,0.0068007755998027615,0.03784175278466193,0.017971618911265815,3.594323782253163e-05,189.20876392330965,18.920876392330964
17,45,0.09500000000000001,0.18500000000000005,0.1,0.01,0.002,0.013756457716226578,0.0036861381860676273,0.03686138186067627,0.18932732510123548,0.019469657557864967,3.893931511572994e-05,946.6366255061773,94.66366255061773
17,46,0.09500000000000001,0.18500000000000005,0.1,0.03162277660168379,0.002,0.013455335050821304,0.0036084488175470958,0.03608448817547096,0.18570596956194554,0.019430979122851695,3.8861958245703394e-05,928.5298478097276,92.85298478097275
17,47,0.09500000000000001,0.18500000000000005,0.1,0.1,0.002,0.012506868690252304,0.003364060671328564,0.033640606713285635,0.17421955269038591,0.019309317578762242,3.8618635157524485e-05,871.0977634519296,87.10977634519297
17,48,0.09500000000000001,0.18500000000000005,0.1,0.31622776601683794,0.002,0.009661216288805008,0.002633151750399244,0.026331517503992437,0.1389854992965945,0.018945514199147553,3.789102839829511e-05,694.9274964829725,69.49274964829726
17,49,0.09500000000000001,0.18500000000000005,0.1,1.0,0.002,0.0034722574055194855,0.001052034129855549,0.01052034129855549,0.0579385250000084,0.01815776514599563,3.631553029199126e-05,289.69262500004197,28.9692625000042
17,50,0.09500000000000001,0.2,0.1,0.01,0.002,0.015942249447107315,0.004272928158978094,0.04272928158978094,0.21621484874167582,0.019762417724062994,3.9524835448125986e-05,1081.0742437083793,108.10742437083793
17,51,0.09500000000000001,0.2,0.1,0.03162277660168379,0.002,0.01561671867966652,0.00418894029463096,0.04188940294630959,0.21241448635936774,0.019720596115765914,3.944119223153183e-05,1062.0724317968386,106.20724317968387
17,52,0.09500000000000001,0.2,0.1,0.1,0.002,0.014591347426176071,0.003924737339861265,0.03924737339861265,0.20035365951752246,0.01958904743398519,3.917809486797038e-05,1001.7682975876121,100.17682975876122
17,53,0.09500000000000001,0.2,0.1,0.31622776601683794,0.002,0.011514965444803238,0.0031345540251282297,0.0313455402512823,0.16329476773368887,0.019195679498073402,3.839135899614681e-05,816.4738386684444,81.64738386684444
17,54,0.09500000000000001,0.2,0.1,1.0,0.002,0.004824202507734299,0.0014245432597261235,0.014245432597261236,0.07765749267416082,0.018343925494778635,3.6687850989557274e-05,388.287463370804,38.8287463370804
18,19,0.09500000000000001,0.09500000000000001,0.31622776601683794,1.0,0.002,0.003178112208843231,0.0008140615861006603,0.008140615861006603,0.04829918416355909,0.0168545618357433,3.3709123671486604e-05,241.49592081779545,24.149592081779545
18,20,0.09500000000000001,0.11000000000000001,0.31622776601683794,0.01,0.002,0.004288759082555771,0.0011277238737453527,0.011277238737453527,0.06328454616412654,0.01781989351429708,3.563978702859416e-05,316.4227308206327,31.64227308206327
18,21,0.09500000000000001,0.11000000000000001,0.31622776601683794,0.03162277660168379,0.002,0.004109714180231094,0.001081516115471016,0.01081516115471016,0.06076984552844182,0.017796920595508824,3.559384119101765e-05,303.8492276422091,30.38492276422091
18,22,0.09500000000000001,0.11000000000000001,0.31622776601683794,0.1,0.002,0.0035457611083984375,0.0009361554279841227,0.009361554279841228,0.05281655340102924,0.017724659556560156,3.544931911312031e-05,264.0827670051462,26.40827670051462
18,23,0.09500000000000001,0.11000000000000001,0.31622776601683794,0.31622776601683794,0.002,0.00185374915599823,0.0005014084509570865,0.005014084509570865,0.028637881662119474,0.017508573325111555,3.5017146650223114e-05,143.18940831059737,14.31894083105974
18,24,0.09500000000000001,0.11000000000000001,0.31622776601683794,1.0,0.002,0.0018261708319187164,0.0004420597010966383,0.004420597010966382,0.02594152246898811,0.017040622871117152,3.408124574223431e-05,129.70761234494051,12.970761234494054
18,25,0.09500000000000001,0.125,0.31622776601683794,0.01,0.002,0.006474550813436508,0.0017144688900270614,0.017144688900270617,0.09465698826467497,0.018112438621363615,3.622487724272723e-05,473.28494132337494,47.32849413233749
18,26,0.09500000000000001,0.125,0.31622776601683794,0.03162277660168379,0.002,0.006271097809076309,0.0016619652139769692,0.01661965213976969,0.0918907006020107,0.018086326506260235,3.617265301252047e-05,459.45350301005334,45.94535030100534
18,27,0.09500000000000001,0.125,0.31622776601683794,0.1,0.002,0.005630236119031906,0.0014967995830702935,0.014967995830702937,0.0831361759130238,0.01800419091486996,3.600838182973992e-05,415.6808795651189,41.56808795651188
18,28,0.09500000000000001,0.125,0.31622776601683794,0.31622776601683794,0.002,0.00370749831199646,0.0010028169000141213,0.010028169000141213,0.05646943601373492,0.01775857828242182,3.551715656484364e-05,282.3471800686745,28.234718006867453
18,29,0.09500000000000001,0.125,0.31622776601683794,1.0,0.002,0.00047422945499420166,8.009065237554764e-05,0.0008009065237554765,0.004649215286662289,0.017226703311699166,3.4453406623398334e-05,23.246076433311448,2.3246076433311442
18,30,0.09500000000000001,0.14,0.31622776601683794,0.01,0.002,0.008660349994897842,0.0023012372446986474,0.023012372446986472,0.1250330289166175,0.018405034770718906,3.6810069541437816e-05,625.1651445830873,62.51651445830874
18,31,0.09500000000000001,0.14,0.31622776601683794,0.03162277660168379,0.002,0.008432473987340927,0.0022424362597340724,0.022424362597340725,0.12203215190947417,0.018375782321674992,3.675156464334999e-05,610.1607595473707,61.016075954737076
18,32,0.09500000000000001,0.14,0.31622776601683794,0.1,0.002,0.007714714854955673,0.002057461558261814,0.02057461558261814,0.11252939949448248,0.01828376910838038,3.656753821676076e-05,562.6469974724125,56.26469974724125
18,33,0.09500000000000001,0.14,0.31622776601683794,0.31622776601683794,0.002,0.00556124746799469,0.0015042253450464494,0.015042253450464496,0.08352807144680967,0.018008620563020352,3.60172411260407e-05,417.64035723404834,41.76403572340483
18,34,0.09500000000000001,0.14,0.31622776601683794,1.0,0.002,0.0008777156472206116,0.0003093374856325962,0.0030933748563259623,0.017764946156360546,0.017412801756330754,3.482560351266151e-05,88.82473078180273,8.882473078180274
18,35,0.09500000000000001,0.15500000000000003,0.31622776601683794,0.01,0.002,0.010846149176359177,0.0028880148495549285,0.028880148495549287,0.15445847988099176,0.018697677536255092,3.739535507251018e-05,772.2923994049588,77.22923994049587
18,36,0.09500000000000001,0.15500000000000003,0.31622776601683794,0.03162277660168379,0.002,0.010593857616186142,0.002822915940305109,0.02822915940305109,0.1512388433899884,0.018665283845274223,3.733056769054845e-05,756.194216949942,75.6194216949942
18,37,0.09500000000000001,0.15500000000000003,0.31622776601683794,0.1,0.002,0.00979919359087944,0.002618129857673342,0.026181298576733417,0.14103726952789356,0.018563390133949968,3.712678026789994e-05,705.1863476394677,70.51863476394678
18,38,0.09500000000000001,0.15500000000000003,0.31622776601683794,0.31622776601683794,0.002,0.0074149928987026215,0.0020056335658687314,0.020056335658687315,0.1098453820690961,0.018258697162226875,3.651739432445375e-05,549.2269103454804,54.92269103454804
18,39,0.09500000000000001,0.15500000000000003,0.31622776601683794,1.0,0.002,0.0022296570241451263,0.0006806188802929065,0.006806188802929066,0.03867390682416324,0.017598917104171635,3.5197834208343274e-05,193.36953412081618,19.336953412081616
18,40,0.09500000000000001,0.17000000000000004,0.31622776601683794,0.01,0.002,0.013031940907239914,0.0034747964988684618,0.03474796498868462,0.18297683715696636,0.018990362675728262,3.7980725351456523e-05,914.8841857848317,91.48841857848318
18,41,0.09500000000000001,0.17000000000000004,0.31622776601683794,0.03162277660168379,0.002,0.01275523379445076,0.003403399370393014,0.03403399370393014,0.17955317514344715,0.018954826990243968,3.7909653980487933e-05,897.7658757172358,89.77658757172357
18,42,0.09500000000000001,0.17000000000000004,0.31622776601683794,0.1,0.002,0.011883672326803207,0.003178801207415635,0.03178801207415635,0.1686988634486266,0.018843050524662647,3.768610104932529e-05,843.494317243133,84.34943172431329
18,43,0.09500000000000001,0.17000000000000004,0.31622776601683794,0.31622776601683794,0.002,0.009268749505281448,0.002507042236087267,0.02507042236087267,0.1354513233373159,0.018508805778471075,3.701761155694215e-05,677.2566166865796,67.72566166865796
18,44,0.09500000000000001,0.17000000000000004,0.31622776601683794,1.0,0.002,0.003581598401069641,0.001053124816502127,0.010531248165021271,0.059214053918834414,0.017785048426943728,3.557009685388746e-05,296.07026959417203,29.607026959417205
18,45,0.09500000000000001,0.18500000000000005,0.31622776601683794,0.01,0.002,0.015217740088701248,0.0040615810808314464,0.04061581080831446,0.2106291936213931,0.01928308707354288,3.8566174147085766e-05,1053.1459681069655,105.31459681069656
18,46,0.09500000000000001,0.18500000000000005,0.31622776601683794,0.03162277660168379,0.002,0.014916617423295975,0.003983885419050471,0.03983885419050471,0.2070152164132628,0.01924440863852961,3.8488817277059215e-05,1035.076082066314,103.5076082066314
18,47,0.09500000000000001,0.18500000000000005,0.31622776601683794,0.1,0.002,0.013968151062726974,0.003739474195289014,0.037394741952890144,0.1955510982193687,0.019122747094440156,3.824549418888031e-05,977.7554910968435,97.77554910968435
18,48,0.09500000000000001,0.18500000000000005,0.31622776601683794,0.31622776601683794,0.002,0.011122498661279678,0.003008450629051214,0.03008450629051214,0.160374202022558,0.018758943714825466,3.751788742965094e-05,801.8710101127899,80.187101011279
18,49,0.09500000000000001,0.18500000000000005,0.31622776601683794,1.0,0.002,0.004933539777994156,0.0014258957746020773,0.014258957746020774,0.07934340490134631,0.017971194661673545,3.594238932334709e-05,396.71702450673155,39.67170245067315
18,50,0.09500000000000001,0.2,0.31622776601683794,0.01,0.002,0.017403531819581985,0.004648366887460555,0.046483668874605547,0.2374541868115884,0.019575847239740908,3.9151694479481814e-05,1187.270934057942,118.72709340579421
18,51,0.09500000000000001,0.2,0.31622776601683794,0.03162277660168379,0.002,0.01707800105214119,0.0045643729755741,0.045643729755741,0.23366269000010167,0.019534025631443828,3.906805126288766e-05,1168.3134500005083,116.83134500005085
18,52,0.09500000000000001,0.2,0.31622776601683794,0.1,0.002,0.01605262979865074,0.0043001480277179045,0.04300148027717904,0.2216288177470336,0.019402476949663103,3.880495389932621e-05,1108.1440887351678,110.8144088735168
18,53,0.09500000000000001,0.2,0.31622776601683794,0.31622776601683794,0.002,0.012976247817277908,0.0035098590819196236,0.03509859081919624,0.184640904493765,0.019009109013751316,3.8018218027502635e-05,923.2045224688248,92.32045224688248
18,54,0.09500000000000001,0.2,0.31622776601683794,1.0,0.002,0.006285484880208969,0.0017987670967330562,0.017987670967330564,0.09906548039057303,0.01815735501045655,3.63147100209131e-05,495.32740195286516,49.53274019528651
19,20,0.09500000000000001,0.11000000000000001,1.0,0.01,0.002,0.007466871291399002,0.0019416949798337234,0.019416949798337232,0.11149013000667748,0.017415846404676624,3.483169280935325e-05,557.4506500333873,55.74506500333874
19,21,0.09500000000000001,0.11000000000000001,1.0,0.03162277660168379,0.002,0.0072878263890743256,0.0018954829935835485,0.018954829935835485,0.10898043932311935,0.017392873485888367,3.478574697177674e-05,544.9021966155967,54.49021966155967
19,22,0.09500000000000001,0.11000000000000001,1.0,0.1,0.002,0.006723873317241669,0.0017501048941305586,0.017501048941305587,0.10104174430851473,0.0173206124469397,3.46412248938794e-05,505.2087215425736,50.520872154257354
19,23,0.09500000000000001,0.11000000000000001,1.0,0.31622776601683794,0.002,0.005031861364841461,0.00131521763899377,0.0131521763899377,0.07689295935029253,0.0171045262154911,3.42090524309822e-05,384.4647967514626,38.446479675146264
19,24,0.09500000000000001,0.11000000000000001,1.0,1.0,0.002,0.0013519413769245148,0.0003730128920117018,0.003730128920117018,0.022421254070503747,0.016636575761496696,3.3273151522993396e-05,112.10627035251872,11.210627035251873
19,25,0.09500000000000001,0.125,1.0,0.01,0.002,0.00965266302227974,0.0025283606004833847,0.025283606004833845,0.14277754130332646,0.01770839151174316,3.5416783023486316e-05,713.8877065166323,71.38877065166324
19,26,0.09500000000000001,0.125,1.0,0.03162277660168379,0.002,0.00944921001791954,0.002475849962186739,0.024758499621867394,0.14001871063394877,0.01768227939663978,3.536455879327956e-05,700.0935531697438,70.00935531697436
19,27,0.09500000000000001,0.125,1.0,0.1,0.002,0.008808348327875137,0.0023106574616585,0.023106574616584996,0.13128628306828447,0.017600143805249505,3.520028761049901e-05,656.4314153414223,65.64314153414223
19,28,0.09500000000000001,0.125,1.0,0.31622776601683794,0.002,0.006885610520839691,0.0018165129962803078,0.01816512996280308,0.10467081929169089,0.017354531172801363,3.470906234560273e-05,523.3540964584544,52.33540964584544
19,29,0.09500000000000001,0.125,1.0,1.0,0.002,0.0027038827538490295,0.0007460259829468523,0.007460259829468522,0.04434650354767808,0.01682265620207871,3.364531240415742e-05,221.7325177383904,22.17325177383904
19,30,0.09500000000000001,0.14,1.0,0.01,0.002,0.011838462203741074,0.003115073427318953,0.031150734273189533,0.17305013957933385,0.01800098766109845,3.60019753221969e-05,865.2506978966692,86.52506978966692
19,31,0.09500000000000001,0.14,1.0,0.03162277660168379,0.002,0.011610586196184158,0.0030562641917789906,0.030562641917789908,0.17005949373931364,0.017971735212054536,3.5943470424109075e-05,850.2974686965681,85.0297468696568
19,32,0.09500000000000001,0.14,1.0,0.1,0.002,0.010892827063798904,0.0028712585858583187,0.02871258585858319,0.16058742893527425,0.017879721998759923,3.575944399751985e-05,802.9371446763712,80.29371446763712
19,33,0.09500000000000001,0.14,1.0,0.31622776601683794,0.002,0.008739359676837921,0.0023178572753742993,0.023178572753742993,0.1316622229734661,0.017604573453399896,3.520914690679979e-05,658.3111148673306,65.83111148673306
19,34,0.09500000000000001,0.14,1.0,1.0,0.002,0.004055827856063843,0.001119038945165634,0.011190389451656341,0.0657919388226386,0.017008754646710297,3.40175092934206e-05,328.95969411319305,32.8959694113193
19,35,0.09500000000000001,0.15500000000000003,1.0,0.01,0.002,0.014024261385202408,0.003701811122357389,0.03701811122357389,0.20235519336652458,0.018293630426634636,3.658726085326927e-05,1011.7759668326228,101.1775966832623
19,36,0.09500000000000001,0.15500000000000003,1.0,0.03162277660168379,0.002,0.013771969825029373,0.003636703302143111,0.036367033021431114,0.1991487956038983,0.018261236735653767,3.652247347130754e-05,995.7439780194915,99.57439780194915
19,37,0.09500000000000001,0.15500000000000003,1.0,0.1,0.002,0.012977305799722672,0.0034318844125300883,0.03431884412530088,0.1889872561982072,0.018159343024329512,3.6318686048659024e-05,944.936280991036,94.4936280991036
19,38,0.09500000000000001,0.15500000000000003,1.0,0.31622776601683794,0.002,0.010593105107545853,0.002819224150388205,0.02819224150388205,0.15789859460038283,0.01785465005260642,3.5709300105212836e-05,789.4929730019143,78.94929730019142
19,39,0.09500000000000001,0.15500000000000003,1.0,1.0,0.002,0.0054077692329883575,0.0014920518139680927,0.014920518139680925,0.08677307908933905,0.01719486999455118,3.438973998910236e-05,433.86539544669523,43.38653954466953
19,40,0.09500000000000001,0.17000000000000004,1.0,0.01,0.002,0.016210053116083145,0.004288562935997633,0.04288562935997633,0.2307376586146981,0.018586315566107806,3.717263113221561e-05,1153.6882930734907,115.36882930734907
19,41,0.09500000000000001,0.17000000000000004,1.0,0.03162277660168379,0.002,0.01593334600329399,0.004217156530736846,0.04217156530736846,0.22733041725872188,0.01855077988062351,3.710155976124702e-05,1136.6520862936095,113.66520862936095
19,42,0.09500000000000001,0.17000000000000004,1.0,0.1,0.002,0.015061784535646439,0.003992524608379901,0.039925246083799014,0.21652605178883344,0.01843900341504219,3.6878006830084385e-05,1082.6302589441668,108.26302589441669
19,43,0.09500000000000001,0.17000000000000004,1.0,0.31622776601683794,0.002,0.01244686171412468,0.003320603965220828,0.03320603965220828,0.18341056215976814,0.01810475866885062,3.620951733770124e-05,917.0528107988407,91.70528107988407
19,44,0.09500000000000001,0.17000000000000004,1.0,1.0,0.002,0.006759710609912872,0.001865064788278992,0.01865064788278992,0.10730479528933251,0.017381001317323272,3.4762002634646546e-05,536.5239764466625,53.652397644666245
19,45,0.09500000000000001,0.18500000000000005,1.0,0.01,0.002,0.01839585229754448,0.00487532444355224,0.048753244435522404,0.2582400616169528,0.018879039963922425,3.7758079927844853e-05,1291.2003080847637,129.12003080847637
19,46,0.09500000000000001,0.18500000000000005,1.0,0.03162277660168379,0.002,0.018094729632139206,0.004797619294286089,0.04797619294286089,0.254645819132743,0.018840361528909152,3.76807230578183e-05,1273.2290956637148,127.3229095663715
19,47,0.09500000000000001,0.18500000000000005,1.0,0.1,0.002,0.017146263271570206,0.004553173821303688,0.045531738213036875,0.24324198929392396,0.0187186999848197,3.74373999696394e-05,1216.2099464696196,121.62099464696198
19,48,0.09500000000000001,0.18500000000000005,1.0,0.31622776601683794,0.002,0.01430061087012291,0.003821991072043671,0.038219910720436706,0.20822732779436331,0.01835489660520501,3.6709793210410024e-05,1041.1366389718166,104.11366389718167
19,49,0.09500000000000001,0.18500000000000005,1.0,1.0,0.002,0.008111651986837387,0.0022380776608475986,0.022380776608475986,0.12740131283214687,0.01756714755205309,3.5134295104106176e-05,637.0065641607343,63.700656416073436
19,50,0.09500000000000001,0.2,1.0,0.01,0.002,0.020581644028425217,0.005462091898055228,0.054620918980552276,0.28490240149509166,0.019171800130120452,3.83436002602409e-05,1424.5120074754584,142.45120074754584
19,51,0.09500000000000001,0.2,1.0,0.03162277660168379,0.002,0.02025611326098442,0.005378088375692752,0.053780883756927515,0.2811340519571132,0.01912997852182337,3.8259957043646746e-05,1405.670259785566,140.5670259785566
19,52,0.09500000000000001,0.2,1.0,0.1,0.002,0.019230742007493973,0.005113828933189391,0.05113828933189391,0.2691711355225297,0.018998429840042647,3.79968596800853e-05,1345.8556776126482,134.58556776126483
19,53,0.09500000000000001,0.2,1.0,0.31622776601683794,0.002,0.01615436002612114,0.004323383173738519,0.043233831737385195,0.2323767153270586,0.01860506190413086,3.721012380826172e-05,1161.883576635293,116.18835766352929
19,54,0.09500000000000001,0.2,1.0,1.0,0.002,0.0094635970890522,0.0026110906016010107,0.02611090601601011,0.14707628663828007,0.017753307900836093,3.550661580167219e-05,735.3814331914001,73.53814331914
20,21,0.11000000000000001,0.11000000000000001,0.01,0.03162277660168379,0.002,0.00017904490232467651,4.621301922839666e-05,0.0004621301922839666,0.002517295063131023,0.018358205164442143,3.6716410328884286e-05,12.586475315655115,1.2586475315655115
20,22,0.11000000000000001,0.11000000000000001,0.01,0.1,0.002,0.0007429979741573334,0.0001915954763144764,0.0019159547631447643,0.010477745912356926,0.018285944125493475,3.657188825098695e-05,52.388729561784636,5.238872956178463
20,23,0.11000000000000001,0.11000000000000001,0.01,0.31622776601683794,0.002,0.002435009926557541,0.0006265101862816585,0.006265101862816585,0.034671561334642914,0.018069857894044878,3.613971578808976e-05,173.35780667321458,17.33578066732146
20,24,0.11000000000000001,0.11000000000000001,0.01,1.0,0.002,0.006114929914474487,0.0015691062320262186,0.015691062320262184,0.08914410198839899,0.017601907440050475,3.520381488010095e-05,445.72050994199486,44.57205099419949
20,25,0.11000000000000001,0.125,0.01,0.01,0.002,0.0021857917308807373,0.0005867903701889006,0.005867903701889006,0.031423319506728206,0.018673723190296938,3.734744638059388e-05,157.116597533641,15.711659753364101
20,26,0.11000000000000001,0.125,0.01,0.03162277660168379,0.002,0.0019823387265205383,0.0005343019607265744,0.005343019607265744,0.028652568877165333,0.018647611075193554,3.729522215038711e-05,143.26284438582664,14.326284438582666
20,27,0.11000000000000001,0.125,0.01,0.1,0.002,0.0013414770364761353,0.00036923076585600894,0.0036923076585600894,0.01988803174893796,0.01856547548380328,3.713095096760656e-05,99.4401587446898,9.94401587446898
20,28,0.11000000000000001,0.125,0.01,0.31622776601683794,0.002,0.0005812607705593109,0.00012684544242484122,0.0012684544242484122,0.006923929696092584,0.01831986285135514,3.663972570271028e-05,34.61964848046292,3.4619648480462923
20,29,0.11000000000000001,0.125,0.01,1.0,0.002,0.0047629885375499725,0.001196781567997859,0.01196781567997859,0.06728032288018992,0.01778798788063249,3.557597576126498e-05,336.4016144009496,33.640161440094964
20,30,0.11000000000000001,0.14,0.01,0.01,0.002,0.0043715909123420715,0.0011735809472534367,0.011735809472534367,0.061877105738690784,0.018966319339652225,3.793263867930445e-05,309.3855286934539,30.93855286934539
20,31,0.11000000000000001,0.14,0.01,0.03162277660168379,0.002,0.004143714904785156,0.0011147926101849174,0.011147926101849176,0.05886828285629545,0.01893706689060831,3.7874133781216625e-05,294.3414142814773,29.434141428147722
20,32,0.11000000000000001,0.14,0.01,0.1,0.002,0.0034259557723999023,0.0009298767532890253,0.009298767532890252,0.049343279632492715,0.018845053677313702,3.7690107354627405e-05,246.71639816246358,24.671639816246362
20,33,0.11000000000000001,0.14,0.01,0.31622776601683794,0.002,0.001272488385438919,0.00037747235040228814,0.0037747235040228814,0.02032710171215482,0.018569905131953675,3.713981026390735e-05,101.6355085607741,10.16355085607741
20,34,0.11000000000000001,0.14,0.01,1.0,0.002,0.0034110434353351593,0.0008250791375486166,0.008250791375486167,0.0459038152269748,0.017974086325264076,3.5948172650528154e-05,229.519076134874,22.9519076134874
20,35,0.11000000000000001,0.15500000000000003,0.01,0.01,0.002,0.006557390093803406,0.0017603717436304334,0.017603717436304334,0.09140532776458317,0.01925896210518841,3.8517924210376826e-05,457.0266388229158,45.70266388229158
20,36,0.11000000000000001,0.15500000000000003,0.01,0.03162277660168379,0.002,0.006305098533630371,0.001695284093498488,0.01695284093498488,0.08817403381488251,0.019226568414207546,3.845313682841509e-05,440.87016907441256,44.08701690744125
20,37,0.11000000000000001,0.15500000000000003,0.01,0.1,0.002,0.005510434508323669,0.001490545889792071,0.01490545889792071,0.07793836564275532,0.01912467470288329,3.824934940576658e-05,389.69182821377666,38.969182821377665
20,38,0.11000000000000001,0.15500000000000003,0.01,0.31622776601683794,0.002,0.0031262338161468506,0.0008784654000954285,0.008784654000954285,0.046677271670298996,0.018819981731160194,3.763996346232039e-05,233.38635835149498,23.3386358351495
20,39,0.11000000000000001,0.15500000000000003,0.01,1.0,0.002,0.0020591020584106445,0.00045552438777524704,0.00455524387775247,0.02508366349531642,0.018160201673104955,3.632040334620991e-05,125.41831747658212,12.541831747658213
20,40,0.11000000000000001,0.17000000000000004,0.01,0.01,0.002,0.008743181824684143,0.0023471621303616705,0.023471621303616706,0.1200493288872396,0.019551647244661585,3.910329448932317e-05,600.246644436198,60.024664443619805
20,41,0.11000000000000001,0.17000000000000004,0.01,0.03162277660168379,0.002,0.008466474711894989,0.0022757753540122174,0.022757753540122175,0.11661008121989613,0.01951611155917729,3.9032223118354584e-05,583.0504060994806,58.30504060994806
20,42,0.11000000000000001,0.17000000000000004,0.01,0.1,0.002,0.0075949132442474365,0.002051219261752052,0.020512192617520516,0.1057093299954925,0.019404335093595966,3.8808670187191935e-05,528.5466499774624,52.85466499774625
20,43,0.11000000000000001,0.17000000000000004,0.01,0.31622776601683794,0.002,0.0049799904227256775,0.0013797605478780962,0.013797605478780964,0.0723520718959726,0.019070090347404398,3.81401806948088e-05,361.76035947986304,36.1760359479863
20,44,0.11000000000000001,0.17000000000000004,0.01,1.0,0.002,0.0007071606814861298,0.00011192215022461748,0.0011192215022461749,0.006100518847541338,0.018346332995877047,3.6692665991754096e-05,30.502594237706695,3.0502594237706693
20,45,0.11000000000000001,0.18500000000000005,0.01,0.01,0.002,0.010928981006145477,0.002933952924339803,0.02933952924339803,0.1478481141755971,0.019844371642476204,3.968874328495241e-05,739.2405708779854,73.92405708779854
20,46,0.11000000000000001,0.18500000000000005,0.01,0.03162277660168379,0.002,0.010627858340740204,0.0028562669660866075,0.028562669660866076,0.14421444057359958,0.019805693207462928,3.961138641492586e-05,721.0722028679979,72.10722028679979
20,47,0.11000000000000001,0.18500000000000005,0.01,0.1,0.002,0.009679391980171204,0.0026118941127928857,0.026118941127928858,0.13269101358198362,0.01968403166337348,3.9368063326746956e-05,663.4550679099181,66.3455067909918
20,48,0.11000000000000001,0.18500000000000005,0.01,0.31622776601683794,0.002,0.0068337395787239075,0.0018811159333313855,0.018811159333313857,0.09736509867808926,0.01932022828375879,3.864045656751758e-05,486.8254933904463,48.68254933904463
20,49,0.11000000000000001,0.18500000000000005,0.01,1.0,0.002,0.0006648749113082886,0.00030956090433725955,0.0030956090433725955,0.016703696277506775,0.018532479230606868,3.706495846121374e-05,83.51848138753387,8.351848138753386
20,50,0.11000000000000001,0.2,0.01,0.01,0.002,0.013114772737026215,0.0035207433759552485,0.03520743375955249,0.17483837367736058,0.02013713180867423,4.0274263617348465e-05,874.1918683868028,87.41918683868028
20,51,0.11000000000000001,0.2,0.01,0.03162277660168379,0.002,0.012789241969585419,0.003436758677449904,0.03436758677449904,0.17102292242223774,0.02009531020037715,4.01906204007543e-05,855.1146121111886,85.51146121111887
20,52,0.11000000000000001,0.2,0.01,0.1,0.002,0.01176387071609497,0.003172569505089169,0.03172569505089169,0.15891641974053297,0.019963761518596426,3.9927523037192854e-05,794.5820987026648,79.45820987026647
20,53,0.11000000000000001,0.2,0.01,0.31622776601683794,0.002,0.008687488734722137,0.0023824936919960506,0.023824936919960505,0.12173969225146385,0.019570393582684635,3.914078716536927e-05,608.6984612573192,60.869846125731925
20,54,0.11000000000000001,0.2,0.01,1.0,0.002,0.0019967257976531982,0.0006763184100706112,0.006763184100706112,0.03613074589113146,0.01871863957938987,3.7437279158779745e-05,180.65372945565727,18.065372945565727
21,22,0.11000000000000001,0.11000000000000001,0.03162277660168379,0.1,0.002,0.0005639530718326569,0.00014538246654079528,0.0014538246654079527,0.007960504613149602,0.018262971206705222,3.6525942413410446e-05,39.802523065748005,3.980252306574801
21,23,0.11000000000000001,0.11000000000000001,0.03162277660168379,0.31622776601683794,0.002,0.0022559650242328644,0.0005802972597851917,0.005802972597851917,0.0321549819030162,0.018046884975256625,3.609376995051325e-05,160.774909515081,16.0774909515081
21,24,0.11000000000000001,0.11000000000000001,0.03162277660168379,1.0,0.002,0.005935885012149811,0.0015228935396090866,0.015228935396090864,0.08663173173363287,0.01757893452126222,3.5157869042524435e-05,433.1586586681644,43.31586586681644
21,25,0.11000000000000001,0.125,0.03162277660168379,0.01,0.002,0.002364836633205414,0.000632983980851268,0.00632983980851268,0.033938794506204344,0.018650750271508684,3.730150054301737e-05,169.6939725310217,16.96939725310217
21,26,0.11000000000000001,0.125,0.03162277660168379,0.03162277660168379,0.002,0.002161383628845215,0.0005804917374481254,0.005804917374481254,0.0311679471339681,0.018624638156405297,3.724927631281059e-05,155.8397356698405,15.583973566984051
21,27,0.11000000000000001,0.125,0.03162277660168379,0.1,0.002,0.0015205219388008118,0.0004153961539535301,0.004153961539535301,0.02240237813083962,0.018542502565015023,3.708500513003005e-05,112.0118906541981,11.20118906541981
21,28,0.11000000000000001,0.125,0.03162277660168379,0.31622776601683794,0.002,0.0004022158682346344,8.144682647465697e-05,0.0008144682647465698,0.004451402767072925,0.018296889932566885,3.659377986513377e-05,22.257013835364628,2.2257013835364625
21,29,0.11000000000000001,0.125,0.03162277660168379,1.0,0.002,0.004583943635225296,0.0011505783268567717,0.011505783268567717,0.06476652731945277,0.017765014961844232,3.5530029923688466e-05,323.83263659726384,32.38326365972638
21,30,0.11000000000000001,0.14,0.03162277660168379,0.01,0.002,0.004550635814666748,0.0012197738231617637,0.012197738231617638,0.06439062011864598,0.01894334642086397,3.7886692841727935e-05,321.9531005932299,32.19531005932299
21,31,0.11000000000000001,0.14,0.03162277660168379,0.03162277660168379,0.002,0.004322759807109833,0.0011609833497444439,0.011609833497444438,0.061381917181662665,0.018914093971820055,3.7828187943640114e-05,306.9095859083133,30.690958590831336
21,32,0.11000000000000001,0.14,0.03162277660168379,0.1,0.002,0.003605000674724579,0.0009760577653136334,0.009760577653136334,0.051857059686216095,0.01882208075852545,3.76441615170509e-05,259.2852984310804,25.928529843108038
21,33,0.11000000000000001,0.14,0.03162277660168379,0.31622776601683794,0.002,0.0014515332877635956,0.0004234892179772909,0.004234892179772909,0.022833383608135468,0.018546932213165418,3.7093864426330834e-05,114.16691804067733,11.416691804067733
21,34,0.11000000000000001,0.14,0.03162277660168379,1.0,0.002,0.003231998533010483,0.00077893127820151,0.0077893127820151,0.043391808661880124,0.017951113406475823,3.590222681295165e-05,216.95904330940058,21.695904330940056
21,35,0.11000000000000001,0.15500000000000003,0.03162277660168379,0.01,0.002,0.006736434996128082,0.0018065643621865883,0.018065643621865884,0.09391585453083065,0.019235989186400158,3.8471978372800315e-05,469.5792726541532,46.957927265415314
21,36,0.11000000000000001,0.15500000000000003,0.03162277660168379,0.03162277660168379,0.002,0.006484143435955048,0.001741475136768266,0.017414751367682658,0.09068484790692799,0.019203595495419293,3.840719099083859e-05,453.42423953463987,45.342423953463985
21,37,0.11000000000000001,0.15500000000000003,0.03162277660168379,0.1,0.002,0.005689479410648346,0.0015367304291100264,0.015367304291100265,0.08044992255033422,0.019101701784095038,3.8203403568190076e-05,402.249612751671,40.2249612751671
21,38,0.11000000000000001,0.15500000000000003,0.03162277660168379,0.31622776601683794,0.002,0.003305278718471527,0.0009245934799985618,0.009245934799985618,0.04918833040020744,0.018797008812371938,3.7594017624743874e-05,245.94165200103723,24.59416520010372
21,39,0.11000000000000001,0.15500000000000003,0.03162277660168379,1.0,0.002,0.001880057156085968,0.00040977408461920033,0.0040977408461920035,0.022592982101616445,0.0181372287543167,3.62744575086334e-05,112.96491050808223,11.296491050808223
21,40,0.11000000000000001,0.17000000000000004,0.03162277660168379,0.01,0.002,0.00892222672700882,0.002393354617622583,0.023933546176225833,0.12255591842461389,0.01952867432587333,3.905734865174666e-05,612.7795921230694,61.27795921230693
21,41,0.11000000000000001,0.17000000000000004,0.03162277660168379,0.03162277660168379,0.002,0.008645519614219666,0.002321966545771128,0.02321966545771128,0.11911712057288212,0.019493138640389034,3.8986277280778066e-05,595.5856028644106,59.55856028644106
21,42,0.11000000000000001,0.17000000000000004,0.03162277660168379,0.1,0.002,0.007773958146572113,0.0020974053506071094,0.020974053506071094,0.10821764392460298,0.01938136217480771,3.876272434961542e-05,541.0882196230149,54.10882196230149
21,43,0.11000000000000001,0.17000000000000004,0.03162277660168379,0.31622776601683794,0.002,0.005159035325050354,0.0014259119040830645,0.014259119040830645,0.07486234646407929,0.019047117428616145,3.809423485723229e-05,374.31173232039635,37.43117323203963
21,44,0.11000000000000001,0.17000000000000004,0.03162277660168379,1.0,0.002,0.0005281157791614532,8.586552744850174e-05,0.0008586552744850173,0.004686123455919337,0.01832336007708879,3.6646720154177585e-05,23.43061727959668,2.343061727959668
21,45,0.11000000000000001,0.18500000000000005,0.03162277660168379,0.01,0.002,0.011108025908470154,0.0029801453320928424,0.029801453320928425,0.1503499008135769,0.019821398723687947,3.964279744737589e-05,751.7495040678845,75.17495040678845
21,46,0.11000000000000001,0.18500000000000005,0.03162277660168379,0.03162277660168379,0.002,0.01080690324306488,0.002902458246207163,0.029024582462071624,0.14671684196378082,0.01978272028867467,3.956544057734934e-05,733.5842098189041,73.35842098189043
21,47,0.11000000000000001,0.18500000000000005,0.03162277660168379,0.1,0.002,0.00985843688249588,0.0026580810717287766,0.026580810717287767,0.13519521538792154,0.019661058744585222,3.9322117489170445e-05,675.9760769396075,67.59760769396075
21,48,0.11000000000000001,0.18500000000000005,0.03162277660168379,0.31622776601683794,0.002,0.007012784481048584,0.001927277007023071,0.019272770070230708,0.09987311514369929,0.019297255364970532,3.859451072994106e-05,499.3655757184965,49.93655757184965
21,49,0.11000000000000001,0.18500000000000005,0.03162277660168379,1.0,0.002,0.0008238255977630615,0.0003537064517915773,0.003537064517915773,0.019109448184781146,0.018509506311818615,3.701901262363723e-05,95.5472409239057,9.554724092390572
21,50,0.11000000000000001,0.2,0.03162277660168379,0.01,0.002,0.013293817639350891,0.0035669357302240616,0.03566935730224062,0.17733457062515443,0.020114158889885977,4.0228317779771954e-05,886.672853125772,88.66728531257719
21,51,0.11000000000000001,0.2,0.03162277660168379,0.03162277660168379,0.002,0.012968286871910095,0.003482950016172544,0.03482950016172544,0.1735199029047423,0.020072337281588894,4.014467456317779e-05,867.5995145237114,86.75995145237114
21,52,0.11000000000000001,0.2,0.03162277660168379,0.1,0.002,0.011942915618419647,0.0032187570210120147,0.03218757021012015,0.16141573363066392,0.01994078859980817,3.9881577199616336e-05,807.0786681533195,80.70786681533195
21,53,0.11000000000000001,0.2,0.03162277660168379,0.31622776601683794,0.002,0.008866533637046814,0.0024286600467242005,0.024286600467242007,0.12424452762762085,0.01954742066389638,3.909484132779276e-05,621.2226381381043,62.12226381381042
21,54,0.11000000000000001,0.2,0.03162277660168379,1.0,0.002,0.0021757706999778748,0.0007218870266947824,0.007218870266947824,0.03861253197330769,0.018695666660601615,3.739133332120323e-05,193.06265986653844,19.306265986653845
22,23,0.11000000000000001,0.11000000000000001,0.1,0.31622776601683794,0.002,0.0016920119524002075,0.00043491496941284086,0.0043491496941284085,0.02419605388985811,0.017974623936307957,3.594924787261592e-05,120.98026944929055,12.098026944929055
22,24,0.11000000000000001,0.11000000000000001,0.1,1.0,0.002,0.005371931940317154,0.0013775118385712308,0.013775118385712307,0.0786849563375297,0.01750667348231355,3.50133469646271e-05,393.42478168764853,39.342478168764856
22,25,0.11000000000000001,0.125,0.1,0.01,0.002,0.0029287897050380707,0.0007783180815650466,0.007783180815650465,0.0418935076917338,0.018578489232560016,3.715697846512003e-05,209.46753845866897,20.946753845866898
22,26,0.11000000000000001,0.125,0.1,0.03162277660168379,0.002,0.0027253367006778717,0.0007258178802940015,0.0072581788029400145,0.039122635104859534,0.01855237711745663,3.710475423491326e-05,195.61317552429765,19.561317552429763
22,27,0.11000000000000001,0.125,0.1,0.1,0.002,0.0020844750106334686,0.0005606767076014339,0.005606767076014338,0.030355678176171758,0.018470241526066355,3.694048305213271e-05,151.77839088085878,15.17783908808588
22,28,0.11000000000000001,0.125,0.1,0.31622776601683794,0.002,0.00016173720359802246,6.881822724991315e-05,0.0006881822724991314,0.0037761113080339026,0.018224628893618217,3.644925778723644e-05,18.88055654016951,1.8880556540169513
22,29,0.11000000000000001,0.125,0.1,1.0,0.002,0.004019990563392639,0.001005230046060895,0.01005230046060895,0.05681591743386328,0.017692753922895564,3.538550784579113e-05,284.07958716931637,28.407958716931642
22,30,0.11000000000000001,0.14,0.1,0.01,0.002,0.005114588886499405,0.0013650991509185297,0.013650991509185298,0.0723381365348886,0.0188710853819153,3.77421707638306e-05,361.6906826744431,36.16906826744431
22,31,0.11000000000000001,0.14,0.1,0.03162277660168379,0.002,0.00488671287894249,0.0013063032242138538,0.013063032242138539,0.06932994411254344,0.018841832932871387,3.768366586574278e-05,346.6497205627172,34.66497205627172
22,32,0.11000000000000001,0.14,0.1,0.1,0.002,0.004168953746557236,0.001121353493619777,0.011213534936197771,0.05980609469268477,0.01874981971957678,3.7499639439153565e-05,299.0304734634238,29.90304734634238
22,33,0.11000000000000001,0.14,0.1,0.31622776601683794,0.002,0.0020154863595962524,0.0005684555592052569,0.005684555592052569,0.030769454776472204,0.01847467117421675,3.69493423484335e-05,153.84727388236104,15.384727388236103
22,34,0.11000000000000001,0.14,0.1,1.0,0.002,0.002668045461177826,0.0006338088733822637,0.006338088733822637,0.03545019894752487,0.017878852367527155,3.575770473505431e-05,177.25099473762432,17.725099473762434
22,35,0.11000000000000001,0.15500000000000003,0.1,0.01,0.002,0.007300388067960739,0.0019518861564553885,0.019518861564553885,0.1018531541168289,0.01916372814745149,3.832745629490298e-05,509.2657705841445,50.926577058414445
22,36,0.11000000000000001,0.15500000000000003,0.1,0.03162277660168379,0.002,0.0070480965077877045,0.0018867926006485723,0.018867926006485722,0.09862315694399557,0.019131334456470625,3.826266891294125e-05,493.1157847199777,49.31157847199777
22,37,0.11000000000000001,0.15500000000000003,0.1,0.1,0.002,0.006253432482481003,0.001682030259682111,0.016820302596821112,0.08839094549382005,0.01902944074514637,3.805888149029274e-05,441.95472746910025,44.19547274691002
22,38,0.11000000000000001,0.15500000000000003,0.1,0.31622776601683794,0.002,0.003869231790304184,0.0010697513182344627,0.010697513182344628,0.05713034595599736,0.01872474777342327,3.744949554684654e-05,285.65172977998685,28.56517297799868
22,39,0.11000000000000001,0.15500000000000003,0.1,1.0,0.002,0.0013161040842533112,0.0002668657298530889,0.002668657298530889,0.014772555039003127,0.018064967715368033,3.6129935430736064e-05,73.86277519501564,7.386277519501566
22,40,0.11000000000000001,0.17000000000000004,0.1,0.01,0.002,0.009486179798841476,0.002538674504234841,0.02538674504234841,0.13048008730061839,0.019456413286924663,3.891282657384933e-05,652.4004365030918,65.24004365030918
22,41,0.11000000000000001,0.17000000000000004,0.1,0.03162277660168379,0.002,0.009209472686052322,0.0024672827325183536,0.024672827325183538,0.1270428032734919,0.019420877601440366,3.884175520288073e-05,635.2140163674595,63.52140163674595
22,42,0.11000000000000001,0.17000000000000004,0.1,0.1,0.002,0.00833791121840477,0.0022427070899274093,0.02242707089927409,0.11614766913010077,0.01930910113585904,3.861820227171808e-05,580.7383456505039,58.0738345650504
22,43,0.11000000000000001,0.17000000000000004,0.1,0.31622776601683794,0.002,0.005722988396883011,0.0015711192977244633,0.01571119297724463,0.08280006264395216,0.018974856389667477,3.794971277933496e-05,414.0003132197608,41.40003132197609
22,44,0.11000000000000001,0.17000000000000004,0.1,1.0,0.002,0.00023663043975830078,0.0001378339567764434,0.0013783395677644341,0.007552090780308941,0.018251099038140123,3.650219807628025e-05,37.76045390154471,3.7760453901544704
22,45,0.11000000000000001,0.18500000000000005,0.1,0.01,0.002,0.01167197898030281,0.003125464025203163,0.03125464025203163,0.15825825284606215,0.01974913768473928,3.9498275369478556e-05,791.2912642303107,79.12912642303107
22,46,0.11000000000000001,0.18500000000000005,0.1,0.03162277660168379,0.002,0.011370856314897537,0.003047773643012664,0.03047773643012664,0.1546272263065119,0.019710459249726003,3.9420918499452005e-05,773.1361315325597,77.31361315325597
22,47,0.11000000000000001,0.18500000000000005,0.1,0.1,0.002,0.010422389954328537,0.0028033839146706092,0.028033839146706093,0.14311158636673005,0.019588797705636554,3.917759541127311e-05,715.5579318336503,71.55579318336503
22,48,0.11000000000000001,0.18500000000000005,0.1,0.31622776601683794,0.002,0.007576737552881241,0.0020725066896569583,0.020725066896569586,0.1078027204851619,0.019224994326021864,3.844998865204373e-05,539.0136024258096,53.90136024258095
22,49,0.11000000000000001,0.18500000000000005,0.1,1.0,0.002,0.0013877786695957184,0.0004950316452842523,0.004950316452842523,0.026849544927011516,0.018437245272869947,3.687449054573989e-05,134.24772463505758,13.424772463505757
22,50,0.11000000000000001,0.2,0.1,0.01,0.002,0.013857770711183548,0.0037122536057000526,0.03712253605700053,0.18522465453671796,0.02004189785093731,4.008379570187462e-05,926.1232726835897,92.61232726835897
22,51,0.11000000000000001,0.2,0.1,0.03162277660168379,0.002,0.013532239943742752,0.0036282648760770937,0.03628264876077093,0.181412552235257,0.020000076242640226,4.0000152485280455e-05,907.0627611762851,90.70627611762852
22,52,0.11000000000000001,0.2,0.1,0.1,0.002,0.012506868690252304,0.003364060583203263,0.03364060583203263,0.16931604885660362,0.0198685275608595,3.973705512171901e-05,846.5802442830179,84.6580244283018
22,53,0.11000000000000001,0.2,0.1,0.31622776601683794,0.002,0.00943048670887947,0.00257390232546981,0.0257390232546981,0.13216334936596036,0.019475159624947714,3.895031924989543e-05,660.8167468298017,66.08167468298016
22,54,0.11000000000000001,0.2,0.1,1.0,0.002,0.0027397237718105316,0.0008656741556558787,0.008656741556558788,0.046483128448288856,0.018623405621652947,3.724681124330589e-05,232.41564224144432,23.24156422414443
23,24,0.11000000000000001,0.11000000000000001,0.31622776601683794,1.0,0.002,0.0036799199879169464,0.0009425977046204937,0.009425977046204936,0.05451507753580438,0.01729058725086495,3.45811745017299e-05,272.57538767902196,27.257538767902197
23,25,0.11000000000000001,0.125,0.31622776601683794,0.01,0.002,0.004620801657438278,0.0012131458564758938,0.012131458564758939,0.06606683539199451,0.018362403001111416,3.672480600222283e-05,330.3341769599725,33.03341769599725
23,26,0.11000000000000001,0.125,0.31622776601683794,0.03162277660168379,0.002,0.004417348653078079,0.001160636407456338,0.01160636407456338,0.06329722923091227,0.018336290886008032,3.6672581772016064e-05,316.4861461545614,31.64861461545614
23,27,0.11000000000000001,0.125,0.31622776601683794,0.1,0.002,0.003776486963033676,0.000995450397241808,0.009954503972418078,0.05453281081350922,0.01825415529461776,3.650831058923552e-05,272.6640540675461,27.26640540675461
23,28,0.11000000000000001,0.125,0.31622776601683794,0.31622776601683794,0.002,0.00185374915599823,0.0005014084490574143,0.005014084490574142,0.027842810962750382,0.01800854266216962,3.601708532433924e-05,139.21405481375191,13.921405481375192
23,29,0.11000000000000001,0.125,0.31622776601683794,1.0,0.002,0.0023279786109924316,0.0005704914108046275,0.005704914108046275,0.03264303131905543,0.017476667691446963,3.495333538289393e-05,163.21515659527716,16.321515659527716
23,30,0.11000000000000001,0.14,0.31622776601683794,0.01,0.002,0.006806600838899612,0.0017998825965297232,0.01799882596529723,0.09648258796541913,0.018654999150466704,3.7309998300933406e-05,482.4129398270957,48.24129398270958
23,31,0.11000000000000001,0.14,0.31622776601683794,0.03162277660168379,0.002,0.006578724831342697,0.0017410771656380646,0.017410771656380646,0.09347690557313691,0.01862574670142279,3.725149340284558e-05,467.3845278656846,46.738452786568466
23,32,0.11000000000000001,0.14,0.31622776601683794,0.1,0.002,0.005860965698957443,0.0015560877041691375,0.015560877041691375,0.08395975398944268,0.01853373348812818,3.706746697625636e-05,419.79876994721343,41.979876994721344
23,33,0.11000000000000001,0.14,0.31622776601683794,0.31622776601683794,0.002,0.00370749831199646,0.0010028168940896661,0.01002816894089666,0.05492303468384942,0.01825858494276815,3.65171698855363e-05,274.6151734192471,27.46151734192472
23,34,0.11000000000000001,0.14,0.31622776601683794,1.0,0.002,0.0009760335087776184,0.00020176230337345965,0.002017623033734597,0.011423029768895216,0.017662766136078555,3.532553227215711e-05,57.11514884447609,5.711514884447608
23,35,0.11000000000000001,0.15500000000000003,0.31622776601683794,0.01,0.002,0.008992400020360947,0.0023866460289571983,0.02386646028957198,0.12596005558567544,0.018947641916002893,3.7895283832005786e-05,629.8002779283771,62.98002779283772
23,36,0.11000000000000001,0.15500000000000003,0.31622776601683794,0.03162277660168379,0.002,0.008740108460187912,0.002321543531801756,0.02321543531801756,0.12273397124816493,0.018915248225022024,3.783049645004405e-05,613.6698562408247,61.366985624082474
23,37,0.11000000000000001,0.15500000000000003,0.31622776601683794,0.1,0.002,0.00794544443488121,0.0021167459057350995,0.021167459057350995,0.11251294415325681,0.01881335451369777,3.762670902739554e-05,562.5647207662842,56.25647207662841
23,38,0.11000000000000001,0.15500000000000003,0.31622776601683794,0.31622776601683794,0.002,0.0055612437427043915,0.0015042251149119097,0.015042251149119099,0.08127141508858264,0.018508661541974673,3.7017323083949346e-05,406.35707544291324,40.63570754429132
23,39,0.11000000000000001,0.15500000000000003,0.31622776601683794,1.0,0.002,0.0003934316337108612,0.00018502137909087748,0.0018502137909087747,0.010365992919924336,0.017848881483919436,3.569776296783887e-05,51.82996459962169,5.182996459962169
23,40,0.11000000000000001,0.17000000000000004,0.31622776601683794,0.01,0.002,0.011178191751241684,0.0029734198502275387,0.02973419850227539,0.15454102425879826,0.019240327055476063,3.848065411095213e-05,772.7051212939914,77.27051212939912
23,41,0.11000000000000001,0.17000000000000004,0.31622776601683794,0.03162277660168379,0.002,0.01090148463845253,0.0029020196865937506,0.029020196865937507,0.15110914930990965,0.019204791369991765,3.840958273998353e-05,755.5457465495484,75.55457465495485
23,42,0.11000000000000001,0.17000000000000004,0.31622776601683794,0.1,0.002,0.010029923170804977,0.00267741194582506,0.026774119458250603,0.14022991964493697,0.019093014904410444,3.818602980882089e-05,701.1495982246848,70.11495982246848
23,43,0.11000000000000001,0.17000000000000004,0.31622776601683794,0.31622776601683794,0.002,0.007415000349283218,0.0020056337851304547,0.020056337851304545,0.10691712560120661,0.018758770158218877,3.751754031643775e-05,534.5856280060332,53.458562800603325
23,44,0.11000000000000001,0.17000000000000004,0.31622776601683794,1.0,0.002,0.0017278492450714111,0.000553204419591256,0.00553204419591256,0.030673913321869153,0.018035012806691526,3.607002561338305e-05,153.36956660934578,15.336956660934579
23,45,0.11000000000000001,0.18500000000000005,0.31622776601683794,0.01,0.002,0.013363990932703018,0.003560199540312958,0.03560199540312958,0.1822654053221767,0.01953305145329068,3.9066102906581356e-05,911.3270266108835,91.13270266108835
23,46,0.11000000000000001,0.18500000000000005,0.31622776601683794,0.03162277660168379,0.002,0.013062868267297745,0.00348250122071252,0.0348250122071252,0.17864135550537683,0.019494373018277406,3.898874603655481e-05,893.2067775268841,89.32067775268841
23,47,0.11000000000000001,0.18500000000000005,0.31622776601683794,0.1,0.002,0.012114401906728745,0.003238081717305293,0.03238081717305293,0.16714654123764178,0.019372711474187954,3.874542294837591e-05,835.7327061882089,83.57327061882089
23,48,0.11000000000000001,0.18500000000000005,0.31622776601683794,0.31622776601683794,0.002,0.009268749505281448,0.0025070421780943606,0.025070421780943604,0.13188775313244214,0.019008908094573264,3.801781618914653e-05,659.4387656622109,65.94387656622109
23,49,0.11000000000000001,0.18500000000000005,0.31622776601683794,1.0,0.002,0.003079790621995926,0.0009252645632636746,0.009252645632636747,0.05077967659248855,0.018221159041421346,3.644231808284269e-05,253.89838296244275,25.389838296244275
23,50,0.11000000000000001,0.2,0.31622776601683794,0.01,0.002,0.015549782663583755,0.004146982028655599,0.041469820286556,0.20917085808376842,0.01982581161948871,3.965162323897742e-05,1045.854290418842,104.5854290418842
23,51,0.11000000000000001,0.2,0.31622776601683794,0.03162277660168379,0.002,0.01522425189614296,0.004062985730326182,0.04062985730326182,0.20536735653565263,0.019783990011191625,3.956798002238325e-05,1026.8367826782635,102.68367826782635
23,52,0.11000000000000001,0.2,0.31622776601683794,0.1,0.002,0.014198880642652512,0.003798753414909907,0.03798753414909907,0.1932967691512644,0.0196524413294109,3.93048826588218e-05,966.4838457563221,96.6483845756322
23,53,0.11000000000000001,0.2,0.31622776601683794,0.31622776601683794,0.002,0.011122498661279678,0.0030084506309627506,0.030084506309627505,0.15620952106544495,0.019259073393499117,3.851814678699823e-05,781.0476053272247,78.10476053272248
23,54,0.11000000000000001,0.2,0.31622776601683794,1.0,0.002,0.004431735724210739,0.0012978718154749024,0.012978718154749025,0.07050846394101136,0.018407319390204346,3.681463878040869e-05,352.54231970505685,35.25423197050568
24,25,0.11000000000000001,0.125,1.0,0.01,0.002,0.008300721645355225,0.0021556538239700983,0.02155653823970098,0.12046492164508252,0.01789445254711701,3.578890509423402e-05,602.3246082254127,60.23246082254127
24,26,0.11000000000000001,0.125,1.0,0.03162277660168379,0.002,0.008097268640995026,0.002103140142100826,0.02103140142100826,0.11770204122218071,0.01786834043201363,3.573668086402726e-05,588.5102061109035,58.85102061109035
24,27,0.11000000000000001,0.125,1.0,0.1,0.002,0.0074564069509506226,0.001937936389494599,0.01937936389494599,0.10895727373320187,0.017786204840623356,3.557240968124671e-05,544.7863686660094,54.47863686660094
24,28,0.11000000000000001,0.125,1.0,0.31622776601683794,0.002,0.005533669143915176,0.0014437399150526275,0.014437399150526276,0.08230850463416725,0.017540592208175214,3.508118441635043e-05,411.54252317083626,41.154252317083625
24,29,0.11000000000000001,0.125,1.0,1.0,0.002,0.0013519413769245148,0.00037301309093589705,0.003730130909358971,0.021930700929905293,0.01700871723745256,3.401743447490512e-05,109.65350464952648,10.965350464952648
24,30,0.11000000000000001,0.14,1.0,0.01,0.002,0.010486520826816559,0.0027423055084127004,0.027423055084127006,0.1507834258421829,0.0181870486964723,3.63740973929446e-05,753.9171292109146,75.39171292109145
24,31,0.11000000000000001,0.14,1.0,0.03162277660168379,0.002,0.010258644819259644,0.002683492647366088,0.026834926473660876,0.14778735320075748,0.018157796247428387,3.631559249485677e-05,738.9367660037874,73.89367660037874
24,32,0.11000000000000001,0.14,1.0,0.1,0.002,0.00954088568687439,0.0024984741690847754,0.024984741690847752,0.1382986923049014,0.018065783034133774,3.613156606826755e-05,691.4934615245071,69.14934615245072
24,33,0.11000000000000001,0.14,1.0,0.31622776601683794,0.002,0.007387418299913406,0.0019450193602810182,0.01945019360281018,0.10932827390211211,0.017790634488773747,3.5581268977547494e-05,546.6413695105605,54.66413695105605
24,34,0.11000000000000001,0.14,1.0,1.0,0.002,0.002703886479139328,0.000746026053154357,0.007460260531543569,0.04338668508855644,0.01719481568208415,3.4389631364168295e-05,216.93342544278227,21.693342544278227
24,35,0.11000000000000001,0.15500000000000003,1.0,0.01,0.002,0.012672320008277893,0.0033290063725819013,0.03329006372581901,0.18014404512249818,0.018479691462008487,3.6959382924016975e-05,900.7202256124908,90.07202256124909
24,36,0.11000000000000001,0.15500000000000003,1.0,0.03162277660168379,0.002,0.012420028448104858,0.0032638948078903113,0.032638948078903114,0.1769307813210679,0.018447297771027618,3.6894595542055235e-05,884.6539066053397,88.46539066053397
24,37,0.11000000000000001,0.15500000000000003,1.0,0.1,0.002,0.011625364422798157,0.0030590628804690553,0.030590628804690555,0.1667481877484752,0.018345404059703363,3.669080811940673e-05,833.740938742376,83.37409387423759
24,38,0.11000000000000001,0.15500000000000003,1.0,0.31622776601683794,0.002,0.009241163730621338,0.0024463514514436956,0.024463514514436957,0.13560171988307002,0.01804071108798027,3.608142217596054e-05,678.00859941535,67.800859941535
24,39,0.11000000000000001,0.15500000000000003,1.0,1.0,0.002,0.004055827856063843,0.001119038921956787,0.011190389219567871,0.06438314035250009,0.01738093102992503,3.476186205985006e-05,321.9157017625004,32.191570176250046
24,40,0.11000000000000001,0.17000000000000004,1.0,0.01,0.002,0.01485811173915863,0.003915733775478616,0.03915733775478615,0.20859019923825498,0.018772376601481656,3.7544753202963316e-05,1042.950996191275,104.29509961912751
24,41,0.11000000000000001,0.17000000000000004,1.0,0.03162277660168379,0.002,0.014581404626369476,0.0038443236491999136,0.03844323649199914,0.2051745898059935,0.018736840915997362,3.7473681831994726e-05,1025.8729490299675,102.58729490299673
24,42,0.11000000000000001,0.17000000000000004,1.0,0.1,0.002,0.013709843158721924,0.0036196789310072616,0.03619678931007262,0.19434450498915762,0.01862506445041604,3.725012890083208e-05,971.722524945788,97.17225249457879
24,43,0.11000000000000001,0.17000000000000004,1.0,0.31622776601683794,0.002,0.011094920337200165,0.002947709895536429,0.02947709895536429,0.16115788921453436,0.01829081970422447,3.658163940844894e-05,805.7894460726718,80.57894460726718
24,44,0.11000000000000001,0.17000000000000004,1.0,1.0,0.002,0.0054077692329883575,0.0014920518962676062,0.014920518962676063,0.08493462744717402,0.017567062352697123,3.5134124705394244e-05,424.67313723587006,42.467313723587004
24,45,0.11000000000000001,0.18500000000000005,1.0,0.01,0.002,0.017043910920619965,0.004502478003781244,0.04502478003781244,0.2361633438998009,0.019065100999296276,3.813020199859255e-05,1180.8167194990044,118.08167194990045
24,46,0.11000000000000001,0.18500000000000005,1.0,0.03162277660168379,0.002,0.01674278825521469,0.00442476920339473,0.0442476920339473,0.2325591786078086,0.019026422564283003,3.805284512856601e-05,1162.7958930390428,116.27958930390429
24,47,0.11000000000000001,0.18500000000000005,1.0,0.1,0.002,0.01579432189464569,0.004180311279837105,0.04180311279837104,0.22112478837324678,0.01890476102019355,3.7809522040387105e-05,1105.6239418662337,110.56239418662341
24,48,0.11000000000000001,0.18500000000000005,1.0,0.31622776601683794,0.002,0.012948669493198395,0.0034490826627611346,0.03449082662761135,0.18602505488780416,0.01854095764057886,3.708191528115772e-05,930.1252744390208,93.01252744390209
24,49,0.11000000000000001,0.18500000000000005,1.0,1.0,0.002,0.006759710609912872,0.001865064768836239,0.01865064768836239,0.10505508115063229,0.01775320858742694,3.550641717485388e-05,525.2754057531614,52.52754057531614
24,50,0.11000000000000001,0.2,1.0,0.01,0.002,0.019229702651500702,0.005089232623670688,0.05089232623670688,0.2629026306244166,0.019357861165494303,3.8715722330988607e-05,1314.5131531220832,131.45131531220832
24,51,0.11000000000000001,0.2,1.0,0.03162277660168379,0.002,0.018904171884059906,0.005005225532750082,0.05005225532750082,0.25912276261026385,0.019316039557197223,3.8632079114394444e-05,1295.6138130513193,129.56138130513193
24,52,0.11000000000000001,0.2,1.0,0.1,0.002,0.017878800630569458,0.004740953992505894,0.04740953992505894,0.24712430594554247,0.019184490875416498,3.8368981750832996e-05,1235.6215297277122,123.56215297277123
24,53,0.11000000000000001,0.2,1.0,0.31622776601683794,0.002,0.014802418649196625,0.00395046453019227,0.0395046453019227,0.21023035945803858,0.01879112293950471,3.758224587900942e-05,1051.151797290193,105.1151797290193
24,54,0.11000000000000001,0.2,1.0,1.0,0.002,0.008111655712127686,0.002238077709589641,0.022380777095896413,0.12475788404530583,0.017939368936209944,3.587873787241989e-05,623.789420226529,62.37894202265291
25,26,0.125,0.125,0.01,0.03162277660168379,0.002,0.00020345300436019897,5.251452448895001e-05,0.0005251452448895001,0.0027726553035574576,0.018940156182260092,3.7880312364520185e-05,13.863276517787288,1.3863276517787286
25,27,0.125,0.125,0.01,0.1,0.002,0.000844314694404602,0.00021772196076393386,0.002177219607639339,0.01154532416139925,0.018858020590869818,3.7716041181739635e-05,57.72662080699625,5.772662080699625
25,28,0.125,0.125,0.01,0.31622776601683794,0.002,0.0027670525014400482,0.0007119431443814494,0.007119431443814494,0.038250996108180176,0.01861240795842168,3.722481591684336e-05,191.25498054090087,19.125498054090087
25,29,0.125,0.125,0.01,1.0,0.002,0.00694878026843071,0.001783074884138103,0.017830748841381028,0.09861849124421311,0.018080532987699023,3.6161065975398045e-05,493.0924562210657,49.30924562210657
25,30,0.125,0.14,0.01,0.01,0.002,0.0021857991814613342,0.0005867905770652634,0.005867905770652635,0.03046859687333425,0.019258864446718763,3.851772889343753e-05,152.34298436667126,15.234298436667123
25,31,0.125,0.14,0.01,0.03162277660168379,0.002,0.001957923173904419,0.0005280038010748271,0.005280038010748271,0.02745784996279024,0.01922961199767485,3.84592239953497e-05,137.2892498139512,13.728924981395119
25,32,0.125,0.14,0.01,0.1,0.002,0.001240164041519165,0.0003431376722435833,0.003431376722435833,0.017930027487233456,0.01913759878438024,3.827519756876048e-05,89.65013743616728,8.965013743616728
25,33,0.125,0.14,0.01,0.31622776601683794,0.002,0.0009133033454418182,0.00021171696379130027,0.0021171696379130027,0.011224255656527987,0.01886245023902021,3.772490047804042e-05,56.121278282639935,5.6121278282639935
25,34,0.125,0.14,0.01,1.0,0.002,0.005596835166215897,0.0014107255331397544,0.014107255331397542,0.07722964895666927,0.018266631432330614,3.653326286466123e-05,386.1482447833464,38.61482447833464
25,35,0.125,0.15500000000000003,0.01,0.01,0.002,0.0043715983629226685,0.0011735813734421497,0.011735813734421497,0.06002511012074532,0.019551507212254952,3.910301442450991e-05,300.12555060372654,30.012555060372655
25,36,0.125,0.15500000000000003,0.01,0.03162277660168379,0.002,0.004119306802749634,0.0011084943224496113,0.011084943224496113,0.05679019804057453,0.019519113521274084,3.903822704254817e-05,283.9509902028726,28.395099020287265
25,37,0.125,0.15500000000000003,0.01,0.1,0.002,0.003324642777442932,0.0009037704081291758,0.009037704081291757,0.04654478946909089,0.01941721980994983,3.883443961989966e-05,232.7239473454544,23.272394734545443
25,38,0.125,0.15500000000000003,0.01,0.31622776601683794,0.002,0.0009404420852661133,0.00029258476397326397,0.0029258476397326398,0.015308533845355745,0.019112526838226732,3.822505367645347e-05,76.54266922677873,7.654266922677873
25,39,0.125,0.15500000000000003,0.01,1.0,0.002,0.004244893789291382,0.0010388525158533657,0.010388525158533658,0.05629798794885489,0.018452746780171496,3.690549356034299e-05,281.48993974427447,28.148993974427444
25,40,0.125,0.17000000000000004,0.01,0.01,0.002,0.006557390093803406,0.0017603717601732394,0.017603717601732394,0.08870967026380079,0.019844192351728122,3.968838470345625e-05,443.5483513190039,44.354835131900394
25,41,0.125,0.17000000000000004,0.01,0.03162277660168379,0.002,0.006280682981014252,0.001688985336225369,0.01688985336225369,0.08526501138785395,0.019808656666243825,3.961731333248765e-05,426.32505693926976,42.63250569392698
25,42,0.125,0.17000000000000004,0.01,0.1,0.002,0.005409121513366699,0.0014644369228284794,0.014644369228284795,0.07434867389705824,0.019696880200662504,3.939376040132501e-05,371.74336948529117,37.17433694852912
25,43,0.125,0.17000000000000004,0.01,0.31622776601683794,0.002,0.00279419869184494,0.0007932267718843151,0.007932267718843151,0.04096688045124326,0.019362635454470936,3.872527090894187e-05,204.83440225621632,20.48344022562163
25,44,0.125,0.17000000000000004,0.01,1.0,0.002,0.002892952412366867,0.0006682511991004227,0.006682511991004228,0.035852544096787016,0.018638878102943585,3.727775620588717e-05,179.26272048393508,17.926272048393503
25,45,0.125,0.18500000000000005,0.01,0.01,0.002,0.00874318927526474,0.002347162554151421,0.023471625541514204,0.11656017568850102,0.020136916749542738,4.027383349908548e-05,582.8008784425051,58.28008784425052
25,46,0.125,0.18500000000000005,0.01,0.03162277660168379,0.002,0.008442066609859467,0.0022694768432913797,0.0226947684329138,0.11291919260658405,0.020098238314529466,4.0196476629058933e-05,564.5959630329202,56.45959630329202
25,47,0.125,0.18500000000000005,0.01,0.1,0.002,0.007493600249290466,0.0020251091437461775,0.020251091437461774,0.10137418272498003,0.019976576770440013,3.9953153540880024e-05,506.8709136249002,50.68709136249002
25,48,0.125,0.18500000000000005,0.01,0.31622776601683794,0.002,0.00464794784784317,0.0012944621201712947,0.012944621201712947,0.06600097265065184,0.019612773390825324,3.922554678165065e-05,330.00486325325926,33.00048632532593
25,49,0.125,0.18500000000000005,0.01,1.0,0.002,0.0015410110354423523,0.00030361519108768043,0.003036151910876804,0.01612827615208302,0.018825024337673406,3.7650048675346814e-05,80.64138076041509,8.064138076041509
25,50,0.125,0.2,0.01,0.01,0.002,0.010928981006145477,0.002933953005766773,0.029339530057667727,0.14361230566040936,0.02042967691574077,4.085935383148154e-05,718.0615283020468,71.80615283020468
25,51,0.125,0.2,0.01,0.03162277660168379,0.002,0.010603450238704681,0.002849968498535695,0.028499684985356953,0.13978755761991113,0.020387855307443685,4.077571061488737e-05,698.9377880995557,69.89377880995556
25,52,0.125,0.2,0.01,0.1,0.002,0.009578078985214233,0.0025857832047460104,0.025857832047460106,0.12765324165610972,0.02025630662566296,4.051261325132592e-05,638.2662082805487,63.826620828054864
25,53,0.125,0.2,0.01,0.31622776601683794,0.002,0.0065016970038414,0.0017957941512660113,0.01795794151266011,0.09040928833922243,0.019862938689751176,3.9725877379502354e-05,452.04644169611214,45.20464416961122
25,54,0.125,0.2,0.01,1.0,0.002,0.00019821152091026306,0.00012681431217351942,0.0012681431217351942,0.006670510768529965,0.019011184686456406,3.802236937291281e-05,33.352553842649826,3.3352553842649826
26,27,0.125,0.125,0.03162277660168379,0.1,0.002,0.0006408616900444031,0.00016520744738100635,0.0016520744738100636,0.00877274056389989,0.018831908475766435,3.766381695153287e-05,43.863702819499444,4.386370281949945
26,28,0.125,0.125,0.03162277660168379,0.31622776601683794,0.002,0.0025635994970798492,0.0006594287263293071,0.006594287263293071,0.03547929785946937,0.018586295843318293,3.7172591686636585e-05,177.39648929734685,17.739648929734685
26,29,0.125,0.125,0.03162277660168379,1.0,0.002,0.006745327264070511,0.0017305607329740939,0.01730560732974094,0.09585246434577524,0.018054420872595643,3.610884174519129e-05,479.2623217288761,47.92623217288761
26,30,0.125,0.14,0.03162277660168379,0.01,0.002,0.002389252185821533,0.0006392832768609625,0.006392832768609625,0.03323930271852402,0.01923275233161538,3.846550466323076e-05,166.19651359262016,16.619651359262015
26,31,0.125,0.14,0.03162277660168379,0.03162277660168379,0.002,0.002161376178264618,0.0005804916122970214,0.005804916122970214,0.030228427934840072,0.019203499882571466,3.840699976514293e-05,151.1421396742004,15.114213967420037
26,32,0.125,0.14,0.03162277660168379,0.1,0.002,0.001443617045879364,0.00039559096075409144,0.003955909607540915,0.020699120251593695,0.019111486669276857,3.822297333855371e-05,103.49560125796847,10.349560125796845
26,33,0.125,0.14,0.03162277660168379,0.31622776601683794,0.002,0.0007098503410816193,0.00015948818187442215,0.0015948818187442215,0.008467048150506348,0.01883633812391683,3.767267624783366e-05,42.335240752531725,4.233524075253173
26,34,0.125,0.14,0.03162277660168379,1.0,0.002,0.005393382161855698,0.001358219527563116,0.013582195275631159,0.07446166986486769,0.01824051931722723,3.648103863445446e-05,372.30834932433845,37.23083493243385
26,35,0.125,0.15500000000000003,0.03162277660168379,0.01,0.002,0.004575051367282867,0.0012260731388005909,0.012260731388005907,0.06279376845897754,0.019525395097151566,3.905079019430313e-05,313.9688422948877,31.396884229488773
26,36,0.125,0.15500000000000003,0.03162277660168379,0.03162277660168379,0.002,0.004322759807109833,0.0011609833993205874,0.011609833993205875,0.059558986075539236,0.0194930014061707,3.89860028123414e-05,297.7949303776962,29.77949303776962
26,37,0.125,0.15500000000000003,0.03162277660168379,0.1,0.002,0.003528095781803131,0.0009562467217096066,0.009562467217096067,0.04931367185195653,0.019391107694846445,3.8782215389692893e-05,246.5683592597826,24.656835925978257
26,38,0.125,0.15500000000000003,0.03162277660168379,0.31622776601683794,0.002,0.0011438950896263123,0.00034474255644665914,0.003447425564466591,0.018062195621737206,0.01908641472312335,3.81728294462467e-05,90.31097810868603,9.031097810868603
26,39,0.125,0.15500000000000003,0.03162277660168379,1.0,0.002,0.004041440784931183,0.0009863861527188396,0.009863861527188397,0.05353045581289782,0.01842663466506811,3.685326933013622e-05,267.6522790644891,26.76522790644891
26,40,0.125,0.17000000000000004,0.03162277660168379,0.01,0.002,0.006760843098163605,0.0018128631958112735,0.018128631958112738,0.09147521728472054,0.01981808023662474,3.963616047324948e-05,457.37608642360266,45.73760864236026
26,41,0.125,0.17000000000000004,0.03162277660168379,0.03162277660168379,0.002,0.006484135985374451,0.0017414748083236186,0.017414748083236186,0.08803088014394107,0.019782544551140445,3.956508910228089e-05,440.1544007197052,44.015440071970524
26,42,0.125,0.17000000000000004,0.03162277660168379,0.1,0.002,0.005612574517726898,0.0015169180747369776,0.015169180747369775,0.07711534537640098,0.01967076808555912,3.934153617111824e-05,385.5767268820049,38.55767268820049
26,43,0.125,0.17000000000000004,0.03162277660168379,0.31622776601683794,0.002,0.002997651696205139,0.0008456237492473427,0.008456237492473427,0.04373194365947487,0.019336523339367553,3.86730466787351e-05,218.65971829737435,21.865971829737436
26,44,0.125,0.17000000000000004,0.03162277660168379,1.0,0.002,0.002689499408006668,0.0006159806045431054,0.006159806045431054,0.033094522595165494,0.018612765987840202,3.72255319756804e-05,165.4726129758275,16.547261297582747
26,45,0.125,0.18500000000000005,0.03162277660168379,0.01,0.002,0.008946642279624939,0.0023996538214404034,0.023996538214404034,0.1193216216387008,0.020110804634439358,4.0221609268878716e-05,596.608108193504,59.660810819350395
26,46,0.125,0.18500000000000005,0.03162277660168379,0.03162277660168379,0.002,0.008645519614219666,0.002321966508759534,0.02321966508759534,0.11568114337712392,0.020072126199426082,4.0144252398852165e-05,578.4057168856197,57.84057168856196
26,47,0.125,0.18500000000000005,0.03162277660168379,0.1,0.002,0.007697053253650665,0.0020775923783507124,0.020775923783507122,0.10413754337270378,0.019950464655336633,3.990092931067327e-05,520.6877168635189,52.06877168635189
26,48,0.125,0.18500000000000005,0.03162277660168379,0.31622776601683794,0.002,0.004851400852203369,0.001346897246263952,0.01346897246263952,0.06876604579533205,0.019586661275721944,3.917332255144389e-05,343.83022897666024,34.383022897666024
26,49,0.125,0.18500000000000005,0.03162277660168379,1.0,0.002,0.0013375580310821533,0.00025334553778486317,0.0025334553778486317,0.01347660624111516,0.018798912222570022,3.7597824445140046e-05,67.38303120557579,6.738303120557578
26,50,0.125,0.2,0.03162277660168379,0.01,0.002,0.011132434010505676,0.0029864441706785893,0.029864441706785892,0.14636874486684287,0.020403564800637385,4.080712960127477e-05,731.8437243342144,73.18437243342144
26,51,0.125,0.2,0.03162277660168379,0.03162277660168379,0.002,0.01080690324306488,0.0029024582787248988,0.02902458278724899,0.14254468545781226,0.020361743192340305,4.072348638468061e-05,712.7234272890613,71.27234272890612
26,52,0.125,0.2,0.03162277660168379,0.1,0.002,0.009781531989574432,0.002638267597167724,0.02638267597167724,0.1304123692824913,0.02023019451055958,4.046038902111916e-05,652.0618464124565,65.20618464124564
26,53,0.125,0.2,0.03162277660168379,0.31622776601683794,0.002,0.006705150008201599,0.0018482439904133365,0.018482439904133365,0.09317236219504291,0.01983682657464779,3.967365314929558e-05,465.8618109752146,46.58618109752146
26,54,0.125,0.2,0.03162277660168379,1.0,0.002,0.00028019770979881287,0.00016496361037430393,0.0016496361037430392,0.008689121927467425,0.018985072571353026,3.797014514270605e-05,43.44560963733712,4.344560963733712
27,28,0.125,0.125,0.1,0.31622776601683794,0.002,0.0019227378070354462,0.0004942214786478753,0.004942214786478753,0.02670866831670356,0.01850416025192802,3.7008320503856035e-05,133.54334158351782,13.354334158351783
27,29,0.125,0.125,0.1,1.0,0.002,0.006104465574026108,0.0015653541545054739,0.015653541545054737,0.08709822540723036,0.01797228528120537,3.594457056241074e-05,435.4911270361518,43.54911270361518
27,30,0.125,0.14,0.1,0.01,0.002,0.0030301138758659363,0.0008044380403419377,0.008044380403419376,0.04200585554261799,0.019150616740225106,3.8301233480450215e-05,210.02927771308993,21.002927771308993
27,31,0.125,0.14,0.1,0.03162277660168379,0.002,0.002802237868309021,0.0007456367486932956,0.007456367486932955,0.038994955450808735,0.019121364291181192,3.824272858236239e-05,194.97477725404366,19.497477725404366
27,32,0.125,0.14,0.1,0.1,0.002,0.002084478735923767,0.0005606767860189207,0.005606767860189207,0.02946378905534334,0.019029351077886583,3.805870215577317e-05,147.31894527671668,14.73189452767167
27,33,0.125,0.14,0.1,0.31622776601683794,0.002,6.898865103721619e-05,2.0226395291003552e-05,0.00020226395291003552,0.0010784993526610203,0.018754202532526555,3.750840506505311e-05,5.3924967633051,0.53924967633051
27,34,0.125,0.14,0.1,1.0,0.002,0.0047525204718112946,0.0011930413281579157,0.011930413281579157,0.0657019559764219,0.018158383725836957,3.6316767451673916e-05,328.5097798821095,32.85097798821095
27,35,0.125,0.15500000000000003,0.1,0.01,0.002,0.0052159130573272705,0.0013912171806501976,0.013912171806501977,0.07155267254638874,0.01944325950576129,3.888651901152258e-05,357.7633627319437,35.77633627319437
27,36,0.125,0.15500000000000003,0.1,0.03162277660168379,0.002,0.004963621497154236,0.0013261207757281886,0.013261207757281885,0.0683184762793225,0.019410865814780427,3.8821731629560856e-05,341.59238139661244,34.15923813966125
27,37,0.125,0.15500000000000003,0.1,0.1,0.002,0.004168957471847534,0.0011213535520811417,0.011213535520811418,0.058074223012649515,0.01930897210345617,3.861794420691234e-05,290.37111506324754,29.037111506324752
27,38,0.125,0.15500000000000003,0.1,0.31622776601683794,0.002,0.0017847567796707153,0.0005092975381273946,0.005092975381273946,0.02679909796088907,0.019004279131733075,3.800855826346615e-05,133.99548980444536,13.399548980444536
27,39,0.125,0.15500000000000003,0.1,1.0,0.002,0.00340057909488678,0.0008213641606091194,0.008213641606091194,0.0447744120627245,0.018344499073677835,3.668899814735567e-05,223.87206031362254,22.387206031362254
27,40,0.125,0.17000000000000004,0.1,0.01,0.002,0.007401704788208008,0.0019780028262040427,0.019780028262040426,0.10022336714861331,0.019735944645234465,3.947188929046893e-05,501.11683574306653,50.11168357430665
27,41,0.125,0.17000000000000004,0.1,0.03162277660168379,0.002,0.007124997675418854,0.001906609148726549,0.01906609148726549,0.09678018119430591,0.01970040895975017,3.940081791950034e-05,483.9009059715295,48.390090597152955
27,42,0.125,0.17000000000000004,0.1,0.1,0.002,0.006253436207771301,0.0016820303823264666,0.016820303823264666,0.08586767773744157,0.019588632494168846,3.917726498833769e-05,429.33838868720784,42.933838868720784
27,43,0.125,0.17000000000000004,0.1,0.31622776601683794,0.002,0.0036385133862495422,0.0010105345894016696,0.010105345894016694,0.052483340557418066,0.01925438774797728,3.850877549595456e-05,262.4167027870903,26.241670278709037
27,44,0.125,0.17000000000000004,0.1,1.0,0.002,0.002048637717962265,0.0004518934558369351,0.004518934558369351,0.024386296967182957,0.018530630396449928,3.706126079289986e-05,121.93148483591476,12.193148483591475
27,45,0.125,0.18500000000000005,0.1,0.01,0.002,0.009587503969669342,0.002564791048901412,0.02564791048901412,0.12805599031012593,0.020028669043049084,4.0057338086098166e-05,640.2799515506296,64.02799515506295
27,46,0.125,0.18500000000000005,0.1,0.03162277660168379,0.002,0.009286381304264069,0.002487099231336648,0.02487099231336648,0.12441722860724383,0.01998999060803581,3.9979981216071615e-05,622.0861430362191,62.208614303621914
27,47,0.125,0.18500000000000005,0.1,0.1,0.002,0.008337914943695068,0.002242707207069593,0.02242707207069593,0.11287850124947219,0.01986832906394636,3.973665812789272e-05,564.3925062473608,56.43925062473607
27,48,0.125,0.18500000000000005,0.1,0.31622776601683794,0.002,0.005492262542247772,0.0015118851835802965,0.015118851835802966,0.07751458343818228,0.01950452568433167,3.9009051368663336e-05,387.5729171909114,38.75729171909114
27,49,0.125,0.18500000000000005,0.1,1.0,0.002,0.0006966963410377502,0.00010978919592454699,0.0010978919592454699,0.005865817500950045,0.01871677663117975,3.7433553262359495e-05,29.329087504750223,2.9329087504750224
27,50,0.125,0.2,0.1,0.01,0.002,0.01177329570055008,0.003151579885982962,0.03151579885982962,0.15508652730728506,0.02032142920924711,4.064285841849422e-05,775.4326365364253,77.54326365364253
27,51,0.125,0.2,0.1,0.03162277660168379,0.002,0.011447764933109283,0.0030675899961368396,0.030675899961368398,0.15126476096081534,0.02027960760095003,4.0559215201900065e-05,756.3238048040765,75.63238048040765
27,52,0.125,0.2,0.1,0.1,0.002,0.010422393679618835,0.0028033838756022725,0.028033838756022725,0.13913915414129904,0.020148058919169307,4.029611783833862e-05,695.695770706495,69.5695770706495
27,53,0.125,0.2,0.1,0.31622776601683794,0.002,0.007346011698246002,0.0020132646288706477,0.020132646288706476,0.10191324331911486,0.019754690983257515,3.9509381966515035e-05,509.56621659557425,50.95662165955743
27,54,0.125,0.2,0.1,1.0,0.002,0.0006748251616954803,0.0003133318392505595,0.003133318392505595,0.01657582837961601,0.018902936979962752,3.780587395992551e-05,82.87914189808002,8.287914189808003
28,29,0.125,0.125,0.31622776601683794,1.0,0.002,0.004181727766990662,0.0010711336254187413,0.010711336254187413,0.060424967879904735,0.017726672648757227,3.545334529751445e-05,302.1248393995237,30.21248393995237
28,30,0.125,0.14,0.31622776601683794,0.01,0.002,0.0049528516829013824,0.001298569500107439,0.01298569500107439,0.06868919428445114,0.018905004107776964,3.781000821555393e-05,343.4459714222558,34.34459714222558
28,31,0.125,0.14,0.31622776601683794,0.03162277660168379,0.002,0.004724975675344467,0.0012397579982430054,0.012397579982430055,0.06567992738288751,0.01887575165873305,3.77515033174661e-05,328.3996369144376,32.839963691443764
28,32,0.125,0.14,0.31622776601683794,0.1,0.002,0.004007216542959213,0.001054746746900444,0.010547467469004439,0.05615212062093981,0.018783738445438444,3.756747689087689e-05,280.76060310469904,28.076060310469906
28,33,0.125,0.14,0.31622776601683794,0.31622776601683794,0.002,0.00185374915599823,0.000501408445032733,0.005014084450327329,0.027090580521782953,0.018508589900078413,3.701717980015683e-05,135.45290260891474,13.545290260891477
28,34,0.125,0.14,0.31622776601683794,1.0,0.002,0.0028297826647758484,0.0006989615375423992,0.006989615375423992,0.03902029082481657,0.01791277109338882,3.5825542186777635e-05,195.10145412408286,19.510145412408285
28,35,0.125,0.15500000000000003,0.31622776601683794,0.01,0.002,0.007138650864362717,0.0018852982912855691,0.01885298291285569,0.09820465517085544,0.019197646873313153,3.839529374662631e-05,491.02327585427713,49.102327585427716
28,36,0.125,0.15500000000000003,0.31622776601683794,0.03162277660168379,0.002,0.006886359304189682,0.0018201909835649697,0.018201909835649697,0.09497349010984807,0.01916525318233229,3.8330506364664575e-05,474.86745054924035,47.486745054924036
28,37,0.125,0.15500000000000003,0.31622776601683794,0.1,0.002,0.00609169527888298,0.0016153771657208694,0.016153771657208695,0.08473727666823731,0.019063359471008033,3.812671894201607e-05,423.68638334118646,42.36863833411864
28,38,0.125,0.15500000000000003,0.31622776601683794,0.31622776601683794,0.002,0.0037074945867061615,0.0010028166658549408,0.010028166658549406,0.05345884612283966,0.018758666499284933,3.751733299856987e-05,267.2942306141983,26.729423061419833
28,39,0.125,0.15500000000000003,0.31622776601683794,1.0,0.002,0.0014778412878513336,0.0003287014122959196,0.0032870141229591958,0.018161416359137428,0.018098886441229697,3.619777288245939e-05,90.80708179568714,9.080708179568715
28,40,0.125,0.17000000000000004,0.31622776601683794,0.01,0.002,0.009324442595243454,0.002472056105570629,0.024720561055706285,0.12683499203342843,0.019490332012786327,3.8980664025572656e-05,634.174960167142,63.41749601671421
28,41,0.125,0.17000000000000004,0.31622776601683794,0.03162277660168379,0.002,0.0090477354824543,0.0024006520226296205,0.024006520226296207,0.12339640992594966,0.01945479632730203,3.890959265460406e-05,616.9820496297482,61.69820496297481
28,42,0.125,0.17000000000000004,0.31622776601683794,0.1,0.002,0.008176174014806747,0.002176031530538547,0.02176031530538547,0.11249699096079885,0.019343019861720705,3.868603972344141e-05,562.4849548039942,56.24849548039943
28,43,0.125,0.17000000000000004,0.31622776601683794,0.31622776601683794,0.002,0.005561251193284988,0.0015042253360734034,0.015042253360734035,0.07913320700209311,0.01900877511552914,3.801755023105828e-05,395.66603501046546,39.566603501046544
28,44,0.125,0.17000000000000004,0.31622776601683794,1.0,0.002,0.00012589991092681885,7.628393115213954e-05,0.0007628393115213955,0.004171936398241942,0.018285017764001786,3.657003552800357e-05,20.859681991209712,2.085968199120971
28,45,0.125,0.18500000000000005,0.31622776601683794,0.01,0.002,0.011510241776704788,0.003058826825204011,0.03058826825204011,0.15461851605320748,0.019783056410600942,3.9566112821201885e-05,773.0925802660374,77.30925802660374
28,46,0.125,0.18500000000000005,0.31622776601683794,0.03162277660168379,0.002,0.011209119111299515,0.0029811251836531103,0.029811251836531102,0.1509860268750442,0.019744377975587667,3.9488755951175334e-05,754.930134375221,75.49301343752211
28,47,0.125,0.18500000000000005,0.31622776601683794,0.1,0.002,0.010260652750730515,0.0027366950952058986,0.027366950952058985,0.13946565985191423,0.019622716431498217,3.924543286299644e-05,697.328299259571,69.7328299259571
28,48,0.125,0.18500000000000005,0.31622776601683794,0.31622776601683794,0.002,0.007415000349283218,0.002005633729037305,0.02005633729037305,0.10414054643863473,0.019258913051883528,3.8517826103767056e-05,520.7027321931736,52.070273219317365
28,49,0.125,0.18500000000000005,0.31622776601683794,1.0,0.002,0.001226041465997696,0.00042646350602124083,0.004264635060212408,0.023088068843442982,0.01847116399873161,3.694232799746322e-05,115.44034421721486,11.544034421721486
28,50,0.125,0.2,0.31622776601683794,0.01,0.002,0.013696033507585526,0.0036456036624261286,0.036456036624261286,0.18159179968994363,0.020075816576798973,4.0151633153597947e-05,907.958998449718,90.7958998449718
28,51,0.125,0.2,0.31622776601683794,0.03162277660168379,0.002,0.01337050274014473,0.0035616044587427746,0.035616044587427745,0.17777804498515884,0.02003399496850189,4.006798993700378e-05,888.8902249257942,88.88902249257941
28,52,0.125,0.2,0.31622776601683794,0.1,0.002,0.012345131486654282,0.0032973630134316323,0.032973630134316326,0.16567626742606112,0.019902446286721165,3.980489257344233e-05,828.3813371303056,82.83813371303054
28,53,0.125,0.2,0.31622776601683794,0.31622776601683794,0.002,0.009268749505281448,0.0025070421819056764,0.025070421819056766,0.12850643873710552,0.019509078350809377,3.9018156701618754e-05,642.5321936855275,64.25321936855275
28,54,0.125,0.2,0.31622776601683794,1.0,0.002,0.002577986568212509,0.0007976216451495216,0.007976216451495216,0.04275112713339171,0.01865732434751461,3.731464869502922e-05,213.75563566695854,21.375563566695853
29,30,0.125,0.14,1.0,0.01,0.002,0.009134579449892044,0.002369614497289133,0.02369614497289133,0.1289717434419036,0.018373129137054314,3.6746258274108626e-05,644.8587172095181,64.4858717209518
29,31,0.125,0.14,1.0,0.03162277660168379,0.002,0.008906703442335129,0.0023107988034518053,0.023107988034518055,0.12597112610128636,0.0183438766880104,3.6687753376020805e-05,629.8556305064318,62.98556305064317
29,32,0.125,0.14,1.0,0.1,0.002,0.008188944309949875,0.002125769718132322,0.02125769718132322,0.1164686400967846,0.018251863474715788,3.650372694943158e-05,582.343200483923,58.234320048392306
29,33,0.125,0.14,1.0,0.31622776601683794,0.002,0.006035476922988892,0.0015722642594585294,0.015722642594585293,0.08746115548013952,0.01797671492935576,3.595342985871152e-05,437.30577740069754,43.73057774006976
29,34,0.125,0.14,1.0,1.0,0.002,0.0013519451022148132,0.00037301296221936434,0.0037301296221936434,0.0214610892089116,0.017380896122666162,3.476179224533233e-05,107.30544604455802,10.730544604455803
29,35,0.125,0.15500000000000003,1.0,0.01,0.002,0.011320378631353378,0.0029562539406597496,0.029562539406597498,0.15837833849504346,0.0186657719025905,3.7331543805181e-05,791.8916924752174,79.18916924752173
29,36,0.125,0.15500000000000003,1.0,0.03162277660168379,0.002,0.011068087071180344,0.0028911388484619722,0.028911388484619722,0.1551591351621163,0.01863337821160963,3.726675642321927e-05,775.7956758105815,77.57956758105816
29,37,0.125,0.15500000000000003,1.0,0.1,0.002,0.010273423045873642,0.002686294285092543,0.026862942850925428,0.14495839688672404,0.018531484500285376,3.7062969000570754e-05,724.7919844336203,72.47919844336204
29,38,0.125,0.15500000000000003,1.0,0.31622776601683794,0.002,0.007889222353696823,0.002073528988701458,0.02073528988701458,0.11376269846791937,0.018226791528562283,3.6453583057124566e-05,568.8134923395968,56.88134923395969
29,39,0.125,0.15500000000000003,1.0,1.0,0.002,0.002703886479139328,0.0007460258310216134,0.007460258310216134,0.042467430061971755,0.017567011470507043,3.5134022941014085e-05,212.33715030985877,21.233715030985877
29,40,0.125,0.17000000000000004,1.0,0.01,0.002,0.013506170362234116,0.003542943099206162,0.035429430992061625,0.1868792956803042,0.01895845704206367,3.791691408412734e-05,934.3964784015211,93.4396478401521
29,41,0.125,0.17000000000000004,1.0,0.03162277660168379,0.002,0.013229463249444962,0.003471529248288945,0.03471529248288945,0.18345630586695416,0.018922921356579376,3.784584271315875e-05,917.2815293347709,91.72815293347708
29,42,0.125,0.17000000000000004,1.0,0.1,0.002,0.012357901781797409,0.0032468714714216475,0.03246871471421647,0.17260360760792479,0.018811144890998055,3.762228978199611e-05,863.018038039624,86.3018038039624
29,43,0.125,0.17000000000000004,1.0,0.31622776601683794,0.002,0.00974297896027565,0.0025748500527442686,0.025748500527442684,0.13935508838413088,0.018476900144806484,3.695380028961297e-05,696.7754419206544,69.67754419206544
29,44,0.125,0.17000000000000004,1.0,1.0,0.002,0.004055827856063843,0.001119038805332491,0.01119038805332491,0.0630332791417714,0.017753142793279136,3.5506285586558276e-05,315.16639570885695,31.516639570885694
29,45,0.125,0.18500000000000005,1.0,0.01,0.002,0.01569196954369545,0.0041296614326152776,0.041296614326152774,0.21451470111131973,0.01925118143987829,3.8502362879756576e-05,1072.5735055565988,107.25735055565988
29,46,0.125,0.18500000000000005,1.0,0.03162277660168379,0.002,0.015390846878290176,0.004051948885720345,0.04051948885720345,0.21090166568584556,0.019212503004865017,3.842500600973003e-05,1054.508328429228,105.45083284292278
29,47,0.125,0.18500000000000005,1.0,0.1,0.002,0.014442380517721176,0.0038074779971120124,0.038074779971120125,0.1994400301806987,0.019090841460775564,3.818168292155113e-05,997.2001509034934,99.72001509034934
29,48,0.125,0.18500000000000005,1.0,0.31622776601683794,0.002,0.01159672811627388,0.0030761993934274473,0.030761993934274475,0.1642651325904046,0.018727038081160875,3.745407616232175e-05,821.3256629520231,82.13256629520231
29,49,0.125,0.18500000000000005,1.0,1.0,0.002,0.0054077692329883575,0.00149205167790106,0.0149205167790106,0.08317228601264473,0.017939289028008953,3.5878578056017906e-05,415.8614300632236,41.58614300632236
29,50,0.125,0.2,1.0,0.01,0.002,0.017877761274576187,0.004716397448393259,0.047163974483932586,0.24132273537528912,0.019543941606076316,3.908788321215263e-05,1206.6136768764459,120.66136768764459
29,51,0.125,0.2,1.0,0.03162277660168379,0.002,0.01755223050713539,0.004632386654987889,0.04632386654987889,0.23753246598397468,0.019502119997779236,3.9004239995558475e-05,1187.6623299198734,118.76623299198734
29,52,0.125,0.2,1.0,0.1,0.002,0.016526859253644943,0.004368102413240285,0.04368102413240285,0.22550199175759927,0.01937057131599851,3.874114263199703e-05,1127.5099587879963,112.75099587879963
29,53,0.125,0.2,1.0,0.31622776601683794,0.002,0.01345047727227211,0.0035775653422055395,0.035775653422055395,0.18851910213280276,0.018977203380086724,3.7954406760173446e-05,942.595510664014,94.2595510664014
29,54,0.125,0.2,1.0,1.0,0.002,0.006759714335203171,0.0018650646186545129,0.01865064618654513,0.10289756573111859,0.018125449376791957,3.625089875358391e-05,514.487828655593,51.448782865559295
30,31,0.14,0.14,0.01,0.03162277660168379,0.002,0.00022787600755691528,5.881638275625074e-05,0.0005881638275625074,0.0030127935484182567,0.019522208147030137,3.904441629406027e-05,15.063967742091288,1.5063967742091287
30,32,0.14,0.14,0.01,0.1,0.002,0.0009456351399421692,0.0002438485827912273,0.002438485827912273,0.012549981285460345,0.019430194933735528,3.8860389867471054e-05,62.749906427301724,6.274990642730173
30,33,0.14,0.14,0.01,0.31622776601683794,0.002,0.0030991025269031525,0.0007973763201772349,0.007973763201772349,0.041627480508798644,0.0191550463883755,3.8310092776751e-05,208.13740254399318,20.81374025439932
30,34,0.14,0.14,0.01,1.0,0.002,0.007782634347677231,0.0019970438728214865,0.019970438728214863,0.10760382478375086,0.018559227581685902,3.71184551633718e-05,538.0191239187544,53.80191239187545
30,35,0.14,0.15500000000000003,0.01,0.01,0.002,0.0021857991814613342,0.0005867907963773498,0.005867907963773498,0.029570033257967015,0.019844103361610237,3.9688206723220475e-05,147.85016628983507,14.78501662898351
30,36,0.14,0.15500000000000003,0.01,0.03162277660168379,0.002,0.0019335076212882996,0.0005217056936616233,0.005217056936616233,0.02633319901891384,0.019811709670629372,3.962341934125874e-05,131.6659950945692,13.166599509456923
30,37,0.14,0.15500000000000003,0.01,0.1,0.002,0.001138843595981598,0.00031704984412653594,0.003170498441265359,0.016085885569969254,0.019709815959305117,3.9419631918610236e-05,80.42942784984628,8.042942784984628
30,38,0.14,0.15500000000000003,0.01,0.31622776601683794,0.002,0.001245357096195221,0.00029691118101461786,0.002969111810146179,0.015300659583792441,0.01940512298758202,3.881024597516404e-05,76.50329791896222,7.650329791896221
30,39,0.14,0.15500000000000003,0.01,1.0,0.002,0.006430692970752716,0.0016246763481173822,0.01624676348117382,0.08667093230704614,0.01874534292952678,3.749068585905356e-05,433.35466153523083,43.335466153523086
30,40,0.14,0.17000000000000004,0.01,0.01,0.002,0.0043715909123420715,0.0011735811831085482,0.011735811831085482,0.05828045435573832,0.02013678850108341,4.027357700216682e-05,291.40227177869167,29.140227177869164
30,41,0.14,0.17000000000000004,0.01,0.03162277660168379,0.002,0.0040948837995529175,0.0011021954874977072,0.01102195487497707,0.05483217875068829,0.020101252815599116,4.020250563119823e-05,274.1608937534414,27.41608937534415
30,42,0.14,0.17000000000000004,0.01,0.1,0.002,0.003223322331905365,0.0008776651199210273,0.008776651199210273,0.04390635875362719,0.01998947635001779,3.997895270003558e-05,219.53179376813594,21.953179376813594
30,43,0.14,0.17000000000000004,0.01,0.31622776601683794,0.002,0.000608399510383606,0.00020814434586981521,0.002081443458698152,0.010589768162757052,0.019655231603826224,3.9310463207652446e-05,52.94884081378527,5.294884081378528
30,44,0.14,0.17000000000000004,0.01,1.0,0.002,0.005078751593828201,0.0012526927868401559,0.01252692786840156,0.0661698486945907,0.018931474252298873,3.7862948504597745e-05,330.8492434729535,33.08492434729535
30,45,0.14,0.18500000000000005,0.01,0.01,0.002,0.006557390093803406,0.0017603719770865871,0.01760371977086587,0.0861680836835587,0.02042951289889803,4.085902579779606e-05,430.84041841779344,43.084041841779346
30,46,0.14,0.18500000000000005,0.01,0.03162277660168379,0.002,0.006256267428398132,0.001682686686668782,0.01682686686668782,0.08252171776731719,0.020390834463884754,4.078166892776951e-05,412.60858883658597,41.26085888365859
30,47,0.14,0.18500000000000005,0.01,0.1,0.002,0.005307801067829132,0.0014383283773024232,0.014383283773024232,0.07096137484217332,0.020269172919795304,4.053834583959061e-05,354.80687421086657,35.48068742108666
30,48,0.14,0.18500000000000005,0.01,0.31622776601683794,0.002,0.002462148666381836,0.000708034473728106,0.007080344737281059,0.03557002407309647,0.019905369540180615,3.981073908036123e-05,177.8501203654824,17.785012036548242
30,49,0.14,0.18500000000000005,0.01,1.0,0.002,0.0037268102169036865,0.0008815796741367626,0.008815796741367626,0.046113462432990256,0.019117620487028694,3.823524097405739e-05,230.5673121649513,23.05673121649513
30,50,0.14,0.2,0.01,0.01,0.002,0.008743181824684143,0.00234716242870205,0.023471624287020498,0.1132676140946881,0.020722273065096056,4.1444546130192113e-05,566.3380704734406,56.63380704734406
30,51,0.14,0.2,0.01,0.03162277660168379,0.002,0.008417651057243347,0.002263178212337785,0.022631782123377853,0.10943562895933469,0.020680451456798976,4.136090291359795e-05,547.1781447966735,54.71781447966735
30,52,0.14,0.2,0.01,0.1,0.002,0.007392279803752899,0.0019989990888200277,0.01998999088820028,0.0972800889033479,0.020548902775018252,4.10978055500365e-05,486.4004445167395,48.640044451673944
30,53,0.14,0.2,0.01,0.31622776601683794,0.002,0.004315897822380066,0.0012091825664965726,0.012091825664965725,0.05999258149927506,0.02015553483910646,4.031106967821292e-05,299.9629074963754,29.99629074963754
30,54,0.14,0.2,0.01,1.0,0.002,0.0023748651146888733,0.0005132283173048447,0.005132283173048448,0.026586932460024703,0.019303780835811697,3.8607561671623394e-05,132.9346623001235,13.29346623001235
31,32,0.14,0.14,0.03162277660168379,0.1,0.002,0.0007177591323852539,0.00018503221215151466,0.0018503221215151464,0.009537279557295476,0.019400942484691614,3.8801884969383226e-05,47.686397786477386,4.768639778647739
31,33,0.14,0.14,0.03162277660168379,0.31622776601683794,0.002,0.002871226519346237,0.0007385600556793281,0.007385600556793281,0.038615916182203704,0.019125793939331587,3.825158787866317e-05,193.0795809110185,19.307958091101852
31,34,0.14,0.14,0.03162277660168379,1.0,0.002,0.0075547583401203156,0.0019382279065206659,0.01938227906520666,0.10459959566304688,0.01852997513264199,3.7059950265283974e-05,522.9979783152345,52.299797831523456
31,35,0.14,0.15500000000000003,0.03162277660168379,0.01,0.002,0.0024136751890182495,0.0006455829660553833,0.006455829660553833,0.03258076323178202,0.019814850912566323,3.9629701825132647e-05,162.9038161589101,16.29038161589101
31,36,0.14,0.15500000000000003,0.03162277660168379,0.03162277660168379,0.002,0.002161383628845215,0.0005804917870241573,0.005804917870241573,0.029343765565723486,0.019782457221585458,3.9564914443170914e-05,146.71882782861744,14.671882782861744
31,37,0.14,0.15500000000000003,0.03162277660168379,0.1,0.002,0.0013667196035385132,0.00037578794290310367,0.003757879429031037,0.01909436905641307,0.019680563510261203,3.936112702052241e-05,95.47184528206535,9.547184528206534
31,38,0.14,0.15500000000000003,0.03162277660168379,0.31622776601683794,0.002,0.0010174810886383057,0.00023824985667628875,0.0023824985667628873,0.012296214314727995,0.019375870538538106,3.875174107707621e-05,61.48107157363999,6.148107157363999
31,39,0.14,0.15500000000000003,0.03162277660168379,1.0,0.002,0.006202816963195801,0.0015658676049456872,0.015658676049456872,0.08366424636483635,0.018716090480482866,3.743218096096573e-05,418.32123182418184,41.83212318241819
31,40,0.14,0.17000000000000004,0.03162277660168379,0.01,0.002,0.004599466919898987,0.0012323721970931693,0.012323721970931692,0.06128907062027474,0.020107536052039496,4.0215072104078994e-05,306.4453531013737,30.644535310137375
31,41,0.14,0.17000000000000004,0.03162277660168379,0.03162277660168379,0.002,0.004322759807109833,0.0011609831960269243,0.011609831960269242,0.05784093138825378,0.020072000366555202,4.0144000733110405e-05,289.2046569412689,28.920465694126893
31,42,0.14,0.17000000000000004,0.03162277660168379,0.1,0.002,0.0034511983394622803,0.0009364364528980103,0.009364364528980103,0.046915127683127875,0.019960223900973878,3.9920447801947755e-05,234.5756384156394,23.45756384156394
31,43,0.14,0.17000000000000004,0.03162277660168379,0.31622776601683794,0.002,0.0008362755179405212,0.0002662248168904061,0.002662248168904061,0.013564918967395034,0.01962597915478231,3.9251958309564624e-05,67.82459483697517,6.782459483697515
31,44,0.14,0.17000000000000004,0.03162277660168379,1.0,0.002,0.004850875586271286,0.0011939146879320897,0.011939146879320897,0.06316266417562076,0.01890222180325496,3.7804443606509916e-05,315.8133208781038,31.58133208781038
31,45,0.14,0.18500000000000005,0.03162277660168379,0.01,0.002,0.006785266101360321,0.00181916258111386,0.0181916258111386,0.0891734978377136,0.020400260449854116,4.080052089970823e-05,445.86748918856796,44.58674891885679
31,46,0.14,0.18500000000000005,0.03162277660168379,0.03162277660168379,0.002,0.006484143435955048,0.0017414748964629636,0.017414748964629637,0.08552748480907152,0.02036158201484084,4.072316402968168e-05,427.6374240453576,42.763742404535755
31,47,0.14,0.18500000000000005,0.03162277660168379,0.1,0.002,0.005535677075386047,0.001497106169028952,0.01497106169028952,0.0739679867414703,0.02023992047075139,4.0479840941502784e-05,369.83993370735146,36.98399337073514
31,48,0.14,0.18500000000000005,0.03162277660168379,0.31622776601683794,0.002,0.0026900246739387512,0.000766687163501601,0.00766687163501601,0.03857328672326485,0.0198761170911367,3.97522341822734e-05,192.8664336163243,19.28664336163243
31,49,0.14,0.18500000000000005,0.03162277660168379,1.0,0.002,0.0034989342093467712,0.0008229220606678778,0.008229220606678777,0.043111179490583434,0.01908836803798478,3.817673607596956e-05,215.55589745291715,21.555589745291716
31,50,0.14,0.2,0.03162277660168379,0.01,0.002,0.008971057832241058,0.002405952822485619,0.02405952822485619,0.11626880710780597,0.020693020616052143,4.1386041232104285e-05,581.3440355390298,58.134403553902985
31,51,0.14,0.2,0.03162277660168379,0.03162277660168379,0.002,0.008645527064800262,0.002321966666428334,0.02321966666428334,0.11243737787604367,0.020651199007755063,4.130239801551012e-05,562.1868893802184,56.218688938021835
31,52,0.14,0.2,0.03162277660168379,0.1,0.002,0.0076201558113098145,0.0020577796024362216,0.020577796024362216,0.10028336593199288,0.020519650325974338,4.1039300651948675e-05,501.41682965996443,50.141682965996445
31,53,0.14,0.2,0.03162277660168379,0.31622776601683794,0.002,0.004543773829936981,0.0012678973467416099,0.0126789734674161,0.0629970961436793,0.020126282390062547,4.025256478012509e-05,314.98548071839656,31.49854807183965
31,54,0.14,0.2,0.03162277660168379,1.0,0.002,0.002146989107131958,0.00045524305986186485,0.004552430598618648,0.02361889488172355,0.019274528386767784,3.8549056773535566e-05,118.09447440861774,11.809447440861774
32,33,0.14,0.14,0.1,0.31622776601683794,0.002,0.0021534673869609833,0.0005535280675481203,0.005535280675481203,0.029081351493711907,0.019033780726036974,3.806756145207395e-05,145.40675746855956,14.540675746855955
32,34,0.14,0.14,0.1,1.0,0.002,0.006836999207735062,0.001753196668325757,0.01753196668325757,0.09508625063847688,0.01843796191934738,3.6875923838694755e-05,475.4312531923845,47.54312531923844
32,35,0.14,0.15500000000000003,0.1,0.01,0.002,0.0031314343214035034,0.0008305585646079076,0.008305585646079076,0.042111514441888695,0.019722837699271717,3.9445675398543434e-05,210.55757220944346,21.055757220944347
32,36,0.14,0.15500000000000003,0.1,0.03162277660168379,0.002,0.0028791427612304688,0.0007654560247139967,0.007654560247139967,0.03887449284494012,0.01969044400829085,3.9380888016581695e-05,194.37246422470062,19.43724642247006
32,37,0.14,0.15500000000000003,0.1,0.1,0.002,0.002084478735923767,0.0005606767660627411,0.005606767660627411,0.028622677919639884,0.019588550296966593,3.917710059393319e-05,143.11338959819943,14.311338959819944
32,38,0.14,0.15500000000000003,0.1,0.31622776601683794,0.002,0.00029972195625305176,5.582860987492026e-05,0.0005582860987492026,0.002895095567930692,0.019283857325243497,3.8567714650486994e-05,14.47547783965346,1.4475477839653461
32,39,0.14,0.15500000000000003,0.1,1.0,0.002,0.005485057830810547,0.001380861259418067,0.013808612594180671,0.0741438751358091,0.01862407726718826,3.724815453437652e-05,370.7193756790455,37.07193756790455
32,40,0.14,0.17000000000000004,0.1,0.01,0.002,0.005317226052284241,0.0014173350485640241,0.014173350485640243,0.07081179242644761,0.020015522838744887,4.0031045677489775e-05,354.05896213223804,35.4058962132238
32,41,0.14,0.17000000000000004,0.1,0.03162277660168379,0.002,0.005040518939495087,0.0013459380887344303,0.013459380887344302,0.06736431201932894,0.01997998715326059,3.995997430652118e-05,336.8215600966447,33.682156009664475
32,42,0.14,0.17000000000000004,0.1,0.1,0.002,0.004168957471847534,0.001121353596307908,0.01121353596307908,0.05643958653021961,0.01986821068767927,3.9736421375358536e-05,282.19793265109803,28.219793265109804
32,43,0.14,0.17000000000000004,0.1,0.31622776601683794,0.002,0.0015540346503257751,0.00045017900724949727,0.004501790072494972,0.023045960487387423,0.0195339659414877,3.9067931882975405e-05,115.2298024369371,11.522980243693711
32,44,0.14,0.17000000000000004,0.1,1.0,0.002,0.004133116453886032,0.0010090263130987656,0.010090263130987655,0.05364248398804664,0.01881020858996035,3.76204171799207e-05,268.21241994023325,26.821241994023325
32,45,0.14,0.18500000000000005,0.1,0.01,0.002,0.007503025233745575,0.0020041200815997203,0.020041200815997206,0.09868503461942518,0.020308247236559503,4.0616494473119004e-05,493.425173097126,49.34251730971259
32,46,0.14,0.18500000000000005,0.1,0.03162277660168379,0.002,0.0072019025683403015,0.001926426077413363,0.01926426077413363,0.09504030876406255,0.02026956880154623,4.053913760309246e-05,475.20154382031274,47.52015438203127
32,47,0.14,0.18500000000000005,0.1,0.1,0.002,0.006253436207771301,0.0016820304210510228,0.01682030421051023,0.08348412564925323,0.020147907257456778,4.029581451491356e-05,417.4206282462662,41.742062824626615
32,48,0.14,0.18500000000000005,0.1,0.31622776601683794,0.002,0.003407783806324005,0.0009513286672439064,0.009513286672439064,0.04808550708780804,0.019784103877842088,3.9568207755684175e-05,240.42753543904024,24.042753543904023
32,49,0.14,0.18500000000000005,0.1,1.0,0.002,0.0027811750769615173,0.0006385670340731003,0.006385670340731004,0.033615240395653924,0.01899635482469017,3.799270964938034e-05,168.07620197826964,16.80762019782696
32,50,0.14,0.2,0.1,0.01,0.002,0.009688816964626312,0.0025909073807368504,0.025909073807368503,0.12576605260527438,0.020601007402757533,4.1202014805515066e-05,628.8302630263718,62.88302630263718
32,51,0.14,0.2,0.1,0.03162277660168379,0.002,0.009363286197185516,0.0025069158550796136,0.025069158550796136,0.12193653387553348,0.02055918579446045,4.11183715889209e-05,609.6826693776675,60.96826693776675
32,52,0.14,0.2,0.1,0.1,0.002,0.008337914943695068,0.002242707089583712,0.022427070895837117,0.1097878857555988,0.020427637112679725,4.085527422535945e-05,548.939428777994,54.89394287779941
32,53,0.14,0.2,0.1,0.31622776601683794,0.002,0.005261532962322235,0.0014526569682604316,0.014526569682604316,0.07250860789795897,0.02003426917676794,4.006853835353588e-05,362.5430394897948,36.25430394897948
32,54,0.14,0.2,0.1,1.0,0.002,0.001429229974746704,0.00027509767975053876,0.0027509767975053877,0.014341064102530294,0.01918251517347317,3.836503034694634e-05,71.70532051265147,7.170532051265147
33,34,0.14,0.14,0.31622776601683794,1.0,0.002,0.004683531820774078,0.0011996696643692295,0.011996696643692297,0.06605087216760086,0.018162813373987348,3.6325626747974695e-05,330.25436083800435,33.02543608380043
33,35,0.14,0.15500000000000003,0.31622776601683794,0.01,0.002,0.005284901708364487,0.0013839945428489762,0.013839945428489762,0.07116498684732428,0.019447689153911686,3.8895378307823374e-05,355.8249342366214,35.582493423662136
33,36,0.14,0.15500000000000003,0.31622776601683794,0.03162277660168379,0.002,0.005032610148191452,0.001318880939004791,0.013188809390047912,0.06792999578723387,0.019415295462930818,3.8830590925861635e-05,339.6499789361693,33.964997893616925
33,37,0.14,0.15500000000000003,0.31622776601683794,0.1,0.002,0.00423794612288475,0.001114044170564568,0.011140441705645678,0.05768244169994016,0.019313401751606563,3.862680350321313e-05,288.4122084997008,28.84122084997008
33,38,0.14,0.15500000000000003,0.31622776601683794,0.31622776601683794,0.002,0.0018537454307079315,0.0005014082208228228,0.005014082208228228,0.02637781590685702,0.01900870877988347,3.801741755976694e-05,131.88907953428506,13.188907953428506
33,39,0.14,0.15500000000000003,0.31622776601683794,1.0,0.002,0.0033315904438495636,0.000827452233841185,0.00827452233841185,0.04509539746899951,0.01834892872182823,3.669785744365646e-05,225.4769873449975,22.54769873449975
33,40,0.14,0.17000000000000004,0.31622776601683794,0.01,0.002,0.007470693439245224,0.001970715109864544,0.01970715109864544,0.09983169926645948,0.019740374293384856,3.9480748586769715e-05,499.15849633229726,49.915849633229726
33,41,0.14,0.17000000000000004,0.31622776601683794,0.03162277660168379,0.002,0.00719398632645607,0.0018993058937502813,0.018993058937502815,0.09638779243737444,0.019704838607900562,3.9409677215801125e-05,481.9389621868721,48.19389621868721
33,42,0.14,0.17000000000000004,0.31622776601683794,0.1,0.002,0.0063224248588085175,0.0016746679039181791,0.01674667903918179,0.08547249489404968,0.01959306214231924,3.918612428463848e-05,427.3624744702483,42.73624744702483
33,43,0.14,0.17000000000000004,0.31622776601683794,0.31622776601683794,0.002,0.0037075020372867584,0.0010028168910410735,0.010028168910410735,0.052070533221977994,0.01925881739612767,3.851763479225534e-05,260.35266610989,26.035266610988998
33,44,0.14,0.17000000000000004,0.31622776601683794,1.0,0.002,0.001979649066925049,0.0004565350194054316,0.004565350194054316,0.02463088969266277,0.018535060044600322,3.7070120089200644e-05,123.15444846331386,12.315444846331385
33,45,0.14,0.18500000000000005,0.31622776601683794,0.01,0.002,0.009656492620706558,0.0025574681233597467,0.025574681233597466,0.1276621336909422,0.020033098691199475,4.006619738239895e-05,638.3106684547109,63.8310668454711
33,46,0.14,0.18500000000000005,0.31622776601683794,0.03162277660168379,0.002,0.009355369955301285,0.002479762255689175,0.02479762255689175,0.12402271353288903,0.019994420256186203,3.998884051237241e-05,620.1135676644451,62.011356766444514
33,47,0.14,0.18500000000000005,0.31622776601683794,0.1,0.002,0.008406903594732285,0.0022353182673794866,0.022353182673794863,0.11248152809397446,0.01987275871209675,3.9745517424193504e-05,562.4076404698723,56.24076404698723
33,48,0.14,0.18500000000000005,0.31622776601683794,0.31622776601683794,0.002,0.005561251193284988,0.0015042252840050147,0.015042252840050147,0.07710434815033415,0.01950895533248206,3.901791066496412e-05,385.52174075167073,38.55217407516707
33,49,0.14,0.18500000000000005,0.31622776601683794,1.0,0.002,0.0006277076900005341,0.00010221846102781417,0.0010221846102781418,0.005460036041623683,0.01872120627933014,3.744241255866028e-05,27.300180208118416,2.7300180208118414
33,50,0.14,0.2,0.31622776601683794,0.01,0.002,0.011842284351587296,0.0031442348927109604,0.0314423489271096,0.15469136703006428,0.020325858857397502,4.0651717714795006e-05,773.4568351503214,77.34568351503215
33,51,0.14,0.2,0.31622776601683794,0.03162277660168379,0.002,0.0115167535841465,0.0030602320951038774,0.030602320951038774,0.15086898419295675,0.020284037249100422,4.0568074498200843e-05,754.3449209647838,75.43449209647838
33,52,0.14,0.2,0.31622776601683794,0.1,0.002,0.010491382330656052,0.002795979087457134,0.02795979087457134,0.13874113254634154,0.020152488567319698,4.0304977134639395e-05,693.7056627317075,69.37056627317075
33,53,0.14,0.2,0.31622776601683794,0.31622776601683794,0.002,0.007415000349283218,0.0020056337368733533,0.02005633736873353,0.10150420022666992,0.01975912063140791,3.951824126281582e-05,507.5210011333496,50.75210011333497
33,54,0.14,0.2,0.31622776601683794,1.0,0.002,0.0007242374122142792,0.0003012477625877378,0.0030124776258773777,0.015932824941354656,0.018907366628113143,3.781473325622629e-05,79.66412470677328,7.966412470677328
34,35,0.14,0.15500000000000003,1.0,0.01,0.002,0.009968433529138565,0.0025835768695199176,0.025835768695199178,0.1370461827889995,0.01885187034722209,3.770374069444418e-05,685.2309139449974,68.52309139449973
34,36,0.14,0.15500000000000003,1.0,0.03162277660168379,0.002,0.00971614196896553,0.002518459151124207,0.025184591511242072,0.13382195462321714,0.018819476656241223,3.763895331248244e-05,669.1097731160858,66.91097731160858
34,37,0.14,0.15500000000000003,1.0,0.1,0.002,0.008921477943658829,0.002313604622212779,0.02313604622212779,0.12360595003219002,0.018717582944916968,3.743516588983394e-05,618.0297501609501,61.80297501609501
34,38,0.14,0.15500000000000003,1.0,0.31622776601683794,0.002,0.00653727725148201,0.001700790242323742,0.01700790242323742,0.09236954355344607,0.01841288997319387,3.682577994638774e-05,461.8477177672304,46.184771776723046
34,39,0.14,0.15500000000000003,1.0,1.0,0.002,0.0013519413769245148,0.00037301286880290303,0.00373012868802903,0.02101112822406531,0.017753109915138635,3.550621983027727e-05,105.05564112032654,10.505564112032655
34,40,0.14,0.17000000000000004,1.0,0.01,0.002,0.012154225260019302,0.0031702048672342196,0.03170204867234219,0.16559302562221362,0.01914455548669526,3.8289110973390523e-05,827.9651281110682,82.79651281110684
34,41,0.14,0.17000000000000004,1.0,0.03162277660168379,0.002,0.011877518147230148,0.0030987876014669105,0.030987876014669104,0.1621636082699823,0.019109019801210964,3.821803960242193e-05,810.8180413499117,81.08180413499117
34,42,0.14,0.17000000000000004,1.0,0.1,0.002,0.011005956679582596,0.0028741174928354567,0.028741174928354565,0.15129129221843474,0.018997243335629643,3.7994486671259284e-05,756.4564610921738,75.64564610921738
34,43,0.14,0.17000000000000004,1.0,0.31622776601683794,0.002,0.008391033858060837,0.002202042239477728,0.02202042239477728,0.11798973401433609,0.018662998589438075,3.7325997178876153e-05,589.9486700716805,58.99486700716804
34,44,0.14,0.17000000000000004,1.0,1.0,0.002,0.0027038827538490295,0.0007460258431136124,0.007460258431136125,0.04158625402377931,0.017939241237910724,3.5878482475821445e-05,207.93127011889655,20.793127011889652
34,45,0.14,0.18500000000000005,1.0,0.01,0.002,0.014340024441480637,0.0037568839960689334,0.03756883996068933,0.19328239436748046,0.019437279884509877,3.887455976901975e-05,966.4119718374023,96.64119718374025
34,46,0.14,0.18500000000000005,1.0,0.03162277660168379,0.002,0.014038901776075363,0.0036791677675378684,0.036791677675378685,0.1896614958102221,0.019398601449496605,3.879720289899321e-05,948.3074790511105,94.83074790511105
34,47,0.14,0.18500000000000005,1.0,0.1,0.002,0.013090435415506363,0.0034346838810839354,0.03434683881083936,0.1781757840164513,0.019276939905407152,3.8553879810814306e-05,890.8789200822564,89.08789200822564
34,48,0.14,0.18500000000000005,1.0,0.31622776601683794,0.002,0.010244783014059067,0.0027033520658989022,0.027033520658989025,0.14293515315200375,0.018913136525792462,3.782627305158492e-05,714.675765760019,71.46757657600189
34,49,0.14,0.18500000000000005,1.0,1.0,0.002,0.004055824130773544,0.0011190387156822152,0.011190387156822152,0.061738747233478664,0.018125387472640545,3.625077494528109e-05,308.6937361673933,30.86937361673933
34,50,0.14,0.2,1.0,0.01,0.002,0.016525816172361374,0.004343592944687417,0.04343592944687417,0.2201512482247379,0.019730040050707907,3.9460080101415814e-05,1100.7562411236895,110.07562411236896
34,51,0.14,0.2,1.0,0.03162277660168379,0.002,0.016200285404920578,0.0042595784032711,0.042595784032711,0.21635164277207775,0.019688218442410824,3.9376436884821645e-05,1081.7582138603889,108.17582138603889
34,52,0.14,0.2,1.0,0.1,0.002,0.01517491415143013,0.0039952811075531745,0.03995281107553174,0.20429250769454363,0.0195566697606301,3.91133395212602e-05,1021.4625384727184,102.14625384727185
34,53,0.14,0.2,1.0,0.31622776601683794,0.002,0.012098532170057297,0.0032046927883598014,0.03204692788359802,0.16723072138988804,0.019163301824718315,3.832660364943663e-05,836.1536069494402,83.61536069494402
34,54,0.14,0.2,1.0,1.0,0.002,0.0054077692329883575,0.0014920516564355872,0.014920516564355873,0.08148146027775792,0.018311547821423545,3.662309564284709e-05,407.4073013887897,40.740730138878966
35,36,0.15500000000000003,0.15500000000000003,0.01,0.03162277660168379,0.002,0.00025229156017303467,6.511827985466887e-05,0.0006511827985466887,0.003239014042428351,0.02010435243616556,4.020870487233112e-05,16.19507021214175,1.6195070212141751
35,37,0.15500000000000003,0.15500000000000003,0.01,0.1,0.002,0.0010469555854797363,0.0002699754427147939,0.0026997544271479394,0.013497112851407015,0.020002458724841306,4.000491744968261e-05,67.48556425703508,6.748556425703507
35,38,0.15500000000000003,0.15500000000000003,0.01,0.31622776601683794,0.002,0.003431156277656555,0.0008828099517135161,0.00882809951713516,0.04481777084661315,0.019697765753118206,3.9395531506236414e-05,224.08885423306572,22.408885423306575
35,39,0.15500000000000003,0.15500000000000003,0.01,1.0,0.002,0.00861649215221405,0.0022110131775344216,0.022110131775344218,0.11613692818919352,0.01903798569506297,3.807597139012594e-05,580.6846409459677,58.068464094596756
35,40,0.15500000000000003,0.17000000000000004,0.01,0.01,0.002,0.0021857917308807373,0.000586790386731865,0.00586790386731865,0.028722796003168405,0.0204294312666196,4.08588625332392e-05,143.613980015842,14.361398001584199
35,41,0.15500000000000003,0.17000000000000004,0.01,0.03162277660168379,0.002,0.0019090846180915833,0.0005154070783752134,0.005154070783752134,0.025272615343386068,0.020393895581135302,4.0787791162270606e-05,126.36307671693034,12.636307671693034
35,42,0.15500000000000003,0.17000000000000004,0.01,0.1,0.002,0.0010375231504440308,0.00029096883291355167,0.0029096883291355167,0.014346076524637564,0.020282119115553977,4.056423823110796e-05,71.73038262318781,7.173038262318781
35,43,0.15500000000000003,0.17000000000000004,0.01,0.31622776601683794,0.002,0.0015773996710777283,0.0003822119341788174,0.003822119341788174,0.01916053445603457,0.019947874369362413,3.9895748738724826e-05,95.80267228017286,9.580267228017286
35,44,0.15500000000000003,0.17000000000000004,0.01,1.0,0.002,0.0072645507752895355,0.0018386315449277519,0.018386315449277518,0.09564192431943544,0.01922411701783506,3.844823403567012e-05,478.20962159717726,47.82096215971772
35,45,0.15500000000000003,0.18500000000000005,0.01,0.01,0.002,0.0043715909123420715,0.0011735811807096477,0.011735811807096477,0.05663412628078482,0.020722155664434215,4.144431132886843e-05,283.17063140392406,28.317063140392406
35,46,0.15500000000000003,0.18500000000000005,0.01,0.03162277660168379,0.002,0.004070468246936798,0.0010958967612322821,0.010958967612322821,0.052984164561722634,0.02068347722942094,4.136695445884188e-05,264.9208228086132,26.492082280861318
35,47,0.15500000000000003,0.18500000000000005,0.01,0.1,0.002,0.003122001886367798,0.000851560913441773,0.008515609134417729,0.041414674971980446,0.02056181568533149,4.112363137066298e-05,207.0733748599022,20.707337485990223
35,48,0.15500000000000003,0.18500000000000005,0.01,0.31622776601683794,0.002,0.0002785921096801758,0.00012505906181054592,0.0012505906181054594,0.006191651926816061,0.0201980123057168,4.03960246114336e-05,30.958259634080303,3.09582596340803
35,49,0.15500000000000003,0.18500000000000005,0.01,1.0,0.002,0.005912609398365021,0.0014665709270886243,0.014665709270886243,0.07555646762775518,0.019410263252564883,3.882052650512977e-05,377.7823381387758,37.778233813877584
35,50,0.15500000000000003,0.2,0.01,0.01,0.002,0.006557382643222809,0.0017603716323251473,0.017603716323251473,0.08376772224607981,0.021014915830632246,4.2029831661264494e-05,418.83861123039895,41.8838611230399
35,51,0.15500000000000003,0.2,0.01,0.03162277660168379,0.002,0.006231851875782013,0.0016763879106317533,0.016763879106317534,0.07993040477768391,0.020973094222335162,4.1946188444670324e-05,399.6520238884196,39.96520238884195
35,52,0.15500000000000003,0.2,0.01,0.1,0.002,0.005206480622291565,0.0014122201237766903,0.014122201237766904,0.06775985595831786,0.020841545540554438,4.1683091081108876e-05,338.79927979158924,33.87992797915892
35,53,0.15500000000000003,0.2,0.01,0.31622776601683794,0.002,0.0021300986409187317,0.0006229080371436635,0.006229080371436635,0.03046276539588719,0.02044817760464265,4.08963552092853e-05,152.31382697943593,15.231382697943594
35,54,0.15500000000000003,0.2,0.01,1.0,0.002,0.0045606642961502075,0.0010951582554004978,0.010951582554004977,0.05588561860467083,0.019596423601347883,3.919284720269577e-05,279.4280930233541,27.942809302335412
36,37,0.15500000000000003,0.15500000000000003,0.03162277660168379,0.1,0.002,0.0007946640253067017,0.00020485717626289853,0.0020485717626289855,0.010258212775749651,0.019970065033860437,3.9940130067720876e-05,51.29106387874826,5.129106387874826
36,38,0.15500000000000003,0.15500000000000003,0.03162277660168379,0.31622776601683794,0.002,0.0031788647174835205,0.0008176918027710845,0.008176918027710844,0.041580286413468094,0.01966537206213734,3.933074412427468e-05,207.9014320673405,20.79014320673405
36,39,0.15500000000000003,0.15500000000000003,0.03162277660168379,1.0,0.002,0.008364200592041016,0.0021458953585953107,0.021458953585953105,0.11290863016181794,0.019005592004082104,3.801118400816421e-05,564.5431508090898,56.45431508090898
36,40,0.15500000000000003,0.17000000000000004,0.03162277660168379,0.01,0.002,0.002438083291053772,0.0006518821153969779,0.006518821153969779,0.031959646736914156,0.02039703757563873,4.079407515127746e-05,159.7982336845708,15.97982336845708
36,41,0.15500000000000003,0.17000000000000004,0.03162277660168379,0.03162277660168379,0.002,0.002161376178264618,0.0005804914090034516,0.005804914090034515,0.02850926283017174,0.020361501890154433,4.0723003780308866e-05,142.54631415085873,14.254631415085875
36,42,0.15500000000000003,0.17000000000000004,0.03162277660168379,0.1,0.002,0.0012898147106170654,0.00035598724556191975,0.0035598724556191973,0.017579855434974343,0.020249725424573112,4.0499450849146224e-05,87.89927717487171,8.78992771748717
36,43,0.15500000000000003,0.17000000000000004,0.03162277660168379,0.31622776601683794,0.002,0.0013251081109046936,0.00031719541845621005,0.0031719541845621002,0.015927078215115784,0.019915480678381545,3.983096135676309e-05,79.63539107557891,7.963539107557892
36,44,0.15500000000000003,0.17000000000000004,0.03162277660168379,1.0,0.002,0.007012259215116501,0.0017735202713817628,0.017735202713817625,0.09241068356274958,0.019191723326854194,3.8383446653708385e-05,462.0534178137479,46.2053417813748
36,45,0.15500000000000003,0.18500000000000005,0.03162277660168379,0.01,0.002,0.004623882472515106,0.0012386715141179555,0.012386715141179555,0.05986881413654117,0.020689761973453347,4.137952394690669e-05,299.3440706827058,29.93440706827058
36,46,0.15500000000000003,0.18500000000000005,0.03162277660168379,0.03162277660168379,0.002,0.004322759807109833,0.0011609831094391875,0.011609831094391876,0.05621899244551141,0.020651083538440074,4.130216707688015e-05,281.09496222755706,28.109496222755705
36,47,0.15500000000000003,0.18500000000000005,0.03162277660168379,0.1,0.002,0.0033742934465408325,0.0009166266308549082,0.009166266308549081,0.044649412492331716,0.020529421994350622,4.1058843988701246e-05,223.24706246165857,22.324706246165857
36,48,0.15500000000000003,0.18500000000000005,0.03162277660168379,0.31622776601683794,0.002,0.0005286410450935364,0.00018822114727190105,0.0018822114727190106,0.00933376510127784,0.020165618614735932,4.033123722947186e-05,46.66882550638921,4.666882550638921
36,49,0.15500000000000003,0.18500000000000005,0.03162277660168379,1.0,0.002,0.005660317838191986,0.0014014845852106802,0.014014845852106803,0.07232397662481314,0.019377869561584014,3.875573912316803e-05,361.6198831240657,36.161988312406564
36,50,0.15500000000000003,0.2,0.03162277660168379,0.01,0.002,0.0068096742033958435,0.0018254614671066485,0.018254614671066483,0.08699914409512345,0.020982522139651377,4.1965044279302754e-05,434.99572047561725,43.499572047561735
36,51,0.15500000000000003,0.2,0.03162277660168379,0.03162277660168379,0.002,0.006484143435955048,0.0017414748794045026,0.017414748794045025,0.08316220733862319,0.020940700531354293,4.1881401062708585e-05,415.81103669311597,41.581103669311595
36,52,0.15500000000000003,0.2,0.03162277660168379,0.1,0.002,0.0054587721824646,0.001477294277682761,0.01477294277682761,0.07099252715160682,0.02080915184957357,4.1618303699147136e-05,354.96263575803414,35.49626357580341
36,53,0.15500000000000003,0.2,0.03162277660168379,0.31622776601683794,0.002,0.0023823902010917664,0.0006877952609320015,0.006877952609320015,0.033689387771769295,0.020415783913661785,4.083156782732357e-05,168.44693885884647,16.844693885884645
36,54,0.15500000000000003,0.2,0.03162277660168379,1.0,0.002,0.004308372735977173,0.0010301557827643688,0.010301557827643687,0.05265560252586239,0.019564029910367015,3.912805982073403e-05,263.27801262931195,26.327801262931196
37,38,0.15500000000000003,0.15500000000000003,0.1,0.31622776601683794,0.002,0.002384200692176819,0.0006128348746111766,0.006128348746111766,0.03132545570996102,0.019563478350813086,3.9126956701626175e-05,156.62727854980508,15.66272785498051
37,39,0.15500000000000003,0.15500000000000003,0.1,1.0,0.002,0.007569536566734314,0.0019410392605557106,0.019410392605557106,0.10268039779810376,0.01890369829275785,3.78073965855157e-05,513.4019889905187,51.34019889905187
37,40,0.15500000000000003,0.17000000000000004,0.1,0.01,0.002,0.0032327473163604736,0.000856679080747434,0.00856679080747434,0.042211037599677086,0.020295143864314476,4.059028772862895e-05,211.05518799838543,21.105518799838542
37,41,0.15500000000000003,0.17000000000000004,0.1,0.03162277660168379,0.002,0.0029560402035713196,0.0007852752239329454,0.007852752239329455,0.03876063233806768,0.020259608178830178,4.051921635766036e-05,193.80316169033838,19.380316169033836
37,42,0.15500000000000003,0.17000000000000004,0.1,0.1,0.002,0.002084478735923767,0.0005606768302456061,0.00560676830245606,0.02782814737711527,0.020147831713248857,4.029566342649772e-05,139.14073688557633,13.914073688557634
37,43,0.15500000000000003,0.17000000000000004,0.1,0.31622776601683794,0.002,0.0005304440855979919,0.0001133977067377366,0.001133977067377366,0.005723229565967803,0.01981358696705729,3.962717393411458e-05,28.61614782983901,2.861614782983901
37,44,0.15500000000000003,0.17000000000000004,0.1,1.0,0.002,0.006217595189809799,0.0015686865149927667,0.015686865149927665,0.08217394008150865,0.01908982961552994,3.817965923105988e-05,410.86970040754323,41.08697004075433
37,45,0.15500000000000003,0.18500000000000005,0.1,0.01,0.002,0.005418546497821808,0.0014434536534544324,0.014434536534544325,0.07011185592777626,0.02058786826212909,4.1175736524258186e-05,350.5592796388813,35.05592796388813
37,46,0.15500000000000003,0.18500000000000005,0.1,0.03162277660168379,0.002,0.005117423832416534,0.0013657559247009941,0.01365755924700994,0.06646276258048878,0.02054918982711582,4.109837965423164e-05,332.3138129024439,33.23138129024439
37,47,0.15500000000000003,0.18500000000000005,0.1,0.1,0.002,0.004168957471847534,0.0011213536549886827,0.011213536549886828,0.05489424072517072,0.020427528283026367,4.085505656605273e-05,274.47120362585366,27.447120362585363
37,48,0.15500000000000003,0.18500000000000005,0.1,0.31622776601683794,0.002,0.001323305070400238,0.00039111711501464415,0.003911171150146441,0.019493743903363513,0.020063724903411677,4.012744980682336e-05,97.46871951681757,9.746871951681758
37,49,0.15500000000000003,0.18500000000000005,0.1,1.0,0.002,0.004865653812885284,0.0011967451441445272,0.011967451441445271,0.06208480200645199,0.01927597585025976,3.8551951700519516e-05,310.42401003225996,31.042401003225997
37,50,0.15500000000000003,0.2,0.1,0.01,0.002,0.007604338228702545,0.0020302372589924896,0.020302372589924896,0.09723065883583393,0.020880628428327122,4.176125685665425e-05,486.1532941791696,48.61532941791696
37,51,0.15500000000000003,0.2,0.1,0.03162277660168379,0.002,0.007278807461261749,0.001946243257244865,0.019462432572448653,0.09339513888934162,0.02083880682003004,4.167761364006008e-05,466.9756944467082,46.69756944467081
37,52,0.15500000000000003,0.2,0.1,0.1,0.002,0.006253436207771301,0.0016820303235213102,0.0168203032352131,0.08122902183821024,0.020707258138249314,4.141451627649863e-05,406.1451091910511,40.614510919105115
37,53,0.15500000000000003,0.2,0.1,0.31622776601683794,0.002,0.003177054226398468,0.0008921362168239678,0.00892136216823968,0.04391754646391214,0.02031389020233753,4.062778040467506e-05,219.58773231956067,21.958773231956062
37,54,0.15500000000000003,0.2,0.1,1.0,0.002,0.003513708710670471,0.000825770873641127,0.00825770873641127,0.04242961128191787,0.01946213619904276,3.892427239808552e-05,212.14805640958937,21.214805640958936
38,39,0.15500000000000003,0.15500000000000003,0.31622776601683794,1.0,0.002,0.005185335874557495,0.001328205562798638,0.013282055627986379,0.07141272018974526,0.01859900532103475,3.71980106420695e-05,357.06360094872633,35.706360094872636
38,40,0.15500000000000003,0.17000000000000004,0.31622776601683794,0.01,0.002,0.0056169480085372925,0.0014694203730516906,0.014694203730516907,0.073506114541732,0.01999045089259138,3.998090178518276e-05,367.53057270866,36.753057270865995
38,41,0.15500000000000003,0.17000000000000004,0.31622776601683794,0.03162277660168379,0.002,0.005340240895748138,0.001398004693285609,0.01398004693285609,0.07005816255173562,0.019954915207107085,3.990983041421417e-05,350.29081275867804,35.0290812758678
38,42,0.15500000000000003,0.17000000000000004,0.31622776601683794,0.1,0.002,0.004468679428100586,0.0011733428103276988,0.011733428103276988,0.05913090794815856,0.01984313874152576,3.968627748305152e-05,295.6545397407928,29.565453974079283
38,43,0.15500000000000003,0.17000000000000004,0.31622776601683794,0.31622776601683794,0.002,0.001853756606578827,0.0005014086702194063,0.005014086702194063,0.025701542606122355,0.019508893995334193,3.9017787990668385e-05,128.50771303061177,12.850771303061176
38,44,0.15500000000000003,0.17000000000000004,0.31622776601683794,1.0,0.002,0.0038333944976329803,0.0009559548166293714,0.009559548166293714,0.05088889342439435,0.018785136643806842,3.7570273287613684e-05,254.44446712197177,25.444446712197177
38,45,0.15500000000000003,0.18500000000000005,0.31622776601683794,0.01,0.002,0.007802747189998627,0.002056133909885633,0.02056133909885633,0.10137140168867892,0.020283175290406,4.0566350580812e-05,506.8570084433946,50.68570084433945
38,46,0.15500000000000003,0.18500000000000005,0.31622776601683794,0.03162277660168379,0.002,0.007501624524593353,0.001978422626920744,0.01978422626920744,0.09772644097073384,0.020244496855392723,4.048899371078545e-05,488.63220485366924,48.86322048536693
38,47,0.15500000000000003,0.18500000000000005,0.31622776601683794,0.1,0.002,0.006553158164024353,0.0017339599525185594,0.017339599525185597,0.08616876924617928,0.020122835311303273,4.0245670622606544e-05,430.84384623089636,43.084384623089626
38,48,0.15500000000000003,0.18500000000000005,0.31622776601683794,0.31622776601683794,0.002,0.003707505762577057,0.00100281706318289,0.0100281706318289,0.05075233779923298,0.019759031931688584,3.951806386337717e-05,253.76168899616488,25.376168899616488
38,49,0.15500000000000003,0.18500000000000005,0.31622776601683794,1.0,0.002,0.0024814531207084656,0.0005846765533771235,0.005846765533771235,0.030819030906897856,0.018971282878536663,3.794256575707333e-05,154.09515453448927,15.409515453448927
38,50,0.15500000000000003,0.2,0.31622776601683794,0.01,0.002,0.009988538920879364,0.0026428814048664916,0.026428814048664918,0.12844526123444053,0.020575935456604025,4.115187091320805e-05,642.2263061722027,64.22263061722026
38,51,0.15500000000000003,0.2,0.31622776601683794,0.03162277660168379,0.002,0.009663008153438568,0.002558874099055794,0.02558874099055794,0.12461575493148322,0.020534113848306945,4.106822769661389e-05,623.078774657416,62.307877465741605
38,52,0.15500000000000003,0.2,0.31622776601683794,0.1,0.002,0.00863763689994812,0.0022946061041568167,0.02294606104156817,0.11246654944749289,0.02040256516652622,4.080513033305244e-05,562.3327472374643,56.23327472374643
38,53,0.15500000000000003,0.2,0.31622776601683794,0.31622776601683794,0.002,0.005561254918575287,0.0015042255160512114,0.015042255160512115,0.07517670492795779,0.02000919723061443,4.001839446122886e-05,375.883524639789,37.5883524639789
38,54,0.15500000000000003,0.2,0.31622776601683794,1.0,0.002,0.0011295080184936523,0.00021936469950669524,0.0021936469950669525,0.011450625060126396,0.019157443227319666,3.8314886454639334e-05,57.25312530063197,5.725312530063197
39,40,0.15500000000000003,0.17000000000000004,1.0,0.01,0.002,0.010802283883094788,0.0027975399652608673,0.02797539965260867,0.14472027324901665,0.019330670834536143,3.866134166907229e-05,723.6013662450831,72.36013662450831
39,41,0.15500000000000003,0.17000000000000004,1.0,0.03162277660168379,0.002,0.010525576770305634,0.002726120269538903,0.027261202695389033,0.14128536796866456,0.019295135149051845,3.859027029810369e-05,706.4268398433228,70.64268398433228
39,42,0.15500000000000003,0.17000000000000004,1.0,0.1,0.002,0.009654015302658081,0.002501440820659642,0.02501440820659642,0.13039639522640142,0.01918335868347052,3.836671736694104e-05,651.9819761320072,65.19819761320072
39,43,0.15500000000000003,0.17000000000000004,1.0,0.31622776601683794,0.002,0.007039092481136322,0.0018293181614092914,0.018293181614092914,0.09705061826759642,0.018849113937278957,3.769822787455791e-05,485.25309133798214,48.52530913379822
39,44,0.15500000000000003,0.17000000000000004,1.0,1.0,0.002,0.0013519413769245148,0.0003730129743112048,0.003730129743112048,0.020579621291667793,0.018125356585751602,3.62507131715032e-05,102.89810645833899,10.289810645833898
39,45,0.15500000000000003,0.18500000000000005,1.0,0.01,0.002,0.012988083064556122,0.0033841585574990174,0.033841585574990174,0.1724553023281087,0.01962339523235076,3.924679046470152e-05,862.2765116405436,86.22765116405436
39,46,0.15500000000000003,0.18500000000000005,1.0,0.03162277660168379,0.002,0.012686960399150848,0.00330643903723289,0.0330643903723289,0.16882751338443636,0.019584716797337483,3.9169433594674966e-05,844.137566922182,84.41375669221819
39,47,0.15500000000000003,0.18500000000000005,1.0,0.1,0.002,0.011738494038581848,0.0030619431637556875,0.030619431637556874,0.15732078668608332,0.019463055253248034,3.892611050649607e-05,786.6039334304165,78.66039334304166
39,48,0.15500000000000003,0.18500000000000005,1.0,0.31622776601683794,0.002,0.008892841637134552,0.0023305578411166946,0.023305578411166945,0.12202351466624965,0.019099251873633344,3.819850374726669e-05,610.1175733312483,61.01175733312483
39,49,0.15500000000000003,0.18500000000000005,1.0,1.0,0.002,0.0027038827538490295,0.0007460258468796922,0.007460258468796922,0.040740831279301774,0.018311502820481426,3.6623005640962854e-05,203.70415639650884,20.370415639650883
39,50,0.15500000000000003,0.2,1.0,0.01,0.002,0.015173874795436859,0.003970827687909003,0.039708276879090024,0.19937721957111967,0.01991615539854879,3.983231079709758e-05,996.8860978555983,99.68860978555985
39,51,0.15500000000000003,0.2,1.0,0.03162277660168379,0.002,0.014848344027996063,0.003886809525859028,0.03886809525859028,0.19556929891987093,0.019874333790251705,3.974866758050341e-05,977.8464945993549,97.7846494599355
39,52,0.15500000000000003,0.2,1.0,0.1,0.002,0.013822972774505615,0.0036224993553417495,0.036224993553417496,0.18348471785713022,0.01974278510847098,3.948557021694196e-05,917.423589285651,91.7423589285651
39,53,0.15500000000000003,0.2,1.0,0.31622776601683794,0.002,0.010746590793132782,0.0028318573103032485,0.028318573103032485,0.14635362321503462,0.019349417172559193,3.8698834345118386e-05,731.7681160751731,73.17681160751731
39,54,0.15500000000000003,0.2,1.0,1.0,0.002,0.004055827856063843,0.001119038787633104,0.01119038787633104,0.06049622470650726,0.018497663169264426,3.699532633852885e-05,302.4811235325363,30.24811235325363
40,41,0.17000000000000004,0.17000000000000004,0.01,0.03162277660168379,0.002,0.00027670711278915405,7.142015228215798e-05,0.0007142015228215799,0.0034524870613831075,0.020686580720608472,4.137316144121695e-05,17.262435306915535,1.7262435306915536
40,42,0.17000000000000004,0.17000000000000004,0.01,0.1,0.002,0.0011482685804367065,0.0002961018261057935,0.002961018261057935,0.014391477189069508,0.02057480425502715,4.1149608510054305e-05,71.95738594534754,7.195738594534753
40,43,0.17000000000000004,0.17000000000000004,0.01,0.31622776601683794,0.002,0.0037631914019584656,0.0009682427002096474,0.009682427002096474,0.04783675568785447,0.020240559508835583,4.048111901767117e-05,239.18377843927234,23.918377843927235
40,44,0.17000000000000004,0.17000000000000004,0.01,1.0,0.002,0.009450342506170273,0.002424981969177687,0.02424981969177687,0.1242509889495207,0.019516802157308232,3.9033604314616466e-05,621.2549447476035,62.12549447476035
40,45,0.17000000000000004,0.18500000000000005,0.01,0.01,0.002,0.0021857991814613342,0.0005867907939785648,0.005867907939785648,0.02792268566076694,0.021014840803907385,4.202968160781477e-05,139.6134283038347,13.96134283038347
40,46,0.17000000000000004,0.18500000000000005,0.01,0.03162277660168379,0.002,0.0018846765160560608,0.0005091092520309476,0.005091092520309476,0.024270848169344546,0.020976162368894113,4.195232473778823e-05,121.35424084672272,12.135424084672273
40,47,0.17000000000000004,0.18500000000000005,0.01,0.1,0.002,0.0009362101554870605,0.00026489723918384807,0.002648972391838481,0.012702161581771128,0.02085450082480466,4.170900164960932e-05,63.51080790885565,6.351080790885565
40,48,0.17000000000000004,0.18500000000000005,0.01,0.31622776601683794,0.002,0.0019094422459602356,0.00046756090658870765,0.004675609065887076,0.022818203618465108,0.02049069744518997,4.0981394890379944e-05,114.09101809232556,11.409101809232556
40,49,0.17000000000000004,0.18500000000000005,0.01,1.0,0.002,0.008098401129245758,0.002052589340728721,0.020525893407287207,0.1041767607511052,0.019702948392038053,3.940589678407611e-05,520.8838037555258,52.08838037555259
40,50,0.17000000000000004,0.2,0.01,0.01,0.002,0.0043715909123420715,0.00117358124559386,0.011735812455938601,0.05507805628800706,0.021307600970105416,4.2615201940210835e-05,275.3902814400353,27.53902814400353
40,51,0.17000000000000004,0.2,0.01,0.03162277660168379,0.002,0.004046060144901276,0.0010895985508272523,0.010895985508272523,0.05123717933348286,0.021265779361808332,4.2531558723616665e-05,256.18589666741434,25.618589666741432
40,52,0.17000000000000004,0.2,0.01,0.1,0.002,0.0030206888914108276,0.0008254583863259618,0.00825458386325962,0.03905788664955008,0.021134230680027608,4.226846136005522e-05,195.28943324775037,19.528943324775035
40,53,0.17000000000000004,0.2,0.01,0.31622776601683794,0.002,8.01868736743927e-05,5.0529747074122925e-05,0.0005052974707412292,0.0024362413317863645,0.020740862744115823,4.148172548823165e-05,12.181206658931822,1.2181206658931822
40,54,0.17000000000000004,0.2,0.01,1.0,0.002,0.006746456027030945,0.0016804717671984448,0.016804717671984448,0.08449205990559998,0.019889108740821053,3.977821748164211e-05,422.4602995279999,42.246029952799994
41,42,0.17000000000000004,0.17000000000000004,0.03162277660168379,0.1,0.002,0.0008715614676475525,0.00022468168824935086,0.002246816882493509,0.010939128016589915,0.020539268569542857,4.1078537139085715e-05,54.69564008294956,5.469564008294956
41,43,0.17000000000000004,0.17000000000000004,0.03162277660168379,0.31622776601683794,0.002,0.0034864842891693115,0.0008968226906957987,0.008968226906957987,0.04438612389356976,0.020205023823351285,4.041004764670257e-05,221.9306194678488,22.19306194678488
41,44,0.17000000000000004,0.17000000000000004,0.03162277660168379,1.0,0.002,0.009173635393381119,0.0023535623211083287,0.02353562321108329,0.12081156656382289,0.019481266471823938,3.8962532943647876e-05,604.0578328191144,60.40578328191145
41,45,0.17000000000000004,0.18500000000000005,0.03162277660168379,0.01,0.002,0.0024625062942504883,0.0006581820968665951,0.006581820968665952,0.031372921703141106,0.02097930511842309,4.195861023684618e-05,156.86460851570556,15.686460851570555
41,46,0.17000000000000004,0.18500000000000005,0.03162277660168379,0.03162277660168379,0.002,0.002161383628845215,0.000580491700436637,0.005804917004366371,0.027720837070102148,0.02094062668340982,4.188125336681964e-05,138.60418535051073,13.860418535051071
41,47,0.17000000000000004,0.18500000000000005,0.03162277660168379,0.1,0.002,0.0012129172682762146,0.0003361897620531824,0.0033618976205318243,0.016148245592583634,0.020818965139320366,4.1637930278640736e-05,80.74122796291816,8.074122796291816
41,48,0.17000000000000004,0.18500000000000005,0.03162277660168379,0.31622776601683794,0.002,0.0016327351331710815,0.00039621496092004117,0.003962149609200411,0.01936992557548673,0.020455161759705676,4.0910323519411354e-05,96.84962787743365,9.684962787743366
41,49,0.17000000000000004,0.18500000000000005,0.03162277660168379,1.0,0.002,0.007821694016456604,0.001981175716058181,0.01981175716058181,0.10073392701003298,0.019667412706553755,3.933482541310751e-05,503.66963505016486,50.366963505016486
41,50,0.17000000000000004,0.2,0.03162277660168379,0.01,0.002,0.004648298025131226,0.0012449708932159471,0.012449708932159471,0.05852609403732946,0.021272065284621118,4.254413056924224e-05,292.6304701866473,29.263047018664732
41,51,0.17000000000000004,0.2,0.03162277660168379,0.03162277660168379,0.002,0.00432276725769043,0.0011609834704017954,0.011609834704017953,0.0546853577425738,0.021230243676324038,4.2460487352648075e-05,273.42678871286904,27.342678871286907
41,52,0.17000000000000004,0.2,0.03162277660168379,0.1,0.002,0.0032973960041999817,0.0008968176924764224,0.008968176924764223,0.042505837100747866,0.021098694994543313,4.219738998908663e-05,212.52918550373928,21.25291855037393
41,53,0.17000000000000004,0.2,0.03162277660168379,0.31622776601683794,0.002,0.00023315846920013428,0.0001118143018538434,0.001118143018538434,0.005400267358115981,0.020705327058631526,4.141065411726305e-05,27.001336790579906,2.7001336790579904
41,54,0.17000000000000004,0.2,0.03162277660168379,1.0,0.002,0.006469748914241791,0.001609079163966044,0.01609079163966044,0.0810473338719004,0.01985357305533676,3.970714611067352e-05,405.23666935950195,40.5236669359502
42,43,0.17000000000000004,0.17000000000000004,0.1,0.31622776601683794,0.002,0.002614922821521759,0.0006721412749390915,0.006721412749390915,0.03345110240128397,0.020093247357769965,4.018649471553993e-05,167.25551200641982,16.72555120064198
42,44,0.17000000000000004,0.17000000000000004,0.1,1.0,0.002,0.008302073925733566,0.002128881816702223,0.021288818167022234,0.10990902785856024,0.019369490006242614,3.8738980012485227e-05,549.5451392928012,54.95451392928011
42,45,0.17000000000000004,0.18500000000000005,0.1,0.01,0.002,0.0033340677618980408,0.0008828002941204577,0.008828002941204578,0.04230497577393943,0.02086752865284177,4.173505730568354e-05,211.5248788696971,21.15248788696971
42,46,0.17000000000000004,0.18500000000000005,0.1,0.03162277660168379,0.002,0.0030329450964927673,0.0008050949203181353,0.008050949203181354,0.038652873869581765,0.020828850217828494,4.165770043565699e-05,193.2643693479088,19.326436934790877
42,47,0.17000000000000004,0.18500000000000005,0.1,0.1,0.002,0.002084478735923767,0.0005606768247435834,0.005606768247435834,0.027076433869298564,0.020707188673739045,4.1414377347478094e-05,135.3821693464928,13.538216934649279
42,48,0.17000000000000004,0.18500000000000005,0.1,0.31622776601683794,0.002,0.000761173665523529,0.00017215065948873062,0.0017215065948873061,0.008462242493064894,0.020343385294124355,4.068677058824871e-05,42.31121246532447,4.231121246532448
42,49,0.17000000000000004,0.18500000000000005,0.1,1.0,0.002,0.0069501325488090515,0.0017565156130296107,0.017565156130296106,0.08982145052122657,0.019555636240972434,3.911127248194487e-05,449.1072526061328,44.91072526061328
42,50,0.17000000000000004,0.2,0.1,0.01,0.002,0.005519859492778778,0.0014695721439836453,0.014695721439836452,0.06944953145730885,0.021160288819039797,4.2320577638079595e-05,347.24765728654427,34.724765728654425
42,51,0.17000000000000004,0.2,0.1,0.03162277660168379,0.002,0.005194328725337982,0.0013855739694058782,0.013855739694058782,0.06560958972917566,0.021118467210742717,4.223693442148543e-05,328.04794864587825,32.80479486458783
42,52,0.17000000000000004,0.2,0.1,0.1,0.002,0.004168957471847534,0.0011213534932759963,0.011213534932759962,0.05343106905992541,0.020986918528961993,4.1973837057923985e-05,267.155345299627,26.715534529962703
42,53,0.17000000000000004,0.2,0.1,0.31622776601683794,0.002,0.001092575490474701,0.00033214246006767916,0.0033214246006767916,0.016128469860839285,0.0205935505930502,4.11871011861004e-05,80.64234930419643,8.064234930419643
42,54,0.17000000000000004,0.2,0.1,1.0,0.002,0.005598187446594238,0.0013844975132671032,0.013844975132671033,0.07013026939936953,0.019741796589755438,3.9483593179510876e-05,350.65134699684756,35.065134699684755
43,44,0.17000000000000004,0.17000000000000004,0.31622776601683794,1.0,0.002,0.005687151104211807,0.0014567418334593745,0.014567418334593745,0.07652866109987111,0.019035245260051046,3.8070490520102096e-05,382.64330549935556,38.26433054993556
43,45,0.17000000000000004,0.18500000000000005,0.31622776601683794,0.01,0.002,0.0059489905834198,0.0015548469647339784,0.015548469647339783,0.07572324874105517,0.0205332839066502,4.1066567813300396e-05,378.6162437052759,37.86162437052759
43,46,0.17000000000000004,0.18500000000000005,0.31622776601683794,0.03162277660168379,0.002,0.005647867918014526,0.0014771291019839736,0.014771291019839735,0.07207404426634192,0.020494605471636927,4.098921094327385e-05,360.3702213317097,36.03702213317097
43,47,0.17000000000000004,0.18500000000000005,0.31622776601683794,0.1,0.002,0.004699401557445526,0.0012326417777293681,0.01232641777729368,0.06050386149949784,0.020372943927547474,4.074588785509495e-05,302.5193074974892,30.251930749748926
43,48,0.17000000000000004,0.18500000000000005,0.31622776601683794,0.31622776601683794,0.002,0.00185374915599823,0.0005014083929643005,0.005014083929643005,0.025058967013758256,0.020009140547932784,4.001828109586557e-05,125.2948350687913,12.52948350687913
43,49,0.17000000000000004,0.18500000000000005,0.31622776601683794,1.0,0.002,0.0043352097272872925,0.001084465845636066,0.01084465845636066,0.056419736621593095,0.019221391494780866,3.844278298956173e-05,282.0986831079654,28.209868310796544
43,50,0.17000000000000004,0.2,0.31622776601683794,0.01,0.002,0.008134782314300537,0.00214155308701886,0.021415530870188597,0.10283052698476186,0.02082604407284823,4.165208814569646e-05,514.1526349238093,51.41526349238094
43,51,0.17000000000000004,0.2,0.31622776601683794,0.03162277660168379,0.002,0.007809251546859741,0.0020575401227045723,0.020575401227045723,0.09899528963442542,0.020784222464551146,4.1568444929102295e-05,494.9764481721271,49.49764481721271
43,52,0.17000000000000004,0.2,0.31622776601683794,0.1,0.002,0.006783880293369293,0.0017932523686837465,0.017932523686837464,0.08682906569607345,0.02065267378277042,4.130534756554084e-05,434.1453284803672,43.41453284803672
43,53,0.17000000000000004,0.2,0.31622776601683794,0.31622776601683794,0.002,0.00370749831199646,0.0010028168458326013,0.010028168458326013,0.04949907234793516,0.020259305846858637,4.051861169371727e-05,247.4953617396758,24.749536173967577
43,54,0.17000000000000004,0.2,0.31622776601683794,1.0,0.002,0.0029832646250724792,0.0007129604742694474,0.007129604742694475,0.036736239584277436,0.019407551843563867,3.881510368712773e-05,183.6811979213872,18.368119792138717
44,45,0.17000000000000004,0.18500000000000005,1.0,0.01,0.002,0.011636141687631607,0.0030115041991713837,0.030115041991713838,0.15202302744547888,0.01980952655512285,3.96190531102457e-05,760.1151372273944,76.01151372273944
44,46,0.17000000000000004,0.18500000000000005,1.0,0.03162277660168379,0.002,0.011335019022226334,0.0029337824363972055,0.029337824363972056,0.1483893062439319,0.019770848120109576,3.954169624021915e-05,741.9465312196596,74.19465312196596
44,47,0.17000000000000004,0.18500000000000005,1.0,0.1,0.002,0.010386552661657333,0.0026892778198099763,0.026892778198099765,0.1368645877225255,0.019649186576020126,3.9298373152040255e-05,684.3229386126274,68.43229386126272
44,48,0.17000000000000004,0.18500000000000005,1.0,0.31622776601683794,0.002,0.007540900260210037,0.001957846809278181,0.01957846809278181,0.10151972555272328,0.019285383196405437,3.857076639281087e-05,507.59862776361643,50.759862776361636
44,49,0.17000000000000004,0.18500000000000005,1.0,1.0,0.002,0.0013519413769245148,0.00037301287256912864,0.0037301287256912867,0.02016543681642522,0.018497634143253516,3.699526828650703e-05,100.82718408212611,10.08271840821261
44,50,0.17000000000000004,0.2,1.0,0.01,0.002,0.013821933418512344,0.0035981136561118237,0.03598113656111824,0.1789902664305148,0.02010228672132088,4.020457344264176e-05,894.951332152574,89.4951332152574
44,51,0.17000000000000004,0.2,1.0,0.03162277660168379,0.002,0.013496402651071548,0.003514092332380216,0.03514092332380216,0.1751750177566308,0.020060465113023798,4.0120930226047594e-05,875.875088783154,87.58750887831539
44,52,0.17000000000000004,0.2,1.0,0.1,0.002,0.0124710313975811,0.003249770544956551,0.03249770544956551,0.16306810037407768,0.019928916431243074,3.9857832862486146e-05,815.3405018703884,81.53405018703883
44,53,0.17000000000000004,0.2,1.0,0.31622776601683794,0.002,0.009394649416208267,0.0024590755376845664,0.024590755376845665,0.1258769641544618,0.019535548495331283,3.9071096990662564e-05,629.3848207723091,62.93848207723091
44,54,0.17000000000000004,0.2,1.0,1.0,0.002,0.002703886479139328,0.000746025813322271,0.00746025813322271,0.03992903120617416,0.01868379449203652,3.736758898407304e-05,199.6451560308708,19.96451560308708
45,46,0.18500000000000005,0.18500000000000005,0.01,0.03162277660168379,0.002,0.00030112266540527344,7.772213172165379e-05,0.0007772213172165379,0.003654264211106191,0.021268886766708732,4.2537773533417464e-05,18.271321055530954,1.8271321055530956
45,47,0.18500000000000005,0.18500000000000005,0.01,0.1,0.002,0.0012495890259742737,0.0003222286255955572,0.0032222862559555723,0.015237395081549438,0.02114722522261928,4.229445044523856e-05,76.18697540774718,7.618697540774718
45,48,0.18500000000000005,0.18500000000000005,0.01,0.31622776601683794,0.002,0.00409524142742157,0.0010536761455772286,0.010536761455772285,0.050697914594457466,0.02078342184300459,4.156684368600918e-05,253.48957297228733,25.348957297228736
45,49,0.18500000000000005,0.18500000000000005,0.01,1.0,0.002,0.010284200310707092,0.002638951272004822,0.02638951272004822,0.13197611802009618,0.01999567278985267,3.999134557970534e-05,659.880590100481,65.98805901004809
45,50,0.18500000000000005,0.2,0.01,0.01,0.002,0.0021857917308807373,0.0005867904516161313,0.0058679045161613135,0.0271658154042258,0.02160032536792003,4.3200650735840064e-05,135.829077021129,13.5829077021129
45,51,0.18500000000000005,0.2,0.01,0.03162277660168379,0.002,0.0018602609634399414,0.0005028111815680738,0.005028111815680738,0.023323101972864732,0.02155850375962295,4.31170075192459e-05,116.61550986432367,11.661550986432365
45,52,0.18500000000000005,0.2,0.01,0.1,0.002,0.0008348897099494934,0.00023883706272854067,0.0023883706272854067,0.01114657037646585,0.021426955077842227,4.285391015568445e-05,55.73285188232925,5.573285188232925
45,53,0.18500000000000005,0.2,0.01,0.31622776601683794,0.002,0.00224149227142334,0.0005529362228199471,0.005529362228199471,0.026288251218817033,0.02103358714193044,4.206717428386088e-05,131.44125609408516,13.144125609408517
45,54,0.18500000000000005,0.2,0.01,1.0,0.002,0.008932255208492279,0.002266549560913333,0.02266549560913333,0.1123064265442914,0.020181833138635672,4.0363666277271344e-05,561.5321327214571,56.15321327214569
46,47,0.18500000000000005,0.18500000000000005,0.03162277660168379,0.1,0.002,0.0009484663605690002,0.00024450650964972034,0.002445065096497203,0.011583294298273702,0.021108546787606007,4.221709357521202e-05,57.916471491368505,5.791647149136851
46,48,0.18500000000000005,0.18500000000000005,0.03162277660168379,0.31622776601683794,0.002,0.0037941187620162964,0.0009759541693892274,0.009759541693892274,0.04704585398792009,0.020744743407991317,4.1489486815982635e-05,235.22926993960047,23.522926993960045
46,49,0.18500000000000005,0.18500000000000005,0.03162277660168379,1.0,0.002,0.009983077645301819,0.0025612296892475925,0.025612296892475926,0.12833744619597573,0.019956994354839396,3.9913988709678794e-05,641.6872309798787,64.16872309798786
46,50,0.18500000000000005,0.2,0.03162277660168379,0.01,0.002,0.0024869143962860107,0.0006644814852170392,0.006644814852170391,0.030817751876037205,0.02156164693290676,4.312329386581352e-05,154.08875938018602,15.408875938018603
46,51,0.18500000000000005,0.2,0.03162277660168379,0.03162277660168379,0.002,0.002161383628845215,0.0005804917699658164,0.0058049176996581645,0.026974743577587345,0.02151982532460968,4.303965064921936e-05,134.87371788793672,13.487371788793672
46,52,0.18500000000000005,0.2,0.03162277660168379,0.1,0.002,0.0011360123753547668,0.00031639522660316345,0.0031639522660316345,0.014792927540950067,0.021388276642828954,4.277655328565791e-05,73.96463770475033,7.396463770475033
46,53,0.18500000000000005,0.2,0.03162277660168379,0.31622776601683794,0.002,0.0019403696060180664,0.00047527193893987657,0.004752719389398766,0.022637485381552976,0.020994908706917163,4.198981741383433e-05,113.18742690776487,11.318742690776487
46,54,0.18500000000000005,0.2,0.03162277660168379,1.0,0.002,0.008631132543087006,0.00218883359174728,0.021888335917472797,0.10866389222308141,0.0201431547036224,4.02863094072448e-05,543.3194611154071,54.33194611154071
47,48,0.18500000000000005,0.18500000000000005,0.1,0.31622776601683794,0.002,0.002845652401447296,0.0007314479560241101,0.007314479560241101,0.03546744181355448,0.020623081863901865,4.124616372780373e-05,177.3372090677724,17.73372090677724
47,49,0.18500000000000005,0.18500000000000005,0.1,1.0,0.002,0.009034611284732819,0.002316724467427911,0.02316724467427911,0.11679786215496925,0.019835332810749944,3.9670665621499885e-05,583.9893107748463,58.39893107748464
47,50,0.18500000000000005,0.2,0.1,0.01,0.002,0.003435380756855011,0.0009089214869969952,0.009089214869969952,0.04239375496361446,0.021439985388817306,4.287997077763462e-05,211.9687748180723,21.196877481807228
47,51,0.18500000000000005,0.2,0.1,0.03162277660168379,0.002,0.003109849989414215,0.0008249149392522298,0.008249149392522298,0.038550734900122105,0.021398163780520226,4.2796327561040454e-05,192.75367450061051,19.27536745006105
47,52,0.18500000000000005,0.2,0.1,0.1,0.002,0.002084478735923767,0.000560676668532981,0.00560676668532981,0.026364170599307696,0.021266615098739502,4.2533230197479006e-05,131.82085299653846,13.182085299653846
47,53,0.18500000000000005,0.2,0.1,0.31622776601683794,0.002,0.0009919032454490662,0.0002311865369260671,0.002311865369260671,0.011075734174114388,0.020873247162827714,4.174649432565543e-05,55.37867087057193,5.537867087057193
47,54,0.18500000000000005,0.2,0.1,1.0,0.002,0.007682666182518005,0.0019443472421401117,0.01944347242140112,0.09711299884815727,0.020021493159532947,4.00429863190659e-05,485.56499424078635,48.55649942407863
48,49,0.18500000000000005,0.18500000000000005,0.31622776601683794,1.0,0.002,0.0061889588832855225,0.0015852779172089524,0.015852779172089524,0.08141517197278147,0.019471529431135254,3.894305886227051e-05,407.07585986390734,40.70758598639073
48,50,0.18500000000000005,0.2,0.31622776601683794,0.01,0.002,0.006281033158302307,0.0016402741731399073,0.01640274173139907,0.07782596356511366,0.021076182009202617,4.2152364018405234e-05,389.12981782556835,38.91298178255684
48,51,0.18500000000000005,0.2,0.31622776601683794,0.03162277660168379,0.002,0.005955502390861511,0.001556254556573634,0.015562545565736339,0.07398630274047394,0.021034360400905536,4.206872080181107e-05,369.9315137023697,36.99315137023697
48,52,0.18500000000000005,0.2,0.31622776601683794,0.1,0.002,0.004930131137371063,0.0012919415540165126,0.012919415540165126,0.061807070329895575,0.020902811719124812,4.1805623438249624e-05,309.0353516494779,30.903535164947787
48,53,0.18500000000000005,0.2,0.31622776601683794,0.31622776601683794,0.002,0.00185374915599823,0.0005014084528688504,0.005014084528688505,0.02444768654717263,0.020509443783213024,4.101888756642605e-05,122.23843273586317,12.223843273586317
48,54,0.18500000000000005,0.2,0.31622776601683794,1.0,0.002,0.004837013781070709,0.001212981869332532,0.012129818693325321,0.06170520966159921,0.019657689779918257,3.9315379559836515e-05,308.52604830799606,30.852604830799603
49,50,0.18500000000000005,0.2,1.0,0.01,0.002,0.01246999204158783,0.003225468838853204,0.032254688388532037,0.15898067858864673,0.0202884329560507,4.05768659121014e-05,794.9033929432335,79.49033929432336
49,51,0.18500000000000005,0.2,1.0,0.03162277660168379,0.002,0.012144461274147034,0.003141445451867941,0.031414454518679406,0.15515907318567101,0.020246611347753615,4.049322269550723e-05,775.7953659283551,77.57953659283552
49,52,0.18500000000000005,0.2,1.0,0.1,0.002,0.011119090020656586,0.0028771154886074574,0.028771154886074575,0.14303288716442597,0.02011506266597289,4.023012533194578e-05,715.1644358221297,71.51644358221297
49,53,0.18500000000000005,0.2,1.0,0.31622776601683794,0.002,0.008042708039283752,0.002086376510509671,0.020863765105096712,0.10579093425117665,0.019721694730061107,3.9443389460122214e-05,528.9546712558831,52.89546712558831
49,54,0.18500000000000005,0.2,1.0,1.0,0.002,0.0013519451022148132,0.00037301294075399373,0.0037301294075399376,0.019767573526338015,0.018869940726766336,3.7739881453532674e-05,98.83786763169007,9.883786763169006
50,51,0.2,0.2,0.01,0.03162277660168379,0.002,0.0003255307674407959,8.402368226863755e-05,0.0008402368226863755,0.003845255018376731,0.021851263925820978,4.3702527851641956e-05,19.226275091883657,1.9226275091883656
50,52,0.2,0.2,0.01,0.1,0.002,0.001350902020931244,0.00034835522588766465,0.0034835522588766467,0.01603866450243868,0.021719715244040254,4.343943048808051e-05,80.19332251219339,8.019332251219339
50,53,0.2,0.2,0.01,0.31622776601683794,0.002,0.004427284002304077,0.0011391091887848837,0.011391091887848837,0.05341323445251761,0.02132634730812847,4.265269461625694e-05,267.06617226258805,26.706617226258803
50,54,0.2,0.2,0.01,1.0,0.002,0.011118046939373016,0.0028529201380391544,0.028529201380391542,0.1393395265812498,0.0204745933048337,4.09491866096674e-05,696.6976329062489,69.6697632906249
51,52,0.2,0.2,0.03162277660168379,0.1,0.002,0.001025371253490448,0.0002643315610891473,0.002643315610891473,0.012193599873251032,0.021677893635743174,4.3355787271486345e-05,60.967999366255164,6.096799936625516
51,53,0.2,0.2,0.03162277660168379,0.31622776601683794,0.002,0.004101753234863281,0.001055085676043346,0.010550856760433458,0.049570551438301684,0.021284525699831386,4.256905139966277e-05,247.85275719150843,24.785275719150846
51,54,0.2,0.2,0.03162277660168379,1.0,0.002,0.01079251617193222,0.0027688970516780136,0.027688970516780136,0.135512552716837,0.02043277169653662,4.086554339307324e-05,677.5627635841851,67.7562763584185
52,53,0.2,0.2,0.1,0.31622776601683794,0.002,0.0030763819813728333,0.0007907544351437335,0.007907544351437335,0.037382654671678214,0.02115297701805066,4.230595403610132e-05,186.91327335839108,18.69132733583911
52,54,0.2,0.2,0.1,1.0,0.002,0.009767144918441772,0.0025045668821118694,0.025045668821118694,0.12337024623055623,0.020301223014755895,4.060244602951179e-05,616.8512311527811,61.68512311527811
53,54,0.2,0.2,0.31622776601683794,1.0,0.002,0.006690762937068939,0.00171381396579509,0.0171381396579509,0.08608732377283297,0.019907855078844107,3.9815710157688214e-05,430.43661886416487,43.04366188641649
