safety_rank,candidate_index,a1,gamma,remote_alias_rms_snr,alias_a1,alias_gamma,alias_gamma_factor
1,9891,0.05031821641715541,0.9688354022599172,8.737867933580784,0.05,0.48417236758409943,2.001013414074344
2,19898,0.05015556074999563,0.9041698059234505,8.669208234042676,0.05,0.4518559443749224,2.0010134140743445
3,15332,0.05019471114528602,0.9120108393559097,8.663139495377429,0.05,0.4557744755438333,2.001013414074344
4,2132,0.051084657404418914,0.9660508789898136,8.105403265523176,0.05,0.4827808110605307,2.0010134140743445
5,19097,0.050899423689732944,0.8989799381034805,8.031436354022631,0.05,0.4492623246702935,2.0010134140743445
6,16223,0.05059172921712896,0.8058421877614819,7.908329643029101,0.05,0.4027170343254591,2.0010134140743445
7,17870,0.051066843225967155,0.8861352236594998,7.843443061196145,0.05,0.4428432200537847,2.001013414074344
8,8917,0.050497784185911464,0.7563973523567668,7.748476590352782,0.05,0.37800713730181124,2.0010134140743445
9,10374,0.050783951701983784,0.8058421877614819,7.742874117152051,0.05,0.4027170343254591,2.0010134140743445
10,2410,0.05000122042475424,0.6625978159041461,7.653871936886816,0.05,0.3311311214825911,2.0010134140743445
11,12615,0.05085555934056096,0.7852356346100718,7.582295747214923,0.05,0.3924189758484536,2.0010134140743445
12,3644,0.05090017199134861,0.780728440137907,7.521218834355147,0.05,0.390166519947627,2.0010134140743445
13,1075,0.05207616008318708,0.9857119009006164,7.363333049421714,0.05,0.4926063433495773,2.0010134140743445
14,13438,0.05082249102521087,0.732824533138904,7.335590375136916,0.05,0.3662266969249198,2.0010134140743445
15,13503,0.05124636893454113,0.8035261221856173,7.3339661296867495,0.05,0.40155958802371305,2.0010134140743445
16,1985,0.05149663284306117,0.8104943654808874,7.152546083895069,0.05,0.4050419451364931,2.0010134140743445
17,83,0.051658987268960024,0.8293732044796284,7.103077428528577,0.05,0.4144765840379391,2.0010134140743445
18,3038,0.05121231499050533,0.7455898720277816,7.063180241827994,0.05,0.3726061338637685,2.0010134140743445
19,103,0.05244936941561621,0.9772372209558107,7.033979464120932,0.05,0.4883711493797627,2.0010134140743445
20,12456,0.050108760118576984,0.5821032177708716,6.99421869181318,0.05,0.2909042056772761,2.0010134140743445
21,2731,0.050927349151952114,0.6898425842094826,6.98779634649408,0.05,0.34474660657314943,2.0010134140743445
22,125,0.05107301329017282,0.7059110821984096,6.956202668151598,0.05,0.352776786618874,2.0010134140743445
23,4476,0.05167456981698151,0.7989139416674045,6.942663387767851,0.05,0.3992546656849758,2.0010134140743445
24,18875,0.0502073027347635,0.5754399373371569,6.850243356541118,0.05,0.28757425277098986,2.0010134140743445
25,2291,0.050799480502691584,0.640103202470931,6.775919068923504,0.05,0.31988951096913987,2.0010134140743445
26,4034,0.052281014925353364,0.8609937521846007,6.720528947362131,0.05,0.4302788507706685,2.0010134140743445
27,1067,0.05061257416027322,0.6042963902381329,6.690655473555691,0.05,0.3019951720402016,2.0010134140743445
28,5150,0.05179034948154579,0.758577575029184,6.628871409158608,0.05,0.379096696550681,2.0010134140743445
29,16058,0.050450865080813714,0.5737860693092911,6.607905322605673,0.05,0.2867477375581316,2.0010134140743445
30,4126,0.05099625084006099,0.6382634861905486,6.58272519625374,0.05,0.31897011869148584,2.0010134140743436
31,13874,0.053093289479363544,0.9914024778060788,6.56250505743612,0.05,0.4954501908047903,2.0010134140743445
32,16966,0.05043212303544344,0.5495408738576245,6.429362574205408,0.05,0.2746312793269497,2.0010134140743445
33,11561,0.05333806671197508,0.9885530946569391,6.355810440205173,0.05,0.4940262207658599,2.0010134140743445
34,18255,0.05143841811423157,0.6625978159041461,6.348483788175853,0.05,0.3311311214825911,2.0010134140743445
35,204,0.05263958603451369,0.8413951416451951,6.327150886744197,0.05,0.42048450836318807,2.001013414074344
36,10532,0.05159589354707501,0.6683439175686146,6.245011253517857,0.05,0.3340027172570385,2.0010134140743445
37,18281,0.05095336049628271,0.5804301988538249,6.188259422451939,0.05,0.29006811986931547,2.0010134140743436
38,4401,0.050572306760046336,0.5339492735741767,6.163656343379398,0.05,0.2668394273714442,2.0010134140743445
39,5736,0.05051797085110826,0.5128613839913648,6.030389351233959,0.05,0.25630082256525555,2.0010134140743445
40,2424,0.05066214212818535,0.5232991146814947,5.984435775953205,0.05,0.2615170448137997,2.0010134140743445
41,6569,0.05384093433723369,0.960505818386731,5.846426560554406,0.05,0.48000968490811174,2.0010134140743445
42,14699,0.05382271765060525,0.9467820160680864,5.807159913579965,0.05,0.4731512589614805,2.0010134140743445
43,17478,0.0509844469344889,0.5339492735741767,5.769273824068808,0.05,0.2668394273714442,2.0010134140743445
44,18827,0.050727795898563646,0.5055335697126492,5.760886004777432,0.05,0.2526387710131897,2.001013414074344
45,3709,0.05212659881747089,0.6569011164762665,5.684314210752783,0.05,0.32828421431654653,2.001013414074344
46,28,0.05218026178974566,0.6625978159041461,5.676280622685905,0.05,0.3311311214825911,2.0010134140743445
47,4173,0.053981180343819844,0.9440608762859236,5.667076772071211,0.05,0.47179137813158534,2.0010134140743445
48,808,0.052878070433519206,0.7477389434625966,5.614707221599151,0.05,0.37368012538211576,2.0010134140743445
49,16669,0.051115928796738465,0.5293586328441946,5.602756915904292,0.05,0.26454526947240503,2.001013414074344
50,9032,0.05418689238447781,0.9632743586991879,5.576995245626559,0.05,0.4813932540001448,2.0010134140743445
51,15143,0.05262929520465597,0.6958249547006052,5.502337414923729,0.05,0.3477362769317013,2.001013414074344
52,12150,0.051952618600112466,0.6112938126483173,5.501708539712446,0.05,0.3054921113215514,2.0010134140743445
53,2529,0.05394450684639609,0.8835883884127874,5.432561750701962,0.05,0.4415704473533125,2.0010134140743445
54,12643,0.05345502071102361,0.7943282347242817,5.386814699767608,0.05,0.3969629734300071,2.0010134140743445
55,11439,0.05241730429202464,0.6475152482255576,5.3516941281585675,0.05,0.32359365692962827,2.0010134140743445
56,12093,0.05307271528913388,0.722353863586956,5.284176383843242,0.05,0.3609940135864167,2.0010134140743445
57,8705,0.05266136270250604,0.6683439175686146,5.282445889556379,0.05,0.3340027172570385,2.0010134140743445
58,3483,0.054658388737404105,0.974428550075478,5.240374982816049,0.05,0.4869675251658631,2.0010134140743445
59,2848,0.052345522170752924,0.6237348354824191,5.2367101645612015,0.05,0.31170947235801266,2.0010134140743436
60,7711,0.054240512433868474,0.878516656407272,5.1621298193362275,0.05,0.4390358656409447,2.0010134140743445
61,12691,0.0519672936072794,0.5623413251903491,5.083869142547466,0.05,0.28102826359636596,2.0010134140743445
62,17873,0.05442406682547845,0.8810488730080143,5.021728226202699,0.05,0.44030133272024147,2.0010134140743445
63,12402,0.052673937267787165,0.6345999009812868,5.019865251874694,0.05,0.31713925379897995,2.001013414074344
64,9792,0.051862413205248876,0.5401321147646347,4.98657569534841,0.05,0.26992928231542945,2.001013414074343
65,12760,0.05212226861250985,0.5672179944867406,4.980169601397305,0.05,0.2834653633489668,2.001013414074344
66,3255,0.054020929344260366,0.796617788516731,4.9142992163464125,0.05,0.3981071705534973,2.0010134140743445
67,754,0.05312971464671076,0.6741398498898495,4.902381259502406,0.05,0.3368992157414908,2.001013414074344
68,7361,0.05453311352522955,0.8585191758708333,4.818033985206894,0.05,0.4290421892388855,2.0010134140743445
69,6472,0.05189569817286258,0.5188000389289612,4.757879653781434,0.05,0.25926864621692436,2.0010134140743445
70,16519,0.05209379850051718,0.532414653582118,4.695423834657796,0.05,0.26607250597988097,2.0010134140743445
71,19598,0.053382840916751176,0.6760829753919819,4.689087312747149,0.05,0.33787028644419825,2.0010134140743445
72,2170,0.05498535953272645,0.893819859740991,4.618722281252473,0.05,0.44668359215096326,2.0010134140743445
73,19621,0.05395768142766744,0.7286181745132277,4.545998999592788,0.05,0.3641245827681179,2.0010134140743445
74,12828,0.054538367638157725,0.8081649291125372,4.538765383975551,0.05,0.40387781682432594,2.0010134140743445
75,3056,0.05469863037728319,0.824612663620516,4.4962799972569085,0.05,0.4120975190973302,2.001013414074344
76,15026,0.053869352406644755,0.707945784384138,4.482646461575564,0.05,0.3537936224738549,2.0010134140743445
77,10964,0.053618864131796715,0.6760829753919819,4.4772532383612145,0.05,0.33787028644419825,2.0010134140743445
78,13951,0.055647942934721265,0.980053987485756,4.46810624072546,0.05,0.48977881936844614,2.0010134140743445
79,6610,0.052156472873668494,0.5113873725599799,4.436335004750292,0.05,0.25556419010641385,2.001013414074344
80,12549,0.05485482443956801,0.8293732044796284,4.390846416110722,0.05,0.4144765840379391,2.0010134140743445
81,19116,0.052218818926081545,0.5128613839913648,4.390580530085383,0.05,0.25630082256525555,2.0010134140743445
82,12499,0.053895016848043105,0.6938250889094058,4.359787696695612,0.05,0.34673685045253166,2.0010134140743445
83,10032,0.05297649330715835,0.5837810589599196,4.32384754750755,0.05,0.29174270140011677,2.001013414074344
84,12827,0.05482542637539595,0.7920452613228854,4.198055903814607,0.05,0.39582206483572263,2.001013414074343
85,6058,0.0549723753382326,0.8104943654808874,4.1829173005509395,0.05,0.4050419451364931,2.0010134140743445
86,1530,0.05380371988331174,0.6364290574262721,4.003455237818278,0.05,0.31805336883295204,2.0010134140743445
87,9313,0.0538137721675968,0.62914391424834,3.9348711032444315,0.05,0.3144126420258796,2.0010134140743445
88,13038,0.05385441259174817,0.6183722613912372,3.808090055422316,0.05,0.30902954325135906,2.0010134140743445
89,7679,0.05289906943180716,0.5188000389289612,3.7955029527320683,0.05,0.25926864621692436,2.0010134140743445
90,12329,0.05602163217184271,0.8989799381034805,3.7906218110618997,0.05,0.4492623246702935,2.0010134140743445
91,14957,0.05569543992053464,0.8104943654808874,3.5690587759326764,0.05,0.4050419451364931,2.0010134140743445
92,15873,0.0553503838631036,0.7629568911615332,3.5618492324294877,0.05,0.3812852456636189,2.0010134140743445
93,1207,0.056589454972061456,0.9386420366721355,3.524290645720019,0.05,0.46908333051147744,2.0010134140743445
94,841,0.05633626051218186,0.8659643233600653,3.354937666586659,0.05,0.43276287768448307,2.0010134140743445
95,8628,0.05328380540041008,0.5099175975748701,3.3378531730737633,0.05,0.25482967479793467,2.001013414074344
96,9926,0.05376906214158157,0.5559042572704037,3.3283717691820858,0.05,0.2778113596642536,2.0010134140743445
97,4580,0.05387507370892621,0.5623413251903491,3.289682173474773,0.05,0.28102826359636596,2.0010134140743445
98,2502,0.05434800356859555,0.6060382005270663,3.2486554175101072,0.05,0.3028656361143963,2.0010134140743445
99,12009,0.05663065641890971,0.8634754611613358,3.0969653650432276,0.05,0.43151907682776525,2.001013414074344
100,2427,0.056110807456366915,0.7829787941891024,3.0413836795529723,0.05,0.391291127126853,2.0010134140743445
101,17928,0.054714040708574364,0.6201546436537854,3.0368286332264463,0.05,0.30992028303851465,2.0010134140743445
102,12063,0.05660925961992796,0.8438203600288409,3.0008076815463536,0.05,0.4216965034285822,2.0010134140743445
103,16216,0.05448441911431123,0.5905409250299409,2.983897448872691,0.05,0.29512092266663853,2.0010134140743445
104,16410,0.055520379398356634,0.6958249547006052,2.932545193459391,0.05,0.3477362769317013,2.001013414074344
105,7567,0.055202560683893946,0.658794553441924,2.9210610591074206,0.05,0.32923045333340656,2.0010134140743445
106,11152,0.05505342614444334,0.641948221508036,2.915210396141761,0.05,0.32081155328236366,2.0010134140743445
107,17105,0.055341907717401606,0.6645076729077796,2.8429439508362524,0.05,0.3320855663604716,2.0010134140743445
108,14203,0.056362525079499584,0.7740161100463954,2.7664587643060283,0.05,0.3868120546330523,2.001013414074343
109,10695,0.055478894530295156,0.6683439175686146,2.751788450986307,0.05,0.3340027172570385,2.0010134140743445
110,3381,0.05571978038931369,0.6918309709189366,2.725353512410402,0.05,0.34574029641823917,2.0010134140743445
111,10298,0.05718957500735516,0.8759917176331175,2.7069743881420147,0.05,0.4377740356320127,2.0010134140743445
112,248,0.05476538366482753,0.5854637363205774,2.6772806775725595,0.05,0.29258361398412164,2.0010134140743445
113,3469,0.054756234330467446,0.5804301988538249,2.6386147876924206,0.05,0.29006811986931547,2.0010134140743436
114,7084,0.05673966270017108,0.8012167131981434,2.626833234046205,0.05,0.40040546833054635,2.0010134140743445
115,14438,0.05410202138243001,0.5113873725599799,2.5691607328984816,0.05,0.25556419010641385,2.001013414074344
116,18388,0.05458863505786475,0.5511248580808259,2.512227577489148,0.05,0.2754228703338166,2.0010134140743445
117,17523,0.05598188455747745,0.6839116472814293,2.4308843440496393,0.05,0.3417826399718576,2.0010134140743445
118,3589,0.05733032410179527,0.8462525688072693,2.416323735017251,0.05,0.42291199192122364,2.0010134140743445
119,8904,0.05539512036206389,0.6165950018614822,2.384569292135839,0.05,0.3081413635333949,2.0010134140743445
120,2212,0.05717174782365313,0.8175230379436502,2.3690372978595686,0.05,0.408554501530831,2.0010134140743445
121,16775,0.05614015310164124,0.6799860450033224,2.259239459801852,0.05,0.33982083289425596,2.0010134140743445
122,12365,0.057866380216303435,0.893819859740991,2.255408380094435,0.05,0.44668359215096326,2.0010134140743445
123,3608,0.05694570484505312,0.7673614893618189,2.2228895441409704,0.05,0.38348642940846817,2.0010134140743445
124,11228,0.055438896833477525,0.5956621435290106,2.152573363899267,0.05,0.2976802350945558,2.0010134140743445
125,715,0.05874717343075293,0.9857119009006164,2.0345689672180933,0.05,0.4926063433495773,2.0010134140743445
126,7267,0.05500894126898804,0.5370317963702527,1.9754900882916577,0.05,0.2683799081970073,2.001013414074344
127,7357,0.05678991734968348,0.7120327999992025,1.9461845753590794,0.05,0.3558360953460096,2.0010134140743445
128,10332,0.05707099245358323,0.7413102413009177,1.9273880641258783,0.05,0.3704674022107158,2.0010134140743445
129,10333,0.05530015123397904,0.5559042572704037,1.8950739437789048,0.05,0.2778113596642536,2.0010134140743445
130,11339,0.05554726094716137,0.5787619883491206,1.8920154035669086,0.05,0.2892344370499146,2.0010134140743445
131,15298,0.0579540732053058,0.8293732044796284,1.7961078651473739,0.05,0.4144765840379391,2.0010134140743445
132,5009,0.056505623473768855,0.6606934480075961,1.7750345580742513,0.05,0.33017941976827203,2.0010134140743445
133,6754,0.056192301733382626,0.6201546436537854,1.6954857023684002,0.05,0.30992028303851465,2.0010134140743445
134,9318,0.058648015011696204,0.8989799381034805,1.656831133817968,0.05,0.4492623246702935,2.0010134140743445
135,15486,0.056343490955280816,0.6112938126483173,1.4778963120888642,0.05,0.3054921113215514,2.0010134140743445
136,8374,0.05660392132316128,0.6364290574262721,1.4755498102357478,0.05,0.31805336883295204,2.0010134140743445
137,2503,0.05881486943082054,0.8886893998466987,1.4654367935787922,0.05,0.4441196613655889,2.0010134140743445
138,9615,0.05670930049916664,0.6437985585864101,1.4480811638221198,0.05,0.3217362532695599,2.0010134140743445
139,6641,0.05904897363668623,0.9015711376059571,1.3561950139925931,0.05,0.4505572682644998,2.0010134140743445
140,13454,0.058886984915402896,0.8759917176331175,1.3339225546260698,0.05,0.4377740356320127,2.0010134140743445
141,12959,0.05537243274187087,0.5084520468600939,1.3306952588637544,0.05,0.25409727055493053,2.0010134140743445
142,434,0.05597257206284955,0.5591135275705602,1.3065430255126875,0.05,0.2794151821461939,2.0010134140743445
143,8387,0.058788689894153236,0.8585191758708333,1.3057177021468642,0.05,0.4290421892388855,2.0010134140743445
144,1971,0.05576238779793116,0.5370317963702527,1.2724534950459165,0.05,0.2683799081970073,2.001013414074344
145,10603,0.05763386030884847,0.7182076058301705,1.271775159114495,0.05,0.35892193464500516,2.0010134140743445
146,14725,0.19971179351639173,0.01650061001320228,1.2055647950725876,0.2,0.033017941976827204,2.0010134140743445
147,17429,0.05613217167571509,0.5607251037949698,1.1773983756323456,0.05,0.2802205621666747,2.0010134140743445
148,9218,0.056121564909503124,0.5559042572704037,1.1381592131896996,0.05,0.2778113596642536,2.0010134140743445
149,11453,0.05844904368380951,0.7897688493998856,1.128455852439997,0.05,0.39468443531910424,2.0010134140743445
150,973,0.05815039123605395,0.7542233958475707,1.1169958496753938,0.05,0.37692070954780155,2.0010134140743445
151,18215,0.19949708512597752,0.017478332624182184,1.1016606611057265,0.2,0.0349743780366418,2.001013414074345
152,1255,0.05936809897372303,0.8963961859499502,1.08209834424538,0.05,0.44797110286470376,2.0010134140743445
153,15797,0.16409545116355945,0.9942600739529568,1.072635034834389,0.13409545116355945,0.5011872336272722,1.9838096568365062
154,10001,0.16487048490598838,0.9942600739529568,1.0719301978326186,0.13487048490598838,0.5040806191026695,1.9724227361148536
155,12226,0.16586372461972876,0.980053987485756,1.0691179139161031,0.13586372461972876,0.4954501908047903,1.9781080029332392
156,17815,0.16641061889022346,0.980053987485756,1.0684695957207326,0.13641061889022346,0.4968782652628518,1.9724227361148534
157,7705,0.1635086837870552,0.9772372209558107,1.0680103615304917,0.13364620430948884,0.4883711493797627,2.0010134140743445
158,8725,0.16828327728250678,0.9971259067705326,1.0674971483605165,0.13828327728250678,0.5158221650723058,1.9330807675369273
159,10234,0.16733670738610557,0.9440608762859236,1.0635164580205136,0.13733670738610557,0.4731512589614805,1.99526231496888
160,419,0.16984532126118215,0.980053987485756,1.063486186400397,0.13984532126118215,0.5069907082747045,1.933080767536927
161,3201,0.17019512574810916,0.974428550075478,1.0629604836707178,0.14019512574810916,0.5040806191026695,1.9330807675369275
162,6182,0.17023358053108628,0.9772372209558107,1.0626333144723934,0.14023358053108628,0.5055335697126492,1.9330807675369275
163,11925,0.17119492021091876,0.9914024778060788,1.062475963536548,0.14119492021091876,0.5188000389289612,1.9109529749704406
164,3884,0.17272420613405529,0.9942600739529568,1.0606217694459128,0.1427242061340553,0.5248074602497725,1.8945235143565924
165,16788,0.17296050657348655,0.9857119009006164,1.0597507319462927,0.14296050657348655,0.5188000389289612,1.899984246214733
166,5274,0.17348792866291518,0.9914024778060788,1.0593035665343706,0.14348792866291518,0.5248074602497725,1.8890784771509135
167,13914,0.16527283023532094,0.9495109992021983,1.058865204070485,0.13552626339213167,0.4745150594812158,2.0010134140743445
168,13010,0.17265734306404612,0.9549925860214359,1.0572546279950834,0.14265734306404612,0.4954501908047903,1.9275249131909356
169,4584,0.1747004762509381,0.974428550075478,1.0568637891505663,0.1447004762509381,0.5158221650723058,1.8890784771509124
170,5957,0.16339964426091655,0.960505818386731,1.0567562925904985,0.13381626924721624,0.48000968490811174,2.0010134140743445
171,3128,0.17364368695028437,0.9577452351172411,1.056149541324803,0.14364368695028437,0.4997467747924086,1.9164610627353862
172,1057,0.17267111001290764,0.9359442919496421,1.0556251202825548,0.14267111001290764,0.4813932540001448,1.9442405645953662
173,18073,0.1615077293384538,0.9716279515771062,1.0543150493831817,0.1320958620343241,0.4855679350988134,2.001013414074344
174,19088,0.19949831115417993,0.01693362741878218,1.0542657252552703,0.2,0.033884415613920256,2.0010134140743445
175,5385,0.1718925005602268,0.909389635177316,1.0536568250336253,0.14189250056022681,0.45840569030573225,1.9838096568365051
176,15841,0.17768558362733955,0.9914024778060788,1.0535389269474054,0.14768558362733955,0.5354883169202962,1.8513988942052724
177,16109,0.17495313786016325,0.9440608762859236,1.0530679258604354,0.14495313786016326,0.4926063433495773,1.9164610627353864
178,12058,0.16928562711676887,0.9120108393559097,1.0523084620836078,0.13945482202889356,0.4557744755438333,2.001013414074344
179,14061,0.16138368160773178,0.9688354022599172,1.0519253739880734,0.132037038675389,0.48417236758409943,2.001013414074344
180,10133,0.16723918442866914,0.9252306262333164,1.0518948912999675,0.13754265397162613,0.46238102139926035,2.0010134140743445
181,11846,0.17337214292534955,0.906775964583905,1.0516307293292875,0.14337214292534955,0.4610520952362225,1.966753809283338
182,11583,0.1612873126970103,0.9688354022599172,1.0514365328490831,0.1319581938661414,0.48417236758409943,2.001013414074344
183,6218,0.1794999401039986,0.9914024778060788,1.05120526107693,0.1494999401039986,0.5401321147646347,1.8354814511225415
184,5287,0.16701811639626862,0.9252306262333164,1.0508251064131866,0.13736084081588437,0.46238102139926035,2.0010134140743445
185,12283,0.16661118148754428,0.9278974901273312,1.050714760914855,0.13698122265256432,0.4637137780291046,2.0010134140743445
186,8314,0.1785671883584954,0.9688354022599172,1.0504388042174688,0.1485671883584954,0.5202954164627397,1.8620871366628675
187,14586,0.1734497175532284,0.8989799381034805,1.050228320342057,0.1434497175532284,0.4544645372095087,1.9781080029332403
188,6210,0.17475171193274897,0.909389635177316,1.049911781991504,0.14475171193274897,0.46639082688444056,1.9498445997580456
189,9449,0.17847574675946748,0.9577452351172411,1.0498111856451051,0.14847574675946748,0.5113873725599799,1.8728370830175485
190,739,0.17591954365490897,0.9225714271547634,1.0495138511979798,0.14591954365490897,0.47863009232263826,1.9275249131909369
191,19758,0.17662254205362554,0.9278974901273312,1.049385485162975,0.14662254205362554,0.48417236758409943,1.9164610627353862
192,6913,0.17661914121080063,0.9278974901273312,1.0493780811768336,0.14661914121080064,0.48417236758409943,1.9164610627353862
193,3739,0.15841297654618217,0.9885530946569391,1.0488667125843711,0.12931479348947036,0.4940262207658599,2.0010134140743445
194,18772,0.17693764587577754,0.9199198708622777,1.048480849475113,0.14693764587577754,0.47863009232263826,1.9219850268883047
195,679,0.15898416679508048,0.9828788730000321,1.0483775641474666,0.1298644285974948,0.4911905467933636,2.0010134140743436
196,15196,0.17927843837946522,0.9522478482957601,1.0480595657801106,0.14927843837946522,0.5099175975748701,1.8674543746373524
197,19792,0.15724724401920287,0.9971259067705326,1.0479024313366092,0.12823995772873378,0.49831045597052953,2.0010134140743445
198,2853,0.16551427057116402,0.930572040929699,1.0472214254355103,0.13603480232495876,0.46505037616660627,2.0010134140743445
199,16507,0.17602683872329716,0.9041698059234505,1.0472173452389713,0.14602683872329716,0.46505037616660627,1.9442405645953673
200,15894,0.1827076978930703,0.9914024778060788,1.0471404940796667,0.1527076978930703,0.5479614421527548,1.809255910253821
201,8119,0.17705601959757478,0.906775964583905,1.0464247606995538,0.14705601959757478,0.46908333051147744,1.9330807675369273
202,7327,0.16274983002973015,0.9495109992021983,1.046330355760679,0.13345736440907172,0.4745150594812158,2.0010134140743445
203,9356,0.1622878648643974,0.9522478482957601,1.0458190760882418,0.13303526789282197,0.47588279098881686,2.0010134140743445
204,15415,0.17699997447286409,0.9015711376059571,1.045774386474145,0.1469999744728641,0.46505037616660627,1.9386526359522078
205,654,0.174590962432621,0.8734740357683985,1.0454401406009401,0.144590962432621,0.4377740356320127,1.9952623149688797
206,12070,0.18411965131551705,0.9885530946569391,1.0449442681676684,0.15411965131551705,0.5479614421527548,1.8040559400917864
207,12839,0.17829415615552258,0.909389635177316,1.04473807301279,0.14829415615552258,0.4745150594812158,1.9164610627353864
208,2795,0.05685097742722701,0.6130557921498209,1.0444202099666773,0.05,0.30637265489467813,2.0010134140743445
209,8935,0.17948302498041513,0.9199198708622777,1.0443640606746591,0.14948302498041513,0.4855679350988134,1.8945235143565922
210,11584,0.1668233351842357,0.9172759353897799,1.0442838827660106,0.1373359547505614,0.45840569030573225,2.0010134140743445
211,2691,0.1771480480261154,0.8886893998466987,1.0438531780749236,0.1471480480261154,0.4557744755438333,1.9498445997580454
212,15225,0.18240169026995268,0.9495109992021983,1.043707311833022,0.15240169026995268,0.514339644080062,1.8460778011783932
213,6910,0.17951699198006843,0.9146395988343222,1.0436679931891801,0.14951699198006843,0.4813932540001448,1.899984246214732
214,7070,0.18390269513996255,0.9688354022599172,1.0436471408594414,0.15390269513996255,0.532414653582118,1.8197008586099837
215,4470,0.16290322866780715,0.9440608762859236,1.0434919414167634,0.13367020682477,0.47179137813158534,2.0010134140743445
216,10119,0.1802163991978416,0.9199198708622777,1.043314880466295,0.1502163991978416,0.4869675251658631,1.8890784771509133
217,5008,0.18119605256238563,0.9278974901273312,1.0428291728066232,0.15119605256238564,0.4954501908047903,1.8728370830175485
218,11782,0.18352648680871564,0.9522478482957601,1.0428106913972153,0.15352648680871564,0.5188000389289612,1.8354814511225404
219,5995,0.16767319221924493,0.909389635177316,1.0427295445359068,0.13817207014975522,0.4544645372095087,2.0010134140743445
220,2328,0.1834308327315194,0.9467820160680864,1.0425512587952372,0.1534308327315194,0.514339644080062,1.8407720014689564
221,13792,0.17421340106815958,0.8684603593990751,1.042231757154146,0.14432582812675998,0.43401026364474377,2.0010134140743445
222,19172,0.18215837735115586,0.9278974901273312,1.0421933472772456,0.15215837735115587,0.49831045597052953,1.8620871366628675
223,17335,0.15875058714102447,0.974428550075478,1.0419930484997648,0.1297989308356184,0.4869675251658631,2.0010134140743445
224,2659,0.1662571574192917,0.9172759353897799,1.0415560472030267,0.13686985350746342,0.45840569030573225,2.0010134140743445
225,15452,0.16814657183535964,0.9041698059234505,1.0412058364152568,0.13865366914873578,0.4518559443749224,2.0010134140743445
226,18802,0.18319343879740563,0.930572040929699,1.0409050849112973,0.15319343879740563,0.5026318444082005,1.8513988942052726
227,14703,0.1851976807790326,0.9549925860214359,1.0405567367909332,0.1551976807790326,0.5248074602497725,1.8197008586099834
228,12068,0.18147731783317406,0.8989799381034805,1.040017756903215,0.15147731783317406,0.4745150594812158,1.8945235143565926
229,5007,0.18452862296137496,0.9359442919496421,1.0399819438935078,0.15452862296137496,0.5099175975748701,1.8354814511225404
230,1981,0.17699185417095176,0.8560517117200949,1.039882681361134,0.14699185417095176,0.4302788507706685,1.9895277450584161
231,8787,0.16513371935433396,0.9225714271547634,1.039831815356486,0.13585564797210797,0.4610520952362225,2.0010134140743445
232,5213,0.18530517749799946,0.9495109992021983,1.0397544455370125,0.15530517749799946,0.5217951042390023,1.8197008586099832
233,9217,0.181075085429187,0.8912509381337455,1.0393690074470716,0.151075085429187,0.46639082688444056,1.9109529749704406
234,7551,0.1869204913978954,0.9716279515771062,1.0393616010122741,0.1569204913978954,0.5416889793927849,1.79370079241093
235,7312,0.18855060293358866,0.980053987485756,1.038829932780437,0.1585486700776927,0.5511248580808259,1.7782794100389225
236,4771,0.18442708688901405,0.9225714271547634,1.038137422608639,0.15442708688901405,0.49831045597052953,1.8513988942052721
237,9618,0.18456166355953707,0.9252306262333164,1.038037658300772,0.15456166355953707,0.5011872336272722,1.8460778011783932
238,14556,0.18355086531268544,0.9120108393559097,1.0379986098740346,0.15355086531268544,0.4883711493797627,1.867454374637352
239,5453,0.17855094466698768,0.8511380382023763,1.0372685509895627,0.14855094466698768,0.4302788507706685,1.9781080029332392
240,14343,0.18873075805864364,0.974428550075478,1.0371102451127687,0.15873075805864365,0.5479614421527548,1.7782794100389228
241,12933,0.16125773337687516,0.9467820160680864,1.0370914482036382,0.13227688266099447,0.4731512589614805,2.0010134140743445
242,3330,0.18349147301957985,0.9015711376059571,1.037045238925096,0.15349147301957985,0.48000968490811174,1.878235306395005
243,14150,0.18684439770197242,0.9386420366721355,1.0368708230091872,0.15684439770197242,0.5158221650723058,1.8197008586099834
244,16356,0.1871049867268571,0.9467820160680864,1.036772156593334,0.1571049867268571,0.5232991146814947,1.809255910253821
245,15314,0.18526096324480545,0.9199198708622777,1.0365421063426528,0.15526096324480546,0.49831045597052953,1.8460778011783932
246,13080,0.18716457323759328,0.9359442919496421,1.0363834544201371,0.15716457323759328,0.514339644080062,1.8197008586099832
247,12385,0.18983936098685905,0.980053987485756,1.0363518660944877,0.15983936098685905,0.5543065366083507,1.7680722177343187
248,1806,0.18202598226005479,0.8810488730080143,1.036346091889347,0.1520259822600548,0.4610520952362225,1.9109529749704406
249,8786,0.1786088670717122,0.8413951416451951,1.036003478403816,0.1486088670717122,0.42291199192122364,1.9895277450584161
250,12255,0.16285212561508475,0.933254300796991,1.035999348288128,0.13380299157700032,0.46639082688444056,2.0010134140743445
251,1936,0.18923803749022067,0.9688354022599172,1.0359415020545097,0.15923803749022067,0.5448161839981668,1.7782794100389228
252,1731,0.18980089852992965,0.9688354022599172,1.0354070890157447,0.15980089852992965,0.5463865498818543,1.7731684692264285
253,14330,0.1874208546542923,0.9359442919496421,1.035371668668655,0.1574208546542923,0.5158221650723058,1.8144708686925954
254,3405,0.18781000343783089,0.9359442919496421,1.035336391846406,0.1578100034378309,0.5158221650723058,1.8144708686925954
255,10812,0.17887842282773292,0.8413951416451951,1.0353247225751658,0.14887842282773292,0.42291199192122364,1.9895277450584161
256,6594,0.1874997051813861,0.9359442919496421,1.035170792302949,0.1574997051813861,0.5158221650723058,1.8144708686925954
257,8467,0.18093901461381579,0.8585191758708333,1.0351570173140416,0.1509390146138158,0.4415704473533125,1.9442405645953673
258,7748,0.18690482003194903,0.9172759353897799,1.0341307207575385,0.15690482003194903,0.4997467747924086,1.8354814511225412
259,3607,0.1916918355562559,0.9828788730000321,1.0338604479193672,0.1616918355562559,0.5607251037949698,1.7528711776018926
260,8958,0.16272195335554407,0.930572040929699,1.0335416040304488,0.13373982003041324,0.46505037616660627,2.0010134140743445
261,6429,0.18073282783416644,0.8413951416451951,1.0332770652837207,0.15073282783416644,0.4278090819876381,1.966753809283338
262,17898,0.19239644972949316,0.980053987485756,1.0332353607030995,0.16239644972949316,0.5607251037949698,1.7478332624182182
263,11835,0.185368036245237,0.8861352236594998,1.0331961323547143,0.155368036245237,0.4731512589614805,1.8728370830175483
264,14137,0.18790290864437215,0.9172759353897799,1.0330289200269793,0.15790290864437215,0.5026318444082005,1.8249459233323786
265,6226,0.18704834003791837,0.906775964583905,1.0329405276558454,0.15704834003791837,0.4926063433495773,1.8407720014689555
266,3935,0.1896943521091144,0.9413475573131851,1.0328289289513448,0.1596943521091144,0.5248074602497725,1.793700792410931
267,12464,0.183873681253575,0.8709635899560806,1.0327636552485377,0.153873681253575,0.4570881896148752,1.9054607179632463
268,11665,0.1647587202584913,0.9146395988343222,1.0324688541380416,0.1356809261620673,0.4570881896148752,2.001013414074343
269,7315,0.18127218078662,0.8365655957558104,1.0319829947978543,0.15127218078662,0.42413098391048815,1.9724227361148545
270,9365,0.1921878985070622,0.9577452351172411,1.0319145166822015,0.1621878985070622,0.5432503314924333,1.7629906133441193
271,1098,0.18076637970356524,0.8317637711026709,1.0318565907271384,0.15076637970356524,0.41927599668460547,1.9838096568365051
272,2888,0.1920513187578637,0.9632743586991879,1.0317013416936598,0.1620513187578637,0.5463865498818543,1.7629906133441198
273,7135,0.18088265707680667,0.8317637711026709,1.0315468416658515,0.15088265707680668,0.42048450836318807,1.9781080029332392
274,19833,0.1916095459597325,0.9495109992021983,1.0314954456164298,0.1616095459597325,0.5354883169202962,1.7731684692264287
275,17054,0.18326913954235335,0.8535913392913661,1.0313032602053087,0.15326913954235336,0.4428432200537847,1.9275249131909364
276,18325,0.1629901659085338,0.9252306262333164,1.031218110885608,0.13404813032855445,0.46238102139926035,2.0010134140743445
277,14439,0.182776033376716,0.8486917881294367,1.0311473758015308,0.152776033376716,0.4377740356320127,1.9386526359522065
278,5764,0.1930116001481632,0.9660508789898136,1.0310558144760782,0.1630116001481632,0.5511248580808259,1.7528711776018933
279,16621,0.18211984166852674,0.8341612282410431,1.0304823234794127,0.15211984166852674,0.42413098391048815,1.966753809283339
280,2757,0.1831400249026539,0.8438203600288409,1.0304237157295724,0.1531400249026539,0.43401026364474377,1.9442405645953673
281,13071,0.18895305410701163,0.909389635177316,1.0303911508574124,0.15895305410701163,0.49831045597052953,1.8249459233323773
282,6030,0.1947533909571731,0.980053987485756,1.0300709422812941,0.1647533909571731,0.5655877570891539,1.7328062271533038
283,17595,0.19552171541197733,0.9885530946569391,1.0298944467744333,0.16552171541197733,0.5737860693092911,1.7228600475555877
284,13703,0.19042780759400674,0.9172759353897799,1.0297539929369635,0.16042780759400674,0.5069907082747045,1.809255910253821
285,3,0.19488235560188039,0.9828788730000321,1.0296898385141144,0.1648823556018804,0.5672179944867406,1.7328062271533031
286,17779,0.15977725297985623,0.9467820160680864,1.0296791143433854,0.13106247062842113,0.4731512589614805,2.0010134140743445
287,12292,0.17816816327779988,0.8317637711026709,1.0295975618200928,0.14834614161556195,0.41567126199773113,2.0010134140743436
288,12831,0.19582425054600283,0.9971259067705326,1.0294706666907107,0.16582425054600283,0.5804301988538249,1.7179083871575884
289,2701,0.18400855017004425,0.8486917881294367,1.0294228371116108,0.15400855017004425,0.44030133272024147,1.9275249131909356
290,11173,0.18680858388572968,0.8759917176331175,1.0292847725390288,0.15680858388572969,0.4677351412871981,1.8728370830175494
291,946,0.1558652066217305,0.9772372209558107,1.028839802725739,0.12739869691592268,0.4883711493797627,2.0010134140743445
292,18423,0.18700265047623693,0.8709635899560806,1.0287668914300965,0.15700265047623693,0.4637137780291046,1.878235306395005
293,7623,0.19555373852899532,0.9716279515771062,1.0283344069654408,0.16555373852899533,0.5607251037949698,1.7328062271533038
294,6627,0.1911224969250715,0.9146395988343222,1.0281003684353542,0.1611224969250715,0.5069907082747045,1.8040559400917855
295,5440,0.19694814203015648,0.9914024778060788,1.0280168283053315,0.16694814203015648,0.5787619883491206,1.7129709582932136
296,15417,0.18584767541264868,0.8511380382023763,1.0278529440382504,0.15584767541264868,0.44668359215096326,1.9054607179632463
297,11712,0.18499884581656295,0.8462525688072693,1.027824724650804,0.15499884581656295,0.44030133272024147,1.9219850268883039
298,3212,0.19628847142932176,0.9828788730000321,1.0277775483613192,0.16628847142932177,0.5704925797046321,1.7228600475555873
299,2388,0.19004579561753332,0.8912509381337455,1.0273971920020781,0.16004579561753332,0.4869675251658631,1.830206106311056
300,10134,0.1844487907783015,0.8341612282410431,1.0272889795024018,0.1544487907783015,0.4302788507706685,1.9386526359522076
301,9790,0.18560265513509944,0.8462525688072693,1.0270369497371157,0.15560265513509944,0.4415704473533125,1.9164610627353864
302,12852,0.16247390527696637,0.9225714271547634,1.026867304806834,0.1336674167230392,0.4610520952362225,2.0010134140743445
303,479,0.05893177071798328,0.8317637711026709,1.0268004355257692,0.05,0.41567126199773113,2.0010134140743436
304,7183,0.1947843784564005,0.9386420366721355,1.0263813771546508,0.1647843784564005,0.532414653582118,1.7629906133441202
305,5335,0.05787059350859095,0.7120327999992025,1.0260918799266394,0.05,0.3558360953460096,2.0010134140743445
306,2983,0.16982594141990787,0.8734740357683985,1.0260898454637553,0.14059725893403377,0.4365158322401661,2.0010134140743445
307,15621,0.19548856153289534,0.9495109992021983,1.0260894855906857,0.16548856153289535,0.5432503314924333,1.7478332624182185
308,19278,0.18320862174142222,0.8128305161640995,1.0256903079975999,0.15320862174142222,0.4097321098135415,1.9838096568365062
309,15396,0.17450639615757094,0.8462525688072693,1.0256386990738053,0.14500462000421968,0.42291199192122364,2.0010134140743445
310,678,0.1640876239642977,0.909389635177316,1.025527062380285,0.13521736175605148,0.4544645372095087,2.0010134140743445
311,13839,0.16926040554068317,0.8759917176331175,1.025406955975144,0.14008237921008382,0.4377740356320127,2.0010134140743445
312,14892,0.18626467571482447,0.8389768935652859,1.0252690403596902,0.15626467571482447,0.4377740356320127,1.9164610627353862
313,3102,0.19545245075003848,0.933254300796991,1.0252306197832202,0.16545245075003848,0.5308844442309885,1.7579236139586922
314,9156,0.19907152840025483,0.9857119009006164,1.0251456768771523,0.16907152840025483,0.5787619883491206,1.7031386316718775
315,12477,0.19731196838053106,0.9660508789898136,1.0250404848784656,0.16731196838053106,0.5591135275705602,1.7278259805078635
316,9961,0.19993865435512598,0.012196915077508336,1.0250028209374247,0.2,0.0244061906804198,2.0010134140743445
317,1205,0.19730437505778575,0.9632743586991879,1.0249011421260856,0.16730437505778575,0.557506583166466,1.7278259805078637
318,8839,0.15540814950853746,0.974428550075478,1.0247731390529764,0.12706606011750163,0.4869675251658631,2.0010134140743445
319,15619,0.1997539378448106,0.014044296835779475,1.0246803254306502,0.2,0.0281028263596366,2.0010134140743445
320,17750,0.19213078925847338,0.8912509381337455,1.024553539070001,0.16213078925847338,0.4911905467933636,1.8144708686925954
321,9856,0.19858082969904495,0.9772372209558107,1.0242368746605215,0.16858082969904495,0.5704925797046321,1.7129709582932127
322,10774,0.19047263844395163,0.8709635899560806,1.0240820842494405,0.16047263844395163,0.47179137813158534,1.8460778011783925
323,13995,0.18378561174103325,0.8081649291125372,1.0240283630828617,0.15378561174103325,0.40738027780411284,1.9838096568365051
324,1660,0.19016862033808146,0.8684603593990751,1.0240100168900437,0.16016862033808146,0.46908333051147744,1.8513988942052713
325,17286,0.19679012078989988,0.9413475573131851,1.023865261824247,0.16679012078989988,0.5385797247105718,1.7478332624182191
326,5045,0.19940218005918448,0.9857119009006164,1.023855530939499,0.16940218005918448,0.5787619883491206,1.7031386316718775
327,271,0.19777906872024664,0.960505818386731,1.023845004611272,0.16777906872024664,0.5559042572704037,1.7278259805078637
328,11775,0.19742623295472145,0.9440608762859236,1.0238210515573631,0.16742623295472145,0.5432503314924333,1.7378008287493756
329,11900,0.199088927493977,0.974428550075478,1.0237425645793428,0.169088927493977,0.5688529308438416,1.7129709582932127
330,8867,0.1847950123196655,0.8151734005153627,1.0235951926057936,0.1547950123196655,0.41567126199773113,1.9611011754760477
331,13617,0.19062648584807385,0.8709635899560806,1.0235870411938226,0.16062648584807385,0.47179137813158534,1.8460778011783925
332,15748,0.19503260548514328,0.9199198708622777,1.0235020129617074,0.16503260548514329,0.5188000389289612,1.7731684692264285
333,18346,0.152252791860776,1.0,1.0232606180906116,0.12412716798633888,0.4997467747924086,2.0010134140743445
334,9349,0.17131938957861764,0.8609937521846007,1.0231915593283643,0.14207060164872612,0.4302788507706685,2.0010134140743445
335,13938,0.1961947527369874,0.9252306262333164,1.0230967831420315,0.1661947527369874,0.5248074602497725,1.7629906133441202
336,8568,0.19893175022488968,0.9660508789898136,1.0228782386688164,0.16893175022488968,0.5623413251903491,1.7179083871575884
337,4361,0.1896218341138582,0.8511380382023763,1.0226601318213215,0.1596218341138582,0.4544645372095087,1.8728370830175483
338,3610,0.16582600646341694,0.893819859740991,1.0226514573113348,0.13692122063147114,0.44668359215096326,2.0010134140743445
339,18220,0.18505888531323067,0.8104943654808874,1.0225344256942888,0.15505888531323067,0.4120975190973302,1.966753809283338
340,8775,0.19978491913333413,0.974428550075478,1.0224878443388612,0.16978491913333413,0.5704925797046321,1.708047720059708
341,4189,0.1940895754539298,0.8963961859499502,1.022311934620688,0.1640895754539298,0.49831045597052953,1.7988709151287883
342,1131,0.1986279639167121,0.9495109992021983,1.0220975144585434,0.16862796391671211,0.5495408738576245,1.7278259805078637
343,10877,0.17021284371228212,0.8659643233600653,1.02204708276357,0.141058675030712,0.43276287768448307,2.0010134140743445
344,13414,0.19204488657946372,0.8684603593990751,1.0219472481821787,0.16204488657946373,0.4731512589614805,1.8354814511225401
345,69,0.18445613042566728,0.796617788516731,1.021461584304969,0.15445613042566728,0.40040546833054635,1.9895277450584163
346,15992,0.1912719483798842,0.8609937521846007,1.0214511599165497,0.1612719483798842,0.46505037616660627,1.8513988942052721
347,19421,0.1526691856567667,0.9914024778060788,1.02052443791013,0.12458611544830471,0.4954501908047903,2.0010134140743445
348,17639,0.1813203443731951,0.8058421877614819,1.0203541307943937,0.15153201665578983,0.4027170343254591,2.0010134140743445
349,1044,0.18905158455580207,0.8293732044796284,1.0202460738717714,0.15905158455580207,0.43526124504216906,1.9054607179632472
350,18422,0.17874526067285357,0.8175230379436502,1.0197910726444852,0.149127896231425,0.408554501530831,2.0010134140743445
351,13751,0.19800876122044925,0.9199198708622777,1.0195582962677927,0.16800876122044925,0.5248074602497725,1.7528711776018935
352,19325,0.15741059584716877,0.9495109992021983,1.0195137664880298,0.12907911023923757,0.4745150594812158,2.0010134140743445
353,19126,0.18787159999232783,0.8128305161640995,1.019471649235611,0.15787159999232783,0.42048450836318807,1.9330807675369281
354,3528,0.1859705930734591,0.796617788516731,1.0194478432012946,0.1559705930734591,0.4027170343254591,1.9781080029332403
355,12590,0.15150987780911568,1.0,1.0193129010156856,0.12352149227975362,0.4997467747924086,2.0010134140743445
356,6314,0.1948853628197459,0.8810488730080143,1.0192958715843135,0.1648853628197459,0.4883711493797627,1.8040559400917868
357,6220,0.19072983613536115,0.8389768935652859,1.019144237106575,0.16072983613536115,0.44668359215096326,1.878235306395005
358,78,0.19909762969971223,0.9225714271547634,1.0187470278821935,0.16909762969971223,0.5293586328441946,1.742809826672464
359,13242,0.16860720225464304,0.8709635899560806,1.0185373323498796,0.13963481977783065,0.43526124504216906,2.0010134140743445
360,6670,0.16612468201250247,0.8861352236594998,1.0184104843710402,0.1373044187161372,0.4428432200537847,2.001013414074344
361,14499,0.19934637833933055,0.9199198708622777,1.0182873515083601,0.16934637833933056,0.527837206781577,1.7428098266724639
362,16804,0.19570310036823202,0.8810488730080143,1.0181359787845974,0.16570310036823202,0.48977881936844614,1.7988709151287885
363,18964,0.18744411965294583,0.7989139416674045,1.018006996932899,0.15744411965294583,0.408554501530831,1.9554647878653113
364,3194,0.1750034047257159,0.8341612282410431,1.0178111248887645,0.14566208172025427,0.41686938347033553,2.001013414074344
365,10057,0.19075521302702386,0.8293732044796284,1.0177379786435257,0.16075521302702386,0.4390358656409447,1.8890784771509124
366,17382,0.19568083218052634,0.8709635899560806,1.0171636596449918,0.16568083218052634,0.4813932540001448,1.8092559102538204
367,3802,0.19693643211014106,0.878516656407272,1.0164617576875523,0.16693643211014106,0.48977881936844614,1.7937007924109307
368,13972,0.19586803254248164,0.8684603593990751,1.0163695955515553,0.16586803254248164,0.48000968490811174,1.8092559102538202
369,8283,0.18769194586605148,0.7920452613228854,1.0162783301315166,0.15769194586605148,0.4027170343254591,1.966753809283338
370,755,0.1988876050047687,0.8963961859499502,1.0162509494405096,0.1688876050047687,0.5084520468600939,1.76299061334412
371,6100,0.19131256192963814,0.819879447913879,1.0156437785013321,0.16131256192963814,0.43276287768448307,1.8945235143565924
372,14052,0.19292130624529957,0.8317637711026709,1.0152624170963962,0.16292130624529957,0.44539978186304774,1.8674543746373522
373,3742,0.196717439542331,0.8634754611613358,1.0152300269939518,0.166717439542331,0.4772544648148744,1.809255910253821
374,10596,0.19732197984135763,0.8734740357683985,1.015082625382154,0.16732197984135763,0.4869675251658631,1.7937007924109307
375,19727,0.18907874720588064,0.796617788516731,1.0150360550305724,0.15907874720588064,0.4097321098135415,1.9442405645953673
376,12856,0.0568288153958631,0.6077850313707005,1.0146754856465983,0.05,0.30373860919461043,2.0010134140743445
377,12151,0.17895433038495295,0.8104943654808874,1.0145091518273068,0.14945364172343634,0.4050419451364931,2.0010134140743445
378,7997,0.1986531430389255,0.8810488730080143,1.0142732517057584,0.1686531430389255,0.4954501908047903,1.7782794100389228
379,13363,0.19989285810783985,0.8861352236594998,1.0139093757956834,0.16989285810783986,0.5011872336272722,1.7680722177343196
380,10627,0.19627786844881734,0.8462525688072693,1.013207927620128,0.16627786844881734,0.4637137780291046,1.8249459233323773
381,9820,0.1805905877511953,0.8012167131981434,1.0131303237928628,0.15102427864105927,0.40040546833054635,2.0010134140743445
382,10436,0.1888260715825913,0.780728440137907,1.0130956690795918,0.1588260715825913,0.39582206483572263,1.9724227361148536
383,7251,0.18046142369452306,0.8012167131981434,1.012589352418778,0.1509162613366793,0.40040546833054635,2.0010134140743445
384,5853,0.19528250346844672,0.8269895085679317,1.0122993363093709,0.16528250346844672,0.44668359215096326,1.8513988942052713
385,3634,0.1750707023705388,0.8269895085679317,1.0120665737731191,0.14586533356991946,0.41328533969398284,2.0010134140743445
386,2910,0.16638836786015326,0.8759917176331175,1.0120651093356652,0.13770543895530615,0.4377740356320127,2.0010134140743445
387,15870,0.19393067050511686,0.8128305161640995,1.011860331686863,0.16393067050511687,0.43151907682776525,1.883649089489801
388,8326,0.19738034996404624,0.8462525688072693,1.0116716175412455,0.16738034996404624,0.46505037616660627,1.8197008586099837
389,2923,0.19370406542575241,0.8128305161640995,1.0114558816865435,0.16370406542575242,0.43151907682776525,1.883649089489801
390,12060,0.19827270305599126,0.8535913392913661,1.0113644124032943,0.16827270305599126,0.4731512589614805,1.8040559400917866
391,10446,0.15613208645733861,0.9467820160680864,1.0112984080880016,0.1280724046372791,0.4731512589614805,2.0010134140743445
392,19901,0.15280555658386755,0.974428550075478,1.0112540473965026,0.12493810717505105,0.4869675251658631,2.0010134140743445
393,1468,0.17915887442659378,0.8058421877614819,1.0112526849922432,0.14972564516955852,0.4027170343254591,2.0010134140743445
394,148,0.1964880225294945,0.8341612282410431,1.0112294810778486,0.1664880225294945,0.4544645372095087,1.8354814511225412
395,2490,0.18894335667395384,0.7717915155850124,1.0111507524369532,0.15894335667395385,0.38904514499428067,1.9838096568365053
396,1178,0.1885941082063729,0.7695733148155091,1.0111188529571256,0.1585941082063729,0.3868120546330523,1.9895277450584152
397,9966,0.15405034618901098,0.9632743586991879,1.0109608176333835,0.12611879020045444,0.4813932540001448,2.0010134140743445
398,9102,0.18977317256359666,0.776247116628692,1.0107498994075306,0.15977317256359666,0.39468443531910424,1.9667538092833392
399,11956,0.19807934554830975,0.8462525688072693,1.0107224545256406,0.16807934554830975,0.46639082688444056,1.8144708686925966
400,1657,0.17555522424987902,0.8222426499470712,1.0101353105665951,0.1463676554098749,0.41091311240781225,2.001013414074344
401,14904,0.19477410720933885,0.8081649291125372,1.0094715371482899,0.16477410720933885,0.4302788507706685,1.878235306395005
402,15508,0.1790902570698535,0.8035261221856173,1.0088994303926917,0.14971892149262495,0.40155958802371305,2.0010134140743445
403,15582,0.15198914752504222,0.9772372209558107,1.0086580028726968,0.12423054355578497,0.4883711493797627,2.0010134140743445
404,10983,0.19664714914997483,0.819879447913879,1.0086393239265423,0.16664714914997483,0.4428432200537847,1.8513988942052724
405,16051,0.19194029457829148,0.7784845538140539,1.0083325097444316,0.16194029457829148,0.40040546833054635,1.9442405645953673
406,6516,0.14941747809251632,1.0,1.008150540311464,0.12181562109051203,0.4997467747924086,2.0010134140743445
407,4537,0.1818832531089139,0.7897688493998856,1.008065119471473,0.15236305887545254,0.39468443531910424,2.0010134140743445
408,7622,0.1971768102400805,0.819879447913879,1.0080005895691317,0.1671768102400805,0.4441196613655889,1.8460778011783934
409,5219,0.19470247837956367,0.7943282347242817,1.0078890407635255,0.16470247837956367,0.41927599668460547,1.8945235143565924
410,16517,0.19946322505627012,0.8365655957558104,1.007874461872633,0.16946322505627012,0.4610520952362225,1.8144708686925966
411,6824,0.18285649743830057,0.7852356346100718,1.007862892779996,0.15328222243622155,0.3924189758484536,2.0010134140743445
412,12484,0.1977313651340865,0.8222426499470712,1.007627762294487,0.1677313651340865,0.44668359215096326,1.8407720014689553
413,15389,0.19905188381855798,0.8317637711026709,1.0072637498195907,0.16905188381855799,0.4570881896148752,1.8197008586099825
414,17851,0.19376841975524867,0.7852356346100718,1.0070055045196125,0.16376841975524867,0.4097321098135415,1.9164610627353864
415,5624,0.16603709928928512,0.8709635899560806,1.0066315108897586,0.13750634685627522,0.43526124504216906,2.0010134140743445
416,7325,0.15869759557949425,0.9199198708622777,1.0065107907655597,0.13060354638371705,0.4597269885308723,2.001013414074344
417,366,0.19057560125855522,0.7563973523567668,1.0062765907678441,0.16057560125855522,0.38018939632056126,1.9895277450584161
418,5810,0.1741606629600993,0.824612663620516,1.0060873139754563,0.14515601104158074,0.4120975190973302,2.001013414074344
419,5908,0.19618950869585516,0.7989139416674045,1.0060424199263842,0.16618950869585516,0.42535348949477564,1.878235306395005
420,9518,0.15775483112734087,0.9252306262333164,1.005403494666076,0.12974242982723228,0.46238102139926035,2.0010134140743445
421,8393,0.18692868906309135,0.7651560209006901,1.0051235599695656,0.15717516964234102,0.3823842536581126,2.0010134140743445
422,14947,0.17425965023515466,0.8222426499470712,1.0045096547577674,0.14528748173942205,0.41091311240781225,2.001013414074344
423,18808,0.19354906125504234,0.7651560209006901,1.004407151773637,0.16354906125504234,0.3924189758484536,1.9498445997580456
424,6655,0.1684657978351034,0.8535913392913661,1.004377852545886,0.13984452386094948,0.4265795188015928,2.001013414074344
425,8207,0.18722995945147325,0.7629568911615332,1.0041671025788599,0.15748197909776807,0.3812852456636189,2.0010134140743445
426,13691,0.19768130157034725,0.7989139416674045,1.0041529805846048,0.16768130157034725,0.4278090819876381,1.8674543746373522
427,2426,0.1638495090668524,0.8810488730080143,1.0039280907184212,0.13551400891668391,0.44030133272024147,2.0010134140743445
428,11128,0.19429172286647384,0.7695733148155091,1.003755757442084,0.16429172286647384,0.3981071705534973,1.9330807675369275
429,17672,0.19788148540603778,0.7943282347242817,1.0037285767249167,0.16788148540603778,0.42413098391048815,1.8728370830175491
430,6834,0.1731550545545733,0.8269895085679317,1.0036926676744553,0.14426925493486104,0.41328533969398284,2.0010134140743445
431,18845,0.16261421413094568,0.8886893998466987,1.0036581055989597,0.13435835661206644,0.4441196613655889,2.0010134140743445
432,16952,0.1749915782316628,0.8175230379436502,1.00365365555785,0.14599618374031653,0.408554501530831,2.0010134140743445
433,19814,0.16912528831152956,0.8486917881294367,1.0034882486587677,0.14048610298953954,0.42413098391048815,2.0010134140743445
434,827,0.17635594464994886,0.8104943654808874,1.0034381488849717,0.14728360085399647,0.4050419451364931,2.0010134140743445
435,17036,0.1935250938696883,0.7607640819262703,1.0032740361127919,0.1635250938696883,0.38904514499428067,1.9554647878653113
436,18994,0.19948672996630856,0.8035261221856173,1.002558407914106,0.16948672996630856,0.43526124504216906,1.8460778011783932
437,15267,0.19612737414604198,0.7717915155850124,1.002095784065404,0.16612737414604198,0.4027170343254591,1.9164610627353864
438,9585,0.19715105115913079,0.7784845538140539,1.001858574619957,0.1671510511591308,0.41091311240781225,1.8945235143565922
439,10458,0.16622972542279416,0.8634754611613358,1.0018133171574217,0.13780381111806725,0.43151907682776525,2.001013414074344
440,10827,0.16745806070385816,0.8560517117200949,1.0017124761701826,0.13896145429753207,0.4278090819876381,2.0010134140743445
441,6086,0.19389832768817006,0.7542233958475707,1.001514443715613,0.16389832768817006,0.38459178204535355,1.9611011754760475
442,13443,0.1682095356521118,0.8511380382023763,1.0012778015960586,0.13967858669138117,0.42535348949477564,2.001013414074343
443,321,0.16279799537838158,0.8835883884127874,1.0008216084081099,0.1345995800884241,0.4415704473533125,2.0010134140743445
444,15648,0.1702621553457278,0.8389768935652859,1.0007843218112038,0.14162049725264594,0.41927599668460547,2.0010134140743445
445,11896,0.19417754958360872,0.7498942093324559,1.0006829517115834,0.16417754958360872,0.3812852456636189,1.9667538092833383
446,7591,0.18960522452090167,0.7498942093324559,1.0004745395422356,0.15980539350675904,0.3747572125493981,2.0010134140743445
447,7610,0.199812525803521,0.013182567385564075,1.0002551278483867,0.2,0.02637849417045267,2.001013414074344
448,17368,0.1654799246636055,0.8659643233600653,1.000246669631968,0.13713641349348954,0.43276287768448307,2.0010134140743445
449,10460,0.19312915632875183,0.7413102413009177,1.0001747049430516,0.16312915632875183,0.3726061338637685,1.9895277450584161
450,6582,0.1484729375630054,0.9942600739529568,0.9998786244672522,0.12112296899835047,0.4968782652628518,2.0010134140743445
451,2917,0.198588390173829,0.776247116628692,0.9995660218747812,0.168588390173829,0.41091311240781225,1.889078477150913
452,19531,0.1870902757433584,0.758577575029184,0.9993144590941075,0.15747146619648988,0.379096696550681,2.0010134140743445
453,16643,0.16767639651708377,0.8511380382023763,0.9988540663485261,0.1392358762314665,0.42535348949477564,2.001013414074343
454,14240,0.15067752228412323,0.9716279515771062,0.9984686176532661,0.12323792351514641,0.4855679350988134,2.001013414074344
455,3329,0.19584456469823647,0.7477389434625966,0.9983552039489101,0.16584456469823647,0.38348642940846817,1.9498445997580456
456,5641,0.17416795219171022,0.8151734005153627,0.9980808037115805,0.14535808227109223,0.40738027780411284,2.0010134140743445
457,5768,0.19942661958162705,0.7717915155850124,0.9980715358577955,0.16942661958162705,0.4097321098135415,1.8836490894898004
458,15712,0.16335593442390772,0.8759917176331175,0.997861012399874,0.13519575283474808,0.4377740356320127,2.0010134140743445
459,12968,0.19692067504572147,0.7520556874920592,0.9978392590102688,0.16692067504572147,0.38904514499428067,1.9330807675369273
460,3325,0.17940952745527067,0.7897688493998856,0.99782617652311,0.15029082627038653,0.39468443531910424,2.0010134140743445
461,1499,0.19634481229471396,0.7498942093324559,0.9975573632322965,0.16634481229471396,0.38570032072575483,1.9442405645953675
462,3927,0.184968604872773,0.7651560209006901,0.9973339380914595,0.15552707289127154,0.3823842536581126,2.0010134140743445
463,10003,0.17353031807041777,0.8175230379436502,0.9973252984093165,0.14477704845878253,0.408554501530831,2.0010134140743445
464,3902,0.1805746982104136,0.7829787941891024,0.9964059989957055,0.15142080821992984,0.391291127126853,2.0010134140743445
465,7655,0.19809061365647135,0.7520556874920592,0.996254047630898,0.16809061365647135,0.390166519947627,1.9275249131909356
466,13855,0.15485568126380922,0.933254300796991,0.9961670641048093,0.12723293194690014,0.46639082688444056,2.0010134140743445
467,8312,0.1963777335513382,0.7370551753379343,0.9956915098728933,0.1663777335513382,0.3747572125493981,1.966753809283338
468,8563,0.15104742326108836,0.9632743586991879,0.9954117124294384,0.12366034063442662,0.4813932540001448,2.0010134140743445
469,3282,0.19643647418283555,0.7349368100487516,0.9947295533714571,0.16643647418283555,0.37368012538211576,1.966753809283338
470,9448,0.19972844728848166,0.7542233958475707,0.994439985176077,0.16972844728848166,0.39582206483572263,1.9054607179632463
471,912,0.05958488698304197,0.909389635177316,0.993369387841068,0.05,0.4544645372095087,2.0010134140743445
472,19253,0.18996725506370965,0.7413102413009177,0.9931664220918657,0.16032842758750435,0.3704674022107158,2.0010134140743445
473,11396,0.1581620390271512,0.9041698059234505,0.9931310980071193,0.13042042303801785,0.4518559443749224,2.0010134140743445
474,13970,0.1528951815801913,0.9440608762859236,0.9931141561658952,0.1254581060883159,0.47179137813158534,2.0010134140743445
475,7699,0.19897732264723467,0.7349368100487516,0.9915123191864254,0.16897732264723467,0.37800713730181124,1.9442405645953662
476,6587,0.15383213048858724,0.933254300796991,0.9910039327283173,0.12639195946810447,0.46639082688444056,2.0010134140743445
477,16896,0.1715619543512176,0.819879447913879,0.9907461277314058,0.14308654761027423,0.4097321098135415,2.0010134140743445
478,17380,0.17384102927461387,0.8081649291125372,0.9906378272255137,0.14523233957463097,0.40387781682432594,2.0010134140743445
479,18250,0.1990003444499711,0.7286181745132277,0.9906242204144846,0.1690003444499711,0.3726061338637685,1.9554647878653109
480,2180,0.15004314679661096,0.9632743586991879,0.9901824155990002,0.12283815401907634,0.4813932540001448,2.0010134140743445
481,17646,0.19953087450489265,0.7307183271098219,0.9899877078278756,0.16953087450489265,0.37583740428844414,1.944240564595367
482,8048,0.15712167628004892,0.906775964583905,0.9898299886879155,0.12951976015507377,0.4531583637600818,2.0010134140743445
483,12483,0.1620367761376696,0.8734740357683985,0.9897885927698855,0.13414868412319828,0.4365158322401661,2.0010134140743445
484,19669,0.14745017049302958,0.9857119009006164,0.9895890975204488,0.12040432892200871,0.4926063433495773,2.0010134140743445
485,8015,0.15249568490399149,0.9413475573131851,0.9893688803027885,0.12517112368029748,0.47043540572597625,2.0010134140743445
486,5066,0.15737192239138448,0.9041698059234505,0.9892690033151982,0.12976889283190826,0.4518559443749224,2.0010134140743445
487,8873,0.1725940288491712,0.8128305161640995,0.9892612150386083,0.14409315604505987,0.40620942890585743,2.0010134140743445
488,5871,0.1993664054634311,0.7244359600749902,0.9891323665992671,0.1693664054634311,0.3704674022107158,1.955464787865311
489,2698,0.17874271371197958,0.7829787941891024,0.9888546877129556,0.14988459868366344,0.391291127126853,2.0010134140743445
490,13487,0.19275264907242895,0.7265240579509924,0.9883679590999307,0.16306693797577218,0.3630780547701014,2.0010134140743445
491,3599,0.16902164053372332,0.8293732044796284,0.987421886840291,0.14077796004764692,0.4144765840379391,2.0010134140743445
492,14875,0.17613048801682873,0.7920452613228854,0.9861836173683585,0.14749399995384518,0.39582206483572263,2.001013414074343
493,11959,0.19696091578114405,0.7099863513495661,0.9860774689874815,0.1670808313729257,0.35481338923357547,2.0010134140743445
494,18725,0.1909636136947786,0.7307183271098219,0.9860445107739914,0.1614435975889105,0.3651741272548377,2.001013414074344
495,5123,0.19260229962886516,0.7244359600749902,0.9856043901893318,0.16299515793591263,0.36203453459111845,2.001013414074344
496,5707,0.18687458239909333,0.7455898720277816,0.9855782556414691,0.1576110538109181,0.3726061338637685,2.0010134140743445
497,14166,0.17545035945056375,0.7943282347242817,0.9853546658198273,0.14687469337919745,0.3969629734300071,2.0010134140743445
498,17543,0.15803931183357445,0.893819859740991,0.9853372044393686,0.13049180852573028,0.44668359215096326,2.0010134140743445
499,7746,0.175419766534269,0.7943282347242817,0.9852255680829801,0.1468490831426927,0.3969629734300071,2.0010134140743445
500,11167,0.19908125871955973,0.7018592047908021,0.9847075687411005,0.16910912211864207,0.35075187395256796,2.0010134140743445
501,18414,0.18807407347474958,0.7391796465554599,0.9837406100746561,0.15878461035182462,0.36940264435828357,2.0010134140743445
502,12368,0.16313492263788137,0.8585191758708333,0.9837049343086928,0.13532869770102687,0.4290421892388855,2.0010134140743445
503,16607,0.14896592449485335,0.960505818386731,0.982903910879034,0.12199576291018767,0.48000968490811174,2.0010134140743445
504,522,0.14527348494846398,0.9942600739529568,0.9827015751448535,0.11851288256641507,0.4968782652628518,2.0010134140743445
505,12213,0.16205647145531893,0.8634754611613358,0.9824305083290074,0.13434419942696343,0.43151907682776525,2.001013414074344
506,17421,0.18328840217833042,0.7563973523567668,0.982167745722434,0.1543239143727757,0.37800713730181124,2.0010134140743445
507,17133,0.15242137303448863,0.930572040929699,0.9821478712815108,0.12527385873915006,0.46505037616660627,2.0010134140743445
508,2808,0.17761762794147584,0.780728440137907,0.98214412749924,0.14899168216464723,0.390166519947627,2.0010134140743445
509,9643,0.1761352066949992,0.787498980096981,0.9821208443833956,0.14759795337947137,0.3935500754557774,2.0010134140743445
510,909,0.17562269384052065,0.7897688493998856,0.9820128537624131,0.1471186070411087,0.39468443531910424,2.0010134140743445
511,19381,0.16858151416633843,0.824612663620516,0.9815637815155855,0.14050601160918705,0.4120975190973302,2.001013414074344
512,11415,0.15504713602535816,0.909389635177316,0.9813806460972463,0.12776749504119925,0.4544645372095087,2.0010134140743445
513,5037,0.16174854340206601,0.8634754611613358,0.9809912474485603,0.1340889282401736,0.43151907682776525,2.001013414074344
514,6522,0.19190382739422862,0.722353863586956,0.9808092100364575,0.16245928072747007,0.3609940135864167,2.0010134140743445
515,6470,0.16599833166619593,0.8365655957558104,0.9797005397735853,0.1381203542870063,0.418070958381256,2.0010134140743445
516,15159,0.1674681909133467,0.8269895085679317,0.9785651180061453,0.1395310762975326,0.41328533969398284,2.0010134140743445
517,19596,0.1752806274110693,0.787498980096981,0.9785421584443217,0.14688183219237128,0.3935500754557774,2.0010134140743445
518,9175,0.19187787501679804,0.7202777512383407,0.9785217702924979,0.16249254134557903,0.3599564831360897,2.0010134140743436
519,9257,0.162770126257251,0.8535913392913661,0.9782574842422259,0.1351165108748789,0.4265795188015928,2.001013414074344
520,14489,0.1663849990931305,0.8317637711026709,0.9775898999957643,0.1385352589603206,0.41567126199773113,2.0010134140743436
521,15010,0.16050849359785763,0.8659643233600653,0.9770324942165569,0.13301649243555638,0.43276287768448307,2.0010134140743445
522,2010,0.19088451561923148,0.722353863586956,0.9770086226871167,0.16159636590158238,0.3609940135864167,2.0010134140743445
523,10740,0.16675445322916155,0.8269895085679317,0.9753827487607516,0.13893640463645288,0.41328533969398284,2.0010134140743445
524,14072,0.18753607269148148,0.732824533138904,0.9752094408717957,0.1584919970631539,0.3662266969249198,2.0010134140743445
525,17318,0.15064509957158062,0.933254300796991,0.974832022482553,0.12377342274754739,0.46639082688444056,2.0010134140743445
526,111,0.16073196285357894,0.8609937521846007,0.9743797352322302,0.13329073097303826,0.4302788507706685,2.0010134140743445
527,10438,0.19433890559839262,0.707945784384138,0.9743504033033055,0.16491261644841326,0.3537936224738549,2.0010134140743445
528,7608,0.1722813561181745,0.796617788516731,0.9739266142909281,0.14417299380248397,0.3981071705534973,2.0010134140743445
529,6484,0.15458039654849173,0.9015711376059571,0.9737968661377518,0.12750912825735305,0.4505572682644998,2.0010134140743445
530,9268,0.17085333683208126,0.8035261221856173,0.9737754399987761,0.14283288070739664,0.40155958802371305,2.0010134140743445
531,9108,0.1934853578729096,0.7099863513495661,0.9734479768508547,0.16413253524783147,0.35481338923357547,2.0010134140743445
532,17676,0.199651197054031,0.014496060737478809,0.9734177159137064,0.2,0.02900681198693153,2.0010134140743445
533,19734,0.14489344716921418,0.980053987485756,0.9727348072944273,0.11839265089689524,0.48977881936844614,2.0010134140743445
534,16068,0.14921890484052322,0.9413475573131851,0.972579434552458,0.12248148532852544,0.47043540572597625,2.0010134140743445
535,7020,0.1991151207000496,0.019838096568365052,0.9724092355348392,0.2,0.03969629734300069,2.0010134140743445
536,13448,0.19290507902459364,0.7099863513495661,0.9713272200344616,0.16364028798131042,0.35481338923357547,2.0010134140743445
537,17575,0.17640261052994116,0.7740161100463954,0.9709688471069656,0.1481232030367973,0.3868120546330523,2.001013414074343
538,665,0.1783929304261112,0.7651560209006901,0.9708835702595242,0.149998051359868,0.3823842536581126,2.0010134140743445
539,4375,0.19513586899595403,0.7018592047908021,0.9705895834106723,0.1657577197974686,0.35075187395256796,2.0010134140743445
540,10716,0.14675712373167057,0.9577452351172411,0.969709085764007,0.12022584491759923,0.47863009232263826,2.0010134140743445
541,14647,0.19733230456679873,0.6938250889094058,0.9695318046498703,0.16785121782382964,0.34673685045253166,2.0010134140743445
542,2803,0.19602562169084187,0.6978305848598664,0.969341208146787,0.16662661730958356,0.34873858413521835,2.0010134140743445
543,1691,0.15012734200516156,0.9278974901273312,0.9688079497459158,0.12342885200045295,0.4637137780291046,2.0010134140743445
544,13205,0.16786175395090286,0.8128305161640995,0.9686238802037467,0.140142333239016,0.40620942890585743,2.0010134140743445
545,12179,0.1748425045163849,0.7784845538140539,0.9685883339558168,0.14671358287926278,0.38904514499428067,2.0010134140743445
546,16888,0.1802893484214248,0.7542233958475707,0.9681346190367218,0.1518503972326442,0.37692070954780155,2.0010134140743445
547,12509,0.19626845816001726,0.6958249547006052,0.9679855920506054,0.16688966542814682,0.3477362769317013,2.001013414074344
548,12352,0.186138925600578,0.7307183271098219,0.9677302823203869,0.15736473152588612,0.3651741272548377,2.001013414074344
549,11035,0.14221589428958595,0.9971259067705326,0.967688338710785,0.11598143029981117,0.49831045597052953,2.0010134140743445
550,18231,0.15543188265486574,0.8861352236594998,0.9673182725501527,0.12846666756162722,0.4428432200537847,2.001013414074344
551,17309,0.19854848186439655,0.6878599123088078,0.9671004864430787,0.16905763405869892,0.3437557726853157,2.0010134140743445
552,13287,0.16266188974671764,0.8389768935652859,0.9664597531268166,0.13529875539992245,0.41927599668460547,2.0010134140743445
553,2471,0.15100526841947365,0.9172759353897799,0.9664266232312766,0.12431385985569801,0.45840569030573225,2.0010134140743445
554,3655,0.16778278253871204,0.8104943654808874,0.9663280189416937,0.14012372774082,0.4050419451364931,2.0010134140743445
555,18735,0.16992986659761325,0.7989139416674045,0.9658330082974672,0.14215703080974257,0.3992546656849758,2.0010134140743445
556,14040,0.19436011809592202,0.6998419960022735,0.9655871539524371,0.16515482469967038,0.34974378036641784,2.0010134140743445
557,16262,0.14659250851889766,0.9522478482957601,0.9655794170436387,0.12016901977352139,0.47588279098881686,2.0010134140743445
558,7818,0.15787228558878796,0.8659643233600653,0.9645893762761768,0.13083181588145754,0.43276287768448307,2.0010134140743445
559,12353,0.1875527039417894,0.722353863586956,0.9645086801376765,0.15877576697978668,0.3609940135864167,2.0010134140743445
560,7914,0.15218995204854496,0.9041698059234505,0.9637248440067344,0.12549583990188393,0.4518559443749224,2.0010134140743445
561,17143,0.1575592893472597,0.8659643233600653,0.9631058037240198,0.1305724298436201,0.43276287768448307,2.0010134140743445
562,4513,0.1631486342974598,0.8317637711026709,0.9629992736497278,0.1358406011636321,0.41567126199773113,2.0010134140743436
563,10335,0.14956796413607457,0.9225714271547634,0.9625736091640146,0.1230496882346284,0.4610520952362225,2.0010134140743445
564,10320,0.182037848223084,0.7413102413009177,0.9624767118774059,0.15363617249315795,0.3704674022107158,2.0010134140743445
565,13667,0.15813531068611852,0.8609937521846007,0.9621833259975338,0.13113739656873674,0.4302788507706685,2.0010134140743445
566,779,0.18135210519518835,0.743446977224627,0.9618851544172012,0.15300538370911532,0.37153522909717257,2.0010134140743445
567,10365,0.14706354538739813,0.9413475573131851,0.9614510494385979,0.12071232861532091,0.47043540572597625,2.0010134140743445
568,9343,0.1615108696303309,0.8389768935652859,0.9611965425567892,0.1343413609578076,0.41927599668460547,2.0010134140743445
569,18518,0.19313330498868825,0.6998419960022735,0.9611663114908277,0.16411235721380243,0.34974378036641784,2.0010134140743445
570,4738,0.14128362486411788,0.9942600739529568,0.9610647374456225,0.11525798839353638,0.4968782652628518,2.0010134140743445
571,1844,0.14502639122520594,0.9577452351172411,0.9606128917867693,0.1188080004366968,0.47863009232263826,2.0010134140743445
572,5379,0.16220358340470648,0.8341612282410431,0.9606008133935645,0.13500829688568097,0.41686938347033553,2.001013414074344
573,12029,0.1746223339287269,0.7695733148155091,0.9595549467604427,0.14672792004479931,0.38459178204535355,2.0010134140743445
574,8014,0.19891490171145737,0.6799860450033224,0.9594163678136138,0.16959934712311242,0.33982083289425596,2.0010134140743445
575,19190,0.182317139267683,0.7370551753379343,0.9593563747271475,0.15397657453399946,0.36834094671918605,2.0010134140743436
576,2186,0.16617602713367532,0.8104943654808874,0.9592717018087151,0.13878184656853995,0.4050419451364931,2.0010134140743445
577,156,0.16300561024621008,0.8269895085679317,0.9585610130605674,0.13581294522945223,0.41328533969398284,2.0010134140743445
578,19402,0.15205035685603135,0.8963961859499502,0.957819721172241,0.12550519347206288,0.44797110286470376,2.0010134140743445
579,18642,0.15755600115905036,0.8585191758708333,0.9576237923354817,0.13070069919464714,0.4290421892388855,2.0010134140743445
580,10327,0.15907466015174732,0.8486917881294367,0.9573942289981632,0.1321374190235801,0.42413098391048815,2.0010134140743445
581,11919,0.19565273430297125,0.6878599123088078,0.9569206248333454,0.16659199832596058,0.3437557726853157,2.0010134140743445
582,16791,0.14945310984093158,0.9146395988343222,0.9569021125605194,0.12307655903860233,0.4570881896148752,2.001013414074343
583,6597,0.18722711981268503,0.716143410212902,0.9568333550985333,0.1586618650633348,0.3578903595427346,2.001013414074344
584,15021,0.17845314690017983,0.7498942093324559,0.9566479608778237,0.1504060630974806,0.3747572125493981,2.0010134140743445
585,1874,0.15453189407416124,0.8759917176331175,0.9558298497640698,0.12789284839888956,0.4377740356320127,2.0010134140743445
586,6694,0.15341739672008542,0.8835883884127874,0.9557536439709852,0.12684380497921557,0.4415704473533125,2.0010134140743445
587,15322,0.17978462292889408,0.743446977224627,0.9557090775318337,0.1516829109131505,0.37153522909717257,2.0010134140743445
588,12446,0.1468367733312507,0.933254300796991,0.9553158117008306,0.12064441573009073,0.46639082688444056,2.0010134140743445
589,7172,0.15741558192507382,0.8560517117200949,0.9551398841003552,0.13062792021749825,0.4278090819876381,2.0010134140743445
590,1451,0.14421116397379435,0.9549925860214359,0.9547045145798834,0.1181785111775507,0.4772544648148744,2.0010134140743445
591,6481,0.14766576305943308,0.9252306262333164,0.9545736926646856,0.1214448696417944,0.46238102139926035,2.0010134140743445
592,9992,0.05641643682436288,0.5639622051458343,0.9542599375680492,0.05,0.28183829312644537,2.0010134140743445
593,15150,0.19353562973545813,0.6918309709189366,0.9538178974135338,0.16467761721763247,0.34574029641823917,2.0010134140743445
594,17864,0.18686646167079513,0.7140851472862814,0.9533342520929958,0.1584100650181897,0.35686174928348113,2.0010134140743445
595,4,0.1854924913116261,0.7182076058301705,0.9524490832516884,0.15713846807458326,0.35892193464500516,2.0010134140743445
596,16217,0.1728757298447739,0.7695733148155091,0.9523349619179469,0.14526032092036673,0.38459178204535355,2.0010134140743445
597,17751,0.17179976662563715,0.7740161100463954,0.9518721210860397,0.14425824899708264,0.3868120546330523,2.001013414074343
598,14759,0.15555653079706117,0.8634754611613358,0.9517808224666547,0.1289557733047942,0.43151907682776525,2.001013414074344
599,3676,0.17175730442713671,0.7740161100463954,0.9516947759469291,0.1442225939870407,0.3868120546330523,2.001013414074343
600,8829,0.19844075235072095,0.6741398498898495,0.9510655184404209,0.16936699351857165,0.3368992157414908,2.001013414074344
601,12267,0.1664901485183446,0.7989139416674045,0.9509483197585585,0.1392794900997901,0.3992546656849758,2.0010134140743445
602,9354,0.16213839744534478,0.8222426499470712,0.9508644442013165,0.1351814916781431,0.41091311240781225,2.001013414074344
603,10183,0.18267971995747584,0.7265240579509924,0.9502267223955534,0.1545453341735583,0.3630780547701014,2.0010134140743445
604,13924,0.19052669770044278,0.6978305848598664,0.9495488634554232,0.16195239617736956,0.34873858413521835,2.0010134140743445
605,6947,0.15777140320895028,0.8462525688072693,0.9494883335489407,0.13109881857389913,0.42291199192122364,2.0010134140743445
606,4390,0.1489911459573693,0.906775964583905,0.9494731455707892,0.12281753827036025,0.4531583637600818,2.0010134140743445
607,13171,0.14312102428765608,0.9549925860214359,0.9489497977939986,0.11728516088806275,0.4772544648148744,2.0010134140743445
608,11756,0.1801626347700797,0.7349368100487516,0.9488638545533982,0.15220873070480023,0.36728230049808464,2.001013414074344
609,2355,0.19254979270128136,0.6898425842094826,0.9481017255833469,0.1638943589476995,0.34474660657314943,2.0010134140743445
610,18513,0.16600779632308235,0.796617788516731,0.9469123921759778,0.1389229892875618,0.3981071705534973,2.0010134140743445
611,11022,0.19659051714050713,0.6760829753919819,0.9469080430845725,0.1677310632220933,0.33787028644419825,2.0010134140743445
612,17003,0.19843500052033358,0.6702703370061167,0.9465876126456612,0.16947668539938046,0.3349654391578278,2.001013414074343
613,4699,0.1983877875581253,0.6702703370061167,0.9464260370220077,0.16943636239022397,0.3349654391578278,2.001013414074343
614,8530,0.17583902511370753,0.7498942093324559,0.9461715522399132,0.1482027970122903,0.3747572125493981,2.0010134140743445
615,2635,0.18758176086671624,0.703882227936457,0.9452603722168226,0.15928679494222203,0.35176287324493943,2.001013414074344
616,9524,0.17865966457468363,0.7370551753379343,0.9450459870991691,0.15088764155197204,0.36834094671918605,2.0010134140743436
617,10184,0.19226842021396706,0.6878599123088078,0.9449163710068156,0.1637103639391042,0.3437557726853157,2.0010134140743445
618,12253,0.18403251540515425,0.716143410212902,0.9448141824871304,0.15595466167343336,0.3578903595427346,2.001013414074344
619,12445,0.14602751624372373,0.9225714271547634,0.9445230809112216,0.12013695881505584,0.4610520952362225,2.0010134140743445
620,6017,0.1606091431605321,0.8222426499470712,0.943963694176061,0.13390648909619235,0.41091311240781225,2.001013414074344
621,924,0.13833923966299463,0.9914024778060788,0.9434286962849362,0.11289212298828186,0.4954501908047903,2.0010134140743445
622,8755,0.1419513279132924,0.9549925860214359,0.9427553134366933,0.11632661529254147,0.4772544648148744,2.0010134140743445
623,13395,0.14665864679024862,0.9146395988343222,0.9427492331755146,0.12077528275867323,0.4570881896148752,2.001013414074343
624,18278,0.14429897681210213,0.933254300796991,0.9421931389288016,0.1185593046823027,0.46639082688444056,2.0010134140743445
625,14477,0.17831588576169483,0.7349368100487516,0.9416297741579457,0.15064852193645414,0.36728230049808464,2.001013414074344
626,3740,0.14977047476848818,0.8886893998466987,0.9413580512694449,0.12374634632307716,0.4441196613655889,2.0010134140743445
627,14404,0.19366075759378898,0.6799860450033224,0.9410911403775286,0.1651195449344362,0.33982083289425596,2.0010134140743445
628,12448,0.16781002256058164,0.780728440137907,0.9410047219708138,0.140764730590967,0.390166519947627,2.0010134140743445
629,13421,0.15292144655732767,0.8659643233600653,0.9409668571781589,0.12672895984053156,0.43276287768448307,2.0010134140743445
630,11340,0.1655207336084079,0.7920452613228854,0.9409215288021459,0.13860925130046944,0.39582206483572263,2.001013414074343
631,3552,0.1710389175331289,0.7651560209006901,0.9407091001644832,0.14381457984567825,0.3823842536581126,2.0010134140743445
632,14318,0.16364367196690977,0.8012167131981434,0.940434278666947,0.1368519136059631,0.40040546833054635,2.0010134140743445
633,11422,0.14991495794432588,0.8861352236594998,0.9403458274610422,0.1239068506138701,0.4428432200537847,2.001013414074344
634,17790,0.18160315472692856,0.7202777512383407,0.939794726712435,0.15379135361682336,0.3599564831360897,2.0010134140743436
635,12614,0.15806121413991736,0.8317637711026709,0.9397890183869554,0.131604720087775,0.41567126199773113,2.0010134140743436
636,16883,0.15681999234332372,0.8389768935652859,0.9395667441149506,0.13043958740990352,0.41927599668460547,2.0010134140743445
637,1991,0.15483186989307796,0.8511380382023763,0.939339102856212,0.12856998075410492,0.42535348949477564,2.001013414074343
638,7316,0.14853420632593617,0.893819859740991,0.9386613266549156,0.12264351816348322,0.44668359215096326,2.0010134140743445
639,575,0.1817350834867622,0.7182076058301705,0.9381954521004698,0.15395541033809174,0.35892193464500516,2.0010134140743445
640,18864,0.17631933289596957,0.7391796465554599,0.9378590426892972,0.1488604785025777,0.36940264435828357,2.0010134140743445
641,10549,0.1413001874598536,0.9522478482957601,0.9377163132492461,0.1158306464117605,0.47588279098881686,2.0010134140743445
642,18737,0.17729260643469025,0.7349368100487516,0.9376048198528153,0.1497840138894965,0.36728230049808464,2.001013414074344
643,8899,0.14337444582903028,0.933254300796991,0.9373889054154552,0.11779968910545094,0.46639082688444056,2.0010134140743445
644,12869,0.19574728599540964,0.6702703370061167,0.9373547686427204,0.16718119847525184,0.3349654391578278,2.001013414074343
645,1118,0.15244072556285873,0.8634754611613358,0.9368858127062942,0.12637278259791163,0.43151907682776525,2.001013414074344
646,12327,0.1808158558524116,0.7202777512383407,0.9367800246446271,0.15312462643471564,0.3599564831360897,2.0010134140743436
647,10329,0.1892940139963929,0.6898425842094826,0.9364230644282892,0.16112310816509756,0.34474660657314943,2.0010134140743445
648,6307,0.1390890819641452,0.9688354022599172,0.9352712024275676,0.11379657665304087,0.48417236758409943,2.001013414074344
649,12660,0.1687819835076489,0.7695733148155091,0.9352699699141007,0.1418205153025897,0.38459178204535355,2.0010134140743445
650,18655,0.16875646702920383,0.7695733148155091,0.9351629711394588,0.14179907486181173,0.38459178204535355,2.0010134140743445
651,2111,0.19964516923474113,0.6569011164762665,0.9350704657503693,0.17091375029583444,0.32828421431654653,2.001013414074344
652,14979,0.16014175339417325,0.8128305161640995,0.9343528464769192,0.133697155197191,0.40620942890585743,2.0010134140743445
653,18721,0.16886416547667682,0.7673614893618189,0.9336366064851858,0.14193776772762046,0.38348642940846817,2.0010134140743445
654,7434,0.15322106870950059,0.8535913392913661,0.9335053446464562,0.12718977783323768,0.4265795188015928,2.001013414074344
655,15824,0.1971904517333979,0.6625978159041461,0.9334588738646464,0.1686415141908361,0.3311311214825911,2.0010134140743445
656,4404,0.1989620360238764,0.6569011164762665,0.9327806598949487,0.17032892843679293,0.32828421431654653,2.001013414074344
657,11621,0.1526375389847972,0.8560517117200949,0.9325090838925366,0.12666296449732492,0.4278090819876381,2.0010134140743445
658,3288,0.17094368101175128,0.7563973523567668,0.9323325018822008,0.14392999053675798,0.37800713730181124,2.0010134140743445
659,794,0.14926601364134912,0.878516656407272,0.9319696087695072,0.12349360632527916,0.4390358656409447,2.0010134140743445
660,3629,0.15592303184456427,0.8341612282410431,0.9317573399528565,0.12978075165000091,0.41686938347033553,2.001013414074344
661,18167,0.18852905050702667,0.6878599123088078,0.9315168677874905,0.1605264111352854,0.3437557726853157,2.0010134140743445
662,15178,0.1454291456640248,0.906775964583905,0.9314967801924752,0.1198812825315659,0.4531583637600818,2.0010134140743445
663,17904,0.14606550941749116,0.9015711376059571,0.9313733027510104,0.12048543146574181,0.4505572682644998,2.0010134140743445
664,9176,0.1421977126276061,0.933254300796991,0.9312557909189081,0.116832858478931,0.46639082688444056,2.0010134140743445
665,3262,0.17723462458541406,0.7286181745132277,0.9312006291458307,0.14988785914735625,0.3641245827681179,2.0010134140743445
666,16282,0.13635504906669285,0.9885530946569391,0.9310136263896889,0.11130858971118132,0.4940262207658599,2.0010134140743445
667,11365,0.18308194303762337,0.7059110821984096,0.9306724888358047,0.15541294197161007,0.352776786618874,2.0010134140743445
668,9697,0.18359406413328178,0.703882227936457,0.9304774812609552,0.1559006052138845,0.35176287324493943,2.001013414074344
669,4697,0.15132227615852492,0.8609937521846007,0.9297494019066154,0.12548752870048482,0.4302788507706685,2.0010134140743445
670,10288,0.15420018620491308,0.8413951416451951,0.9291622399913749,0.12821740013399663,0.42048450836318807,2.001013414074344
671,12641,0.15939450909032027,0.8104943654808874,0.9291288659218677,0.13311826432488932,0.4050419451364931,2.0010134140743445
672,7477,0.17299782134190472,0.743446977224627,0.9286453535928403,0.14595693833699927,0.37153522909717257,2.0010134140743445
673,11517,0.17246424063399432,0.7455898720277816,0.9285104539584014,0.1454572920621841,0.3726061338637685,2.0010134140743445
674,5689,0.18419749461962215,0.6998419960022735,0.928494251761187,0.15651927582699104,0.34974378036641784,2.0010134140743445
675,11282,0.16442432622294634,0.7829787941891024,0.9284573047282849,0.1378779231777231,0.391291127126853,2.0010134140743445
676,1114,0.14067629522442332,0.9413475573131851,0.928070892102786,0.11546956203717104,0.47043540572597625,2.0010134140743445
677,12044,0.16568786661135035,0.776247116628692,0.9280662161972822,0.13907894313825123,0.38792699297709543,2.0010134140743445
678,15169,0.18517474311788673,0.6958249547006052,0.9278630721318968,0.15745653282450198,0.3477362769317013,2.001013414074344
679,2134,0.13626712341375238,0.9828788730000321,0.9275266757133702,0.11130826720349138,0.4911905467933636,2.0010134140743436
680,11725,0.15121196440164092,0.8585191758708333,0.9274565132812801,0.12543799873379374,0.4290421892388855,2.0010134140743445
681,12062,0.14198711431693123,0.9278974901273312,0.9269356445813722,0.1167362739186667,0.4637137780291046,2.0010134140743445
682,9842,0.13574242260177105,0.9857119009006164,0.926139744162154,0.1108440583348568,0.4926063433495773,2.0010134140743445
683,17919,0.15129769286807399,0.8535913392913661,0.924342215484977,0.125593171387262,0.4265795188015928,2.001013414074344
684,2345,0.17539430249509746,0.7286181745132277,0.9239834375935765,0.14833149317821004,0.3641245827681179,2.0010134140743445
685,6279,0.19239002963094537,0.6683439175686146,0.9235475945056699,0.16436943303503002,0.3340027172570385,2.0010134140743445
686,17284,0.1395171183020427,0.9440608762859236,0.9235232840103844,0.11448073934163472,0.47179137813158534,2.0010134140743445
687,4528,0.17369006525888686,0.7349368100487516,0.923339741416836,0.1467404403961326,0.36728230049808464,2.001013414074344
688,16294,0.1752015502346443,0.7286181745132277,0.9232252968595969,0.14816848200738084,0.3641245827681179,2.0010134140743445
689,13668,0.1592255834812415,0.8035261221856173,0.9227665205647413,0.13311211353919186,0.40155958802371305,2.0010134140743445
690,5022,0.18040597735479685,0.707945784384138,0.9227012199777169,0.15308937578353232,0.3537936224738549,2.0010134140743445
691,18730,0.13360721650361107,1.0,0.9216668738028762,0.10892598555628452,0.4997467747924086,2.0010134140743445
692,13555,0.19813076848036043,0.6493816315762113,0.9211271532738287,0.16984600640936756,0.32452637598964373,2.001013414074344
693,19083,0.19106517030874148,0.6702703370061167,0.9211000021172708,0.16318236034109088,0.3349654391578278,2.001013414074343
694,11739,0.17312562175707213,0.7349368100487516,0.9210912066968608,0.1462635755396909,0.36728230049808464,2.001013414074344
695,12515,0.18274611681843406,0.6978305848598664,0.9210065960953683,0.15533871036482103,0.34873858413521835,2.0010134140743445
696,3072,0.17754887739387792,0.716143410212902,0.9200787132152575,0.15046023276647896,0.3578903595427346,2.001013414074344
697,11722,0.19260867512510682,0.6645076729077796,0.9199557511978835,0.16466746851637887,0.3320855663604716,2.0010134140743445
698,1977,0.18352140558605123,0.6938250889094058,0.9196643500455279,0.1561036419859585,0.34673685045253166,2.0010134140743445
699,11209,0.19562590659976098,0.6550131214249725,0.9193417880112628,0.16752937110490385,0.32734069487883827,2.0010134140743445
700,1741,0.14239575145533123,0.9120108393559097,0.9193085812668752,0.1173033677760274,0.4557744755438333,2.001013414074344
701,9879,0.15473006034755765,0.824612663620516,0.918966187581072,0.12896137374844618,0.4120975190973302,2.001013414074344
702,4872,0.1409223516286348,0.9225714271547634,0.9181723005661837,0.1159369356489878,0.4610520952362225,2.0010134140743445
703,13857,0.1835828136624188,0.6918309709189366,0.9177809432721525,0.15620886116607852,0.34574029641823917,2.0010134140743445
704,10164,0.15169052905546254,0.8413951416451951,0.9173559583982612,0.12613062110441337,0.42048450836318807,2.001013414074344
705,14188,0.13548404643922088,0.9716279515771062,0.917217052645745,0.11081130283729501,0.4855679350988134,2.001013414074344
706,9675,0.14726511034599415,0.8709635899560806,0.916993319852475,0.12196001634419487,0.43526124504216906,2.0010134140743445
707,16243,0.17108155885175647,0.7391796465554599,0.9169106118005083,0.1444384021612954,0.36940264435828357,2.0010134140743445
708,5657,0.1347172776178031,0.9772372209558107,0.9160180235088706,0.11011312911047012,0.4883711493797627,2.0010134140743445
709,7691,0.14434165034966048,0.8912509381337455,0.9160023069761087,0.11922127564572374,0.44539978186304774,2.0010134140743445
710,2969,0.1939813646156554,0.6569011164762665,0.9159496582037514,0.166065037491506,0.32828421431654653,2.001013414074344
711,14572,0.17225846009353651,0.732824533138904,0.9156148391708342,0.14558045798560829,0.3662266969249198,2.0010134140743445
712,2975,0.14786423959396955,0.8634754611613358,0.9147648926284598,0.12257889310890926,0.43151907682776525,2.001013414074344
713,16465,0.16015878339558104,0.787498980096981,0.9137474520903395,0.13421001450248382,0.3935500754557774,2.0010134140743445
714,5091,0.17737746696068357,0.7099863513495661,0.9132516171678218,0.15046830245014475,0.35481338923357547,2.0010134140743445
715,10861,0.14439184416623974,0.8861352236594998,0.9129131095603011,0.11934191831352636,0.4428432200537847,2.001013414074344
716,4610,0.1526046270113507,0.8293732044796284,0.9127213937625449,0.12710424544840226,0.4144765840379391,2.0010134140743445
717,13060,0.18163309023287344,0.6938250889094058,0.9126909943442142,0.1544974375058449,0.34673685045253166,2.0010134140743445
718,5024,0.19822837557907402,0.641948221508036,0.9126152561053767,0.17015838192274196,0.32081155328236366,2.0010134140743445
719,16596,0.18556395300690526,0.6799860450033224,0.912305606062577,0.1582160260934453,0.33982083289425596,2.0010134140743445
720,9773,0.059142444423649,0.8389768935652859,0.9119668227173076,0.05,0.41927599668460547,2.0010134140743445
721,4298,0.18169562979459614,0.6918309709189366,0.9108305354756616,0.15460307445368146,0.34574029641823917,2.0010134140743445
722,12138,0.1914186442467501,0.658794553441924,0.9093553896073079,0.1638158635577658,0.32923045333340656,2.0010134140743445
723,14168,0.13237720795782776,0.9885530946569391,0.9089721925235257,0.10806142074344936,0.4940262207658599,2.0010134140743445
724,14125,0.19317037084421695,0.6531305526474723,0.908840074032324,0.1654822615872314,0.3263998872039577,2.0010134140743445
725,8813,0.16371697764384863,0.7629568911615332,0.9081007787832298,0.13770485090523507,0.3812852456636189,2.0010134140743445
726,12201,0.1344891298234503,0.9632743586991879,0.9072737034980907,0.11010430530051833,0.4813932540001448,2.0010134140743445
727,5622,0.19187036702208432,0.6550131214249725,0.9065844002844404,0.16431321638110757,0.32734069487883827,2.0010134140743445
728,11907,0.19610308570773755,0.641948221508036,0.9055969319493885,0.16833404227123153,0.32081155328236366,2.0010134140743445
729,5099,0.19662930246879684,0.640103202470931,0.9051498345922246,0.16884243313404157,0.31988951096913987,2.0010134140743445
730,15050,0.16208916716776192,0.7673614893618189,0.9050210355773993,0.13624308328340304,0.38348642940846817,2.0010134140743445
731,10280,0.1773538965765426,0.7018592047908021,0.9049480043858947,0.15065286379683127,0.35075187395256796,2.0010134140743445
732,18715,0.1675872132654168,0.7413102413009177,0.9047229265528699,0.14144013597293345,0.3704674022107158,2.0010134140743445
733,6157,0.1362109066972626,0.9413475573131851,0.9043708047076469,0.11180429308240873,0.47043540572597625,2.0010134140743445
734,3880,0.14007212681177983,0.906775964583905,0.9041136305621491,0.11546534315696111,0.4531583637600818,2.0010134140743445
735,19653,0.15959730260566768,0.7784845538140539,0.903768640470308,0.1339210516796797,0.38904514499428067,2.0010134140743445
736,14907,0.15221088389758433,0.819879447913879,0.9037281444804964,0.12694731747475602,0.4097321098135415,2.0010134140743445
737,18943,0.14454583284329944,0.8709635899560806,0.9036042179410367,0.11970800208301743,0.43526124504216906,2.0010134140743445
738,3223,0.15217571100676092,0.819879447913879,0.9035655175664912,0.1269179824888238,0.4097321098135415,2.0010134140743445
739,8702,0.17224604164493423,0.7202777512383407,0.9035172839150388,0.145867245200373,0.3599564831360897,2.0010134140743436
740,6983,0.1434918403640848,0.878516656407272,0.903401534233613,0.11871640712124752,0.4390358656409447,2.0010134140743445
741,10566,0.16303269634232487,0.7607640819262703,0.9032875170003593,0.13717589070500955,0.38018939632056126,2.0010134140743445
742,1766,0.15247360146890881,0.8175230379436502,0.9031450709629804,0.12720934436132084,0.408554501530831,2.0010134140743445
743,16035,0.19860838970528127,0.6327760017024558,0.9028419243046226,0.17077077286443204,0.31622776601683794,2.0010134140743445
744,9605,0.18707092432713635,0.6664230348401748,0.902805908248953,0.15987904568396266,0.3330427623087463,2.0010134140743445
745,10597,0.1939554814668199,0.6456542290346556,0.9027999759904579,0.16637868189126434,0.3226636185911482,2.0010134140743445
746,10673,0.17833796707565486,0.6958249547006052,0.9024912544775598,0.15164313174624514,0.3477362769317013,2.001013414074344
747,18078,0.19443468435419764,0.6437985585864101,0.9022305760341173,0.16684582746174853,0.3217362532695599,2.0010134140743445
748,10760,0.16550256667252156,0.7477389434625966,0.902018859161813,0.13953833087128864,0.37368012538211576,2.0010134140743445
749,9622,0.16441986361997124,0.7520556874920592,0.9014035513784188,0.13853125794320326,0.37583740428844414,2.001013414074344
750,13786,0.17057592013023773,0.7244359600749902,0.9009188659202064,0.14435470965438513,0.36203453459111845,2.001013414074344
751,4195,0.1920820261625834,0.6493816315762113,0.9008202615499324,0.16466077074731741,0.32452637598964373,2.001013414074344
752,19811,0.16807724356771142,0.7349368100487516,0.9008155972707675,0.14199850005774642,0.36728230049808464,2.001013414074344
753,8612,0.19718002907201215,0.6345999009812868,0.9003873585017701,0.16948581590236075,0.31713925379897995,2.001013414074344
754,2748,0.1655353474218058,0.7455898720277816,0.9002157654980453,0.13961342529926554,0.3726061338637685,2.0010134140743445
755,11428,0.19973124130247466,0.6273356959840383,0.8998596559634374,0.17190876652839968,0.313508990780174,2.0010134140743445
756,8662,0.12993520789170607,0.9971259067705326,0.8996005232533489,0.10596615331122605,0.49831045597052953,2.0010134140743445
757,4695,0.14681602139519506,0.8486917881294367,0.8993506457114598,0.12195462256506161,0.42413098391048815,2.0010134140743445
758,10581,0.16673612950180736,0.7391796465554599,0.8992878891211481,0.14076970241233352,0.36940264435828357,2.0010134140743445
759,13613,0.15077849671571847,0.8222426499470712,0.8988687940941705,0.12571027233625856,0.41091311240781225,2.001013414074344
760,12007,0.17669864352263098,0.6978305848598664,0.8983747699559229,0.1501982087821303,0.34873858413521835,2.0010134140743445
761,1540,0.19005217199106866,0.6531305526474723,0.8982099978587468,0.16281101031798872,0.3263998872039577,2.0010134140743445
762,4774,0.1659184857829382,0.7413102413009177,0.8978965725157655,0.14003176454993152,0.3704674022107158,2.0010134140743445
763,4530,0.18990272295212496,0.6531305526474723,0.8976981045912072,0.1626829825834642,0.3263998872039577,2.0010134140743445
764,485,0.1922567982272932,0.6456542290346556,0.8970942733519077,0.16492151926711038,0.3226636185911482,2.0010134140743445
765,12143,0.14356477262675427,0.8684603593990751,0.897071310778132,0.11893519426257994,0.43401026364474377,2.0010134140743445
766,12582,0.1380268079609897,0.9120108393559097,0.8967234933418576,0.11370430122894583,0.4557744755438333,2.001013414074344
767,3458,0.18715008351120171,0.6606934480075961,0.8967104158847359,0.160108809512394,0.33017941976827203,2.0010134140743445
768,9469,0.19465111213917546,0.6382634861905486,0.8964324710725876,0.16719990246521169,0.31897011869148584,2.0010134140743436
769,18800,0.1636639517067256,0.7498942093324559,0.8963234612517286,0.13794125278695205,0.3747572125493981,2.0010134140743445
770,966,0.13355407360076135,0.9522478482957601,0.8961703455175575,0.1094807795672266,0.47588279098881686,2.0010134140743445
771,18970,0.15784299449599276,0.7784845538140539,0.8961243475026986,0.13244897926252647,0.38904514499428067,2.0010134140743445
772,11180,0.1422922529865806,0.8759917176331175,0.8957471242987036,0.11776314299762437,0.4377740356320127,2.0010134140743445
773,17504,0.17230141871527044,0.7120327999992025,0.8956998628127034,0.14611266310896748,0.3558360953460096,2.0010134140743445
774,6137,0.16975111875443594,0.722353863586956,0.8956595242781943,0.143705547877772,0.3609940135864167,2.0010134140743445
775,14925,0.15604511017145234,0.787498980096981,0.8956255800409576,0.13076283457664012,0.3935500754557774,2.0010134140743445
776,17979,0.13806576241997506,0.909389635177316,0.8953376303093508,0.11377389526542729,0.4544645372095087,2.0010134140743445
777,11657,0.1731724573987464,0.707945784384138,0.895057470230728,0.14695113651326877,0.3537936224738549,2.0010134140743445
778,6893,0.13985180410820341,0.893819859740991,0.8949020823068572,0.11547452739406718,0.44668359215096326,2.0010134140743445
779,4501,0.14134188318881913,0.8810488730080143,0.8942877299216934,0.11689876477405597,0.44030133272024147,2.0010134140743445
780,10408,0.1821816349596599,0.6741398498898495,0.8938136653166308,0.15549001614790242,0.3368992157414908,2.001013414074344
781,18857,0.17766273013403872,0.6898425842094826,0.8937943491815934,0.15122280245395786,0.34474660657314943,2.0010134140743445
782,17726,0.19583144576692912,0.6327760017024558,0.8937939300941318,0.16838305468567177,0.31622776601683794,2.0010134140743445
783,5909,0.17819710236178987,0.6878599123088078,0.8937334624118335,0.1517290902378945,0.3437557726853157,2.0010134140743445
784,4263,0.17986126362488197,0.6819460214464238,0.893690237327922,0.15330185325907342,0.340800324800365,2.0010134140743445
785,16305,0.16164987155108118,0.7563973523567668,0.8936256437795183,0.1361048524573181,0.37800713730181124,2.0010134140743445
786,15703,0.1638312067961435,0.7455898720277816,0.8931688450782804,0.13817614369357864,0.3726061338637685,2.0010134140743445
787,19335,0.19623947677580506,0.6309573444801934,0.8929527182271815,0.16879040865279835,0.31531889793555934,2.0010134140743445
788,6242,0.15698793138799932,0.7784845538140539,0.8923842355746678,0.13173147997647705,0.38904514499428067,2.0010134140743445
789,18416,0.15501631747204153,0.787498980096981,0.891059357891799,0.12990072586064833,0.3935500754557774,2.0010134140743445
790,12208,0.12931011450482693,0.9857119009006164,0.8903748180114641,0.10559158736624052,0.4926063433495773,2.0010134140743445
791,12674,0.19875164257690164,0.6219421634147762,0.8901315577675001,0.17123716682904824,0.3108135902739475,2.0010134140743445
792,1932,0.16930078220497075,0.7182076058301705,0.8899077483932842,0.1434217922860489,0.35892193464500516,2.0010134140743445
793,3290,0.17976447677533886,0.678031701715246,0.889202402982203,0.1533231742664528,0.33884415613920255,2.0010134140743445
794,1387,0.1303931754320306,0.9716279515771062,0.8891994048002717,0.10664752072634043,0.4855679350988134,2.001013414074344
795,9667,0.18070752714596455,0.6741398498898495,0.8884885869847606,0.15423188138692065,0.3368992157414908,2.001013414074344
796,12593,0.1853868021649382,0.658794553441924,0.8884373293390853,0.15865381979048077,0.32923045333340656,2.0010134140743445
797,15320,0.19995014601838274,0.01053173687129716,0.8874795662134655,0.2,0.021074146752966986,2.0010134140743445
798,13052,0.1416066333618609,0.8684603593990751,0.8873567242469834,0.11731298799566545,0.43401026364474377,2.0010134140743445
799,18681,0.16100895863784273,0.7520556874920592,0.8871165611631903,0.13565741443369186,0.37583740428844414,2.001013414074344
800,18267,0.18741393785833993,0.6512533945481498,0.8870257861494348,0.16060501097885424,0.32546178349804583,2.0010134140743445
801,7664,0.17206670693663745,0.703882227936457,0.8867727141830605,0.1461120427570458,0.35176287324493943,2.001013414074344
802,18668,0.16536440190080248,0.7307183271098219,0.8859094953948676,0.13980162733343784,0.3651741272548377,2.001013414074344
803,2330,0.1870670848501228,0.6512533945481498,0.8858313683204492,0.1603077741146736,0.32546178349804583,2.0010134140743445
804,5969,0.13556322181682956,0.9146395988343222,0.8854244412307944,0.11163805752292646,0.4570881896148752,2.001013414074343
805,12256,0.15795442165031107,0.7651560209006901,0.8854116625140164,0.13281274877108976,0.3823842536581126,2.0010134140743445
806,12008,0.13698423545235272,0.9015711376059571,0.8849723838980914,0.11299453771326166,0.4505572682644998,2.0010134140743445
807,14618,0.17690515917803706,0.6839116472814293,0.8848473244841537,0.15073118434783653,0.3417826399718576,2.0010134140743445
808,19053,0.13255159667700733,0.9413475573131851,0.8847211960212256,0.10880066745576691,0.47043540572597625,2.0010134140743445
809,10260,0.18250471285150233,0.6645076729077796,0.8845546086440954,0.1560292600426497,0.3320855663604716,2.0010134140743445
810,3452,0.1563031682584048,0.7717915155850124,0.8838361310468441,0.13129049817425184,0.38570032072575483,2.0010134140743445
811,186,0.12733999403607238,0.9942600739529568,0.8835065466649931,0.10388289208150235,0.4968782652628518,2.0010134140743445
812,17736,0.17380036483009903,0.6938250889094058,0.8833533093055262,0.14783490700623134,0.34673685045253166,2.0010134140743445
813,15822,0.15875762392003212,0.758577575029184,0.8832392677634449,0.13362423947063892,0.379096696550681,2.0010134140743445
814,7744,0.17366018422513174,0.6938250889094058,0.8828221208601575,0.147715669128223,0.34673685045253166,2.0010134140743445
815,1835,0.14333978178054135,0.8486917881294367,0.8825125900585207,0.11906703927461369,0.42413098391048815,2.0010134140743445
816,1910,0.14952781282267008,0.8081649291125372,0.8824368629311047,0.12492030321224704,0.40387781682432594,2.0010134140743445
817,14574,0.1616594624352316,0.743446977224627,0.8822273164809138,0.13639085167216572,0.37153522909717257,2.0010134140743445
818,7148,0.13861701568765655,0.8835883884127874,0.8821439982830407,0.11460701381060551,0.4415704473533125,2.0010134140743445
819,2085,0.15627886934491061,0.7695733148155091,0.8818794967831444,0.1313146659423925,0.38459178204535355,2.0010134140743445
820,16769,0.19969444188927177,0.013031667784522994,0.8817511642295822,0.2,0.026076542044591002,2.0010134140743445
821,4749,0.12751068239213798,0.9885530946569391,0.8816644234804241,0.10408880585886673,0.4940262207658599,2.0010134140743445
822,12229,0.14012041161382402,0.8709635899560806,0.8815874841244342,0.11604301691301548,0.43526124504216906,2.0010134140743445
823,11238,0.1980680348493401,0.6165950018614822,0.8813965439099517,0.17081900067607056,0.3081413635333949,2.0010134140743445
824,16069,0.1356605899160549,0.906775964583905,0.8812436396269973,0.1118287908099053,0.4531583637600818,2.0010134140743445
825,16950,0.17421976930588787,0.6898425842094826,0.8808968379440631,0.14829222616044171,0.34474660657314943,2.0010134140743445
826,7704,0.18142253642677952,0.6645076729077796,0.88070093462455,0.15510407195217837,0.3320855663604716,2.0010134140743445
827,3586,0.1656411787959353,0.722353863586956,0.8792518475788399,0.1402262119074714,0.3609940135864167,2.0010134140743445
828,16772,0.13206973868441677,0.9359442919496421,0.8791104971260727,0.10847599601132032,0.4677351412871981,2.0010134140743445
829,317,0.13644109488987416,0.8963961859499502,0.8789957692797804,0.11262101823218763,0.44797110286470376,2.0010134140743445
830,16227,0.14710184157136402,0.8175230379436502,0.8781874307954111,0.12272766328308873,0.408554501530831,2.0010134140743445
831,536,0.13182660227463217,0.9359442919496421,0.8778006962868915,0.10827629497094027,0.4677351412871981,2.0010134140743445
832,8201,0.12704136082007816,0.9857119009006164,0.8776024221567745,0.10373897665722527,0.4926063433495773,2.0010134140743445
833,7972,0.15964484488512581,0.7477389434625966,0.877588150585868,0.13459957531386627,0.37368012538211576,2.0010134140743445
834,10791,0.16562049896500386,0.7202777512383407,0.8772260399168057,0.1402563780393664,0.3599564831360897,2.0010134140743436
835,4141,0.16732266729362133,0.7120327999992025,0.8761859498850444,0.14189065127297185,0.3558360953460096,2.0010134140743445
836,10848,0.1836645214576903,0.6531305526474723,0.8761312097160401,0.1573389348031325,0.3263998872039577,2.0010134140743445
837,12034,0.17711706403815486,0.6741398498898495,0.8754219380497741,0.1511674607237984,0.3368992157414908,2.001013414074344
838,15838,0.15519010630884966,0.7673614893618189,0.8752948676824149,0.13044411880229614,0.38348642940846817,2.0010134140743445
839,7686,0.18953950666606184,0.6345999009812868,0.8751449589924503,0.16291841564389023,0.31713925379897995,2.001013414074344
840,9747,0.19207675993565548,0.6273356959840383,0.8750230687065443,0.16532055107645777,0.313508990780174,2.0010134140743445
841,10653,0.1414535399302242,0.8511380382023763,0.8749711213263993,0.1174608232722894,0.42535348949477564,2.001013414074343
842,4709,0.13019496297851307,0.9467820160680864,0.8749148005194021,0.10679663840190715,0.4731512589614805,2.0010134140743445
843,1886,0.16214717334492273,0.732824533138904,0.8746977712384083,0.13703512584408267,0.3662266969249198,2.0010134140743445
844,15885,0.17522310906776678,0.6799860450033224,0.8745460801159708,0.1493991885126998,0.33982083289425596,2.0010134140743445
845,6032,0.13638851474635993,0.8886893998466987,0.8739649707705167,0.11268963663487182,0.4441196613655889,2.0010134140743445
846,7178,0.16975481189313663,0.6998419960022735,0.8738701021086973,0.14424680574797788,0.34974378036641784,2.0010134140743445
847,1054,0.15916174166969432,0.7455898720277816,0.87367843896902,0.1342378910437814,0.3726061338637685,2.0010134140743445
848,10881,0.1464550801621527,0.8151734005153627,0.873422368276003,0.12222931557349308,0.40738027780411284,2.0010134140743445
849,10325,0.1547426741603144,0.7673614893618189,0.873346141680911,0.13006803237689385,0.38348642940846817,2.0010134140743445
850,15321,0.1554835233819994,0.7629568911615332,0.8728878526388271,0.1307795667479043,0.3812852456636189,2.0010134140743445
851,10626,0.17315894410970864,0.6858829387920187,0.8728875298930137,0.1474892462836632,0.34276778654645046,2.0010134140743436
852,10934,0.1300751537564767,0.9440608762859236,0.8727848926989055,0.10673313750489245,0.47179137813158534,2.0010134140743445
853,17049,0.16306977209417178,0.7265240579509924,0.8727244707203742,0.13795550172600557,0.3630780547701014,2.0010134140743445
854,11572,0.13996070715818573,0.8585191758708333,0.8725763282238971,0.11610450983003603,0.4290421892388855,2.0010134140743445
855,16200,0.12810246565925792,0.9632743586991879,0.8721520804516775,0.10487563572767451,0.4813932540001448,2.0010134140743445
856,19860,0.19541679517311777,0.6148228503413087,0.8707994574721826,0.1685886324318258,0.3072557365267447,2.0010134140743445
857,8519,0.18759139348826864,0.6364290574262721,0.8707273725912277,0.16118986275357117,0.31805336883295204,2.0010134140743445
858,4911,0.12676451977815065,0.974428550075478,0.8703978501309981,0.10364622538673134,0.4869675251658631,2.0010134140743445
859,11966,0.13270490738130158,0.9146395988343222,0.8703571442481562,0.1092841988059712,0.4570881896148752,2.001013414074343
860,12788,0.17513576486711585,0.6760829753919819,0.8701793885143843,0.14942586487211118,0.33787028644419825,2.0010134140743445
861,15278,0.12475339729524207,0.9971259067705326,0.8701503172819699,0.10174022759790989,0.49831045597052953,2.0010134140743445
862,4683,0.18491379535014707,0.6437985585864101,0.8700140080987301,0.15867588283829595,0.3217362532695599,2.0010134140743445
863,9385,0.17183880232065057,0.6878599123088078,0.8699098233670611,0.146315202649852,0.3437557726853157,2.0010134140743445
864,11474,0.16713870520910307,0.7059110821984096,0.8695898530301134,0.14187919061212065,0.352776786618874,2.0010134140743445
865,16530,0.14342982757075606,0.8293732044796284,0.8694044557195605,0.11946256391570231,0.4144765840379391,2.0010134140743445
866,8308,0.1754685344730771,0.6741398498898495,0.8693762485481987,0.14976045892171777,0.3368992157414908,2.001013414074344
867,15496,0.13424654845297945,0.8989799381034805,0.8691827178630301,0.110772929570153,0.4492623246702935,2.0010134140743445
868,6096,0.19412050814221288,0.6165950018614822,0.868799837275161,0.167414551453527,0.3081413635333949,2.0010134140743445
869,7080,0.15577549033519555,0.7563973523567668,0.8686122997706758,0.13115878116759547,0.37800713730181124,2.0010134140743445
870,11032,0.12814819565092073,0.9549925860214359,0.8680728290701958,0.10501519129869362,0.4772544648148744,2.0010134140743445
871,511,0.15175189186826363,0.776247116628692,0.8674736894388576,0.12738103985474616,0.38792699297709543,2.0010134140743445
872,2810,0.19708213883941766,0.6077850313707005,0.8674418288005347,0.1702515980376779,0.30373860919461043,2.0010134140743445
873,4618,0.12595561161798105,0.9772372209558107,0.8672590858735266,0.10295165378584015,0.4883711493797627,2.0010134140743445
874,893,0.19494532314620178,0.6130557921498209,0.8671461559619972,0.16823786937704485,0.30637265489467813,2.0010134140743445
875,11476,0.19291806566356134,0.6183722613912372,0.8670746533067598,0.16632209262337624,0.30902954325135906,2.0010134140743445
876,9071,0.15624668553450138,0.7520556874920592,0.8669284192297331,0.13164498145175121,0.37583740428844414,2.001013414074344
877,15105,0.13462804563656716,0.8912509381337455,0.8664742112737215,0.1111981697562737,0.44539978186304774,2.0010134140743445
878,8429,0.17139045280893273,0.6858829387920187,0.8662244760522351,0.14598292242409175,0.34276778654645046,2.0010134140743436
879,4069,0.18614762376311422,0.6364290574262721,0.8658536188729624,0.15994928854855064,0.31805336883295204,2.0010134140743445
880,19203,0.1481239505261458,0.7943282347242817,0.8653976825513594,0.12399894696011221,0.3969629734300071,2.0010134140743445
881,3689,0.19919018369543345,0.6008277736476708,0.865343049290671,0.1723009854124332,0.30026174208612677,2.0010134140743445
882,14327,0.17529360977273994,0.6702703370061167,0.8646957168596298,0.14971239891186547,0.3349654391578278,2.001013414074343
883,14830,0.13547744347603327,0.8810488730080143,0.8645344245372906,0.11204849857517732,0.44030133272024147,2.0010134140743445
884,8336,0.15565517997552528,0.7520556874920592,0.8644010761610761,0.13114661095465147,0.37583740428844414,2.001013414074344
885,10668,0.18198988106143466,0.6475152482255576,0.8640720569707273,0.15606186421697305,0.32359365692962827,2.0010134140743445
886,18022,0.13950042593894316,0.8486917881294367,0.8637158255886,0.11587782880490131,0.42413098391048815,2.0010134140743445
887,14820,0.17231136455821622,0.6799860450033224,0.863705934220579,0.14691656924405683,0.33982083289425596,2.0010134140743445
888,4076,0.13307514754400065,0.8989799381034805,0.8630717315993184,0.10980635343181623,0.4492623246702935,2.0010134140743445
889,11883,0.1700305434123452,0.6878599123088078,0.8630528185545886,0.14477552846079192,0.3437557726853157,2.0010134140743445
890,4924,0.1793028589919422,0.6550131214249725,0.8628671711080069,0.1535507015729175,0.32734069487883827,2.0010134140743445
891,7934,0.12418023992207246,0.9885530946569391,0.86275538031076,0.10137011772084334,0.4940262207658599,2.0010134140743445
892,6711,0.12589662716070404,0.9688354022599172,0.8627009153504275,0.10300308967993274,0.48417236758409943,2.001013414074344
893,10617,0.13594082695115123,0.8734740357683985,0.8621277969573362,0.11254409948654152,0.4365158322401661,2.0010134140743445
894,4355,0.15374184929530227,0.758577575029184,0.8616764777827257,0.12940252681812872,0.379096696550681,2.0010134140743445
895,9729,0.15371178852588552,0.758577575029184,0.8615462820408825,0.12937722505716737,0.379096696550681,2.0010134140743445
896,8042,0.1511879989922384,0.7717915155850124,0.8613740716904336,0.12699389223411922,0.38570032072575483,2.0010134140743445
897,5396,0.19102458187115784,0.6183722613912372,0.860942915055454,0.1646896473382871,0.30902954325135906,2.0010134140743445
898,7457,0.18050273654457694,0.6493816315762113,0.8609371645890092,0.154734517930755,0.32452637598964373,2.001013414074344
899,12486,0.15439241843805745,0.7542233958475707,0.8608256776527332,0.1300384646946874,0.37692070954780155,2.0010134140743445
900,12304,0.12761758417578645,0.9467820160680864,0.8608013546391343,0.10468245989820449,0.4731512589614805,2.0010134140743445
901,13998,0.19829241714289775,0.599100938611354,0.8604059142707497,0.1715811735758311,0.2993987618461289,2.0010134140743445
902,797,0.13949522081910265,0.8438203600288409,0.8603922509158118,0.11595128873318779,0.4216965034285822,2.0010134140743445
903,19674,0.13559854658153392,0.8734740357683985,0.8603884495966126,0.11226072886982207,0.4365158322401661,2.0010134140743445
904,17001,0.18033776022962622,0.6493816315762113,0.8603591008330399,0.15459309331275434,0.32452637598964373,2.001013414074344
905,4085,0.12780121223767338,0.9440608762859236,0.8603574692927926,0.1048672553145173,0.47179137813158534,2.0010134140743445
906,7364,0.19668601713076428,0.6025595860743578,0.8597327151629951,0.17007853505166656,0.301127209760909,2.0010134140743445
907,2907,0.12888003225801015,0.930572040929699,0.8589030324597031,0.1059254265590026,0.46505037616660627,2.0010134140743445
908,3540,0.14669101593931788,0.7943282347242817,0.8588399934845677,0.12279939496870065,0.3969629734300071,2.0010134140743445
909,5570,0.12592482742517908,0.960505818386731,0.8586066072561304,0.10312623805183847,0.48000968490811174,2.0010134140743445
910,7499,0.1998838131387431,0.010870512005166928,0.8584583514032348,0.2,0.021752040340195223,2.0010134140743445
911,1867,0.16231927079591713,0.7140851472862814,0.8581953271619661,0.1376009692193203,0.35686174928348113,2.0010134140743445
912,19060,0.15377708498675807,0.7542233958475707,0.8581757878765557,0.12952019431527526,0.37692070954780155,2.0010134140743445
913,1994,0.14958714511198473,0.776247116628692,0.8578372269409454,0.12556394426903597,0.38792699297709543,2.0010134140743445
914,18493,0.1670273572115663,0.6938250889094058,0.8574361997253934,0.14207377438480617,0.34673685045253166,2.0010134140743445
915,17076,0.13715203615794352,0.8560517117200949,0.8569771239844038,0.1138126544895335,0.4278090819876381,2.0010134140743445
916,8968,0.18221676297366712,0.640103202470931,0.8565983883858401,0.15646661627742459,0.31988951096913987,2.0010134140743445
917,14194,0.16931750166226806,0.6839116472814293,0.8564007630242007,0.14426615749903438,0.3417826399718576,2.0010134140743445
918,6553,0.12445061702520446,0.9716279515771062,0.855972091153386,0.1017871503982182,0.4855679350988134,2.001013414074344
919,5035,0.12437802285863572,0.9716279515771062,0.8555626520976858,0.1017277762181041,0.4855679350988134,2.001013414074344
920,18282,0.19397601408426496,0.6060382005270663,0.8555136313514574,0.16762395891952822,0.3028656361143963,2.0010134140743445
921,13532,0.14865848681906157,0.7784845538140539,0.8554549609637202,0.12474208881279379,0.38904514499428067,2.0010134140743445
922,9482,0.12586494734471232,0.9549925860214359,0.8554307077306694,0.10314410949031569,0.4772544648148744,2.0010134140743445
923,8392,0.17320897480544434,0.6683439175686146,0.8550452560723291,0.1479819980274608,0.3340027172570385,2.0010134140743445
924,8432,0.15387812213522656,0.7498942093324559,0.8549526060580916,0.12969344026271915,0.3747572125493981,2.0010134140743445
925,5122,0.19924581466949826,0.5922430868761306,0.8546954781132559,0.17263403637145242,0.2959715725594465,2.0010134140743445
926,19753,0.17303568950604253,0.6683439175686146,0.854408670729336,0.14783395082111325,0.3340027172570385,2.0010134140743445
927,105,0.14490839621691906,0.7989139416674045,0.8540990074493316,0.12122499568824047,0.3992546656849758,2.0010134140743445
928,8753,0.14950369895066906,0.7717915155850124,0.8539033151528219,0.12557912506083346,0.38570032072575483,2.0010134140743445
929,11723,0.1830172231818527,0.6345999009812868,0.8531471378377085,0.1573121960735302,0.31713925379897995,2.001013414074344
930,9345,0.1754417496060786,0.658794553441924,0.8531335777949497,0.15014285483475334,0.32923045333340656,2.0010134140743445
931,15521,0.19590470983996588,0.599100938611354,0.8530122557098087,0.1695151055582256,0.2993987618461289,2.0010134140743445
932,9682,0.17821308094508514,0.6493816315762113,0.852889214405011,0.15277172909886755,0.32452637598964373,2.001013414074344
933,17448,0.17995597534315644,0.6437985585864101,0.8528792903532175,0.15442154115939113,0.3217362532695599,2.0010134140743445
934,16195,0.13023749794819045,0.906775964583905,0.8527250412991275,0.10735838553161145,0.4531583637600818,2.0010134140743445
935,2142,0.1349805231902804,0.8659643233600653,0.8524802232266641,0.11186096971834658,0.43276287768448307,2.0010134140743445
936,8893,0.16317900243961458,0.703882227936457,0.8520547820435398,0.13856496591341683,0.35176287324493943,2.001013414074344
937,16628,0.15667807318423793,0.732824533138904,0.8520540745088966,0.1324130358420629,0.3662266969249198,2.0010134140743445
938,74,0.12575270569101082,0.9495109992021983,0.8519536586085775,0.10311915327817074,0.4745150594812158,2.0010134140743445
939,5431,0.13480950439845665,0.8659643233600653,0.8516142597104411,0.11171924313853109,0.43276287768448307,2.0010134140743445
940,6142,0.17778814543015625,0.6493816315762113,0.8513896078993861,0.15240745654924923,0.32452637598964373,2.001013414074344
941,14913,0.15647992595294524,0.732824533138904,0.8512267805007224,0.1322455760571298,0.3662266969249198,2.0010134140743445
942,5722,0.1569072184371132,0.7307183271098219,0.851154348675192,0.1326517934073281,0.3651741272548377,2.001013414074344
943,15552,0.19394304360952264,0.6025595860743578,0.8511478764854131,0.16770662816685672,0.301127209760909,2.0010134140743445
944,15372,0.15335443320564568,0.7477389434625966,0.8508794726656723,0.12929601075957922,0.37368012538211576,2.0010134140743445
945,3649,0.14382440446835457,0.8012167131981434,0.8507862923178768,0.1202774585668816,0.40040546833054635,2.0010134140743445
946,19660,0.16431975173770658,0.6978305848598664,0.8507810819579392,0.13967584519327036,0.34873858413521835,2.0010134140743445
947,18065,0.1293454394223973,0.909389635177316,0.8494899157300889,0.10658786233432917,0.4544645372095087,2.0010134140743445
948,7087,0.18376056594432733,0.62914391424834,0.8494671115940263,0.15810990256476123,0.3144126420258796,2.0010134140743445
949,17417,0.14134755250541606,0.8151734005153627,0.8493313762491853,0.11796664602960015,0.40738027780411284,2.0010134140743445
950,4397,0.1371283851839843,0.8438203600288409,0.8487475137049222,0.11398392640707988,0.4216965034285822,2.0010134140743445
951,8975,0.13837646608898574,0.8341612282410431,0.8483364544790073,0.11517606839252527,0.41686938347033553,2.001013414074344
952,18242,0.1485931465245043,0.7695733148155091,0.8480758449070266,0.12485667114809919,0.38459178204535355,2.0010134140743445
953,12875,0.05605026169850342,0.5217951042390023,0.8480696216872271,0.05,0.26076542044591006,2.0010134140743445
954,6441,0.18452689828858382,0.6255326747076072,0.8479051808725663,0.15887548551828365,0.31260793671239556,2.0010134140743445
955,5986,0.1457175143949967,0.7852356346100718,0.847416732852573,0.12214990862921773,0.3924189758484536,2.0010134140743445
956,4897,0.18426690776522436,0.6255326747076072,0.8470350605552989,0.158651636740615,0.31260793671239556,2.0010134140743445
957,12830,0.19931805048632661,0.016405897731995397,0.846999296412474,0.2,0.03282842143165463,2.001013414074343
958,18883,0.19113593369596288,0.6060382005270663,0.8465039216187026,0.16516970950841237,0.3028656361143963,2.0010134140743445
959,3424,0.1853334374979138,0.6219421634147762,0.8464503291612284,0.1596765306910702,0.3108135902739475,2.0010134140743445
960,7917,0.18528075494515245,0.6219421634147762,0.8462754203588554,0.15963114132492856,0.3108135902739475,2.0010134140743445
961,13730,0.1723630451978558,0.6625978159041461,0.8459675618140489,0.14740858229793682,0.3311311214825911,2.0010134140743445
962,2434,0.19014666335108582,0.6077850313707005,0.8454482744925065,0.16426031038475805,0.30373860919461043,2.0010134140743445
963,11068,0.17273906236838402,0.6606934480075961,0.845347194251132,0.14778003361368394,0.33017941976827203,2.0010134140743445
964,9762,0.13350875396139056,0.8659643233600653,0.8450135444936618,0.11064128609841306,0.43276287768448307,2.0010134140743445
965,11742,0.19603426535587348,0.5922430868761306,0.8448745557612006,0.1698514297609363,0.2959715725594465,2.0010134140743445
966,17198,0.1747995413520789,0.6531305526474723,0.8447964822727337,0.1497446181882648,0.3263998872039577,2.0010134140743445
967,13664,0.19524117301386468,0.5939501549952435,0.8445604055342605,0.16910847761542858,0.29682467434632415,2.001013414074344
968,16434,0.15187880472647058,0.7477389434625966,0.844541627429746,0.1280518805982769,0.37368012538211576,2.0010134140743445
969,1799,0.1733636624981424,0.6569011164762665,0.8436295113575581,0.1484144787282073,0.32828421431654653,2.001013414074344
970,6053,0.14084568233844608,0.8104943654808874,0.8435837126246649,0.11762721863853252,0.4050419451364931,2.0010134140743445
971,15866,0.1778618770937352,0.641948221508036,0.8435413795200147,0.15267586753713214,0.32081155328236366,2.0010134140743445
972,17838,0.1367279228781236,0.8389768935652859,0.8435243537928202,0.11372742455305207,0.41927599668460547,2.0010134140743445
973,19917,0.1725424764061712,0.658794553441924,0.8426451685627506,0.1476616600441326,0.32923045333340656,2.0010134140743445
974,15160,0.1345547089399223,0.8535913392913661,0.8423770872805845,0.1116947145756562,0.4265795188015928,2.001013414074344
975,2865,0.1859374080687881,0.6165950018614822,0.8422196808236847,0.16035723411285688,0.3081413635333949,2.0010134140743445
976,7495,0.1809841823101641,0.6309573444801934,0.8421160433413608,0.1556689540439682,0.31531889793555934,2.0010134140743445
977,15361,0.15468784074372097,0.7286181745132277,0.8400482733857131,0.1308199757211078,0.3641245827681179,2.0010134140743445
978,19916,0.12972805654744746,0.8886893998466987,0.8394323207443546,0.10718650013065066,0.4441196613655889,2.0010134140743445
979,8341,0.12146245934761964,0.9716279515771062,0.8390471137057155,0.09934316046701265,0.4855679350988134,2.001013414074344
980,2852,0.1748325535279971,0.6475152482255576,0.8389090042920517,0.14992423793157164,0.32359365692962827,2.0010134140743445
981,12813,0.17146291489950183,0.658794553441924,0.8387166328767839,0.1467377725034247,0.32923045333340656,2.0010134140743445
982,990,0.19200270490746613,0.5973790666599235,0.8387158270923413,0.16619366552100737,0.298538261891796,2.0010134140743445
983,10886,0.14333586712668503,0.787498980096981,0.8382356439726464,0.12011273061611719,0.3935500754557774,2.0010134140743445
984,9594,0.19169923360239383,0.5973790666599235,0.8377641382465945,0.16593098688533545,0.298538261891796,2.0010134140743445
985,12745,0.1428112559679939,0.7897688493998856,0.8375298580305905,0.11963256335699653,0.39468443531910424,2.0010134140743445
986,622,0.17720886146223003,0.6382634861905486,0.8372248840759597,0.15221749327212233,0.31897011869148584,2.0010134140743436
987,18230,0.12410287371498953,0.9386420366721355,0.8371307380533928,0.10189907374941248,0.46908333051147744,2.0010134140743445
988,7021,0.19756297181267224,0.5821032177708716,0.8367345297786666,0.17151410222472674,0.2909042056772761,2.0010134140743445
989,685,0.1425892311791513,0.7897688493998856,0.8365040875359389,0.11944657385331209,0.39468443531910424,2.0010134140743445
990,559,0.15919459440140393,0.703882227936457,0.8361914051537203,0.13518156881118173,0.35176287324493943,2.001013414074344
991,502,0.14019611095625262,0.8035261221856173,0.8354786918533871,0.11720353118731325,0.40155958802371305,2.0010134140743445
992,6782,0.17603702855605718,0.640103202470931,0.8351435066627899,0.1511601772976239,0.31988951096913987,2.0010134140743445
993,7754,0.16071984452532947,0.6958249547006052,0.8347207386885915,0.1366622091595976,0.3477362769317013,2.001013414074344
994,11162,0.1436239371595885,0.780728440137907,0.8344093475961902,0.12047662298230595,0.390166519947627,2.0010134140743445
995,354,0.1786652330358433,0.6309573444801934,0.8341866989019415,0.15367436864204675,0.31531889793555934,2.0010134140743445
996,13942,0.1366580524231798,0.824612663620516,0.8334198523770014,0.11389907129031002,0.4120975190973302,2.001013414074344
997,17612,0.19095289218517975,0.5956621435290106,0.8333278887544578,0.16533958194185927,0.2976802350945558,2.0010134140743445
998,7024,0.1943276842065101,0.5871512637925166,0.8332751498908595,0.1685392167173899,0.2934269503955969,2.001013414074344
999,13717,0.16830213132176938,0.6645076729077796,0.8329886850830225,0.14388700764732262,0.3320855663604716,2.0010134140743445
1000,11089,0.18873877633115504,0.6008277736476708,0.8325904510922998,0.1632604405702969,0.30026174208612677,2.0010134140743445
1001,2613,0.17240034626507791,0.6493816315762113,0.8322112734324482,0.14778880908453207,0.32452637598964373,2.001013414074344
1002,13873,0.1387960585950609,0.8081649291125372,0.8321848916314092,0.11595465349929275,0.40387781682432594,2.0010134140743445
1003,16759,0.13473472386759816,0.8365655957558104,0.832082394308552,0.11210719775651999,0.418070958381256,2.0010134140743445
1004,13003,0.19903574461897838,0.019054607179632473,0.832032545946654,0.2,0.03812852456636189,2.0010134140743445
1005,15027,0.12236162732048313,0.9467820160680864,0.8316905546439478,0.10037109092593104,0.4731512589614805,2.0010134140743445
1006,16131,0.16133346706621132,0.6898425842094826,0.8314455293913982,0.1373236750384231,0.34474660657314943,2.0010134140743445
1007,1381,0.14560746696758597,0.7651560209006901,0.8312483486231302,0.12243106414819799,0.3823842536581126,2.0010134140743445
1008,9194,0.14635142773931412,0.7607640819262703,0.8310671432699067,0.12314025288483413,0.38018939632056126,2.0010134140743445
1009,1325,0.19216566280497505,0.5905409250299409,0.8308247207124051,0.16655441234584445,0.29512092266663853,2.0010134140743445
1010,19396,0.13674900835444986,0.819879447913879,0.8305966527610048,0.11405176379904014,0.4097321098135415,2.0010134140743445
1011,16093,0.19271538051391707,0.588843655355589,0.8304294236461519,0.16708588027368,0.29427271762092816,2.0010134140743445
1012,4651,0.12514821868248518,0.9120108393559097,0.8284579862570135,0.10309512308189474,0.4557744755438333,2.001013414074344
1013,12165,0.13696522172753062,0.8151734005153627,0.828368721447407,0.11430921543037116,0.40738027780411284,2.0010134140743445
1014,7834,0.1829806732968764,0.6130557921498209,0.8283681646384466,0.1579123731506836,0.30637265489467813,2.0010134140743445
1015,16725,0.18048551771039517,0.6201546436537854,0.8282084195413328,0.15555163758874815,0.30992028303851465,2.0010134140743445
1016,8054,0.1365855166264091,0.8175230379436502,0.8281713275043204,0.11395385071192633,0.408554501530831,2.0010134140743445
1017,1502,0.12122411252799616,0.9522478482957601,0.828097021815108,0.09937330988183771,0.47588279098881686,2.0010134140743445
1018,14255,0.12900849738479636,0.8759917176331175,0.828076400400297,0.10676931320264642,0.4377740356320127,2.0010134140743445
1019,696,0.18025999293016182,0.6201546436537854,0.8274506672013053,0.15535726881430484,0.30992028303851465,2.0010134140743445
1020,1233,0.1177648524516347,0.9914024778060788,0.8271216523062589,0.0961023368283201,0.4954501908047903,2.0010134140743445
1021,13739,0.14543499285316694,0.7607640819262703,0.8269950100079821,0.12236916355980439,0.38018939632056126,2.0010134140743445
1022,12952,0.1616164610394121,0.6839116472814293,0.8268681886346594,0.13770452312281098,0.3417826399718576,2.0010134140743445
1023,17042,0.1510916101011931,0.7307183271098219,0.8267437805104735,0.12773518801977163,0.3651741272548377,2.001013414074344
1024,748,0.17364553925525464,0.640103202470931,0.8267345451592709,0.14910664373323768,0.31988951096913987,2.0010134140743445
1025,2028,0.1895114601179978,0.5939501549952435,0.8267171071077108,0.1641456769415936,0.29682467434632415,2.001013414074344
1026,11306,0.16195020501039173,0.6819460214464238,0.8262625994304441,0.13803565071998822,0.340800324800365,2.0010134140743445
1027,16397,0.1252804230524225,0.906775964583905,0.8262582930147615,0.10327213106455592,0.4531583637600818,2.0010134140743445
1028,16516,0.15356685660514408,0.7182076058301705,0.8262264552733661,0.13009292410344087,0.35892193464500516,2.0010134140743445
1029,14342,0.16739432855294084,0.6606934480075961,0.8257348107308369,0.14320755920012043,0.33017941976827203,2.0010134140743445
1030,7779,0.17853487089554254,0.6237348354824191,0.8256626358645714,0.1537677863424124,0.31170947235801266,2.0010134140743436
1031,4813,0.1534076805777621,0.7182076058301705,0.8255668588855198,0.1299580794155501,0.35892193464500516,2.0010134140743445
1032,16086,0.14581877919151282,0.7563973523567668,0.8252109268474986,0.12277549766623587,0.37800713730181124,2.0010134140743445
1033,1296,0.1258568889307122,0.8989799381034805,0.8249490592728225,0.10385024012981196,0.4492623246702935,2.0010134140743445
1034,281,0.1519027046261772,0.7244359600749902,0.8247433751707842,0.12855197149331113,0.36203453459111845,2.001013414074344
1035,6269,0.1201145795509846,0.9577452351172411,0.8245812260641874,0.09839983536228798,0.47863009232263826,2.0010134140743445
1036,18638,0.17756609045255445,0.6255326747076072,0.8243765683824411,0.1528823119766187,0.31260793671239556,2.0010134140743445
1037,19000,0.1399693696329788,0.7897688493998856,0.8243487141887291,0.11725192364675356,0.39468443531910424,2.0010134140743445
1038,14542,0.19902674435702694,0.019054607179632473,0.8240361140275507,0.2,0.03812852456636189,2.0010134140743445
1039,16474,0.16741279035053602,0.658794553441924,0.8238650467511641,0.14327168040400476,0.32923045333340656,2.0010134140743445
1040,17012,0.1250345608136448,0.9041698059234505,0.8234761551775793,0.1031035033184476,0.4518559443749224,2.0010134140743445
1041,1220,0.14347873809034256,0.7673614893618189,0.8234271303984577,0.1206001980552346,0.38348642940846817,2.0010134140743445
1042,8603,0.15736924219299958,0.6978305848598664,0.8232832825757768,0.13376774050765414,0.34873858413521835,2.0010134140743445
1043,11494,0.12827078233518652,0.8734740357683985,0.822728007825163,0.10619414352639768,0.4365158322401661,2.0010134140743445
1044,17160,0.123794635420441,0.9146395988343222,0.8225730427412503,0.10194647519347455,0.4570881896148752,2.001013414074343
1045,3379,0.15626778953196613,0.7018592047908021,0.8225688128756483,0.13274131815892087,0.35075187395256796,2.0010134140743445
1046,17428,0.161362099089301,0.6799860450033224,0.822095456379854,0.13758097769697716,0.33982083289425596,2.0010134140743445
1047,6517,0.13294989358743442,0.8341612282410431,0.8216540348206791,0.11065932285594143,0.41686938347033553,2.001013414074344
1048,2985,0.16170864199827178,0.678031701715246,0.8215374763426908,0.13792314667640607,0.33884415613920255,2.0010134140743445
1049,19166,0.18149778005872325,0.6112938126483173,0.8214378985686875,0.15668473521300433,0.3054921113215514,2.0010134140743445
1050,1032,0.14816324476577647,0.7391796465554599,0.8213753726659306,0.1250892409248231,0.36940264435828357,2.0010134140743445
1051,3152,0.11854921653066591,0.9688354022599172,0.8210704461481426,0.09699176107559243,0.48417236758409943,2.001013414074344
1052,2013,0.12119419442302722,0.9386420366721355,0.8210007200182982,0.0995107992734665,0.46908333051147744,2.0010134140743445
1053,14034,0.18133504559766733,0.6112938126483173,0.820900042878476,0.15654424861348598,0.3054921113215514,2.0010134140743445
1054,1144,0.11965791196417502,0.9549925860214359,0.8206355314438888,0.09805755322181782,0.4772544648148744,2.0010134140743445
1055,298,0.12946594551085727,0.8585191758708333,0.8197313499719739,0.1073985724166949,0.4290421892388855,2.0010134140743445
1056,392,0.1535506583679296,0.7099863513495661,0.818864756707326,0.13025615542162236,0.35481338923357547,2.0010134140743445
1057,5791,0.19937555779582583,0.5639622051458343,0.8187384745058045,0.17371035979525642,0.28183829312644537,2.0010134140743445
1058,15801,0.16490747100967712,0.6625978159041461,0.8184216682906355,0.1410324149470122,0.3311311214825911,2.0010134140743445
1059,6714,0.18118971652319932,0.6095368972401694,0.8183916838254065,0.1564707824268193,0.3046140985127464,2.0010134140743445
1060,17756,0.18337085006955245,0.6025595860743578,0.817403707106775,0.158564630094033,0.301127209760909,2.0010134140743445
1061,10894,0.17842619689886097,0.6165950018614822,0.8172504243964146,0.15387937115586914,0.3081413635333949,2.0010134140743445
1062,4242,0.18257156225267462,0.6042963902381329,0.8168417430505407,0.15782116034614546,0.3019951720402016,2.0010134140743445
1063,7204,0.13358318181977835,0.8222426499470712,0.8168056555921372,0.11137382671860567,0.41091311240781225,2.001013414074344
1064,6052,0.1316517502817055,0.8365655957558104,0.8167795800268012,0.10954198279521994,0.418070958381256,2.0010134140743445
1065,2023,0.12161905597982021,0.9252306262333164,0.8163587258250348,0.1000232558543897,0.46238102139926035,2.0010134140743445
1066,18755,0.12284920235947679,0.9120108393559097,0.8159984463262813,0.10120122979852987,0.4557744755438333,2.001013414074344
1067,9319,0.14723332572710332,0.7370551753379343,0.8155974125110845,0.12434641769703575,0.36834094671918605,2.0010134140743436
1068,2192,0.13140223423217384,0.8365655957558104,0.8155349100318828,0.10933437079806499,0.418070958381256,2.0010134140743445
1069,2880,0.1244448830582785,0.893819859740991,0.8144799799592235,0.1027531546653944,0.44668359215096326,2.0010134140743445
1070,7360,0.1775554301049983,0.6165950018614822,0.814319505312281,0.15312839933114908,0.3081413635333949,2.0010134140743445
1071,3732,0.1757342549830473,0.6219421634147762,0.8141254184670126,0.1514062251156852,0.3108135902739475,2.0010134140743445
1072,3112,0.18298391794849744,0.6008277736476708,0.8141203609506608,0.15828244541087158,0.30026174208612677,2.0010134140743445
1073,12905,0.1995913125758887,0.013296887672437937,0.813525974223255,0.2,0.0266072505979881,2.0010134140743445
1074,19602,0.1891647644268175,0.5837810589599196,0.8132191406324687,0.16416931114373967,0.29174270140011677,2.001013414074344
1075,3323,0.19116913076581937,0.5787619883491206,0.8131684452861659,0.16607213007487853,0.2892344370499146,2.0010134140743445
1076,6760,0.12525579976126738,0.8835883884127874,0.8129141418411719,0.10356010841731242,0.4415704473533125,2.0010134140743445
1077,13802,0.15207207066753317,0.7099863513495661,0.8127842855558406,0.129001877834314,0.35481338923357547,2.0010134140743445
1078,8307,0.18248205215767593,0.6008277736476708,0.8124946059257652,0.1578483277816838,0.30026174208612677,2.0010134140743445
1079,17015,0.11795312835166402,0.9577452351172411,0.8123096805077893,0.09662913905754433,0.47863009232263826,2.0010134140743445
1080,2705,0.1481130452890113,0.7286181745132277,0.8123018397423032,0.12525965127917987,0.3641245827681179,2.0010134140743445
1081,10568,0.12423259392739891,0.8912509381337455,0.8118886580026718,0.10261188152499554,0.44539978186304774,2.0010134140743445
1082,9510,0.18164119385083727,0.6025595860743578,0.8117816718616097,0.15706895998939865,0.301127209760909,2.0010134140743445
1083,16845,0.17150460400810974,0.6327760017024558,0.8113078882473477,0.1474659445138961,0.31622776601683794,2.0010134140743445
1084,6335,0.1503740663801516,0.716143410212902,0.8111461206086631,0.1274314845675263,0.3578903595427346,2.001013414074344
1085,17464,0.1156539778627285,0.9828788730000321,0.8109231151750514,0.0944706510902399,0.4911905467933636,2.0010134140743436
1086,14316,0.19449399842317128,0.5688529308438416,0.8107081794241197,0.16929193483642135,0.2842824175204189,2.0010134140743445
1087,12688,0.18900341470555537,0.5821032177708716,0.8106553981786084,0.16408313103008176,0.2909042056772761,2.0010134140743445
1088,640,0.1593254628772729,0.6760829753919819,0.8104629204931211,0.13593651248018787,0.33787028644419825,2.0010134140743445
1089,15895,0.15282921515224784,0.703882227936457,0.8104531562091997,0.1297763478850906,0.35176287324493943,2.001013414074344
1090,10631,0.160768593696344,0.6702703370061167,0.8103794275630161,0.13730706934024053,0.3349654391578278,2.001013414074343
1091,13813,0.17117290474681646,0.6327760017024558,0.8101415579444295,0.14718073733159295,0.31622776601683794,2.0010134140743445
1092,16325,0.1631291716734917,0.6606934480075961,0.8098575271968623,0.139558673890853,0.33017941976827203,2.0010134140743445
1093,7351,0.17438149362495234,0.6219421634147762,0.8094952610897204,0.150240735264368,0.3108135902739475,2.0010134140743445
1094,13577,0.15438129205491097,0.6958249547006052,0.8094578989431513,0.1312724541729637,0.3477362769317013,2.001013414074344
1095,11536,0.18647626744821988,0.5871512637925166,0.8089491061614118,0.16172973079176237,0.2934269503955969,2.001013414074344
1096,16880,0.19811012935164635,0.5591135275705602,0.8087531346442502,0.1727758344517245,0.2794151821461939,2.0010134140743445
1097,13816,0.14803007507769328,0.7244359600749902,0.8084081802371695,0.12527464891669213,0.36203453459111845,2.001013414074344
1098,18036,0.1238399525568859,0.8886893998466987,0.8083352028561201,0.10232151351210235,0.4441196613655889,2.0010134140743445
1099,15063,0.11641861081825221,0.9660508789898136,0.807512317647582,0.09527939172231113,0.4827808110605307,2.0010134140743445
1100,12934,0.1670597252635933,0.6437985585864101,0.8071111806662206,0.14335517446239446,0.3217362532695599,2.0010134140743445
1101,12047,0.1582931821162476,0.6760829753919819,0.8064648676229804,0.13505577035636138,0.33787028644419825,2.0010134140743445
1102,5992,0.1283624645373318,0.8462525688072693,0.8064365553158721,0.10666170869882693,0.42291199192122364,2.0010134140743445
1103,3556,0.1944234811569463,0.5655877570891539,0.8063361686257043,0.16934072247048834,0.2826506574673769,2.001013414074344
1104,18846,0.15314862042073174,0.6978305848598664,0.8063039621584033,0.13018010781561087,0.34873858413521835,2.0010134140743445
1105,8613,0.143497195153728,0.7455898720277816,0.8062891533131078,0.12102632608852734,0.3726061338637685,2.0010134140743445
1106,4860,0.19795848502822283,0.557506583166466,0.8062206397901803,0.17269946631690783,0.2786121168629771,2.001013414074344
1107,15065,0.176840734142846,0.6112938126483173,0.8059421689194383,0.15266436644613599,0.3054921113215514,2.0010134140743445
1108,2230,0.14294584333835275,0.7477389434625966,0.8055720569251512,0.12052033261750114,0.37368012538211576,2.0010134140743445
1109,14324,0.11472234074882183,0.9828788730000321,0.8054869093913468,0.09370965379159914,0.4911905467933636,2.0010134140743436
1110,14243,0.12330308390857062,0.8886893998466987,0.8054727389057706,0.10187793119865157,0.4441196613655889,2.0010134140743445
1111,18903,0.16195479030203258,0.6606934480075961,0.8054499719670103,0.1385539786229153,0.33017941976827203,2.0010134140743445
1112,4056,0.1872947683049202,0.5821032177708716,0.8053698892400617,0.16259977131578102,0.2909042056772761,2.0010134140743445
1113,17197,0.1708671388103691,0.62914391424834,0.8051628126030537,0.1470162356651197,0.3144126420258796,2.0010134140743445
1114,10266,0.1460331390791106,0.7307183271098219,0.8051626874707084,0.1234586782475512,0.3651741272548377,2.001013414074344
1115,3238,0.1440128477955412,0.7413102413009177,0.8050977505145359,0.12154385992319672,0.3704674022107158,2.0010134140743445
1116,10078,0.12624586636005322,0.8609937521846007,0.8046892963029062,0.10469233070204684,0.4302788507706685,2.0010134140743445
1117,8193,0.1382358008129882,0.7740161100463954,0.804611028739791,0.11607498057576139,0.3868120546330523,2.001013414074343
1118,10714,0.14918792031969763,0.7140851472862814,0.804404392362645,0.1264692869253666,0.35686174928348113,2.0010134140743445
1119,11921,0.16365799914701898,0.6531305526474723,0.8042269089908135,0.14020005090496343,0.3263998872039577,2.0010134140743445
1120,17643,0.1667111418042077,0.641948221508036,0.8039276000760986,0.14310412449796298,0.32081155328236366,2.0010134140743445
1121,10313,0.1345397688817276,0.796617788516731,0.8037171123711386,0.11258909090469305,0.3981071705534973,2.0010134140743445
1122,2400,0.12677793135900883,0.8535913392913661,0.8029106550540558,0.10523916233923222,0.4265795188015928,2.001013414074344
1123,15708,0.11383321883743952,0.9885530946569391,0.8028332961187872,0.092923695439267,0.4940262207658599,2.0010134140743445
1124,7332,0.17407754207103804,0.6165950018614822,0.8025367903677602,0.15012897865796346,0.3081413635333949,2.0010134140743445
1125,15977,0.13850258131233967,0.7695733148155091,0.8025054476185649,0.11637798682206316,0.38459178204535355,2.0010134140743445
1126,12612,0.15716133000051455,0.6760829753919819,0.8020668368136686,0.1340900739354786,0.33787028644419825,2.0010134140743445
1127,12787,0.19723414851623328,0.5559042572704037,0.8020455922809508,0.17212319135603382,0.2778113596642536,2.0010134140743445
1128,16581,0.1351927272862753,0.7897688493998856,0.8019397054060357,0.11325054459366417,0.39468443531910424,2.0010134140743445
1129,6388,0.16610737822548316,0.641948221508036,0.8017446752242579,0.14258585644819696,0.32081155328236366,2.0010134140743445
1130,11608,0.14316496693748118,0.7413102413009177,0.8013823810218001,0.12082826604514277,0.3704674022107158,2.0010134140743445
1131,17637,0.14714753601286745,0.7202777512383407,0.8011398858191539,0.12461247591666158,0.3599564831360897,2.0010134140743436
1132,8448,0.1765650188542518,0.6077850313707005,0.8010521638877607,0.15252765569985183,0.30373860919461043,2.0010134140743445
1133,6700,0.15451974217815717,0.6858829387920187,0.8008697432861855,0.13161318594876198,0.34276778654645046,2.0010134140743436
1134,11547,0.17412130642887508,0.6148228503413087,0.8007206421173535,0.15021673496426824,0.3072557365267447,2.0010134140743445
1135,2430,0.13421331676571557,0.7943282347242817,0.8005408671081414,0.1123539433552653,0.3969629734300071,2.0010134140743445
1136,446,0.17454272262378578,0.6130557921498209,0.800181756290695,0.1506304193174812,0.30637265489467813,2.0010134140743445
1137,16047,0.1379466393955975,0.7695733148155091,0.7999543968030463,0.11591085183838695,0.38459178204535355,2.0010134140743445
1138,19604,0.11462969346939653,0.9716279515771062,0.7997880897276738,0.09375469666741851,0.4855679350988134,2.001013414074344
1139,12635,0.16820033049551003,0.6327760017024558,0.7996372460337738,0.14462480903951128,0.31622776601683794,2.0010134140743445
1140,6251,0.1969752279805172,0.5543065366083507,0.7992172631627793,0.17195276674286822,0.2770129039163734,2.0010134140743445
1141,6087,0.16969004733368043,0.6273356959840383,0.7990961987103992,0.14605229777299406,0.313508990780174,2.0010134140743445
1142,15933,0.1872140870669755,0.5770985724369333,0.7990056824366837,0.16268955794973863,0.28840315031266056,2.0010134140743445
1143,3544,0.13120009891027568,0.8128305161640995,0.798789243958526,0.10953470668401068,0.40620942890585743,2.0010134140743445
1144,4117,0.18568001743260526,0.5804301988538249,0.7983280578807571,0.1612507929613183,0.29006811986931547,2.0010134140743436
1145,1390,0.1552593592330634,0.6799860450033224,0.798304651881704,0.13237764357582885,0.33982083289425596,2.0010134140743445
1146,17592,0.19805667499326052,0.5511248580808259,0.7981459218004627,0.1730083857188267,0.2754228703338166,2.0010134140743445
1147,3949,0.11260544909917543,0.9942600739529568,0.7981100284183826,0.09186257471666794,0.4968782652628518,2.0010134140743445
1148,11122,0.1497427258490429,0.703882227936457,0.7977943878603788,0.12715542681867467,0.35176287324493943,2.001013414074344
1149,3396,0.19775031461629505,0.5511248580808259,0.7972727685770953,0.17274077083400238,0.2754228703338166,2.0010134140743445
1150,769,0.12069313016348014,0.8989799381034805,0.7971748215496293,0.09958938804213088,0.4492623246702935,2.0010134140743445
1151,3143,0.14131610679781204,0.7455898720277816,0.7966526846532926,0.11918678413575128,0.3726061338637685,2.0010134140743445
1152,8295,0.1931396697582594,0.5607251037949698,0.7963457745813664,0.16838643425017866,0.2802205621666747,2.0010134140743445
1153,10864,0.11847676232847093,0.9199198708622777,0.7962119163017122,0.09750296006474873,0.4597269885308723,2.001013414074344
1154,15817,0.13003311454650346,0.8175230379436502,0.7962076945253955,0.10848715507054006,0.408554501530831,2.0010134140743445
1155,12300,0.15107199113756986,0.6958249547006052,0.7960755847784061,0.12845851184074322,0.3477362769317013,2.001013414074344
1156,19416,0.13061383650775193,0.8128305161640995,0.7959211265538324,0.10904525522144573,0.40620942890585743,2.0010134140743445
1157,8494,0.1328481877887873,0.796617788516731,0.7956347006540763,0.11117349773823575,0.3981071705534973,2.0010134140743445
1158,1481,0.1691890093574124,0.6255326747076072,0.7954054239486686,0.14566974384394843,0.31260793671239556,2.0010134140743445
1159,14432,0.16027969509128004,0.6569011164762665,0.795394052793345,0.13721345670084248,0.32828421431654653,2.001013414074344
1160,11229,0.12798754217329944,0.8317637711026709,0.7953368505472523,0.10656481891584803,0.41567126199773113,2.0010134140743436
1161,10594,0.14437686581222928,0.7265240579509924,0.7945576738998249,0.12214147787765343,0.3630780547701014,2.0010134140743445
1162,2916,0.12344020497602037,0.8684603593990751,0.7945186221811322,0.10226314220414608,0.43401026364474377,2.0010134140743445
1163,19815,0.16253360996488986,0.6475152482255576,0.7943966018993084,0.13937751934939993,0.32359365692962827,2.0010134140743445
1164,8223,0.14794678503197728,0.707945784384138,0.7939088494529694,0.12554506952495728,0.3537936224738549,2.0010134140743445
1165,38,0.1583495606573489,0.6625978159041461,0.7936779140326831,0.13542394900952542,0.3311311214825911,2.0010134140743445
1166,11355,0.17199076466525778,0.6148228503413087,0.7934618399069552,0.14837868863898218,0.3072557365267447,2.0010134140743445
1167,9952,0.1653553208432198,0.6364290574262721,0.7933045506402833,0.1420832852545453,0.31805336883295204,2.0010134140743445
1168,6529,0.11392416017922509,0.9660508789898136,0.7931107866455603,0.09323788188211149,0.4827808110605307,2.0010134140743445
1169,3654,0.11962342033676994,0.9015711376059571,0.7927753041324141,0.09867407761190196,0.4505572682644998,2.0010134140743445
1170,13339,0.1557132084089377,0.672202309111567,0.7927470630973036,0.13294447012113678,0.33593093598651524,2.0010134140743445
1171,14,0.14636011150696487,0.7140851472862814,0.7925401781389237,0.12407210246605377,0.35686174928348113,2.0010134140743445
1172,10367,0.13525887720747692,0.776247116628692,0.7924636237618188,0.11353674880857996,0.38792699297709543,2.0010134140743445
1173,10822,0.12211419999424573,0.8759917176331175,0.791895884635507,0.10106349217282458,0.4377740356320127,2.0010134140743445
1174,8175,0.12789421756187322,0.8269895085679317,0.791796722526625,0.10655884996018525,0.41328533969398284,2.0010134140743445
1175,10110,0.14521036510639057,0.7182076058301705,0.7911678966887982,0.12301378972281325,0.35892193464500516,2.0010134140743445
1176,4939,0.12088678391346372,0.8861352236594998,0.7911065607463991,0.09991465081902905,0.4428432200537847,2.001013414074344
1177,14032,0.1820571670005376,0.5837810589599196,0.7910039770907507,0.15800088238326185,0.29174270140011677,2.001013414074344
1178,733,0.18658395401275174,0.5721369546523265,0.7909852895543278,0.16230099534729103,0.2859235978270507,2.0010134140743445
1179,11305,0.13816896873372342,0.7563973523567668,0.790975851041049,0.1163345626151068,0.37800713730181124,2.0010134140743445
1180,12605,0.19992787332405926,0.5416889793927849,0.7909232094313721,0.1749797447856268,0.27070732039213574,2.0010134140743445
1181,14463,0.13423307145509644,0.780728440137907,0.7909192628787188,0.11259924676401988,0.390166519947627,2.0010134140743445
1182,8229,0.11774333228021132,0.9172759353897799,0.7907703226962736,0.09693124128202582,0.45840569030573225,2.0010134140743445
1183,11131,0.11996801993433058,0.893819859740991,0.7904183984756329,0.09905664422891955,0.44668359215096326,2.0010134140743445
1184,4531,0.1449517540737921,0.7182076058301705,0.7900687376492318,0.12279470947216613,0.35892193464500516,2.0010134140743445
1185,15199,0.1383096911260405,0.7542233958475707,0.7899426974563446,0.11649263654512018,0.37692070954780155,2.0010134140743445
1186,12557,0.13401664135559554,0.780728440137907,0.789902386085942,0.11241769786614626,0.390166519947627,2.0010134140743445
1187,7471,0.14053176208820964,0.7413102413009177,0.7897828850199913,0.11860589570632879,0.3704674022107158,2.0010134140743445
1188,1404,0.1163153118640391,0.930572040929699,0.7896015658953556,0.095598587373693,0.46505037616660627,2.0010134140743445
1189,952,0.17314167713188838,0.6077850313707005,0.7895747415058268,0.14957036387070075,0.30373860919461043,2.0010134140743445
1190,7668,0.11752236533436254,0.9172759353897799,0.789545329466335,0.09674933203987489,0.45840569030573225,2.0010134140743445
1191,11929,0.12388046719341343,0.8560517117200949,0.7894514211830714,0.10279952967267239,0.4278090819876381,2.0010134140743445
1192,18154,0.12529476962719538,0.8438203600288409,0.789284378545609,0.10414758243682916,0.4216965034285822,2.0010134140743445
1193,8208,0.1328269902474541,0.787498980096981,0.7891155180221708,0.11130649165460597,0.3935500754557774,2.0010134140743445
1194,19589,0.18397302764863382,0.5770985724369333,0.7889860740920521,0.15987306837718734,0.28840315031266056,2.0010134140743445
1195,3437,0.18987622449347608,0.5623413251903491,0.7887395971613548,0.16548756760946598,0.28102826359636596,2.0010134140743445
1196,12815,0.11222627011196819,0.9772372209558107,0.7883266591317069,0.09172977652862375,0.4883711493797627,2.0010134140743445
1197,3312,0.19965886075445638,0.5401321147646347,0.7880919375623574,0.1748002117140479,0.26992928231542945,2.001013414074343
1198,6532,0.16925550670534675,0.6183722613912372,0.7879245201095753,0.14592168943035566,0.30902954325135906,2.0010134140743445
1199,17180,0.13349710585490776,0.780728440137907,0.7874586770772252,0.11198189389168248,0.390166519947627,2.0010134140743445
1200,18595,0.1926647487753237,0.5543065366083507,0.7867488392976855,0.16818986298629057,0.2770129039163734,2.0010134140743445
1201,9079,0.13265548943017985,0.7852356346100718,0.7866982215414046,0.11120046879976837,0.3924189758484536,2.0010134140743445
1202,18272,0.17166866967628835,0.6095368972401694,0.7865348953341236,0.1482486510705521,0.3046140985127464,2.0010134140743445
1203,12391,0.19680963184940614,0.5448161839981668,0.7863115712123708,0.17214026734329196,0.2722701308077913,2.0010134140743445
1204,4723,0.1982204277938508,0.5416889793927849,0.7861554465728456,0.17348536394645803,0.27070732039213574,2.0010134140743445
1205,6421,0.11312211874001593,0.960505818386731,0.7858856517314566,0.09264144954292465,0.48000968490811174,2.0010134140743445
1206,3222,0.15430222425323567,0.6702703370061167,0.7854266069299407,0.1317843598539494,0.3349654391578278,2.001013414074343
1207,12701,0.16729470414959502,0.6219421634147762,0.7849288653397939,0.14413501590557296,0.3108135902739475,2.0010134140743445
1208,10717,0.17827900414420594,0.588843655355589,0.7849162407601404,0.15456941870604116,0.29427271762092816,2.0010134140743445
1209,166,0.19631392997977232,0.5448161839981668,0.7849091064974769,0.17170669988239334,0.2722701308077913,2.0010134140743445
1210,11904,0.1751778944192257,0.5973790666599235,0.7846373602355319,0.15163044919504698,0.298538261891796,2.0010134140743445
1211,14319,0.14201793769546783,0.7265240579509924,0.7843776884280274,0.12014584675789278,0.3630780547701014,2.0010134140743445
1212,8300,0.119558004680702,0.8861352236594998,0.7839648637835707,0.09881639583400106,0.4428432200537847,2.001013414074344
1213,10074,0.1669788360074166,0.6219421634147762,0.7838216218030591,0.14386287543389228,0.3108135902739475,2.0010134140743445
1214,8253,0.11598806337139132,0.9225714271547634,0.7837218278832611,0.09542347600454945,0.4610520952362225,2.0010134140743445
1215,13187,0.11385468851049799,0.9467820160680864,0.7836134115095387,0.09339299863101581,0.4731512589614805,2.0010134140743445
1216,10789,0.1274543893358876,0.8175230379436502,0.7834548323576103,0.10633571416424425,0.408554501530831,2.0010134140743445
1217,17270,0.17656037043459005,0.5922430868761306,0.7832850492792205,0.15297851782694558,0.2959715725594465,2.0010134140743445
1218,12991,0.14137299777050932,0.7286181745132277,0.7832818638080797,0.1195595726660822,0.3641245827681179,2.0010134140743445
1219,2116,0.17891476339202927,0.5854637363205774,0.7829983734123084,0.15522271035104376,0.29258361398412164,2.0010134140743445
1220,9485,0.13673519526613057,0.7542233958475707,0.7828170963740193,0.11516650261728763,0.37692070954780155,2.0010134140743445
1221,10730,0.1775914046922314,0.588843655355589,0.7826990224042943,0.15397326411058285,0.29427271762092816,2.0010134140743445
1222,15787,0.12510446859474772,0.8341612282410431,0.7823063535185824,0.10412927312230372,0.41686938347033553,2.001013414074344
1223,1906,0.10953659758660841,1.0,0.7822929625551394,0.0893019266386781,0.4997467747924086,2.0010134140743445
1224,6614,0.1998035161656801,0.5354883169202962,0.7822784210797863,0.17509443423219753,0.26760855931993316,2.0010134140743445
1225,5019,0.16696222798257318,0.6201546436537854,0.7818544496417349,0.14389657578968923,0.30992028303851465,2.0010134140743445
1226,11523,0.17853697331703133,0.5854637363205774,0.7817896741387002,0.15489494757578068,0.29258361398412164,2.0010134140743445
1227,9378,0.16472077375571176,0.6273356959840383,0.7815424294302549,0.14177524183642648,0.313508990780174,2.0010134140743445
1228,6781,0.15423500095564546,0.6664230348401748,0.7815300011606428,0.13181602032784023,0.3330427623087463,2.0010134140743445
1229,16983,0.135689680185799,0.758577575029184,0.781349592465228,0.11420824947578333,0.379096696550681,2.0010134140743445
1230,4137,0.15637398890946191,0.6569011164762665,0.7806228016526446,0.1338698301375407,0.32828421431654653,2.001013414074344
1231,13489,0.12626445224486582,0.8222426499470712,0.7805843110181968,0.10527189900306179,0.41091311240781225,2.001013414074344
1232,9945,0.146327678536678,0.6998419960022735,0.7801506430338457,0.12433992289255473,0.34974378036641784,2.0010134140743445
1233,18119,0.14215470485449233,0.7202777512383407,0.7798402247496766,0.12038427699918482,0.3599564831360897,2.0010134140743436
1234,3444,0.15657969654761955,0.6550131214249725,0.7795737561960543,0.13409112599839798,0.32734069487883827,2.0010134140743445
1235,14185,0.1416463857198745,0.722353863586956,0.7793572246204528,0.11991303276314262,0.3609940135864167,2.0010134140743445
1236,15356,0.15747664315089266,0.6512533945481498,0.7792883612550068,0.13495014453663137,0.32546178349804583,2.0010134140743445
1237,6068,0.1277621364784562,0.8081649291125372,0.7788155928281216,0.10673656309586244,0.40387781682432594,2.0010134140743445
1238,454,0.11209350603545248,0.9577452351172411,0.7786470189726596,0.09182884026487644,0.47863009232263826,2.0010134140743445
1239,7467,0.17394473099263075,0.5956621435290106,0.7786218216508465,0.15061279656042237,0.2976802350945558,2.0010134140743445
1240,1164,0.11298183864933734,0.9467820160680864,0.7786118726171575,0.09267701524065292,0.4731512589614805,2.0010134140743445
1241,11014,0.15379564501818,0.6645076729077796,0.7780138664551685,0.13148493710128928,0.3320855663604716,2.0010134140743445
1242,10818,0.1278584430517725,0.8058421877614819,0.7777415012360667,0.10685313768336706,0.4027170343254591,2.0010134140743445
1243,16278,0.11294658824805703,0.9440608762859236,0.7771109159736219,0.09267829701556736,0.47179137813158534,2.0010134140743445
1244,16553,0.1140175959492044,0.930572040929699,0.776648142841013,0.09371011377443887,0.46505037616660627,2.0010134140743445
1245,15766,0.14930742503942393,0.6819460214464238,0.7764482216114649,0.12725978069197438,0.340800324800365,2.0010134140743445
1246,7999,0.1884429557196226,0.5559042572704037,0.77639305951964,0.16445125335056077,0.2778113596642536,2.0010134140743445
1247,8524,0.1638040606937844,0.6255326747076072,0.776392361852538,0.14103336648455148,0.31260793671239556,2.0010134140743445
1248,18100,0.17037960711529498,0.6042963902381329,0.7763792518518294,0.14728201348817846,0.3019951720402016,2.0010134140743445
1249,6298,0.11811398944949492,0.8861352236594998,0.7761715615031619,0.09762289665292682,0.4428432200537847,2.001013414074344
1250,14751,0.10970052281875259,0.9828788730000321,0.7759268783587759,0.08960763829435985,0.4911905467933636,2.0010134140743436
1251,15949,0.1109493253635947,0.9660508789898136,0.7757968863606384,0.0908032157259407,0.4827808110605307,2.0010134140743445
1252,1872,0.19167740173214254,0.5479614421527548,0.7757398353834756,0.1675437013304275,0.27384196342643613,2.0010134140743445
1253,15957,0.18350428814639436,0.5672179944867406,0.7755458789920431,0.159778250299324,0.2834653633489668,2.001013414074344
1254,19493,0.12062386301819557,0.8609937521846007,0.7753560589902397,0.10003015323799316,0.4302788507706685,2.0010134140743445
1255,3426,0.13914723781862437,0.7307183271098219,0.7752499234158275,0.11763723063967475,0.3651741272548377,2.001013414074344
1256,3646,0.1994216515297873,0.5308844442309885,0.7750402901675848,0.17492664254916068,0.26530778879189676,2.0010134140743445
1257,16439,0.1687769183394684,0.6077850313707005,0.7747679605165418,0.14579981843297343,0.30373860919461043,2.0010134140743445
1258,19506,0.1462051828732952,0.6938250889094058,0.7744008360769984,0.1243623949525764,0.34673685045253166,2.0010134140743445
1259,8499,0.15515959901503606,0.6550131214249725,0.7741764707649488,0.13287498826553581,0.32734069487883827,2.0010134140743445
1260,5083,0.13886436908817607,0.7307183271098219,0.7740076824374071,0.11739808903250988,0.3651741272548377,2.001013414074344
1261,7416,0.11517191901327649,0.9120108393559097,0.773771360299362,0.0948768052094816,0.4557744755438333,2.001013414074344
1262,10197,0.19959602083366018,0.5293586328441946,0.7734625160690821,0.1751351616903974,0.26454526947240503,2.001013414074344
1263,1214,0.188639034115816,0.5527134079444348,0.7729452162150904,0.16472869343751795,0.27621674300475213,2.001013414074344
1264,2465,0.13245365032259743,0.7673614893618189,0.7729081579518736,0.11133312625028746,0.38348642940846817,2.0010134140743445
1265,9251,0.19859412519744707,0.5308844442309885,0.7727748216597811,0.17420076147342567,0.26530778879189676,2.0010134140743445
1266,5530,0.13002341960161812,0.7829787941891024,0.7725950292528889,0.10903106292695815,0.391291127126853,2.0010134140743445
1267,15499,0.15713452249526344,0.6456542290346556,0.7724907485914148,0.13479296658520887,0.3226636185911482,2.0010134140743445
1268,1163,0.11659922463138135,0.893819859740991,0.7720993974556005,0.09627505661926355,0.44668359215096326,2.0010134140743445
1269,8667,0.15652583367256673,0.6475152482255576,0.7720454590477142,0.13422566825465704,0.32359365692962827,2.0010134140743445
1270,5869,0.11431820123543714,0.9172759353897799,0.7716912927087451,0.09411152998887634,0.45840569030573225,2.0010134140743445
1271,19670,0.1803092880502083,0.5721369546523265,0.7716226692233957,0.15684294544915794,0.2859235978270507,2.0010134140743445
1272,17544,0.1567789734331248,0.6456542290346556,0.7711610178985919,0.1344879698722574,0.3226636185911482,2.0010134140743445
1273,1923,0.17223124344550825,0.5939501549952435,0.7710241808209278,0.14917838756691884,0.29682467434632415,2.001013414074344
1274,5216,0.14281337883821998,0.7059110821984096,0.7706532672701163,0.12123012783184611,0.352776786618874,2.0010134140743445
1275,4065,0.1542146134541867,0.6550131214249725,0.7705719348100669,0.1320657251190334,0.32734069487883827,2.0010134140743445
1276,11852,0.1106998273761863,0.9577452351172411,0.7705544222406171,0.0906871158286558,0.47863009232263826,2.0010134140743445
1277,7338,0.14054005694883043,0.716143410212902,0.7694941485740827,0.11909785064213738,0.3578903595427346,2.001013414074344
1278,16631,0.11737526545993412,0.8810488730080143,0.7693844487955568,0.09707684118629757,0.44030133272024147,2.0010134140743445
1279,9710,0.17954000981222717,0.5721369546523265,0.7692235174453195,0.15617378488610753,0.2859235978270507,2.0010134140743445
1280,701,0.10826804957651,0.9857119009006164,0.7686315796242641,0.08840913380680496,0.4926063433495773,2.0010134140743445
1281,17311,0.1135072479989187,0.9199198708622777,0.7684741531488076,0.09341319302779885,0.4597269885308723,2.001013414074344
1282,16310,0.1414602969669285,0.7099863513495661,0.7683374956877883,0.11999997019590466,0.35481338923357547,2.0010134140743445
1283,4202,0.10965518790919698,0.9660508789898136,0.768217211359278,0.08974406694729248,0.4827808110605307,2.0010134140743445
1284,17685,0.19985370388684115,0.5248074602497725,0.7680030764842537,0.175527908340675,0.262270835646819,2.001013414074344
1285,5884,0.12229197838085533,0.8341612282410431,0.7679731076898245,0.10178832907029803,0.41686938347033553,2.001013414074344
1286,12407,0.13819642061004195,0.7265240579509924,0.7677299698713298,0.11691287905269493,0.3630780547701014,2.0010134140743445
1287,17403,0.14497961844751012,0.6918309709189366,0.7676123115573358,0.12336177138902968,0.34574029641823917,2.0010134140743445
1288,18501,0.11310183885125383,0.9225714271547634,0.7675121113808834,0.09304897669629553,0.4610520952362225,2.0010134140743445
1289,3911,0.19021716640665448,0.5448161839981668,0.7674890947609405,0.1663741432308551,0.2722701308077913,2.0010134140743445
1290,4775,0.1323195007422287,0.7607640819262703,0.7674687632444315,0.11133377401699274,0.38018939632056126,2.0010134140743445
1291,14534,0.17894708895812994,0.5721369546523265,0.767370560569131,0.15565802968469525,0.2859235978270507,2.0010134140743445
1292,17100,0.12445557965017826,0.8151734005153627,0.7669950850101438,0.10386884704239024,0.40738027780411284,2.0010134140743445
1293,18534,0.13044042009075235,0.7717915155850124,0.7666716508728404,0.1095664785723413,0.38570032072575483,2.0010134140743445
1294,9029,0.1871418766538141,0.5511248580808259,0.7665410554680337,0.1634739853194541,0.2754228703338166,2.0010134140743445
1295,4753,0.1824155110789521,0.5623413251903491,0.7662796183405779,0.15898514573492895,0.28102826359636596,2.0010134140743445
1296,18722,0.19770124224087648,0.527837206781577,0.7662436781646492,0.1735275910311498,0.2637849417045267,2.0010134140743445
1297,10389,0.19992257398863927,0.5232991146814947,0.7661472179462775,0.17564385964768386,0.2615170448137997,2.0010134140743445
1298,11287,0.13133413064633004,0.7651560209006901,0.7660899433510638,0.11042962087643567,0.3823842536581126,2.0010134140743445
1299,10729,0.18294441569125408,0.5607251037949698,0.7659119007487016,0.15949782798525963,0.2802205621666747,2.0010134140743445
1300,2547,0.14204060448083045,0.703882227936457,0.7656831684857077,0.12061509890337013,0.35176287324493943,2.001013414074344
1301,13381,0.11289486316212242,0.9199198708622777,0.7650275515231629,0.09290921796034332,0.4597269885308723,2.001013414074344
1302,2637,0.15091041774495212,0.6625978159041461,0.7650071723809786,0.12906183403894475,0.3311311214825911,2.0010134140743445
1303,6110,0.12619868707188892,0.7989139416674045,0.7649893290457522,0.10557314617746866,0.3992546656849758,2.0010134140743445
1304,18522,0.13140753862945048,0.7629568911615332,0.7648374433515414,0.11052888817772713,0.3812852456636189,2.0010134140743445
1305,7154,0.12489841449165356,0.8081649291125372,0.7646715723429952,0.10434411842517623,0.40387781682432594,2.0010134140743445
1306,4385,0.10901708405895637,0.9632743586991879,0.7632292081985081,0.08925070986745762,0.4813932540001448,2.0010134140743445
1307,5942,0.11119021871197408,0.9359442919496421,0.7631677624255869,0.09132652068252406,0.4677351412871981,2.0010134140743445
1308,10023,0.10635625125765313,1.0,0.7631383837755715,0.08670908496921331,0.4997467747924086,2.0010134140743445
1309,5458,0.19049517817727862,0.5401321147646347,0.7622700775697681,0.1667774590622588,0.26992928231542945,2.001013414074343
1310,12681,0.15985927360232244,0.6255326747076072,0.7622653455635303,0.13763695127227102,0.31260793671239556,2.0010134140743445
1311,19945,0.13690024340290322,0.7265240579509924,0.7620391291740887,0.11581632526077958,0.3630780547701014,2.0010134140743445
1312,10132,0.1677516791934754,0.599100938611354,0.7617731539142178,0.14515446631824852,0.2993987618461289,2.0010134140743445
1313,4021,0.12279311271893213,0.819879447913879,0.7616372971172889,0.10241223140476864,0.4097321098135415,2.0010134140743445
1314,11070,0.19785392537265672,0.5232991146814947,0.7605626811904486,0.17382642892979674,0.2615170448137997,2.0010134140743445
1315,18171,0.1696499504319116,0.5922430868761306,0.760550550525238,0.14699107111413373,0.2959715725594465,2.0010134140743445
1316,1600,0.17310867645929764,0.5821032177708716,0.7604253678089026,0.1502841294490119,0.2909042056772761,2.0010134140743445
1317,9201,0.1723949022343828,0.5837810589599196,0.7600330055194331,0.14961534950902652,0.29174270140011677,2.001013414074344
1318,19431,0.12238033496255016,0.819879447913879,0.759553106746602,0.10206796542625163,0.4097321098135415,2.0010134140743445
1319,9973,0.1952068359183466,0.527837206781577,0.7594019335770554,0.1713381848580004,0.2637849417045267,2.0010134140743445
1320,10561,0.1489301217305469,0.6645076729077796,0.7590265022785236,0.1273252417902571,0.3320855663604716,2.0010134140743445
1321,13799,0.15684182984206285,0.6327760017024558,0.7586170587100157,0.13485835386584674,0.31622776601683794,2.0010134140743445
1322,19084,0.1057854284413722,0.9971259067705326,0.758503974942093,0.08627126635034005,0.49831045597052953,2.0010134140743445
1323,10216,0.1395454772015345,0.707945784384138,0.7584817578495516,0.11841586576804204,0.3537936224738549,2.0010134140743445
1324,7696,0.15058411081899659,0.6569011164762665,0.7583995963947833,0.12891318739987653,0.32828421431654653,2.001013414074344
1325,16245,0.17119106374878873,0.5854637363205774,0.758010504887798,0.14852178992485046,0.29258361398412164,2.0010134140743445
1326,5951,0.11006442915995625,0.9386420366721355,0.7579872903234051,0.0903723100716783,0.46908333051147744,2.0010134140743445
1327,11078,0.18465138794607416,0.5495408738576245,0.7572082054250098,0.16135041338961198,0.2746312793269497,2.0010134140743445
1328,1653,0.18519012346556518,0.5479614421527548,0.756826964685104,0.16187322269016666,0.27384196342643613,2.0010134140743445
1329,14246,0.11894568712510717,0.8438203600288409,0.756500731,0.09887009483497688,0.4216965034285822,2.0010134140743445
1330,15952,0.17607489757550587,0.5704925797046321,0.7564139071225382,0.15320960351212934,0.285101826750391,2.0010134140743445
1331,8814,0.15719420539276013,0.62914391424834,0.7562643908847492,0.13525187175318237,0.3144126420258796,2.0010134140743445
1332,7574,0.14291759268050308,0.6878599123088078,0.7556650180152384,0.12168972463074396,0.3437557726853157,2.0010134140743445
1333,1166,0.17153390841960303,0.5821032177708716,0.755316232128773,0.1489169961038195,0.2909042056772761,2.0010134140743445
1334,6212,0.1300250193047382,0.758577575029184,0.7552271799166551,0.10944037765079238,0.379096696550681,2.0010134140743445
1335,9591,0.15206286524586415,0.6475152482255576,0.7551743175938362,0.1303985369408145,0.32359365692962827,2.0010134140743445
1336,6395,0.12149380016413082,0.819879447913879,0.7550679761069747,0.10132857536671368,0.4097321098135415,2.0010134140743445
1337,13787,0.1173057012237021,0.8560517117200949,0.7549933394202955,0.09734360215878139,0.4278090819876381,2.0010134140743445
1338,13244,0.13871171038457666,0.707945784384138,0.7549159542006397,0.11770834574332538,0.3537936224738549,2.0010134140743445
1339,19188,0.1431510918888405,0.6858829387920187,0.754915572916069,0.12192986481825473,0.34276778654645046,2.0010134140743436
1340,507,0.18718842449084322,0.5416889793927849,0.7547578290027332,0.1638299962864142,0.27070732039213574,2.0010134140743445
1341,8197,0.1681211131520442,0.5905409250299409,0.7535699423453365,0.14571444656263016,0.29512092266663853,2.0010134140743445
1342,10761,0.13798989408861212,0.7099863513495661,0.753487003327014,0.11705604705354686,0.35481338923357547,2.0010134140743445
1343,10816,0.12506402374382264,0.7897688493998856,0.7533393020620694,0.10476575983315294,0.39468443531910424,2.0010134140743445
1344,2577,0.14691767981687387,0.6664230348401748,0.7528333262779828,0.12556231561751297,0.3330427623087463,2.0010134140743445
1345,5918,0.1597863265940913,0.6165950018614822,0.7527990214307319,0.13780386447143997,0.3081413635333949,2.0010134140743445
1346,18646,0.15002994679860046,0.6531305526474723,0.7527112636706458,0.12852537784931045,0.3263998872039577,2.0010134140743445
1347,12049,0.15328336601139497,0.640103202470931,0.7526309659635535,0.13162197165626824,0.31988951096913987,2.0010134140743445
1348,1267,0.13440013830286612,0.7286181745132277,0.7526265069380339,0.11366260428202511,0.3641245827681179,2.0010134140743445
1349,3032,0.16669161018633927,0.5939501549952435,0.7525467624350967,0.14438022469714684,0.29682467434632415,2.001013414074344
1350,11370,0.14551375075043854,0.672202309111567,0.7524491065271174,0.12423640028051615,0.33593093598651524,2.0010134140743445
1351,17689,0.16696806525257069,0.5922430868761306,0.751597905221558,0.14466738534757256,0.2959715725594465,2.0010134140743445
1352,14900,0.146602328758608,0.6664230348401748,0.7515820594253906,0.12529280272323334,0.3330427623087463,2.0010134140743445
1353,9925,0.13869652139707023,0.703882227936457,0.7515040674644803,0.11777543968505655,0.35176287324493943,2.001013414074344
1354,12067,0.1706654667890798,0.5804301988538249,0.7505964980701127,0.14821165051237317,0.29006811986931547,2.0010134140743436
1355,13923,0.1531838489592,0.6382634861905486,0.7504656449369117,0.13158067438582707,0.31897011869148584,2.0010134140743436
1356,15610,0.17657555654555063,0.5639622051458343,0.7502680030088797,0.15384535495562848,0.28183829312644537,2.0010134140743445
1357,16912,0.1125983675047879,0.893819859740991,0.7501016049145056,0.09297158056609002,0.44668359215096326,2.0010134140743445
1358,9441,0.18029745151113458,0.5543065366083507,0.7500689515807273,0.15739362731995002,0.2770129039163734,2.0010134140743445
1359,13686,0.10934480846874761,0.930572040929699,0.7500301141668748,0.08986958860995058,0.46505037616660627,2.0010134140743445
1360,19214,0.15209305835709971,0.641948221508036,0.7499347787253937,0.130556024767512,0.32081155328236366,2.0010134140743445
1361,5902,0.16101719864064865,0.6095368972401694,0.7497916564461133,0.1390503144379665,0.3046140985127464,2.0010134140743445
1362,18898,0.19834291341509236,0.514339644080062,0.7497485424882668,0.17458514554268098,0.25703957827688634,2.0010134140743445
1363,3407,0.11897990465477523,0.8317637711026709,0.7494959675039854,0.0990648916204133,0.41567126199773113,2.0010134140743436
1364,4996,0.18204881810496387,0.5495408738576245,0.7494818936169585,0.15907625924211583,0.2746312793269497,2.0010134140743445
1365,12379,0.13590221281336276,0.716143410212902,0.7494126795262132,0.1151676027104139,0.3578903595427346,2.001013414074344
1366,862,0.1280337359495448,0.7629568911615332,0.74905808003949,0.10769113120403828,0.3812852456636189,2.0010134140743445
1367,19032,0.12896644692034726,0.7563973523567668,0.7487256539607832,0.10858628628412917,0.37800713730181124,2.0010134140743445
1368,3172,0.12363531777171369,0.7920452613228854,0.7478693128135776,0.10353385015303217,0.39582206483572263,2.001013414074343
1369,10875,0.1669316098547019,0.588843655355589,0.7477279090822857,0.14473113097509696,0.29427271762092816,2.0010134140743445
1370,6392,0.15149183926447676,0.641948221508036,0.7476620427390823,0.13003994089363202,0.32081155328236366,2.0010134140743445
1371,4129,0.14259800011134235,0.6799860450033224,0.7475167945695674,0.12158228223155874,0.33982083289425596,2.0010134140743445
1372,3695,0.10997997648526328,0.9172759353897799,0.7472441281976486,0.09054012172438108,0.45840569030573225,2.0010134140743445
1373,15331,0.11088051631255262,0.906775964583905,0.7471336901631035,0.09140188813334427,0.4531583637600818,2.0010134140743445
1374,12503,0.13721580796608412,0.7059110821984096,0.7468358950267295,0.11647851255674248,0.352776786618874,2.0010134140743445
1375,6968,0.13382527500486,0.7244359600749902,0.7468215229664602,0.11325343403098713,0.36203453459111845,2.001013414074344
1376,18484,0.16552730299753737,0.5922430868761306,0.7467579491828745,0.1434190549675813,0.2959715725594465,2.0010134140743445
1377,9696,0.1124653805729999,0.8886893998466987,0.7466957549706089,0.09292338797253587,0.4441196613655889,2.0010134140743445
1378,11318,0.10762773449175364,0.9440608762859236,0.7464041047140019,0.08831391278887044,0.47179137813158534,2.0010134140743445
1379,13264,0.17111672869000838,0.5754399373371569,0.7463675601618666,0.14874955359436065,0.28757425277098986,2.0010134140743445
1380,3993,0.11727723627463411,0.8413951416451951,0.7463657457920447,0.09751598036367948,0.42048450836318807,2.001013414074344
1381,13297,0.10484487113174053,0.980053987485756,0.7457426767524289,0.08566889993122831,0.48977881936844614,2.0010134140743445
1382,15336,0.19601039251714603,0.5158221650723058,0.7455262452659234,0.17247793688102253,0.2577804633613222,2.0010134140743445
1383,14649,0.16683388729152065,0.5871512637925166,0.7455247878473396,0.14469401413825025,0.2934269503955969,2.001013414074344
1384,12367,0.12727592256035722,0.7629568911615332,0.7454912607132765,0.10705372278571844,0.3812852456636189,2.0010134140743445
1385,198,0.12434367876251752,0.7829787941891024,0.7452792352420786,0.10426831954784858,0.391291127126853,2.0010134140743445
1386,12682,0.17606472173194604,0.5607251037949698,0.7448402917239298,0.15349985182639836,0.2802205621666747,2.0010134140743445
1387,6931,0.1374847435652888,0.7018592047908021,0.744669958310062,0.11678610251196042,0.35075187395256796,2.0010134140743445
1388,13092,0.10767766407353513,0.9386420366721355,0.7442004887503073,0.08841257179742773,0.46908333051147744,2.0010134140743445
1389,5865,0.10377514158906956,0.9914024778060788,0.7439827711035416,0.08468599419759165,0.4954501908047903,2.0010134140743445
1390,9081,0.19989766708217666,0.5069907082747045,0.7437821699702994,0.1762286390878823,0.2533669713100024,2.001013414074345
1391,11354,0.1930068452110963,0.5202954164627397,0.7433656131378368,0.16967492919551572,0.2600159563165272,2.0010134140743445
1392,2432,0.13332987004887129,0.722353863586956,0.7430075505889696,0.11287255226613639,0.3609940135864167,2.0010134140743445
1393,7539,0.12042445684754441,0.8081649291125372,0.7423263683743047,0.10060643153662614,0.40387781682432594,2.0010134140743445
1394,8733,0.15386488936642234,0.6273356959840383,0.7422577839819333,0.1324315774063265,0.313508990780174,2.0010134140743445
1395,11728,0.16352559359660906,0.5939501549952435,0.7418451504362575,0.14163797398573338,0.29682467434632415,2.001013414074344
1396,4850,0.15818355763979813,0.6112938126483173,0.7416315660960447,0.1365578622274259,0.3054921113215514,2.0010134140743445
1397,16701,0.1724954613534262,0.5672179944867406,0.7412941729536394,0.1501928008223858,0.2834653633489668,2.001013414074344
1398,14665,0.1276903538430004,0.7542233958475707,0.7412138055689824,0.10754839996710702,0.37692070954780155,2.0010134140743445
1399,8614,0.14703843327251484,0.6531305526474723,0.7411123960575141,0.1259626534433783,0.3263998872039577,2.0010134140743445
1400,7861,0.10692675927971089,0.9413475573131851,0.7410824826307653,0.08776735301697554,0.47043540572597625,2.0010134140743445
1401,1866,0.18380430585657592,0.5385797247105718,0.7410160294188411,0.16097106539119024,0.26915348039269155,2.0010134140743445
1402,6002,0.147437922086343,0.6512533945481498,0.7409279926461914,0.1263474284035105,0.32546178349804583,2.0010134140743445
1403,2929,0.13069366448214031,0.7349368100487516,0.7408408437619513,0.11041533005649222,0.36728230049808464,2.001013414074344
1404,18758,0.1584467540435407,0.6095368972401694,0.7407439151804667,0.13683054454698168,0.3046140985127464,2.0010134140743445
1405,19337,0.18917112998205887,0.5263201534393047,0.7406675015805807,0.1660930633381402,0.26302679918953814,2.0010134140743445
1406,19556,0.13494114980707075,0.7099863513495661,0.7403094103465779,0.11446981451505991,0.35481338923357547,2.0010134140743445
1407,8382,0.17335490768905437,0.5639622051458343,0.7402109477840166,0.15103929348138764,0.28183829312644537,2.0010134140743445
1408,6225,0.19523456632090536,0.5128613839913648,0.7394608983748838,0.17190293743439364,0.25630082256525555,2.0010134140743445
1409,2520,0.1755179567382908,0.557506583166466,0.7393299841200123,0.153122294573104,0.2786121168629771,2.001013414074344
1410,16160,0.16881672095829875,0.5754399373371569,0.7389331145716966,0.14675018669449913,0.28757425277098986,2.0010134140743445
1411,7296,0.15052362358227278,0.6364290574262721,0.7387018221188854,0.129338994584067,0.31805336883295204,2.0010134140743445
1412,9704,0.17707393052903525,0.5527134079444348,0.7383644805041905,0.1546294877654284,0.27621674300475213,2.001013414074344
1413,16135,0.12667538032963427,0.7563973523567668,0.738020630395555,0.10665726971698428,0.37800713730181124,2.0010134140743445
1414,4793,0.1194852174922029,0.8081649291125372,0.7375964103350131,0.09982176102721875,0.40387781682432594,2.0010134140743445
1415,5576,0.17808008321078983,0.5495408738576245,0.737581608879947,0.15560833504760196,0.2746312793269497,2.0010134140743445
1416,6331,0.19446823997797025,0.5128613839913648,0.7374087540171071,0.17122819140009063,0.25630082256525555,2.0010134140743445
1417,1077,0.1102520094606792,0.893819859740991,0.7370768042351462,0.09103421130604752,0.44668359215096326,2.0010134140743445
1418,1548,0.10706515296819472,0.930572040929699,0.7369085900568807,0.08799595871497796,0.46505037616660627,2.0010134140743445
1419,13626,0.14728403967592177,0.6475152482255576,0.7368506254079873,0.12630054850946215,0.32359365692962827,2.0010134140743445
1420,8299,0.1698941606765476,0.5704925797046321,0.7367808812870255,0.14783150440350368,0.285101826750391,2.0010134140743445
1421,14013,0.18362352275115962,0.5354883169202962,0.7366101742607306,0.1609153704841554,0.26760855931993316,2.0010134140743445
1422,2889,0.1256874335387153,0.7607640819262703,0.7364518166704221,0.10575354534956531,0.38018939632056126,2.0010134140743445
1423,5669,0.13747751370611566,0.6918309709189366,0.7363442883073774,0.11697830218173882,0.34574029641823917,2.0010134140743445
1424,15647,0.19113008492823125,0.5188000389289612,0.7362564964174905,0.1680779258058763,0.25926864621692436,2.0010134140743445
1425,18244,0.11352065726114176,0.8585191758708333,0.736209121990397,0.09417114656324116,0.4290421892388855,2.0010134140743445
1426,597,0.12826525212306372,0.743446977224627,0.7360677920160872,0.10821641191599735,0.37153522909717257,2.0010134140743445
1427,18259,0.17323124303126688,0.5607251037949698,0.7360325489629616,0.15102951843746606,0.2802205621666747,2.0010134140743445
1428,4754,0.18010941570765598,0.5432503314924333,0.7359728052121909,0.1575838715221128,0.2714876010682504,2.0010134140743445
1429,689,0.19518501510119474,0.5099175975748701,0.7353621076486055,0.17196675527767763,0.25482967479793467,2.001013414074344
1430,311,0.1074499957553067,0.9225714271547634,0.7353618732326568,0.08839920069028788,0.4610520952362225,2.0010134140743445
1431,15730,0.16430921406072685,0.5854637363205774,0.7352452801072419,0.14255124092957935,0.29258361398412164,2.0010134140743445
1432,14998,0.13836224657801444,0.6858829387920187,0.7350734117820922,0.11785093497091575,0.34276778654645046,2.0010134140743436
1433,8158,0.12906879066431975,0.7370551753379343,0.7350390059187022,0.10900549638703408,0.36834094671918605,2.0010134140743436
1434,4307,0.14487438956831075,0.6550131214249725,0.7343766374245477,0.12406697965235447,0.32734069487883827,2.0010134140743445
1435,18233,0.12271262827638423,0.7784845538140539,0.7343492037663065,0.10297043850268288,0.38904514499428067,2.0010134140743445
1436,9789,0.1940164756228182,0.5113873725599799,0.7342201138841147,0.17088384190586578,0.25556419010641385,2.001013414074344
1437,1208,0.19773820545278098,0.5040806191026695,0.7341530575197883,0.17443329523287832,0.2519126636319197,2.001013414074344
1438,1543,0.12329148595553384,0.7740161100463954,0.7341416844154873,0.10352641467173912,0.3868120546330523,2.001013414074343
1439,8859,0.1937222438078457,0.5113873725599799,0.7334321351255885,0.17062469142500047,0.25556419010641385,2.001013414074344
1440,9393,0.1348502163808231,0.7018592047908021,0.7333810533484251,0.11454820939119062,0.35075187395256796,2.0010134140743445
1441,7727,0.1318630803768973,0.7182076058301705,0.7332887058522699,0.1117067451059814,0.35892193464500516,2.0010134140743445
1442,18113,0.14680518851084887,0.6456542290346556,0.733262236645166,0.12593226844899488,0.3226636185911482,2.0010134140743445
1443,14674,0.17838193839465477,0.5448161839981668,0.7327459179025925,0.156022417581506,0.2722701308077913,2.0010134140743445
1444,6072,0.18227746225477176,0.5354883169202962,0.7327094055526321,0.15973577311980316,0.26760855931993316,2.0010134140743445
1445,17232,0.15663236753799545,0.6077850313707005,0.7325171847227396,0.1353086131234693,0.30373860919461043,2.0010134140743445
1446,4114,0.10132606968457952,1.0,0.7324732664005045,0.08260812770273741,0.4997467747924086,2.0010134140743445
1447,8489,0.19846292280455735,0.5011872336272722,0.7320667165288814,0.1751811967252834,0.2504667035723587,2.0010134140743445
1448,10747,0.10880406392499822,0.8989799381034805,0.7315762937454926,0.08977917904780786,0.4492623246702935,2.0010134140743445
1449,18288,0.1397517436558469,0.6741398498898495,0.730790534500521,0.11927657188144558,0.3368992157414908,2.001013414074344
1450,18232,0.155412515145202,0.6095368972401694,0.7299709406921397,0.13421025381744595,0.3046140985127464,2.0010134140743445
1451,15851,0.18804299489178894,0.5202954164627397,0.7297026381006879,0.16531114121408721,0.2600159563165272,2.0010134140743445
1452,6788,0.11357922674823505,0.8462525688072693,0.7296710752309813,0.09437770177850527,0.42291199192122364,2.0010134140743445
1453,15735,0.1670983687578037,0.5721369546523265,0.7296318759813307,0.14535136053793102,0.2859235978270507,2.0010134140743445
1454,2138,0.10405463954803923,0.9522478482957601,0.7291096653040042,0.0852986565528553,0.47588279098881686,2.0010134140743445
1455,17617,0.10836100920906451,0.8989799381034805,0.7290860474766274,0.0894135944617651,0.4492623246702935,2.0010134140743445
1456,14694,0.1541009802201987,0.6130557921498209,0.7288400175626715,0.13298918980332297,0.30637265489467813,2.0010134140743445
1457,12540,0.15760053005889943,0.6008277736476708,0.728724754147762,0.1363256267296304,0.30026174208612677,2.0010134140743445
1458,14315,0.19629903740882865,0.5026318444082005,0.7284188056092198,0.17321747567297094,0.25118864315095807,2.001013414074343
1459,7947,0.16958042843716908,0.5639622051458343,0.7282975579375353,0.14775069503866292,0.28183829312644537,2.0010134140743445
1460,2723,0.10662995788392977,0.9172759353897799,0.7281465872367835,0.08778224613978029,0.45840569030573225,2.0010134140743445
1461,10587,0.1903046497888024,0.514339644080062,0.7281254867360288,0.16750971541541793,0.25703957827688634,2.0010134140743445
1462,19047,0.12815448045204864,0.732824533138904,0.7277340629475018,0.10830694728715369,0.3662266969249198,2.0010134140743445
1463,15359,0.10494358454102459,0.9359442919496421,0.7270638792797516,0.0861958232936903,0.4677351412871981,2.0010134140743445
1464,14915,0.17332006185351573,0.5527134079444348,0.7268759125671933,0.15135142877221544,0.27621674300475213,2.001013414074344
1465,16064,0.14422768537543973,0.6493816315762113,0.7266945051257059,0.12363802231511246,0.32452637598964373,2.001013414074344
1466,3990,0.1993999721099487,0.4954501908047903,0.7265456206156828,0.17622586330486006,0.24759963492497739,2.0010134140743445
1467,6276,0.19549789077794355,0.5026318444082005,0.7263231482517183,0.17251053080519352,0.25118864315095807,2.001013414074343
1468,13616,0.10852587370841613,0.8912509381337455,0.7261455628399551,0.08963866682098329,0.44539978186304774,2.0010134140743445
1469,18217,0.19389366935649333,0.5055335697126492,0.7260260515611333,0.1709887313587567,0.2526387710131897,2.001013414074344
1470,13566,0.188774100336354,0.5158221650723058,0.7258902551298375,0.16611041355747166,0.2577804633613222,2.0010134140743445
1471,13685,0.11327465082601655,0.8413951416451951,0.7253081480549528,0.09418783198288616,0.42048450836318807,2.001013414074344
1472,17406,0.1885150354041067,0.5158221650723058,0.7251792628493657,0.16588245123129894,0.2577804633613222,2.0010134140743445
1473,43,0.14923470457851956,0.6273356959840383,0.7250990033697685,0.1284463753393073,0.313508990780174,2.0010134140743445
1474,17086,0.10521997910297615,0.9278974901273312,0.7249943822704172,0.08650776770393682,0.4637137780291046,2.0010134140743445
1475,2250,0.18154691127691258,0.5308844442309885,0.7248307193622441,0.15924746090119068,0.26530778879189676,2.0010134140743445
1476,19757,0.13133779777646215,0.7099863513495661,0.7245736095449203,0.11141311135841749,0.35481338923357547,2.0010134140743445
1477,17669,0.14320239742589602,0.6512533945481498,0.7243834716321622,0.12271778115119958,0.32546178349804583,2.0010134140743445
1478,11291,0.1833918758527372,0.5263201534393047,0.7243685545661303,0.16101885342968497,0.26302679918953814,2.0010134140743445
1479,13055,0.14985912432909637,0.6237348354824191,0.7239265903172588,0.12907005615043032,0.31170947235801266,2.0010134140743436
1480,6637,0.19309291673132206,0.5055335697126492,0.7239038435999625,0.1702825727927517,0.2526387710131897,2.001013414074344
1481,708,0.17350658255814616,0.5495408738576245,0.7236878270084646,0.1516119598827577,0.2746312793269497,2.0010134140743445
1482,16986,0.10436492684891935,0.9359442919496421,0.7236849960315183,0.08572054053682257,0.4677351412871981,2.0010134140743445
1483,13921,0.11016835427781949,0.8684603593990751,0.7234413320725027,0.09126817378582591,0.43401026364474377,2.0010134140743445
1484,5517,0.15112831150914943,0.6183722613912372,0.723350206442269,0.13029353647301747,0.30902954325135906,2.0010134140743445
1485,1366,0.10752420323540744,0.8963961859499502,0.7230985186066379,0.08875247785683787,0.44797110286470376,2.0010134140743445
1486,12139,0.12443439970692553,0.7498942093324559,0.7229037007209707,0.1048773221370304,0.3747572125493981,2.0010134140743445
1487,16287,0.1682914298403742,0.5623413251903491,0.7223437421849996,0.14667523249999911,0.28102826359636596,2.0010134140743445
1488,17090,0.16711428483470328,0.5655877570891539,0.7222818969964893,0.14555471160504196,0.2826506574673769,2.001013414074344
1489,8558,0.18596128408351004,0.5188000389289612,0.7219847584039157,0.1635325329379214,0.25926864621692436,2.0010134140743445
1490,3682,0.16088766526199264,0.5837810589599196,0.7219383495833578,0.1396286314611423,0.29174270140011677,2.001013414074344
1491,14464,0.1262048925024713,0.7370551753379343,0.7219231272416438,0.10658678122647973,0.36834094671918605,2.0010134140743436
1492,10628,0.12687016074201224,0.732824533138904,0.721877183720122,0.10722153266377021,0.3662266969249198,2.0010134140743445
1493,2773,0.11712633513411332,0.8012167131981434,0.7213607523909851,0.09795039981746412,0.40040546833054635,2.0010134140743445
1494,5544,0.1491446710681332,0.6237348354824191,0.7212758867719384,0.12845471475615616,0.31170947235801266,2.0010134140743436
1495,1155,0.1221285624443937,0.7629568911615332,0.7210424245180924,0.1027241995589565,0.3812852456636189,2.0010134140743445
1496,1839,0.1894745312789376,0.5099175975748701,0.7200416113709028,0.1669355628294761,0.25482967479793467,2.001013414074344
1497,11408,0.19757966935432147,0.4940262207658599,0.719921884838499,0.17467086319420735,0.2468880104906209,2.0010134140743445
1498,10412,0.10387601147432522,0.933254300796991,0.7196150302751768,0.08534688163176231,0.46639082688444056,2.0010134140743445
1499,9007,0.1823629369031624,0.5248074602497725,0.719522173760455,0.16016608274419974,0.262270835646819,2.001013414074344
1500,12264,0.11936725049534598,0.780728440137907,0.7194908797788141,0.10012929264279107,0.390166519947627,2.0010134140743445
1501,5014,0.05886173776844468,0.776247116628692,0.7193905376693499,0.05,0.38792699297709543,2.0010134140743445
1502,17663,0.15236885219914836,0.6095368972401694,0.7190622936756853,0.13158182472251134,0.3046140985127464,2.0010134140743445
1503,1875,0.1533126120936679,0.6060382005270663,0.7189227136778094,0.13248476680354268,0.3028656361143963,2.0010134140743445
1504,510,0.16206261742579608,0.5770985724369333,0.7186097813744031,0.14083286147023766,0.28840315031266056,2.0010134140743445
1505,8285,0.19385320006403517,0.4997467747924086,0.7181078286805955,0.17116519559722057,0.24974683891541433,2.0010134140743445
1506,10043,0.1640591992242485,0.5704925797046321,0.71790126747725,0.14275427793383078,0.285101826750391,2.0010134140743445
1507,13755,0.17215727123397456,0.5479614421527548,0.7176879558875807,0.15048130960056508,0.27384196342643613,2.0010134140743445
1508,3314,0.15345718269297937,0.6042963902381329,0.7176721913746031,0.13265368569579428,0.3019951720402016,2.0010134140743445
1509,15488,0.16792883999461405,0.5591135275705602,0.717499508380702,0.1464541240447101,0.2794151821461939,2.0010134140743445
1510,7026,0.1782854814153208,0.532414653582118,0.7172608958957079,0.15633695267542483,0.26607250597988097,2.0010134140743445
1511,7439,0.15477219035057416,0.599100938611354,0.7170163640934503,0.1339233967687029,0.2993987618461289,2.0010134140743445
1512,15979,0.12890117053598898,0.7140851472862814,0.7169749453409981,0.1092718437699088,0.35686174928348113,2.0010134140743445
1513,6252,0.15033898136719326,0.6148228503413087,0.7169595466938419,0.12969941118641096,0.3072557365267447,2.0010134140743445
1514,11021,0.1412504153998399,0.6512533945481498,0.7166851258256705,0.12104502352010905,0.32546178349804583,2.0010134140743445
1515,3472,0.10615310817594917,0.8989799381034805,0.7166262530970254,0.0875917549548461,0.4492623246702935,2.0010134140743445
1516,1724,0.11214578672140947,0.8365655957558104,0.7165989337052641,0.0933118763199621,0.418070958381256,2.0010134140743445
1517,16012,0.1688025649000841,0.5559042572704037,0.7165647043818466,0.1473113880038636,0.2778113596642536,2.0010134140743445
1518,2354,0.14075551750438609,0.6531305526474723,0.7163991806286781,0.12058030051767778,0.3263998872039577,2.0010134140743445
1519,8739,0.1056615782805707,0.9041698059234505,0.7163499077555068,0.08712854122885343,0.4518559443749224,2.0010134140743445
1520,18277,0.11695013691230095,0.7943282347242817,0.7161745193933289,0.09790242410127004,0.3969629734300071,2.0010134140743445
1521,16990,0.1873335030103715,0.5113873725599799,0.7161481622946332,0.1649976818171384,0.25556419010641385,2.001013414074344
1522,1529,0.10384196020298159,0.9252306262333164,0.7157702087427089,0.0854028249941982,0.46238102139926035,2.0010134140743445
1523,15636,0.10197514668959551,0.9495109992021983,0.7155936840969367,0.08362118909700747,0.4745150594812158,2.0010134140743445
1524,18425,0.16482055400566725,0.5655877570891539,0.7148982124385869,0.1435568971773276,0.2826506574673769,2.001013414074344
1525,516,0.12840487762929975,0.7140851472862814,0.7147667698215208,0.10885112733468667,0.35686174928348113,2.0010134140743445
1526,17118,0.19180583780677812,0.5011872336272722,0.7146629947247913,0.16930505573061838,0.2504667035723587,2.0010134140743445
1527,17408,0.13537717290217618,0.6760829753919819,0.7143896735027898,0.11550382733188529,0.33787028644419825,2.0010134140743445
1528,6143,0.1232459993580206,0.7455898720277816,0.7143005880697965,0.10394635582549726,0.3726061338637685,2.0010134140743445
1529,13137,0.12063333494300509,0.7629568911615332,0.7138671718075246,0.10146654086581813,0.3812852456636189,2.0010134140743445
1530,1569,0.1605688010048984,0.5770985724369333,0.7136371590567484,0.13953473088091423,0.28840315031266056,2.0010134140743445
1531,15620,0.13551495461666266,0.6741398498898495,0.7133246361756491,0.11566051916425547,0.3368992157414908,2.001013414074344
1532,3246,0.10691482299870708,0.8835883884127874,0.7132856457088609,0.08839599190031024,0.4415704473533125,2.0010134140743445
1533,10428,0.17864072310863977,0.527837206781577,0.7126328782942641,0.15679767101987171,0.2637849417045267,2.0010134140743445
1534,9558,0.11483061369600424,0.8058421877614819,0.7125463170660985,0.09596559353187414,0.4027170343254591,2.0010134140743445
1535,5548,0.17160113439180769,0.5448161839981668,0.7122680597349819,0.15009156245574817,0.2722701308077913,2.0010134140743445
1536,3132,0.10096519747354321,0.9549925860214359,0.7119193210627093,0.08273920263440197,0.4772544648148744,2.0010134140743445
1537,16798,0.19367357289524284,0.4954501908047903,0.7118113505002915,0.17116498172818978,0.24759963492497739,2.0010134140743445
1538,8593,0.14747653470904415,0.6201546436537854,0.7116179040579698,0.1271028100809466,0.30992028303851465,2.0010134140743445
1539,18132,0.1025096576882292,0.933254300796991,0.7116160682202509,0.08422425444196238,0.46639082688444056,2.0010134140743445
1540,602,0.10332147154093013,0.9225714271547634,0.7115288933145946,0.08500266039248743,0.4610520952362225,2.0010134140743445
1541,7005,0.183564075334621,0.5158221650723058,0.7114831637543525,0.1615258894827145,0.2577804633613222,2.0010134140743445
1542,13963,0.1756643717021103,0.5339492735741767,0.7114351110811846,0.15398953637829316,0.2668394273714442,2.0010134140743445
1543,1337,0.1478864062602285,0.6183722613912372,0.7114160182167757,0.12749856512996258,0.30902954325135906,2.0010134140743445
1544,15814,0.1300890102971271,0.6998419960022735,0.7111614885480596,0.11054133894059631,0.34974378036641784,2.0010134140743445
1545,13248,0.11537256065192376,0.7989139416674045,0.7110708630624463,0.09651640990239427,0.3992546656849758,2.0010134140743445
1546,2387,0.10239630218634353,0.933254300796991,0.7109509728291897,0.0841311189964978,0.46639082688444056,2.0010134140743445
1547,14364,0.17995219155525383,0.5232991146814947,0.7107525758952402,0.15809869213978928,0.2615170448137997,2.0010134140743445
1548,13120,0.1716997899354114,0.5432503314924333,0.7107174994433676,0.15022600307289488,0.2714876010682504,2.0010134140743445
1549,2697,0.18192634689394171,0.5188000389289612,0.7106865088729517,0.1599842486694647,0.25926864621692436,2.0010134140743445
1550,15714,0.1759810109841357,0.532414653582118,0.710501132222107,0.15431618305424163,0.26607250597988097,2.0010134140743445
1551,10481,0.14394388523889562,0.6327760017024558,0.7102697342250883,0.12376822836050444,0.31622776601683794,2.0010134140743445
1552,7637,0.16795674029291352,0.5527134079444348,0.7102298816312337,0.14666791797444043,0.27621674300475213,2.001013414074344
1553,5065,0.14849604188837812,0.6148228503413087,0.7102087844415462,0.128109483124635,0.3072557365267447,2.0010134140743445
1554,12629,0.1784349617488109,0.5263201534393047,0.7101579861979413,0.15666666158992995,0.26302679918953814,2.0010134140743445
1555,11530,0.17273377022664277,0.5401321147646347,0.7101400708782688,0.15122744611327715,0.26992928231542945,2.001013414074343
1556,3193,0.120429033420859,0.758577575029184,0.7099251383617834,0.10136356039916716,0.379096696550681,2.0010134140743445
1557,12251,0.097995816184354,0.9942600739529568,0.7097231143523877,0.07994415952488747,0.4968782652628518,2.0010134140743445
1558,3916,0.19063514967482864,0.4997467747924086,0.709645568219136,0.16832377629576822,0.24974683891541433,2.0010134140743445
1559,1957,0.18701084101324345,0.5069907082747045,0.7095222682505687,0.1648676869895432,0.2533669713100024,2.001013414074345
1560,5797,0.18341555323973752,0.514339644080062,0.7091697676628304,0.1614458036629522,0.25703957827688634,2.0010134140743445
1561,1113,0.10685460614191997,0.8759917176331175,0.7091019071462321,0.08843442983668612,0.4377740356320127,2.0010134140743445
1562,11502,0.125304658260384,0.7244359600749902,0.7085685099608856,0.10604262048071576,0.36203453459111845,2.001013414074344
1563,831,0.19614331621615733,0.4883711493797627,0.70846638906555,0.17361389159178953,0.244061906804198,2.0010134140743445
1564,19552,0.19091831120725056,0.49831045597052953,0.7084645672056872,0.16862589980444428,0.24902904321660665,2.0010134140743445
1565,11154,0.19885362963935516,0.4827808110605307,0.7075185560318279,0.17622771110735863,0.2412681532591634,2.0010134140743445
1566,5526,0.13852502669281902,0.6531305526474723,0.7075087544263345,0.11866951750093178,0.3263998872039577,2.0010134140743445
1567,18920,0.12274195961673036,0.7391796465554599,0.707414474570039,0.10362690546062184,0.36940264435828357,2.0010134140743445
1568,7749,0.1781127003828062,0.5248074602497725,0.7073470553269429,0.15643317656401862,0.262270835646819,2.001013414074344
1569,17697,0.12873608205915377,0.7018592047908021,0.7068234354197098,0.10935457190716474,0.35075187395256796,2.0010134140743445
1570,15228,0.1564310985661967,0.5837810589599196,0.7068174605039762,0.1357609371432716,0.29174270140011677,2.001013414074344
1571,2522,0.13841672079010306,0.6512533945481498,0.7054255720235457,0.1186166792939101,0.32546178349804583,2.0010134140743445
1572,6431,0.1343802912310312,0.6702703370061167,0.7053700354040671,0.1147697043420771,0.3349654391578278,2.001013414074343
1573,231,0.10975807514699107,0.8389768935652859,0.7052571100129337,0.09129446968556881,0.41927599668460547,2.0010134140743445
1574,12388,0.15045053161181476,0.6025595860743578,0.7051775605982823,0.13009773845422765,0.301127209760909,2.0010134140743445
1575,11469,0.18539465754448714,0.5069907082747045,0.7051301645373551,0.16344286889450177,0.2533669713100024,2.001013414074345
1576,12245,0.05967590109469137,0.8684603593990751,0.705065410228145,0.05,0.43401026364474377,2.0010134140743445
1577,1277,0.176552100040465,0.5263201534393047,0.7047032222810106,0.15501350093581265,0.26302679918953814,2.0010134140743445
1578,19649,0.10530480723405741,0.8835883884127874,0.7042731806420746,0.08706484869210358,0.4415704473533125,2.0010134140743445
1579,1473,0.09923722565723608,0.960505818386731,0.7038451790238787,0.08127040525676216,0.48000968490811174,2.0010134140743445
1580,8660,0.12165336653770419,0.7413102413009177,0.7038284554914703,0.10267292097880329,0.3704674022107158,2.0010134140743445
1581,2510,0.1590971780454465,0.5721369546523265,0.7033586321433211,0.13839148436074206,0.2859235978270507,2.0010134140743445
1582,9436,0.13464759188046388,0.6664230348401748,0.7032341376383027,0.11507575841046673,0.3330427623087463,2.0010134140743445
1583,6465,0.18461114093204256,0.5069907082747045,0.7029930621939958,0.16275212513381,0.2533669713100024,2.001013414074345
1584,15826,0.17096911883562937,0.5385797247105718,0.7029650860001679,0.1497303399923569,0.26915348039269155,2.0010134140743445
1585,5111,0.10596964066681265,0.8734740357683985,0.7029080379171784,0.08773124343317687,0.4365158322401661,2.0010134140743445
1586,2248,0.12272182554217531,0.732824533138904,0.7027988920447462,0.10371565818920361,0.3662266969249198,2.0010134140743445
1587,19411,0.14735477628400362,0.6112938126483173,0.7025798527215003,0.12720951240814318,0.3054921113215514,2.0010134140743445
1588,18720,0.1516445523996787,0.5956621435290106,0.7024799423870907,0.13130383421063055,0.2976802350945558,2.0010134140743445
1589,2124,0.149649352479997,0.6025595860743578,0.7023020319709823,0.12940494201124036,0.301127209760909,2.0010134140743445
1590,13782,0.10493706538744402,0.8835883884127874,0.7022084247989211,0.08676080380494108,0.4415704473533125,2.0010134140743445
1591,12108,0.09931587571191211,0.9549925860214359,0.7020323635535884,0.08138761247403327,0.4772544648148744,2.0010134140743445
1592,5920,0.1391926488907485,0.6437985585864101,0.7018818034609008,0.1194422320169143,0.3217362532695599,2.0010134140743445
1593,6277,0.059660387501582736,0.8659643233600653,0.7018796364633743,0.05,0.43276287768448307,2.0010134140743445
1594,13309,0.16016490749702544,0.5672179944867406,0.7015333546390127,0.13945651590883892,0.2834653633489668,2.001013414074344
1595,14446,0.11292443760145326,0.8035261221856173,0.7014010315999001,0.09440449349099053,0.40155958802371305,2.0010134140743445
1596,4134,0.19975015291208648,0.010441190029805644,0.7013088838058179,0.2,0.020892961308540396,2.0010134140743445
1597,6350,0.1056390175464943,0.8734740357683985,0.7010700151880365,0.08745752374071811,0.4365158322401661,2.0010134140743445
1598,7650,0.15165361091138257,0.5939501549952435,0.7007708423271263,0.13135503577560076,0.29682467434632415,2.001013414074344
1599,11486,0.19925125131529747,0.4772544648148744,0.7007463948664234,0.17679435356937975,0.23850637954651052,2.001013414074344
1600,2850,0.1266449191089341,0.7059110821984096,0.7007171541669772,0.10750519214465253,0.352776786618874,2.0010134140743445
1601,543,0.19221689546461063,0.48977881936844614,0.7003498170042138,0.17008640596129493,0.2447653853410146,2.0010134140743445
1602,16706,0.10850873977357306,0.8413951416451951,0.6998956278737924,0.09022497863326606,0.42048450836318807,2.001013414074344
1603,5885,0.12714812283534863,0.7018592047908021,0.6998425742196833,0.1080056835586328,0.35075187395256796,2.0010134140743445
1604,17768,0.18484213703067848,0.5040806191026695,0.6998423791729295,0.1630571238690031,0.2519126636319197,2.001013414074344
1605,1431,0.16407690065511654,0.5543065366083507,0.6998187315257056,0.143233630520446,0.2770129039163734,2.0010134140743445
1606,19002,0.1034069353295555,0.8963961859499502,0.6997812780158893,0.08535400832486868,0.44797110286470376,2.0010134140743445
1607,13618,0.17604661909651548,0.5232991146814947,0.699519461176413,0.15466741468522088,0.2615170448137997,2.0010134140743445
1608,16856,0.14154866259153567,0.6309573444801934,0.6994063738002215,0.12174949197595954,0.31531889793555934,2.0010134140743445
1609,9256,0.1558005347310551,0.5787619883491206,0.6993653682135464,0.1353467820141266,0.2892344370499146,2.0010134140743445
1610,8910,0.1600210887352343,0.5655877570891539,0.6992773078199714,0.13937661549771374,0.2826506574673769,2.001013414074344
1611,5103,0.17218799321317121,0.532414653582118,0.6992698529115422,0.15099011951250582,0.26607250597988097,2.0010134140743445
1612,19420,0.1313763163162549,0.678031701715246,0.6992234413458207,0.11205235985647816,0.33884415613920255,2.0010134140743445
1613,2082,0.1859892289690554,0.5011872336272722,0.6991657049531901,0.16417079446571411,0.2504667035723587,2.0010134140743445
1614,17981,0.12908773997226164,0.6898425842094826,0.6989308163529767,0.10987678612349061,0.34474660657314943,2.0010134140743445
1615,5646,0.14957901338677798,0.599100938611354,0.6985984161808249,0.12942977360915975,0.2993987618461289,2.0010134140743445
1616,9031,0.16771342997316346,0.5432503314924333,0.6985152042875048,0.14673820076304,0.2714876010682504,2.0010134140743445
1617,1822,0.13388250896144144,0.6645076729077796,0.6984659410918459,0.11446054449511257,0.3320855663604716,2.0010134140743445
1618,2628,0.16593898408390723,0.5479614421527548,0.698454303726335,0.14504595396843054,0.27384196342643613,2.0010134140743445
1619,5829,0.096172527441457,0.9942600739529568,0.6984206980766978,0.07845673596133577,0.4968782652628518,2.0010134140743445
1620,12124,0.11044636162563537,0.819879447913879,0.6981443469062518,0.0921147619289514,0.4097321098135415,2.0010134140743445
1621,6084,0.10311259054766991,0.8963961859499502,0.6981030832862115,0.08511105066556494,0.44797110286470376,2.0010134140743445
1622,17492,0.1071810325281626,0.8511380382023763,0.6979657704992528,0.08900146525949197,0.42535348949477564,2.001013414074343
1623,1895,0.09940058322953707,0.9440608762859236,0.6979327612215521,0.08156312571244165,0.47179137813158534,2.0010134140743445
1624,14652,0.16235783647489743,0.557506583166466,0.6979237962317497,0.1416413734808339,0.2786121168629771,2.001013414074344
1625,2689,0.15742806146368138,0.5721369546523265,0.6977949211148691,0.13693959486679,0.2859235978270507,2.0010134140743445
1626,2511,0.15897814495846882,0.5672179944867406,0.69762570760463,0.13842319486851484,0.2834653633489668,2.001013414074344
1627,17823,0.0999319426735289,0.9359442919496421,0.6976032507796225,0.08207949165978229,0.4677351412871981,2.0010134140743445
1628,4335,0.15683048551934692,0.5737860693092911,0.6975589784301466,0.1363752606705079,0.2867477375581316,2.0010134140743445
1629,16996,0.1283782340376783,0.6918309709189366,0.6974302922526404,0.10923581209738936,0.34574029641823917,2.0010134140743445
1630,1920,0.15018004217710446,0.5956621435290106,0.6972930585693847,0.13003576487070567,0.2976802350945558,2.0010134140743445
1631,17020,0.18313960438532118,0.5055335697126492,0.6970886868266513,0.16150505954794833,0.2526387710131897,2.001013414074344
1632,10212,0.17773987625405674,0.517308959249628,0.6969573444477898,0.15635184147796652,0.2585234839562191,2.0010134140743445
1633,15347,0.1850349710782872,0.5011872336272722,0.6965968267114006,0.163328480763351,0.2504667035723587,2.0010134140743445
1634,6337,0.1365701023482251,0.6493816315762113,0.6963970081248021,0.11707362090539661,0.32452637598964373,2.001013414074344
1635,8339,0.18426252328918652,0.5026318444082005,0.6963898424218371,0.1625962590881732,0.25118864315095807,2.001013414074343
1636,8238,0.1015261570736665,0.9120108393559097,0.6962761452146757,0.08363564235857787,0.4557744755438333,2.001013414074344
1637,5609,0.16875071147031062,0.5385797247105718,0.6962345406237278,0.14778751609928842,0.26915348039269155,2.0010134140743445
1638,10326,0.15436355399686486,0.5804301988538249,0.696229076100735,0.13405451933111923,0.29006811986931547,2.0010134140743436
1639,4026,0.11325268363653541,0.7920452613228854,0.6961235347743201,0.09483929502008745,0.39582206483572263,2.001013414074343
1640,1929,0.0956162670434417,0.9971259067705326,0.696033664151097,0.07797800285983317,0.49831045597052953,2.0010134140743445
1641,17626,0.14600622818245168,0.6095368972401694,0.6959211846826019,0.1260872261476925,0.3046140985127464,2.0010134140743445
1642,13160,0.11541070089433778,0.7740161100463954,0.6956571719898654,0.096909011889535,0.3868120546330523,2.001013414074343
1643,12586,0.1202187761872789,0.7391796465554599,0.6956083064585318,0.10149666661222778,0.36940264435828357,2.0010134140743445
1644,5801,0.10603803378545246,0.8585191758708333,0.6956009092164429,0.08796393063437524,0.4290421892388855,2.0010134140743445
1645,12347,0.1308917859999263,0.6760829753919819,0.6955907422372437,0.11167689445119544,0.33787028644419825,2.0010134140743445
1646,15005,0.11016395184213303,0.8175230379436502,0.6953125598826663,0.09191023200791557,0.408554501530831,2.0010134140743445
1647,561,0.11473437704960449,0.7784845538140539,0.6951399895275694,0.09627574017501142,0.38904514499428067,2.0010134140743445
1648,11840,0.13191591825594218,0.6702703370061167,0.6951180200169932,0.11266496595262598,0.3349654391578278,2.001013414074343
1649,2788,0.1370417248878921,0.6456542290346556,0.6950098108833934,0.11755698461583988,0.3226636185911482,2.0010134140743445
1650,2661,0.11526242409911133,0.7740161100463954,0.6949240176895316,0.09678450560372101,0.3868120546330523,2.001013414074343
1651,8114,0.11547333084304684,0.7717915155850124,0.6945460220867289,0.09699452225536447,0.38570032072575483,2.0010134140743445
1652,13632,0.12221775463307842,0.7244359600749902,0.6944575997491286,0.10343024074675017,0.36203453459111845,2.001013414074344
1653,6264,0.18911681230339406,0.4911905467933636,0.6942126837912735,0.16729196830158577,0.2454708915685031,2.0010134140743445
1654,18979,0.11598438322124757,0.7673614893618189,0.6942023897547466,0.09748998195808768,0.38348642940846817,2.0010134140743445
1655,1436,0.10177081409336104,0.9041698059234505,0.6940706410507718,0.08392021694093789,0.4518559443749224,2.0010134140743445
1656,4062,0.12863984284786417,0.6858829387920187,0.6938696597618208,0.10956981495370874,0.34276778654645046,2.0010134140743436
1657,1638,0.10192586259860067,0.9015711376059571,0.6937529189732469,0.08407584775957887,0.4505572682644998,2.0010134140743445
1658,5222,0.12012060228201976,0.7370551753379343,0.6936679348861916,0.10144827274406903,0.36834094671918605,2.0010134140743436
1659,10641,0.16437786985193673,0.5479614421527548,0.6935670549888054,0.14368139636142868,0.27384196342643613,2.0010134140743445
1660,1078,0.13663627259111216,0.6456542290346556,0.69339583669357,0.11720917996397921,0.3226636185911482,2.0010134140743445
1661,15161,0.13111959319421235,0.672202309111567,0.6933753293888614,0.11194698906931662,0.33593093598651524,2.0010134140743445
1662,4971,0.11902647082784046,0.743446977224627,0.692930428386537,0.10042172281901222,0.37153522909717257,2.0010134140743445
1663,5281,0.10865006003272085,0.8269895085679317,0.6926975829716554,0.09052501094969949,0.41328533969398284,2.0010134140743445
1664,11877,0.19831876812494326,0.4731512589614805,0.6926891955242018,0.17612625204297924,0.2364558156549676,2.0010134140743445
1665,9376,0.11744680467698934,0.7542233958475707,0.692674584884447,0.09892067446057869,0.37692070954780155,2.0010134140743445
1666,19905,0.16070931841239608,0.557506583166466,0.6926168864720086,0.14020320229273264,0.2786121168629771,2.001013414074344
1667,10213,0.18487429901438496,0.49831045597052953,0.6924055787024154,0.16328761146527795,0.24902904321660665,2.0010134140743445
1668,10030,0.15372245666833478,0.5787619883491206,0.6922858953746495,0.13354151748760323,0.2892344370499146,2.0010134140743445
1669,4594,0.1616401052948664,0.5543065366083507,0.6920495163097458,0.14110638991015645,0.2770129039163734,2.0010134140743445
1670,10935,0.1557030765037507,0.5721369546523265,0.6920143803734937,0.13543910798174563,0.2859235978270507,2.0010134140743445
1671,9581,0.18888321122096396,0.48977881936844614,0.691716179843196,0.16713653846790358,0.2447653853410146,2.0010134140743445
1672,15969,0.15607269464643828,0.5704925797046321,0.6915000358591774,0.13580491026891767,0.285101826750391,2.0010134140743445
1673,16647,0.12770968280853653,0.6878599123088078,0.6914154074468412,0.10874067945149886,0.3437557726853157,2.0010134140743445
1674,5217,0.19157324682154064,0.48417236758409943,0.6910896518260744,0.16972405202513646,0.24196357914375818,2.0010134140743445
1675,19470,0.18022476344250882,0.5069907082747045,0.6909333881594759,0.15888511984660733,0.2533669713100024,2.001013414074345
1676,676,0.1108594076906092,0.8035261221856173,0.6907852478062279,0.092678134636187,0.40155958802371305,2.0010134140743445
1677,4168,0.1595236438656909,0.5591135275705602,0.6905506500866058,0.1391237831900665,0.2794151821461939,2.0010134140743445
1678,14861,0.11712166919653381,0.7520556874920592,0.6896626527935545,0.09868036506650392,0.37583740428844414,2.001013414074344
1679,8508,0.1597685820235757,0.557506583166466,0.6895761879444324,0.1393825015671688,0.2786121168629771,2.001013414074344
1680,2398,0.17133816150032524,0.5263201534393047,0.689431458937091,0.1504356405388761,0.26302679918953814,2.0010134140743445
1681,10302,0.12399530097783268,0.7059110821984096,0.6889167997565372,0.10525600829820858,0.352776786618874,2.0010134140743445
1682,16778,0.143558001301349,0.6112938126483173,0.6885718207907645,0.12393180464428996,0.3054921113215514,2.0010134140743445
1683,7809,0.18342498922880685,0.49831045597052953,0.6885102911273495,0.16200752908269705,0.24902904321660665,2.0010134140743445
1684,14390,0.11257060475612435,0.7852356346100718,0.6885033775470539,0.09436401068455574,0.3924189758484536,2.0010134140743445
1685,9103,0.10472635525890184,0.8585191758708333,0.6883858502670686,0.0868758267267005,0.4290421892388855,2.0010134140743445
1686,10722,0.17401210382796195,0.5188000389289612,0.6881147140508417,0.15302454078594177,0.25926864621692436,2.0010134140743445
1687,5279,0.17692768906037326,0.5113873725599799,0.6872639314002716,0.15583255571006352,0.25556419010641385,2.001013414074344
1688,1733,0.10136739764762676,0.893819859740991,0.6869082752632103,0.08369825767474362,0.44668359215096326,2.0010134140743445
1689,16757,0.1577129222913662,0.5607251037949698,0.6864051622868157,0.13750006227647596,0.2802205621666747,2.0010134140743445
1690,3320,0.09702786775470054,0.9495109992021983,0.6859853486446078,0.07956434426019879,0.4745150594812158,2.0010134140743445
1691,158,0.17968365072407244,0.5040806191026695,0.685734702611041,0.15850660333193953,0.2519126636319197,2.001013414074344
1692,4733,0.09585599843135187,0.9660508789898136,0.6855514298049077,0.07845052573022218,0.4827808110605307,2.0010134140743445
1693,18893,0.14494462356773724,0.6025595860743578,0.685269476205285,0.12533666398677673,0.301127209760909,2.0010134140743445
1694,18861,0.09760736876319151,0.9386420366721355,0.68492873756335,0.08014399804253068,0.46908333051147744,2.0010134140743445
1695,4654,0.1500664477166096,0.5837810589599196,0.684854339508389,0.13023728505714874,0.29174270140011677,2.001013414074344
1696,1432,0.13395449407451882,0.6475152482255576,0.6842772065932093,0.11487005729980052,0.32359365692962827,2.0010134140743445
1697,4656,0.11874261077346587,0.732824533138904,0.6842644396215664,0.10035271213629418,0.3662266969249198,2.0010134140743445
1698,17764,0.11226550241834474,0.780728440137907,0.6841956053351906,0.09417210582206288,0.390166519947627,2.0010134140743445
1699,2491,0.16890930787501565,0.527837206781577,0.684032344230198,0.14825615138309992,0.2637849417045267,2.0010134140743445
1700,3942,0.19701611569978106,0.46908333051147744,0.6837987330935626,0.17512704173002366,0.23442288153199228,2.0010134140743445
1701,13771,0.1858462456113405,0.48977881936844614,0.6837738494031494,0.1644492275303278,0.2447653853410146,2.0010134140743445
1702,17700,0.1842195741556239,0.4926063433495773,0.6831962365228231,0.16290988909501927,0.24617843133123313,2.001013414074344
1703,8286,0.09524665294832678,0.9688354022599172,0.682916779449122,0.07792662723860591,0.48417236758409943,2.001013414074344
1704,8680,0.13643515509218423,0.6345999009812868,0.6828382094157466,0.1172726451425713,0.31713925379897995,2.001013414074344
1705,13709,0.11364805387596522,0.7673614893618189,0.6827080968460059,0.0955261942532788,0.38348642940846817,2.0010134140743445
1706,52,0.1359827350260157,0.6364290574262721,0.6826820991910707,0.11684458432827544,0.31805336883295204,2.0010134140743445
1707,13340,0.17142977871296944,0.5202954164627397,0.6824376989695039,0.15070623807830488,0.2600159563165272,2.0010134140743445
1708,2255,0.1548378623731372,0.5655877570891539,0.682142332264395,0.13486208211078676,0.2826506574673769,2.001013414074344
1709,11023,0.13750462215165601,0.62914391424834,0.6821314669605565,0.11831070664632866,0.3144126420258796,2.0010134140743445
1710,5550,0.12077970250815975,0.716143410212902,0.6818932467469221,0.10235233485892155,0.3578903595427346,2.001013414074344
1711,7576,0.1453386069924572,0.5973790666599235,0.681655085911806,0.12580216434677075,0.298538261891796,2.0010134140743445
1712,12056,0.1279482506552993,0.6741398498898495,0.68154908835831,0.10920242078678014,0.3368992157414908,2.001013414074344
1713,14258,0.09362096073379755,0.9914024778060788,0.6814438343573634,0.07639964654416252,0.4954501908047903,2.0010134140743445
1714,2359,0.15197600811084147,0.5737860693092911,0.6811359185054346,0.13215394732182,0.2867477375581316,2.0010134140743445
1715,9198,0.19739586175674823,0.46639082688444056,0.6809316347483253,0.1755695843382769,0.23307731152826375,2.001013414074344
1716,11726,0.14189007781303759,0.6095368972401694,0.6807024346189859,0.12253262447797689,0.3046140985127464,2.0010134140743445
1717,14592,0.1358408254655808,0.6345999009812868,0.6805029591409549,0.11676178995021791,0.31713925379897995,2.001013414074344
1718,7159,0.1568035895397425,0.557506583166466,0.6799336904682264,0.1367958348753186,0.2786121168629771,2.001013414074344
1719,4878,0.16748896206617886,0.527837206781577,0.6797851891837572,0.1470094764313141,0.2637849417045267,2.0010134140743445
1720,14184,0.11332575138914733,0.7651560209006901,0.67971577368534,0.09528764305099882,0.3823842536581126,2.0010134140743445
1721,18160,0.12327404080093163,0.6978305848598664,0.6796434343672544,0.10478597768784664,0.34873858413521835,2.0010134140743445
1722,17970,0.19761392186448468,0.46505037616660627,0.6795618363336613,0.17581599162876388,0.23240742560525787,2.0010134140743445
1723,19223,0.09983549655794391,0.8963961859499502,0.6793163842010532,0.08240607631554663,0.44797110286470376,2.0010134140743445
1724,17535,0.13190466933514128,0.6512533945481498,0.6791671882872673,0.11303615466820409,0.32546178349804583,2.0010134140743445
1725,6260,0.12738681806846502,0.6741398498898495,0.6791610813006352,0.10872324426598455,0.3368992157414908,2.001013414074344
1726,2035,0.09797599726956191,0.9199198708622777,0.6790677732151353,0.0806314213971593,0.4597269885308723,2.001013414074344
1727,15762,0.14644165192789105,0.5905409250299409,0.6788780780993796,0.12692435747253145,0.29512092266663853,2.0010134140743445
1728,15942,0.13297831005233152,0.6456542290346556,0.6787409320646768,0.11407131048482216,0.3226636185911482,2.0010134140743445
1729,4329,0.13374761539134153,0.641948221508036,0.6786351828516816,0.1148083757158043,0.32081155328236366,2.0010134140743445
1730,15820,0.12439830881229064,0.6898425842094826,0.6785334412632714,0.10588524033675917,0.34474660657314943,2.0010134140743445
1731,11132,0.10315456426925831,0.8560517117200949,0.6784486134526957,0.08560058684564781,0.4278090819876381,2.0010134140743445
1732,5199,0.09652075799752989,0.9386420366721355,0.6784244579882008,0.07925179766688631,0.46908333051147744,2.0010134140743445
1733,19250,0.1049577690683227,0.8365655957558104,0.6781514102938707,0.08733102377222667,0.418070958381256,2.0010134140743445
1734,13236,0.15731315991451833,0.5543065366083507,0.6781070996397603,0.13732911173500584,0.2770129039163734,2.0010134140743445
1735,17291,0.11650838203416344,0.7391796465554599,0.6780766352104465,0.098364105706999,0.36940264435828357,2.0010134140743445
1736,14863,0.10348924964958486,0.8511380382023763,0.6777774303517861,0.08593586607778053,0.42535348949477564,2.001013414074343
1737,13435,0.0997345673556301,0.893819859740991,0.6775391376426406,0.08235004263035886,0.44668359215096326,2.0010134140743445
1738,16859,0.19667239002443765,0.46505037616660627,0.6772956182715577,0.1749783160614451,0.23240742560525787,2.0010134140743445
1739,17839,0.10849763073230129,0.8012167131981434,0.6772219068658886,0.0907343877643555,0.40040546833054635,2.0010134140743445
1740,17557,0.1254296092021491,0.6819460214464238,0.676924477538899,0.10690790866650349,0.340800324800365,2.0010134140743445
1741,3336,0.13057937166079814,0.6550131214249725,0.6769047364838789,0.11182506649471417,0.32734069487883827,2.0010134140743445
1742,14228,0.16070470004020715,0.5432503314924333,0.6766906984843908,0.1406060238696294,0.2714876010682504,2.0010134140743445
1743,18481,0.12708586251442747,0.672202309111567,0.6763374244706462,0.10850307963276434,0.33593093598651524,2.0010134140743445
1744,8638,0.11765092815385206,0.7286181745132277,0.676234172538118,0.09949774649807099,0.3641245827681179,2.0010134140743445
1745,4636,0.09327479829454206,0.9828788730000321,0.6761072927953979,0.07619046995214437,0.4911905467933636,2.0010134140743436
1746,6333,0.11147716802865504,0.7740161100463954,0.6760923062534984,0.09360607047860534,0.3868120546330523,2.001013414074343
1747,14054,0.12805784507864804,0.6664230348401748,0.6758000232242353,0.10944387075201444,0.3330427623087463,2.0010134140743445
1748,15318,0.10665859505834485,0.8151734005153627,0.6755532510303135,0.08901573820162265,0.40738027780411284,2.0010134140743445
1749,10517,0.13917579195896157,0.6148228503413087,0.6754639677452672,0.12006878125900891,0.3072557365267447,2.0010134140743445
1750,3761,0.15703119167411672,0.5527134079444348,0.6754502850539653,0.13712720251489505,0.27621674300475213,2.001013414074344
1751,17861,0.140913477177059,0.6077850313707005,0.6754155603914752,0.12172967482348962,0.30373860919461043,2.0010134140743445
1752,15734,0.09366702948019878,0.974428550075478,0.6753458711004819,0.07658478938586742,0.4869675251658631,2.0010134140743445
1753,11285,0.1805887687955322,0.4940262207658599,0.6753251732920141,0.15965000969875764,0.2468880104906209,2.0010134140743445
1754,15154,0.12121152371653114,0.703882227936457,0.6749232338138039,0.10292789146268862,0.35176287324493943,2.001013414074344
1755,3431,0.12924816646781456,0.658794553441924,0.6745423172837673,0.11061043759086381,0.32923045333340656,2.0010134140743445
1756,11351,0.1466171755224487,0.5854637363205774,0.6744425639601247,0.127201997963367,0.29258361398412164,2.0010134140743445
1757,826,0.16043480261179555,0.5416889793927849,0.6740893002282143,0.14041484235788207,0.27070732039213574,2.0010134140743445
1758,2462,0.14891967871524925,0.5770985724369333,0.6740531447044085,0.12941161148591127,0.28840315031266056,2.0010134140743445
1759,7952,0.12303091817296608,0.6918309709189366,0.674038588535686,0.10468583214633584,0.34574029641823917,2.0010134140743445
1760,19681,0.09414324302081284,0.9632743586991879,0.6739672402426719,0.07707371134865552,0.4813932540001448,2.0010134140743445
1761,16614,0.12376982653232314,0.6858829387920187,0.6727529008717731,0.10542174718013067,0.34276778654645046,2.0010134140743436
1762,217,0.1643312134804839,0.5293586328441946,0.6720426037048599,0.14419212128316253,0.26454526947240503,2.001013414074344
1763,14967,0.19282946795451106,0.4677351412871981,0.6716996477316735,0.17145685508788294,0.23374912831534891,2.0010134140743436
1764,4647,0.16131125301684973,0.5370317963702527,0.6715674666528156,0.1413173292188959,0.2683799081970073,2.001013414074344
1765,8824,0.1430121988854115,0.5956621435290106,0.6715588591195126,0.12382937438501469,0.2976802350945558,2.0010134140743445
1766,16451,0.09888873790875893,0.8912509381337455,0.6714821900283701,0.08167872164353157,0.44539978186304774,2.0010134140743445
1767,18832,0.18251978007989772,0.4869675251658631,0.6713212928289978,0.1616045567731857,0.24336045013028115,2.0010134140743445
1768,376,0.09332018016024388,0.9688354022599172,0.6710582367541175,0.07635047183371522,0.48417236758409943,2.001013414074344
1769,11414,0.127630707580513,0.6625978159041461,0.6709075535189893,0.1091525253602331,0.3311311214825911,2.0010134140743445
1770,9713,0.12648797107590296,0.6683439175686146,0.6707174743209755,0.10806566292120011,0.3340027172570385,2.0010134140743445
1771,4248,0.0923947440206574,0.9828788730000321,0.6706191942553218,0.07547160751623827,0.4911905467933636,2.0010134140743436
1772,9805,0.0605825503037512,0.980053987485756,0.6705652518902703,0.05,0.48977881936844614,2.0010134140743445
1773,8142,0.11144088897441398,0.7651560209006901,0.6703922877254637,0.09370279499330877,0.3823842536581126,2.0010134140743445
1774,5425,0.11169750934642025,0.7629568911615332,0.6702819683636974,0.0939504814491231,0.3812852456636189,2.0010134140743445
1775,11125,0.13570249261295736,0.6237348354824191,0.6702815648182207,0.11687729005304924,0.31170947235801266,2.0010134140743436
1776,5018,0.09264887390489822,0.9772372209558107,0.6700945478840279,0.07572790658057012,0.4883711493797627,2.0010134140743445
1777,15622,0.13765063252106535,0.6148228503413087,0.669680333789229,0.11875300620677952,0.3072557365267447,2.0010134140743445
1778,3388,0.16451398016070706,0.5263201534393047,0.6690651461559403,0.14444398005886705,0.26302679918953814,2.0010134140743445
1779,4521,0.1577353577069721,0.5448161839981668,0.6690294244580166,0.13796380995186489,0.2722701308077913,2.0010134140743445
1780,15898,0.10761676653604323,0.7943282347242817,0.6686592180756006,0.09008918327064298,0.3969629734300071,2.0010134140743445
1781,13658,0.19377828787469875,0.4637137780291046,0.6684299413521568,0.17245482327362807,0.23173946499684786,2.0010134140743445
1782,13947,0.1360122173165746,0.6201546436537854,0.6682598790210464,0.11722227580396785,0.30992028303851465,2.0010134140743445
1783,15965,0.11745449676507089,0.7182076058301705,0.6680602443298477,0.09950062970003105,0.35892193464500516,2.0010134140743445
1784,17911,0.09909737941338598,0.8810488730080143,0.6679100334683126,0.08195986203392519,0.44030133272024147,2.0010134140743445
1785,19379,0.1261471499129868,0.6664230348401748,0.6677379917246244,0.10781090656595699,0.3330427623087463,2.0010134140743445
1786,1544,0.11641125761457922,0.7244359600749902,0.6675411296800059,0.0985163279824249,0.36203453459111845,2.001013414074344
1787,13196,0.09202346482515256,0.980053987485756,0.6672517224229222,0.0751925097940652,0.48977881936844614,2.0010134140743445
1788,5932,0.16500424923453993,0.5232991146814947,0.667013430421715,0.14496603667912908,0.2615170448137997,2.0010134140743445
1789,6343,0.1596916940485178,0.5370317963702527,0.666522016230215,0.1398985085003359,0.2683799081970073,2.001013414074344
1790,3532,0.1084674947409084,0.7829787941891024,0.666337933327564,0.09095535466503228,0.391291127126853,2.0010134140743445
1791,1494,0.1034604737174552,0.8293732044796284,0.6662235111262798,0.08617212795660045,0.4144765840379391,2.0010134140743445
1792,383,0.11430741909507364,0.7370551753379343,0.6661637504858613,0.09653872865040924,0.36834094671918605,2.0010134140743436
1793,2805,0.09446994270039351,0.9386420366721355,0.6660897473323921,0.07756790290318204,0.46908333051147744,2.0010134140743445
1794,9617,0.14370921386470598,0.5871512637925166,0.6657792101477797,0.1246381257448135,0.2934269503955969,2.001013414074344
1795,15000,0.16868480034463523,0.5128613839913648,0.6654877714590375,0.14852601783699623,0.25630082256525555,2.0010134140743445
1796,15292,0.15927936008344964,0.5370317963702527,0.6652333428728368,0.13953728178118333,0.2683799081970073,2.001013414074344
1797,11879,0.09946781480452446,0.8709635899560806,0.6652117121432651,0.08237590214531855,0.43526124504216906,2.0010134140743445
1798,11304,0.13904331873823947,0.6042963902381329,0.6651731518001325,0.12019384416110748,0.3019951720402016,2.0010134140743445
1799,12658,0.18223826518215758,0.4827808110605307,0.6651061300151462,0.16150287227581742,0.2412681532591634,2.0010134140743445
1800,5226,0.17872919944413712,0.48977881936844614,0.6648670418613831,0.1581515875610926,0.2447653853410146,2.0010134140743445
1801,16050,0.12095077788279082,0.6918309709189366,0.6648316495635433,0.10291586065874625,0.34574029641823917,2.0010134140743445
1802,7073,0.10004380789482697,0.8634754611613358,0.66482439289594,0.08293593682842292,0.43151907682776525,2.001013414074344
1803,2364,0.1398269083943511,0.6008277736476708,0.6648217544905233,0.12095131224116167,0.30026174208612677,2.0010134140743445
1804,19971,0.14917489183987015,0.5672179944867406,0.6647836104063731,0.12988744539719185,0.2834653633489668,2.001013414074344
1805,16560,0.17277083132208315,0.5026318444082005,0.6646852934442165,0.15245580246633408,0.25118864315095807,2.001013414074343
1806,1804,0.1256960897293718,0.6645076729077796,0.6642999323920024,0.10746170640911719,0.3320855663604716,2.0010134140743445
1807,15478,0.1357264510646193,0.6165950018614822,0.6639454636870011,0.11705400497260048,0.3081413635333949,2.0010134140743445
1808,11421,0.09578750597835631,0.9146395988343222,0.6638546078481603,0.07888224371679732,0.4570881896148752,2.001013414074343
1809,3961,0.1989269109434661,0.018249459233323773,0.6635860605199129,0.2,0.03651741272548377,2.0010134140743445
1810,9633,0.10740254772386178,0.787498980096981,0.6635630750862656,0.09000129235510233,0.3935500754557774,2.0010134140743445
1811,4901,0.09935543003931022,0.8684603593990751,0.6633700052422142,0.08231028515253874,0.43401026364474377,2.0010134140743445
1812,17357,0.14673582459028128,0.5737860693092911,0.6631235476185516,0.12759723507795248,0.2867477375581316,2.0010134140743445
1813,11709,0.18788166286904806,0.47043540572597625,0.6631220311915795,0.16695739990421862,0.2350985767597148,2.0010134140743445
1814,2143,0.19457783373266319,0.45840569030573225,0.6629403578683993,0.17337206183171655,0.22908676527677735,2.0010134140743445
1815,1073,0.09757039239297666,0.8886893998466987,0.6627028584417612,0.08061655400774757,0.4441196613655889,2.0010134140743445
1816,17703,0.122146325160257,0.6819460214464238,0.6626479421584968,0.10410945435647621,0.340800324800365,2.0010134140743445
1817,11543,0.10069714314895004,0.8511380382023763,0.6623548887232802,0.08361734419144062,0.42535348949477564,2.001013414074343
1818,10929,0.14174428394876395,0.5905409250299409,0.6620144032576478,0.12285304029798653,0.29512092266663853,2.0010134140743445
1819,2851,0.1072721702949339,0.7852356346100718,0.6615645885663877,0.08992251792372029,0.3924189758484536,2.0010134140743445
1820,15872,0.10831204485979931,0.776247116628692,0.661518938666541,0.09091748862684552,0.38792699297709543,2.0010134140743445
1821,8882,0.13299035625921674,0.6255326747076072,0.66131177361032,0.11450312998210603,0.31260793671239556,2.0010134140743445
1822,3515,0.1456191747210585,0.5754399373371569,0.6609076298858766,0.12658486052393456,0.28757425277098986,2.0010134140743445
1823,15421,0.09766508606941596,0.8835883884127874,0.6608959209160207,0.08074841181974922,0.4415704473533125,2.0010134140743445
1824,7647,0.12743939437400642,0.6512533945481498,0.6608466805414974,0.10920962211490631,0.32546178349804583,2.0010134140743445
1825,3316,0.13486222609068557,0.6165950018614822,0.660626934146316,0.11630867498273637,0.3081413635333949,2.0010134140743445
1826,2535,0.12268358812751012,0.6760829753919819,0.6604930520075922,0.10467365860694725,0.33787028644419825,2.0010134140743445
1827,19889,0.10147050057514005,0.8389768935652859,0.6604313832863496,0.08440103861452032,0.41927599668460547,2.0010134140743445
1828,17849,0.09043855888148396,0.9885530946569391,0.6604255142025897,0.07382629769496783,0.4940262207658599,2.0010134140743445
1829,2688,0.1750778582850222,0.4940262207658599,0.660351690828104,0.15477807373994912,0.2468880104906209,2.0010134140743445
1830,8051,0.189580418386663,0.46505037616660627,0.6600139191359112,0.1686686288980403,0.23240742560525787,2.0010134140743445
1831,10080,0.13552721551321587,0.6130557921498209,0.6599808022187165,0.11696002557315649,0.30637265489467813,2.0010134140743445
1832,16650,0.16857266746345045,0.5084520468600939,0.6598543818968899,0.14856641429564768,0.25409727055493053,2.0010134140743445
1833,18819,0.19478900915779584,0.4557744755438333,0.6597483909716022,0.17366277429304575,0.2277718241857322,2.0010134140743445
1834,858,0.19553683312967735,0.4544645372095087,0.6596715612997244,0.17438086641807052,0.22711718672797654,2.001013414074344
1835,16412,0.1586067726844696,0.5339492735741767,0.6596709847717492,0.13903663648742837,0.2668394273714442,2.0010134140743445
1836,19921,0.15480494869107647,0.5448161839981668,0.6596480062429627,0.13540071694324907,0.2722701308077913,2.0010134140743445
1837,5690,0.18577366769449616,0.47179137813158534,0.6596422594693497,0.16503461092923571,0.23577621959612546,2.0010134140743445
1838,18117,0.1210060455748838,0.6839116472814293,0.6591395006659139,0.10310261525156782,0.3417826399718576,2.0010134140743445
1839,3924,0.17395308648376562,0.4954501908047903,0.6590487090946336,0.15373639482378398,0.24759963492497739,2.0010134140743445
1840,9741,0.16341410092768338,0.5202954164627397,0.6587469484855971,0.14365954727733898,0.2600159563165272,2.0010134140743445
1841,18703,0.13859816339395348,0.599100938611354,0.6586488409173158,0.11992811360734928,0.2993987618461289,2.0010134140743445
1842,13753,0.18386708591883366,0.4745150594812158,0.6584233564608635,0.16324259609047825,0.23713737056616552,2.0010134140743445
1843,18015,0.143854055402072,0.5787619883491206,0.658026636831992,0.12496865631406216,0.2892344370499146,2.0010134140743445
1844,16177,0.17408991027701226,0.4940262207658599,0.6576400665306291,0.15390467552082046,0.2468880104906209,2.0010134140743445
1845,12309,0.12519632989333218,0.658794553441924,0.6576203735024929,0.10714288034190456,0.32923045333340656,2.0010134140743445
1846,12289,0.09568756363668585,0.9015711376059571,0.6575587483013371,0.07893004609129951,0.4505572682644998,2.0010134140743445
1847,12818,0.180462660640556,0.48000968490811174,0.6568375187387092,0.1600264427066178,0.2398832919019491,2.0010134140743445
1848,12526,0.10786884442194165,0.7717915155850124,0.6565940728384393,0.09060695620849038,0.38570032072575483,2.0010134140743445
1849,6119,0.10375278809683589,0.8081649291125372,0.6562943308620536,0.08667838780965402,0.40387781682432594,2.0010134140743445
1850,13447,0.1940336949129915,0.4544645372095087,0.6561132185451837,0.17304035915723154,0.22711718672797654,2.001013414074344
1851,624,0.1119183721512654,0.7391796465554599,0.6561031796610771,0.09448891484575123,0.36940264435828357,2.0010134140743445
1852,7382,0.16229186354152808,0.5202954164627397,0.655382226414723,0.14267297320620592,0.2600159563165272,2.0010134140743445
1853,6108,0.11626152037451534,0.707945784384138,0.6553420299491074,0.09865750482743488,0.3537936224738549,2.0010134140743445
1854,17337,0.1283398719576468,0.640103202470931,0.6552768679454174,0.11020339276684933,0.31988951096913987,2.0010134140743445
1855,7142,0.14733042331108048,0.5639622051458343,0.6551574032710489,0.12836488647401814,0.28183829312644537,2.0010134140743445
1856,7205,0.19752292493012574,0.44797110286470376,0.6550904170726881,0.17641050615687878,0.223872113856834,2.0010134140743445
1857,6797,0.1897470645893522,0.4610520952362225,0.6549446481583403,0.16896760931652496,0.2304092976055846,2.0010134140743445
1858,13518,0.10372884812396067,0.8058421877614819,0.6548826642043071,0.08668768855443205,0.4027170343254591,2.0010134140743445
1859,10593,0.11677813615142207,0.703882227936457,0.6548277448156422,0.09916323922400593,0.35176287324493943,2.001013414074344
1860,55,0.16557454551296757,0.5113873725599799,0.6546687663629841,0.1458330503543374,0.25556419010641385,2.001013414074344
1861,8441,0.11046429889621218,0.7477389434625966,0.6545666452442672,0.09313453077343586,0.37368012538211576,2.0010134140743445
1862,18027,0.1666450456419008,0.5084520468600939,0.6542888488111442,0.1468675631921153,0.25409727055493053,2.0010134140743445
1863,17150,0.12731669445784813,0.6437985585864101,0.6541854303909438,0.10925138849104567,0.3217362532695599,2.0010134140743445
1864,10553,0.08873637535938927,1.0,0.6536775237726923,0.07234412476853477,0.4997467747924086,2.0010134140743445
1865,4212,0.19769252072272087,0.44668359215096326,0.6536445638863967,0.17661349626623102,0.2232286845301315,2.0010134140743445
1866,8323,0.1805600477970314,0.4772544648148744,0.6534980794925319,0.1602097689224483,0.23850637954651052,2.001013414074344
1867,15058,0.16108537404105489,0.5217951042390023,0.6534772207373684,0.14156772229828726,0.26076542044591006,2.0010134140743445
1868,3728,0.13937874601046907,0.5905409250299409,0.6534261729442121,0.12080277400460426,0.29512092266663853,2.0010134140743445
1869,11258,0.16218310768762365,0.5188000389289612,0.6533245836890232,0.14262223736845342,0.25926864621692436,2.0010134140743445
1870,12168,0.1462491678146503,0.5655877570891539,0.6531256050944714,0.12738142322659335,0.2826506574673769,2.001013414074344
1871,18526,0.15594875844922768,0.5354883169202962,0.6530584466718932,0.13666305855818278,0.26760855931993316,2.0010134140743445
1872,3413,0.06073461038588358,0.9971259067705326,0.6529303573319335,0.05,0.49831045597052953,2.0010134140743445
1873,4662,0.16088559124230137,0.5217951042390023,0.6528729764547971,0.14139214586285806,0.26076542044591006,2.0010134140743445
1874,1444,0.09876529473782633,0.8535913392913661,0.6528134993057021,0.08198569557790492,0.4265795188015928,2.001013414074344
1875,19932,0.19887083240600312,0.4441196613655889,0.6526675330446001,0.177769607693728,0.2219473683893497,2.0010134140743445
1876,5314,0.12882206596767648,0.6345999009812868,0.6525886072277415,0.11072882512247509,0.31713925379897995,2.001013414074344
1877,11838,0.09661004937377052,0.878516656407272,0.6524874866013498,0.07992926931844581,0.4390358656409447,2.0010134140743445
1878,8469,0.12184809569133144,0.6702703370061167,0.652395711687969,0.1040663760215897,0.3349654391578278,2.001013414074343
1879,6373,0.1908953527098366,0.4570881896148752,0.6522647254359555,0.17014119684952525,0.22842834855573477,2.0010134140743445
1880,19532,0.09717879651693709,0.8709635899560806,0.652214882498281,0.08048021410956846,0.43526124504216906,2.0010134140743445
1881,13677,0.1695736545629029,0.4997467747924086,0.6521458053036895,0.14972725620112012,0.24974683891541433,2.0010134140743445
1882,12032,0.13638257317248648,0.6008277736476708,0.6520174824507163,0.11797193674279151,0.30026174208612677,2.0010134140743445
1883,3390,0.17792412836185145,0.4813932540001448,0.6519436227818561,0.15772752271828053,0.2405747260933951,2.0010134140743445
1884,17531,0.10082210823991639,0.8293732044796284,0.6519162089250936,0.0839746359158464,0.4144765840379391,2.0010134140743445
1885,6334,0.12861216556888083,0.6345999009812868,0.6517441474568938,0.11054840553071653,0.31713925379897995,2.001013414074344
1886,14934,0.10312334257461793,0.8058421877614819,0.6516796865073654,0.08618165886810336,0.4027170343254591,2.0010134140743445
1887,12054,0.17980097386264227,0.4772544648148744,0.6515210178964106,0.15953624750335652,0.23850637954651052,2.001013414074344
1888,13657,0.11359374599205425,0.7202777512383407,0.6514864074033859,0.09619731543095915,0.3599564831360897,2.0010134140743436
1889,11403,0.10926554714536621,0.7520556874920592,0.6514156013520165,0.09206122279048883,0.37583740428844414,2.001013414074344
1890,13240,0.18180469659680043,0.4731512589614805,0.651333486177371,0.16146015890554585,0.2364558156549676,2.0010134140743445
1891,5959,0.10496229672314492,0.787498980096981,0.6509825312818728,0.08795640842646388,0.3935500754557774,2.0010134140743445
1892,8056,0.1086236305322757,0.7563973523567668,0.6509530101106226,0.09145818097542889,0.37800713730181124,2.0010134140743445
1893,19064,0.1327484925768646,0.6148228503413087,0.6508992816582945,0.11452386577670494,0.3072557365267447,2.0010134140743445
1894,4704,0.1295498624772255,0.62914391424834,0.6508545609797981,0.11146633135510678,0.3144126420258796,2.0010134140743445
1895,19515,0.15470295131592593,0.5370317963702527,0.6508171904095843,0.13552810168775958,0.2683799081970073,2.001013414074344
1896,14952,0.13864851389037533,0.5905409250299409,0.650761885054322,0.12016986498296647,0.29512092266663853,2.0010134140743445
1897,10419,0.12870114673511024,0.6327760017024558,0.6505566089622332,0.11066196311801128,0.31622776601683794,2.0010134140743445
1898,19866,0.17404989799067613,0.4883711493797627,0.6504356108847187,0.15405816881373857,0.244061906804198,2.0010134140743445
1899,8834,0.19708974752179514,0.44539978186304774,0.6504188662447721,0.17612628526692772,0.2225871044793004,2.0010134140743445
1900,18488,0.10715407898108993,0.7673614893618189,0.650312295040035,0.0900677223646109,0.38348642940846817,2.0010134140743445
1901,14771,0.0962286384028494,0.878516656407272,0.6502962931167156,0.07961371311685626,0.4390358656409447,2.0010134140743445
1902,16387,0.11995182874732549,0.678031701715246,0.6500773983647331,0.1023082839975697,0.33884415613920255,2.0010134140743445
1903,8232,0.19145727815729607,0.4544645372095087,0.6499756923598357,0.17074269595525954,0.22711718672797654,2.001013414074344
1904,591,0.19429773842287523,0.4492623246702935,0.6494200833662036,0.17347933844509822,0.22451739778971908,2.0010134140743445
1905,9261,0.15970702376993823,0.5217951042390023,0.6493006012262789,0.1403563776335539,0.26076542044591006,2.0010134140743445
1906,12184,0.08801762413553219,1.0,0.6490883640880531,0.07175814829602663,0.4997467747924086,2.0010134140743445
1907,11191,0.11757628324904101,0.6898425842094826,0.6483138504875974,0.10007847476860192,0.34474660657314943,2.0010134140743445
1908,6365,0.100612276998121,0.824612663620516,0.6482941667363966,0.08385634587417573,0.4120975190973302,2.001013414074344
1909,570,0.15180540737143206,0.5432503314924333,0.6482766044655416,0.13281972914958984,0.2714876010682504,2.0010134140743445
1910,5472,0.11814514266469467,0.6858829387920187,0.6479543984390492,0.10063088645684741,0.34276778654645046,2.0010134140743436
1911,11297,0.09382452059035587,0.9041698059234505,0.6477358010588596,0.07736770303418257,0.4518559443749224,2.0010134140743445
1912,4262,0.10988806371504045,0.7413102413009177,0.6476494204072046,0.09274324914659259,0.3704674022107158,2.0010134140743445
1913,12349,0.12205301963442787,0.6625978159041461,0.6473190694686871,0.1043823667007078,0.3311311214825911,2.0010134140743445
1914,7131,0.17816258157137793,0.4772544648148744,0.6472377029932794,0.15808251256259687,0.23850637954651052,2.001013414074344
1915,7690,0.1519657886407984,0.5416889793927849,0.6471192497059426,0.13300263975405105,0.27070732039213574,2.0010134140743445
1916,3744,0.0886381081121409,0.9828788730000321,0.6470272568697121,0.07240304172416706,0.4911905467933636,2.0010134140743436
1917,7869,0.10339086569171228,0.7943282347242817,0.6466850961311316,0.08655155648717158,0.3969629734300071,2.0010134140743445
1918,7964,0.18709958825869422,0.4597269885308723,0.6466539557377666,0.16665947882353901,0.22974707980333003,2.0010134140743445
1919,7965,0.09805075884028266,0.8486917881294367,0.646411794796498,0.08144712799699869,0.42413098391048815,2.0010134140743445
1920,16389,0.08764502930716997,0.9971259067705326,0.64571804298832,0.07147721362997335,0.49831045597052953,2.0010134140743445
1921,32,0.15100084739307218,0.5432503314924333,0.6456679905169687,0.1321157921801452,0.2714876010682504,2.0010134140743445
1922,15782,0.08953374159531102,0.9632743586991879,0.6454807616393221,0.07329997920463112,0.4813932540001448,2.0010134140743445
1923,7036,0.12593129203984843,0.640103202470931,0.6454634468205152,0.10813518376334437,0.31988951096913987,2.0010134140743445
1924,13285,0.10453565867155803,0.780728440137907,0.6448768645643476,0.08768805108013655,0.390166519947627,2.0010134140743445
1925,19009,0.1201086812394798,0.6702703370061167,0.6448748644617357,0.10258080041717213,0.3349654391578278,2.001013414074343
1926,16634,0.10276655809188262,0.796617788516731,0.6446925582526248,0.08599980100412387,0.3981071705534973,2.0010134140743445
1927,19098,0.1928944250968615,0.44797110286470376,0.6443101772353816,0.17227672776825873,0.223872113856834,2.0010134140743445
1928,7223,0.16554006047715175,0.5026318444082005,0.644145427313523,0.14607525221269133,0.25118864315095807,2.001013414074343
1929,13546,0.14304450161649168,0.5672179944867406,0.6437216665180528,0.12454967899708422,0.2834653633489668,2.001013414074344
1930,1773,0.1895644895501284,0.4531583637600818,0.6436329320991787,0.16910443351516044,0.22646443075930595,2.0010134140743445
1931,8011,0.11301069314155698,0.7120327999992025,0.6431326285435649,0.09583376305211927,0.3558360953460096,2.0010134140743445
1932,15120,0.19947754777488902,0.012516992730317249,0.642943835238486,0.2,0.02504667035723587,2.0010134140743445
1933,14100,0.18776299270585312,0.4557744755438333,0.6428842627395248,0.16739877862640873,0.2277718241857322,2.0010134140743445
1934,7086,0.16866132285657004,0.4940262207658599,0.6425892638468814,0.14910551752165704,0.2468880104906209,2.0010134140743445
1935,6667,0.1270257595334307,0.6309573444801934,0.6422911699986189,0.10925798526040176,0.31531889793555934,2.0010134140743445
1936,10511,0.19559235803750558,0.4415704473533125,0.6415205074698338,0.17494045214952786,0.220673406908459,2.0010134140743445
1937,3403,0.16804175127852078,0.4940262207658599,0.6408550784779609,0.1485577835230016,0.2468880104906209,2.0010134140743445
1938,14980,0.1790717311380377,0.47043540572597625,0.6407405589140358,0.15912862474499323,0.2350985767597148,2.0010134140743445
1939,539,0.09495656380461415,0.8734740357683985,0.6406639531236289,0.07861362331984931,0.4365158322401661,2.0010134140743445
1940,15750,0.16735328097681748,0.4954501908047903,0.6406558171192545,0.14790361355105242,0.24759963492497739,2.0010134140743445
1941,18384,0.0991567411070838,0.824612663620516,0.640377685056149,0.08264321438811094,0.4120975190973302,2.001013414074344
1942,656,0.16657975542224518,0.4968782652628518,0.6402022479688477,0.14717462321507965,0.24831331052955705,2.0010134140743445
1943,7951,0.18739071603550927,0.4544645372095087,0.6401883116332456,0.16711611259093856,0.22711718672797654,2.001013414074344
1944,2632,0.19257012756739894,0.44539978186304774,0.6399429477801758,0.17208739494718614,0.2225871044793004,2.0010134140743445
1945,14505,0.13874779092212441,0.5787619883491206,0.6398731021919297,0.12053275070778835,0.2892344370499146,2.0010134140743445
1946,12842,0.12420212877623674,0.641948221508036,0.6398720326779942,0.10661457120952914,0.32081155328236366,2.0010134140743445
1947,11104,0.10019568205591398,0.8128305161640995,0.6398331127157503,0.08365012478004594,0.40620942890585743,2.0010134140743445
1948,9890,0.19319108500080456,0.4441196613655889,0.6395904015885338,0.1726925108876951,0.2219473683893497,2.0010134140743445
1949,5648,0.08786275887346288,0.974428550075478,0.6391080100797595,0.0718390550071614,0.4869675251658631,2.0010134140743445
1950,9214,0.18041608155628874,0.46639082688444056,0.638883349914593,0.16046727709931546,0.23307731152826375,2.001013414074344
1951,11090,0.16127680027505129,0.5084520468600939,0.6386096516097682,0.14213642274560742,0.25409727055493053,2.0010134140743445
1952,19324,0.1708840227849766,0.4855679350988134,0.6383088600831714,0.1513483394581892,0.24266100950824154,2.0010134140743445
1953,3912,0.19734583192565563,0.4365158322401661,0.6382679751670396,0.1767126504626398,0.21814737930784708,2.0010134140743445
1954,3731,0.14009606780507528,0.5721369546523265,0.6382572905341406,0.12186327259122895,0.2859235978270507,2.0010134140743445
1955,6460,0.1076312925270652,0.743446977224627,0.6379734058306388,0.09080769806607451,0.37153522909717257,2.0010134140743445
1956,5640,0.1047057464037625,0.7673614893618189,0.6379249641168699,0.08800979101073424,0.38348642940846817,2.0010134140743445
1957,14626,0.17503116104641597,0.47588279098881686,0.6372346059279609,0.1553509447318377,0.23782088997587109,2.0010134140743445
1958,9889,0.12844246015564362,0.6183722613912372,0.6372222600854995,0.11073519051366017,0.30902954325135906,2.0010134140743445
1959,7161,0.09148431838259424,0.9120108393559097,0.6371566126519181,0.0753633344765839,0.4557744755438333,2.001013414074344
1960,722,0.10224680105764743,0.787498980096981,0.6368685905371196,0.0856808747034854,0.3935500754557774,2.0010134140743445
1961,4217,0.10076692104483143,0.8012167131981434,0.6366535298248248,0.0842693506410359,0.40040546833054635,2.0010134140743445
1962,15994,0.11953258100903112,0.6625978159041461,0.6365210457987235,0.10222683339533943,0.3311311214825911,2.0010134140743445
1963,18552,0.17537387760883233,0.4745150594812158,0.6363921280986246,0.155702076444271,0.23713737056616552,2.0010134140743445
1964,4864,0.16460753149649757,0.49831045597052953,0.6363085881517284,0.14538727551939065,0.24902904321660665,2.0010134140743445
1965,16271,0.12365659444847708,0.640103202470931,0.6361255856780201,0.10618193736950014,0.31988951096913987,2.0010134140743445
1966,18011,0.08835971535568975,0.9577452351172411,0.6361117809897676,0.07238572932745391,0.47863009232263826,2.0010134140743445
1967,17691,0.09434503269010078,0.8709635899560806,0.6359963458267425,0.07813338612142819,0.43526124504216906,2.0010134140743445
1968,5873,0.16326458813979883,0.5011872336272722,0.635875099962151,0.14411198590154847,0.2504667035723587,2.0010134140743445
1969,19235,0.09291631976686873,0.8886893998466987,0.6356601873618914,0.07677117337519396,0.4441196613655889,2.0010134140743445
1970,9142,0.17052650846286002,0.48417236758409943,0.6356002632537447,0.15107772339932496,0.24196357914375818,2.0010134140743445
1971,6172,0.10623130382072482,0.7498942093324559,0.6350614194507453,0.08953516630516462,0.3747572125493981,2.0010134140743445
1972,15592,0.10310547301856701,0.776247116628692,0.6349257305408956,0.08654707500597052,0.38792699297709543,2.0010134140743445
1973,10916,0.10459680529739065,0.7629568911615332,0.6347634326005872,0.08797797080016073,0.3812852456636189,2.0010134140743445
1974,1038,0.13139224105980746,0.6025595860743578,0.6347613516240889,0.1136176338440488,0.301127209760909,2.0010134140743445
1975,15985,0.09533825940283934,0.8560517117200949,0.6347145641867443,0.07911439509766567,0.4278090819876381,2.0010134140743445
1976,10513,0.12893259662819365,0.6130557921498209,0.6345399019180464,0.11126886759786256,0.30637265489467813,2.0010134140743445
1977,7600,0.10531831681702397,0.7563973523567668,0.6344680762758085,0.08867519555624576,0.37800713730181124,2.0010134140743445
1978,19764,0.15929379464137633,0.5099175975748701,0.6344391357719986,0.14034497979337207,0.25482967479793467,2.001013414074344
1979,13279,0.19092884432387747,0.4441196613655889,0.6343176037356812,0.17067030565638647,0.2219473683893497,2.0010134140743445
1980,17503,0.1644358036070388,0.4968782652628518,0.6341120405296179,0.14528042364806462,0.24831331052955705,2.0010134140743445
1981,11535,0.17569540952729057,0.47179137813158534,0.6337423398608861,0.15608145068800933,0.23577621959612546,2.0010134140743445
1982,11334,0.13192848051114586,0.599100938611354,0.633692958609248,0.11415687922078135,0.2993987618461289,2.0010134140743445
1983,13302,0.14579582553153164,0.5479614421527548,0.633511438611346,0.12743897834244194,0.27384196342643613,2.0010134140743445
1984,10751,0.16302859663328023,0.4997467747924086,0.6334929911994298,0.14394821246932232,0.24974683891541433,2.0010134140743445
1985,5303,0.09965404808288778,0.8058421877614819,0.6332096821222539,0.08328231962119197,0.4027170343254591,2.0010134140743445
1986,477,0.19045011137411239,0.4441196613655889,0.6331970311619576,0.17024236875060605,0.2219473683893497,2.0010134140743445
1987,9259,0.08674787662746394,0.9772372209558107,0.6330696645416772,0.07090464050378605,0.4883711493797627,2.0010134140743445
1988,7464,0.12075933218736708,0.6512533945481498,0.6329466620215073,0.10348512012170037,0.32546178349804583,2.0010134140743445
1989,6953,0.17326007130162263,0.47588279098881686,0.6325473463900727,0.15377899340949258,0.23782088997587109,2.0010134140743445
1990,19264,0.19323742649395914,0.4390358656409447,0.6325216458689421,0.1729341220219286,0.21940675787225536,2.001013414074344
1991,19661,0.19797862611184075,0.43151907682776525,0.6324713404540944,0.17748263435535624,0.21565026690607325,2.0010134140743445
1992,13539,0.1509852863994129,0.5308844442309885,0.6323185787252408,0.1324397276903894,0.26530778879189676,2.0010134140743445
1993,6536,0.10868447807942426,0.7265240579509924,0.6323025928716107,0.0919460517465941,0.3630780547701014,2.0010134140743445
1994,6077,0.16677538159075322,0.48977881936844614,0.6321506414878465,0.14757404747917843,0.2447653853410146,2.0010134140743445
1995,7451,0.11062003401264124,0.7120327999992025,0.6319408606957222,0.09380646940290752,0.3558360953460096,2.0010134140743445
1996,1290,0.09227635835341422,0.8886893998466987,0.631911005954283,0.07624241170287395,0.4441196613655889,2.0010134140743445
1997,7844,0.186856722495222,0.4492623246702935,0.6317863132767083,0.1668356042927261,0.22451739778971908,2.0010134140743445
1998,17010,0.12115842116266262,0.6475152482255576,0.6316804338760974,0.10389703516453978,0.32359365692962827,2.0010134140743445
1999,18667,0.18165754459181416,0.45840569030573225,0.6314347082603491,0.16185987092672083,0.22908676527677735,2.0010134140743445
2000,16703,0.10711193804509822,0.7370551753379343,0.6314109624088547,0.09046176008535942,0.36834094671918605,2.0010134140743436
