stage,domain,noise_level,rep,anchor_id,true_a1,pred_a1,true_m,pred_m,true_gamma,pred_gamma,a1_abs_error,m_abs_error,gamma_factor_error,a1_recovered,m_recovered,gamma_recovered,joint_recovered,fit_sse
2p,development,0.0,0,0,0.06849860241636635,0.06846989696744982,0.8,0.8,0.010648727621883155,0.010000000000000004,2.8705448916532816e-05,0.0,1.0648727621883152,1,1,1,1,1.1165010133361683e-13
2p,development,0.0,0,1,0.18381286370567979,0.18341508273954812,0.8,0.8,0.5542002195399255,0.55,0.00039778096613166114,0.0,1.0076367627998644,1,1,1,1,3.0252602635453894e-11
2p,development,0.0,0,2,0.15788195985369385,0.15825746047760428,0.8,0.8,0.37604771069251003,0.38,0.00037550062391042416,0.0,1.0105100741079147,1,1,1,1,2.486458371326796e-11
2p,development,0.0,0,3,0.0897425605915487,0.0896375024806805,0.8,0.8,0.8229191629029811,0.8200000000000001,0.00010505811086819472,0.0,1.003559954759733,1,1,1,1,2.240935151180084e-12
2p,development,0.0,0,4,0.12017345791682603,0.12004703228870835,0.8,0.8,0.4418443391565233,0.44,0.00012642562811768232,0.0,1.0041916799011894,1,1,1,1,2.9123908393287477e-12
2p,development,0.0,0,5,0.13206517728976908,0.13212932240385228,0.8,0.8,0.8887161712348461,0.89,6.414511408320278e-05,0.0,1.0014445880548906,1,1,1,1,8.376183125350623e-13
2p,development,0.0,0,6,0.17205625656060877,0.17204810529664089,0.8,0.8,0.20007133845239877,0.2,8.151263967887123e-06,0.0,1.0003566922619938,1,1,1,1,1.04841853696264e-14
2p,development,0.0,0,7,0.07549432432278991,0.07537646301839881,0.8,0.8,0.7436225095111877,0.74,0.00011786130439109255,0.0,1.0048952831232265,1,1,1,1,2.79412206717797e-12
2p,development,0.0,0,8,0.08615823052823544,0.0863906149425874,0.8,0.8,0.31570792448706925,0.32,0.00023238441435195767,0.0,1.0135950832400045,1,1,1,1,9.198333448667086e-12
2p,development,0.0,0,9,0.1662910653743893,0.1665357683972102,0.8,0.8,0.7665068968012929,0.77,0.00024470302282089684,0.0,1.004557171257407,1,1,1,1,1.2091183560232583e-11
2p,development,0.0,0,10,0.14036645577289164,0.1405833513684812,0.8,0.8,0.07768053144216537,0.07999999999999999,0.0002168955955895724,0.0,1.02985907169754,1,1,1,1,6.774715813178656e-12
2p,development,0.0,0,11,0.10739475004374982,0.1075287254899319,0.8,0.8,0.6174254118744283,0.62,0.0001339754461820858,0.0,1.0041698771641996,1,1,1,1,3.5096270831411946e-12
2p,development,0.0,0,12,0.10032807923853398,0.10060562092555253,0.8,0.8,0.13587950045242905,0.14,0.0002775416870185454,0.0,1.030324659230062,1,1,1,1,1.1621116400360873e-11
2p,development,0.0,0,13,0.15204752744175495,0.15235250005491013,0.8,0.8,0.6756237576063723,0.68,0.00030497261315518,0.0,1.0064773364529573,1,1,1,1,1.8473891462475988e-11
2p,development,0.0,0,14,0.19203689009882513,0.19231922354924808,0.8,0.8,0.49728971618227663,0.5,0.00028233345042294467,0.0,1.0054501103270954,1,1,1,1,1.4916340266300024e-11
2p,development,0.0,0,15,0.055651806667447096,0.05569008508958653,0.8,0.8,0.9480892527662218,0.9500000000000001,3.827842213943722e-05,0.0,1.002015366410075,1,1,1,1,2.978171391718771e-13
2p,development,0.0,0,16,0.050150210270658135,0.050215588715037195,0.8,0.8,0.4477014256734401,0.45,6.537844437905921e-05,0.0,1.0051341679850636,1,1,1,1,7.818532836452296e-13
2p,development,0.0,0,17,0.19739119745790962,0.19730514848204883,0.8,0.8,0.9912529452517629,0.99,8.60489758607863e-05,0.0,1.001265601264407,1,1,1,1,1.5002642602536313e-12
2p,development,0.0,0,18,0.14832264669239523,0.14790575572976128,0.8,0.8,0.1942293581366539,0.19,0.00041689096263394787,0.0,1.0222597796665995,1,1,1,1,2.7272422895851042e-11
2p,development,0.0,0,19,0.1039068511221558,0.10385261179978304,0.8,0.8,0.6411008416954428,0.64,5.4239322372751086e-05,0.0,1.0017200651491294,1,1,1,1,5.788395120400194e-13
2p,development,0.0,0,20,0.11097592250443997,0.11107546042959687,0.8,0.8,0.12866274887695908,0.13,9.953792515690618e-05,0.0,1.0103934599152684,1,1,1,1,1.4850390645832965e-12
2p,development,0.0,0,21,0.13663946054875853,0.13694697799562353,0.8,0.8,0.5755345532950014,0.5800000000000001,0.0003075174468649966,0.0,1.007758781257239,1,1,1,1,1.8248312219069392e-11
2p,development,0.0,0,22,0.1716477643698454,0.17186866899231576,0.8,0.8,0.2580185832362622,0.26,0.00022090462247034703,0.0,1.007679356807891,1,1,1,1,8.01144683545338e-12
2p,development,0.0,0,23,0.0806545285973698,0.08060279668683216,0.8,0.8,0.8015697229467332,0.8,5.173191053763071e-05,0.0,1.0019621536834165,1,1,1,1,5.423998855486818e-13
2p,development,0.0,0,24,0.07015602025203407,0.070160354759715,0.8,0.8,0.2499052264355123,0.25,4.334507680919808e-06,0.0,1.0003792380249084,1,1,1,1,3.066290956600023e-15
2p,development,0.0,0,25,0.1775418139062822,0.17748577973650664,0.8,0.8,0.7007041710894555,0.7000000000000001,5.603416977556508e-05,0.0,1.001005958699222,1,1,1,1,6.267492628385545e-13
2p,development,0.0,0,26,0.12846582448109986,0.1282159074001476,0.8,0.8,0.3832488839980215,0.38,0.00024991708095226106,0.0,1.0085496947316355,1,1,1,1,1.1035856187842365e-11
2p,development,0.0,0,27,0.12391895535402002,0.12378246168667854,0.8,0.8,0.9229937330819666,0.92,0.00013649366734147517,0.0,1.0032540576977897,1,1,1,1,3.791120716407977e-12
2p,development,0.0,0,28,0.09348559486679733,0.09375930167501373,0.8,0.8,0.3253110907319933,0.33,0.00027370680821639515,0.0,1.0144136163862598,1,1,1,1,1.2835482253836156e-11
2p,development,0.0,0,29,0.15428478410467505,0.1545790678238202,0.8,0.8,0.8650553755462169,0.87,0.0002942837191451386,0.0,1.005715962923947,1,1,1,1,1.7624286069643808e-11
2p,development,0.0,0,30,0.18929594894871116,0.18953579232991719,0.8,0.8,0.06809247139841318,0.06999999999999998,0.00023984338120602855,0.0,1.0280137959808469,1,1,1,1,8.216694410203719e-12
2p,development,0.0,0,31,0.06316248434595764,0.0631997089522554,0.8,0.8,0.5188920393306762,0.52,3.722460629776436e-05,0.0,1.0021352431437434,1,1,1,1,2.61571896258583e-13
2p,development,0.0,0,32,0.05981560116633773,0.059713708759387495,0.8,0.8,0.36280083080753683,0.36000000000000004,0.00010189240695023666,0.0,1.0077800855764911,1,1,1,1,1.813908018417814e-12
2p,development,0.0,0,33,0.18772523435764016,0.1874300222743809,0.8,0.8,0.8439939242880792,0.8400000000000001,0.00029521208325924975,0.0,1.0047546717715228,1,1,1,1,1.771761206559644e-11
2p,development,0.0,0,34,0.15740266921930018,0.157185395391059,0.8,0.8,0.03211338094435632,0.029999999999999995,0.0002172738282411879,0.0,1.0704460314785442,1,1,1,1,6.5223068595103145e-12
2p,development,0.0,0,35,0.0948274007998407,0.09480878411583829,0.8,0.8,0.5403764347173273,0.54,1.8616684002409345e-05,0.0,1.0006971013283839,1,1,1,1,6.596548236394338e-14
2p,development,0.0,0,36,0.1206464677117765,0.12033345855421596,0.8,0.8,0.21392587044276298,0.21,0.0003130091575605509,0.0,1.0186946211560142,1,1,1,1,1.5587478178462533e-11
2p,development,0.0,0,37,0.12696948754601184,0.12684732873048657,0.8,0.8,0.7221893040835857,0.72,0.00012215881552526953,0.0,1.0030407001160913,1,1,1,1,2.990887668591993e-12
2p,development,0.0,0,38,0.1807318057399243,0.18065426812459368,0.8,0.8,0.42073883060365913,0.42000000000000004,7.753761533063619e-05,0.0,1.0017591204849026,1,1,1,1,1.0842721245303902e-12
2p,development,0.0,0,39,0.07156991502270103,0.07151815707165933,0.8,0.8,0.901931603224948,0.9,5.175795104170322e-05,0.0,1.0021462258054978,1,1,1,1,5.453315090694675e-13
2p,development,0.0,0,40,0.07982656098902226,0.07994440800011265,0.8,0.8,0.08778921973891556,0.08999999999999998,0.00011784701109039675,0.0,1.0251828216227377,1,1,1,1,2.0165220476383327e-12
2p,development,0.0,0,41,0.16787184537388386,0.16787351745316528,0.8,0.8,0.5999797936156392,0.6,1.672079281422878e-06,0.0,1.0000336784414672,1,1,1,1,5.435066832537189e-16
2p,development,0.0,0,42,0.1375498524401337,0.1376941922534987,0.8,0.8,0.2983482596278191,0.3,0.0001443398133649798,0.0,1.005536282913939,1,1,1,1,3.508487252528811e-12
2p,development,0.0,0,43,0.11483435519039632,0.11503892457950668,0.8,0.8,0.775734741622582,0.78,0.00020456938911035671,0.0,1.0054983464689187,1,1,1,1,8.460598775358217e-12
2p,development,0.0,0,44,0.10315099023282528,0.10326209432838536,0.8,0.8,0.4880313676036894,0.49,0.0001111040955600745,0.0,1.004033823493717,1,1,1,1,2.3002428327423022e-12
2p,development,0.0,0,45,0.14461881653405728,0.1448539126681428,0.8,0.8,0.9654172263201326,0.97,0.00023509613408551067,0.0,1.0047469358894034,1,1,1,1,1.1220451461779433e-11
2p,development,0.0,0,46,0.1983759848866612,0.19793049378837516,0.8,0.8,0.15335562246851625,0.15000000000000002,0.0004454910982860383,0.0,1.0223708164567749,1,1,1,1,3.024920573523151e-11
2p,development,0.0,0,47,0.05408302061259747,0.05419446139667038,0.8,0.8,0.6655467606149614,0.67,0.00011144078407291508,0.0,1.0066910991812563,1,1,1,1,2.4608553823340602e-12
2p,development,0.0,0,48,0.05883263484574855,0.05870031772906332,0.8,0.8,0.17336891782470049,0.17,0.00013231711668523077,0.0,1.0198171636747086,1,1,1,1,2.707713881229831e-12
2p,development,0.0,0,49,0.19347825907170774,0.19306468254940065,0.8,0.8,0.6545620389655232,0.65,0.0004135765223070853,0.0,1.0070185214854204,1,1,1,1,3.37601526741718e-11
2p,development,0.0,0,50,0.1488024961203337,0.1486931182438336,0.8,0.8,0.46131088942289356,0.46,0.00010937787650008857,0.0,1.002849759614986,1,1,1,1,2.2006748679613604e-12
2p,development,0.0,0,51,0.09882259652949871,0.09883749484882921,0.8,0.8,0.9695739745441824,0.97,1.4898319330505783e-05,0.0,1.0004393944835595,1,1,1,1,4.505309781143591e-14
2p,development,0.0,0,52,0.11050348938442768,0.11052276094879279,0.8,0.8,0.2797284191288054,0.28,1.927156436511146e-05,0.0,1.0009708733636733,1,1,1,1,6.179300502209731e-14
2p,development,0.0,0,53,0.14173571802675727,0.1418533481775928,0.8,0.8,0.7879918251093477,0.79,0.0001176301508355182,0.0,1.0025484717311295,1,1,1,1,2.8010073340822085e-12
2p,development,0.0,0,54,0.16297165639698508,0.1634998619062833,0.8,0.8,0.11517068642191589,0.12000000000000001,0.0005282055092982185,0.0,1.0419317946963729,1,1,1,1,4.144284781512352e-11
2p,development,0.0,0,55,0.08457835228182375,0.0847303630927605,0.8,0.8,0.5963634276948869,0.6,0.0001520108109367424,0.0,1.0060979130111474,1,1,1,1,4.489412665088191e-12
2p,development,0.0,0,56,0.07648825752548874,0.0764444133089843,0.8,0.8,0.40097113272175194,0.4,4.384421650444059e-05,0.0,1.0024278318043798,1,1,1,1,3.431215469894032e-13
2p,development,0.0,0,57,0.17596161058172588,0.17575522278292827,0.8,0.8,0.9131616789381951,0.91,0.0002063877987976137,0.0,1.003474372459555,1,1,1,1,8.66986225912155e-12
2p,development,0.0,0,58,0.1312818421982229,0.1312474015228983,0.8,0.8,0.24040075114928186,0.24000000000000005,3.444067532459849e-05,0.0,1.001669796455341,1,1,1,1,1.9234546742365824e-13
2p,development,0.0,0,59,0.11647879141382875,0.11659240169581014,0.8,0.8,0.717787201795727,0.72,0.00011361028198139667,0.0,1.0030828053199292,1,1,1,1,2.585895632006988e-12
2p,development,0.0,0,60,0.09066211613826455,0.09060361829472877,0.8,0.8,0.05097881891764701,0.05000000000000001,5.8497843535787464e-05,0.0,1.01957637835294,1,1,1,1,4.810692979637674e-13
2p,development,0.0,0,61,0.16171291833743456,0.16185233508089167,0.8,0.8,0.5283647052943706,0.53,0.00013941674345710475,0.0,1.0030950112474268,1,1,1,1,3.683558337175585e-12
2p,development,0.0,0,62,0.18295743977651002,0.18350506405617958,0.8,0.8,0.3351737666502595,0.3400000000000001,0.0005476242796695618,0.0,1.0143991977593418,1,1,1,1,5.16832958474074e-11
2p,development,0.0,0,63,0.06473182919435204,0.06479868538499883,0.8,0.8,0.8473649361450225,0.85,6.685619064679404e-05,0.0,1.0031097154750883,1,1,1,1,9.090068934116202e-13
2p,development,0.0,0,64,0.06626062099821867,0.06628142852417065,0.8,0.8,0.41945969660766425,0.42000000000000004,2.0807525951987982e-05,0.0,1.00128809369936,1,1,1,1,7.805721884872633e-14
2p,development,0.0,0,65,0.18128159139305355,0.18146338487641775,0.8,0.8,0.8973289814218879,0.9,0.00018179348336419543,0.0,1.0029766324652523,1,1,1,1,6.727789914968886e-12
2p,development,0.0,0,66,0.16033061984926464,0.15987379045404887,0.8,0.8,0.22432726167142392,0.22,0.0004568293952157687,0.0,1.019669371233745,1,1,1,1,3.3434182790518544e-11
2p,development,0.0,0,67,0.0918985024560243,0.09201778026098618,0.8,0.8,0.737001829603687,0.74,0.00011927780496188978,0.0,1.004068063708777,1,1,1,1,2.860168724005977e-12
2p,development,0.0,0,68,0.1177151777315885,0.11735667606971348,0.8,0.8,0.03466366710141301,0.029999999999999995,0.0003585016618750242,0.0,1.1554555700471005,1,1,1,1,1.777761182135379e-11
2p,development,0.0,0,69,0.12989954371005297,0.13007862231830203,0.8,0.8,0.5473376117553562,0.55,0.0001790786082490614,0.0,1.0048642523142257,1,1,1,1,6.123601825249167e-12
2p,development,0.0,0,70,0.17428576219826938,0.17386918908823518,0.8,0.8,0.35390405188314616,0.35000000000000003,0.0004165731100342074,0.0,1.0111544339518461,1,1,1,1,3.0156313098498936e-11
2p,development,0.0,0,71,0.07801704932935537,0.07796199821535547,0.8,0.8,0.8317739009670914,0.8300000000000001,5.5051113999893264e-05,0.0,1.0021372300808329,1,1,1,1,6.157263067046817e-13
2p,development,0.0,0,72,0.08392876065336169,0.08393133683607425,0.8,0.8,0.1599541492573917,0.15999999999999998,2.576182712557551e-06,0.0,1.000286649285568,1,1,1,1,1.017742466142182e-15
2p,development,0.0,0,73,0.163768304605037,0.16386652422131315,0.8,0.8,0.668700953675434,0.67,9.821961627615172e-05,0.0,1.0019426416508395,1,1,1,1,1.9123148928347902e-12
2p,development,0.0,0,74,0.14282477172091607,0.14320348307078706,0.8,0.8,0.475207197656855,0.48000000000000004,0.0003787113498709971,0.0,1.0100857107526513,1,1,1,1,2.6589805847531995e-11
2p,development,0.0,0,75,0.10956034786067904,0.10968235399162146,0.8,0.8,0.956883337367326,0.9600000000000001,0.00012200613094241752,0.0,1.003257097820565,1,1,1,1,3.023849315242028e-12
2p,development,0.0,0,76,0.09787945500575007,0.09766848903800228,0.8,0.8,0.2933829912636429,0.29000000000000004,0.00021096596774779208,0.0,1.01166548711601,1,1,1,1,7.46026647353596e-12
2p,development,0.0,0,77,0.1498915498144925,0.15020098172890017,0.8,0.8,0.7750595108419657,0.78,0.00030943191440768736,0.0,1.0063743352464218,1,1,1,1,1.9356748672496024e-11
2p,development,0.0,0,78,0.19427490727975966,0.19401554371745575,0.8,0.8,0.10199759494513273,0.09999999999999998,0.00025936356230391033,0.0,1.0199759494513276,1,1,1,1,9.862924785823138e-12
2p,development,0.0,0,79,0.05818304321728647,0.058161916006587336,0.8,0.8,0.6107440785039217,0.61,2.112721069913448e-05,0.0,1.001219800826101,1,1,1,1,8.705475648011921e-14
2p,development,0.0,0,80,0.052389157284051184,0.052519859314865476,0.8,0.8,0.10627780390903353,0.11000000000000001,0.000130702030814292,0.0,1.0350232687735288,1,1,1,1,2.518872545405612e-12
2p,development,0.0,0,81,0.19992279163561766,0.19950752926826773,0.8,0.8,0.5841470610629768,0.5800000000000001,0.00041526236734992783,0.0,1.0071501052809944,1,1,1,1,3.3324559578517883e-11
2p,development,0.0,0,82,0.1458732356783003,0.1456604696737356,0.8,0.8,0.2822748088743538,0.28,0.00021276600456468509,0.0,1.0081243174084062,1,1,1,1,7.53803763932093e-12
2p,development,0.0,0,83,0.10175065891817213,0.10154348334224207,0.8,0.8,0.7949493454582989,0.79,0.00020717557593005753,0.0,1.0062649942510111,1,1,1,1,8.691848748570695e-12
2p,development,0.0,0,84,0.11343402387574317,0.11332586319410383,0.8,0.8,0.47171618075110017,0.47000000000000003,0.00010816068163933823,0.0,1.0036514484065961,1,1,1,1,2.162205690512954e-12
2p,development,0.0,0,85,0.1388042715843767,0.1385909459194418,0.8,0.8,0.9843901530653238,0.98,0.00021332566493489913,0.0,1.0044797480258407,1,1,1,1,9.227724968049705e-12
2p,development,0.0,0,86,0.1694186521228403,0.16918260927617476,0.8,0.8,0.17208588372915984,0.17,0.0002360428466655351,0.0,1.0122699042891754,1,1,1,1,8.6129553233141e-12
2p,development,0.0,0,87,0.07813269766047598,0.0781343224124762,0.8,0.8,0.6499557641614229,0.65,1.6247520002177218e-06,0.0,1.0000680597680893,1,1,1,1,5.207234109872993e-16
2p,development,0.0,0,88,0.07238516826182605,0.07241245892027719,0.8,0.8,0.3493860419560224,0.35000000000000003,2.7290658451140093e-05,0.0,1.001757248344955,1,1,1,1,1.292595892196138e-13
2p,development,0.0,0,89,0.18006360908038915,0.1801941769654765,0.8,0.8,0.8581328740343451,0.86,0.00013056788508733486,0.0,1.0021758005341026,1,1,1,1,3.4684723545346782e-12
2p,development,0.0,0,90,0.12600775887258353,0.12633941267359436,0.8,0.8,0.04600965045392513,0.05000000000000001,0.0003316538010108283,0.0,1.0867285342684985,1,1,1,1,1.5429550388439754e-11
2p,development,0.0,0,91,0.12175410855561496,0.12190272596171968,0.8,0.8,0.527685821512714,0.53,0.00014861740610472296,0.0,1.0043855233416201,1,1,1,1,4.185222812258611e-12
2p,development,0.0,0,92,0.09593504164367915,0.09608783920966517,0.8,0.8,0.22758047761395575,0.23,0.00015279756598601812,0.0,1.0106315023652797,1,1,1,1,3.757175755924277e-12
2p,development,0.0,0,93,0.15644094054587188,0.15649260604922366,0.8,0.8,0.709256969531998,0.7100000000000001,5.1665503351783215e-05,0.0,1.0010476181411263,1,1,1,1,5.338319363951384e-13
2p,development,0.0,0,94,0.187057037698105,0.1873242524736612,0.8,0.8,0.40756576309911907,0.41000000000000003,0.00026721477555619044,0.0,1.005972623613846,1,1,1,1,1.2800865245432978e-11
2p,development,0.0,0,95,0.060630854405462745,0.060713451529753854,0.8,0.8,0.9163122153095901,0.92,8.259712429110888e-05,0.0,1.0040245940507997,1,1,1,1,1.3884016873525878e-12
2p,development,0.002,0,0,0.06849860241636635,0.06854347880355896,0.8,0.8,0.010648727621883155,0.010000000000000004,4.4876387192610556e-05,0.0,1.0648727621883152,1,1,1,1,1.0928627276078064e-07
2p,development,0.002,0,1,0.18381286370567979,0.18335260448764598,0.8,0.8,0.5542002195399255,0.55,0.0004602592180338039,0.0,1.0076367627998644,1,1,1,1,1.3935801508285507e-07
2p,development,0.002,0,2,0.15788195985369385,0.15923098104643654,0.8,0.8,0.37604771069251003,0.39,0.0013490211927426887,0.0,1.0371024444791757,1,1,1,1,1.420620039286252e-07
2p,development,0.002,0,3,0.0897425605915487,0.0878814507111313,0.8,0.8,0.8229191629029811,0.77,0.0018611098804173914,0.0,1.068726185588287,1,1,1,1,1.0274043935729759e-07
2p,development,0.002,0,4,0.12017345791682603,0.12087517512550107,0.8,0.8,0.4418443391565233,0.45,0.0007017172086750401,0.0,1.0184582218684657,1,1,1,1,1.2774821810099702e-07
2p,development,0.002,0,5,0.13206517728976908,0.13398983627138794,0.8,0.8,0.8887161712348461,0.93,0.0019246589816188653,0.0,1.0464533335854473,1,1,1,1,1.0952210029624862e-07
2p,development,0.002,0,6,0.17205625656060877,0.1730496167727959,0.8,0.8,0.20007133845239877,0.21,0.0009933602121871277,0.0,1.0496256066681109,1,1,1,1,1.958707289915883e-07
2p,development,0.002,0,7,0.07549432432278991,0.07643688192746698,0.8,0.8,0.7436225095111877,0.77,0.000942557604677069,0.0,1.0354716138248037,1,1,1,1,9.371221584853736e-08
2p,development,0.002,0,8,0.08615823052823544,0.08787443408454894,0.8,0.8,0.31570792448706925,0.35000000000000003,0.0017162035563134947,0.0,1.108619622293755,1,1,1,1,9.129083630237078e-08
2p,development,0.002,0,9,0.1662910653743893,0.1670946821607386,0.8,0.8,0.7665068968012929,0.78,0.0008036167863492982,0.0,1.017603368286724,1,1,1,1,1.2282950930027746e-07
2p,development,0.002,0,10,0.14036645577289164,0.1343656196644249,0.8,0.8,0.07768053144216537,0.010000000000000004,0.006000836108466745,0.0,7.768053144216534,0,1,0,0,1.448493058769002e-07
2p,development,0.002,0,11,0.10739475004374982,0.10596764554538185,0.8,0.8,0.6174254118744283,0.59,0.0014271044983679704,0.0,1.0464837489397092,1,1,1,1,1.2031861935128428e-07
2p,development,0.002,0,12,0.10032807923853398,0.09839264793302353,0.8,0.8,0.13587950045242905,0.11000000000000001,0.0019354313055104516,0.0,1.235268185931173,1,1,0,0,1.1935913764053902e-07
2p,development,0.002,0,13,0.15204752744175495,0.15026764843737653,0.8,0.8,0.6756237576063723,0.65,0.0017798790043784263,0.0,1.039421165548265,1,1,1,1,1.5299394175069004e-07
2p,development,0.002,0,14,0.19203689009882513,0.19326327775464616,0.8,0.8,0.49728971618227663,0.51,0.0012263876558210318,0.0,1.0255591125336374,1,1,1,1,1.4111619495113403e-07
2p,development,0.002,0,15,0.055651806667447096,0.0565861255024346,0.8,0.8,0.9480892527662218,1.0,0.0009343188349875062,0.0,1.0547530172737631,1,1,1,1,7.999347232742872e-08
2p,development,0.002,0,16,0.050150210270658135,0.05177226518612263,0.8,0.8,0.4477014256734401,0.51,0.0016220549154644937,0.0,1.1391520570497387,1,1,1,1,8.795620307441467e-08
2p,development,0.002,0,17,0.19739119745790962,0.19814018083953192,0.8,0.8,0.9912529452517629,1.0,0.0007489833816222979,0.0,1.0088242408662054,1,1,1,1,1.2401484523450802e-07
2p,development,0.002,0,18,0.14832264669239523,0.1519299599971451,0.8,0.8,0.1942293581366539,0.23,0.003607313304749865,0.0,1.1841670188611702,1,1,1,1,1.2423225522441587e-07
2p,development,0.002,0,19,0.1039068511221558,0.10130579809841023,0.8,0.8,0.6411008416954428,0.59,0.002601053023745567,0.0,1.0866115960939708,1,1,1,1,1.064013228971304e-07
2p,development,0.002,0,20,0.11097592250443997,0.1081119958461459,0.8,0.8,0.12866274887695908,0.08999999999999998,0.002863926658294061,0.0,1.429586098632879,1,1,0,0,1.5565777376944195e-07
2p,development,0.002,0,21,0.13663946054875853,0.1369280265138253,0.8,0.8,0.5755345532950014,0.5800000000000001,0.00028856596506676713,0.0,1.007758781257239,1,1,1,1,7.731014739984029e-08
2p,development,0.002,0,22,0.1716477643698454,0.17648680465195019,0.8,0.8,0.2580185832362622,0.3,0.004839040282104773,0.0,1.1627069501629512,1,1,1,1,1.4732554265101103e-07
2p,development,0.002,0,23,0.0806545285973698,0.08039307698197513,0.8,0.8,0.8015697229467332,0.79,0.00026145161539466166,0.0,1.0146452189199155,1,1,1,1,9.959950204818769e-08
2p,development,0.002,0,24,0.07015602025203407,0.06928331319460052,0.8,0.8,0.2499052264355123,0.23,0.0008727070574335583,0.0,1.086544462763097,1,1,1,1,9.79796552098986e-08
2p,development,0.002,0,25,0.1775418139062822,0.1733106120936491,0.8,0.8,0.7007041710894555,0.65,0.0042312018126331175,0.0,1.0780064170607007,1,1,1,1,1.4268604914875604e-07
2p,development,0.002,0,26,0.12846582448109986,0.12838388852395888,0.8,0.8,0.3832488839980215,0.38,8.193595714098278e-05,0.0,1.0085496947316355,1,1,1,1,1.0704190047192104e-07
2p,development,0.002,0,27,0.12391895535402002,0.1239324894958761,0.8,0.8,0.9229937330819666,0.92,1.3534141856078041e-05,0.0,1.0032540576977897,1,1,1,1,1.2752260416933426e-07
2p,development,0.002,0,28,0.09348559486679733,0.0908679402306887,0.8,0.8,0.3253110907319933,0.28,0.002617654636108635,0.0,1.1618253240428331,1,1,1,1,1.2898118874106225e-07
2p,development,0.002,0,29,0.15428478410467505,0.1503333777129609,0.8,0.8,0.8650553755462169,0.8,0.003951406391714152,0.0,1.081319219432771,1,1,1,1,1.21075559986995e-07
2p,development,0.002,0,30,0.18929594894871116,0.19197879700914097,0.8,0.8,0.06809247139841318,0.08999999999999998,0.0026828480604298155,0.0,1.3217320234039462,1,1,0,0,1.5158135037709413e-07
2p,development,0.002,0,31,0.06316248434595764,0.06314117656088455,0.8,0.8,0.5188920393306762,0.52,2.130778507308806e-05,0.0,1.0021352431437434,1,1,1,1,1.018019200532462e-07
2p,development,0.002,0,32,0.05981560116633773,0.06094310537241032,0.8,0.8,0.36280083080753683,0.39,0.001127504206072591,0.0,1.0749699749361714,1,1,1,1,1.2219458955810912e-07
2p,development,0.002,0,33,0.18772523435764016,0.18694534920984657,0.8,0.8,0.8439939242880792,0.8300000000000001,0.0007798851477935909,0.0,1.0168601497446736,1,1,1,1,1.3408869633418948e-07
2p,development,0.002,0,34,0.15740266921930018,0.16789785275617256,0.8,0.8,0.03211338094435632,0.13,0.010495183536872371,0.0,4.048156755131275,0,1,0,0,1.5463330983124943e-07
2p,development,0.002,0,35,0.0948274007998407,0.0929715558661951,0.8,0.8,0.5403764347173273,0.5,0.0018558449336456007,0.0,1.0807528694346547,1,1,1,1,1.1498290477441957e-07
2p,development,0.002,0,36,0.1206464677117765,0.11798325194098762,0.8,0.8,0.21392587044276298,0.18000000000000002,0.0026632157707888876,0.0,1.1884770580153499,1,1,1,1,1.4121896257998335e-07
2p,development,0.002,0,37,0.12696948754601184,0.12620895405504148,0.8,0.8,0.7221893040835857,0.7100000000000001,0.0007605334909703554,0.0,1.0171680339205431,1,1,1,1,1.1164483965155294e-07
2p,development,0.002,0,38,0.1807318057399243,0.1794921302333655,0.8,0.8,0.42073883060365913,0.41000000000000003,0.0012396755065588183,0.0,1.026192269765022,1,1,1,1,1.800365725542708e-07
2p,development,0.002,0,39,0.07156991502270103,0.0711717920793166,0.8,0.8,0.901931603224948,0.89,0.0003981229433844269,0.0,1.0134062957583685,1,1,1,1,1.1804159341412194e-07
2p,development,0.002,0,40,0.07982656098902226,0.08262147659826173,0.8,0.8,0.08778921973891556,0.14,0.0027949156092394734,0.0,1.59472883363537,1,1,0,0,9.645868361736369e-08
2p,development,0.002,0,41,0.16787184537388386,0.17111252162025714,0.8,0.8,0.5999797936156392,0.64,0.0032406762463732808,0.0,1.0667025903375649,1,1,1,1,1.1356522445554499e-07
2p,development,0.002,0,42,0.1375498524401337,0.14117318103219004,0.8,0.8,0.2983482596278191,0.3400000000000001,0.0036233285920563296,0.0,1.1396077873024644,1,1,1,1,1.42020901882741e-07
2p,development,0.002,0,43,0.11483435519039632,0.11791927735415828,0.8,0.8,0.775734741622582,0.8400000000000001,0.0030849221637619523,0.0,1.0828443731203738,1,1,1,1,1.4964967309541622e-07
2p,development,0.002,0,44,0.10315099023282528,0.10875504294522596,0.8,0.8,0.4880313676036894,0.59,0.005604052712400678,0.0,1.20893868543121,0,1,0,0,1.0801270515790157e-07
2p,development,0.002,0,45,0.14461881653405728,0.14264988212474378,0.8,0.8,0.9654172263201326,0.93,0.0019689344093135053,0.0,1.038083039053906,1,1,1,1,1.2787954332834344e-07
2p,development,0.002,0,46,0.1983759848866612,0.19648900958550833,0.8,0.8,0.15335562246851625,0.14,0.0018869753011528656,0.0,1.0953973033465445,1,1,1,1,1.7332339908213987e-07
2p,development,0.002,0,47,0.05408302061259747,0.054573795446851946,0.8,0.8,0.6655467606149614,0.68,0.0004907748342544774,0.0,1.0217163394675437,1,1,1,1,1.1887583516501734e-07
2p,development,0.002,0,48,0.05883263484574855,0.057775452900269794,0.8,0.8,0.17336891782470049,0.15000000000000002,0.001057181945478755,0.0,1.155792785498003,1,1,1,1,1.1046730344338058e-07
2p,development,0.002,0,49,0.19347825907170774,0.19663586304218245,0.8,0.8,0.6545620389655232,0.6900000000000001,0.0031576039704747094,0.0,1.054139957597424,1,1,1,1,1.3414571915452242e-07
2p,development,0.002,0,50,0.1488024961203337,0.15605074169618005,0.8,0.8,0.46131088942289356,0.55,0.007248245575846357,0.0,1.1922545350881655,0,1,1,0,1.4813224738687691e-07
2p,development,0.002,0,51,0.09882259652949871,0.0999207043196661,0.8,0.8,0.9695739745441824,1.0,0.0010981077901673908,0.0,1.031380819055216,1,1,1,1,9.43238024367486e-08
2p,development,0.002,0,52,0.11050348938442768,0.11114775319559979,0.8,0.8,0.2797284191288054,0.29000000000000004,0.0006442638111721077,0.0,1.0367198331266616,1,1,1,1,1.396654047040774e-07
2p,development,0.002,0,53,0.14173571802675727,0.14210557828782147,0.8,0.8,0.7879918251093477,0.79,0.00036986026106419767,0.0,1.0025484717311295,1,1,1,1,9.805625522493934e-08
2p,development,0.002,0,54,0.16297165639698508,0.16347523361875374,0.8,0.8,0.11517068642191589,0.12000000000000001,0.000503577221768664,0.0,1.0419317946963729,1,1,1,1,1.76130227733585e-07
2p,development,0.002,0,55,0.08457835228182375,0.08471439136163966,0.8,0.8,0.5963634276948869,0.6,0.00013603907981590835,0.0,1.0060979130111474,1,1,1,1,1.1713812702517891e-07
2p,development,0.002,0,56,0.07648825752548874,0.07765357186482001,0.8,0.8,0.40097113272175194,0.43,0.001165314339331272,0.0,1.072396401908544,1,1,1,1,1.0814061977950789e-07
2p,development,0.002,0,57,0.17596161058172588,0.17187877934560014,0.8,0.8,0.9131616789381951,0.85,0.004082831236125739,0.0,1.0743078575743472,1,1,1,1,1.2144604564956844e-07
2p,development,0.002,0,58,0.1312818421982229,0.13113766662343196,0.8,0.8,0.24040075114928186,0.24000000000000005,0.00014417557479093346,0.0,1.001669796455341,1,1,1,1,1.4683726565477255e-07
2p,development,0.002,0,59,0.11647879141382875,0.1196454510002733,0.8,0.8,0.717787201795727,0.78,0.003166659586444548,0.0,1.0866730390965902,1,1,1,1,9.372890735939641e-08
2p,development,0.002,0,60,0.09066211613826455,0.09500198509403182,0.8,0.8,0.05097881891764701,0.12000000000000001,0.004339868955767268,0.0,2.353918795055889,1,1,0,0,1.3423110591778923e-07
2p,development,0.002,0,61,0.16171291833743456,0.15934382186557802,0.8,0.8,0.5283647052943706,0.5,0.002369096471856541,0.0,1.0567294105887413,1,1,1,1,9.850885684735898e-08
2p,development,0.002,0,62,0.18295743977651002,0.18323354340037773,0.8,0.8,0.3351737666502595,0.3400000000000001,0.00027610362386770726,0.0,1.0143991977593418,1,1,1,1,1.6139732716931587e-07
2p,development,0.002,0,63,0.06473182919435204,0.06482917710278709,0.8,0.8,0.8473649361450225,0.85,9.734790843504704e-05,0.0,1.0031097154750883,1,1,1,1,9.035693543296727e-08
2p,development,0.002,0,64,0.06626062099821867,0.061110677853888275,0.8,0.8,0.41945969660766425,0.29000000000000004,0.005149943144330392,0.0,1.44641274692298,0,1,0,0,7.178461992745223e-08
2p,development,0.002,0,65,0.18128159139305355,0.1826432760764933,0.8,0.8,0.8973289814218879,0.92,0.0013616846834397511,0.0,1.0252650020755911,1,1,1,1,1.54484437741641e-07
2p,development,0.002,0,66,0.16033061984926464,0.15900762003408345,0.8,0.8,0.22432726167142392,0.21,0.0013229998151811917,0.0,1.0682250555782091,1,1,1,1,1.3919887110813838e-07
2p,development,0.002,0,67,0.0918985024560243,0.09429492096275678,0.8,0.8,0.737001829603687,0.8,0.0023964185067324867,0.0,1.0854789877932725,1,1,1,1,1.1867682986638385e-07
2p,development,0.002,0,68,0.1177151777315885,0.12279647916412181,0.8,0.8,0.03466366710141301,0.09999999999999998,0.005081301432533311,0.0,2.884865000215849,0,1,0,0,1.5003148881525103e-07
2p,development,0.002,0,69,0.12989954371005297,0.13219332885157314,0.8,0.8,0.5473376117553562,0.5800000000000001,0.002293785141520177,0.0,1.0596750297131836,1,1,1,1,1.0925071043449549e-07
2p,development,0.002,0,70,0.17428576219826938,0.17291456961385515,0.8,0.8,0.35390405188314616,0.3400000000000001,0.0013711925844142325,0.0,1.0408942702445474,1,1,1,1,1.2426470007145345e-07
2p,development,0.002,0,71,0.07801704932935537,0.0779974107812846,0.8,0.8,0.8317739009670914,0.8400000000000001,1.96385480707717e-05,0.0,1.0098898258569358,1,1,1,1,1.1315279968673481e-07
2p,development,0.002,0,72,0.08392876065336169,0.08113466277224114,0.8,0.8,0.1599541492573917,0.11000000000000001,0.002794097881120547,0.0,1.4541286296126517,1,1,0,0,1.3457274094864874e-07
2p,development,0.002,0,73,0.163768304605037,0.1655141262370956,0.8,0.8,0.668700953675434,0.6900000000000001,0.0017458216320586084,0.0,1.0318513772225064,1,1,1,1,1.3041007702115346e-07
2p,development,0.002,0,74,0.14282477172091607,0.14078390811957772,0.8,0.8,0.475207197656855,0.45,0.002040863601338344,0.0,1.056015994793011,1,1,1,1,1.3301456825697833e-07
2p,development,0.002,0,75,0.10956034786067904,0.10667664338092012,0.8,0.8,0.956883337367326,0.89,0.002883704479758928,0.0,1.0751498172666585,1,1,1,1,1.2510067141855604e-07
2p,development,0.002,0,76,0.09787945500575007,0.09761141381063788,0.8,0.8,0.2933829912636429,0.29000000000000004,0.00026804119511218694,0.0,1.01166548711601,1,1,1,1,1.36325257128141e-07
2p,development,0.002,0,77,0.1498915498144925,0.1448689917837226,0.8,0.8,0.7750595108419657,0.7000000000000001,0.005022558030769897,0.0,1.1072278726313793,0,1,1,0,1.0879410525742792e-07
2p,development,0.002,0,78,0.19427490727975966,0.19289417574025533,0.8,0.8,0.10199759494513273,0.08999999999999998,0.0013807315395043263,0.0,1.133306610501475,1,1,1,1,1.4342175650962705e-07
2p,development,0.002,0,79,0.05818304321728647,0.055480032418741144,0.8,0.8,0.6107440785039217,0.51,0.002703010798545326,0.0,1.197537408831219,1,1,1,1,8.586386161177363e-08
2p,development,0.002,0,80,0.052389157284051184,0.05,0.8,0.8,0.10627780390903353,0.04000000000000001,0.0023891572840511813,0.0,2.656945097725838,1,1,0,0,9.137787544684639e-08
2p,development,0.002,0,81,0.19992279163561766,0.19951055242393614,0.8,0.8,0.5841470610629768,0.5800000000000001,0.00041223921168151434,0.0,1.0071501052809944,1,1,1,1,1.4058236601349666e-07
2p,development,0.002,0,82,0.1458732356783003,0.14175942320982673,0.8,0.8,0.2822748088743538,0.24000000000000005,0.00411381246847356,0.0,1.1761450369764739,1,1,1,1,1.1983736451349145e-07
2p,development,0.002,0,83,0.10175065891817213,0.10326783768332622,0.8,0.8,0.7949493454582989,0.8300000000000001,0.001517178765154087,0.0,1.044091683000876,1,1,1,1,9.357232661218127e-08
2p,development,0.002,0,84,0.11343402387574317,0.11701941392447276,0.8,0.8,0.47171618075110017,0.53,0.0035853900487295975,0.0,1.1235569641815046,1,1,1,1,9.086267478920977e-08
2p,development,0.002,0,85,0.1388042715843767,0.1387810559127402,0.8,0.8,0.9843901530653238,0.98,2.321567163648952e-05,0.0,1.0044797480258407,1,1,1,1,1.0540566811348289e-07
2p,development,0.002,0,86,0.1694186521228403,0.17155137813973703,0.8,0.8,0.17208588372915984,0.19,0.0021327260168967355,0.0,1.1040998592251448,1,1,1,1,1.6500903608539555e-07
2p,development,0.002,0,87,0.07813269766047598,0.07962587609418553,0.8,0.8,0.6499557641614229,0.6900000000000001,0.0014931784337095522,0.0,1.0616107095999718,1,1,1,1,1.14997307920519e-07
2p,development,0.002,0,88,0.07238516826182605,0.07057607388371302,0.8,0.8,0.3493860419560224,0.31,0.0018090943781130242,0.0,1.1270517482452336,1,1,1,1,1.390600834209657e-07
2p,development,0.002,0,89,0.18006360908038915,0.18025387987738442,0.8,0.8,0.8581328740343451,0.86,0.00019027079699526772,0.0,1.0021758005341026,1,1,1,1,1.1134807904035867e-07
2p,development,0.002,0,90,0.12600775887258353,0.12895621143174954,0.8,0.8,0.04600965045392513,0.07999999999999999,0.0029484525591660093,0.0,1.7387656548295967,1,1,0,0,1.1517516478884748e-07
2p,development,0.002,0,91,0.12175410855561496,0.1173549420430704,0.8,0.8,0.527685821512714,0.46,0.004399166512544558,0.0,1.1471430902450304,1,1,1,1,1.4292302736807688e-07
2p,development,0.002,0,92,0.09593504164367915,0.08933824165606559,0.8,0.8,0.22758047761395575,0.12000000000000001,0.006596799987613561,0.0,1.8965039801162977,0,1,0,0,1.269834913440093e-07
2p,development,0.002,0,93,0.15644094054587188,0.1542013027745625,0.8,0.8,0.709256969531998,0.68,0.0022396377713093663,0.0,1.0430249551941146,1,1,1,1,1.3381572375921528e-07
2p,development,0.002,0,94,0.187057037698105,0.18627030255911312,0.8,0.8,0.40756576309911907,0.4,0.0007867351389918842,0.0,1.0189144077477976,1,1,1,1,1.506573630899195e-07
2p,development,0.002,0,95,0.060630854405462745,0.06273115891182346,0.8,0.8,0.9163122153095901,1.0,0.0021003045063607145,0.0,1.0913310804899996,1,1,1,1,9.757455361103609e-08
2p,development,0.002,1,0,0.06849860241636635,0.06938699723470318,0.8,0.8,0.010648727621883155,0.029999999999999995,0.0008883948183368295,0.0,2.817237989856172,1,1,0,0,9.447340650246179e-08
2p,development,0.002,1,1,0.18381286370567979,0.1824202005563471,0.8,0.8,0.5542002195399255,0.54,0.0013926631493326735,0.0,1.0262967028517138,1,1,1,1,1.4529852706311122e-07
2p,development,0.002,1,2,0.15788195985369385,0.15808160153208273,0.8,0.8,0.37604771069251003,0.38,0.00019964167838887326,0.0,1.0105100741079147,1,1,1,1,1.2847669016210888e-07
2p,development,0.002,1,3,0.0897425605915487,0.08876810705296566,0.8,0.8,0.8229191629029811,0.79,0.0009744535385830394,0.0,1.0416698264594697,1,1,1,1,1.1937481110549446e-07
2p,development,0.002,1,4,0.12017345791682603,0.11524105244056447,0.8,0.8,0.4418443391565233,0.37,0.004932405476261559,0.0,1.1941738896122251,1,1,1,1,1.2783677425594126e-07
2p,development,0.002,1,5,0.13206517728976908,0.13307745887177966,0.8,0.8,0.8887161712348461,0.91,0.0010122815820105824,0.0,1.0239489608201688,1,1,1,1,1.096000964796658e-07
2p,development,0.002,1,6,0.17205625656060877,0.1780266248983222,0.8,0.8,0.20007133845239877,0.25,0.0059703683377134165,0.0,1.249554293652513,0,1,0,0,1.4922479634593634e-07
2p,development,0.002,1,7,0.07549432432278991,0.07701917915938591,0.8,0.8,0.7436225095111877,0.79,0.0015248548365960068,0.0,1.0623669804176559,1,1,1,1,7.625543006981336e-08
2p,development,0.002,1,8,0.08615823052823544,0.08424018489712534,0.8,0.8,0.31570792448706925,0.28,0.0019180456311101018,0.0,1.127528301739533,1,1,1,1,1.2250114713010121e-07
2p,development,0.002,1,9,0.1662910653743893,0.1665263920840917,0.8,0.8,0.7665068968012929,0.77,0.00023532670970238811,0.0,1.004557171257407,1,1,1,1,1.3520241900838217e-07
2p,development,0.002,1,10,0.14036645577289164,0.13872802609065457,0.8,0.8,0.07768053144216537,0.06,0.0016384296822370692,0.0,1.2946755240360897,1,1,0,0,1.7418398734289683e-07
2p,development,0.002,1,11,0.10739475004374982,0.1065030258977375,0.8,0.8,0.6174254118744283,0.6,0.0008917241460123237,0.0,1.0290423531240473,1,1,1,1,1.1210491911402913e-07
2p,development,0.002,1,12,0.10032807923853398,0.09727502315944037,0.8,0.8,0.13587950045242905,0.08999999999999998,0.003053056079093619,0.0,1.509772227249212,1,1,0,0,1.0226952434099252e-07
2p,development,0.002,1,13,0.15204752744175495,0.1531376585912621,0.8,0.8,0.6756237576063723,0.6900000000000001,0.0010901311495071508,0.0,1.0212784737537361,1,1,1,1,1.0720653641306988e-07
2p,development,0.002,1,14,0.19203689009882513,0.18917281884673662,0.8,0.8,0.49728971618227663,0.47000000000000003,0.0028640712520885125,0.0,1.0580632259197373,1,1,1,1,1.1845787485336963e-07
2p,development,0.002,1,15,0.055651806667447096,0.05665249366197427,0.8,0.8,0.9480892527662218,1.0,0.0010006869945271765,0.0,1.0547530172737631,1,1,1,1,9.450830767678845e-08
2p,development,0.002,1,16,0.050150210270658135,0.05080430351686198,0.8,0.8,0.4477014256734401,0.47000000000000003,0.0006540932462038435,0.0,1.0498067976732885,1,1,1,1,9.152993732246322e-08
2p,development,0.002,1,17,0.19739119745790962,0.19531570509789656,0.8,0.8,0.9912529452517629,0.9600000000000001,0.0020754923600130593,0.0,1.0325551513039195,1,1,1,1,1.1419764413167771e-07
2p,development,0.002,1,18,0.14832264669239523,0.14672967072505838,0.8,0.8,0.1942293581366539,0.18000000000000002,0.001592975967336846,0.0,1.079051989648077,1,1,1,1,1.4541369438675597e-07
2p,development,0.002,1,19,0.1039068511221558,0.10038654545425026,0.8,0.8,0.6411008416954428,0.5700000000000001,0.0035203056679055378,0.0,1.1247383187639346,1,1,1,1,1.4399893697060835e-07
2p,development,0.002,1,20,0.11097592250443997,0.1117845408200944,0.8,0.8,0.12866274887695908,0.14,0.0008086183156544302,0.0,1.0881160337549045,1,1,1,1,8.761185150676411e-08
2p,development,0.002,1,21,0.13663946054875853,0.13798195974695346,0.8,0.8,0.5755345532950014,0.6,0.0013424991981949297,0.0,1.0425090840592126,1,1,1,1,1.0836079075914125e-07
2p,development,0.002,1,22,0.1716477643698454,0.17532433056001565,0.8,0.8,0.2580185832362622,0.29000000000000004,0.003676566190170233,0.0,1.1239500518241863,1,1,1,1,1.3796859328782771e-07
2p,development,0.002,1,23,0.0806545285973698,0.08372054959401162,0.8,0.8,0.8015697229467332,0.9,0.0030660209966418273,0.0,1.1227968999270794,1,1,1,1,1.0139726116601042e-07
2p,development,0.002,1,24,0.07015602025203407,0.06839503865775355,0.8,0.8,0.2499052264355123,0.21,0.0017609815942805224,0.0,1.1900248877881539,1,1,1,1,1.0061710686579721e-07
2p,development,0.002,1,25,0.1775418139062822,0.18131108985514846,0.8,0.8,0.7007041710894555,0.75,0.003769275948866252,0.0,1.0703518416822029,1,1,1,1,1.2898655270774026e-07
2p,development,0.002,1,26,0.12846582448109986,0.12351376042331151,0.8,0.8,0.3832488839980215,0.32,0.00495206405778835,0.0,1.1976527624938171,1,1,1,1,1.1814101714696861e-07
2p,development,0.002,1,27,0.12391895535402002,0.1226746249970902,0.8,0.8,0.9229937330819666,0.9,0.0012443303569298209,0.0,1.0255485923132963,1,1,1,1,1.1229418983921983e-07
2p,development,0.002,1,28,0.09348559486679733,0.09258042788843908,0.8,0.8,0.3253110907319933,0.31,0.0009051669783582544,0.0,1.0493906152644945,1,1,1,1,1.1749657842474496e-07
2p,development,0.002,1,29,0.15428478410467505,0.15448442966228496,0.8,0.8,0.8650553755462169,0.87,0.000199645557609901,0.0,1.005715962923947,1,1,1,1,1.3536181594341993e-07
2p,development,0.002,1,30,0.18929594894871116,0.1856756813377315,0.8,0.8,0.06809247139841318,0.04000000000000001,0.003620267610979666,0.0,1.702311784960329,1,1,0,0,1.9598297019435437e-07
2p,development,0.002,1,31,0.06316248434595764,0.05949467235003793,0.8,0.8,0.5188920393306762,0.41000000000000003,0.0036678119959197147,0.0,1.2655903398309174,1,1,0,0,9.602076516934111e-08
2p,development,0.002,1,32,0.05981560116633773,0.05908153988233024,0.8,0.8,0.36280083080753683,0.3400000000000001,0.0007340612840074923,0.0,1.0670612670809905,1,1,1,1,7.845571164882762e-08
2p,development,0.002,1,33,0.18772523435764016,0.19027348187414125,0.8,0.8,0.8439939242880792,0.88,0.0025482475165010954,0.0,1.0426615342548733,1,1,1,1,1.238060770816821e-07
2p,development,0.002,1,34,0.15740266921930018,0.16353145922476733,0.8,0.8,0.03211338094435632,0.08999999999999998,0.00612879000546715,0.0,2.802570061244728,0,1,0,0,1.4139901798830819e-07
2p,development,0.002,1,35,0.0948274007998407,0.09541308777604171,0.8,0.8,0.5403764347173273,0.55,0.0005856869762010108,0.0,1.017809002510827,1,1,1,1,1.1314877625172047e-07
2p,development,0.002,1,36,0.1206464677117765,0.12198674127043589,0.8,0.8,0.21392587044276298,0.23,0.0013402735586593856,0.0,1.0751387829997763,1,1,1,1,1.3478476317709104e-07
2p,development,0.002,1,37,0.12696948754601184,0.12269641916623512,0.8,0.8,0.7221893040835857,0.65,0.004273068379776715,0.0,1.111060467820901,1,1,1,1,1.1534326681976049e-07
2p,development,0.002,1,38,0.1807318057399243,0.18072142414553605,0.8,0.8,0.42073883060365913,0.42000000000000004,1.0381594388264581e-05,0.0,1.0017591204849026,1,1,1,1,1.822923486347764e-07
2p,development,0.002,1,39,0.07156991502270103,0.07405705564851248,0.8,0.8,0.901931603224948,1.0,0.002487140625811443,0.0,1.108731522905283,1,1,1,1,8.820068122177737e-08
2p,development,0.002,1,40,0.07982656098902226,0.07629748149326501,0.8,0.8,0.08778921973891556,0.02,0.0035290794957572452,0.0,4.389460986945777,1,1,0,0,9.704515827090821e-08
2p,development,0.002,1,41,0.16787184537388386,0.16374657447268795,0.8,0.8,0.5999797936156392,0.55,0.00412527090119591,0.0,1.090872352028435,1,1,1,1,1.012348295439918e-07
2p,development,0.002,1,42,0.1375498524401337,0.13342351896383775,0.8,0.8,0.2983482596278191,0.25,0.004126333476295957,0.0,1.1933930385112763,1,1,1,1,1.1983856867712527e-07
2p,development,0.002,1,43,0.11483435519039632,0.11471320966599467,0.8,0.8,0.775734741622582,0.77,0.00012114552440165016,0.0,1.0074477163929636,1,1,1,1,1.1838338245008089e-07
2p,development,0.002,1,44,0.10315099023282528,0.10131772577594982,0.8,0.8,0.4880313676036894,0.45,0.0018332644568754691,0.0,1.084514150230421,1,1,1,1,9.490381614687939e-08
2p,development,0.002,1,45,0.14461881653405728,0.14371478424130152,0.8,0.8,0.9654172263201326,0.9500000000000001,0.0009040322927557631,0.0,1.0162286592843501,1,1,1,1,1.3305526970294284e-07
2p,development,0.002,1,46,0.1983759848866612,0.1993581808198411,0.8,0.8,0.15335562246851625,0.15999999999999998,0.0009821959331799135,0.0,1.0433265988199931,1,1,1,1,1.4548316285743754e-07
2p,development,0.002,1,47,0.05408302061259747,0.052445690864250334,0.8,0.8,0.6655467606149614,0.6,0.0016373297483471341,0.0,1.1092446010249357,1,1,1,1,7.65510963740521e-08
2p,development,0.002,1,48,0.05883263484574855,0.06067935451089264,0.8,0.8,0.17336891782470049,0.22,0.0018467196651440893,0.0,1.2689702558012728,1,1,0,0,9.76661996531636e-08
2p,development,0.002,1,49,0.19347825907170774,0.19009045835177174,0.8,0.8,0.6545620389655232,0.62,0.003387800719935996,0.0,1.0557452241379408,1,1,1,1,1.2869668486483334e-07
2p,development,0.002,1,50,0.1488024961203337,0.14872587274549437,0.8,0.8,0.46131088942289356,0.46,7.662337483932413e-05,0.0,1.002849759614986,1,1,1,1,1.265359286809287e-07
2p,development,0.002,1,51,0.09882259652949871,0.0999453036519625,0.8,0.8,0.9695739745441824,1.0,0.0011227071224637897,0.0,1.031380819055216,1,1,1,1,1.1844828118773216e-07
2p,development,0.002,1,52,0.11050348938442768,0.10988629034094578,0.8,0.8,0.2797284191288054,0.27,0.0006171990434818975,0.0,1.0360311819585386,1,1,1,1,9.546009902911223e-08
2p,development,0.002,1,53,0.14173571802675727,0.13740249218787243,0.8,0.8,0.7879918251093477,0.72,0.004333225838884847,0.0,1.0944330904296498,1,1,1,1,1.3589895937524616e-07
2p,development,0.002,1,54,0.16297165639698508,0.16576185376116062,0.8,0.8,0.11517068642191589,0.14,0.002790197364175545,0.0,1.2155870938124351,1,1,0,0,1.491377882215245e-07
2p,development,0.002,1,55,0.08457835228182375,0.08083799179957976,0.8,0.8,0.5963634276948869,0.51,0.003740360482243993,0.0,1.1693400543036998,1,1,1,1,1.0905131623055059e-07
2p,development,0.002,1,56,0.07648825752548874,0.07650207978513308,0.8,0.8,0.40097113272175194,0.4,1.3822259644344359e-05,0.0,1.0024278318043798,1,1,1,1,1.1521491552983161e-07
2p,development,0.002,1,57,0.17596161058172588,0.17835557638422458,0.8,0.8,0.9131616789381951,0.9500000000000001,0.0023939658024987043,0.0,1.0403415100649425,1,1,1,1,1.168852828986808e-07
2p,development,0.002,1,58,0.1312818421982229,0.12957229865432057,0.8,0.8,0.24040075114928186,0.22,0.0017095435439023199,0.0,1.0927306870421902,1,1,1,1,1.4122251575946674e-07
2p,development,0.002,1,59,0.11647879141382875,0.1185245057728397,0.8,0.8,0.717787201795727,0.76,0.00204571435901095,0.0,1.058809627837703,1,1,1,1,1.1109182470458778e-07
2p,development,0.002,1,60,0.09066211613826455,0.08823692451612569,0.8,0.8,0.05097881891764701,0.010000000000000004,0.0024251916221388614,0.0,5.097881891764699,1,1,0,0,1.2765770864106338e-07
2p,development,0.002,1,61,0.16171291833743456,0.16206039720622714,0.8,0.8,0.5283647052943706,0.53,0.00034747886879257783,0.0,1.0030950112474268,1,1,1,1,1.4662509344047246e-07
2p,development,0.002,1,62,0.18295743977651002,0.18027431945651784,0.8,0.8,0.3351737666502595,0.31,0.0026831203199921827,0.0,1.0812056988718048,1,1,1,1,1.267010890999701e-07
2p,development,0.002,1,63,0.06473182919435204,0.06666641460287648,0.8,0.8,0.8473649361450225,0.92,0.001934585408524439,0.0,1.0857187508671546,1,1,1,1,1.0679401293527635e-07
2p,development,0.002,1,64,0.06626062099821867,0.06584804660001971,0.8,0.8,0.41945969660766425,0.41000000000000003,0.0004125743981989588,0.0,1.0230724307504004,1,1,1,1,9.733709058398065e-08
2p,development,0.002,1,65,0.18128159139305355,0.18355535349248153,0.8,0.8,0.8973289814218879,0.93,0.0022737620994279784,0.0,1.0364091868807608,1,1,1,1,1.4647004455077853e-07
2p,development,0.002,1,66,0.16033061984926464,0.15991132421035265,0.8,0.8,0.22432726167142392,0.22,0.00041929563891199284,0.0,1.019669371233745,1,1,1,1,1.4258865839278285e-07
2p,development,0.002,1,67,0.0918985024560243,0.09208578713895343,0.8,0.8,0.737001829603687,0.74,0.0001872846829291397,0.0,1.004068063708777,1,1,1,1,1.1742561693073863e-07
2p,development,0.002,1,68,0.1177151777315885,0.12553130041861757,0.8,0.8,0.03466366710141301,0.13,0.007816122687029067,0.0,3.750324500280605,0,1,0,0,1.5672886255415161e-07
2p,development,0.002,1,69,0.12989954371005297,0.12937614615362375,0.8,0.8,0.5473376117553562,0.54,0.000523397556429217,0.0,1.0135881699173264,1,1,1,1,1.0263979437172109e-07
2p,development,0.002,1,70,0.17428576219826938,0.17494594209949518,0.8,0.8,0.35390405188314616,0.36000000000000004,0.0006601799012257992,0.0,1.0172248610447294,1,1,1,1,1.4844076098462072e-07
2p,development,0.002,1,71,0.07801704932935537,0.07345952898511661,0.8,0.8,0.8317739009670914,0.6900000000000001,0.004557520344238758,0.0,1.2054694216914366,1,1,0,0,1.0125982279109007e-07
2p,development,0.002,1,72,0.08392876065336169,0.0802332046740624,0.8,0.8,0.1599541492573917,0.08999999999999998,0.0036955559792992837,0.0,1.7772683250821304,1,1,0,0,1.1300933380301134e-07
2p,development,0.002,1,73,0.163768304605037,0.16318736303142897,0.8,0.8,0.668700953675434,0.66,0.0005809415736080237,0.0,1.013183263144597,1,1,1,1,1.1805594442074334e-07
2p,development,0.002,1,74,0.14282477172091607,0.13845356435355222,0.8,0.8,0.475207197656855,0.42000000000000004,0.00437120736736385,0.0,1.1314457087067975,1,1,1,1,1.2130957552807434e-07
2p,development,0.002,1,75,0.10956034786067904,0.11127301724769315,0.8,0.8,0.956883337367326,1.0,0.0017126693870141013,0.0,1.0450594768964219,1,1,1,1,1.1187575179078596e-07
2p,development,0.002,1,76,0.09787945500575007,0.09406468431873125,0.8,0.8,0.2933829912636429,0.23,0.003814770687018826,0.0,1.275578222885404,1,1,0,0,9.788213284549019e-08
2p,development,0.002,1,77,0.1498915498144925,0.15120860030754804,0.8,0.8,0.7750595108419657,0.8,0.0013170504930555549,0.0,1.0321788053809455,1,1,1,1,1.2098404650841165e-07
2p,development,0.002,1,78,0.19427490727975966,0.19663956144125969,0.8,0.8,0.10199759494513273,0.12000000000000001,0.0023646541615000294,0.0,1.1764983288532564,1,1,1,1,2.113209043043856e-07
2p,development,0.002,1,79,0.05818304321728647,0.05847528273214666,0.8,0.8,0.6107440785039217,0.62,0.0002922395148601889,0.0,1.01515515552562,1,1,1,1,9.830452573889596e-08
2p,development,0.002,1,80,0.052389157284051184,0.05107071437684521,0.8,0.8,0.10627780390903353,0.06999999999999998,0.001318442907205973,0.0,1.5182543415576224,1,1,0,0,1.1450330749808635e-07
2p,development,0.002,1,81,0.19992279163561766,0.19963854244781273,0.8,0.8,0.5841470610629768,0.5800000000000001,0.0002842491878049247,0.0,1.0071501052809944,1,1,1,1,1.6809402629347543e-07
2p,development,0.002,1,82,0.1458732356783003,0.14278125745200665,0.8,0.8,0.2822748088743538,0.25,0.0030919782262936457,0.0,1.1290992354974152,1,1,1,1,1.3064397056449752e-07
2p,development,0.002,1,83,0.10175065891817213,0.09804273997842428,0.8,0.8,0.7949493454582989,0.7100000000000001,0.0037079189397478535,0.0,1.1196469654342236,1,1,1,1,1.0661078287634327e-07
2p,development,0.002,1,84,0.11343402387574317,0.11201235886154563,0.8,0.8,0.47171618075110017,0.45,0.0014216650141975345,0.0,1.0482581794468893,1,1,1,1,1.1686438605798343e-07
2p,development,0.002,1,85,0.1388042715843767,0.13929344142911929,0.8,0.8,0.9843901530653238,1.0,0.000489169844742593,0.0,1.0158573781808646,1,1,1,1,1.1628932333744538e-07
2p,development,0.002,1,86,0.1694186521228403,0.16795369184245973,0.8,0.8,0.17208588372915984,0.15999999999999998,0.0014649602803805672,0.0,1.0755367733072492,1,1,1,1,1.4477453201602234e-07
2p,development,0.002,1,87,0.07813269766047598,0.07711943289024217,0.8,0.8,0.6499557641614229,0.62,0.0010132647702338071,0.0,1.0483157486474561,1,1,1,1,1.331169233029158e-07
2p,development,0.002,1,88,0.07238516826182605,0.07291021827993023,0.8,0.8,0.3493860419560224,0.36000000000000004,0.000525050018104184,0.0,1.0303788840119539,1,1,1,1,9.74305964123895e-08
2p,development,0.002,1,89,0.18006360908038915,0.1807709241411318,0.8,0.8,0.8581328740343451,0.87,0.000707315060742647,0.0,1.0138290075170573,1,1,1,1,1.530688350979549e-07
2p,development,0.002,1,90,0.12600775887258353,0.12379266216606488,0.8,0.8,0.04600965045392513,0.02,0.002215096706518649,0.0,2.3004825226962566,1,1,0,0,1.3712814974022074e-07
2p,development,0.002,1,91,0.12175410855561496,0.12261556332122375,0.8,0.8,0.527685821512714,0.54,0.0008614547656087962,0.0,1.0233361935933487,1,1,1,1,9.80483905433604e-08
2p,development,0.002,1,92,0.09593504164367915,0.09924769865322083,0.8,0.8,0.22758047761395575,0.28,0.0033126570095416835,0.0,1.230334002879471,1,1,0,0,1.1166958619075529e-07
2p,development,0.002,1,93,0.15644094054587188,0.15394050513521745,0.8,0.8,0.709256969531998,0.67,0.0025004354106544224,0.0,1.058592491838803,1,1,1,1,1.0523253150677705e-07
2p,development,0.002,1,94,0.187057037698105,0.18522391796419302,0.8,0.8,0.40756576309911907,0.39,0.001833119733911981,0.0,1.0450404182028694,1,1,1,1,1.655163922320627e-07
2p,development,0.002,1,95,0.060630854405462745,0.061965802036087834,0.8,0.8,0.9163122153095901,0.98,0.0013349476306250899,0.0,1.0695044588801994,1,1,1,1,9.105435729340815e-08
2p,development,0.002,2,0,0.06849860241636635,0.06858756342097322,0.8,0.8,0.010648727621883155,0.010000000000000004,8.896100460686895e-05,0.0,1.0648727621883152,1,1,1,1,1.1579532178119908e-07
2p,development,0.002,2,1,0.18381286370567979,0.18706308666330637,0.8,0.8,0.5542002195399255,0.59,0.003250222957626586,0.0,1.064597196460503,1,1,1,1,1.1637768270028967e-07
2p,development,0.002,2,2,0.15788195985369385,0.16098395209407854,0.8,0.8,0.37604771069251003,0.41000000000000003,0.0031019922403846822,0.0,1.0902871852216975,1,1,1,1,1.3489178796906274e-07
2p,development,0.002,2,3,0.0897425605915487,0.08863553732055847,0.8,0.8,0.8229191629029811,0.79,0.001107023270990229,0.0,1.0416698264594697,1,1,1,1,1.2705791993728663e-07
2p,development,0.002,2,4,0.12017345791682603,0.11663287868462474,0.8,0.8,0.4418443391565233,0.39,0.003540579232201288,0.0,1.1329342029654443,1,1,1,1,1.2917239571389725e-07
2p,development,0.002,2,5,0.13206517728976908,0.12996515531511169,0.8,0.8,0.8887161712348461,0.85,0.00210002197465739,0.0,1.045548436746878,1,1,1,1,1.2001662484832276e-07
2p,development,0.002,2,6,0.17205625656060877,0.16975497238583942,0.8,0.8,0.20007133845239877,0.18000000000000002,0.0023012841747693524,0.0,1.1115074358466597,1,1,1,1,1.5448715853081058e-07
2p,development,0.002,2,7,0.07549432432278991,0.07076920506422475,0.8,0.8,0.7436225095111877,0.6,0.004725119258565155,0.0,1.2393708491853128,1,1,0,0,1.1270961456410572e-07
2p,development,0.002,2,8,0.08615823052823544,0.09226339622303728,0.8,0.8,0.31570792448706925,0.43,0.006105165694801837,0.0,1.362018393103756,0,1,0,0,9.678261639035512e-08
2p,development,0.002,2,9,0.1662910653743893,0.16209328472306667,0.8,0.8,0.7665068968012929,0.7100000000000001,0.004197780651322647,0.0,1.0795871785933702,1,1,1,1,1.0422509434208174e-07
2p,development,0.002,2,10,0.14036645577289164,0.1378930146879848,0.8,0.8,0.07768053144216537,0.05000000000000001,0.002473441084906852,0.0,1.5536106288433071,1,1,0,0,1.1161103144776876e-07
2p,development,0.002,2,11,0.10739475004374982,0.10594158519088083,0.8,0.8,0.6174254118744283,0.59,0.0014531648528689906,0.0,1.0464837489397092,1,1,1,1,1.0210702829036408e-07
2p,development,0.002,2,12,0.10032807923853398,0.0993699899336513,0.8,0.8,0.13587950045242905,0.12000000000000001,0.0009580893048826838,0.0,1.1323291704369087,1,1,1,1,1.4821000211314034e-07
2p,development,0.002,2,13,0.15204752744175495,0.14878004790495047,0.8,0.8,0.6756237576063723,0.63,0.0032674795368044796,0.0,1.0724186628672576,1,1,1,1,1.1614582316540982e-07
2p,development,0.002,2,14,0.19203689009882513,0.19568969009894394,0.8,0.8,0.49728971618227663,0.53,0.0036528000001188055,0.0,1.0657771169467212,1,1,1,1,1.7425138067757622e-07
2p,development,0.002,2,15,0.055651806667447096,0.05361475411334377,0.8,0.8,0.9480892527662218,0.85,0.0020370525541033233,0.0,1.1153991209014373,1,1,1,1,9.842568674498791e-08
2p,development,0.002,2,16,0.050150210270658135,0.051023134515143044,0.8,0.8,0.4477014256734401,0.48000000000000004,0.0008729242444849086,0.0,1.0721431125174012,1,1,1,1,8.93331513559167e-08
2p,development,0.002,2,17,0.19739119745790962,0.1981273050016709,0.8,0.8,0.9912529452517629,1.0,0.0007361075437612719,0.0,1.0088242408662054,1,1,1,1,1.6411385359222977e-07
2p,development,0.002,2,18,0.14832264669239523,0.1459995643473645,0.8,0.8,0.1942293581366539,0.17,0.0023230823450307303,0.0,1.142525636097964,1,1,1,1,1.2862158472363637e-07
2p,development,0.002,2,19,0.1039068511221558,0.10580717314417293,0.8,0.8,0.6411008416954428,0.68,0.001900322022017134,0.0,1.060675568919369,1,1,1,1,1.480037971092181e-07
2p,development,0.002,2,20,0.11097592250443997,0.11258755159785372,0.8,0.8,0.12866274887695908,0.15000000000000002,0.0016116290934137523,0.0,1.1658386075945406,1,1,1,1,1.6666530510774123e-07
2p,development,0.002,2,21,0.13663946054875853,0.13343920562340703,0.8,0.8,0.5755345532950014,0.53,0.0032002549253515034,0.0,1.0859142515000024,1,1,1,1,1.2400532166317823e-07
2p,development,0.002,2,22,0.1716477643698454,0.17412498733933435,0.8,0.8,0.2580185832362622,0.28,0.0024772229694889347,0.0,1.0851931534854213,1,1,1,1,1.4008235367508042e-07
2p,development,0.002,2,23,0.0806545285973698,0.08039678008819261,0.8,0.8,0.8015697229467332,0.8,0.0002577485091771886,0.0,1.0019621536834165,1,1,1,1,9.347254129791768e-08
2p,development,0.002,2,24,0.07015602025203407,0.07066964350353654,0.8,0.8,0.2499052264355123,0.26,0.0005136232515024625,0.0,1.0403944075459048,1,1,1,1,1.1528154783995052e-07
2p,development,0.002,2,25,0.1775418139062822,0.17729024737692578,0.8,0.8,0.7007041710894555,0.7000000000000001,0.0002515665293564284,0.0,1.001005958699222,1,1,1,1,1.8837092374677672e-07
2p,development,0.002,2,26,0.12846582448109986,0.12739983442627167,0.8,0.8,0.3832488839980215,0.37,0.0010659900548281864,0.0,1.0358077945892472,1,1,1,1,1.738730637893894e-07
2p,development,0.002,2,27,0.12391895535402002,0.12367221884147606,0.8,0.8,0.9229937330819666,0.92,0.000246736512543963,0.0,1.0032540576977897,1,1,1,1,1.308201865967898e-07
2p,development,0.002,2,28,0.09348559486679733,0.09223577072254406,0.8,0.8,0.3253110907319933,0.3,0.0012498241442532726,0.0,1.0843703024399778,1,1,1,1,9.121953604734065e-08
2p,development,0.002,2,29,0.15428478410467505,0.15213732509846173,0.8,0.8,0.8650553755462169,0.8300000000000001,0.002147459006213326,0.0,1.0422353922243577,1,1,1,1,1.0386181683810208e-07
2p,development,0.002,2,30,0.18929594894871116,0.18970427140202184,0.8,0.8,0.06809247139841318,0.06999999999999998,0.0004083224533106833,0.0,1.0280137959808469,1,1,1,1,2.0937380722084502e-07
2p,development,0.002,2,31,0.06316248434595764,0.0644052421120948,0.8,0.8,0.5188920393306762,0.56,0.0012427577661371508,0.0,1.079222569539416,1,1,1,1,7.899283072195092e-08
2p,development,0.002,2,32,0.05981560116633773,0.05657278510705261,0.8,0.8,0.36280083080753683,0.27,0.003242816059285121,0.0,1.343706780768655,1,1,0,0,9.033286855510576e-08
2p,development,0.002,2,33,0.18772523435764016,0.18889071515008385,0.8,0.8,0.8439939242880792,0.86,0.0011654807924436905,0.0,1.0189646812036262,1,1,1,1,1.5988107766506752e-07
2p,development,0.002,2,34,0.15740266921930018,0.16360868224114378,0.8,0.8,0.03211338094435632,0.08999999999999998,0.006206013021843593,0.0,2.802570061244728,0,1,0,0,1.0206038515567033e-07
2p,development,0.002,2,35,0.0948274007998407,0.09483508657764096,0.8,0.8,0.5403764347173273,0.54,7.685777800262028e-06,0.0,1.0006971013283839,1,1,1,1,1.1207220796841362e-07
2p,development,0.002,2,36,0.1206464677117765,0.12281377304641462,0.8,0.8,0.21392587044276298,0.24000000000000005,0.002167305334638117,0.0,1.1218839474780276,1,1,1,1,1.4152105788740075e-07
2p,development,0.002,2,37,0.12696948754601184,0.12713731023646033,0.8,0.8,0.7221893040835857,0.73,0.00016782269044848808,0.0,1.0108153026806808,1,1,1,1,1.1438659853083517e-07
2p,development,0.002,2,38,0.1807318057399243,0.1836570514152899,0.8,0.8,0.42073883060365913,0.45,0.0029252456753655898,0.0,1.0695471091992106,1,1,1,1,1.585259099895013e-07
2p,development,0.002,2,39,0.07156991502270103,0.07103433416182765,0.8,0.8,0.901931603224948,0.88,0.0005355808608733803,0.0,1.0249222763919863,1,1,1,1,1.0769913248726372e-07
2p,development,0.002,2,40,0.07982656098902226,0.08092994998098844,0.8,0.8,0.08778921973891556,0.11000000000000001,0.0011033889919661866,0.0,1.2530012264277908,1,1,0,0,9.637385690223215e-08
2p,development,0.002,2,41,0.16787184537388386,0.16855567872265387,0.8,0.8,0.5999797936156392,0.61,0.0006838333487700077,0.0,1.0167009064154915,1,1,1,1,1.1907930137485052e-07
2p,development,0.002,2,42,0.1375498524401337,0.13417342535715404,0.8,0.8,0.2983482596278191,0.26,0.003376427082979666,0.0,1.1474933062608426,1,1,1,1,1.2769422544089095e-07
2p,development,0.002,2,43,0.11483435519039632,0.1182839767270862,0.8,0.8,0.775734741622582,0.85,0.003449621536689873,0.0,1.095735377562283,1,1,1,1,1.1110145894009908e-07
2p,development,0.002,2,44,0.10315099023282528,0.1032556907670314,0.8,0.8,0.4880313676036894,0.49,0.00010470053420610914,0.0,1.004033823493717,1,1,1,1,1.2074258355464218e-07
2p,development,0.002,2,45,0.14461881653405728,0.14496794841920818,0.8,0.8,0.9654172263201326,0.97,0.00034913188515089955,0.0,1.0047469358894034,1,1,1,1,1.0445173705254763e-07
2p,development,0.002,2,46,0.1983759848866612,0.19923828363793367,0.8,0.8,0.15335562246851625,0.15999999999999998,0.0008622987512724722,0.0,1.0433265988199931,1,1,1,1,1.7804857207843754e-07
2p,development,0.002,2,47,0.05408302061259747,0.05249537815881626,0.8,0.8,0.6655467606149614,0.61,0.0015876424537812073,0.0,1.0910602633032156,1,1,1,1,7.913524999723709e-08
2p,development,0.002,2,48,0.05883263484574855,0.06391923103873927,0.8,0.8,0.17336891782470049,0.3,0.005086596192990719,0.0,1.7304139851835536,0,1,0,0,1.1398536775753429e-07
2p,development,0.002,2,49,0.19347825907170774,0.19378461064363378,0.8,0.8,0.6545620389655232,0.66,0.00030635157192604456,0.0,1.0083077855279707,1,1,1,1,1.8223345849273787e-07
2p,development,0.002,2,50,0.1488024961203337,0.1550771674839509,0.8,0.8,0.46131088942289356,0.54,0.006274671363617201,0.0,1.1705771799047442,0,1,1,0,1.3154619996492004e-07
2p,development,0.002,2,51,0.09882259652949871,0.09898475573223453,0.8,0.8,0.9695739745441824,0.97,0.00016215920273582318,0.0,1.0004393944835595,1,1,1,1,9.993181605700002e-08
2p,development,0.002,2,52,0.11050348938442768,0.11056116179750315,0.8,0.8,0.2797284191288054,0.28,5.767241307547133e-05,0.0,1.0009708733636733,1,1,1,1,1.3088995007603093e-07
2p,development,0.002,2,53,0.14173571802675727,0.13897929976478535,0.8,0.8,0.7879918251093477,0.74,0.002756418261971927,0.0,1.0648538177153348,1,1,1,1,1.369465409755518e-07
2p,development,0.002,2,54,0.16297165639698508,0.1632412319072329,0.8,0.8,0.11517068642191589,0.12000000000000001,0.00026957551024781035,0.0,1.0419317946963729,1,1,1,1,1.674487626137149e-07
2p,development,0.002,2,55,0.08457835228182375,0.08792085375495126,0.8,0.8,0.5963634276948869,0.68,0.003342501473127507,0.0,1.1402443014126338,1,1,1,1,1.2430108781305845e-07
2p,development,0.002,2,56,0.07648825752548874,0.0760170292541946,0.8,0.8,0.40097113272175194,0.39,0.000471228271294144,0.0,1.0281311095429537,1,1,1,1,1.0177387965933264e-07
2p,development,0.002,2,57,0.17596161058172588,0.17978837165847097,0.8,0.8,0.9131616789381951,0.97,0.0038267610767450944,0.0,1.0622434365926254,1,1,1,1,1.8205429401523868e-07
2p,development,0.002,2,58,0.1312818421982229,0.13235242728020027,0.8,0.8,0.24040075114928186,0.25,0.0010705850819773821,0.0,1.039930194913398,1,1,1,1,1.1738743787301976e-07
2p,development,0.002,2,59,0.11647879141382875,0.11415703703778388,0.8,0.8,0.717787201795727,0.67,0.002321754376044871,0.0,1.071324181784667,1,1,1,1,9.864869825604868e-08
2p,development,0.002,2,60,0.09066211613826455,0.09064642391096024,0.8,0.8,0.05097881891764701,0.05000000000000001,1.5692227304311968e-05,0.0,1.01957637835294,1,1,1,1,1.1644479997222915e-07
2p,development,0.002,2,61,0.16171291833743456,0.1644429760994279,0.8,0.8,0.5283647052943706,0.56,0.0027300577619933375,0.0,1.0598739741482246,1,1,1,1,1.7510457556173412e-07
2p,development,0.002,2,62,0.18295743977651002,0.18463144803166273,0.8,0.8,0.3351737666502595,0.35000000000000003,0.0016740082551527091,0.0,1.0442344682816753,1,1,1,1,1.7087573082459843e-07
2p,development,0.002,2,63,0.06473182919435204,0.06819530913427364,0.8,0.8,0.8473649361450225,0.99,0.0034634799399216043,0.0,1.1683277862592207,1,1,1,1,1.0287238969256756e-07
2p,development,0.002,2,64,0.06626062099821867,0.06933276467744386,0.8,0.8,0.41945969660766425,0.5,0.0030721436792251894,0.0,1.192009635356381,1,1,1,1,1.0543155436548803e-07
2p,development,0.002,2,65,0.18128159139305355,0.18280233301601262,0.8,0.8,0.8973289814218879,0.92,0.0015207416229590653,0.0,1.0252650020755911,1,1,1,1,1.22121413565376e-07
2p,development,0.002,2,66,0.16033061984926464,0.1609644685137957,0.8,0.8,0.22432726167142392,0.23,0.0006338486645310615,0.0,1.0252877794981738,1,1,1,1,1.4434594525129244e-07
2p,development,0.002,2,67,0.0918985024560243,0.09056283431182696,0.8,0.8,0.737001829603687,0.7000000000000001,0.0013356681441973328,0.0,1.0528597565766955,1,1,1,1,1.3812975806501206e-07
2p,development,0.002,2,68,0.1177151777315885,0.11592535392481051,0.8,0.8,0.03466366710141301,0.010000000000000004,0.0017898238067779876,0.0,3.4663667101413,1,1,0,0,1.3592255482831708e-07
2p,development,0.002,2,69,0.12989954371005297,0.12725751051539821,0.8,0.8,0.5473376117553562,0.51,0.0026420331946547526,0.0,1.073211003441875,1,1,1,1,1.2663194146994933e-07
2p,development,0.002,2,70,0.17428576219826938,0.17389401008513655,0.8,0.8,0.35390405188314616,0.35000000000000003,0.00039175211313283165,0.0,1.0111544339518461,1,1,1,1,1.3609786092579592e-07
2p,development,0.002,2,71,0.07801704932935537,0.08003948307500881,0.8,0.8,0.8317739009670914,0.9,0.002022433745653446,0.0,1.0820248134181454,1,1,1,1,1.0371072973366858e-07
2p,development,0.002,2,72,0.08392876065336169,0.08223683863900078,0.8,0.8,0.1599541492573917,0.13,0.0016919220143609137,0.0,1.230416532749167,1,1,0,0,1.3113542363002598e-07
2p,development,0.002,2,73,0.163768304605037,0.16292912179369798,0.8,0.8,0.668700953675434,0.66,0.0008391828113390176,0.0,1.013183263144597,1,1,1,1,1.2772946341458507e-07
2p,development,0.002,2,74,0.14282477172091607,0.143215613132593,0.8,0.8,0.475207197656855,0.48000000000000004,0.0003908414116769454,0.0,1.0100857107526513,1,1,1,1,1.1908059225350596e-07
2p,development,0.002,2,75,0.10956034786067904,0.11125692767220643,0.8,0.8,0.956883337367326,1.0,0.0016965798115273906,0.0,1.0450594768964219,1,1,1,1,9.101854539520095e-08
2p,development,0.002,2,76,0.09787945500575007,0.0975776019864768,0.8,0.8,0.2933829912636429,0.29000000000000004,0.00030185301927326824,0.0,1.01166548711601,1,1,1,1,1.271543704783779e-07
2p,development,0.002,2,77,0.1498915498144925,0.14908407738968957,0.8,0.8,0.7750595108419657,0.76,0.0008074724248029186,0.0,1.0198151458446916,1,1,1,1,1.5685091305147642e-07
2p,development,0.002,2,78,0.19427490727975966,0.19016020348026355,0.8,0.8,0.10199759494513273,0.06999999999999998,0.0041147037994961055,0.0,1.4571084992161822,1,1,0,0,1.9837585001782246e-07
2p,development,0.002,2,79,0.05818304321728647,0.05636291187454833,0.8,0.8,0.6107440785039217,0.55,0.001820131342738139,0.0,1.1104437790980393,1,1,1,1,1.0833239243962827e-07
2p,development,0.002,2,80,0.052389157284051184,0.057284611361651194,0.8,0.8,0.10627780390903353,0.24000000000000005,0.00489545407760001,0.0,2.258232586414972,1,1,0,0,8.562818291005339e-08
2p,development,0.002,2,81,0.19992279163561766,0.1995219809447596,0.8,0.8,0.5841470610629768,0.5800000000000001,0.00040081069085806664,0.0,1.0071501052809944,1,1,1,1,1.278822846500588e-07
2p,development,0.002,2,82,0.1458732356783003,0.14562536652846944,0.8,0.8,0.2822748088743538,0.28,0.00024786914983085384,0.0,1.0081243174084062,1,1,1,1,1.2574546382112002e-07
2p,development,0.002,2,83,0.10175065891817213,0.09750201132659772,0.8,0.8,0.7949493454582989,0.7000000000000001,0.004248647591574409,0.0,1.135641922083284,1,1,1,1,1.2047747335478785e-07
2p,development,0.002,2,84,0.11343402387574317,0.1131411258158997,0.8,0.8,0.47171618075110017,0.47000000000000003,0.0002928980598434633,0.0,1.0036514484065961,1,1,1,1,1.2858276049706234e-07
2p,development,0.002,2,85,0.1388042715843767,0.1374630874817082,0.8,0.8,0.9843901530653238,0.9600000000000001,0.00134118410266848,0.0,1.0254064094430455,1,1,1,1,1.1749854643129403e-07
2p,development,0.002,2,86,0.1694186521228403,0.17496961236362077,0.8,0.8,0.17208588372915984,0.22,0.0055509602407804726,0.0,1.2784314159449044,0,1,0,0,1.3278085674814962e-07
2p,development,0.002,2,87,0.07813269766047598,0.07882203368815972,0.8,0.8,0.6499557641614229,0.67,0.0006893360276837429,0.0,1.0308393846840305,1,1,1,1,1.2510647730788522e-07
2p,development,0.002,2,88,0.07238516826182605,0.06887662352951819,0.8,0.8,0.3493860419560224,0.27,0.0035085447323078556,0.0,1.2940223776148978,1,1,0,0,1.3805589585980725e-07
2p,development,0.002,2,89,0.18006360908038915,0.18168545707775266,0.8,0.8,0.8581328740343451,0.88,0.001621847997363507,0.0,1.025482214500012,1,1,1,1,1.2356987520363854e-07
2p,development,0.002,2,90,0.12600775887258353,0.12732123133663048,0.8,0.8,0.04600965045392513,0.06,0.0013134724640469497,0.0,1.3040742411221977,1,1,0,0,1.2206784188147229e-07
2p,development,0.002,2,91,0.12175410855561496,0.12088513955659667,0.8,0.8,0.527685821512714,0.51,0.0008689689990182825,0.0,1.0346780813974785,1,1,1,1,9.562750060960145e-08
2p,development,0.002,2,92,0.09593504164367915,0.09800796518976078,0.8,0.8,0.22758047761395575,0.26,0.0020729235460816287,0.0,1.1424530026737945,1,1,1,1,1.2117183026745167e-07
2p,development,0.002,2,93,0.15644094054587188,0.15693703736214723,0.8,0.8,0.709256969531998,0.72,0.0004960968162753543,0.0,1.015146880368466,1,1,1,1,1.2527700842741263e-07
2p,development,0.002,2,94,0.187057037698105,0.19073208891128696,0.8,0.8,0.40756576309911907,0.44,0.003675051213181957,0.0,1.0795803765612004,1,1,1,1,1.5321872886383536e-07
2p,development,0.002,2,95,0.060630854405462745,0.062499207277853734,0.8,0.8,0.9163122153095901,1.0,0.0018683528723909895,0.0,1.0913310804899996,1,1,1,1,9.25534544381112e-08
2p,development,0.002,3,0,0.06849860241636635,0.06839270909446828,0.8,0.8,0.010648727621883155,0.010000000000000004,0.00010589332189807343,0.0,1.0648727621883152,1,1,1,1,1.1833903518986117e-07
2p,development,0.002,3,1,0.18381286370567979,0.18159233878196873,0.8,0.8,0.5542002195399255,0.53,0.0022205249237110536,0.0,1.045660791584765,1,1,1,1,1.817585284818454e-07
2p,development,0.002,3,2,0.15788195985369385,0.1544033679386326,0.8,0.8,0.37604771069251003,0.3400000000000001,0.003478591915061252,0.0,1.1060226785073821,1,1,1,1,1.405261515958626e-07
2p,development,0.002,3,3,0.0897425605915487,0.08699664485118065,0.8,0.8,0.8229191629029811,0.75,0.002745915740368046,0.0,1.097225550537308,1,1,1,1,9.24810111176149e-08
2p,development,0.002,3,4,0.12017345791682603,0.12004026145362734,0.8,0.8,0.4418443391565233,0.44,0.00013319646319868983,0.0,1.0041916799011894,1,1,1,1,1.3938889470879658e-07
2p,development,0.002,3,5,0.13206517728976908,0.13083968291294432,0.8,0.8,0.8887161712348461,0.86,0.0012254943768247595,0.0,1.0333908967847047,1,1,1,1,1.0494646260540732e-07
2p,development,0.002,3,6,0.17205625656060877,0.16859974155888002,0.8,0.8,0.20007133845239877,0.17,0.0034565150017287494,0.0,1.176890226190581,1,1,1,1,1.7826146090759857e-07
2p,development,0.002,3,7,0.07549432432278991,0.07230470812221107,0.8,0.8,0.7436225095111877,0.65,0.0031896162005788375,0.0,1.1440346300172117,1,1,1,1,9.956512174245911e-08
2p,development,0.002,3,8,0.08615823052823544,0.08207047456366988,0.8,0.8,0.31570792448706925,0.24000000000000005,0.004087755964565565,0.0,1.3154496853627882,1,1,0,0,1.1760313193110446e-07
2p,development,0.002,3,9,0.1662910653743893,0.16221933039645955,0.8,0.8,0.7665068968012929,0.7100000000000001,0.0040717349779297585,0.0,1.0795871785933702,1,1,1,1,1.6226341789118979e-07
2p,development,0.002,3,10,0.14036645577289164,0.13879957806495852,0.8,0.8,0.07768053144216537,0.06,0.001566877707933123,0.0,1.2946755240360897,1,1,0,0,1.53181857567326e-07
2p,development,0.002,3,11,0.10739475004374982,0.1085838520736858,0.8,0.8,0.6174254118744283,0.64,0.0011891020299359817,0.0,1.0365624538469156,1,1,1,1,1.3194783774457997e-07
2p,development,0.002,3,12,0.10032807923853398,0.09654865678590646,0.8,0.8,0.13587950045242905,0.07999999999999999,0.0037794224526275233,0.0,1.6984937556553634,1,1,0,0,1.1416774977486054e-07
2p,development,0.002,3,13,0.15204752744175495,0.14885582334794137,0.8,0.8,0.6756237576063723,0.63,0.0031917040938135854,0.0,1.0724186628672576,1,1,1,1,1.5753864987860514e-07
2p,development,0.002,3,14,0.19203689009882513,0.19319172963781817,0.8,0.8,0.49728971618227663,0.51,0.0011548395389930355,0.0,1.0255591125336374,1,1,1,1,1.298406239955566e-07
2p,development,0.002,3,15,0.055651806667447096,0.05479062694800621,0.8,0.8,0.9480892527662218,0.91,0.0008611797194408854,0.0,1.0418563217211227,1,1,1,1,9.490796966109988e-08
2p,development,0.002,3,16,0.050150210270658135,0.05000261066653647,0.8,0.8,0.4477014256734401,0.44,0.00014759960412166762,0.0,1.0175032401669093,1,1,1,1,9.506980361485573e-08
2p,development,0.002,3,17,0.19739119745790962,0.1981765376247121,0.8,0.8,0.9912529452517629,1.0,0.000785340166802484,0.0,1.0088242408662054,1,1,1,1,1.482183228203766e-07
2p,development,0.002,3,18,0.14832264669239523,0.1497643471232948,0.8,0.8,0.1942293581366539,0.21,0.001441700430899584,0.0,1.0811959737428074,1,1,1,1,1.6347905763260282e-07
2p,development,0.002,3,19,0.1039068511221558,0.10283023077315646,0.8,0.8,0.6411008416954428,0.62,0.0010766203489993298,0.0,1.034033615637811,1,1,1,1,1.517065441700316e-07
2p,development,0.002,3,20,0.11097592250443997,0.10961073518492959,0.8,0.8,0.12866274887695908,0.11000000000000001,0.0013651873195103803,0.0,1.1696613534269007,1,1,1,1,1.468662938880243e-07
2p,development,0.002,3,21,0.13663946054875853,0.1340815101990108,0.8,0.8,0.5755345532950014,0.54,0.002557950349747734,0.0,1.0658047283240766,1,1,1,1,8.296892086983492e-08
2p,development,0.002,3,22,0.1716477643698454,0.16626070785570113,0.8,0.8,0.2580185832362622,0.21,0.005387056514144284,0.0,1.2286599201726771,0,1,0,0,1.4501700221630976e-07
2p,development,0.002,3,23,0.0806545285973698,0.08101307106510769,0.8,0.8,0.8015697229467332,0.81,0.00035854246773789344,0.0,1.0105172099343716,1,1,1,1,1.3516015963963536e-07
2p,development,0.002,3,24,0.07015602025203407,0.07441447055611217,0.8,0.8,0.2499052264355123,0.3400000000000001,0.004258450304078093,0.0,1.3605157637138758,1,1,0,0,1.0227266651562788e-07
2p,development,0.002,3,25,0.1775418139062822,0.17334021870256366,0.8,0.8,0.7007041710894555,0.65,0.0042015952037185444,0.0,1.0780064170607007,1,1,1,1,1.4018079494226232e-07
2p,development,0.002,3,26,0.12846582448109986,0.12822305708212894,0.8,0.8,0.3832488839980215,0.38,0.0002427673989709167,0.0,1.0085496947316355,1,1,1,1,1.6813359869059024e-07
2p,development,0.002,3,27,0.12391895535402002,0.1227328714944674,0.8,0.8,0.9229937330819666,0.9,0.001186083859552614,0.0,1.0255485923132963,1,1,1,1,1.3778747251255282e-07
2p,development,0.002,3,28,0.09348559486679733,0.09381939845261182,0.8,0.8,0.3253110907319933,0.33,0.00033380358581448777,0.0,1.0144136163862598,1,1,1,1,1.2729527842784434e-07
2p,development,0.002,3,29,0.15428478410467505,0.15190092293279395,0.8,0.8,0.8650553755462169,0.8300000000000001,0.0023838611718811076,0.0,1.0422353922243577,1,1,1,1,9.18504759305149e-08
2p,development,0.002,3,30,0.18929594894871116,0.19078940715164816,0.8,0.8,0.06809247139841318,0.07999999999999999,0.0014934582029370036,0.0,1.1748729096923967,1,1,1,1,1.7427288331233928e-07
2p,development,0.002,3,31,0.06316248434595764,0.06013226809962449,0.8,0.8,0.5188920393306762,0.43,0.0030302162463331506,0.0,1.2067256728620377,1,1,0,0,8.621108239541835e-08
2p,development,0.002,3,32,0.05981560116633773,0.05723536081065344,0.8,0.8,0.36280083080753683,0.29000000000000004,0.002580240355684292,0.0,1.2510373476121959,1,1,0,0,8.653795381192329e-08
2p,development,0.002,3,33,0.18772523435764016,0.18626492049466395,0.8,0.8,0.8439939242880792,0.8200000000000001,0.0014603138629762091,0.0,1.0292608832781454,1,1,1,1,1.2774574988241801e-07
2p,development,0.002,3,34,0.15740266921930018,0.1613409138826823,0.8,0.8,0.03211338094435632,0.06999999999999998,0.003938244663382107,0.0,2.1797767143014553,1,1,0,0,1.6970102347971861e-07
2p,development,0.002,3,35,0.0948274007998407,0.09116114790872468,0.8,0.8,0.5403764347173273,0.47000000000000003,0.003666252891116023,0.0,1.1497370951432495,1,1,1,1,1.0361367995900987e-07
2p,development,0.002,3,36,0.1206464677117765,0.11565220809530373,0.8,0.8,0.21392587044276298,0.15000000000000002,0.0049942596164727765,0.0,1.4261724696184197,1,1,0,0,1.1583652017389766e-07
2p,development,0.002,3,37,0.12696948754601184,0.12456400006818334,0.8,0.8,0.7221893040835857,0.68,0.002405487477828497,0.0,1.0620430942405672,1,1,1,1,8.770375291066514e-08
2p,development,0.002,3,38,0.1807318057399243,0.1817691558198747,0.8,0.8,0.42073883060365913,0.43,0.0010373500799503999,0.0,1.0220116821236902,1,1,1,1,1.3782672672393354e-07
2p,development,0.002,3,39,0.07156991502270103,0.07241090663798065,0.8,0.8,0.901931603224948,0.9400000000000001,0.0008409916152796182,0.0,1.042207631530966,1,1,1,1,1.0406132565160026e-07
2p,development,0.002,3,40,0.07982656098902226,0.08139892539456321,0.8,0.8,0.08778921973891556,0.12000000000000001,0.0015723644055409547,0.0,1.366910428830317,1,1,0,0,1.237024807007462e-07
2p,development,0.002,3,41,0.16787184537388386,0.16471690700688782,0.8,0.8,0.5999797936156392,0.56,0.0031549383669960407,0.0,1.0713924885993558,1,1,1,1,1.2453851335582444e-07
2p,development,0.002,3,42,0.1375498524401337,0.13763850364731287,0.8,0.8,0.2983482596278191,0.3,8.865120717915786e-05,0.0,1.005536282913939,1,1,1,1,1.7075957514908698e-07
2p,development,0.002,3,43,0.11483435519039632,0.11647681437864249,0.8,0.8,0.775734741622582,0.81,0.0016424591882461675,0.0,1.0441713597946463,1,1,1,1,1.0923384302974695e-07
2p,development,0.002,3,44,0.10315099023282528,0.10393408730380634,0.8,0.8,0.4880313676036894,0.5,0.0007830970709810509,0.0,1.0245243096874663,1,1,1,1,1.204101432530857e-07
2p,development,0.002,3,45,0.14461881653405728,0.14422429322970384,0.8,0.8,0.9654172263201326,0.9600000000000001,0.0003945233043534391,0.0,1.0056429440834713,1,1,1,1,1.2834412000077709e-07
2p,development,0.002,3,46,0.1983759848866612,0.1980611447769276,0.8,0.8,0.15335562246851625,0.15000000000000002,0.000314840109733594,0.0,1.0223708164567749,1,1,1,1,1.6227942719113e-07
2p,development,0.002,3,47,0.05408302061259747,0.0560153420163664,0.8,0.8,0.6655467606149614,0.74,0.0019323214037689287,0.0,1.1118677811852682,1,1,1,1,1.0118580147285535e-07
2p,development,0.002,3,48,0.05883263484574855,0.06392915538750513,0.8,0.8,0.17336891782470049,0.3,0.005096520541756577,0.0,1.7304139851835536,0,1,0,0,1.0714650956996065e-07
2p,development,0.002,3,49,0.19347825907170774,0.1975481185675384,0.8,0.8,0.6545620389655232,0.7000000000000001,0.004069859495830663,0.0,1.0694173482872418,1,1,1,1,1.3852107573994663e-07
2p,development,0.002,3,50,0.1488024961203337,0.15282670986023636,0.8,0.8,0.46131088942289356,0.51,0.004024213739902666,0.0,1.1055451143544806,1,1,1,1,1.405235897812713e-07
2p,development,0.002,3,51,0.09882259652949871,0.09975019564298379,0.8,0.8,0.9695739745441824,1.0,0.0009275991134850836,0.0,1.031380819055216,1,1,1,1,7.793673314763123e-08
2p,development,0.002,3,52,0.11050348938442768,0.10710746793381859,0.8,0.8,0.2797284191288054,0.23,0.0033960214506090908,0.0,1.2162105179513278,1,1,0,0,1.255573566139854e-07
2p,development,0.002,3,53,0.14173571802675727,0.14109391033938493,0.8,0.8,0.7879918251093477,0.78,0.0006418076873723477,0.0,1.010245929627369,1,1,1,1,8.113978310044447e-08
2p,development,0.002,3,54,0.16297165639698508,0.16347110078593158,0.8,0.8,0.11517068642191589,0.12000000000000001,0.0004994443889465017,0.0,1.0419317946963729,1,1,1,1,1.5626295639791673e-07
2p,development,0.002,3,55,0.08457835228182375,0.08489649167308662,0.8,0.8,0.5963634276948869,0.6,0.0003181393912628644,0.0,1.0060979130111474,1,1,1,1,1.1414563912286239e-07
2p,development,0.002,3,56,0.07648825752548874,0.07800155693760714,0.8,0.8,0.40097113272175194,0.43,0.0015132994121184046,0.0,1.072396401908544,1,1,1,1,1.0591655455063881e-07
2p,development,0.002,3,57,0.17596161058172588,0.17719722829901466,0.8,0.8,0.9131616789381951,0.93,0.0012356177172887783,0.0,1.0184395835372595,1,1,1,1,1.5370695443916502e-07
2p,development,0.002,3,58,0.1312818421982229,0.1331090475320223,0.8,0.8,0.24040075114928186,0.26,0.0018272053337994032,0.0,1.081527402709934,1,1,1,1,1.2810688993959514e-07
2p,development,0.002,3,59,0.11647879141382875,0.11195890048834785,0.8,0.8,0.717787201795727,0.63,0.004519890925480899,0.0,1.1393447647551223,1,1,1,1,9.512276517012684e-08
2p,development,0.002,3,60,0.09066211613826455,0.08880792151369919,0.8,0.8,0.05097881891764701,0.02,0.0018541946245653612,0.0,2.54894094588235,1,1,0,0,1.2932297762907585e-07
2p,development,0.002,3,61,0.16171291833743456,0.16414758081044842,0.8,0.8,0.5283647052943706,0.56,0.0024346624730138544,0.0,1.0598739741482246,1,1,1,1,1.3433527368519322e-07
2p,development,0.002,3,62,0.18295743977651002,0.1834827061710594,0.8,0.8,0.3351737666502595,0.3400000000000001,0.0005252663945493896,0.0,1.0143991977593418,1,1,1,1,1.5390778619488343e-07
2p,development,0.002,3,63,0.06473182919435204,0.06617218782222699,0.8,0.8,0.8473649361450225,0.91,0.0014403586278749492,0.0,1.0739174600968595,1,1,1,1,9.169505513301047e-08
2p,development,0.002,3,64,0.06626062099821867,0.06629759162471255,0.8,0.8,0.41945969660766425,0.42000000000000004,3.697062649388183e-05,0.0,1.00128809369936,1,1,1,1,7.897091406956619e-08
2p,development,0.002,3,65,0.18128159139305355,0.17890297634474708,0.8,0.8,0.8973289814218879,0.86,0.0023786150483064705,0.0,1.0434057923510325,1,1,1,1,1.4651718773803154e-07
2p,development,0.002,3,66,0.16033061984926464,0.15896077075414353,0.8,0.8,0.22432726167142392,0.21,0.0013698490951211117,0.0,1.0682250555782091,1,1,1,1,1.3457949394481133e-07
2p,development,0.002,3,67,0.0918985024560243,0.09169773533185444,0.8,0.8,0.737001829603687,0.73,0.00020076712416985942,0.0,1.009591547402311,1,1,1,1,1.0857555832631166e-07
2p,development,0.002,3,68,0.1177151777315885,0.11576824546675762,0.8,0.8,0.03466366710141301,0.010000000000000004,0.0019469322648308779,0.0,3.4663667101413,1,1,0,0,1.286419291830737e-07
2p,development,0.002,3,69,0.12989954371005297,0.1320989669168132,0.8,0.8,0.5473376117553562,0.5800000000000001,0.002199423206760226,0.0,1.0596750297131836,1,1,1,1,1.4791193736967683e-07
2p,development,0.002,3,70,0.17428576219826938,0.17389115726385992,0.8,0.8,0.35390405188314616,0.35000000000000003,0.0003946049344094593,0.0,1.0111544339518461,1,1,1,1,1.367029612487586e-07
2p,development,0.002,3,71,0.07801704932935537,0.07648141475573339,0.8,0.8,0.8317739009670914,0.78,0.0015356345736219773,0.0,1.0663767961116555,1,1,1,1,1.0404533051445397e-07
2p,development,0.002,3,72,0.08392876065336169,0.079637543882464,0.8,0.8,0.1599541492573917,0.07999999999999999,0.004291216770897693,0.0,1.9994268657173966,1,1,0,0,1.0528849420087556e-07
2p,development,0.002,3,73,0.163768304605037,0.16548179528730866,0.8,0.8,0.668700953675434,0.6900000000000001,0.0017134906822716678,0.0,1.0318513772225064,1,1,1,1,1.4505660691920074e-07
2p,development,0.002,3,74,0.14282477172091607,0.1414268996755984,0.8,0.8,0.475207197656855,0.46,0.0013978720453176607,0.0,1.033059125340989,1,1,1,1,1.474662970444038e-07
2p,development,0.002,3,75,0.10956034786067904,0.1110651486143058,0.8,0.8,0.956883337367326,1.0,0.0015048007536267588,0.0,1.0450594768964219,1,1,1,1,8.882692259258159e-08
2p,development,0.002,3,76,0.09787945500575007,0.10214168788443131,0.8,0.8,0.2933829912636429,0.36000000000000004,0.0042622328786812436,0.0,1.2270649994037761,1,1,0,0,1.4468129131860498e-07
2p,development,0.002,3,77,0.1498915498144925,0.15024161259730467,0.8,0.8,0.7750595108419657,0.78,0.0003500627828121883,0.0,1.0063743352464218,1,1,1,1,1.3858769873515222e-07
2p,development,0.002,3,78,0.19427490727975966,0.1889091876257992,0.8,0.8,0.10199759494513273,0.06,0.00536571965396046,0.0,1.6999599157522123,0,1,0,0,1.845656989130046e-07
2p,development,0.002,3,79,0.05818304321728647,0.05827375344378341,0.8,0.8,0.6107440785039217,0.61,9.071022649694005e-05,0.0,1.001219800826101,1,1,1,1,8.933862317643688e-08
2p,development,0.002,3,80,0.052389157284051184,0.05013692062385274,0.8,0.8,0.10627780390903353,0.04000000000000001,0.0022522366601984423,0.0,2.656945097725838,1,1,0,0,6.527481380967589e-08
2p,development,0.002,3,81,0.19992279163561766,0.19937528297056145,0.8,0.8,0.5841470610629768,0.5800000000000001,0.0005475086650562067,0.0,1.0071501052809944,1,1,1,1,2.0685612005083182e-07
2p,development,0.002,3,82,0.1458732356783003,0.15037673292865386,0.8,0.8,0.2822748088743538,0.33,0.004503497250353566,0.0,1.1690735043483447,1,1,1,1,1.164970946568923e-07
2p,development,0.002,3,83,0.10175065891817213,0.10401557574410301,0.8,0.8,0.7949493454582989,0.85,0.002264916825930885,0.0,1.0692505187358368,1,1,1,1,1.1008345266979435e-07
2p,development,0.002,3,84,0.11343402387574317,0.11775147363995271,0.8,0.8,0.47171618075110017,0.54,0.004317449764209544,0.0,1.1447561521849292,1,1,1,1,1.0900490656362924e-07
2p,development,0.002,3,85,0.1388042715843767,0.13736265412252094,0.8,0.8,0.9843901530653238,0.9600000000000001,0.0014416174618557542,0.0,1.0254064094430455,1,1,1,1,1.1867809493840143e-07
2p,development,0.002,3,86,0.1694186521228403,0.17489698298259965,0.8,0.8,0.17208588372915984,0.22,0.0054783308597593505,0.0,1.2784314159449044,0,1,0,0,1.4055977252470753e-07
2p,development,0.002,3,87,0.07813269766047598,0.07908590268265953,0.8,0.8,0.6499557641614229,0.67,0.0009532050221835453,0.0,1.0308393846840305,1,1,1,1,1.0124777594665728e-07
2p,development,0.002,3,88,0.07238516826182605,0.07201732752885777,0.8,0.8,0.3493860419560224,0.3400000000000001,0.00036784073296827757,0.0,1.0276060057530068,1,1,1,1,9.69553094295941e-08
2p,development,0.002,3,89,0.18006360908038915,0.180859147315402,0.8,0.8,0.8581328740343451,0.87,0.0007955382350128548,0.0,1.0138290075170573,1,1,1,1,1.4801395716699627e-07
2p,development,0.002,3,90,0.12600775887258353,0.12383153763212423,0.8,0.8,0.04600965045392513,0.02,0.0021762212404592973,0.0,2.3004825226962566,1,1,0,0,1.3648526367891382e-07
2p,development,0.002,3,91,0.12175410855561496,0.1199106816463116,0.8,0.8,0.527685821512714,0.5,0.00184342690930335,0.0,1.055371643025428,1,1,1,1,1.2278995245783932e-07
2p,development,0.002,3,92,0.09593504164367915,0.09868980449003756,0.8,0.8,0.22758047761395575,0.27,0.002754762846358408,0.0,1.1863935027766328,1,1,1,1,1.2995271937566182e-07
2p,development,0.002,3,93,0.15644094054587188,0.15777312153379777,0.8,0.8,0.709256969531998,0.73,0.0013321809879258961,0.0,1.029246142595806,1,1,1,1,1.551636725578432e-07
2p,development,0.002,3,94,0.187057037698105,0.1882214454839508,0.8,0.8,0.40756576309911907,0.42000000000000004,0.0011644077858458113,0.0,1.0305085412629642,1,1,1,1,1.4651167977405268e-07
2p,development,0.002,3,95,0.060630854405462745,0.05960325568779249,0.8,0.8,0.9163122153095901,0.86,0.0010275987176702542,0.0,1.0654793201274304,1,1,1,1,8.47759939624097e-08
2p,full,0.0,0,0,0.03738024737685919,0.03744356590037976,0.8,0.8,0.9851483508571982,0.99,6.331852352057382e-05,0.0,1.0049247904019534,1,1,1,1,8.125783615360538e-13
2p,full,0.0,0,1,0.10735834538936616,0.10730538698872527,0.8,0.8,0.3808224283065647,0.38,5.2958400640887304e-05,0.0,1.0021642850172756,1,1,1,1,4.952184253322288e-13
2p,full,0.0,0,2,0.18043240252882242,0.1803469524818387,0.8,0.8,0.7511071711871773,0.75,8.54500469837094e-05,0.0,1.0014762282495697,1,1,1,1,1.4706953641768118e-12
2p,full,0.0,0,3,0.0502196591347456,0.050224296925384423,0.8,0.8,0.11986220283433795,0.12000000000000001,4.637790638820083e-06,0.0,1.001149629844969,1,1,1,1,3.200754376547131e-15
2p,full,0.0,0,4,0.07690282724797726,0.07707086437153017,0.8,0.8,0.5059387106262148,0.51,0.00016803712355291378,0.0,1.0080272358854663,1,1,1,1,5.304861642852675e-12
2p,full,0.0,0,5,0.1537976274266839,0.15389481251344758,0.8,0.8,0.14905729048885405,0.15000000000000002,9.718508676367921e-05,0.0,1.0063244777095721,1,1,1,1,1.4372962858510815e-12
2p,full,0.0,0,6,0.13379917293787003,0.1339773195440016,0.8,0.8,0.7668387325759977,0.77,0.0001781466061315795,0.0,1.0041224670712483,1,1,1,1,6.408473919621322e-12
2p,full,0.0,0,7,0.010890919528901578,0.010870319182666508,0.8,0.8,0.38315870318561795,0.38,2.060034623506922e-05,0.0,1.0083123768042577,1,1,1,1,7.498122600556742e-14
2p,full,0.0,0,8,0.01883772071450949,0.018798183837532317,0.8,0.8,0.6343946767691523,0.63,3.9536876977171176e-05,0.0,1.0069756774113527,1,1,1,1,3.06844853372907e-13
2p,full,0.0,0,9,0.14897253662347795,0.14891291406600843,0.8,0.8,0.020615958478301763,0.02,5.962255746952416e-05,0.0,1.0307979239150882,1,1,1,1,4.862798991505662e-13
2p,full,0.0,0,10,0.16342899892479182,0.1635630785979268,0.8,0.8,0.8878326465561986,0.89,0.0001340796731349736,0.0,1.0024411734038035,1,1,1,1,3.659692202052262e-12
2p,full,0.0,0,11,0.09337013624608517,0.09323821972697968,0.8,0.8,0.26218036747537554,0.26,0.00013191651910549052,0.0,1.0083860287514443,1,1,1,1,2.860775831470567e-12
2p,full,0.0,0,12,0.0669310610741377,0.06703041899575343,0.8,0.8,0.8661491045262665,0.87,9.935792161573642e-05,0.0,1.004445996022636,1,1,1,1,2.009045493642825e-12
2p,full,0.0,0,13,0.18991724196821452,0.18993708450245653,0.8,0.8,0.4998070405051112,0.5,1.9842534242003884e-05,0.0,1.0003860679807426,1,1,1,1,7.371671919738002e-14
2p,full,0.0,0,14,0.12228752076625825,0.1220208035824464,0.8,0.8,0.6245241969637573,0.62,0.0002667171838118543,0.0,1.0072970918770279,1,1,1,1,1.3924076951561024e-11
2p,full,0.0,0,15,0.04547348525375128,0.045579532180109544,0.8,0.8,0.2464295987877995,0.25,0.0001060469263582664,0.0,1.0144885242266493,1,1,1,1,1.8333087739896184e-12
2p,full,0.0,0,16,0.039005095884203915,0.03900705192302412,0.8,0.8,0.5799001836590469,0.5800000000000001,1.956038820208339e-06,0.0,1.0001721267620978,1,1,1,1,7.388599499609001e-16
2p,full,0.0,0,17,0.11825824026018382,0.11842483314023312,0.8,0.8,0.19788092360831797,0.2,0.0001665928800493044,0.0,1.010708846275028,1,1,1,1,4.3758995581935504e-12
2p,full,0.0,0,18,0.19434170722961427,0.19452978786943037,0.8,0.8,0.8175950005557389,0.8200000000000001,0.00018808063981609613,0.0,1.002941553510756,1,1,1,1,7.180812091910487e-12
2p,full,0.0,0,19,0.07378550376743079,0.07398565430784343,0.8,0.8,0.45518373530358075,0.46,0.00020015054041264135,0.0,1.010580924411122,1,1,1,1,7.358428328003888e-12
2p,full,0.0,0,20,0.09715106841176749,0.09731505331027583,0.8,0.8,0.9353568144515156,0.9400000000000001,0.00016398489850834308,0.0,1.0049640794579628,1,1,1,1,5.468870191935943e-12
2p,full,0.0,0,21,0.17102540582418443,0.17146933608956655,0.8,0.8,0.30589529431425033,0.31,0.0004439302653821142,0.0,1.0134186624052244,1,1,1,1,3.336696535870752e-11
2p,full,0.0,0,22,0.14176829848438502,0.14189059509732996,0.8,0.8,0.6781145603302866,0.68,0.00012229661294493877,0.0,1.0027804146673907,1,1,1,1,2.9715976825712337e-12
2p,full,0.0,0,23,0.015445881709456445,0.015464965428429818,0.8,0.8,0.06813989033922553,0.06999999999999998,1.9083718973373492e-05,0.0,1.0272983952793897,1,1,1,1,5.2020717566623875e-14
2p,full,0.0,0,24,0.004813533648848534,0.004820005172256665,0.8,0.8,0.8066906025167555,0.81,6.471523408131154e-06,0.0,1.0041024371337905,1,1,1,1,8.494196048468642e-15
2p,full,0.0,0,25,0.12547188792377711,0.12514429348841447,0.8,0.8,0.4345468721166253,0.43,0.0003275944353626492,0.0,1.0105741212014543,1,1,1,1,1.9471216810726445e-11
2p,full,0.0,0,26,0.1617358312010765,0.16195707140434548,0.8,0.8,0.5573332524858415,0.56,0.00022124020326896865,0.0,1.0047848347505988,1,1,1,1,9.381259792937097e-12
2p,full,0.0,0,27,0.08258805628865958,0.08264826751567345,0.8,0.8,0.18890561991371216,0.19,6.0211227013870494e-05,0.0,1.0057932637831937,1,1,1,1,5.678355023675872e-13
2p,full,0.0,0,28,0.05907605495303869,0.059110864464682986,0.8,0.8,0.6986871779058129,0.7000000000000001,3.4809511644293134e-05,0.0,1.0018789840943154,1,1,1,1,2.418209050580096e-13
2p,full,0.0,0,29,0.1852963209152222,0.18540633072307688,0.8,0.8,0.07910856349393725,0.07999999999999999,0.00011000980785469405,0.0,1.0112685209627281,1,1,1,1,1.7438458836517186e-12
2p,full,0.0,0,30,0.10210836175829173,0.10194632040766184,0.8,0.8,0.9443888106569648,0.9400000000000001,0.0001620413506298879,0.0,1.0046689475074093,1,1,1,1,5.338816523031844e-12
2p,full,0.0,0,31,0.028128654882311824,0.028156604059840853,0.8,0.8,0.3284055034723133,0.33,2.7949177529029007e-05,0.0,1.0048552673777622,1,1,1,1,1.339604467397674e-13
2p,full,0.0,0,32,0.027822854556143285,0.027787224918668387,0.8,0.8,0.7329427009634674,0.73,3.5629637474898085e-05,0.0,1.0040310972102293,1,1,1,1,2.5490405169577425e-13
2p,full,0.0,0,33,0.10404990427196026,0.10422008876860031,0.8,0.8,0.10755888150073588,0.11000000000000001,0.0001701844966400523,0.0,1.0226956478647227,1,1,1,1,4.272673100726862e-12
2p,full,0.0,0,34,0.18335011806339027,0.18304109232423915,0.8,0.8,0.9747772070672363,0.97,0.00030902573915111975,0.0,1.0049249557394189,1,1,1,1,1.937980597781344e-11
2p,full,0.0,0,35,0.05938651561737061,0.05936036717942842,0.8,0.8,0.3607229481264949,0.36000000000000004,2.614843794218613e-05,0.0,1.0020081892402635,1,1,1,1,1.1939031134912776e-13
2p,full,0.0,0,36,0.08607092946767808,0.08609953543496658,0.8,0.8,0.7792024197056889,0.78,2.860596728850029e-05,0.0,1.0010235854947838,1,1,1,1,1.6547115750843334e-13
2p,full,0.0,0,37,0.15671487208455803,0.15659808425235525,0.8,0.8,0.4012628076132387,0.4,0.00011678783220278599,0.0,1.0031570190330967,1,1,1,1,2.434736289060871e-12
2p,full,0.0,0,38,0.1304914053529501,0.13076859255908999,0.8,0.8,0.5259778250101954,0.53,0.000277187206139895,0.0,1.0076470428952526,1,1,1,1,1.4553859891857505e-11
2p,full,0.0,0,39,0.001332102157175541,0.0013325581174380423,0.8,0.8,0.15948880007490515,0.15999999999999998,4.5596026250135924e-07,0.0,1.0032052402730143,1,1,1,1,3.187607839902643e-17
2p,full,0.0,0,40,0.01589511428028345,0.01591927173855979,0.8,0.8,0.9059211727138609,0.91,2.4157458276337362e-05,0.0,1.0045024086079368,1,1,1,1,1.187892316198692e-13
2p,full,0.0,0,41,0.139780979976058,0.13937345725686442,0.8,0.8,0.2745284763351083,0.27,0.00040752271919358707,0.0,1.0167721345744751,1,1,1,1,2.7498478263166054e-11
2p,full,0.0,0,42,0.17301128264516594,0.17261758704910893,0.8,0.8,0.6448115522228182,0.64,0.00039369559605700877,0.0,1.0075180503481533,1,1,1,1,3.051185562748778e-11
2p,full,0.0,0,43,0.09670327752828599,0.09666262604492452,0.8,0.8,0.040640438729897144,0.04000000000000001,4.0651483361464624e-05,0.0,1.0160109682474283,1,1,1,1,2.302373905066665e-13
2p,full,0.0,0,44,0.0702629566192627,0.07018635323292538,0.8,0.8,0.6122364539001137,0.61,7.660338633731778e-05,0.0,1.0036663178690388,1,1,1,1,1.1447299413857773e-12
2p,full,0.0,0,45,0.19949999656528236,0.19972570286324062,0.8,0.8,0.22828070683404805,0.23,0.00022570629795826136,0.0,1.007531486956547,1,1,1,1,8.200078102066833e-12
2p,full,0.0,0,46,0.11309529058635236,0.11326989744311951,0.8,0.8,0.8460642584785819,0.85,0.00017460685676715104,0.0,1.0046518234070014,1,1,1,1,6.200033733491437e-12
2p,full,0.0,0,47,0.042532303370535374,0.04254507675318671,0.8,0.8,0.48945053084753454,0.49,1.2773382651334875e-05,0.0,1.0011226244897804,1,1,1,1,3.041309240398981e-14
2p,full,0.0,0,48,0.04817214906215668,0.048252966036542055,0.8,0.8,0.8357614162191749,0.8400000000000001,8.081697438537538e-05,0.0,1.00507152364128,1,1,1,1,1.3275426228814928e-12
2p,full,0.0,0,49,0.12117577102035285,0.12134535111215737,0.8,0.8,0.4674888877477497,0.47000000000000003,0.00016958009180452482,0.0,1.0053714907841944,1,1,1,1,5.309904587430183e-12
2p,full,0.0,0,50,0.19103346280753614,0.1910078592938287,0.8,0.8,0.5902693820092827,0.59,2.5603513707422865e-05,0.0,1.0004565796767504,1,1,1,1,1.2702703362587918e-13
2p,full,0.0,0,51,0.06422792617231608,0.06431369079449563,0.8,0.8,0.21797857267782092,0.22,8.576462217954606e-05,0.0,1.009273513893344,1,1,1,1,1.1758859993682752e-12
2p,full,0.0,0,52,0.08759243581444026,0.08776470628699615,0.8,0.8,0.6657489240728319,0.67,0.00017227047255588546,0.0,1.0063854041267712,1,1,1,1,5.880714576516398e-12
2p,full,0.0,0,53,0.16771744154393675,0.1677136867154408,0.8,0.8,0.050033958489075304,0.05000000000000001,3.7548284959609823e-06,0.0,1.0006791697815058,1,1,1,1,1.981202615676625e-15
2p,full,0.0,0,54,0.14468572791665793,0.14493603292881269,0.8,0.8,0.9153196491952985,0.92,0.00025030501215475565,0.0,1.0051133511760795,1,1,1,1,1.27505865796124e-11
2p,full,0.0,0,55,0.0246137872338295,0.02468481942147203,0.8,0.8,0.2954656121507287,0.3,7.103218764253211e-05,0.0,1.0153465840449756,1,1,1,1,8.489307958357757e-13
2p,full,0.0,0,56,0.008146478235721588,0.008149697534085057,0.8,0.8,0.5392428989056498,0.54,3.2192983634680983e-06,0.0,1.001404007537024,1,1,1,1,1.9721500666153847e-15
2p,full,0.0,0,57,0.13505435641855001,0.13536524681068343,0.8,0.8,0.17655556192621588,0.18000000000000002,0.0003108903921334172,0.0,1.0195090884490152,1,1,1,1,1.501899203633293e-11
2p,full,0.0,0,58,0.15254407785832882,0.1527770298643224,0.8,0.8,0.796275554485619,0.8,0.00023295200599357524,0.0,1.0046773324804463,1,1,1,1,1.099576430679672e-11
2p,full,0.0,0,59,0.07964563462883234,0.07943520411631995,0.8,0.8,0.41452434099279345,0.41000000000000003,0.0002104305125123912,0.0,1.0110349780312036,1,1,1,1,7.952756479535874e-12
2p,full,0.0,0,60,0.056134688295423986,0.0562013184958738,0.8,0.8,0.9566783848311752,0.9600000000000001,6.663020044981455e-05,0.0,1.0034720290763244,1,1,1,1,9.018660599711802e-13
2p,full,0.0,0,61,0.17610428743064405,0.1764773965022073,0.8,0.8,0.34655634086579085,0.35000000000000003,0.00037310907156326567,0.0,1.009936794477937,1,1,1,1,2.4140912447654757e-11
2p,full,0.0,0,62,0.11169093158096076,0.11175143656768821,0.8,0.8,0.7187701928429305,0.72,6.0504986727452637e-05,0.0,1.0017109879754547,1,1,1,1,7.334953452732652e-13
2p,full,0.0,0,63,0.03146074712276459,0.031472021710103784,0.8,0.8,0.08946312771178781,0.08999999999999998,1.1274587339196729e-05,0.0,1.006001045368565,1,1,1,1,1.846976837071894e-14
2p,full,0.0,0,64,0.03339508082717657,0.03341704612477389,0.8,0.8,0.5287520331237465,0.53,2.1965297597320577e-05,0.0,1.0023602119671877,1,1,1,1,9.144188781006196e-14
2p,full,0.0,0,65,0.10941480100154877,0.10965682825858905,0.8,0.8,0.15669997258111834,0.15999999999999998,0.00024202725704028372,0.0,1.021059527736505,1,1,1,1,8.972169470230078e-12
2p,full,0.0,0,66,0.1777899140492082,0.17745588763927844,0.8,0.8,0.7744835242256523,0.77,0.0003340264099297441,0.0,1.0058227587346134,1,1,1,1,2.2540939285922316e-11
2p,full,0.0,0,67,0.05400960855185986,0.054137608081719295,0.8,0.8,0.40596611007116734,0.41000000000000003,0.00012799952985943774,0.0,1.0099365189082545,1,1,1,1,2.935989018985538e-12
2p,full,0.0,0,68,0.08049813173711301,0.08056709588037314,0.8,0.8,0.9775623317714781,0.98,6.896414326013067e-05,0.0,1.0024936192294813,1,1,1,1,9.64686348963299e-13
2p,full,0.0,0,69,0.15134978387504816,0.1515388767173583,0.8,0.8,0.35795247230678795,0.36000000000000004,0.00018909284231014012,0.0,1.005720110494047,1,1,1,1,6.238615217063996e-12
2p,full,0.0,0,70,0.13605179935693743,0.13615660143345035,0.8,0.8,0.7282355481944979,0.73,0.00010480207651292206,0.0,1.00242291358871,1,1,1,1,2.2045435944752533e-12
2p,full,0.0,0,71,0.006709582172334194,0.006699338562392045,0.8,0.8,0.11228159778751433,0.11000000000000001,1.0243609942148929e-05,0.0,1.020741798068312,1,1,1,1,1.5508443953186524e-14
2p,full,0.0,0,72,0.023030406795442104,0.02304163522893066,0.8,0.8,0.8587441219761968,0.86,1.1228433488556094e-05,0.0,1.0014624589463426,1,1,1,1,2.565122720776788e-14
2p,full,0.0,0,73,0.14670856148004532,0.14697156198381855,0.8,0.8,0.476756047969684,0.48000000000000004,0.0002630005037732308,0.0,1.0068042178890666,1,1,1,1,1.2828131790703737e-11
2p,full,0.0,0,74,0.16588838193565608,0.16576821865503652,0.8,0.8,0.6014710653666407,0.6,0.00012016328061956183,0.0,1.002451775611068,1,1,1,1,2.8076139499237e-12
2p,full,0.0,0,75,0.08976329229772091,0.08982030331684313,0.8,0.8,0.23903050234541298,0.24000000000000005,5.70110191222134e-05,0.0,1.0040559579010804,1,1,1,1,5.268163244015775e-13
2p,full,0.0,0,76,0.06312823705375195,0.06320156332741841,0.8,0.8,0.6575098854117095,0.66,7.332627366646305e-05,0.0,1.0037871895823,1,1,1,1,1.0630185766976541e-12
2p,full,0.0,0,77,0.19257260505110027,0.192829681622329,0.8,0.8,0.02795675442554057,0.029999999999999995,0.00025707657122872596,0.0,1.0730859363486331,1,1,1,1,9.113510208771713e-12
2p,full,0.0,0,78,0.12021799981594086,0.12043606137663612,0.8,0.8,0.895175079992041,0.9,0.00021806156069525962,0.0,1.005389917699677,1,1,1,1,9.68004435910252e-12
2p,full,0.0,0,79,0.049471717141568665,0.04962090127601159,0.8,0.8,0.28529013257473707,0.29000000000000004,0.00014918413444292566,0.0,1.016509044258757,1,1,1,1,3.721173883597304e-12
2p,full,0.0,0,80,0.041049439832568174,0.041014336544016296,0.8,0.8,0.9123039188887924,0.91,3.510328855187844e-05,0.0,1.002531778998673,1,1,1,1,2.5080937632830516e-13
2p,full,0.0,0,81,0.11423635724931956,0.11434550322204177,0.8,0.8,0.2984959618374705,0.3,0.00010914597272221327,0.0,1.0050387219755703,1,1,1,1,2.0062395831806534e-12
2p,full,0.0,0,82,0.1981681823730469,0.19810333246583145,0.8,0.8,0.6707098138146103,0.67,6.484990721544737e-05,0.0,1.0010594236038959,1,1,1,1,8.338462261407367e-13
2p,full,0.0,0,83,0.07115531768649817,0.07138584957350659,0.8,0.8,0.04508866176940501,0.05000000000000001,0.0002305318870084172,0.0,1.1089262363942591,1,1,1,1,7.451946344535714e-12
2p,full,0.0,0,84,0.0947153365239501,0.09484554878582946,0.8,0.8,0.5872428531292826,0.59,0.00013021226187935608,0.0,1.0046950709677014,1,1,1,1,3.2838553864701677e-12
2p,full,0.0,0,85,0.1746574267745018,0.1745433271503769,0.8,0.8,0.2209904526732862,0.22,0.00011409962412489705,0.0,1.0045020576058463,1,1,1,1,2.083342830478233e-12
2p,full,0.0,0,86,0.13755043540149928,0.13751187782288662,0.8,0.8,0.8407104452326893,0.8400000000000001,3.855757861265241e-05,0.0,1.0008457681341538,1,1,1,1,3.0221801196207104e-13
2p,full,0.0,0,87,0.017686205729842187,0.017661193787875132,0.8,0.8,0.46252429521642624,0.46,2.5011941967054835e-05,0.0,1.0054875982965787,1,1,1,1,1.1511048778179235e-13
2p,full,0.0,0,88,0.002586084231734276,0.0025903091972675684,0.8,0.8,0.706331733521074,0.7100000000000001,4.224965533292362e-06,0.0,1.0051934046069821,1,1,1,1,3.568825064901756e-15
2p,full,0.0,0,89,0.12967687640339137,0.12951080351271108,0.8,0.8,0.10191620641387998,0.09999999999999998,0.00016607289068029663,0.0,1.0191620641388,1,1,1,1,4.043628546415711e-12
2p,full,0.0,0,90,0.1581168755888939,0.15827365331673698,0.8,0.8,0.9672018971201033,0.97,0.0001567777278430882,0.0,1.0028929873775354,1,1,1,1,4.989518539660084e-12
2p,full,0.0,0,91,0.0850107228383422,0.08521894106223017,0.8,0.8,0.3360484215989709,0.3400000000000001,0.00020821822388797373,0.0,1.0117589553976387,1,1,1,1,7.473657283893143e-12
2p,full,0.0,0,92,0.06169489230960608,0.06159701757442435,0.8,0.8,0.7838187434896827,0.78,9.787473518172579e-05,0.0,1.0048958249867728,1,1,1,1,1.937608332187508e-12
2p,full,0.0,0,93,0.1814811944961548,0.1817990295661612,0.8,0.8,0.426966503104195,0.43,0.0003178350700064059,0.0,1.0071047655348848,1,1,1,1,1.8293782866805415e-11
2p,full,0.0,0,94,0.10611870530992747,0.10613258308278772,0.8,0.8,0.5497469973657281,0.55,1.3877772860257376e-05,0.0,1.0004602164913756,1,1,1,1,3.679212795801715e-14
2p,full,0.0,0,95,0.02609585039317608,0.026165119235285264,0.8,0.8,0.16603589994832874,0.17,6.926884210918527e-05,0.0,1.023874957481514,1,1,1,1,7.401167094032284e-13
2p,full,0.002,0,0,0.03738024737685919,0.03761714937108924,0.8,0.8,0.9851483508571982,1.0,0.00023690199423005015,0.0,1.015075545860559,1,1,1,1,8.659776759078755e-08
2p,full,0.002,0,1,0.10735834538936616,0.11352829231040816,0.8,0.8,0.3808224283065647,0.48000000000000004,0.006169946921042002,0.0,1.2604299650481634,0,1,0,0,1.1116208081305103e-07
2p,full,0.002,0,2,0.18043240252882242,0.17964187846319243,0.8,0.8,0.7511071711871773,0.74,0.0007905240656299883,0.0,1.015009690793483,1,1,1,1,1.3477465297661194e-07
2p,full,0.002,0,3,0.0502196591347456,0.04994749595615369,0.8,0.8,0.11986220283433795,0.11000000000000001,0.00027216317859191097,0.0,1.0896563894030722,1,1,1,1,9.752967728285655e-08
2p,full,0.002,0,4,0.07690282724797726,0.07588665632089536,0.8,0.8,0.5059387106262148,0.48000000000000004,0.0010161709270818942,0.0,1.0540389804712806,1,1,1,1,1.0415259383846473e-07
2p,full,0.002,0,5,0.1537976274266839,0.15497624419773326,0.8,0.8,0.14905729048885405,0.15999999999999998,0.0011786167710493567,0.0,1.0734127762235433,1,1,1,1,1.5224129331900915e-07
2p,full,0.002,0,6,0.13379917293787003,0.13111472925839768,0.8,0.8,0.7668387325759977,0.72,0.002684443679472348,0.0,1.0650537952444412,1,1,1,1,1.5788311006657635e-07
2p,full,0.002,0,7,0.010890919528901578,0.014165490293679398,0.8,0.8,0.38315870318561795,0.91,0.00327457076477782,0.0,2.3749949888497204,1,1,0,0,8.421130459058851e-08
2p,full,0.002,0,8,0.01883772071450949,0.019134504731935176,0.8,0.8,0.6343946767691523,0.66,0.0002967840174256872,0.0,1.040361819177378,1,1,1,1,8.785180650801965e-08
2p,full,0.002,0,9,0.14897253662347795,0.14781185932248503,0.8,0.8,0.020615958478301763,0.010000000000000004,0.0011606773009929239,0.0,2.0615958478301755,1,1,0,0,1.6097427724583728e-07
2p,full,0.002,0,10,0.16342899892479182,0.16672862214430956,0.8,0.8,0.8878326465561986,0.9400000000000001,0.003299623219517739,0.0,1.0587580932579497,1,1,1,1,1.4248412478862994e-07
2p,full,0.002,0,11,0.09337013624608517,0.09214159987760459,0.8,0.8,0.26218036747537554,0.24000000000000005,0.0012285363684805817,0.0,1.0924181978140646,1,1,1,1,1.0736313552936332e-07
2p,full,0.002,0,12,0.0669310610741377,0.06866307733783308,0.8,0.8,0.8661491045262665,0.9400000000000001,0.0017320162636953879,0.0,1.0852634899554918,1,1,1,1,8.488101984124419e-08
2p,full,0.002,0,13,0.18991724196821452,0.19206716249626174,0.8,0.8,0.4998070405051112,0.52,0.0021499205280472167,0.0,1.0404015106999724,1,1,1,1,1.738166777571209e-07
2p,full,0.002,0,14,0.12228752076625825,0.12204275210811069,0.8,0.8,0.6245241969637573,0.62,0.00024476865814755666,0.0,1.0072970918770279,1,1,1,1,1.2751434814385926e-07
2p,full,0.002,0,15,0.04547348525375128,0.04668463600120957,0.8,0.8,0.2464295987877995,0.29000000000000004,0.0012111507474582908,0.0,1.1768066881029133,1,1,1,1,1.0098239223906772e-07
2p,full,0.002,0,16,0.039005095884203915,0.0388133129069303,0.8,0.8,0.5799001836590469,0.5700000000000001,0.00019178297727361765,0.0,1.0173687432614857,1,1,1,1,9.638380793813286e-08
2p,full,0.002,0,17,0.11825824026018382,0.11831629371023436,0.8,0.8,0.19788092360831797,0.2,5.8053450050540856e-05,0.0,1.010708846275028,1,1,1,1,1.6807715360289338e-07
2p,full,0.002,0,18,0.19434170722961427,0.1931238102193808,0.8,0.8,0.8175950005557389,0.8,0.0012178970102334763,0.0,1.0219937506946735,1,1,1,1,1.0947259938140495e-07
2p,full,0.002,0,19,0.07378550376743079,0.07525470699403637,0.8,0.8,0.45518373530358075,0.5,0.0014692032266055838,0.0,1.098457526533828,1,1,1,1,9.928619605326511e-08
2p,full,0.002,0,20,0.09715106841176749,0.09473866917110138,0.8,0.8,0.9353568144515156,0.87,0.0024123992406661077,0.0,1.0751227752316272,1,1,1,1,1.2100742518057729e-07
2p,full,0.002,0,21,0.17102540582418443,0.17481254179365194,0.8,0.8,0.30589529431425033,0.3400000000000001,0.0037871359694675033,0.0,1.1114914361863752,1,1,1,1,1.42770705944223e-07
2p,full,0.002,0,22,0.14176829848438502,0.14178031795201243,0.8,0.8,0.6781145603302866,0.68,1.2019467627411018e-05,0.0,1.0027804146673907,1,1,1,1,1.4484311505791992e-07
2p,full,0.002,0,23,0.015445881709456445,0.016549554060354608,0.8,0.8,0.06813989033922553,0.18000000000000002,0.001103672350898163,0.0,2.641624445004146,1,1,0,0,8.154576349794843e-08
2p,full,0.002,0,24,0.004813533648848534,0.003436720807430224,0.8,0.8,0.8066906025167555,0.21,0.0013768128414183099,0.0,3.8413838215083596,1,1,0,0,5.3547018545632786e-08
2p,full,0.002,0,25,0.12547188792377711,0.12297786811576256,0.8,0.8,0.4345468721166253,0.4,0.002494019808014558,0.0,1.086367180291563,1,1,1,1,1.5496978281067858e-07
2p,full,0.002,0,26,0.1617358312010765,0.15942690115964936,0.8,0.8,0.5573332524858415,0.53,0.002308930041427154,0.0,1.0515721745015878,1,1,1,1,1.289284098522672e-07
2p,full,0.002,0,27,0.08258805628865958,0.07982854409714135,0.8,0.8,0.18890561991371216,0.14,0.0027595121915182236,0.0,1.3493258565265154,1,1,0,0,1.1834981051301553e-07
2p,full,0.002,0,28,0.05907605495303869,0.05558907791930282,0.8,0.8,0.6986871779058129,0.5700000000000001,0.0034869770337358705,0.0,1.2257669787821277,1,1,0,0,8.438091668239088e-08
2p,full,0.002,0,29,0.1852963209152222,0.1829465274147341,0.8,0.8,0.07910856349393725,0.06,0.0023497935004880843,0.0,1.3184760582322874,1,1,0,0,1.8251556339229322e-07
2p,full,0.002,0,30,0.10210836175829173,0.1042598435597837,0.8,0.8,0.9443888106569648,1.0,0.0021514818014919668,0.0,1.0588859045294587,1,1,1,1,1.2022816235422136e-07
2p,full,0.002,0,31,0.028128654882311824,0.027006498672778143,0.8,0.8,0.3284055034723133,0.26,0.0011221562095336812,0.0,1.263098090278128,1,1,0,0,8.374765064068467e-08
2p,full,0.002,0,32,0.027822854556143285,0.02850217049478169,0.8,0.8,0.7329427009634674,0.78,0.0006793159386384064,0.0,1.0642032439570992,1,1,1,1,6.090434400775885e-08
2p,full,0.002,0,33,0.10404990427196026,0.10482733758919466,0.8,0.8,0.10755888150073588,0.12000000000000001,0.0007774333172343995,0.0,1.1156679794887883,1,1,1,1,1.0186739661912456e-07
2p,full,0.002,0,34,0.18335011806339027,0.18495405076779792,0.8,0.8,0.9747772070672363,1.0,0.0016039327044076457,0.0,1.025875443896201,1,1,1,1,1.3042719098301547e-07
2p,full,0.002,0,35,0.05938651561737061,0.05750732736621183,0.8,0.8,0.3607229481264949,0.31,0.0018791882511587782,0.0,1.163622413311274,1,1,1,1,1.0933452396490735e-07
2p,full,0.002,0,36,0.08607092946767808,0.08774989920817236,0.8,0.8,0.7792024197056889,0.8300000000000001,0.0016789697404942794,0.0,1.0651917640521418,1,1,1,1,8.182987335822905e-08
2p,full,0.002,0,37,0.15671487208455803,0.15569622567725294,0.8,0.8,0.4012628076132387,0.39,0.0010186464073050905,0.0,1.028878993880099,1,1,1,1,1.2906947385292604e-07
2p,full,0.002,0,38,0.1304914053529501,0.1321811298170285,0.8,0.8,0.5259778250101954,0.55,0.0016897244640784181,0.0,1.045671459608281,1,1,1,1,1.2857804419858788e-07
2p,full,0.002,0,39,0.001332102157175541,0.0011499460464214557,0.8,0.8,0.15948880007490515,0.010000000000000004,0.00018215611075408531,0.0,15.948880007490509,1,1,0,0,1.0244894817812734e-07
2p,full,0.002,0,40,0.01589511428028345,0.016151128770315614,0.8,0.8,0.9059211727138609,0.93,0.000256014490032163,0.0,1.0265793846212983,1,1,1,1,6.738219552488607e-08
2p,full,0.002,0,41,0.139780979976058,0.14310583120718945,0.8,0.8,0.2745284763351083,0.31,0.003324851231131437,0.0,1.1292089044401818,1,1,1,1,1.4462475453981242e-07
2p,full,0.002,0,42,0.17301128264516594,0.16999693769195232,0.8,0.8,0.6448115522228182,0.61,0.0030143449532136213,0.0,1.0570681183980626,1,1,1,1,1.4257779385543142e-07
2p,full,0.002,0,43,0.09670327752828599,0.10129053151332125,0.8,0.8,0.040640438729897144,0.11000000000000001,0.004587253985035261,0.0,2.7066636935461648,1,1,0,0,1.2372770531076733e-07
2p,full,0.002,0,44,0.0702629566192627,0.0729717101499917,0.8,0.8,0.6122364539001137,0.6900000000000001,0.0027087535307289967,0.0,1.1270155437568463,1,1,1,1,1.1255914435247298e-07
2p,full,0.002,0,45,0.19949999656528236,0.19967890566672036,0.8,0.8,0.22828070683404805,0.23,0.00017890910143800176,0.0,1.007531486956547,1,1,1,1,1.5863371625548188e-07
2p,full,0.002,0,46,0.11309529058635236,0.1140378377124337,0.8,0.8,0.8460642584785819,0.87,0.0009425471260813417,0.0,1.0282906898401074,1,1,1,1,1.1704470908330739e-07
2p,full,0.002,0,47,0.042532303370535374,0.046744314766418285,0.8,0.8,0.48945053084753454,0.68,0.004212011395882911,0.0,1.3893130299041851,1,1,0,0,8.872558234952618e-08
2p,full,0.002,0,48,0.04817214906215668,0.045112071734002744,0.8,0.8,0.8357614162191749,0.68,0.003060077328153936,0.0,1.229060906204669,1,1,0,0,8.492140470609527e-08
2p,full,0.002,0,49,0.12117577102035285,0.12114193128715454,0.8,0.8,0.4674888877477497,0.47000000000000003,3.383973319830147e-05,0.0,1.0053714907841944,1,1,1,1,1.1654704121187537e-07
2p,full,0.002,0,50,0.19103346280753614,0.18815256825585883,0.8,0.8,0.5902693820092827,0.56,0.00288089455167731,0.0,1.054052467873719,1,1,1,1,1.9360082347004808e-07
2p,full,0.002,0,51,0.06422792617231608,0.06250738076658388,0.8,0.8,0.21797857267782092,0.18000000000000002,0.0017205454057322017,0.0,1.2109920704323383,1,1,0,0,9.71065297426835e-08
2p,full,0.002,0,52,0.08759243581444026,0.09129180028180539,0.8,0.8,0.6657489240728319,0.76,0.0036993644673651294,0.0,1.1415715031885763,1,1,1,1,1.3303562375176803e-07
2p,full,0.002,0,53,0.16771744154393675,0.17220644934375753,0.8,0.8,0.050033958489075304,0.08999999999999998,0.004489007799820782,0.0,1.7987783241186301,1,1,0,0,1.6950785529621262e-07
2p,full,0.002,0,54,0.14468572791665793,0.1416970310132169,0.8,0.8,0.9153196491952985,0.86,0.0029886969034410293,0.0,1.0643251734829053,1,1,1,1,1.077882511641035e-07
2p,full,0.002,0,55,0.0246137872338295,0.023778104221238678,0.8,0.8,0.2954656121507287,0.24000000000000005,0.000835683012590821,0.0,1.2311067172947026,1,1,0,0,7.568554379206145e-08
2p,full,0.002,0,56,0.008146478235721588,0.01015777779874097,0.8,0.8,0.5392428989056498,1.0,0.0020112995630193822,0.0,1.8544518658093037,1,1,0,0,8.084180923156332e-08
2p,full,0.002,0,57,0.13505435641855001,0.13450404696202495,0.8,0.8,0.17655556192621588,0.17,0.0005503094565250666,0.0,1.0385621289777405,1,1,1,1,1.399634773938582e-07
2p,full,0.002,0,58,0.15254407785832882,0.15177434234612605,0.8,0.8,0.796275554485619,0.78,0.0007697355122027738,0.0,1.0208660954943833,1,1,1,1,1.1668304717052855e-07
2p,full,0.002,0,59,0.07964563462883234,0.08117449880680878,0.8,0.8,0.41452434099279345,0.45,0.001528864177976444,0.0,1.0855816064317036,1,1,1,1,1.0979272249149987e-07
2p,full,0.002,0,60,0.056134688295423986,0.05685287833669753,0.8,0.8,0.9566783848311752,1.0,0.0007181900412735406,0.0,1.0452833636211711,1,1,1,1,9.532590850605132e-08
2p,full,0.002,0,61,0.17610428743064405,0.17107525084171438,0.8,0.8,0.34655634086579085,0.3,0.0050290365889296695,0.0,1.1551878028859695,0,1,1,0,1.327070149748509e-07
2p,full,0.002,0,62,0.11169093158096076,0.1142852894657208,0.8,0.8,0.7187701928429305,0.77,0.0025943578847600346,0.0,1.0712742510293056,1,1,1,1,8.626746345104258e-08
2p,full,0.002,0,63,0.03146074712276459,0.02996504906954825,0.8,0.8,0.08946312771178781,0.010000000000000004,0.0014956980532163378,0.0,8.946312771178778,1,1,0,0,8.189965200709265e-08
2p,full,0.002,0,64,0.03339508082717657,0.03427405869693169,0.8,0.8,0.5287520331237465,0.5800000000000001,0.0008789778697551182,0.0,1.0969224961150357,1,1,1,1,8.5887239776885e-08
2p,full,0.002,0,65,0.10941480100154877,0.11123019838946943,0.8,0.8,0.15669997258111834,0.18000000000000002,0.0018153973879206642,0.0,1.1486919687035684,1,1,1,1,1.382504475927042e-07
2p,full,0.002,0,66,0.1777899140492082,0.1774789196879048,0.8,0.8,0.7744835242256523,0.77,0.000310994361303385,0.0,1.0058227587346134,1,1,1,1,1.4523246989356554e-07
2p,full,0.002,0,67,0.05400960855185986,0.05158031592772464,0.8,0.8,0.40596611007116734,0.33,0.0024292926241352153,0.0,1.230200333548992,1,1,0,0,1.0988649777683665e-07
2p,full,0.002,0,68,0.08049813173711301,0.08017813291929818,0.8,0.8,0.9775623317714781,0.97,0.00031999881781483164,0.0,1.0077962183211115,1,1,1,1,1.004222881567284e-07
2p,full,0.002,0,69,0.15134978387504816,0.15967225255697642,0.8,0.8,0.35795247230678795,0.45,0.008322468681928263,0.0,1.2571501381175585,0,1,0,0,1.4402939260039598e-07
2p,full,0.002,0,70,0.13605179935693743,0.13436364053883604,0.8,0.8,0.7282355481944979,0.7000000000000001,0.0016881588181013873,0.0,1.0403364974207112,1,1,1,1,1.2563452091664776e-07
2p,full,0.002,0,71,0.006709582172334194,0.006313477138437,0.8,0.8,0.11228159778751433,0.010000000000000004,0.000396105033897194,0.0,11.22815977875143,1,1,0,0,6.443806461145115e-08
2p,full,0.002,0,72,0.023030406795442104,0.02435405567869333,0.8,0.8,0.8587441219761968,1.0,0.0013236488832512258,0.0,1.1644912313329565,1,1,1,1,7.683434293724776e-08
2p,full,0.002,0,73,0.14670856148004532,0.14601003384333064,0.8,0.8,0.476756047969684,0.47000000000000003,0.0006985276367146853,0.0,1.0143745701482638,1,1,1,1,1.0551614160369262e-07
2p,full,0.002,0,74,0.16588838193565608,0.1675404901757012,0.8,0.8,0.6014710653666407,0.62,0.0016521082400451081,0.0,1.0308060282535196,1,1,1,1,1.6024063708394972e-07
2p,full,0.002,0,75,0.08976329229772091,0.08802304402090858,0.8,0.8,0.23903050234541298,0.21,0.0017402482768123367,0.0,1.1382404873591094,1,1,1,1,1.0726944696365261e-07
2p,full,0.002,0,76,0.06312823705375195,0.06396223882287563,0.8,0.8,0.6575098854117095,0.6900000000000001,0.0008340017691236823,0.0,1.0494138800178592,1,1,1,1,9.941485690390024e-08
2p,full,0.002,0,77,0.19257260505110027,0.19661228161990058,0.8,0.8,0.02795675442554057,0.06,0.0040396765688003045,0.0,2.1461718726972667,1,1,0,0,1.6482302032112391e-07
2p,full,0.002,0,78,0.12021799981594086,0.12246821251330103,0.8,0.8,0.895175079992041,0.9500000000000001,0.002250212697360171,0.0,1.061244913127437,1,1,1,1,1.5752539473791703e-07
2p,full,0.002,0,79,0.049471717141568665,0.048910760329952674,0.8,0.8,0.28529013257473707,0.27,0.000560956811615991,0.0,1.0566301206471742,1,1,1,1,1.0798983681618315e-07
2p,full,0.002,0,80,0.041049439832568174,0.0424774496260185,0.8,0.8,0.9123039188887924,1.0,0.0014280097934503272,0.0,1.09612595024038,1,1,1,1,8.304983065824096e-08
2p,full,0.002,0,81,0.11423635724931956,0.11501355205515576,0.8,0.8,0.2984959618374705,0.31,0.0007771948058361983,0.0,1.0385400127080895,1,1,1,1,1.0760443761222402e-07
2p,full,0.002,0,82,0.1981681823730469,0.1971192886260303,0.8,0.8,0.6707098138146103,0.66,0.0010488937470166104,0.0,1.0162269906281973,1,1,1,1,1.505362502795381e-07
2p,full,0.002,0,83,0.07115531768649817,0.0703263641710193,0.8,0.8,0.04508866176940501,0.029999999999999995,0.0008289535154788752,0.0,1.5029553923135004,1,1,0,0,1.0119162650455753e-07
2p,full,0.002,0,84,0.0947153365239501,0.09572627496353657,0.8,0.8,0.5872428531292826,0.61,0.0010109384395864673,0.0,1.0387525310005048,1,1,1,1,1.0744618307837199e-07
2p,full,0.002,0,85,0.1746574267745018,0.17693344904134967,0.8,0.8,0.2209904526732862,0.24000000000000005,0.002276022266847866,0.0,1.0860197673553693,1,1,1,1,1.3694407660560462e-07
2p,full,0.002,0,86,0.13755043540149928,0.14114682415386037,0.8,0.8,0.8407104452326893,0.91,0.003596388752361096,0.0,1.0824178588005207,1,1,1,1,1.2527866136539626e-07
2p,full,0.002,0,87,0.017686205729842187,0.01916784327987784,0.8,0.8,0.46252429521642624,0.6,0.0014816375500356534,0.0,1.2972291535934248,1,1,0,0,8.540433601641705e-08
2p,full,0.002,0,88,0.002586084231734276,0.0018318527639922988,0.8,0.8,0.706331733521074,0.010000000000000004,0.0007542314677419773,0.0,70.63317335210738,1,1,0,0,8.340144749648208e-08
2p,full,0.002,0,89,0.12967687640339137,0.1294397174451923,0.8,0.8,0.10191620641387998,0.09999999999999998,0.00023715895819906296,0.0,1.0191620641388,1,1,1,1,1.229626732509507e-07
2p,full,0.002,0,90,0.1581168755888939,0.15640934828613065,0.8,0.8,0.9672018971201033,0.9400000000000001,0.0017075273027632454,0.0,1.0289381884256417,1,1,1,1,8.96062527224026e-08
2p,full,0.002,0,91,0.0850107228383422,0.085287634809662,0.8,0.8,0.3360484215989709,0.3400000000000001,0.00027691197131980705,0.0,1.0117589553976387,1,1,1,1,1.1027759754085235e-07
2p,full,0.002,0,92,0.06169489230960608,0.060098725569191234,0.8,0.8,0.7838187434896827,0.72,0.0015961667404148436,0.0,1.0886371437356706,1,1,1,1,9.210167728282153e-08
2p,full,0.002,0,93,0.1814811944961548,0.18072558225697566,0.8,0.8,0.426966503104195,0.42000000000000004,0.0007556122391791376,0.0,1.016586912152845,1,1,1,1,1.3878308844457457e-07
2p,full,0.002,0,94,0.10611870530992747,0.10900878082308157,0.8,0.8,0.5497469973657281,0.6,0.0028900755131541084,0.0,1.0914111452633188,1,1,1,1,9.94326947448441e-08
2p,full,0.002,0,95,0.02609585039317608,0.0249826784157016,0.8,0.8,0.16603589994832874,0.09999999999999998,0.0011131719774744794,0.0,1.6603589994832877,1,1,0,0,8.620241303223481e-08
2p,full,0.002,1,0,0.03738024737685919,0.03773618901269039,0.8,0.8,0.9851483508571982,1.0,0.0003559416358311987,0.0,1.015075545860559,1,1,1,1,8.679844449705839e-08
2p,full,0.002,1,1,0.10735834538936616,0.10670813321120881,0.8,0.8,0.3808224283065647,0.37,0.0006502121781573472,0.0,1.0292498062339588,1,1,1,1,1.205028558236816e-07
2p,full,0.002,1,2,0.18043240252882242,0.17897203105572165,0.8,0.8,0.7511071711871773,0.73,0.0014603714731007689,0.0,1.0289139331331196,1,1,1,1,1.482942655017801e-07
2p,full,0.002,1,3,0.0502196591347456,0.05302700864142782,0.8,0.8,0.11986220283433795,0.2,0.0028073495066822177,0.0,1.6685827164082814,1,1,0,0,8.476549651725321e-08
2p,full,0.002,1,4,0.07690282724797726,0.08150203218404496,0.8,0.8,0.5059387106262148,0.62,0.004599204936067705,0.0,1.2254448749980178,1,1,0,0,9.57374894611563e-08
2p,full,0.002,1,5,0.1537976274266839,0.15569832619999693,0.8,0.8,0.14905729048885405,0.17,0.001900698773313031,0.0,1.140501074737515,1,1,1,1,1.5672203996848606e-07
2p,full,0.002,1,6,0.13379917293787003,0.13416618467744812,0.8,0.8,0.7668387325759977,0.77,0.00036701173957809363,0.0,1.0041224670712483,1,1,1,1,1.096255329627641e-07
2p,full,0.002,1,7,0.010890919528901578,0.00847682975312786,0.8,0.8,0.38315870318561795,0.010000000000000004,0.0024140897757737173,0.0,38.31587031856178,1,1,0,0,7.17399140154464e-08
2p,full,0.002,1,8,0.01883772071450949,0.021845746779042375,0.8,0.8,0.6343946767691523,1.0,0.0030080260645328864,0.0,1.576305786632391,1,1,0,0,6.182593181035648e-08
2p,full,0.002,1,9,0.14897253662347795,0.15287677388216314,0.8,0.8,0.020615958478301763,0.06,0.0039042372586851892,0.0,2.9103667463799865,1,1,0,0,1.477110108841421e-07
2p,full,0.002,1,10,0.16342899892479182,0.16173840601514483,0.8,0.8,0.8878326465561986,0.86,0.0016905929096469874,0.0,1.0323635425072077,1,1,1,1,1.1813713628255106e-07
2p,full,0.002,1,11,0.09337013624608517,0.09509890593093584,0.8,0.8,0.26218036747537554,0.29000000000000004,0.0017287696848506673,0.0,1.1061087555582794,1,1,1,1,1.1507188237351365e-07
2p,full,0.002,1,12,0.0669310610741377,0.06759466351915437,0.8,0.8,0.8661491045262665,0.9,0.0006636024450166755,0.0,1.0390820648510029,1,1,1,1,8.432546115373382e-08
2p,full,0.002,1,13,0.18991724196821452,0.19191192568343612,0.8,0.8,0.4998070405051112,0.52,0.0019946837152216013,0.0,1.0404015106999724,1,1,1,1,1.3092819051930472e-07
2p,full,0.002,1,14,0.12228752076625825,0.1209401337083225,0.8,0.8,0.6245241969637573,0.6,0.001347387057935745,0.0,1.0408736616062622,1,1,1,1,1.1358832707612267e-07
2p,full,0.002,1,15,0.04547348525375128,0.04286873488133609,0.8,0.8,0.2464295987877995,0.15999999999999998,0.002604750372415185,0.0,1.540184992423747,1,1,0,0,8.93141295550456e-08
2p,full,0.002,1,16,0.039005095884203915,0.042885635042711555,0.8,0.8,0.5799001836590469,0.78,0.00388053915850764,0.0,1.3450590670248899,1,1,0,0,8.084421573231434e-08
2p,full,0.002,1,17,0.11825824026018382,0.12400361359700249,0.8,0.8,0.19788092360831797,0.27,0.005745373336818668,0.0,1.3644569424712878,0,1,0,0,1.1469259468820255e-07
2p,full,0.002,1,18,0.19434170722961427,0.19683320787945752,0.8,0.8,0.8175950005557389,0.85,0.0024915006498432424,0.0,1.0396345371757834,1,1,1,1,1.7909425624357804e-07
2p,full,0.002,1,19,0.07378550376743079,0.07329095003501113,0.8,0.8,0.45518373530358075,0.44,0.0004945537324196614,0.0,1.03450848932632,1,1,1,1,9.25148812785301e-08
2p,full,0.002,1,20,0.09715106841176749,0.09840081968870786,0.8,0.8,0.9353568144515156,0.97,0.0012497512769403668,0.0,1.0370374011427914,1,1,1,1,1.0508468436198404e-07
2p,full,0.002,1,21,0.17102540582418443,0.1734276891876383,0.8,0.8,0.30589529431425033,0.33,0.0024022833634538554,0.0,1.0788005115926582,1,1,1,1,2.0765092629201035e-07
2p,full,0.002,1,22,0.14176829848438502,0.14063895474085614,0.8,0.8,0.6781145603302866,0.66,0.0011293437435288822,0.0,1.0274463035307373,1,1,1,1,1.392815196575754e-07
2p,full,0.002,1,23,0.015445881709456445,0.014806114275147785,0.8,0.8,0.06813989033922553,0.010000000000000004,0.0006397674343086596,0.0,6.81398903392255,1,1,0,0,9.054186450349579e-08
2p,full,0.002,1,24,0.004813533648848534,0.0051810886857301345,0.8,0.8,0.8066906025167555,1.0,0.0003675550368816005,0.0,1.2396326384367782,1,1,0,0,7.795873528076237e-08
2p,full,0.002,1,25,0.12547188792377711,0.1286254138827656,0.8,0.8,0.4345468721166253,0.48000000000000004,0.00315352595898849,0.0,1.1045989070453506,1,1,1,1,1.365182671604054e-07
2p,full,0.002,1,26,0.1617358312010765,0.16031382938728486,0.8,0.8,0.5573332524858415,0.54,0.0014220018137916512,0.0,1.0320986157145213,1,1,1,1,9.735560440266069e-08
2p,full,0.002,1,27,0.08258805628865958,0.08027610228459292,0.8,0.8,0.18890561991371216,0.15000000000000002,0.0023119540040666547,0.0,1.2593707994247476,1,1,0,0,1.4200786230713363e-07
2p,full,0.002,1,28,0.05907605495303869,0.06133510935358784,0.8,0.8,0.6986871779058129,0.78,0.002259054400549146,0.0,1.11637943941938,1,1,1,1,1.1296599344320652e-07
2p,full,0.002,1,29,0.1852963209152222,0.18921978188932254,0.8,0.8,0.07910856349393725,0.11000000000000001,0.003923460974100346,0.0,1.3904942163237517,1,1,0,0,1.6564902998057931e-07
2p,full,0.002,1,30,0.10210836175829173,0.10416724604774087,0.8,0.8,0.9443888106569648,1.0,0.002058884289449142,0.0,1.0588859045294587,1,1,1,1,1.1591863124255272e-07
2p,full,0.002,1,31,0.028128654882311824,0.026627974973110254,0.8,0.8,0.3284055034723133,0.24000000000000005,0.0015006799092015695,0.0,1.3683562644679719,1,1,0,0,8.520360052393807e-08
2p,full,0.002,1,32,0.027822854556143285,0.029330189414808625,0.8,0.8,0.7329427009634674,0.87,0.0015073348586653393,0.0,1.186995925952149,1,1,1,1,7.98310021039117e-08
2p,full,0.002,1,33,0.10404990427196026,0.10631596529104974,0.8,0.8,0.10755888150073588,0.14,0.0022660610190894798,0.0,1.3016126427369197,1,1,0,0,1.3022298015457178e-07
2p,full,0.002,1,34,0.18335011806339027,0.18358544507405136,0.8,0.8,0.9747772070672363,0.98,0.00023532701066109052,0.0,1.0053579350182769,1,1,1,1,1.4511415558407617e-07
2p,full,0.002,1,35,0.05938651561737061,0.057537964960324296,0.8,0.8,0.3607229481264949,0.31,0.0018485506570463106,0.0,1.163622413311274,1,1,1,1,1.2017076587428262e-07
2p,full,0.002,1,36,0.08607092946767808,0.08455035481522266,0.8,0.8,0.7792024197056889,0.74,0.0015205746524554198,0.0,1.0529762428455256,1,1,1,1,1.2078058619297132e-07
2p,full,0.002,1,37,0.15671487208455803,0.1591614928487103,0.8,0.8,0.4012628076132387,0.43,0.0024466207641522797,0.0,1.0716168850975591,1,1,1,1,1.8403094014231123e-07
2p,full,0.002,1,38,0.1304914053529501,0.13215198026559022,0.8,0.8,0.5259778250101954,0.55,0.0016605749126401281,0.0,1.045671459608281,1,1,1,1,1.1534481042410843e-07
2p,full,0.002,1,39,0.001332102157175541,0.002106500754682655,0.8,0.8,0.15948880007490515,1.0,0.0007743985975071142,0.0,6.270032751706341,1,1,0,0,1.1110148706961311e-07
2p,full,0.002,1,40,0.01589511428028345,0.01433704480298469,0.8,0.8,0.9059211727138609,0.66,0.0015580694772987617,0.0,1.3726078374452437,1,1,0,0,7.256345562140109e-08
2p,full,0.002,1,41,0.139780979976058,0.13875210634373814,0.8,0.8,0.2745284763351083,0.26,0.0010288736323198766,0.0,1.055878755135032,1,1,1,1,1.3695389224577765e-07
2p,full,0.002,1,42,0.17301128264516594,0.17164500457715118,0.8,0.8,0.6448115522228182,0.63,0.001366278068014759,0.0,1.0235104003536797,1,1,1,1,1.3100398094133832e-07
2p,full,0.002,1,43,0.09670327752828599,0.09460937521538584,0.8,0.8,0.040640438729897144,0.010000000000000004,0.002093902312900145,0.0,4.064043872989713,1,1,0,0,1.3338024046176948e-07
2p,full,0.002,1,44,0.0702629566192627,0.07216050282443143,0.8,0.8,0.6122364539001137,0.66,0.0018975462051687292,0.0,1.0780148679413313,1,1,1,1,1.1263988721971805e-07
2p,full,0.002,1,45,0.19949999656528236,0.19827164687051368,0.8,0.8,0.22828070683404805,0.22,0.0012283496947686767,0.0,1.0376395765184003,1,1,1,1,1.6887389924730393e-07
2p,full,0.002,1,46,0.11309529058635236,0.11327834871396818,0.8,0.8,0.8460642584785819,0.85,0.00018305812761582052,0.0,1.0046518234070014,1,1,1,1,1.0692833200500888e-07
2p,full,0.002,1,47,0.042532303370535374,0.04293031030276091,0.8,0.8,0.48945053084753454,0.51,0.0003980069322255392,0.0,1.0419847724281388,1,1,1,1,9.803737897279358e-08
2p,full,0.002,1,48,0.04817214906215668,0.04426095606674197,0.8,0.8,0.8357614162191749,0.64,0.00391119299541471,0.0,1.3058772128424607,1,1,0,0,1.0469535795513428e-07
2p,full,0.002,1,49,0.12117577102035285,0.12401814241024676,0.8,0.8,0.4674888877477497,0.51,0.002842371389893919,0.0,1.090935021914764,1,1,1,1,9.909669219627858e-08
2p,full,0.002,1,50,0.19103346280753614,0.19106394061184329,0.8,0.8,0.5902693820092827,0.59,3.0477804307149636e-05,0.0,1.0004565796767504,1,1,1,1,1.629368409325742e-07
2p,full,0.002,1,51,0.06422792617231608,0.05977981022951256,0.8,0.8,0.21797857267782092,0.11000000000000001,0.004448115942803525,0.0,1.9816233879801899,1,1,0,0,1.1454179677890976e-07
2p,full,0.002,1,52,0.08759243581444026,0.08526620272285029,0.8,0.8,0.6657489240728319,0.61,0.0023262330915899687,0.0,1.0913916788079212,1,1,1,1,1.0877989249918143e-07
2p,full,0.002,1,53,0.16771744154393675,0.17231535950073854,0.8,0.8,0.050033958489075304,0.08999999999999998,0.004597917956801784,0.0,1.7987783241186301,1,1,0,0,2.3463824595576877e-07
2p,full,0.002,1,54,0.14468572791665793,0.14395688527866793,0.8,0.8,0.9153196491952985,0.9,0.0007288426379900015,0.0,1.0170218324392206,1,1,1,1,1.1511474855036831e-07
2p,full,0.002,1,55,0.0246137872338295,0.020495576742465636,0.8,0.8,0.2954656121507287,0.010000000000000004,0.004118210491363863,0.0,29.54656121507286,1,1,0,0,8.066823058333886e-08
2p,full,0.002,1,56,0.008146478235721588,0.0068502773787005745,0.8,0.8,0.5392428989056498,0.25,0.001296200857021014,0.0,2.156971595622599,1,1,0,0,6.60767446867971e-08
2p,full,0.002,1,57,0.13505435641855001,0.13364590252175576,0.8,0.8,0.17655556192621588,0.15999999999999998,0.001408453896794254,0.0,1.1034722620388495,1,1,1,1,1.5143457396828007e-07
2p,full,0.002,1,58,0.15254407785832882,0.1523449489144446,0.8,0.8,0.796275554485619,0.79,0.00019912894388421365,0.0,1.007943739855214,1,1,1,1,1.6153928297335832e-07
2p,full,0.002,1,59,0.07964563462883234,0.08398032338998672,0.8,0.8,0.41452434099279345,0.51,0.004334688761154379,0.0,1.2303258206225975,1,1,0,0,1.0773403524903004e-07
2p,full,0.002,1,60,0.056134688295423986,0.054651543957139656,0.8,0.8,0.9566783848311752,0.88,0.0014831443382843298,0.0,1.0871345282172444,1,1,1,1,1.0321697143093213e-07
2p,full,0.002,1,61,0.17610428743064405,0.17330192753430831,0.8,0.8,0.34655634086579085,0.32,0.002802359896335732,0.0,1.0829885652055964,1,1,1,1,1.5062614654201497e-07
2p,full,0.002,1,62,0.11169093158096076,0.11084666493104456,0.8,0.8,0.7187701928429305,0.7000000000000001,0.0008442666499162005,0.0,1.0268145612041863,1,1,1,1,9.316942361173848e-08
2p,full,0.002,1,63,0.03146074712276459,0.03036652410707515,0.8,0.8,0.08946312771178781,0.029999999999999995,0.0010942230156894377,0.0,2.982104257059594,1,1,0,0,7.785954060999807e-08
2p,full,0.002,1,64,0.03339508082717657,0.032540868549890495,0.8,0.8,0.5287520331237465,0.48000000000000004,0.0008542122772860761,0.0,1.1015667356744718,1,1,1,1,9.450504309145206e-08
2p,full,0.002,1,65,0.10941480100154877,0.10674495396249464,0.8,0.8,0.15669997258111834,0.12000000000000001,0.002669847039054124,0.0,1.3058331048426528,1,1,0,0,1.3205584063247508e-07
2p,full,0.002,1,66,0.1777899140492082,0.17830563536963104,0.8,0.8,0.7744835242256523,0.78,0.0005157213204228517,0.0,1.007122780022807,1,1,1,1,1.3460911233622872e-07
2p,full,0.002,1,67,0.05400960855185986,0.058158932174232715,0.8,0.8,0.40596611007116734,0.53,0.004149323622372858,0.0,1.305527695174085,1,1,0,0,9.193995898460925e-08
2p,full,0.002,1,68,0.08049813173711301,0.08108258141453237,0.8,0.8,0.9775623317714781,1.0,0.0005844496774193575,0.0,1.0229526726831442,1,1,1,1,9.307802338179244e-08
2p,full,0.002,1,69,0.15134978387504816,0.1506033467954062,0.8,0.8,0.35795247230678795,0.35000000000000003,0.0007464370796419484,0.0,1.0227213494479654,1,1,1,1,1.2200106013142356e-07
2p,full,0.002,1,70,0.13605179935693743,0.13625816616202624,0.8,0.8,0.7282355481944979,0.73,0.00020636680508881455,0.0,1.00242291358871,1,1,1,1,1.0387137741693048e-07
2p,full,0.002,1,71,0.006709582172334194,0.00934772569940699,0.8,0.8,0.11228159778751433,0.66,0.002638143527072796,0.0,5.878078091202508,1,1,0,0,7.352631461069614e-08
2p,full,0.002,1,72,0.023030406795442104,0.024321727098279598,0.8,0.8,0.8587441219761968,1.0,0.0012913203028374932,0.0,1.1644912313329565,1,1,1,1,8.581153792766846e-08
2p,full,0.002,1,73,0.14670856148004532,0.14934430924446734,0.8,0.8,0.476756047969684,0.51,0.0026357477644220195,0.0,1.0697294815071332,1,1,1,1,1.5580791895822331e-07
2p,full,0.002,1,74,0.16588838193565608,0.16140359458445555,0.8,0.8,0.6014710653666407,0.55,0.004484787351200531,0.0,1.093583755212074,1,1,1,1,1.8724601625202612e-07
2p,full,0.002,1,75,0.08976329229772091,0.09155009266851429,0.8,0.8,0.23903050234541298,0.27,0.0017868003707933733,0.0,1.1295629526387152,1,1,1,1,1.1003939686102627e-07
2p,full,0.002,1,76,0.06312823705375195,0.06413297617454122,0.8,0.8,0.6575098854117095,0.6900000000000001,0.001004739120789272,0.0,1.0494138800178592,1,1,1,1,9.594057982514102e-08
2p,full,0.002,1,77,0.19257260505110027,0.19035618398196294,0.8,0.8,0.02795675442554057,0.010000000000000004,0.002216421069137331,0.0,2.7956754425540558,1,1,0,0,1.8709292363849492e-07
2p,full,0.002,1,78,0.12021799981594086,0.1235243499740712,0.8,0.8,0.895175079992041,0.97,0.0033063501581303417,0.0,1.0835869112985408,1,1,1,1,1.1797763393757721e-07
2p,full,0.002,1,79,0.049471717141568665,0.04898043765389488,0.8,0.8,0.28529013257473707,0.27,0.0004912794876737875,0.0,1.0566301206471742,1,1,1,1,9.244975222400713e-08
2p,full,0.002,1,80,0.041049439832568174,0.038531862974683515,0.8,0.8,0.9123039188887924,0.76,0.0025175768578846597,0.0,1.2003998932747268,1,1,0,0,8.998129927505729e-08
2p,full,0.002,1,81,0.11423635724931956,0.11446420092912436,0.8,0.8,0.2984959618374705,0.3,0.00022784367980480114,0.0,1.0050387219755703,1,1,1,1,1.4288881365543241e-07
2p,full,0.002,1,82,0.1981681823730469,0.19632624728533446,0.8,0.8,0.6707098138146103,0.65,0.0018419350877124374,0.0,1.0318612520224772,1,1,1,1,1.5249426686675076e-07
2p,full,0.002,1,83,0.07115531768649817,0.07729762255306807,0.8,0.8,0.04508866176940501,0.17,0.0061423048665699,0.0,3.7703492037404804,0,1,0,0,9.628668252697885e-08
2p,full,0.002,1,84,0.0947153365239501,0.0970441166861888,0.8,0.8,0.5872428531292826,0.64,0.002328780162238697,0.0,1.08983872104971,1,1,1,1,9.342063343503385e-08
2p,full,0.002,1,85,0.1746574267745018,0.1768202953925277,0.8,0.8,0.2209904526732862,0.24000000000000005,0.0021628686180258927,0.0,1.0860197673553693,1,1,1,1,1.7043700219544315e-07
2p,full,0.002,1,86,0.13755043540149928,0.14239159113002847,0.8,0.8,0.8407104452326893,0.93,0.004841155728529195,0.0,1.106207262290642,1,1,1,1,1.2954763478028557e-07
2p,full,0.002,1,87,0.017686205729842187,0.01855670655814446,0.8,0.8,0.46252429521642624,0.5700000000000001,0.0008705008283022737,0.0,1.2323676959137537,1,1,0,0,8.521016454027331e-08
2p,full,0.002,1,88,0.002586084231734276,0.002791515130798917,0.8,0.8,0.706331733521074,1.0,0.00020543089906464081,0.0,1.4157653586013832,1,1,0,0,8.47855581402517e-08
2p,full,0.002,1,89,0.12967687640339137,0.12868150973133208,0.8,0.8,0.10191620641387998,0.08999999999999998,0.0009953666720592946,0.0,1.1324022934875555,1,1,1,1,1.3936995326879762e-07
2p,full,0.002,1,90,0.1581168755888939,0.15716217905618532,0.8,0.8,0.9672018971201033,0.9500000000000001,0.0009546965327085766,0.0,1.0181072601264245,1,1,1,1,1.397464115254444e-07
2p,full,0.002,1,91,0.0850107228383422,0.08469794334073663,0.8,0.8,0.3360484215989709,0.33,0.000312779497605567,0.0,1.0183285502999118,1,1,1,1,9.603831155851652e-08
2p,full,0.002,1,92,0.06169489230960608,0.06309746001487322,0.8,0.8,0.7838187434896827,0.8400000000000001,0.0014025677052671437,0.0,1.0716763371340032,1,1,1,1,9.176863046435843e-08
2p,full,0.002,1,93,0.1814811944961548,0.17756295100827812,0.8,0.8,0.426966503104195,0.39,0.003918243487876671,0.0,1.0947859053953717,1,1,1,1,1.7388308944507368e-07
2p,full,0.002,1,94,0.10611870530992747,0.10396396116576885,0.8,0.8,0.5497469973657281,0.51,0.0021547441441586157,0.0,1.0779352889524079,1,1,1,1,1.0929640644454414e-07
2p,full,0.002,1,95,0.02609585039317608,0.027196735898283187,0.8,0.8,0.16603589994832874,0.23,0.0011008855051071083,0.0,1.3852425895338132,1,1,0,0,9.365009028313376e-08
2p,full,0.002,2,0,0.03738024737685919,0.03640663775585092,0.8,0.8,0.9851483508571982,0.89,0.0009736096210082659,0.0,1.1069082593901103,1,1,1,1,8.261698855613734e-08
2p,full,0.002,2,1,0.10735834538936616,0.10737639261165599,0.8,0.8,0.3808224283065647,0.38,1.8047222289832576e-05,0.0,1.0021642850172756,1,1,1,1,9.707166261522912e-08
2p,full,0.002,2,2,0.18043240252882242,0.18037674439503237,0.8,0.8,0.7511071711871773,0.75,5.565813379004858e-05,0.0,1.0014762282495697,1,1,1,1,1.5747371577238573e-07
2p,full,0.002,2,3,0.0502196591347456,0.04848914728943172,0.8,0.8,0.11986220283433795,0.06999999999999998,0.0017305118453138854,0.0,1.7123171833476856,1,1,0,0,9.684794229548589e-08
2p,full,0.002,2,4,0.07690282724797726,0.07423912288330624,0.8,0.8,0.5059387106262148,0.44,0.0026637043646710185,0.0,1.1498607059686698,1,1,1,1,1.2257910851421657e-07
2p,full,0.002,2,5,0.1537976274266839,0.15809015123061923,0.8,0.8,0.14905729048885405,0.19,0.0042925238039353275,0.0,1.2746776717654578,1,1,0,0,1.8309828269056752e-07
2p,full,0.002,2,6,0.13379917293787003,0.13581426442867692,0.8,0.8,0.7668387325759977,0.8,0.0020150914908068918,0.0,1.043244121632466,1,1,1,1,1.069574428055554e-07
2p,full,0.002,2,7,0.010890919528901578,0.01099211227774188,0.8,0.8,0.38315870318561795,0.39,0.00010119274884030222,0.0,1.0178549952213087,1,1,1,1,7.88406306139448e-08
2p,full,0.002,2,8,0.01883772071450949,0.017434691636096896,0.8,0.8,0.6343946767691523,0.48000000000000004,0.0014030290784125925,0.0,1.3216555766024005,1,1,0,0,9.072993118957794e-08
2p,full,0.002,2,9,0.14897253662347795,0.15297229804640453,0.8,0.8,0.020615958478301763,0.06,0.003999761422926573,0.0,2.9103667463799865,1,1,0,0,1.2525770301542e-07
2p,full,0.002,2,10,0.16342899892479182,0.16475979875660393,0.8,0.8,0.8878326465561986,0.91,0.0013307998318121128,0.0,1.024967941345462,1,1,1,1,1.5164775908110598e-07
2p,full,0.002,2,11,0.09337013624608517,0.09386876657453805,0.8,0.8,0.26218036747537554,0.27,0.0004986303284528759,0.0,1.0298253931059842,1,1,1,1,1.1269640648147185e-07
2p,full,0.002,2,12,0.0669310610741377,0.06715106296729527,0.8,0.8,0.8661491045262665,0.87,0.00022000189315757313,0.0,1.004445996022636,1,1,1,1,9.898176753071726e-08
2p,full,0.002,2,13,0.18991724196821452,0.1877139910105082,0.8,0.8,0.4998070405051112,0.48000000000000004,0.002203250957706321,0.0,1.0412646677189816,1,1,1,1,1.5291950654101895e-07
2p,full,0.002,2,14,0.12228752076625825,0.11917347384995884,0.8,0.8,0.6245241969637573,0.5700000000000001,0.0031140469162994067,0.0,1.0956564859013285,1,1,1,1,1.2319570423970103e-07
2p,full,0.002,2,15,0.04547348525375128,0.047714358228254074,0.8,0.8,0.2464295987877995,0.32,0.002240872974502796,0.0,1.2985453110101113,1,1,0,0,6.736119349968255e-08
2p,full,0.002,2,16,0.039005095884203915,0.040672514433475936,0.8,0.8,0.5799001836590469,0.67,0.0016674185492720206,0.0,1.1553712498803543,1,1,1,1,7.41822554824529e-08
2p,full,0.002,2,17,0.11825824026018382,0.11856703368430627,0.8,0.8,0.19788092360831797,0.2,0.00030879342412244715,0.0,1.010708846275028,1,1,1,1,1.3026920356181846e-07
2p,full,0.002,2,18,0.19434170722961427,0.19463123921181585,0.8,0.8,0.8175950005557389,0.8200000000000001,0.0002895319822015796,0.0,1.002941553510756,1,1,1,1,1.0243494664169279e-07
2p,full,0.002,2,19,0.07378550376743079,0.0708729540918457,0.8,0.8,0.45518373530358075,0.39,0.0029125496755850883,0.0,1.1671377828296943,1,1,1,1,1.316424892878362e-07
2p,full,0.002,2,20,0.09715106841176749,0.09701138831584943,0.8,0.8,0.9353568144515156,0.93,0.00013968009591805441,0.0,1.005760015539264,1,1,1,1,1.040198234088003e-07
2p,full,0.002,2,21,0.17102540582418443,0.16612961346613983,0.8,0.8,0.30589529431425033,0.26,0.004895792358044604,0.0,1.1765203627471166,1,1,1,1,1.5813268417887734e-07
2p,full,0.002,2,22,0.14176829848438502,0.1434006651617239,0.8,0.8,0.6781145603302866,0.7000000000000001,0.0016323666773388756,0.0,1.032273956275255,1,1,1,1,1.362532660848371e-07
2p,full,0.002,2,23,0.015445881709456445,0.01497244195967084,0.8,0.8,0.06813989033922553,0.010000000000000004,0.00047343974978560424,0.0,6.81398903392255,1,1,0,0,6.457997377660514e-08
2p,full,0.002,2,24,0.004813533648848534,0.0037871918517689454,0.8,0.8,0.8066906025167555,0.32,0.0010263417970795886,0.0,2.520908132864861,1,1,0,0,6.932361593074546e-08
2p,full,0.002,2,25,0.12547188792377711,0.11984312860071854,0.8,0.8,0.4345468721166253,0.36000000000000004,0.005628759323058577,0.0,1.2070746447684035,0,1,0,0,1.3649005528272857e-07
2p,full,0.002,2,26,0.1617358312010765,0.16458303020506157,0.8,0.8,0.5573332524858415,0.59,0.002847199003985057,0.0,1.058612593755095,1,1,1,1,1.8545609679637974e-07
2p,full,0.002,2,27,0.08258805628865958,0.0836814897224682,0.8,0.8,0.18890561991371216,0.21,0.0010934334338086188,0.0,1.1116662389182665,1,1,1,1,1.5353146855092315e-07
2p,full,0.002,2,28,0.05907605495303869,0.05698099248531624,0.8,0.8,0.6986871779058129,0.62,0.0020950624677224527,0.0,1.1269148030738918,1,1,1,1,9.6568779118066e-08
2p,full,0.002,2,29,0.1852963209152222,0.1841755051919015,0.8,0.8,0.07910856349393725,0.06999999999999998,0.0011208157233206784,0.0,1.1301223356276753,1,1,1,1,2.0545101386716726e-07
2p,full,0.002,2,30,0.10210836175829173,0.10173296215627639,0.8,0.8,0.9443888106569648,0.9400000000000001,0.00037539960201533884,0.0,1.0046689475074093,1,1,1,1,1.254855628179576e-07
2p,full,0.002,2,31,0.028128654882311824,0.026866972110834737,0.8,0.8,0.3284055034723133,0.25,0.0012616827714770872,0.0,1.3136220138892531,1,1,0,0,8.902407812362185e-08
2p,full,0.002,2,32,0.027822854556143285,0.025954796138500758,0.8,0.8,0.7329427009634674,0.5700000000000001,0.001868058417642527,0.0,1.2858643876552058,1,1,0,0,9.738729686187188e-08
2p,full,0.002,2,33,0.10404990427196026,0.09803975524252243,0.8,0.8,0.10755888150073588,0.02,0.0060101490294378335,0.0,5.377944075036794,0,1,0,0,1.294904132801642e-07
2p,full,0.002,2,34,0.18335011806339027,0.1848903886120535,0.8,0.8,0.9747772070672363,1.0,0.0015402705486632362,0.0,1.025875443896201,1,1,1,1,1.2290443012929116e-07
2p,full,0.002,2,35,0.05938651561737061,0.06163146984526131,0.8,0.8,0.3607229481264949,0.43,0.0022449542278906998,0.0,1.1920505812932414,1,1,1,1,7.972937108088504e-08
2p,full,0.002,2,36,0.08607092946767808,0.08423715801596891,0.8,0.8,0.7792024197056889,0.72,0.001833771451709168,0.0,1.082225582924568,1,1,1,1,1.3853443303387142e-07
2p,full,0.002,2,37,0.15671487208455803,0.1565890477253452,0.8,0.8,0.4012628076132387,0.4,0.00012582435921282276,0.0,1.0031570190330967,1,1,1,1,1.3951128745568204e-07
2p,full,0.002,2,38,0.1304914053529501,0.13236671367145625,0.8,0.8,0.5259778250101954,0.55,0.001875308318506158,0.0,1.045671459608281,1,1,1,1,1.0574726680742926e-07
2p,full,0.002,2,39,0.001332102157175541,0.002026604866710524,0.8,0.8,0.15948880007490515,1.0,0.0006945027095349831,0.0,6.270032751706341,1,1,0,0,9.959224673439841e-08
2p,full,0.002,2,40,0.01589511428028345,0.01648440889223887,0.8,0.8,0.9059211727138609,1.0,0.0005892946119554175,0.0,1.1038488006680625,1,1,1,1,7.234350163383001e-08
2p,full,0.002,2,41,0.139780979976058,0.14294906663130022,0.8,0.8,0.2745284763351083,0.31,0.0031680866552422082,0.0,1.1292089044401818,1,1,1,1,1.2178242756293184e-07
2p,full,0.002,2,42,0.17301128264516594,0.1767106173851675,0.8,0.8,0.6448115522228182,0.6900000000000001,0.0036993347400015586,0.0,1.0700800840515443,1,1,1,1,1.3601035904234618e-07
2p,full,0.002,2,43,0.09670327752828599,0.09942343593359644,0.8,0.8,0.040640438729897144,0.07999999999999999,0.002720158405310452,0.0,1.9684826862153921,1,1,0,0,1.1848350892509723e-07
2p,full,0.002,2,44,0.0702629566192627,0.06826602394226754,0.8,0.8,0.6122364539001137,0.55,0.001996932676995161,0.0,1.1131571889092975,1,1,1,1,1.1826538360576555e-07
2p,full,0.002,2,45,0.19949999656528236,0.19973761509727175,0.8,0.8,0.22828070683404805,0.23,0.00023761853198939198,0.0,1.007531486956547,1,1,1,1,1.7948149910601692e-07
2p,full,0.002,2,46,0.11309529058635236,0.1151139680239889,0.8,0.8,0.8460642584785819,0.89,0.0020186774376365485,0.0,1.0519295562732134,1,1,1,1,1.1379820706575075e-07
2p,full,0.002,2,47,0.042532303370535374,0.04430387407423719,0.8,0.8,0.48945053084753454,0.56,0.0017715707037018191,0.0,1.144140142274035,1,1,1,1,9.854660630138688e-08
2p,full,0.002,2,48,0.04817214906215668,0.047854470433137127,0.8,0.8,0.8357614162191749,0.8200000000000001,0.0003176786290195535,0.0,1.0192212392916766,1,1,1,1,9.697467767075255e-08
2p,full,0.002,2,49,0.12117577102035285,0.1279028070244551,0.8,0.8,0.4674888877477497,0.5700000000000001,0.006727036004102266,0.0,1.2192803186106187,0,1,0,0,1.1814233044330234e-07
2p,full,0.002,2,50,0.19103346280753614,0.19009790720162256,0.8,0.8,0.5902693820092827,0.5800000000000001,0.0009355556059135739,0.0,1.0177058310504872,1,1,1,1,1.2414121152808991e-07
2p,full,0.002,2,51,0.06422792617231608,0.06339708138890315,0.8,0.8,0.21797857267782092,0.2,0.000830844783412929,0.0,1.0898928633891045,1,1,1,1,1.297299576415457e-07
2p,full,0.002,2,52,0.08759243581444026,0.08796778564506154,0.8,0.8,0.6657489240728319,0.67,0.00037534983062127714,0.0,1.0063854041267712,1,1,1,1,9.513622892771295e-08
2p,full,0.002,2,53,0.16771744154393675,0.17115975911756526,0.8,0.8,0.050033958489075304,0.07999999999999999,0.003442317573628506,0.0,1.5989140658832268,1,1,0,0,1.591851784768976e-07
2p,full,0.002,2,54,0.14468572791665793,0.14559089182472987,0.8,0.8,0.9153196491952985,0.93,0.0009051639080719376,0.0,1.0160384962975588,1,1,1,1,9.269040585844958e-08
2p,full,0.002,2,55,0.0246137872338295,0.022400632016333005,0.8,0.8,0.2954656121507287,0.15999999999999998,0.0022131552174964944,0.0,1.8466600759420546,1,1,0,0,8.867788691182488e-08
2p,full,0.002,2,56,0.008146478235721588,0.008673466221039323,0.8,0.8,0.5392428989056498,0.7000000000000001,0.000526987985317735,0.0,1.2981163060665126,1,1,0,0,7.411090381091372e-08
2p,full,0.002,2,57,0.13505435641855001,0.1325973883478865,0.8,0.8,0.17655556192621588,0.15000000000000002,0.0024569680706635066,0.0,1.1770370795081058,1,1,1,1,1.3941768837733078e-07
2p,full,0.002,2,58,0.15254407785832882,0.1509107625467277,0.8,0.8,0.796275554485619,0.77,0.00163331531160113,0.0,1.0341240967345702,1,1,1,1,1.3895951852395075e-07
2p,full,0.002,2,59,0.07964563462883234,0.07844481278778191,0.8,0.8,0.41452434099279345,0.39,0.0012008218410504284,0.0,1.0628829256225474,1,1,1,1,1.1106018970813089e-07
2p,full,0.002,2,60,0.056134688295423986,0.05597840579491811,0.8,0.8,0.9566783848311752,0.9500000000000001,0.0001562825005058735,0.0,1.007029878769658,1,1,1,1,9.454166133526207e-08
2p,full,0.002,2,61,0.17610428743064405,0.1755235098142551,0.8,0.8,0.34655634086579085,0.3400000000000001,0.0005807776163889444,0.0,1.01928335548762,1,1,1,1,1.690003816152646e-07
2p,full,0.002,2,62,0.11169093158096076,0.1137804029635248,0.8,0.8,0.7187701928429305,0.76,0.0020894713825640454,0.0,1.0573615984185354,1,1,1,1,8.631905432723522e-08
2p,full,0.002,2,63,0.03146074712276459,0.0341532488661414,0.8,0.8,0.08946312771178781,0.21,0.0026925017433768114,0.0,2.347335772526652,1,1,0,0,8.922898952440093e-08
2p,full,0.002,2,64,0.03339508082717657,0.031069634454283252,0.8,0.8,0.5287520331237465,0.4,0.0023254463728933188,0.0,1.3218800828093662,1,1,0,0,9.360482733475619e-08
2p,full,0.002,2,65,0.10941480100154877,0.11243132350488937,0.8,0.8,0.15669997258111834,0.2,0.003016522503340599,0.0,1.2763244096706314,1,1,0,0,1.1873767100877768e-07
2p,full,0.002,2,66,0.1777899140492082,0.17740019621946854,0.8,0.8,0.7744835242256523,0.77,0.00038971782973964975,0.0,1.0058227587346134,1,1,1,1,1.3918570372041586e-07
2p,full,0.002,2,67,0.05400960855185986,0.0525749501745626,0.8,0.8,0.40596611007116734,0.36000000000000004,0.0014346583772972543,0.0,1.1276836390865759,1,1,1,1,1.066109966787175e-07
2p,full,0.002,2,68,0.08049813173711301,0.08100682198115049,0.8,0.8,0.9775623317714781,1.0,0.0005086902440374769,0.0,1.0229526726831442,1,1,1,1,9.987511081844103e-08
2p,full,0.002,2,69,0.15134978387504816,0.14680214476108555,0.8,0.8,0.35795247230678795,0.31,0.004547639113962609,0.0,1.1546853945380255,1,1,1,1,1.4787331251804944e-07
2p,full,0.002,2,70,0.13605179935693743,0.13303705208902536,0.8,0.8,0.7282355481944979,0.68,0.0030147472679120657,0.0,1.0709346296977909,1,1,1,1,9.085245985983131e-08
2p,full,0.002,2,71,0.006709582172334194,0.010758150065010845,0.8,0.8,0.11228159778751433,1.0,0.004048567892676651,0.0,8.906178926064406,1,1,0,0,7.697506207149104e-08
2p,full,0.002,2,72,0.023030406795442104,0.02435575184001747,0.8,0.8,0.8587441219761968,1.0,0.0013253450445753663,0.0,1.1644912313329565,1,1,1,1,9.957793529266973e-08
2p,full,0.002,2,73,0.14670856148004532,0.14360960080982035,0.8,0.8,0.476756047969684,0.44,0.0030989606702249706,0.0,1.0835364726583727,1,1,1,1,1.5674833782216202e-07
2p,full,0.002,2,74,0.16588838193565608,0.16248700168711144,0.8,0.8,0.6014710653666407,0.56,0.0034013802485446387,0.0,1.0740554738690011,1,1,1,1,1.769396778392649e-07
2p,full,0.002,2,75,0.08976329229772091,0.09226274115772697,0.8,0.8,0.23903050234541298,0.28,0.002499448860006054,0.0,1.1713986175512603,1,1,1,1,1.2805809755529736e-07
2p,full,0.002,2,76,0.06312823705375195,0.06010923669122479,0.8,0.8,0.6575098854117095,0.56,0.003019000362527162,0.0,1.1741247953780527,1,1,1,1,9.423162046848346e-08
2p,full,0.002,2,77,0.19257260505110027,0.19562663325454224,0.8,0.8,0.02795675442554057,0.05000000000000001,0.003054028203441972,0.0,1.788476560581056,1,1,0,0,1.8555411942715684e-07
2p,full,0.002,2,78,0.12021799981594086,0.1249129076586425,0.8,0.8,0.895175079992041,1.0,0.004694907842701643,0.0,1.1170999085551967,1,1,1,1,1.0363713274149978e-07
2p,full,0.002,2,79,0.049471717141568665,0.05131563779060263,0.8,0.8,0.28529013257473707,0.3400000000000001,0.0018439206490339644,0.0,1.1917692243033704,1,1,1,1,1.0394533651859282e-07
2p,full,0.002,2,80,0.041049439832568174,0.042292895715524435,0.8,0.8,0.9123039188887924,1.0,0.0012434558829562611,0.0,1.09612595024038,1,1,1,1,7.837651501498113e-08
2p,full,0.002,2,81,0.11423635724931956,0.11988475506272592,0.8,0.8,0.2984959618374705,0.38,0.005648397813406356,0.0,1.2730490478357226,0,1,0,0,1.1413232351574919e-07
2p,full,0.002,2,82,0.1981681823730469,0.1998778037281347,0.8,0.8,0.6707098138146103,0.6900000000000001,0.0017096213550878148,0.0,1.0287608527385015,1,1,1,1,1.4008860800394708e-07
2p,full,0.002,2,83,0.07115531768649817,0.07346325015839893,0.8,0.8,0.04508866176940501,0.08999999999999998,0.0023079324719007532,0.0,1.9960672255096656,1,1,0,0,1.3692617761882628e-07
2p,full,0.002,2,84,0.0947153365239501,0.09393686889129345,0.8,0.8,0.5872428531292826,0.5700000000000001,0.0007784676326566542,0.0,1.0302506195250571,1,1,1,1,1.1899126629888444e-07
2p,full,0.002,2,85,0.1746574267745018,0.17684462872033638,0.8,0.8,0.2209904526732862,0.24000000000000005,0.002187201945834577,0.0,1.0860197673553693,1,1,1,1,1.868976312919426e-07
2p,full,0.002,2,86,0.13755043540149928,0.13866570312222484,0.8,0.8,0.8407104452326893,0.86,0.0011152677207255657,0.0,1.0229443500752173,1,1,1,1,1.1165594560088531e-07
2p,full,0.002,2,87,0.017686205729842187,0.02055541987019799,0.8,0.8,0.46252429521642624,0.76,0.0028692141403558018,0.0,1.643156927885005,1,1,0,0,7.308847896583882e-08
2p,full,0.002,2,88,0.002586084231734276,0.001752299710884084,0.8,0.8,0.706331733521074,0.010000000000000004,0.0008337845208501921,0.0,70.63317335210738,1,1,0,0,6.320857280177004e-08
2p,full,0.002,2,89,0.12967687640339137,0.12781407240513906,0.8,0.8,0.10191620641387998,0.07999999999999999,0.0018628039982523104,0.0,1.2739525801734999,1,1,0,0,1.4583861036813045e-07
2p,full,0.002,2,90,0.1581168755888939,0.1561634538885661,0.8,0.8,0.9672018971201033,0.93,0.0019534217003278065,0.0,1.0400020399140895,1,1,1,1,1.1791015234050789e-07
2p,full,0.002,2,91,0.0850107228383422,0.08249777330450692,0.8,0.8,0.3360484215989709,0.29000000000000004,0.002512949533835282,0.0,1.1587876606861065,1,1,1,1,9.553309749398496e-08
2p,full,0.002,2,92,0.06169489230960608,0.06203278314062474,0.8,0.8,0.7838187434896827,0.79,0.000337890831018664,0.0,1.007886078971265,1,1,1,1,8.749602177853212e-08
2p,full,0.002,2,93,0.1814811944961548,0.1774744232794136,0.8,0.8,0.426966503104195,0.39,0.004006771216741201,0.0,1.0947859053953717,1,1,1,1,1.6984842582332445e-07
2p,full,0.002,2,94,0.10611870530992747,0.10936374515717777,0.8,0.8,0.5497469973657281,0.61,0.003245039847250303,0.0,1.1096013310177075,1,1,1,1,1.3804933529244354e-07
2p,full,0.002,2,95,0.02609585039317608,0.02481779337078203,0.8,0.8,0.16603589994832874,0.08999999999999998,0.0012780570223940475,0.0,1.8448433327592084,1,1,0,0,9.167482747141218e-08
2p,full,0.002,3,0,0.03738024737685919,0.03510183213443052,0.8,0.8,0.9851483508571982,0.81,0.0022784152424286663,0.0,1.216232531922467,1,1,0,0,9.91953018810586e-08
2p,full,0.002,3,1,0.10735834538936616,0.10615395808816869,0.8,0.8,0.3808224283065647,0.36000000000000004,0.001204387301197471,0.0,1.0578400786293463,1,1,1,1,1.219794845439962e-07
2p,full,0.002,3,2,0.18043240252882242,0.18555319926087213,0.8,0.8,0.7511071711871773,0.8200000000000001,0.005120796732049709,0.0,1.0917217029148223,0,1,1,0,1.422358710183943e-07
2p,full,0.002,3,3,0.0502196591347456,0.048933633231738306,0.8,0.8,0.11986220283433795,0.07999999999999999,0.001286025903007297,0.0,1.4982775354292246,1,1,0,0,9.348167856377646e-08
2p,full,0.002,3,4,0.07690282724797726,0.07483166510736695,0.8,0.8,0.5059387106262148,0.45,0.0020711621406103026,0.0,1.1243082458360327,1,1,1,1,1.0790089814754203e-07
2p,full,0.002,3,5,0.1537976274266839,0.1539705569126037,0.8,0.8,0.14905729048885405,0.15000000000000002,0.00017292948591979274,0.0,1.0063244777095721,1,1,1,1,1.3523324089752342e-07
2p,full,0.002,3,6,0.13379917293787003,0.13387383676733625,0.8,0.8,0.7668387325759977,0.77,7.466382946622052e-05,0.0,1.0041224670712483,1,1,1,1,1.4259132622219967e-07
2p,full,0.002,3,7,0.010890919528901578,0.011749843339348396,0.8,0.8,0.38315870318561795,0.53,0.0008589238104468183,0.0,1.3832388396597273,1,1,0,0,8.246406324430951e-08
2p,full,0.002,3,8,0.01883772071450949,0.019548450167723094,0.8,0.8,0.6343946767691523,0.73,0.0007107294532136058,0.0,1.1507032242416453,1,1,1,1,8.133430923194233e-08
2p,full,0.002,3,9,0.14897253662347795,0.152769696965122,0.8,0.8,0.020615958478301763,0.06,0.0037971603416440403,0.0,2.9103667463799865,1,1,0,0,1.519657969013494e-07
2p,full,0.002,3,10,0.16342899892479182,0.16507032925828208,0.8,0.8,0.8878326465561986,0.92,0.0016413303334902596,0.0,1.0362313253162911,1,1,1,1,1.7228014848997736e-07
2p,full,0.002,3,11,0.09337013624608517,0.0965014778682569,0.8,0.8,0.26218036747537554,0.31,0.0031313416221717266,0.0,1.1823921180105743,1,1,1,1,1.251878922666397e-07
2p,full,0.002,3,12,0.0669310610741377,0.06490651818827049,0.8,0.8,0.8661491045262665,0.79,0.002024542885867203,0.0,1.096391271552236,1,1,1,1,1.0079624830776473e-07
2p,full,0.002,3,13,0.18991724196821452,0.19192906268149804,0.8,0.8,0.4998070405051112,0.52,0.002011820713283513,0.0,1.0404015106999724,1,1,1,1,1.6569250354161306e-07
2p,full,0.002,3,14,0.12228752076625825,0.12040743842074454,0.8,0.8,0.6245241969637573,0.59,0.0018800823455137061,0.0,1.058515588074165,1,1,1,1,1.1787777446253193e-07
2p,full,0.002,3,15,0.04547348525375128,0.047340239216710246,0.8,0.8,0.2464295987877995,0.31,0.0018667539629589683,0.0,1.2579657700410452,1,1,0,0,1.0342442653176974e-07
2p,full,0.002,3,16,0.039005095884203915,0.04030735850583358,0.8,0.8,0.5799001836590469,0.65,0.0013022626216296629,0.0,1.120882555854075,1,1,1,1,8.188486664649943e-08
2p,full,0.002,3,17,0.11825824026018382,0.11611399237805699,0.8,0.8,0.19788092360831797,0.17,0.002144247882126832,0.0,1.1640054329901055,1,1,1,1,1.0518879058384889e-07
2p,full,0.002,3,18,0.19434170722961427,0.19757557200164774,0.8,0.8,0.8175950005557389,0.86,0.003233864772033468,0.0,1.0518655317307928,1,1,1,1,1.425537624764912e-07
2p,full,0.002,3,19,0.07378550376743079,0.07333871320782503,0.8,0.8,0.45518373530358075,0.44,0.0004467905596057531,0.0,1.03450848932632,1,1,1,1,1.2099635753021907e-07
2p,full,0.002,3,20,0.09715106841176749,0.09520050085925302,0.8,0.8,0.9353568144515156,0.88,0.001950567552514465,0.0,1.0629054709676313,1,1,1,1,1.1500234203144036e-07
2p,full,0.002,3,21,0.17102540582418443,0.16816843587596342,0.8,0.8,0.30589529431425033,0.28,0.0028569699482210165,0.0,1.0924831939794655,1,1,1,1,1.7369166813203606e-07
2p,full,0.002,3,22,0.14176829848438502,0.1462669295504671,0.8,0.8,0.6781145603302866,0.75,0.004498631066082087,0.0,1.106007810294916,1,1,1,1,1.248076971664895e-07
2p,full,0.002,3,23,0.015445881709456445,0.014793274177969376,0.8,0.8,0.06813989033922553,0.010000000000000004,0.0006526075314870691,0.0,6.81398903392255,1,1,0,0,9.509870481482129e-08
2p,full,0.002,3,24,0.004813533648848534,0.003975418243678557,0.8,0.8,0.8066906025167555,0.44,0.000838115405169977,0.0,1.8333877329926263,1,1,0,0,9.192045730402269e-08
2p,full,0.002,3,25,0.12547188792377711,0.12796310166700892,0.8,0.8,0.4345468721166253,0.47000000000000003,0.0024912137432318016,0.0,1.0815864298152391,1,1,1,1,1.376964406347537e-07
2p,full,0.002,3,26,0.1617358312010765,0.16250372729310106,0.8,0.8,0.5573332524858415,0.5700000000000001,0.0007678960920245448,0.0,1.022727421085431,1,1,1,1,1.1598778432340249e-07
2p,full,0.002,3,27,0.08258805628865958,0.08502841183156692,0.8,0.8,0.18890561991371216,0.23,0.0024403555429073492,0.0,1.2175392140533396,1,1,0,0,1.0149792526439797e-07
2p,full,0.002,3,28,0.05907605495303869,0.0607851916090049,0.8,0.8,0.6986871779058129,0.77,0.001709136655966205,0.0,1.102066882503747,1,1,1,1,1.1855376506581177e-07
2p,full,0.002,3,29,0.1852963209152222,0.18549274582684727,0.8,0.8,0.07910856349393725,0.07999999999999999,0.00019642491162508158,0.0,1.0112685209627281,1,1,1,1,2.2121567331763727e-07
2p,full,0.002,3,30,0.10210836175829173,0.10407675097055599,0.8,0.8,0.9443888106569648,1.0,0.0019683892122642627,0.0,1.0588859045294587,1,1,1,1,8.965230630075883e-08
2p,full,0.002,3,31,0.028128654882311824,0.026263915056235747,0.8,0.8,0.3284055034723133,0.22,0.0018647398260760763,0.0,1.492752288510515,1,1,0,0,1.078209891232302e-07
2p,full,0.002,3,32,0.027822854556143285,0.026632013636332785,0.8,0.8,0.7329427009634674,0.63,0.0011908409198105006,0.0,1.1634011126404245,1,1,1,1,8.1507857647424e-08
2p,full,0.002,3,33,0.10404990427196026,0.10598721548610732,0.8,0.8,0.10755888150073588,0.14,0.0019373112141470583,0.0,1.3016126427369197,1,1,0,0,1.1187713697380512e-07
2p,full,0.002,3,34,0.18335011806339027,0.18194462996854247,0.8,0.8,0.9747772070672363,0.9500000000000001,0.0014054880948478066,0.0,1.0260812705970908,1,1,1,1,1.274106311812526e-07
2p,full,0.002,3,35,0.05938651561737061,0.05972569457826197,0.8,0.8,0.3607229481264949,0.37,0.000339178960891362,0.0,1.0257179420430216,1,1,1,1,1.3630008270299905e-07
2p,full,0.002,3,36,0.08607092946767808,0.08914457062459684,0.8,0.8,0.7792024197056889,0.87,0.0030736411569187577,0.0,1.116526306898028,1,1,1,1,9.877886713295837e-08
2p,full,0.002,3,37,0.15671487208455803,0.16197887448674972,0.8,0.8,0.4012628076132387,0.46,0.0052640024021916865,0.0,1.146380853825296,0,1,1,0,1.420068178067925e-07
2p,full,0.002,3,38,0.1304914053529501,0.13013456995320438,0.8,0.8,0.5259778250101954,0.52,0.00035683539974570855,0.0,1.0114958173272988,1,1,1,1,1.109789528825582e-07
2p,full,0.002,3,39,0.001332102157175541,0.0011127548917545232,0.8,0.8,0.15948880007490515,0.010000000000000004,0.0002193472654210178,0.0,15.948880007490509,1,1,0,0,8.448892155087105e-08
2p,full,0.002,3,40,0.01589511428028345,0.01644389088996253,0.8,0.8,0.9059211727138609,1.0,0.0005487766096790789,0.0,1.1038488006680625,1,1,1,1,7.655004731825433e-08
2p,full,0.002,3,41,0.139780979976058,0.14205286941165549,0.8,0.8,0.2745284763351083,0.3,0.002271889435597474,0.0,1.0927828107485629,1,1,1,1,1.3325519300612563e-07
2p,full,0.002,3,42,0.17301128264516594,0.17416379594516795,0.8,0.8,0.6448115522228182,0.66,0.0011525133000020171,0.0,1.023554863005825,1,1,1,1,1.2626159534536057e-07
2p,full,0.002,3,43,0.09670327752828599,0.09545427098139445,0.8,0.8,0.040640438729897144,0.02,0.0012490065468915429,0.0,2.032021936494857,1,1,0,0,1.1900167209518127e-07
2p,full,0.002,3,44,0.0702629566192627,0.07207971421748395,0.8,0.8,0.6122364539001137,0.66,0.0018167575982212525,0.0,1.0780148679413313,1,1,1,1,1.0539604859358427e-07
2p,full,0.002,3,45,0.19949999656528236,0.19581090821757136,0.8,0.8,0.22828070683404805,0.2,0.003689088347711006,0.0,1.1414035341702402,1,1,1,1,1.5720476902638364e-07
2p,full,0.002,3,46,0.11309529058635236,0.10996798500153901,0.8,0.8,0.8460642584785819,0.78,0.0031273055848133474,0.0,1.0846977672802331,1,1,1,1,1.0649430964983305e-07
2p,full,0.002,3,47,0.042532303370535374,0.042339486136832305,0.8,0.8,0.48945053084753454,0.48000000000000004,0.0001928172337030687,0.0,1.0196886059323635,1,1,1,1,1.0380789816551556e-07
2p,full,0.002,3,48,0.04817214906215668,0.04641139521616916,0.8,0.8,0.8357614162191749,0.75,0.00176075384598752,0.0,1.1143485549588998,1,1,1,1,9.451325981298564e-08
2p,full,0.002,3,49,0.12117577102035285,0.11730645392321548,0.8,0.8,0.4674888877477497,0.41000000000000003,0.0038693170971373647,0.0,1.1402167993847554,1,1,1,1,1.5136568226829336e-07
2p,full,0.002,3,50,0.19103346280753614,0.19010831739496148,0.8,0.8,0.5902693820092827,0.5800000000000001,0.0009251454125746572,0.0,1.0177058310504872,1,1,1,1,1.8664108971558057e-07
2p,full,0.002,3,51,0.06422792617231608,0.06594563219358042,0.8,0.8,0.21797857267782092,0.26,0.001717706021264337,0.0,1.1927777891466793,1,1,1,1,1.2428962052449398e-07
2p,full,0.002,3,52,0.08759243581444026,0.0887356685057273,0.8,0.8,0.6657489240728319,0.7000000000000001,0.0011432326912870355,0.0,1.051447437147373,1,1,1,1,1.2075391679841073e-07
2p,full,0.002,3,53,0.16771744154393675,0.17227921856683753,0.8,0.8,0.050033958489075304,0.08999999999999998,0.0045617770229007815,0.0,1.7987783241186301,1,1,0,0,1.6100439726859983e-07
2p,full,0.002,3,54,0.14468572791665793,0.14911069555754006,0.8,0.8,0.9153196491952985,1.0,0.004424967640882127,0.0,1.0925145121479125,1,1,1,1,1.2561283138380706e-07
2p,full,0.002,3,55,0.0246137872338295,0.027497979699463132,0.8,0.8,0.2954656121507287,0.48000000000000004,0.002884192465633633,0.0,1.624554534471961,1,1,0,0,9.364261387025352e-08
2p,full,0.002,3,56,0.008146478235721588,0.009679640737705102,0.8,0.8,0.5392428989056498,0.91,0.0015331625019835132,0.0,1.6875511978864663,1,1,0,0,7.311612802083798e-08
2p,full,0.002,3,57,0.13505435641855001,0.1318430776160723,0.8,0.8,0.17655556192621588,0.14,0.0032112788024777073,0.0,1.2611111566158275,1,1,0,0,1.4027331722481754e-07
2p,full,0.002,3,58,0.15254407785832882,0.15305088592898786,0.8,0.8,0.796275554485619,0.8,0.0005068080706590317,0.0,1.0046773324804463,1,1,1,1,1.1731434843062727e-07
2p,full,0.002,3,59,0.07964563462883234,0.0794483006653824,0.8,0.8,0.41452434099279345,0.41000000000000003,0.0001973339634499388,0.0,1.0110349780312036,1,1,1,1,1.0375555833809857e-07
2p,full,0.002,3,60,0.056134688295423986,0.056703069452898436,0.8,0.8,0.9566783848311752,0.98,0.0005683811574744499,0.0,1.0243776963487476,1,1,1,1,8.567623665335257e-08
2p,full,0.002,3,61,0.17610428743064405,0.18092798795554782,0.8,0.8,0.34655634086579085,0.39,0.0048237005249037734,0.0,1.1253581424182724,1,1,1,1,1.4379326815216692e-07
2p,full,0.002,3,62,0.11169093158096076,0.11525660216565162,0.8,0.8,0.7187701928429305,0.79,0.003565670584690858,0.0,1.099099556250846,1,1,1,1,1.00146766426958e-07
2p,full,0.002,3,63,0.03146074712276459,0.029812853052412026,0.8,0.8,0.08946312771178781,0.010000000000000004,0.001647894070352561,0.0,8.946312771178778,1,1,0,0,8.711981199748942e-08
2p,full,0.002,3,64,0.03339508082717657,0.03177594149675921,0.8,0.8,0.5287520331237465,0.44,0.0016191393304173587,0.0,1.201709166190333,1,1,0,0,8.859945561532851e-08
2p,full,0.002,3,65,0.10941480100154877,0.10662167531183389,0.8,0.8,0.15669997258111834,0.12000000000000001,0.002793125689714876,0.0,1.3058331048426528,1,1,0,0,1.1022906363086582e-07
2p,full,0.002,3,66,0.1777899140492082,0.18036441711709353,0.8,0.8,0.7744835242256523,0.81,0.002574503067885342,0.0,1.0458582715621458,1,1,1,1,1.649910383208213e-07
2p,full,0.002,3,67,0.05400960855185986,0.05542583282674631,0.8,0.8,0.40596611007116734,0.45,0.0014162242748864545,0.0,1.1084669109968646,1,1,1,1,1.0470461730822428e-07
2p,full,0.002,3,68,0.08049813173711301,0.08106551529627269,0.8,0.8,0.9775623317714781,1.0,0.0005673835591596815,0.0,1.0229526726831442,1,1,1,1,9.614104995389614e-08
2p,full,0.002,3,69,0.15134978387504816,0.14963294740951746,0.8,0.8,0.35795247230678795,0.3400000000000001,0.0017168364655306967,0.0,1.0528013891376113,1,1,1,1,1.3090654762807283e-07
2p,full,0.002,3,70,0.13605179935693743,0.13491401570207986,0.8,0.8,0.7282355481944979,0.7100000000000001,0.0011377836548575604,0.0,1.0256838706964757,1,1,1,1,8.992050991992076e-08
2p,full,0.002,3,71,0.006709582172334194,0.009363807179560797,0.8,0.8,0.11228159778751433,0.68,0.0026542250072266026,0.0,6.056201669723797,1,1,0,0,7.380286092756758e-08
2p,full,0.002,3,72,0.023030406795442104,0.022564146663423882,0.8,0.8,0.8587441219761968,0.8200000000000001,0.00046626013201822233,0.0,1.0472489292392642,1,1,1,1,1.0090384856830239e-07
2p,full,0.002,3,73,0.14670856148004532,0.14542496046139305,0.8,0.8,0.476756047969684,0.46,0.0012836010186522695,0.0,1.0364261912384434,1,1,1,1,1.3254686106666274e-07
2p,full,0.002,3,74,0.16588838193565608,0.16677447882381435,0.8,0.8,0.6014710653666407,0.61,0.000886096888158272,0.0,1.0141801245720112,1,1,1,1,1.4851628786893826e-07
2p,full,0.002,3,75,0.08976329229772091,0.09280079656046433,0.8,0.8,0.23903050234541298,0.29000000000000004,0.0030375042627434207,0.0,1.2132342824638052,1,1,0,0,1.1807030883848701e-07
2p,full,0.002,3,76,0.06312823705375195,0.06352232466666012,0.8,0.8,0.6575098854117095,0.67,0.00039408761290816996,0.0,1.0189960863941532,1,1,1,1,9.109382848771706e-08
2p,full,0.002,3,77,0.19257260505110027,0.19047630294739223,0.8,0.8,0.02795675442554057,0.010000000000000004,0.0020963021037080365,0.0,2.7956754425540558,1,1,0,0,1.7853033787896853e-07
2p,full,0.002,3,78,0.12021799981594086,0.11940417983899189,0.8,0.8,0.895175079992041,0.88,0.0008138199769489735,0.0,1.0172444090818649,1,1,1,1,1.2413315202941204e-07
2p,full,0.002,3,79,0.049471717141568665,0.05196724384597884,0.8,0.8,0.28529013257473707,0.36000000000000004,0.002495526704410174,0.0,1.2618732963212156,1,1,0,0,9.145064616914875e-08
2p,full,0.002,3,80,0.041049439832568174,0.03741504195139799,0.8,0.8,0.9123039188887924,0.68,0.003634397881170183,0.0,1.3416234101305768,1,1,0,0,7.878198498892713e-08
2p,full,0.002,3,81,0.11423635724931956,0.10707948016422089,0.8,0.8,0.2984959618374705,0.2,0.00715687708509867,0.0,1.4924798091873526,0,1,0,0,1.1780884616768424e-07
2p,full,0.002,3,82,0.1981681823730469,0.19812734755847258,0.8,0.8,0.6707098138146103,0.67,4.083481457431426e-05,0.0,1.0010594236038959,1,1,1,1,1.7203964831285918e-07
2p,full,0.002,3,83,0.07115531768649817,0.06948833146727751,0.8,0.8,0.04508866176940501,0.010000000000000004,0.0016669862192206647,0.0,4.508866176940499,1,1,0,0,1.0808158560450293e-07
2p,full,0.002,3,84,0.0947153365239501,0.09211661341571849,0.8,0.8,0.5872428531292826,0.53,0.0025987231082316153,0.0,1.1080053832627972,1,1,1,1,8.25190435186587e-08
2p,full,0.002,3,85,0.1746574267745018,0.17907089002490023,0.8,0.8,0.2209904526732862,0.26,0.004413463250398431,0.0,1.1765214146349832,1,1,1,1,2.0306965799199811e-07
2p,full,0.002,3,86,0.13755043540149928,0.1380711005130245,0.8,0.8,0.8407104452326893,0.85,0.0005206651115252092,0.0,1.0110496483301565,1,1,1,1,1.1406375375755902e-07
2p,full,0.002,3,87,0.017686205729842187,0.018010518503253355,0.8,0.8,0.46252429521642624,0.5,0.00032431277341116865,0.0,1.0810242946611874,1,1,1,1,9.080702066663934e-08
2p,full,0.002,3,88,0.002586084231734276,0.0029417454291267194,0.8,0.8,0.706331733521074,1.0,0.0003556611973924433,0.0,1.4157653586013832,1,1,0,0,7.541213675569047e-08
2p,full,0.002,3,89,0.12967687640339137,0.12689773459695153,0.8,0.8,0.10191620641387998,0.06999999999999998,0.0027791418064398443,0.0,1.4559458059125716,1,1,0,0,1.5608420019295344e-07
2p,full,0.002,3,90,0.1581168755888939,0.15762162956687983,0.8,0.8,0.9672018971201033,0.9600000000000001,0.000495246022014062,0.0,1.0075019761667743,1,1,1,1,9.499002945785575e-08
2p,full,0.002,3,91,0.0850107228383422,0.08674074693798747,0.8,0.8,0.3360484215989709,0.37,0.0017300240996452748,0.0,1.1010318044033123,1,1,1,1,1.2656549489102918e-07
2p,full,0.002,3,92,0.06169489230960608,0.06352477712235638,0.8,0.8,0.7838187434896827,0.86,0.0018298848127503015,0.0,1.0971924403990985,1,1,1,1,8.762497598522585e-08
2p,full,0.002,3,93,0.1814811944961548,0.18287628438446035,0.8,0.8,0.426966503104195,0.44,0.0013950898883055562,0.0,1.0305258065938356,1,1,1,1,1.487415362837776e-07
2p,full,0.002,3,94,0.10611870530992747,0.11043415028280695,0.8,0.8,0.5497469973657281,0.63,0.004315444972879487,0.0,1.1459817025264847,1,1,1,1,1.2000181421348225e-07
2p,full,0.002,3,95,0.02609585039317608,0.027293599380807557,0.8,0.8,0.16603589994832874,0.23,0.0011977489876314786,0.0,1.3852425895338132,1,1,0,0,9.280151908077873e-08
3p,development,0.0,0,0,0.10726027246564628,0.1060371365522825,0.6441382817924023,0.6500000000000002,0.2696949787810445,0.26,0.0012231359133637737,0.005861718207597955,1.0372883799270942,1,1,1,1,1.8834248286649727e-13
3p,development,0.0,0,1,0.18640026794746523,0.18549066482410487,0.9559115804731846,0.9600000000000005,0.971627541994676,0.9600000000000001,0.0009096031233603585,0.004088419526815934,1.012112022911121,1,1,1,1,1.0823242097451063e-13
3p,development,0.0,0,2,0.1428764013107866,0.14562259867824537,0.5555918276309967,0.5500000000000002,0.08971024096943438,0.09999999999999998,0.0027461973674587636,0.0055918276309965265,1.1146999374806215,1,1,1,1,8.27078193031644e-12
3p,development,0.0,0,3,0.06402840954251587,0.06440819116870662,1.0443556383252144,1.0400000000000005,0.6870323592238128,0.7000000000000001,0.00037978162619074773,0.004355638325213906,1.0188748617180676,1,1,1,1,2.523759171560612e-13
3p,development,0.0,0,4,0.08208682276308538,0.07886624965282994,0.4151828698813915,0.44000000000000006,0.8197801645565778,0.78,0.003220573110255434,0.024817130118608532,1.0510002109699714,1,1,1,1,3.915580967226564e-14
3p,development,0.0,0,5,0.16232083542272452,0.16419720883709893,1.184769431501627,1.1800000000000006,0.4234762634523213,0.45,0.0018763734143744104,0.004769431501626453,1.0626333488716657,1,1,1,1,5.56420926218485e-12
3p,development,0.0,0,6,0.1683451309334487,0.16702063754026214,0.7845472395420074,0.7900000000000004,0.5315595193207264,0.52,0.0013244933931865488,0.005452760457992922,1.0222298448475509,1,1,1,1,3.1378010407040136e-13
3p,development,0.0,0,7,0.08781711296178402,0.08860534499166718,0.8154977872967719,0.8100000000000004,0.24711703973822297,0.26,0.0007882320298831652,0.005497787296771528,1.052133030872433,1,1,1,1,1.397478931068111e-12
3p,development,0.0,0,8,0.10279531534761191,0.10433515775325944,0.5490358240902424,0.5400000000000001,0.6167082849889993,0.63,0.001539842405647529,0.009035824090242284,1.021552677877901,1,1,1,1,8.566007076106412e-14
3p,development,0.0,0,9,0.17387523697689178,0.17450066750113172,1.05090998634696,1.0500000000000007,0.16245699803344907,0.17,0.0006254305242399394,0.0009099863469592684,1.0464307604957583,1,1,1,1,8.67130227721343e-12
3p,development,0.0,0,10,0.14675654745660724,0.14514146453211837,0.65123101323843,0.6600000000000003,0.7963870982546359,0.78,0.0016150829244888643,0.00876898676157023,1.0210091003264563,1,1,1,1,1.505396584198266e-13
3p,development,0.0,0,11,0.07597091835923493,0.07450794485925627,0.9488197416067123,0.9600000000000005,0.4463837037421763,0.41000000000000003,0.001462973499978662,0.011180258393288178,1.0887407408345762,1,1,1,1,1.8930019524087742e-12
3p,development,0.0,0,12,0.057839697971940045,0.057542725278237936,0.7170537360012531,0.7200000000000003,0.06656298973597585,0.06,0.00029697269370210916,0.0029462639987472006,1.1093831622662642,1,1,1,1,6.143737339287419e-13
3p,development,0.0,0,13,0.12738607330247761,0.12799221696718963,0.8829896353185176,0.8800000000000004,0.7106690130196511,0.72,0.0006061436647120111,0.0029896353185171476,1.0131298632829104,1,1,1,1,2.0826873034830947e-12
3p,development,0.0,0,14,0.1920029028784484,0.18857339905779166,0.4832131013274193,0.4900000000000001,0.3545986079797149,0.35000000000000003,0.0034295038206567374,0.00678689867258081,1.0131388799420424,1,1,1,1,1.2704245548114895e-12
3p,development,0.0,0,15,0.12216481105424465,0.12333744860985824,1.1167400926351547,1.1100000000000008,0.8862389653827996,0.91,0.001172637555613587,0.00674009263515396,1.026811092205743,1,1,1,1,3.9000792587719423e-13
3p,development,0.0,0,16,0.12014189446344974,0.12982141980538595,0.46607877388596536,0.45000000000000007,0.18351556524634363,0.19,0.00967952534193621,0.016078773885965292,1.0353345218698584,0,1,1,0,5.110101636083341e-13
3p,development,0.0,0,17,0.19928185362368822,0.1970992721840749,1.13396779820323,1.1400000000000006,0.5951673667412252,0.5700000000000001,0.0021825814396133347,0.006032201796770664,1.0441532749846054,1,1,1,1,2.662281223079211e-12
3p,development,0.0,0,18,0.13001310830004514,0.13892540016449492,0.7341914966702461,0.6900000000000003,0.4871974073816091,0.5700000000000001,0.008912291864449778,0.0441914966702458,1.1699569648028398,0,0,1,0,6.541587302303907e-12
3p,development,0.0,0,19,0.051165080210193996,0.05153799967044517,0.8657653629779816,0.8600000000000004,0.7560502873547376,0.77,0.0003729194602511768,0.005765362977981137,1.0184507735511477,1,1,1,1,2.0782609411753972e-14
3p,development,0.0,0,20,0.06922351187095047,0.06750064415877592,0.6996233619749546,0.7200000000000003,0.7471358040068299,0.7100000000000001,0.0017228677121745445,0.020376638025045746,1.052303949305394,1,1,1,1,1.7777647383456359e-12
3p,development,0.0,0,21,0.1494575597345829,0.14948304880641236,0.9003256492316722,0.9000000000000005,0.02961364118382335,0.029999999999999995,2.5489071829448706e-05,0.0003256492316717763,1.0130466501494486,1,1,1,1,1.0845758517910452e-12
3p,development,0.0,0,22,0.1812267350498587,0.17211517650292527,0.5006469085812568,0.5400000000000001,0.911644238717854,0.8400000000000001,0.009111558546933435,0.039353091418743325,1.0852907603783977,0,0,1,0,1.323297445505831e-12
3p,development,0.0,0,23,0.10069875228218736,0.10071818993481721,1.099407511949539,1.1000000000000005,0.3296700208541006,0.33,1.943765262985009e-05,0.000592488050461526,1.0010009376801825,1,1,1,1,2.7972103614021215e-12
3p,development,0.0,0,24,0.0945832052268088,0.09503684653744769,0.7642075203359127,0.7600000000000003,0.950148934982717,0.9600000000000001,0.00045364131063889424,0.004207520335912318,1.0103679167071447,1,1,1,1,2.1625713119893712e-14
3p,development,0.0,0,25,0.16566309053450823,0.1645022114799085,0.8357472069561481,0.8400000000000004,0.29069501130841674,0.28,0.0011608790545997172,0.004252793043852288,1.0381964689586312,1,1,1,1,1.4200927299770313e-12
3p,development,0.0,0,26,0.1549870223272592,0.15073777289614246,0.43552525937557224,0.45000000000000007,0.6466370136383921,0.63,0.004249249431116736,0.014474740624427829,1.026407958156178,1,1,1,1,3.474332065397723e-13
3p,development,0.0,0,27,0.08420135690830649,0.08525284955895436,1.1645226821303367,1.1600000000000006,0.13058625584468245,0.15999999999999998,0.00105149265064787,0.004522682130336131,1.2252437974046966,1,1,0,0,4.19052674262043e-12
3p,development,0.0,0,28,0.06607011919841171,0.06543866662155266,0.5947254322469234,0.6000000000000002,0.38646838021464647,0.38,0.0006314525768590512,0.005274567753076775,1.017022053196438,1,1,1,1,2.4061634056699805e-13
3p,development,0.0,0,29,0.13561652973294258,0.13466490360583253,1.0053268559277058,1.0100000000000007,0.8563092667795718,0.8400000000000001,0.0009516261271100557,0.00467314407229491,1.0194157937852044,1,1,1,1,2.25708027935878e-12
3p,development,0.0,0,30,0.183790739113465,0.18590789052371043,0.6050073474645614,0.6000000000000002,0.22225076384842396,0.23,0.0021171514102454325,0.005007347464561218,1.0348670844472825,1,1,1,1,3.8305859222169015e-13
3p,development,0.0,0,31,0.11395268249325455,0.1130033624216668,0.9949430331587791,1.0000000000000004,0.5569062579702586,0.54,0.0009493200715877531,0.005056966841221366,1.0313078851301085,1,1,1,1,7.588260303321931e-13
3p,development,0.0,0,32,0.11176003082655372,0.11428536917471815,0.5669591173529624,0.5500000000000002,0.8010156985931098,0.8300000000000001,0.00252533834816443,0.016959117352962294,1.0361844361574908,1,1,1,1,4.5140478405473415e-13
3p,development,0.0,0,33,0.18129595671780407,0.18215710192899312,1.0330903261899946,1.0300000000000007,0.47027277142740787,0.48000000000000004,0.0008611452111890461,0.0030903261899939416,1.020684226609734,1,1,1,1,1.9307982482983663e-12
3p,development,0.0,0,34,0.13810214567929507,0.13681561847142473,0.6335030324757099,0.6400000000000002,0.6101431994792074,0.6,0.0012865272078703416,0.006496967524290298,1.0169053324653456,1,1,1,1,4.563502802142158e-13
3p,development,0.0,0,35,0.06827192837372423,0.06769753730398394,0.9664440892636775,0.9700000000000005,0.13663156319409608,0.12000000000000001,0.0005743910697402904,0.003555910736322998,1.1385963599508007,1,1,1,1,6.50712188696681e-13
3p,development,0.0,0,36,0.08639401751570405,0.08480633898285848,0.7989412054419518,0.8100000000000004,0.37655408191494644,0.35000000000000003,0.0015876785328455684,0.01105879455804859,1.0758688054712755,1,1,1,1,7.339385163108113e-13
3p,development,0.0,0,37,0.15748179578222338,0.15772438846690195,0.8010106772184371,0.8000000000000004,0.8966683469712734,0.9,0.00024259268467857753,0.0010106772184367285,1.0037155912104851,1,1,1,1,6.808031483266583e-13
3p,development,0.0,0,38,0.16317746564745905,0.092261590478297,0.4015209443867207,0.42000000000000004,0.0465383361466229,0.06999999999999998,0.07091587516916205,0.018479055613279338,1.504136284104768,0,1,0,0,4.3061033282659305e-14
3p,development,0.0,0,39,0.092381404992193,0.09383034019378171,1.1985237382352352,1.1900000000000008,0.7021703337598592,0.74,0.0014489352015887164,0.008523738235234335,1.0538753410979032,1,1,1,1,9.043986218165105e-13
3p,development,0.0,0,40,0.09849687381647529,0.09540564294189416,0.6648868262767792,0.6800000000000003,0.08465772101655603,0.05000000000000001,0.00309123087458113,0.015113173723221074,1.6931544203311202,1,1,0,0,5.707717831568851e-12
3p,development,0.0,0,41,0.17874103640206163,0.17759035331763684,0.9350593283772468,0.9400000000000005,0.6625985260028392,0.65,0.0011506830844247862,0.0049406716227536895,1.0193823476966757,1,1,1,1,1.5049609468705167e-12
3p,development,0.0,0,42,0.15195240247994662,0.14615108684364875,0.5346479706466198,0.5500000000000002,0.27668209563009444,0.26,0.005801315636297877,0.015352029353380314,1.064161906269594,0,1,1,0,6.561189401521578e-13
3p,development,0.0,0,43,0.07141623729839922,0.07007296280465587,1.0654032029211522,1.0800000000000005,0.9979958540946245,0.9500000000000001,0.0013432744937433433,0.014596797078848311,1.050521951678552,1,1,1,1,4.097369081432319e-13
3p,development,0.0,0,44,0.053366967616602784,0.05059000626619551,0.49384223818778994,0.5200000000000001,0.5090592798497527,0.48000000000000004,0.002776961350407274,0.02615776181221019,1.0605401663536516,1,1,1,1,6.55275990449962e-14
3p,development,0.0,0,45,0.13249879800714554,0.1345493749324342,1.1062014773488045,1.1000000000000005,0.2362637385353446,0.27,0.0020505769252886774,0.006201477348803941,1.1427906866868127,1,1,1,1,7.678178483077623e-12
3p,development,0.0,0,46,0.19678700193762783,0.19332927195809915,0.7056925587356091,0.7200000000000003,0.8403476954065263,0.81,0.003457729979528673,0.014307441264391207,1.0374662906253411,1,1,1,1,1.4721232871607207e-12
3p,development,0.0,0,47,0.1179491779766977,0.12058773563453104,0.8942610539495945,0.8800000000000004,0.43239697405137123,0.47000000000000003,0.002638557657833343,0.014261053949594094,1.086964128347858,1,1,1,1,2.306462770195909e-12
3p,development,0.0,0,48,0.12465965938754381,0.12201120663006211,0.7448200672864913,0.7600000000000003,0.642081995178014,0.61,0.002648452757481698,0.015179932713509037,1.0525934347180557,1,1,1,1,1.5807450565738156e-12
3p,development,0.0,0,49,0.1941956204827875,0.19230409506173654,0.855226181447506,0.8600000000000004,0.10661982973106204,0.08999999999999998,0.0018915254210509491,0.00477381855249448,1.1846647747895784,1,1,1,1,3.516732220787961e-12
3p,development,0.0,0,50,0.1251841892488301,0.11783958829074859,0.45471739992499355,0.5000000000000001,0.9566365440469236,0.87,0.00734460095808151,0.04528260007500656,1.0995822345366937,0,0,1,0,4.865038498805044e-13
3p,development,0.0,0,51,0.05535400714725256,0.05470766599730483,1.145239020138979,1.1500000000000008,0.31659414604306224,0.29000000000000004,0.0006463411499477295,0.004760979861021752,1.0917039518726284,1,1,1,1,6.03766728707656e-13
3p,development,0.0,0,52,0.0734760789666325,0.07964019613430873,0.5143021553754806,0.4900000000000001,0.20021793148480357,0.22,0.006164117167676231,0.024302155375480528,1.0988026815005723,0,1,1,0,3.476928260681287e-13
3p,development,0.0,0,53,0.14456382091157138,0.14347393052336707,1.0856465324759483,1.0900000000000007,0.5465504582598806,0.53,0.001089890388204312,0.004353467524052412,1.0312272797356237,1,1,1,1,6.517870156990231e-13
3p,development,0.0,0,54,0.17607711208984256,0.17174383793422285,0.6852353118360043,0.7000000000000003,0.40656673369929197,0.38,0.00433327415561971,0.01476468816399601,1.0699124571034,1,1,1,1,1.7992277674898817e-12
3p,development,0.0,0,55,0.10528101511299612,0.10457097234012488,0.9148186691105366,0.9200000000000005,0.8647304695937783,0.85,0.0007100427728712333,0.005181330889463931,1.0173299642279745,1,1,1,1,3.340474000396169e-13
3p,development,0.0,0,56,0.09030273449607194,0.092466814789999,0.4499194100499153,0.44000000000000006,0.4922971913777292,0.5,0.002164080293927062,0.009919410049915256,1.0156466637575443,1,1,1,1,1.5118399656518583e-13
3p,development,0.0,0,57,0.1705469322856516,0.17051564665526978,1.1500357568264006,1.1500000000000008,0.7804406330827623,0.78,3.128563038182208e-05,3.575682639977984e-05,1.0005649142086697,1,1,1,1,1.9158346359599311e-13
3p,development,0.0,0,58,0.16012817816808822,0.1631965051232929,0.7505461730062961,0.7400000000000003,0.17648507892154158,0.2,0.0030683269552046755,0.01054617300629579,1.1332402785671885,1,1,1,1,9.285556423498854e-12
3p,development,0.0,0,59,0.07959204819053411,0.08061504800490832,0.8495020918548106,0.8400000000000004,0.5688462006673217,0.59,0.0010229998143742036,0.009502091854810213,1.0371872033387275,1,1,1,1,7.984411216597938e-13
3p,development,0.0,0,60,0.061542796948924665,0.06347463209167924,0.6163748219609261,0.5900000000000002,0.9341009906958788,0.99,0.0019318351427545719,0.026374821960925887,1.0598425757609764,1,1,1,1,2.778814246893077e-13
3p,development,0.0,0,61,0.140674591017887,0.13918699016377148,0.9836779057979583,0.9900000000000005,0.3405705861002207,0.32,0.0014876008541155339,0.006322094202042217,1.0642830815631896,1,1,1,1,4.77432207838997e-12
3p,development,0.0,0,62,0.18859291626140479,0.19234159411677615,0.5840907610952855,0.5700000000000002,0.7266154191829264,0.75,0.003748677855371363,0.014090761095285287,1.0321828854710644,1,1,1,1,3.5244284703771935e-13
3p,development,0.0,0,63,0.10975505597889425,0.11123582342438691,1.015859942883253,1.0100000000000007,0.020649561109021306,0.05000000000000001,0.0014807674454926645,0.0058599428832524225,2.421358969133547,1,1,0,0,1.3485511347533587e-11
3p,development,0.0,0,64,0.11032400601543488,0.11210180187402001,0.4085817039012909,0.4,0.7181733780354261,0.73,0.0017777958585851322,0.008581703901290871,1.0164676418345189,1,1,1,1,9.361216013571644e-15
3p,development,0.0,0,65,0.19033374297432604,0.19120861155496754,1.1914617255330087,1.1900000000000008,0.05859860475175083,0.06999999999999998,0.000874868580641508,0.0014617255330078294,1.1945676914416379,1,1,1,1,5.9535119181046225e-12
3p,development,0.0,0,66,0.1401079303584993,0.13877114442794716,0.7919292740523816,0.8000000000000004,0.8787315466720611,0.86,0.0013367859305521423,0.008070725947618818,1.021780868223327,1,1,1,1,1.5955823401077337e-13
3p,development,0.0,0,67,0.05980425849556924,0.06054691529405798,0.8080238617956639,0.8000000000000004,0.36255993926897645,0.38,0.0007426567984887417,0.0080238617956635,1.048102558617446,1,1,1,1,5.643140363817362e-13
3p,development,0.0,0,68,0.07902309899218381,0.07672522804338465,0.6265019595623016,0.6400000000000002,0.15449283801950514,0.13,0.0022978709487991578,0.013498040437698644,1.1884064463038857,1,1,1,1,1.0764009075160178e-12
3p,development,0.0,0,69,0.15838735117577019,0.16364356776359248,0.9734437182545662,0.9500000000000005,0.6242128749750555,0.6900000000000001,0.005256216587822299,0.023443718254565704,1.1053921308937653,0,1,1,0,9.205464547420601e-12
3p,development,0.0,0,70,0.17111359322443606,0.17243687352890413,0.5740090183913708,0.5700000000000002,0.45434525262564424,0.46,0.0013232803044680719,0.004009018391370578,1.012445925959779,1,1,1,1,2.5385733081481693e-13
3p,development,0.0,0,71,0.09204127211123705,0.09289777672153832,1.0260418690741062,1.0200000000000005,0.7888798971381038,0.81,0.0008565046103012619,0.006041869074105755,1.0267722665243666,1,1,1,1,1.3306131565574936e-12
3p,development,0.0,0,72,0.10467572980560363,0.10799086126065445,0.7095923647284508,0.6900000000000003,0.415483554340899,0.45,0.0033151314550508154,0.019592364728450495,1.0830753595382518,1,1,1,1,2.209226232006178e-12
3p,development,0.0,0,73,0.17429995345883073,0.17450732132792685,0.8903598040342331,0.8900000000000005,0.8272562054451555,0.8300000000000001,0.0002073678690961145,0.00035980403423263585,1.0033167409767183,1,1,1,1,3.1059188050439065e-12
3p,development,0.0,0,74,0.14516681795939806,0.1322982031056347,0.4898936040699482,0.5200000000000001,0.25511047170497475,0.23,0.012868614853763366,0.030106395930051932,1.1091759639346728,0,0,1,0,1.3722166891178943e-12
3p,development,0.0,0,75,0.07525094822049141,0.07377089613766565,1.1101515553891659,1.1200000000000006,0.5240842012874782,0.48000000000000004,0.0014800520828257696,0.009848444610834672,1.0918420860155795,1,1,1,1,3.093253804904803e-12
3p,development,0.0,0,76,0.05595929329283536,0.05533669763168176,0.5307346090674401,0.5400000000000001,0.9791038078535348,0.9600000000000001,0.0006225956611536007,0.00926539093256007,1.019899799847432,1,1,1,1,9.942994791665647e-15
3p,development,0.0,0,77,0.12696134760044517,0.1268630042913987,1.0693153113126754,1.0700000000000007,0.2617024946399033,0.26,9.834330904645583e-05,0.0006846886873252966,1.0065480563073204,1,1,1,1,1.1388945860663583e-12
3p,development,0.0,0,78,0.19359262371435765,0.19070137528238562,0.6687513597309589,0.6800000000000003,0.679557258784771,0.66,0.0028912484319720266,0.011248640269041377,1.029632210279956,1,1,1,1,1.926729007949312e-12
3p,development,0.0,0,79,0.12288478929549457,0.12302547517114257,0.9311960481107234,0.9300000000000005,0.09770389053039252,0.09999999999999998,0.00014068587564800006,0.001196048110722936,1.0235006964118099,1,1,1,1,5.013982727057746e-12
3p,development,0.0,0,80,0.11621071244589985,0.11904074065576549,0.679759307205677,0.6600000000000003,0.8487952206656337,0.89,0.002830028209865637,0.019759307205676757,1.0485450180811022,1,1,1,1,8.686218983356232e-13
3p,development,0.0,0,81,0.19622041420079772,0.19911982644674742,0.9202931344509124,0.9100000000000005,0.39442308410070837,0.42000000000000004,0.002899412245949695,0.010293134450911956,1.064846397004393,1,1,1,1,3.703979154393084e-11
3p,development,0.0,0,82,0.1342395517975092,0.13918909798380663,0.5197293318808078,0.5000000000000001,0.5644191091600805,0.59,0.004949546186297421,0.01972933188080772,1.0453225102140618,1,1,1,1,6.214441535328674e-13
3p,development,0.0,0,83,0.05393584473058582,0.054082386632893525,1.0802208952605725,1.0800000000000005,0.21429486503824594,0.22,0.00014654190230770775,0.00022089526057200715,1.0266228262666763,1,1,1,1,1.8158484468841723e-12
3p,development,0.0,0,84,0.07315470254980028,0.06640321367261619,0.4601795628666878,0.4900000000000001,0.29864996966905893,0.28,0.006751488877184089,0.029820437133312283,1.0666070345323533,0,1,1,0,1.8022446037532216e-13
3p,development,0.0,0,85,0.15251899105496708,0.15236168484963455,1.13977512717247,1.1400000000000006,0.9426351433433592,0.9400000000000001,0.0001573062053325247,0.00022487282753047566,1.002803343982297,1,1,1,1,1.2259453466185884e-12
3p,development,0.0,0,86,0.17700028177350763,0.1766404835700434,0.7393090762197971,0.7400000000000003,0.1226306041330099,0.12000000000000001,0.00035979820346423996,0.0006909237802031898,1.0219217011084158,1,1,1,1,1.7271216273692526e-12
3p,development,0.0,0,87,0.09792799698188902,0.0993518864961857,0.8607389025390149,0.8500000000000004,0.6541501119267196,0.68,0.0014238895142966862,0.010738902539014439,1.039516752503707,1,1,1,1,3.149115340256513e-13
3p,development,0.0,0,88,0.09415620411746205,0.09318759258732512,0.5755270451307297,0.5800000000000002,0.03760044574737549,0.029999999999999995,0.0009686115301369286,0.004472954869270462,1.2533481915791833,1,1,0,0,1.8380619314641574e-12
3p,development,0.0,0,89,0.16378039256669583,0.16233480732378638,1.0244219288229943,1.0300000000000007,0.739653858570382,0.72,0.0014455852429094418,0.005578071177006372,1.0272970257921974,1,1,1,1,3.5236046586870515e-12
3p,development,0.0,0,90,0.1557047072798014,0.15732474079400835,0.6249873660504818,0.6200000000000002,0.3216857979167253,0.33,0.0016200335142069477,0.0049873660504815565,1.0258457231780778,1,1,1,1,1.1974816397369924e-12
3p,development,0.0,0,91,0.08578880233690143,0.08839846505496629,0.9750670917332173,0.9500000000000005,0.9191287657804788,0.99,0.0026096627180648563,0.02506709173321675,1.0771069700547788,1,1,1,1,1.0744257572061043e-12
3p,development,0.0,0,92,0.0664971289690584,0.06264356414070484,0.7591692894697188,0.8000000000000004,0.5876856757793576,0.5,0.00385356482835357,0.04083071053028153,1.1753713515587152,1,0,1,0,2.0865395855979304e-12
3p,development,0.0,0,93,0.13749921959824862,0.14288619189931637,0.8408774361014366,0.8200000000000004,0.19150262428447604,0.25,0.005386972301067744,0.02087743610143622,1.3054651388412644,0,1,0,0,1.3995272594241315e-11
3p,development,0.0,0,94,0.18307304438203575,0.18047317557026535,0.44134512171149254,0.45000000000000007,0.7635350615158677,0.75,0.002599868811770406,0.008654878288507528,1.0180467486878235,1,1,1,1,1.7540374418709327e-13
3p,development,0.0,0,95,0.1123652462847531,0.11190956109447588,1.1586115844547749,1.1600000000000006,0.47921343154273927,0.47000000000000003,0.0004556851902772219,0.0013884155452257296,1.0196030458356153,1,1,1,1,2.299748171231592e-12
3p,development,0.002,0,0,0.10726027246564628,0.08507417237018267,0.6441382817924023,0.7500000000000003,0.2696949787810445,0.010000000000000004,0.02218610009546361,0.10586171820759804,26.969497878104438,0,0,0,0,1.2943344478380788e-07
3p,development,0.002,0,1,0.18640026794746523,0.13636662212936213,0.9559115804731846,1.1500000000000008,0.971627541994676,0.27,0.0500336458181031,0.1940884195268162,3.5986205259062074,0,0,0,0,1.2023558514775468e-07
3p,development,0.002,0,2,0.1428764013107866,0.19414870307620033,0.5555918276309967,0.4700000000000001,0.08971024096943438,0.18000000000000002,0.051272301765413725,0.0855918276309966,2.006459887465119,0,0,0,0,1.1234088087820379e-07
3p,development,0.002,0,3,0.06402840954251587,0.062146116200096135,1.0443556383252144,1.0500000000000007,0.6870323592238128,0.62,0.0018822933424197386,0.0056443616747863246,1.1081167084255046,1,1,1,1,1.1866701734306951e-07
3p,development,0.002,0,4,0.08208682276308538,0.05001035865269687,0.4151828698813915,0.7200000000000003,0.8197801645565778,0.35000000000000003,0.03207646411038851,0.3048171301186088,2.342229041590222,0,0,0,0,9.370140904188102e-08
3p,development,0.002,0,5,0.16232083542272452,0.18444244185722014,1.184769431501627,1.1400000000000006,0.4234762634523213,0.72,0.022121606434495622,0.04476943150162649,1.7002133581946652,0,0,0,0,1.3573465632863517e-07
3p,development,0.002,0,6,0.1683451309334487,0.199683251178136,0.7845472395420074,0.6600000000000003,0.5315595193207264,0.78,0.03133812024468732,0.1245472395420072,1.4673803622156043,0,0,0,0,1.2010597167384677e-07
3p,development,0.002,0,7,0.08781711296178402,0.1486590564623685,0.8154977872967719,0.4900000000000001,0.24711703973822297,0.99,0.06084194350058447,0.3254977872967718,4.006198848321956,0,0,0,0,1.1204423683298472e-07
3p,development,0.002,0,8,0.10279531534761191,0.062275515049810055,0.5490358240902424,0.8400000000000004,0.6167082849889993,0.04000000000000001,0.040519800297801854,0.290964175909758,15.41770712472498,0,0,0,0,8.513709093713694e-08
3p,development,0.002,0,9,0.17387523697689178,0.18966861166700535,1.05090998634696,1.0000000000000004,0.16245699803344907,0.3400000000000001,0.015793374690113576,0.050909986346959535,2.0928615209915167,0,0,0,0,1.8829396786506963e-07
3p,development,0.002,0,10,0.14675654745660724,0.16937975346433326,0.65123101323843,0.5200000000000001,0.7963870982546359,0.99,0.02262320600772602,0.1312310132384299,1.243114061201753,0,0,0,0,1.2001031497700513e-07
3p,development,0.002,0,11,0.07597091835923493,0.09935658856807511,0.9488197416067123,0.8200000000000004,0.4463837037421763,1.0,0.02338567020884018,0.12881974160671195,2.2402251507317192,0,0,0,0,1.2071237178727819e-07
3p,development,0.002,0,12,0.057839697971940045,0.05583854409895923,0.7170537360012531,0.7600000000000003,0.06656298973597585,0.010000000000000004,0.002001153872980818,0.042946263998747236,6.656298973597583,1,0,0,0,8.867079850452658e-08
3p,development,0.002,0,13,0.12738607330247761,0.0914799453057778,0.8829896353185176,1.0700000000000007,0.7106690130196511,0.05000000000000001,0.035906127996699816,0.18701036468148313,14.21338026039302,0,0,0,0,1.3038961651939507e-07
3p,development,0.002,0,14,0.1920029028784484,0.1979403801266787,0.4832131013274193,0.4700000000000001,0.3545986079797149,0.35000000000000003,0.005937477248230294,0.013213101327419208,1.0131388799420424,0,1,1,0,1.1382783956545486e-07
3p,development,0.002,0,15,0.12216481105424465,0.12818787238291868,1.1167400926351547,1.0300000000000007,0.8862389653827996,1.0,0.006023061328674029,0.08674009263515403,1.1283638375887284,0,0,1,0,1.1436421843770867e-07
3p,development,0.002,0,16,0.12014189446344974,0.09323148629090587,0.46607877388596536,0.5400000000000001,0.18351556524634363,0.13,0.026910408172543865,0.07392122611403479,1.4116581942026434,0,0,0,0,1.2383641543167408e-07
3p,development,0.002,0,17,0.19928185362368822,0.1970760465113804,1.13396779820323,1.1300000000000008,0.5951673667412252,0.5700000000000001,0.0022058071123078338,0.003967798203229123,1.0441532749846054,1,1,1,1,1.6933536419845296e-07
3p,development,0.002,0,18,0.13001310830004514,0.09607269728499838,0.7341914966702461,0.9000000000000005,0.4871974073816091,0.029999999999999995,0.03394041101504676,0.1658085033297544,16.23991357938697,0,0,0,0,1.5517290035545702e-07
3p,development,0.002,0,19,0.051165080210193996,0.05010209086911829,0.8657653629779816,0.8300000000000004,0.7560502873547376,0.6900000000000001,0.0010629893410757027,0.03576536297798116,1.0957250541373007,1,0,1,0,8.49717072440488e-08
3p,development,0.002,0,20,0.06922351187095047,0.08082829706077288,0.6996233619749546,0.5700000000000002,0.7471358040068299,0.99,0.011604785189822414,0.1296233619749544,1.3250603099071263,0,0,0,0,8.498829344122624e-08
3p,development,0.002,0,21,0.1494575597345829,0.14848452739659423,0.9003256492316722,0.8900000000000005,0.02961364118382335,0.02,0.0009730323379886774,0.010325649231671785,1.4806820591911674,1,1,0,0,1.8464683723332567e-07
3p,development,0.002,0,22,0.1812267350498587,0.16177568955366023,0.5006469085812568,0.5900000000000002,0.911644238717854,0.77,0.01945104549619847,0.08935309141874337,1.1839535567764339,0,0,1,0,1.4202717455803724e-07
3p,development,0.002,0,23,0.10069875228218736,0.08736812247486296,1.099407511949539,1.1400000000000006,0.3296700208541006,0.010000000000000004,0.013330629807324398,0.04059248805046156,32.967002085410044,0,0,0,0,1.2355487451883366e-07
3p,development,0.002,0,24,0.0945832052268088,0.05936235373689532,0.7642075203359127,1.0600000000000005,0.950148934982717,0.04000000000000001,0.035220851489913475,0.29579247966408784,23.753723374567922,0,0,0,0,7.912096151636002e-08
3p,development,0.002,0,25,0.16566309053450823,0.15354461180270368,0.8357472069561481,0.8800000000000004,0.29069501130841674,0.17,0.01211847873180455,0.04425279304385232,1.7099706547553926,0,0,0,0,1.2010895719094723e-07
3p,development,0.002,0,26,0.1549870223272592,0.16548972450368757,0.43552525937557224,0.4,0.6466370136383921,0.6,0.010502702176428375,0.035525259375572216,1.077728356063987,0,0,1,0,1.3002097131761493e-07
3p,development,0.002,0,27,0.08420135690830649,0.07991393385973919,1.1645226821303367,1.1700000000000008,0.13058625584468245,0.010000000000000004,0.0042874230485673015,0.0054773178696641,13.05862558446824,1,1,0,0,1.0555074420860487e-07
3p,development,0.002,0,28,0.06607011919841171,0.09890772386663679,0.5947254322469234,0.4,0.38646838021464647,0.64,0.03283760466822508,0.1947254322469234,1.6560216379009864,0,0,0,0,1.3771927048382352e-07
3p,development,0.002,0,29,0.13561652973294258,0.09442498429544707,1.0053268559277058,1.2,0.8563092667795718,0.029999999999999995,0.04119154543749551,0.1946731440722942,28.543642225985728,0,0,0,0,1.0023258563571665e-07
3p,development,0.002,0,30,0.183790739113465,0.19111712625978666,0.6050073474645614,0.5900000000000002,0.22225076384842396,0.25,0.007326387146321667,0.015007347464561227,1.1248555265731333,0,1,1,0,1.5713163410409098e-07
3p,development,0.002,0,31,0.11395268249325455,0.13915405227545394,0.9949430331587791,0.8700000000000004,0.5569062579702586,0.99,0.02520136978219939,0.12494303315877864,1.7776779948715724,0,0,0,0,1.1222048480608395e-07
3p,development,0.002,0,32,0.11176003082655372,0.12867219012626824,0.5669591173529624,0.4600000000000001,0.8010156985931098,1.0,0.016912159299714513,0.10695911735296237,1.248414983322278,0,0,0,0,1.0834882197829878e-07
3p,development,0.002,0,33,0.18129595671780407,0.19805386999687535,1.0330903261899946,0.9800000000000005,0.47027277142740787,0.65,0.01675791327907128,0.0530903261899941,1.382176556867348,0,0,0,0,1.8308476421569106e-07
3p,development,0.002,0,34,0.13810214567929507,0.18704479191631032,0.6335030324757099,0.42000000000000004,0.6101431994792074,0.99,0.04894264623701525,0.2135030324757099,1.622569916119728,0,0,0,0,1.1551905099071659e-07
3p,development,0.002,0,35,0.06827192837372423,0.06425000913728172,0.9664440892636775,1.0000000000000004,0.13663156319409608,0.010000000000000004,0.004021919236442503,0.033555910736322914,13.663156319409604,1,0,0,0,9.961832486948961e-08
3p,development,0.002,0,36,0.08639401751570405,0.08696987669058023,0.7989412054419518,0.8100000000000004,0.37655408191494644,0.39,0.000575859174876181,0.01105879455804859,1.0357078006343075,1,1,1,1,1.1176296463990173e-07
3p,development,0.002,0,37,0.15748179578222338,0.16388897589814266,0.8010106772184371,0.7600000000000003,0.8966683469712734,0.97,0.0064071801159192865,0.041010677218436764,1.081782359415745,0,0,1,0,1.0313375723838656e-07
3p,development,0.002,0,38,0.16317746564745905,0.053881506632317784,0.4015209443867207,0.44000000000000006,0.0465383361466229,0.02,0.10929595901514128,0.038479055613279356,2.326916807331145,0,0,0,0,8.146001377098666e-08
3p,development,0.002,0,39,0.092381404992193,0.10373244080351407,1.1985237382352352,1.1600000000000006,0.7021703337598592,0.99,0.011351035811321075,0.038523738235234584,1.4099143076850325,0,0,0,0,1.1072088887562541e-07
3p,development,0.002,0,40,0.09849687381647529,0.15852258585814546,0.6648868262767792,0.4700000000000001,0.08465772101655603,0.3400000000000001,0.060025712041670176,0.1948868262767791,4.016172369363785,0,0,0,0,1.1356947817069048e-07
3p,development,0.002,0,41,0.17874103640206163,0.19755409978628752,0.9350593283772468,0.8700000000000004,0.6625985260028392,0.87,0.018813063384225892,0.06505932837724637,1.3130122779601114,0,0,0,0,1.425630329174174e-07
3p,development,0.002,0,42,0.15195240247994662,0.10711300820424861,0.5346479706466198,0.6900000000000003,0.27668209563009444,0.02,0.04483939427569801,0.15535202935338044,13.834104781504722,0,0,0,0,1.467906803610188e-07
3p,development,0.002,0,43,0.07141623729839922,0.07090463304997009,1.0654032029211522,1.0500000000000007,0.9979958540946245,0.98,0.0005116042484291233,0.015403202921151493,1.0183631164230862,1,1,1,1,9.370951812582777e-08
3p,development,0.002,0,44,0.053366967616602784,0.06563457790637878,0.49384223818778994,0.4,0.5090592798497527,0.78,0.012267610289775993,0.09384223818778992,1.532238053356408,0,0,0,0,8.662610357692258e-08
3p,development,0.002,0,45,0.13249879800714554,0.18840665516746227,1.1062014773488045,0.8800000000000004,0.2362637385353446,0.99,0.05590785716031674,0.22620147734880403,4.190232517851646,0,0,0,0,1.5528892663987932e-07
3p,development,0.002,0,46,0.19678700193762783,0.18728359803484,0.7056925587356091,0.7400000000000003,0.8403476954065263,0.75,0.009503403902787838,0.034307441264391225,1.1204635938753684,0,0,1,0,1.452028811686174e-07
3p,development,0.002,0,47,0.1179491779766977,0.09504797650373496,0.8942610539495945,1.0400000000000005,0.43239697405137123,0.010000000000000004,0.022901201472962734,0.14573894605040594,43.23969740513711,0,0,0,0,1.305462487375488e-07
3p,development,0.002,0,48,0.12465965938754381,0.15645380960868802,0.7448200672864913,0.5600000000000002,0.642081995178014,1.0,0.03179415022114421,0.18482006728649114,1.557433485925353,0,0,0,0,1.2311890007317553e-07
3p,development,0.002,0,49,0.1941956204827875,0.19953167467686517,0.855226181447506,0.8300000000000004,0.10661982973106204,0.15000000000000002,0.005336054194077677,0.025226181447505547,1.4068677503833964,0,1,0,0,1.5272040726900409e-07
3p,development,0.002,0,50,0.1251841892488301,0.12650221746780813,0.45471739992499355,0.45000000000000007,0.9566365440469236,1.0,0.001318028218978029,0.004717399924993482,1.0453290815858165,1,1,1,1,1.050349389798646e-07
3p,development,0.002,0,51,0.05535400714725256,0.05010084698606257,1.145239020138979,1.1900000000000008,0.31659414604306224,0.07999999999999999,0.005253160161189992,0.04476097986102179,3.9574268255382785,0,0,0,0,9.764683518795135e-08
3p,development,0.002,0,52,0.0734760789666325,0.05376085034175552,0.5143021553754806,0.6300000000000002,0.20021793148480357,0.02,0.019715228624876978,0.1156978446245196,10.010896574240178,0,0,0,0,1.10756846128783e-07
3p,development,0.002,0,53,0.14456382091157138,0.17671612750614246,1.0856465324759483,0.9500000000000005,0.5465504582598806,1.0,0.03215230659457108,0.13564653247594782,1.8296572345466915,0,0,0,0,1.037893717396801e-07
3p,development,0.002,0,54,0.17607711208984256,0.19909244576896484,0.6852353118360043,0.6200000000000002,0.40656673369929197,0.54,0.023015333679122285,0.06523531183600406,1.3281952389134695,0,0,0,0,1.9085507903780858e-07
3p,development,0.002,0,55,0.10528101511299612,0.07107091581501371,0.9148186691105366,1.1100000000000008,0.8647304695937783,0.029999999999999995,0.03421009929798241,0.1951813308894642,28.82434898645928,0,0,0,0,1.0028935080337388e-07
3p,development,0.002,0,56,0.09030273449607194,0.05014655176303474,0.4499194100499153,0.7700000000000004,0.4922971913777292,0.07999999999999999,0.040156182733037206,0.32008058995008504,6.153714892221616,0,0,0,0,1.1608546644890981e-07
3p,development,0.002,0,57,0.1705469322856516,0.15555827383224372,1.1500357568264006,1.2,0.7804406330827623,0.56,0.014988658453407883,0.049964243173599376,1.3936439876477897,0,0,0,0,1.3426181711543737e-07
3p,development,0.002,0,58,0.16012817816808822,0.19769908724191207,0.7505461730062961,0.6400000000000002,0.17648507892154158,0.4,0.03757090907382385,0.11054617300629588,2.266480557134377,0,0,0,0,1.6003965104733712e-07
3p,development,0.002,0,59,0.07959204819053411,0.10322131274610405,0.8495020918548106,0.6200000000000002,0.5688462006673217,0.99,0.023629264555569934,0.2295020918548104,1.740364968314136,0,0,0,0,8.549169816380732e-08
3p,development,0.002,0,60,0.061542796948924665,0.050081669681191786,0.6163748219609261,0.8200000000000004,0.9341009906958788,0.63,0.011461127267732879,0.20362517803907432,1.4826999852315537,0,0,0,0,9.301099534121534e-08
3p,development,0.002,0,61,0.140674591017887,0.12987525230503677,0.9836779057979583,1.0400000000000005,0.3405705861002207,0.18000000000000002,0.010799338712850243,0.05632209420204215,1.8920588116678925,0,0,0,0,1.0499167533835847e-07
3p,development,0.002,0,62,0.18859291626140479,0.1399250541379582,0.5840907610952855,0.7700000000000004,0.7266154191829264,0.36000000000000004,0.04866786212344659,0.1859092389047149,2.0183761643970173,0,0,0,0,1.1578920287603098e-07
3p,development,0.002,0,63,0.10975505597889425,0.12615665278218552,1.015859942883253,0.9500000000000005,0.020649561109021306,0.3,0.01640159680329127,0.06585994288325259,14.528153814801277,0,0,0,0,1.2057741657041537e-07
3p,development,0.002,0,64,0.11032400601543488,0.11187155031637912,0.4085817039012909,0.4,0.7181733780354261,0.68,0.0015475443009442397,0.008581703901290871,1.0561373206403324,1,1,1,1,1.1194202207185473e-07
3p,development,0.002,0,65,0.19033374297432604,0.1916390557126727,1.1914617255330087,1.1800000000000006,0.05859860475175083,0.07999999999999999,0.0013053127383466645,0.01146172553300806,1.3652202187904436,1,1,0,0,2.1943041257365175e-07
3p,development,0.002,0,66,0.1401079303584993,0.10313285858386279,0.7919292740523816,0.9800000000000005,0.8787315466720611,0.3,0.03697507177463652,0.18807072594761898,2.929105155573537,0,0,0,0,1.2811992226344487e-07
3p,development,0.002,0,67,0.05980425849556924,0.09123153892733595,0.8080238617956639,0.5300000000000001,0.36255993926897645,0.99,0.03142728043176671,0.27802386179566374,2.7305829816612404,0,0,0,0,1.117647273597139e-07
3p,development,0.002,0,68,0.07902309899218381,0.06880058360432402,0.6265019595623016,0.6400000000000002,0.15449283801950514,0.02,0.010222515387859787,0.013498040437698644,7.724641900975257,0,1,0,0,1.0562884015069647e-07
3p,development,0.002,0,69,0.15838735117577019,0.18813157350855922,0.9734437182545662,0.8500000000000004,0.6242128749750555,0.99,0.029744222332789033,0.12344371825456579,1.5859974051954022,0,0,0,0,1.64475076903284e-07
3p,development,0.002,0,70,0.17111359322443606,0.19942439219823074,0.5740090183913708,0.5000000000000001,0.45434525262564424,0.5800000000000001,0.028310798973794682,0.07400901839137064,1.2765622544710256,0,0,0,0,1.277184392208771e-07
3p,development,0.002,0,71,0.09204127211123705,0.10071719765480688,1.0260418690741062,0.9600000000000005,0.7888798971381038,1.0,0.008675925543569829,0.0660418690741057,1.2676200821288477,0,0,0,0,1.1511538912037088e-07
3p,development,0.002,0,72,0.10467572980560363,0.16930515865081364,0.7095923647284508,0.4,0.415483554340899,1.0,0.06462942884521,0.30959236472845075,2.4068341323072264,0,0,0,0,1.4965756243179183e-07
3p,development,0.002,0,73,0.17429995345883073,0.12090980744765535,0.8903598040342331,1.1000000000000005,0.8272562054451555,0.06999999999999998,0.05339014601117538,0.20964019596576744,11.817945792073655,0,0,0,0,1.303697911729313e-07
3p,development,0.002,0,74,0.14516681795939806,0.14839486859580295,0.4898936040699482,0.4800000000000001,0.25511047170497475,0.25,0.0032280506364048833,0.009893604069948103,1.020441886819899,1,1,1,1,1.1075197593268995e-07
3p,development,0.002,0,75,0.07525094822049141,0.0919181100166121,1.1101515553891659,0.9900000000000005,0.5240842012874782,0.98,0.016667161796120683,0.12015155538916533,1.8699285297906476,0,0,0,0,8.64464341469196e-08
3p,development,0.002,0,76,0.05595929329283536,0.050072103257009275,0.5307346090674401,0.6200000000000002,0.9791038078535348,0.8200000000000001,0.005887190035826086,0.08926539093256014,1.1940290339677253,0,0,1,0,1.0168177093271307e-07
3p,development,0.002,0,77,0.12696134760044517,0.1137138654279203,1.0693153113126754,1.1200000000000006,0.2617024946399033,0.010000000000000004,0.013247482172524874,0.05068468868732512,26.17024946399032,0,0,0,0,1.363941271218385e-07
3p,development,0.002,0,78,0.19359262371435765,0.1593885321509256,0.6687513597309589,0.7900000000000004,0.679557258784771,0.41000000000000003,0.03420409156343204,0.12124864026904147,1.657456728743344,0,0,0,0,1.2848108821303503e-07
3p,development,0.002,0,79,0.12288478929549457,0.11771583437315278,0.9311960481107234,0.9500000000000005,0.09770389053039252,0.010000000000000004,0.00516895492234179,0.018803951889277082,9.77038905303925,0,1,0,0,1.352097631439829e-07
3p,development,0.002,0,80,0.11621071244589985,0.12854419476836348,0.679759307205677,0.5800000000000002,0.8487952206656337,1.0,0.012333482322463632,0.09975930720567683,1.1781404697540474,0,0,1,0,9.043809369526038e-08
3p,development,0.002,0,81,0.19622041420079772,0.1999253586201576,0.9202931344509124,0.9200000000000005,0.39442308410070837,0.43,0.003704944419359868,0.0002931344509119471,1.0901998826473547,1,1,1,1,1.6982740289653734e-07
3p,development,0.002,0,82,0.1342395517975092,0.1686563879844958,0.5197293318808078,0.4,0.5644191091600805,0.8300000000000001,0.0344168361869866,0.11972933188080781,1.4705384465723246,0,0,0,0,1.3799664583384888e-07
3p,development,0.002,0,83,0.05393584473058582,0.050463255233124574,1.0802208952605725,1.0900000000000007,0.21429486503824594,0.06999999999999998,0.003472589497461244,0.009779104739428224,3.0613552148320857,1,1,0,0,9.049947886955162e-08
3p,development,0.002,0,84,0.07315470254980028,0.09160741559358246,0.4601795628666878,0.4,0.29864996966905893,0.42000000000000004,0.018452713043782182,0.0601795628666878,1.406328620978639,0,0,0,0,1.0107334889885722e-07
3p,development,0.002,0,85,0.15251899105496708,0.15562454590004796,1.13977512717247,1.1600000000000006,0.9426351433433592,0.99,0.0031055548450808768,0.020224872827530493,1.0502472849554985,1,1,1,1,9.338368019108129e-08
3p,development,0.002,0,86,0.17700028177350763,0.19852690748709445,0.7393090762197971,0.6800000000000003,0.1226306041330099,0.25,0.021526625713586822,0.059309076219796864,2.038642814878742,0,0,0,0,1.281692728386061e-07
3p,development,0.002,0,87,0.09792799698188902,0.07157468798310979,0.8607389025390149,1.0500000000000007,0.6541501119267196,0.05000000000000001,0.026353308998779232,0.18926109746098585,13.08300223853439,0,0,0,0,1.0605329937685518e-07
3p,development,0.002,0,88,0.09415620411746205,0.19693240156073508,0.5755270451307297,0.41000000000000003,0.03760044574737549,0.15999999999999998,0.10277619744327303,0.1655270451307297,4.255268702796375,0,0,0,0,9.541210612741217e-08
3p,development,0.002,0,89,0.16378039256669583,0.16233118497888624,1.0244219288229943,1.0200000000000005,0.739653858570382,0.72,0.0014492075878095867,0.004421928822993859,1.0272970257921974,1,1,1,1,1.1384979637149791e-07
3p,development,0.002,0,90,0.1557047072798014,0.19806035401317665,0.6249873660504818,0.5100000000000001,0.3216857979167253,0.49,0.042355646733375246,0.11498736605048165,1.5232254677492667,0,0,0,0,1.4035239891913938e-07
3p,development,0.002,0,91,0.08578880233690143,0.08859025387394819,0.9750670917332173,0.9400000000000005,0.9191287657804788,0.99,0.0028014515370467508,0.03506709173321676,1.0771069700547788,1,0,1,0,1.1320034834869059e-07
3p,development,0.002,0,92,0.0664971289690584,0.08740892729400564,0.7591692894697188,0.5400000000000001,0.5876856757793576,1.0,0.02091179832494723,0.2191692894697187,1.7015898825062445,0,0,0,0,8.606292833448079e-08
3p,development,0.002,0,93,0.13749921959824862,0.1381805871641539,0.8408774361014366,0.8400000000000004,0.19150262428447604,0.2,0.0006813675659052831,0.000877436101436202,1.0443721110730115,1,1,1,1,1.4244851423132847e-07
3p,development,0.002,0,94,0.18307304438203575,0.1963758319533867,0.44134512171149254,0.4,0.7635350615158677,0.87,0.01330278757135095,0.041345121711492516,1.1394368691763341,0,0,1,0,1.3779504067478267e-07
3p,development,0.002,0,95,0.1123652462847531,0.12731060576335748,1.1586115844547749,1.0800000000000005,0.47921343154273927,0.76,0.014945359478604384,0.07861158445477434,1.5859321754678708,0,0,0,0,1.4673810958830133e-07
3p,development,0.002,1,0,0.10726027246564628,0.1824975203427825,0.6441382817924023,0.4,0.2696949787810445,0.5800000000000001,0.07523724787713622,0.24413828179240227,2.150577673420019,0,0,0,0,1.0445660899011966e-07
3p,development,0.002,1,1,0.18640026794746523,0.18891356281975955,0.9559115804731846,0.9400000000000005,0.971627541994676,1.0,0.0025132948722943194,0.015911580473184084,1.029200961046326,1,1,1,1,1.3523447516400046e-07
3p,development,0.002,1,2,0.1428764013107866,0.17701939226900468,0.5555918276309967,0.4800000000000001,0.08971024096943438,0.14,0.03414299095821807,0.07559182763099659,1.5605799124728703,0,0,0,0,1.4753856820228132e-07
3p,development,0.002,1,3,0.06402840954251587,0.07297367540209981,1.0443556383252144,0.9800000000000005,0.6870323592238128,0.99,0.00894526585958394,0.06435563832521385,1.4409801615726956,0,0,0,0,1.2717244061981874e-07
3p,development,0.002,1,4,0.08208682276308538,0.08361132532012373,0.4151828698813915,0.4,0.8197801645565778,0.74,0.001524502557038357,0.015182869881391503,1.1078110331845645,1,1,1,1,7.245237220346617e-08
3p,development,0.002,1,5,0.16232083542272452,0.15934498392434998,1.184769431501627,1.2,0.4234762634523213,0.38,0.0029758514983745377,0.015230568498372898,1.1144112196113718,1,1,1,1,1.5205889375061511e-07
3p,development,0.002,1,6,0.1683451309334487,0.19912208714393206,0.7845472395420074,0.6700000000000003,0.5315595193207264,0.79,0.030776956210483375,0.11454723954200718,1.4861929309619581,0,0,0,0,1.0840049565226051e-07
3p,development,0.002,1,7,0.08781711296178402,0.0762588453328441,0.8154977872967719,0.8500000000000004,0.24711703973822297,0.02,0.011558267628939911,0.03450221270322851,12.355851986911148,0,0,0,0,1.4617837921305467e-07
3p,development,0.002,1,8,0.10279531534761191,0.13019550440214328,0.5490358240902424,0.4,0.6167082849889993,0.73,0.02740018905453137,0.1490358240902424,1.183703896588679,0,0,1,0,9.58945060763001e-08
3p,development,0.002,1,9,0.17387523697689178,0.1705025456438909,1.05090998634696,1.0600000000000005,0.16245699803344907,0.12000000000000001,0.003372691333000888,0.009090013653040518,1.3538083169454087,1,1,0,0,1.9736170577117594e-07
3p,development,0.002,1,10,0.14675654745660724,0.17084285906778898,0.65123101323843,0.5100000000000001,0.7963870982546359,0.99,0.024086311611181743,0.1412310132384299,1.243114061201753,0,0,0,0,1.1468014182330869e-07
3p,development,0.002,1,11,0.07597091835923493,0.1025703538468816,0.9488197416067123,0.7100000000000003,0.4463837037421763,1.0,0.026599435487646664,0.23881974160671204,2.2402251507317192,0,0,0,0,1.280540878478065e-07
3p,development,0.002,1,12,0.057839697971940045,0.07167926510901089,0.7170537360012531,0.6000000000000002,0.06656298973597585,0.26,0.013839567137070845,0.1170537360012529,3.9060745473017064,0,0,0,0,7.682797886349006e-08
3p,development,0.002,1,13,0.12738607330247761,0.1468126282214677,0.8829896353185176,0.7700000000000004,0.7106690130196511,1.0,0.01942655491899009,0.11298963531851725,1.4071248101151532,0,0,0,0,9.937715618965414e-08
3p,development,0.002,1,14,0.1920029028784484,0.19591149691236032,0.4832131013274193,0.4900000000000001,0.3545986079797149,0.42000000000000004,0.003908594033911916,0.00678689867258081,1.1844378137661118,1,1,1,1,1.093429807911793e-07
3p,development,0.002,1,15,0.12216481105424465,0.11234456877522794,1.1167400926351547,1.1800000000000006,0.8862389653827996,0.68,0.009820242279016705,0.06325990736484588,1.3032925961511757,0,0,0,0,1.0135365184216644e-07
3p,development,0.002,1,16,0.12014189446344974,0.19813922410321866,0.46607877388596536,0.4,0.18351556524634363,0.11000000000000001,0.07799732963976892,0.06607877388596534,1.6683233204213055,0,0,0,0,1.0337133838606523e-07
3p,development,0.002,1,17,0.19928185362368822,0.19973888079589447,1.13396779820323,1.1300000000000008,0.5951673667412252,0.6,0.000457027172206248,0.003967798203229123,1.008119788699497,1,1,1,1,1.408576277028103e-07
3p,development,0.002,1,18,0.13001310830004514,0.19848074702876436,0.7341914966702461,0.42000000000000004,0.4871974073816091,0.9600000000000001,0.06846763872871922,0.31419149667024604,1.9704538354574144,0,0,0,0,1.231414717636133e-07
3p,development,0.002,1,19,0.051165080210193996,0.05735056867683469,0.8657653629779816,0.7900000000000004,0.7560502873547376,1.0,0.006185488466640694,0.0757653629779812,1.3226633422742178,0,0,0,0,9.750255027876535e-08
3p,development,0.002,1,20,0.06922351187095047,0.0500492362996878,0.6996233619749546,0.9100000000000005,0.7471358040068299,0.24000000000000005,0.019174275571262667,0.21037663802504591,3.113065850028457,0,0,0,0,8.644561928011006e-08
3p,development,0.002,1,21,0.1494575597345829,0.19018803288976904,0.9003256492316722,0.7700000000000004,0.02961364118382335,0.41000000000000003,0.04073047315518613,0.1303256492316719,13.844970885375801,0,0,0,0,1.4901566143701294e-07
3p,development,0.002,1,22,0.1812267350498587,0.19085246054329522,0.5006469085812568,0.4600000000000001,0.911644238717854,0.99,0.009625725493436516,0.04064690858125675,1.0859499330488243,0,0,1,0,1.1845366761944911e-07
3p,development,0.002,1,23,0.10069875228218736,0.12240171836707436,1.099407511949539,1.0200000000000005,0.3296700208541006,0.75,0.021702966084887004,0.07940751194953855,2.2750021310913238,0,0,0,0,1.0555842443939752e-07
3p,development,0.002,1,24,0.0945832052268088,0.09608766773676045,0.7642075203359127,0.7500000000000003,0.950148934982717,0.99,0.0015044625099516484,0.014207520335912327,1.041941914104243,1,1,1,1,1.0965266240645051e-07
3p,development,0.002,1,25,0.16566309053450823,0.1997570307259729,0.8357472069561481,0.7300000000000003,0.29069501130841674,0.56,0.03409394019146467,0.10574720695614781,1.9264176481028792,0,0,0,0,1.4846955720145544e-07
3p,development,0.002,1,26,0.1549870223272592,0.07768388968431697,0.43552525937557224,0.8000000000000004,0.6466370136383921,0.010000000000000004,0.07730313264294222,0.36447474062442814,64.66370136383918,0,0,0,0,9.41547536923964e-08
3p,development,0.002,1,27,0.08420135690830649,0.12352288860621195,1.1645226821303367,0.9100000000000005,0.13058625584468245,0.98,0.03932153169790546,0.25452268213033624,7.504618259103768,0,0,0,0,1.4244323802991717e-07
3p,development,0.002,1,28,0.06607011919841171,0.0988783901640093,0.5947254322469234,0.4,0.38646838021464647,0.47000000000000003,0.03280827096559759,0.1947254322469234,1.216140890333537,0,0,0,0,8.533754528302622e-08
3p,development,0.002,1,29,0.13561652973294258,0.09340605427618671,1.0053268559277058,1.1800000000000006,0.8563092667795718,0.010000000000000004,0.04221047545675587,0.17467314407229484,85.63092667795715,0,0,0,0,1.1657294404360012e-07
3p,development,0.002,1,30,0.183790739113465,0.19494939954569623,0.6050073474645614,0.5800000000000002,0.22225076384842396,0.26,0.011158660432231238,0.025007347464561236,1.1698497476360585,0,1,1,0,1.7062721997218951e-07
3p,development,0.002,1,31,0.11395268249325455,0.09904629715924308,0.9949430331587791,1.0500000000000007,0.5569062579702586,0.27,0.014906385334011465,0.05505696684122163,2.062615770260217,0,0,0,0,1.6007250721290498e-07
3p,development,0.002,1,32,0.11176003082655372,0.12573483345647257,0.5669591173529624,0.4800000000000001,0.8010156985931098,0.99,0.013974802629918848,0.08695911735296236,1.235930833489055,0,0,0,0,1.1526319315752738e-07
3p,development,0.002,1,33,0.18129595671780407,0.19987621599052655,1.0330903261899946,0.9600000000000005,0.47027277142740787,0.67,0.01858025927272247,0.07309032618999411,1.4247050663094205,0,0,0,0,1.588955397769905e-07
3p,development,0.002,1,34,0.13810214567929507,0.09003554787227033,0.6335030324757099,0.9000000000000005,0.6101431994792074,0.02,0.04806659780702474,0.26649696752429053,30.507159973960366,0,0,0,0,1.5340809528556717e-07
3p,development,0.002,1,35,0.06827192837372423,0.11019029277762088,0.9664440892636775,0.6600000000000003,0.13663156319409608,0.98,0.04191836440389665,0.3064440892636773,7.17257401650182,0,0,0,0,1.2838734209162386e-07
3p,development,0.002,1,36,0.08639401751570405,0.13312191308295912,0.7989412054419518,0.5000000000000001,0.37655408191494644,0.99,0.04672789556725507,0.2989412054419517,2.6291044169947804,0,0,0,0,1.2893255424387736e-07
3p,development,0.002,1,37,0.15748179578222338,0.10103326707756147,0.8010106772184371,1.0800000000000005,0.8966683469712734,0.010000000000000004,0.05644852870466191,0.2789893227815634,89.66683469712731,0,0,0,0,1.2815018426418534e-07
3p,development,0.002,1,38,0.16317746564745905,0.13087661029762584,0.4015209443867207,0.41000000000000003,0.0465383361466229,0.04000000000000001,0.03230085534983321,0.00847905561327933,1.1634584036655724,0,1,1,0,1.3309000693269421e-07
3p,development,0.002,1,39,0.092381404992193,0.09201552959550918,1.1985237382352352,1.1600000000000006,0.7021703337598592,0.6900000000000001,0.0003658753966838124,0.038523738235234584,1.017638164869361,1,0,1,0,9.723660348993704e-08
3p,development,0.002,1,40,0.09849687381647529,0.12769204920824823,0.6648868262767792,0.5400000000000001,0.08465772101655603,0.25,0.029195175391772937,0.12488682627677905,2.953067918649841,0,0,0,0,1.2447836982847588e-07
3p,development,0.002,1,41,0.17874103640206163,0.13187095406141633,0.9350593283772468,1.1000000000000005,0.6625985260028392,0.029999999999999995,0.0468700823406453,0.16494067162275372,22.086617533427976,0,0,0,0,1.2767603546672162e-07
3p,development,0.002,1,42,0.15195240247994662,0.1922959590132434,0.5346479706466198,0.4600000000000001,0.27668209563009444,0.39,0.04034355653329677,0.07464797064661977,1.4095599468113182,0,0,0,0,1.1438846497444202e-07
3p,development,0.002,1,43,0.07141623729839922,0.07103038665601628,1.0654032029211522,1.0900000000000007,0.9979958540946245,0.99,0.00038585064238293165,0.024596797078848542,1.0080766202976006,1,1,1,1,1.087368663829689e-07
3p,development,0.002,1,44,0.053366967616602784,0.06514803754012737,0.49384223818778994,0.4,0.5090592798497527,0.61,0.011781069923524581,0.09384223818778992,1.1982887340351394,0,0,1,0,6.787014731221672e-08
3p,development,0.002,1,45,0.13249879800714554,0.146834269203428,1.1062014773488045,1.0500000000000007,0.2362637385353446,0.46,0.014335471196282451,0.05620147734880376,1.9469767254664214,0,0,0,0,1.2277180364221732e-07
3p,development,0.002,1,46,0.19678700193762783,0.14878941781247204,0.7056925587356091,0.9200000000000005,0.8403476954065263,0.38,0.047997584125155784,0.21430744126439139,2.211441303701385,0,0,0,0,1.6443143760144376e-07
3p,development,0.002,1,47,0.1179491779766977,0.12519548036854683,0.8942610539495945,0.8700000000000004,0.43239697405137123,0.54,0.007246302391849133,0.024261053949594102,1.248852402782645,0,1,0,0,1.1576480220028626e-07
3p,development,0.002,1,48,0.12465965938754381,0.08961896982421153,0.7448200672864913,0.9200000000000005,0.642081995178014,0.11000000000000001,0.03504068956333228,0.17517993271350918,5.837109047072854,0,0,0,0,1.214979374954622e-07
3p,development,0.002,1,49,0.1941956204827875,0.19700382327148203,0.855226181447506,0.8400000000000004,0.10661982973106204,0.13,0.002808202788694536,0.015226181447505538,1.2192853836656101,1,1,0,0,1.7843113319332547e-07
3p,development,0.002,1,50,0.1251841892488301,0.1337015505337893,0.45471739992499355,0.4,0.9566365440469236,1.0,0.008517361284959196,0.054717399924993526,1.0453290815858165,0,0,1,0,1.3583181834548007e-07
3p,development,0.002,1,51,0.05535400714725256,0.07034682326232569,1.145239020138979,1.0400000000000005,0.31659414604306224,0.86,0.01499281611507313,0.10523902013897857,2.716411565875969,0,0,0,0,9.661805824792796e-08
3p,development,0.002,1,52,0.0734760789666325,0.11966796456865651,0.5143021553754806,0.4,0.20021793148480357,0.24000000000000005,0.046191885602024016,0.11430215537548061,1.1986938343642608,0,0,1,0,1.2904391509075623e-07
3p,development,0.002,1,53,0.14456382091157138,0.15006480749453696,1.0856465324759483,1.0900000000000007,0.5465504582598806,0.63,0.005500986582965578,0.004353467524052412,1.1526840577644155,0,1,1,0,1.2875283642823273e-07
3p,development,0.002,1,54,0.17607711208984256,0.19573091891227698,0.6852353118360043,0.6200000000000002,0.40656673369929197,0.51,0.019653806822434422,0.06523531183600406,1.2544066145293877,0,0,0,0,1.635370052162231e-07
3p,development,0.002,1,55,0.10528101511299612,0.11074685841472176,0.9148186691105366,0.9000000000000005,0.8647304695937783,0.99,0.0054658433017256425,0.014818669110536087,1.144865405824163,0,1,1,0,9.785485149098843e-08
3p,development,0.002,1,56,0.09030273449607194,0.0949950570239276,0.4499194100499153,0.43000000000000005,0.4922971913777292,0.52,0.004692322527855661,0.019919410049915265,1.0562725303078462,1,1,1,1,1.0396886458996416e-07
3p,development,0.002,1,57,0.1705469322856516,0.1862694594571398,1.1500357568264006,1.0800000000000005,0.7804406330827623,1.0,0.0157225271714882,0.07003575682640006,1.281327441973353,0,0,0,0,1.421830861010552e-07
3p,development,0.002,1,58,0.16012817816808822,0.19769745233192035,0.7505461730062961,0.6300000000000002,0.17648507892154158,0.39,0.03756927416383213,0.12054617300629589,2.2098185432060173,0,0,0,0,1.1745690472850108e-07
3p,development,0.002,1,59,0.07959204819053411,0.09935032210696272,0.8495020918548106,0.7000000000000003,0.5688462006673217,0.99,0.019758273916428606,0.14950209185481034,1.740364968314136,0,0,0,0,9.605903841467295e-08
3p,development,0.002,1,60,0.061542796948924665,0.061737433999626466,0.6163748219609261,0.6500000000000002,0.9341009906958788,1.0,0.00019463705070180137,0.033625178039074166,1.0705480563242185,1,0,1,0,8.350159612474656e-08
3p,development,0.002,1,61,0.140674591017887,0.17609067946566084,0.9836779057979583,0.8200000000000004,0.3405705861002207,0.75,0.03541608844777383,0.16367790579795793,2.2021866556006553,0,0,0,0,1.1892197939733555e-07
3p,development,0.002,1,62,0.18859291626140479,0.19892829064610104,0.5840907610952855,0.5500000000000002,0.7266154191829264,0.8,0.010335374384696255,0.034090761095285305,1.1009950778358022,0,0,1,0,1.3481368601683365e-07
3p,development,0.002,1,63,0.10975505597889425,0.11038444763037353,1.015859942883253,1.0200000000000005,0.020649561109021306,0.029999999999999995,0.0006293916514792802,0.004140057116747364,1.4528153814801277,1,1,0,0,1.3600104663326267e-07
3p,development,0.002,1,64,0.11032400601543488,0.11217195257152862,0.4085817039012909,0.4,0.7181733780354261,0.68,0.0018479465560937436,0.008581703901290871,1.0561373206403324,1,1,1,1,9.416979806561036e-08
3p,development,0.002,1,65,0.19033374297432604,0.1995334499494021,1.1914617255330087,1.1800000000000006,0.05859860475175083,0.17,0.00919970697507605,0.01146172553300806,2.9010929649296933,0,1,0,0,1.7868718829194177e-07
3p,development,0.002,1,66,0.1401079303584993,0.14863214642367012,0.7919292740523816,0.7400000000000003,0.8787315466720611,1.0,0.008524216065170814,0.051929274052381236,1.138003982885567,0,0,1,0,1.1276340272537802e-07
3p,development,0.002,1,67,0.05980425849556924,0.08738864104238625,0.8080238617956639,0.5400000000000001,0.36255993926897645,0.86,0.027584382546817013,0.26802386179566373,2.3720215800289566,0,0,0,0,1.097014232105452e-07
3p,development,0.002,1,68,0.07902309899218381,0.06932979136096377,0.6265019595623016,0.7100000000000003,0.15449283801950514,0.02,0.009693307631220033,0.0834980404376987,7.724641900975257,0,0,0,0,1.03326226316825e-07
3p,development,0.002,1,69,0.15838735117577019,0.12989323906753034,0.9734437182545662,1.1000000000000005,0.6242128749750555,0.21,0.02849411210823985,0.12655628174543432,2.9724422617859787,0,0,0,0,9.752536110964592e-08
3p,development,0.002,1,70,0.17111359322443606,0.19163699855411215,0.5740090183913708,0.5200000000000001,0.45434525262564424,0.55,0.020523405329676087,0.05400901839137062,1.2105331723432138,0,0,0,0,1.344555259844177e-07
3p,development,0.002,1,71,0.09204127211123705,0.06636977174127767,1.0260418690741062,1.1600000000000006,0.7888798971381038,0.06,0.025671500369959382,0.13395813092589437,13.147998285635063,0,0,0,0,1.0641656056395805e-07
3p,development,0.002,1,72,0.10467572980560363,0.09539842720966081,0.7095923647284508,0.7600000000000003,0.415483554340899,0.3,0.009277302595942824,0.05040763527154957,1.38494518113633,0,0,0,0,1.217160134155804e-07
3p,development,0.002,1,73,0.17429995345883073,0.11885382217529417,0.8903598040342331,1.1000000000000005,0.8272562054451555,0.029999999999999995,0.055446131283536565,0.20964019596576744,27.575206848171856,0,0,0,0,1.1747492434973916e-07
3p,development,0.002,1,74,0.14516681795939806,0.1812670073302907,0.4898936040699482,0.43000000000000005,0.25511047170497475,0.28,0.03610018937089263,0.05989360406994815,1.0975637265247544,0,0,1,0,1.2485129900361774e-07
3p,development,0.002,1,75,0.07525094822049141,0.09273072306708058,1.1101515553891659,0.9700000000000005,0.5240842012874782,1.0,0.017479774846589163,0.14015155538916535,1.908090336521069,0,0,0,0,1.182066106882967e-07
3p,development,0.002,1,76,0.05595929329283536,0.057167394019368434,0.5307346090674401,0.5100000000000001,0.9791038078535348,1.0,0.0012081007265330734,0.020734609067439957,1.0213421620658134,1,1,1,1,9.742220119897492e-08
3p,development,0.002,1,77,0.12696134760044517,0.1408073771621326,1.0693153113126754,1.0200000000000005,0.2617024946399033,0.48000000000000004,0.013846029561687428,0.04931531131267497,1.834143769475599,0,0,0,0,1.2808675378799158e-07
3p,development,0.002,1,78,0.19359262371435765,0.12483358572607434,0.6687513597309589,0.9200000000000005,0.679557258784771,0.010000000000000004,0.06875903798828331,0.2512486402690416,67.95572587847708,0,0,0,0,1.344662343681293e-07
3p,development,0.002,1,79,0.12288478929549457,0.11996016340488712,0.9311960481107234,0.9600000000000005,0.09770389053039252,0.05000000000000001,0.002924625890607449,0.02880395188927709,1.95407781060785,1,1,0,0,1.3808707458116197e-07
3p,development,0.002,1,80,0.11621071244589985,0.12347447391136333,0.679759307205677,0.6500000000000002,0.8487952206656337,0.99,0.007263761465463481,0.029759307205676766,1.1663590650565068,0,1,1,0,9.152146513532231e-08
3p,development,0.002,1,81,0.19622041420079772,0.19687800606862882,0.9202931344509124,0.9200000000000005,0.39442308410070837,0.4,0.0006575918678310977,0.0002931344509119471,1.0141394257184697,1,1,1,1,1.713782051103486e-07
3p,development,0.002,1,82,0.1342395517975092,0.1673174190298608,0.5197293318808078,0.4,0.5644191091600805,0.7000000000000001,0.03307786723235159,0.11972933188080781,1.240213147711599,0,0,0,0,1.2354789991718582e-07
3p,development,0.002,1,83,0.05393584473058582,0.07895818008669044,1.0802208952605725,0.8300000000000004,0.21429486503824594,1.0,0.025022335356104618,0.2502208952605721,4.666467392121256,0,0,0,0,9.479677953405739e-08
3p,development,0.002,1,84,0.07315470254980028,0.050664464528578895,0.4601795628666878,0.5900000000000002,0.29864996966905893,0.17,0.02249023802122138,0.12982043713331237,1.7567645274650525,0,0,0,0,9.334517333354023e-08
3p,development,0.002,1,85,0.15251899105496708,0.15602314533512446,1.13977512717247,1.1200000000000006,0.9426351433433592,1.0,0.003504154280157379,0.019775127172469542,1.0608558433893922,1,1,1,1,1.2642784570780682e-07
3p,development,0.002,1,86,0.17700028177350763,0.18360724787959926,0.7393090762197971,0.7300000000000003,0.1226306041330099,0.17,0.006606966106091627,0.009309076219796819,1.3862771141175447,0,1,0,0,2.2676988872097076e-07
3p,development,0.002,1,87,0.09792799698188902,0.07100769579635191,0.8607389025390149,1.0300000000000007,0.6541501119267196,0.04000000000000001,0.026920301185537107,0.16926109746098583,16.353752798167985,0,0,0,0,7.946317204410441e-08
3p,development,0.002,1,88,0.09415620411746205,0.1977225619698326,0.5755270451307297,0.41000000000000003,0.03760044574737549,0.15000000000000002,0.10356635785237055,0.1655270451307297,3.9893144088716026,0,0,0,0,1.1228171995531117e-07
3p,development,0.002,1,89,0.16378039256669583,0.147283356224255,1.0244219288229943,1.0800000000000005,0.739653858570382,0.51,0.01649703634244082,0.055578071177006194,1.4503016834713374,0,0,0,0,1.2255122484578886e-07
3p,development,0.002,1,90,0.1557047072798014,0.11754176100967288,0.6249873660504818,0.7900000000000004,0.3216857979167253,0.010000000000000004,0.03816294627012852,0.1650126339495186,32.16857979167252,0,0,0,0,1.44898811466651e-07
3p,development,0.002,1,91,0.08578880233690143,0.07255815280753124,0.9750670917332173,1.0800000000000005,0.9191287657804788,0.54,0.013230649529370198,0.10493290826678325,1.7020903070008864,0,0,0,0,7.257294775466576e-08
3p,development,0.002,1,92,0.0664971289690584,0.08710783602810374,0.7591692894697188,0.5500000000000002,0.5876856757793576,1.0,0.02061070705904533,0.2091692894697187,1.7015898825062445,0,0,0,0,8.69422937753856e-08
3p,development,0.002,1,93,0.13749921959824862,0.19717360678973625,0.8408774361014366,0.6200000000000002,0.19150262428447604,0.66,0.05967438719148763,0.2208774361014364,3.4464279665409383,0,0,0,0,1.575940818305307e-07
3p,development,0.002,1,94,0.18307304438203575,0.09218549890387864,0.44134512171149254,0.8400000000000004,0.7635350615158677,0.02,0.09088754547815711,0.3986548782885079,38.176753075793386,0,0,0,0,9.512260618065409e-08
3p,development,0.002,1,95,0.1123652462847531,0.10787557251301341,1.1586115844547749,1.2,0.47921343154273927,0.38,0.004489673771739686,0.0413884155452251,1.2610879777440507,1,0,0,0,9.547060969909684e-08
3p,development,0.002,2,0,0.10726027246564628,0.10640503409496929,0.6441382817924023,0.6300000000000002,0.2696949787810445,0.25,0.0008552383706769834,0.014138281792402063,1.078779915124178,1,1,1,1,1.3249119165309144e-07
3p,development,0.002,2,1,0.18640026794746523,0.18884505794560316,0.9559115804731846,0.9400000000000005,0.971627541994676,1.0,0.002444789998137936,0.015911580473184084,1.029200961046326,1,1,1,1,1.0392498121148668e-07
3p,development,0.002,2,2,0.1428764013107866,0.12765620500901786,0.5555918276309967,0.6000000000000002,0.08971024096943438,0.010000000000000004,0.01522019630176874,0.04440817236900352,8.971024096943435,0,0,0,0,1.5178747657593435e-07
3p,development,0.002,2,3,0.06402840954251587,0.07353205338458368,1.0443556383252144,0.9300000000000005,0.6870323592238128,1.0,0.00950364384206781,0.11435563832521389,1.4555355167400965,0,0,0,0,1.0984944662778484e-07
3p,development,0.002,2,4,0.08208682276308538,0.05070034940636258,0.4151828698813915,0.6800000000000003,0.8197801645565778,0.3400000000000001,0.031386473356722795,0.26481713011860875,2.4111181310487577,0,0,0,0,7.410960514170609e-08
3p,development,0.002,2,5,0.16232083542272452,0.1775640931223341,1.184769431501627,1.1300000000000008,0.4234762634523213,0.63,0.015243257699609575,0.054769431501626276,1.4876866884203321,0,0,0,0,1.759655532200642e-07
3p,development,0.002,2,6,0.1683451309334487,0.15251934915197576,0.7845472395420074,0.8400000000000004,0.5315595193207264,0.38,0.015825781781472925,0.05545276045799297,1.398840840317701,0,0,0,0,1.5452848085731845e-07
3p,development,0.002,2,7,0.08781711296178402,0.1576531266639246,0.8154977872967719,0.43000000000000005,0.24711703973822297,0.99,0.06983601370214057,0.38549778729677187,4.006198848321956,0,0,0,0,9.341403592291324e-08
3p,development,0.002,2,8,0.10279531534761191,0.13126011295870815,0.5490358240902424,0.4,0.6167082849889993,0.9,0.028464797611096243,0.1490358240902424,1.4593609683970015,0,0,0,0,9.978332230746363e-08
3p,development,0.002,2,9,0.17387523697689178,0.16628916699467503,1.05090998634696,1.0800000000000005,0.16245699803344907,0.06,0.007586069982216753,0.029090013653040536,2.707616633890818,0,1,0,0,1.478480766376886e-07
3p,development,0.002,2,10,0.14675654745660724,0.17000022701767467,0.65123101323843,0.5200000000000001,0.7963870982546359,1.0,0.023243679561067432,0.1312310132384299,1.2556707688906596,0,0,0,0,1.2006404296514595e-07
3p,development,0.002,2,11,0.07597091835923493,0.08342160523512628,0.9488197416067123,0.9000000000000005,0.4463837037421763,0.62,0.007450686875891344,0.048819741606711875,1.388939593453666,0,0,0,0,1.1809728453168068e-07
3p,development,0.002,2,12,0.057839697971940045,0.11945370623460067,0.7170537360012531,0.4,0.06656298973597585,0.42000000000000004,0.06161400826266062,0.3170537360012531,6.309812730256603,0,0,0,0,8.968066203985561e-08
3p,development,0.002,2,13,0.12738607330247761,0.14626933701590605,0.8829896353185176,0.7600000000000003,0.7106690130196511,0.98,0.01888326371342844,0.12298963531851725,1.3789823139128503,0,0,0,0,1.19902656315007e-07
3p,development,0.002,2,14,0.1920029028784484,0.19550692151097573,0.4832131013274193,0.4700000000000001,0.3545986079797149,0.33,0.0035040186325273337,0.013213101327419208,1.0745412363021662,1,1,1,1,1.4043139241204591e-07
3p,development,0.002,2,15,0.12216481105424465,0.10477134496155749,1.1167400926351547,1.2,0.8862389653827996,0.52,0.01739346609268716,0.08325990736484523,1.7043057026592299,0,0,0,0,1.0090923064444893e-07
3p,development,0.002,2,16,0.12014189446344974,0.1733922056601931,0.46607877388596536,0.4,0.18351556524634363,0.25,0.05325031119674335,0.06607877388596534,1.3622822656182347,0,0,0,0,1.2285475597426863e-07
3p,development,0.002,2,17,0.19928185362368822,0.18885507143439942,1.13396779820323,1.1800000000000006,0.5951673667412252,0.47000000000000003,0.010426782189288802,0.0460322017967707,1.2663135462579258,0,0,0,0,1.3158440690424442e-07
3p,development,0.002,2,18,0.13001310830004514,0.11699622245519334,0.7341914966702461,0.7800000000000004,0.4871974073816091,0.3400000000000001,0.013016885844851805,0.04580850332975428,1.4329335511223793,0,0,0,0,1.5681571691467755e-07
3p,development,0.002,2,19,0.051165080210193996,0.05,0.8657653629779816,0.9000000000000005,0.7560502873547376,0.72,0.001165080210193993,0.0342346370220189,1.0500698435482467,1,0,1,0,9.36378455187972e-08
3p,development,0.002,2,20,0.06922351187095047,0.07901355990298055,0.6996233619749546,0.5900000000000002,0.7471358040068299,0.9600000000000001,0.009790048032030083,0.10962336197495437,1.284906967182668,0,0,0,0,1.0790290806947386e-07
3p,development,0.002,2,21,0.1494575597345829,0.1628060539857286,0.9003256492316722,0.8600000000000004,0.02961364118382335,0.18000000000000002,0.013348494251145676,0.04032564923167181,6.0782799008966935,0,0,0,0,1.3072712050253286e-07
3p,development,0.002,2,22,0.1812267350498587,0.17772313131522544,0.5006469085812568,0.5100000000000001,0.911644238717854,0.86,0.003503603734633265,0.009353091418743298,1.0600514403695978,1,1,1,1,1.5810011916739e-07
3p,development,0.002,2,23,0.10069875228218736,0.13535404367509982,1.099407511949539,0.9600000000000005,0.3296700208541006,0.99,0.03465529139291246,0.1394075119495385,3.0030028130405477,0,0,0,0,1.1851818966398225e-07
3p,development,0.002,2,24,0.0945832052268088,0.08424651170904048,0.7642075203359127,0.8800000000000004,0.950148934982717,0.74,0.010336693517768322,0.11579247966408779,1.283985047273942,0,0,0,0,1.1574306507610145e-07
3p,development,0.002,2,25,0.16566309053450823,0.14270499665295247,0.8357472069561481,0.9000000000000005,0.29069501130841674,0.04000000000000001,0.022958093881555758,0.06425279304385234,7.267375282710417,0,0,0,0,1.3136383336192163e-07
3p,development,0.002,2,26,0.1549870223272592,0.07831547238243892,0.43552525937557224,0.8100000000000004,0.6466370136383921,0.02,0.07667154994482027,0.37447474062442815,32.331850681919605,0,0,0,0,1.1018096471974588e-07
3p,development,0.002,2,27,0.08420135690830649,0.12430311914421005,1.1645226821303367,0.9300000000000005,0.13058625584468245,1.0,0.04010176223590356,0.23452268213033622,7.657773733779355,0,0,0,0,1.1145728214993741e-07
3p,development,0.002,2,28,0.06607011919841171,0.050628650030366165,0.5947254322469234,0.7500000000000003,0.38646838021464647,0.14,0.015441469168045549,0.1552745677530769,2.7604884301046173,0,0,0,0,7.606175290834859e-08
3p,development,0.002,2,29,0.13561652973294258,0.1125813964026845,1.0053268559277058,1.1300000000000008,0.8563092667795718,0.44,0.023035133330258084,0.12467314407229502,1.9461574244990267,0,0,0,0,1.1719246919762518e-07
3p,development,0.002,2,30,0.183790739113465,0.14708471483690563,0.6050073474645614,0.7000000000000003,0.22225076384842396,0.010000000000000004,0.03670602427655936,0.09499265253543887,22.22507638484239,0,0,0,0,1.9895349297364037e-07
3p,development,0.002,2,31,0.11395268249325455,0.09514290159297625,0.9949430331587791,1.1000000000000005,0.5569062579702586,0.18000000000000002,0.018809780900278295,0.10505696684122146,3.0939236553903253,0,0,0,0,1.354399703695285e-07
3p,development,0.002,2,32,0.11176003082655372,0.1321478440930548,0.5669591173529624,0.43000000000000005,0.8010156985931098,0.99,0.020387813266501076,0.1369591173529624,1.235930833489055,0,0,0,0,1.3296216439879207e-07
3p,development,0.002,2,33,0.18129595671780407,0.17809064096876268,1.0330903261899946,1.0400000000000005,0.47027277142740787,0.43,0.0032053157490413986,0.006909673810005845,1.0936576079707159,1,1,1,1,1.3632981191331434e-07
3p,development,0.002,2,34,0.13810214567929507,0.18320835366773625,0.6335030324757099,0.44000000000000006,0.6101431994792074,1.0,0.04510620798844117,0.19350303247570988,1.6389595112320485,0,0,0,0,1.3060739081232825e-07
3p,development,0.002,2,35,0.06827192837372423,0.06432890878047925,0.9664440892636775,0.9800000000000005,0.13663156319409608,0.02,0.003943019593244973,0.013555910736323007,6.831578159704804,1,1,0,0,1.0997487257682605e-07
3p,development,0.002,2,36,0.08639401751570405,0.13705953396628287,0.7989412054419518,0.4700000000000001,0.37655408191494644,0.99,0.05066551645057882,0.3289412054419517,2.6291044169947804,0,0,0,0,9.545527436759816e-08
3p,development,0.002,2,37,0.15748179578222338,0.10944096286374322,0.8010106772184371,1.0400000000000005,0.8966683469712734,0.19,0.04804083291848016,0.23898932278156337,4.719307089322491,0,0,0,0,1.0506762307790216e-07
3p,development,0.002,2,38,0.16317746564745905,0.051600283658830196,0.4015209443867207,0.4800000000000001,0.0465383361466229,0.04000000000000001,0.11157718198862886,0.07847905561327939,1.1634584036655724,0,0,1,0,9.18429778142217e-08
3p,development,0.002,2,39,0.092381404992193,0.10399879494555735,1.1985237382352352,1.1200000000000006,0.7021703337598592,1.0,0.011617389953364352,0.07852373823523462,1.4241558663485177,0,0,0,0,1.1813673806075357e-07
3p,development,0.002,2,40,0.09849687381647529,0.09336901197255802,0.6648868262767792,0.7200000000000003,0.08465772101655603,0.02,0.005127861843917267,0.05511317372322111,4.232886050827801,0,0,0,0,1.0095645647399802e-07
3p,development,0.002,2,41,0.17874103640206163,0.17792044824318087,0.9350593283772468,0.9200000000000005,0.6625985260028392,0.65,0.0008205881588807529,0.015059328377246328,1.0193823476966757,1,1,1,1,1.1445752197324159e-07
3p,development,0.002,2,42,0.15195240247994662,0.11701948412868231,0.5346479706466198,0.6300000000000002,0.27668209563009444,0.11000000000000001,0.03493291835126432,0.09535202935338039,2.5152917784554036,0,0,0,0,1.3411269149938405e-07
3p,development,0.002,2,43,0.07141623729839922,0.05053284211277076,1.0654032029211522,1.2,0.9979958540946245,0.17,0.020883395185628456,0.13459679707884775,5.870563847615438,0,0,0,0,8.757754519946993e-08
3p,development,0.002,2,44,0.053366967616602784,0.050766164035062844,0.49384223818778994,0.5200000000000001,0.5090592798497527,0.48000000000000004,0.00260080358153994,0.02615776181221019,1.0605401663536516,1,1,1,1,1.0227503688432072e-07
3p,development,0.002,2,45,0.13249879800714554,0.12317942077968025,1.1062014773488045,1.1300000000000008,0.2362637385353446,0.06999999999999998,0.009319377227465286,0.023798522651196308,3.375196264790638,0,1,0,0,1.43726995760293e-07
3p,development,0.002,2,46,0.19678700193762783,0.12301647892644621,0.7056925587356091,1.0100000000000007,0.8403476954065263,0.010000000000000004,0.07377052301118162,0.3043074412643916,84.0347695406526,0,0,0,0,1.793588909692448e-07
3p,development,0.002,2,47,0.1179491779766977,0.13623609562731293,0.8942610539495945,0.7900000000000004,0.43239697405137123,0.67,0.018286917650615228,0.10426105394959417,1.549502055304393,0,0,0,0,1.0959147262308135e-07
3p,development,0.002,2,48,0.12465965938754381,0.1553808063558686,0.7448200672864913,0.5700000000000002,0.642081995178014,1.0,0.030721146968324786,0.17482006728649113,1.557433485925353,0,0,0,0,1.0553573955151105e-07
3p,development,0.002,2,49,0.1941956204827875,0.18422970682574705,0.855226181447506,0.8900000000000005,0.10661982973106204,0.010000000000000004,0.009965913657040443,0.034773818552494506,10.6619829731062,0,0,0,0,2.2235322564745648e-07
3p,development,0.002,2,50,0.1251841892488301,0.06869981483921575,0.45471739992499355,0.8500000000000004,0.9566365440469236,0.18000000000000002,0.056484374409614346,0.3952826000750069,5.314647466927353,0,0,0,0,1.0958333014912692e-07
3p,development,0.002,2,51,0.05535400714725256,0.050408011290048786,1.145239020138979,1.1900000000000008,0.31659414604306224,0.09999999999999998,0.004945995857203775,0.04476097986102179,3.165941460430623,1,0,0,0,7.87097228307842e-08
3p,development,0.002,2,52,0.0734760789666325,0.12009611972837303,0.5143021553754806,0.4,0.20021793148480357,0.24000000000000005,0.04662004076174053,0.11430215537548061,1.1986938343642608,0,0,1,0,1.0883446133269613e-07
3p,development,0.002,2,53,0.14456382091157138,0.13399565945721537,1.0856465324759483,1.1200000000000006,0.5465504582598806,0.38,0.010568161454356018,0.03435346752405222,1.4382906796312647,0,0,0,0,1.1785873560023766e-07
3p,development,0.002,2,54,0.17607711208984256,0.13289728884892466,0.6852353118360043,0.8500000000000004,0.40656673369929197,0.029999999999999995,0.0431798232409179,0.16476468816399614,13.552224456643067,0,0,0,0,1.5525763091497704e-07
3p,development,0.002,2,55,0.10528101511299612,0.07089207974323648,0.9148186691105366,1.1500000000000008,0.8647304695937783,0.010000000000000004,0.034388935369759635,0.23518133088946425,86.4730469593778,0,0,0,0,7.369848868981212e-08
3p,development,0.002,2,56,0.09030273449607194,0.05002415427372849,0.4499194100499153,0.7200000000000003,0.4922971913777292,0.07999999999999999,0.04027858022234345,0.270080589950085,6.153714892221616,0,0,0,0,9.973641198964359e-08
3p,development,0.002,2,57,0.1705469322856516,0.1552667057752531,1.1500357568264006,1.2,0.7804406330827623,0.56,0.015280226510398509,0.049964243173599376,1.3936439876477897,0,0,0,0,1.5194232383728442e-07
3p,development,0.002,2,58,0.16012817816808822,0.14281263367446226,0.7505461730062961,0.8000000000000004,0.17648507892154158,0.010000000000000004,0.01731554449362596,0.049453826993704264,17.64850789215415,0,0,0,0,1.320076717209756e-07
3p,development,0.002,2,59,0.07959204819053411,0.1023755384758013,0.8495020918548106,0.6400000000000002,0.5688462006673217,1.0,0.02278349028526719,0.2095020918548104,1.7579444124385213,0,0,0,0,8.900272511541592e-08
3p,development,0.002,2,60,0.061542796948924665,0.06399168442205588,0.6163748219609261,0.5800000000000002,0.9341009906958788,0.99,0.0024488874731312185,0.036374821960925896,1.0598425757609764,1,0,1,0,8.497303270373624e-08
3p,development,0.002,2,61,0.140674591017887,0.15082312574073492,0.9836779057979583,0.9300000000000005,0.3405705861002207,0.47000000000000003,0.010148534722847907,0.05367790579795784,1.3800369708430775,0,0,0,0,1.5085449933088894e-07
3p,development,0.002,2,62,0.18859291626140479,0.11556958651588387,0.5840907610952855,0.8800000000000004,0.7266154191829264,0.06,0.07302332974552092,0.295909238904715,12.110256986382106,0,0,0,0,1.372917657943832e-07
3p,development,0.002,2,63,0.10975505597889425,0.11439206065315836,1.015859942883253,0.9900000000000005,0.020649561109021306,0.11000000000000001,0.004637004674264117,0.02585994288325255,5.326989732093803,1,1,0,0,1.1832626932240155e-07
3p,development,0.002,2,64,0.11032400601543488,0.052612568601036976,0.4085817039012909,0.8300000000000004,0.7181733780354261,0.010000000000000004,0.0577114374143979,0.4214182960987095,71.81733780354259,0,0,0,0,1.3156079449024114e-07
3p,development,0.002,2,65,0.19033374297432604,0.1861407065060929,1.1914617255330087,1.1800000000000006,0.05859860475175083,0.010000000000000004,0.00419303646823313,0.01146172553300806,5.859860475175081,1,1,0,0,2.2330806756929072e-07
3p,development,0.002,2,66,0.1401079303584993,0.09008153536345195,0.7919292740523816,1.0700000000000007,0.8787315466720611,0.010000000000000004,0.05002639499504735,0.27807072594761917,87.87315466720608,0,0,0,0,1.4487286746268478e-07
3p,development,0.002,2,67,0.05980425849556924,0.09864252445258692,0.8080238617956639,0.44000000000000006,0.36255993926897645,0.99,0.038838265957017684,0.3680238617956638,2.7305829816612404,0,0,0,0,9.328336003069511e-08
3p,development,0.002,2,68,0.07902309899218381,0.14908915469738948,0.6265019595623016,0.4,0.15449283801950514,0.37,0.07006605570520567,0.22650195956230157,2.394933025654474,0,0,0,0,9.013803659134725e-08
3p,development,0.002,2,69,0.15838735117577019,0.18871590858550444,0.9734437182545662,0.8300000000000004,0.6242128749750555,0.99,0.030328557409734253,0.1434437182545658,1.5859974051954022,0,0,0,0,1.3937317542946186e-07
3p,development,0.002,2,70,0.17111359322443606,0.12666138564459725,0.5740090183913708,0.7500000000000003,0.45434525262564424,0.18000000000000002,0.04445220757983881,0.17599098160862958,2.52414029236469,0,0,0,0,1.3960584641906278e-07
3p,development,0.002,2,71,0.09204127211123705,0.07632571862096947,1.0260418690741062,1.1500000000000008,0.7888798971381038,0.37,0.015715553490267584,0.12395813092589458,2.132107830102983,0,0,0,0,1.1418941282793839e-07
3p,development,0.002,2,72,0.10467572980560363,0.07950603129876754,0.7095923647284508,0.8500000000000004,0.415483554340899,0.029999999999999995,0.02516969850683609,0.14040763527154965,13.849451811363302,0,0,0,0,9.353291100505797e-08
3p,development,0.002,2,73,0.17429995345883073,0.18540284782619967,0.8903598040342331,0.8400000000000004,0.8272562054451555,0.9600000000000001,0.011102894367368943,0.05035980403423268,1.160462736551385,0,0,1,0,1.3028830024728932e-07
3p,development,0.002,2,74,0.14516681795939806,0.14863731348929,0.4898936040699482,0.4600000000000001,0.25511047170497475,0.18000000000000002,0.003470495529891926,0.02989360406994812,1.4172803983609708,1,1,0,0,1.3311728522470864e-07
3p,development,0.002,2,75,0.07525094822049141,0.06163869990400607,1.1101515553891659,1.2,0.5240842012874782,0.06,0.013612248316485345,0.08984844461083408,8.734736688124638,0,0,0,0,1.1940595783076116e-07
3p,development,0.002,2,76,0.05595929329283536,0.05666759592550911,0.5307346090674401,0.5200000000000001,0.9791038078535348,1.0,0.0007083026326737477,0.010734609067439949,1.0213421620658134,1,1,1,1,9.528691047094e-08
3p,development,0.002,2,77,0.12696134760044517,0.11391352454752258,1.0693153113126754,1.1100000000000008,0.2617024946399033,0.02,0.013047823052922583,0.04068468868732533,13.085124731995165,0,0,0,0,1.4340222972647293e-07
3p,development,0.002,2,78,0.19359262371435765,0.19815456522536284,0.6687513597309589,0.6500000000000002,0.679557258784771,0.7100000000000001,0.004561941511005196,0.01875135973095865,1.0447979045498959,1,1,1,1,1.185640953981154e-07
3p,development,0.002,2,79,0.12288478929549457,0.12524894845536794,0.9311960481107234,0.9400000000000005,0.09770389053039252,0.13,0.002364159159873369,0.008803951889277073,1.330550905335353,1,1,0,0,1.1245653478433562e-07
3p,development,0.002,2,80,0.11621071244589985,0.12260695546457528,0.679759307205677,0.6400000000000002,0.8487952206656337,0.9600000000000001,0.006396243018675432,0.039759307205676775,1.1310148509638855,0,0,1,0,1.0164213564730125e-07
3p,development,0.002,2,81,0.19622041420079772,0.19895258585560743,0.9202931344509124,0.9200000000000005,0.39442308410070837,0.42000000000000004,0.002732171654809712,0.0002931344509119471,1.064846397004393,1,1,1,1,2.1930707925631827e-07
3p,development,0.002,2,82,0.1342395517975092,0.1671931601512354,0.5197293318808078,0.4,0.5644191091600805,0.6,0.03295360835372618,0.11972933188080781,1.063039840895656,0,0,1,0,1.1385858521710968e-07
3p,development,0.002,2,83,0.05393584473058582,0.05370801643154729,1.0802208952605725,1.0700000000000007,0.21429486503824594,0.21,0.00022782829903852941,0.010220895260571794,1.0204517382773617,1,1,1,1,1.1366826362080017e-07
3p,development,0.002,2,84,0.07315470254980028,0.0504101336624678,0.4601795628666878,0.6000000000000002,0.29864996966905893,0.17,0.022744568887332478,0.13982043713331238,1.7567645274650525,0,0,0,0,1.1622789076690906e-07
3p,development,0.002,2,85,0.15251899105496708,0.15617040809041233,1.13977512717247,1.1300000000000008,0.9426351433433592,1.0,0.003651417035445248,0.009775127172469311,1.0608558433893922,1,1,1,1,1.3937249984901638e-07
3p,development,0.002,2,86,0.17700028177350763,0.19845583212131618,0.7393090762197971,0.6800000000000003,0.1226306041330099,0.25,0.02145555034780855,0.059309076219796864,2.038642814878742,0,0,0,0,1.756709073577603e-07
3p,development,0.002,2,87,0.09792799698188902,0.11870958913320111,0.8607389025390149,0.6900000000000003,0.6541501119267196,1.0,0.02078159215131209,0.17073890253901458,1.5287011066230987,0,0,0,0,1.2599159891053086e-07
3p,development,0.002,2,88,0.09415620411746205,0.09091643370331128,0.5755270451307297,0.5900000000000002,0.03760044574737549,0.010000000000000004,0.003239770414150772,0.014472954869270471,3.760044574737548,1,1,0,0,1.1425643456392426e-07
3p,development,0.002,2,89,0.16378039256669583,0.18319393415309249,1.0244219288229943,0.9300000000000005,0.739653858570382,0.99,0.01941354158639666,0.09442192882299383,1.3384639159640053,0,0,0,0,1.3885469495053737e-07
3p,development,0.002,2,90,0.1557047072798014,0.11705936863610306,0.6249873660504818,0.7700000000000004,0.3216857979167253,0.010000000000000004,0.038645338643698346,0.14501263394951858,32.16857979167252,0,0,0,0,1.0010638375431358e-07
3p,development,0.002,2,91,0.08578880233690143,0.06927988971069358,0.9750670917332173,1.1000000000000005,0.9191287657804788,0.44,0.01650891262620785,0.12493290826678327,2.088929013137452,0,0,0,0,7.904817479970293e-08
3p,development,0.002,2,92,0.0664971289690584,0.050135241463059706,0.7591692894697188,0.9400000000000005,0.5876856757793576,0.13,0.0163618875059987,0.18083071053028166,4.520659044456597,0,0,0,0,9.692224635700564e-08
3p,development,0.002,2,93,0.13749921959824862,0.1649566688984965,0.8408774361014366,0.7300000000000003,0.19150262428447604,0.44,0.027457449300247877,0.1108774361014363,2.2976186443606252,0,0,0,0,1.2134717292976742e-07
3p,development,0.002,2,94,0.18307304438203575,0.1235617233008489,0.44134512171149254,0.6800000000000003,0.7635350615158677,0.41000000000000003,0.059511321081186855,0.23865487828850773,1.8622806378435797,0,0,0,0,1.2725589956684397e-07
3p,development,0.002,2,95,0.1123652462847531,0.10041740900898255,1.1586115844547749,1.2,0.47921343154273927,0.22,0.011947837275770548,0.0413884155452251,2.178242870648815,0,0,0,0,9.90532684095231e-08
3p,development,0.002,3,0,0.10726027246564628,0.08560011765506542,0.6441382817924023,0.7500000000000003,0.2696949787810445,0.02,0.021660154810580853,0.10586171820759804,13.484748939052224,0,0,0,0,1.4643725150410585e-07
3p,development,0.002,3,1,0.18640026794746523,0.1884351151836424,0.9559115804731846,0.9500000000000005,0.971627541994676,1.0,0.0020348472361771675,0.005911580473184075,1.029200961046326,1,1,1,1,1.3492483197929107e-07
3p,development,0.002,3,2,0.1428764013107866,0.19018293779717757,0.5555918276309967,0.4800000000000001,0.08971024096943438,0.19,0.047306536486390965,0.07559182763099659,2.1179298812131813,0,0,0,0,1.2324728900596076e-07
3p,development,0.002,3,3,0.06402840954251587,0.05737871432066102,1.0443556383252144,1.0900000000000007,0.6870323592238128,0.45,0.006649695221854851,0.04564436167478636,1.5267385760529173,0,0,0,0,1.1602400665499611e-07
3p,development,0.002,3,4,0.08208682276308538,0.08249363645721978,0.4151828698813915,0.42000000000000004,0.8197801645565778,0.98,0.0004068136941344086,0.004817130118608515,1.1954424397790666,1,1,1,1,9.412560603186131e-08
3p,development,0.002,3,5,0.16232083542272452,0.1705797683301438,1.184769431501627,1.1400000000000006,0.4234762634523213,0.54,0.008258932907419275,0.04476943150162649,1.275160018645999,0,0,0,0,1.730516846395431e-07
3p,development,0.002,3,6,0.1683451309334487,0.19968623773271438,0.7845472395420074,0.6600000000000003,0.5315595193207264,0.78,0.03134110679926569,0.1245472395420072,1.4673803622156043,0,0,0,0,1.5992978277084075e-07
3p,development,0.002,3,7,0.08781711296178402,0.14862029786752035,0.8154977872967719,0.4900000000000001,0.24711703973822297,0.99,0.06080318490573633,0.3254977872967718,4.006198848321956,0,0,0,0,1.1978910094002203e-07
3p,development,0.002,3,8,0.10279531534761191,0.1274720443099111,0.5490358240902424,0.43000000000000005,0.6167082849889993,0.99,0.024676728962299194,0.11903582409024238,1.6052970652367016,0,0,0,0,8.075270693819431e-08
3p,development,0.002,3,9,0.17387523697689178,0.19747550128360067,1.05090998634696,0.9900000000000005,0.16245699803344907,0.42000000000000004,0.02360026430670889,0.06090998634695943,2.585299525930697,0,0,0,0,1.6630195931422708e-07
3p,development,0.002,3,10,0.14675654745660724,0.11714305157595582,0.65123101323843,0.8000000000000004,0.7963870982546359,0.46,0.029613495880651416,0.14876898676157035,1.7312763005535563,0,0,0,0,1.1211072656722424e-07
3p,development,0.002,3,11,0.07597091835923493,0.10234628594063153,0.9488197416067123,0.7100000000000003,0.4463837037421763,0.99,0.026375367581396594,0.23881974160671204,2.217822899224402,0,0,0,0,9.870857370058707e-08
3p,development,0.002,3,12,0.057839697971940045,0.11956074211691275,0.7170537360012531,0.4,0.06656298973597585,0.44,0.06172104414497271,0.3170537360012531,6.610280003125965,0,0,0,0,1.3066339702354754e-07
3p,development,0.002,3,13,0.12738607330247761,0.09742983447078546,0.8829896353185176,1.0400000000000005,0.7106690130196511,0.19,0.029956238831692156,0.15701036468148288,3.7403632264192166,0,0,0,0,1.3651679575988933e-07
3p,development,0.002,3,14,0.1920029028784484,0.18501955638629666,0.4832131013274193,0.4900000000000001,0.3545986079797149,0.32,0.006983346492151737,0.00678689867258081,1.108120649936609,0,1,1,0,1.4680583046562229e-07
3p,development,0.002,3,15,0.12216481105424465,0.10675919610523472,1.1167400926351547,1.2,0.8862389653827996,0.56,0.015405614949009924,0.08325990736484523,1.5825695810407134,0,0,0,0,1.1487554015234796e-07
3p,development,0.002,3,16,0.12014189446344974,0.19415929937014917,0.46607877388596536,0.4,0.18351556524634363,0.12000000000000001,0.07401740490669943,0.06607877388596534,1.5292963770528636,0,0,0,0,1.09585201405427e-07
3p,development,0.002,3,17,0.19928185362368822,0.16569383126620352,1.13396779820323,1.2,0.5951673667412252,0.17,0.033588022357484704,0.06603220179677005,3.5009845102425006,0,0,0,0,1.6965992217682435e-07
3p,development,0.002,3,18,0.13001310830004514,0.09567604406933052,0.7341914966702461,0.9000000000000005,0.4871974073816091,0.02,0.03433706423071463,0.1658085033297544,24.359870369080454,0,0,0,0,9.545558534916835e-08
3p,development,0.002,3,19,0.051165080210193996,0.05925682180366682,0.8657653629779816,0.6900000000000003,0.7560502873547376,1.0,0.008091741593472826,0.1757653629779813,1.3226633422742178,0,0,0,0,1.1754215315889371e-07
3p,development,0.002,3,20,0.06922351187095047,0.0812315038195979,0.6996233619749546,0.5600000000000002,0.7471358040068299,0.99,0.012007991948647434,0.1396233619749544,1.3250603099071263,0,0,0,0,1.0046194314136786e-07
3p,development,0.002,3,21,0.1494575597345829,0.15891981083347445,0.9003256492316722,0.8900000000000005,0.02961364118382335,0.14,0.009462251098891539,0.010325649231671785,4.727551034030761,0,1,0,0,1.879763108610842e-07
3p,development,0.002,3,22,0.1812267350498587,0.15267308075128516,0.5006469085812568,0.6300000000000002,0.911644238717854,0.6900000000000001,0.02855365429857354,0.1293530914187434,1.3212235343737013,0,0,0,0,1.2813631634657746e-07
3p,development,0.002,3,23,0.10069875228218736,0.10015802996287196,1.099407511949539,1.0900000000000007,0.3296700208541006,0.32,0.0005407223193154009,0.00940751194953826,1.0302188151690643,1,1,1,1,1.091355200241698e-07
3p,development,0.002,3,24,0.0945832052268088,0.05856052817390155,0.7642075203359127,1.0500000000000007,0.950148934982717,0.010000000000000004,0.036022677052907244,0.28579247966408805,95.01489349827166,0,0,0,0,1.1237305062656333e-07
3p,development,0.002,3,25,0.16566309053450823,0.19874363201276732,0.8357472069561481,0.7300000000000003,0.29069501130841674,0.55,0.03308054147825909,0.10574720695614781,1.8920173329581849,0,0,0,0,1.7170284029364527e-07
3p,development,0.002,3,26,0.1549870223272592,0.16586599024444565,0.43552525937557224,0.4,0.6466370136383921,0.6900000000000001,0.010878967917186455,0.035525259375572216,1.0670592394914422,0,0,1,0,1.4122340494873143e-07
3p,development,0.002,3,27,0.08420135690830649,0.12386557580931559,1.1645226821303367,0.9400000000000005,0.13058625584468245,1.0,0.0396642189010091,0.22452268213033622,7.657773733779355,0,0,0,0,9.609134388320804e-08
3p,development,0.002,3,28,0.06607011919841171,0.09894025861325237,0.5947254322469234,0.4,0.38646838021464647,0.66,0.032870139414840654,0.1947254322469234,1.7077723140853922,0,0,0,0,1.2639143707519967e-07
3p,development,0.002,3,29,0.13561652973294258,0.12720635869845687,1.0053268559277058,1.0400000000000005,0.8563092667795718,0.7100000000000001,0.008410171034485714,0.034673144072294715,1.2060693898303827,0,0,0,0,1.572259823553106e-07
3p,development,0.002,3,30,0.183790739113465,0.14721412725069447,0.6050073474645614,0.7100000000000003,0.22225076384842396,0.010000000000000004,0.03657661186277053,0.10499265253543888,22.22507638484239,0,0,0,0,1.2681194308873222e-07
3p,development,0.002,3,31,0.11395268249325455,0.0883145208421611,0.9949430331587791,1.1000000000000005,0.5569062579702586,0.02,0.02563816165109345,0.10505696684122146,27.84531289851293,0,0,0,0,7.14631861135163e-08
3p,development,0.002,3,32,0.11176003082655372,0.12582619608379195,0.5669591173529624,0.4800000000000001,0.8010156985931098,0.99,0.014066165257238222,0.08695911735296236,1.235930833489055,0,0,0,0,1.2735481320849356e-07
3p,development,0.002,3,33,0.18129595671780407,0.19860284175888226,1.0330903261899946,0.9500000000000005,0.47027277142740787,0.65,0.01730688504107819,0.08309032618999412,1.382176556867348,0,0,0,0,1.242078932711744e-07
3p,development,0.002,3,34,0.13810214567929507,0.158052692243517,0.6335030324757099,0.5300000000000001,0.6101431994792074,0.73,0.019950546564221933,0.1035030324757098,1.1964404431993954,0,0,1,0,1.1721369120884804e-07
3p,development,0.002,3,35,0.06827192837372423,0.11418139174082528,0.9664440892636775,0.6000000000000002,0.13663156319409608,1.0,0.045909463367101055,0.36644408926367733,7.318953078063082,0,0,0,0,1.107999305015756e-07
3p,development,0.002,3,36,0.08639401751570405,0.08487877397530616,0.7989412054419518,0.8100000000000004,0.37655408191494644,0.35000000000000003,0.0015152435403978926,0.01105879455804859,1.0758688054712755,1,1,1,1,1.216765306969612e-07
3p,development,0.002,3,37,0.15748179578222338,0.16751727416116982,0.8010106772184371,0.7100000000000003,0.8966683469712734,0.99,0.010035478378946444,0.09101067721843681,1.1040871503315335,0,0,1,0,1.705528633505638e-07
3p,development,0.002,3,38,0.16317746564745905,0.05147183198397631,0.4015209443867207,0.5000000000000001,0.0465383361466229,0.05000000000000001,0.11170563366348274,0.09847905561327941,1.0743830600748348,0,0,1,0,8.686439846730524e-08
3p,development,0.002,3,39,0.092381404992193,0.10398992546698398,1.1985237382352352,1.1000000000000005,0.7021703337598592,1.0,0.011608520474790981,0.09852373823523464,1.4241558663485177,0,0,0,0,9.928435926083195e-08
3p,development,0.002,3,40,0.09849687381647529,0.18598474596261028,0.6648868262767792,0.42000000000000004,0.08465772101655603,0.3400000000000001,0.08748787214613499,0.24488682627677916,4.016172369363785,0,0,0,0,1.6080593480621505e-07
3p,development,0.002,3,41,0.17874103640206163,0.132164810652959,0.9350593283772468,1.0900000000000007,0.6625985260028392,0.04000000000000001,0.04657622574910261,0.15494067162275393,16.564963150070977,0,0,0,0,1.5741110481425636e-07
3p,development,0.002,3,42,0.15195240247994662,0.10720515224714906,0.5346479706466198,0.6900000000000003,0.27668209563009444,0.02,0.04474725023279756,0.15535202935338044,13.834104781504722,0,0,0,0,1.277249505623676e-07
3p,development,0.002,3,43,0.07141623729839922,0.07142766450995654,1.0654032029211522,1.0800000000000005,0.9979958540946245,1.0,1.1427211557321626e-05,0.014596797078848311,1.002008170572205,1,1,1,1,9.381662952781606e-08
3p,development,0.002,3,44,0.053366967616602784,0.050509805799914306,0.49384223818778994,0.5400000000000001,0.5090592798497527,0.54,0.0028571618166884777,0.04615776181221021,1.0607801907852055,1,0,1,0,9.936431396989392e-08
3p,development,0.002,3,45,0.13249879800714554,0.13910062154329805,1.1062014773488045,1.0900000000000007,0.2362637385353446,0.3400000000000001,0.006601823536152518,0.016201477348803728,1.439069753605616,0,1,0,0,1.2978578425426103e-07
3p,development,0.002,3,46,0.19678700193762783,0.19958609806069197,0.7056925587356091,0.6900000000000003,0.8403476954065263,0.86,0.002799096123064143,0.01569255873560882,1.0233859207336395,1,1,1,1,1.3020444636662198e-07
3p,development,0.002,3,47,0.1179491779766977,0.11508047336270245,0.8942610539495945,0.9300000000000005,0.43239697405137123,0.39,0.0028687046139952432,0.03573894605040595,1.108710189875311,1,0,1,0,1.0075674231904159e-07
3p,development,0.002,3,48,0.12465965938754381,0.08613182509647738,0.7448200672864913,0.9800000000000005,0.642081995178014,0.02,0.03852783429106643,0.23517993271350923,32.1040997589007,0,0,0,0,1.186805813003084e-07
3p,development,0.002,3,49,0.1941956204827875,0.18571698346071067,0.855226181447506,0.8700000000000004,0.10661982973106204,0.029999999999999995,0.008478637022076824,0.014773818552494489,3.5539943243687353,0,1,0,0,1.9120582897983766e-07
3p,development,0.002,3,50,0.1251841892488301,0.06351466991819661,0.45471739992499355,0.8900000000000005,0.9566365440469236,0.04000000000000001,0.061669519330633485,0.4352826000750069,23.915913601173084,0,0,0,0,9.806245394226134e-08
3p,development,0.002,3,51,0.05535400714725256,0.050019926544771186,1.145239020138979,1.1800000000000006,0.31659414604306224,0.07999999999999999,0.005334080602481375,0.03476097986102156,3.9574268255382785,0,0,0,0,7.6044437816255e-08
3p,development,0.002,3,52,0.0734760789666325,0.05334254273173214,0.5143021553754806,0.6300000000000002,0.20021793148480357,0.010000000000000004,0.020133536234900357,0.1156978446245196,20.02179314848035,0,0,0,0,9.288405925778164e-08
3p,development,0.002,3,53,0.14456382091157138,0.17612326788475918,1.0856465324759483,0.9400000000000005,0.5465504582598806,0.99,0.0315594469731878,0.14564653247594783,1.8113606622012246,0,0,0,0,1.3151333692421747e-07
3p,development,0.002,3,54,0.17607711208984256,0.19836452226188628,0.6852353118360043,0.6100000000000002,0.40656673369929197,0.52,0.02228741017204372,0.07523531183600407,1.279002822657415,0,0,0,0,1.4218886915841393e-07
3p,development,0.002,3,55,0.10528101511299612,0.1118169355974237,0.9148186691105366,0.8700000000000004,0.8647304695937783,1.0,0.006535920484427582,0.04481866911053611,1.1564297028526898,0,0,1,0,8.013741687065484e-08
3p,development,0.002,3,56,0.09030273449607194,0.09705149807980708,0.4499194100499153,0.42000000000000004,0.4922971913777292,0.52,0.0067487635837351345,0.029919410049915274,1.0562725303078462,0,1,1,0,9.478825920019806e-08
3p,development,0.002,3,57,0.1705469322856516,0.15626377967624158,1.1500357568264006,1.2,0.7804406330827623,0.5700000000000001,0.014283152609410016,0.049964243173599376,1.3691940931276532,0,0,0,0,1.199195573644972e-07
3p,development,0.002,3,58,0.16012817816808822,0.1436334290918803,0.7505461730062961,0.8000000000000004,0.17648507892154158,0.02,0.016494749076207932,0.049453826993704264,8.824253946077079,0,0,0,0,1.3672837057702992e-07
3p,development,0.002,3,59,0.07959204819053411,0.10046790156981832,0.8495020918548106,0.6800000000000003,0.5688462006673217,1.0,0.0208758533792842,0.16950209185481036,1.7579444124385213,0,0,0,0,1.2302993031797047e-07
3p,development,0.002,3,60,0.061542796948924665,0.06537090774285931,0.6163748219609261,0.5500000000000002,0.9341009906958788,1.0,0.003828110793934643,0.06637482196092592,1.0705480563242185,1,0,1,0,9.377834465114504e-08
3p,development,0.002,3,61,0.140674591017887,0.19597696814517243,0.9836779057979583,0.7700000000000004,0.3405705861002207,0.99,0.05530237712728542,0.21367790579795798,2.906886385392865,0,0,0,0,1.713900497266733e-07
3p,development,0.002,3,62,0.18859291626140479,0.11216597665432143,0.5840907610952855,0.8900000000000005,0.7266154191829264,0.010000000000000004,0.07642693960708336,0.305909238904715,72.66154191829261,0,0,0,0,1.441062652296034e-07
3p,development,0.002,3,63,0.10975505597889425,0.10938975503962858,1.015859942883253,1.0300000000000007,0.020649561109021306,0.010000000000000004,0.0003653009392656642,0.014140057116747595,2.0649561109021297,1,1,0,0,1.52483739847672e-07
3p,development,0.002,3,64,0.11032400601543488,0.11245483885502729,0.4085817039012909,0.4,0.7181733780354261,0.76,0.0021308328395924087,0.008581703901290871,1.058240284649636,1,1,1,1,1.1336939359601993e-07
3p,development,0.002,3,65,0.19033374297432604,0.1978487929122717,1.1914617255330087,1.1800000000000006,0.05859860475175083,0.15000000000000002,0.0075150499379456615,0.01146172553300806,2.559787910232082,0,1,0,0,1.581438579678116e-07
3p,development,0.002,3,66,0.1401079303584993,0.0987763780391515,0.7919292740523816,1.0100000000000007,0.8787315466720611,0.22,0.041331552319347806,0.21807072594761912,3.994234303054823,0,0,0,0,1.117764783449e-07
3p,development,0.002,3,67,0.05980425849556924,0.05072279465592648,0.8080238617956639,0.8800000000000004,0.36255993926897645,0.09999999999999998,0.009081463839642756,0.07197613820433657,3.6255993926897654,0,0,0,0,9.895298418420764e-08
3p,development,0.002,3,68,0.07902309899218381,0.06865927420327686,0.6265019595623016,0.7200000000000003,0.15449283801950514,0.010000000000000004,0.010363824788906947,0.09349804043769872,15.449283801950509,0,0,0,0,1.234772035200047e-07
3p,development,0.002,3,69,0.15838735117577019,0.18931324344930778,0.9734437182545662,0.8100000000000004,0.6242128749750555,0.98,0.030925892273537592,0.16344371825456583,1.5699772293853476,0,0,0,0,1.4322173830415345e-07
3p,development,0.002,3,70,0.17111359322443606,0.1938678940721885,0.5740090183913708,0.5100000000000001,0.45434525262564424,0.54,0.02275430084775243,0.06400901839137063,1.18852347830061,0,0,1,0,8.506309346507039e-08
3p,development,0.002,3,71,0.09204127211123705,0.10081142369816913,1.0260418690741062,0.9300000000000005,0.7888798971381038,1.0,0.008770151586932076,0.09604186907410572,1.2676200821288477,0,0,0,0,1.0925766012990532e-07
3p,development,0.002,3,72,0.10467572980560363,0.08441732819375844,0.7095923647284508,0.8500000000000004,0.415483554340899,0.13,0.020258401611845195,0.14040763527154965,3.1960273410838385,0,0,0,0,1.380903694370392e-07
3p,development,0.002,3,73,0.17429995345883073,0.1891116506335566,0.8903598040342331,0.8200000000000004,0.8272562054451555,1.0,0.014811697174725857,0.0703598040342327,1.2088153505743595,0,0,0,0,1.2967242273404568e-07
3p,development,0.002,3,74,0.14516681795939806,0.09396850841840153,0.4898936040699482,0.6400000000000002,0.25511047170497475,0.010000000000000004,0.05119830954099654,0.15010639593005204,25.511047170497466,0,0,0,0,1.1877572825803912e-07
3p,development,0.002,3,75,0.07525094822049141,0.09153829022599744,1.1101515553891659,1.0300000000000007,0.5240842012874782,0.98,0.016287342005506023,0.08015155538916519,1.8699285297906476,0,0,0,0,1.069502696016455e-07
3p,development,0.002,3,76,0.05595929329283536,0.050105702401143606,0.5307346090674401,0.6100000000000002,0.9791038078535348,0.79,0.005853590891691754,0.07926539093256013,1.2393719086753605,0,0,0,0,8.375320636875662e-08
3p,development,0.002,3,77,0.12696134760044517,0.1499227235589298,1.0693153113126754,0.9600000000000005,0.2617024946399033,0.6,0.02296137595848463,0.10931531131267491,2.2926797118444986,0,0,0,0,1.2481902823268672e-07
3p,development,0.002,3,78,0.19359262371435765,0.12505309761745964,0.6687513597309589,0.9300000000000005,0.679557258784771,0.010000000000000004,0.068539526096898,0.2612486402690416,67.95572587847708,0,0,0,0,1.7388872238066206e-07
3p,development,0.002,3,79,0.12288478929549457,0.19850971711426868,0.9311960481107234,0.6200000000000002,0.09770389053039252,0.8400000000000001,0.07562492781877411,0.3111960481107232,8.597405849859205,0,0,0,0,1.445762038874563e-07
3p,development,0.002,3,80,0.11621071244589985,0.07136325105057317,0.679759307205677,0.9900000000000005,0.8487952206656337,0.010000000000000004,0.04484746139532668,0.31024069279432354,84.87952206656334,0,0,0,0,1.3580685858557824e-07
3p,development,0.002,3,81,0.19622041420079772,0.1726873059812883,0.9202931344509124,0.9900000000000005,0.39442308410070837,0.15000000000000002,0.023533108219509408,0.06970686554908812,2.629487227338055,0,0,0,0,1.7779884680199992e-07
3p,development,0.002,3,82,0.1342395517975092,0.16493709406402035,0.5197293318808078,0.41000000000000003,0.5644191091600805,0.76,0.03069754226651114,0.1097293318808078,1.3465171318011644,0,0,0,0,1.0609998807368457e-07
3p,development,0.002,3,83,0.05393584473058582,0.06926076136869612,1.0802208952605725,0.9500000000000005,0.21429486503824594,0.73,0.015324916638110302,0.130220895260572,3.4065211962485167,0,0,0,0,8.40908593874824e-08
3p,development,0.002,3,84,0.07315470254980028,0.06162593833599396,0.4601795628666878,0.5000000000000001,0.29864996966905893,0.23,0.011528764213806317,0.03982043713331229,1.2984781289959084,0,0,0,0,9.778069607584057e-08
3p,development,0.002,3,85,0.15251899105496708,0.132097941758157,1.13977512717247,1.2,0.9426351433433592,0.59,0.020421049296810073,0.06022487282752986,1.5976866836328123,0,0,0,0,1.1876039317282252e-07
3p,development,0.002,3,86,0.17700028177350763,0.18092535179733574,0.7393090762197971,0.7200000000000003,0.1226306041330099,0.15000000000000002,0.003925070023828109,0.019309076219796828,1.2231856889272454,1,1,0,0,1.246857050553721e-07
3p,development,0.002,3,87,0.09792799698188902,0.11629726307951001,0.8607389025390149,0.7400000000000003,0.6541501119267196,1.0,0.01836926609762099,0.12073890253901454,1.5287011066230987,0,0,0,0,1.25141259812783e-07
3p,development,0.002,3,88,0.09415620411746205,0.17083010105713087,0.5755270451307297,0.43000000000000005,0.03760044574737549,0.2,0.07667389693966882,0.14552704513072967,5.3190858784954695,0,0,0,0,1.3837788512650173e-07
3p,development,0.002,3,89,0.16378039256669583,0.18231456124826492,1.0244219288229943,0.9500000000000005,0.739653858570382,0.99,0.018534168681569096,0.07442192882299381,1.3384639159640053,0,0,0,0,1.0622839487711104e-07
3p,development,0.002,3,90,0.1557047072798014,0.11775624149737196,0.6249873660504818,0.7600000000000003,0.3216857979167253,0.02,0.03794846578242944,0.13501263394951857,16.084289895836264,0,0,0,0,1.0414925228828772e-07
3p,development,0.002,3,91,0.08578880233690143,0.0887820772659166,0.9750670917332173,0.9500000000000005,0.9191287657804788,1.0,0.0029932749290151606,0.02506709173321675,1.0879868384391707,1,1,1,1,8.337080006467207e-08
3p,development,0.002,3,92,0.0664971289690584,0.050472664062975625,0.7591692894697188,0.8800000000000004,0.5876856757793576,0.15000000000000002,0.01602446490608278,0.1208307105302816,3.917904505195717,0,0,0,0,1.0652432873664201e-07
3p,development,0.002,3,93,0.13749921959824862,0.1972811130643829,0.8408774361014366,0.6200000000000002,0.19150262428447604,0.66,0.05978189346613427,0.2208774361014364,3.4464279665409383,0,0,0,0,1.5376371145822797e-07
3p,development,0.002,3,94,0.18307304438203575,0.19557287355459343,0.44134512171149254,0.4,0.7635350615158677,0.77,0.01249982917255768,0.041345121711492516,1.0084671140985946,0,0,1,0,1.3021003365650103e-07
3p,development,0.002,3,95,0.1123652462847531,0.10440757224297743,1.1586115844547749,1.2,0.47921343154273927,0.31,0.007957674041775664,0.0413884155452251,1.5458497791701267,0,0,0,0,1.5403021048317282e-07
3p,full,0.0,0,0,0.1418779246509075,0.07504606782759037,0.1946790291927755,0.21000000000000002,0.14411385899409654,0.25,0.06683185682331715,0.015320970807224527,1.7347394743640927,0,1,0,0,1.4414741354206485e-16
3p,full,0.0,0,1,0.044539797306060794,0.04378409238438272,1.742082456573844,1.74,0.918417689120397,0.88,0.000755704921678077,0.0020824565738439826,1.0436564649095421,1,1,1,1,1.543932716843529e-13
3p,full,0.0,0,2,0.0627299539744854,0.06473541649927361,0.6468751013092696,0.63,0.3237841335311532,0.35000000000000003,0.0020054625247882124,0.016875101309269613,1.0809671128197036,1,1,1,1,3.6864408952356304e-13
3p,full,0.0,0,3,0.17251923084259035,0.1722808708186728,1.1992771053314208,1.2,0.6032901086751372,0.6,0.0002383600239175554,0.0007228946685791104,1.005483514458562,1,1,1,1,4.538970539729686e-14
3p,full,0.0,0,4,0.18579323627054692,0.18525174787049686,0.807438354967162,0.81,0.8455401219800115,0.8400000000000001,0.0005414884000500553,0.002561645032838067,1.0065953833095374,1,1,1,1,1.9072863383156814e-13
3p,full,0.0,0,5,0.07600395344197751,0.07858109779963957,1.3744255252275617,1.37,0.07293869175948202,0.15999999999999998,0.002577144357662056,0.004425525227561566,2.193623111963754,1,1,0,0,2.940081352252319e-11
3p,full,0.0,0,6,0.006254354491829872,0.006993241361949802,0.26439058790914716,0.23,0.6732661031745374,0.7100000000000001,0.0007388868701199295,0.03439058790914715,1.054560740028731,1,0,1,0,4.949482643426897e-17
3p,full,0.0,0,7,0.10359247587621212,0.10479842734473238,1.826378232622519,1.83,0.39592727965675295,0.42000000000000004,0.001205951468520261,0.003621767377480989,1.0608008631385966,1,1,1,1,2.3645590452454616e-12
3p,full,0.0,0,8,0.11786312740296126,0.12040673496540004,0.62574389629066,0.61,0.7223496839217841,0.75,0.0025436075624387794,0.015743896290659976,1.038278297469581,1,1,1,1,1.8448913939328552e-13
3p,full,0.0,0,9,0.020523456297814848,0.020280032976431297,1.0527935939095914,1.06,0.44501937239430844,0.42000000000000004,0.00024342332138355127,0.007206406090408679,1.059569934272163,1,1,1,1,1.2661922205948942e-13
3p,full,0.0,0,10,0.08988252561539412,0.0904915472063656,0.08075238436460494,0.08,0.7978476984426379,0.8,0.0006090215909714813,0.0007523843646049383,1.0026976346006429,1,1,1,1,1.9747019797888814e-17
3p,full,0.0,0,11,0.1996733581647277,0.1984443578561189,1.5028035053424538,1.5,0.025235926965251565,0.010000000000000004,0.0012290003086087853,0.0028035053424537715,2.5235926965251556,1,1,0,0,2.8969025310800856e-10
3p,full,0.0,0,12,0.1613993527367711,0.18107788030293498,0.49493388877250255,0.46,0.2674868696555495,0.29000000000000004,0.019678527566163867,0.03493388877250253,1.084165366223177,0,0,1,0,1.542675322057555e-12
3p,full,0.0,0,13,0.05160852614790201,0.05111920703265026,1.933493593512103,1.93,0.5470013272855431,0.53,0.0004893191152517545,0.003493593512102988,1.0320779760104586,1,1,1,1,1.3258416535233335e-13
3p,full,0.0,0,14,0.033808899112045765,0.034178145998496376,0.9451862753275782,0.9400000000000001,0.19986874533817173,0.22,0.000369246886450611,0.005186275327578094,1.1007223747153003,1,1,1,1,1.8772942528065245e-13
3p,full,0.0,0,15,0.13114857617765666,0.13095600739375374,1.3887455056142062,1.3900000000000001,0.9741621456947178,0.97,0.00019256878390291887,0.0012544943857939472,1.0042908718502246,1,1,1,1,1.7393977352404212e-12
3p,full,0.0,0,16,0.13725246377289296,0.13634687287725392,0.9249179631192237,0.93,0.4818396128993481,0.47000000000000003,0.0009055908956390468,0.005082036880776353,1.0251906657432939,1,1,1,1,6.391305853302789e-12
3p,full,0.0,0,17,0.02751046232879162,0.026974529759398562,1.4763027399685233,1.48,0.6995026795007289,0.65,0.0005359325693930564,0.0036972600314766346,1.0761579684626597,1,1,1,1,1.9595046341451792e-13
3p,full,0.0,0,18,0.05820069499313832,0.03730012152896444,0.41126312111504376,0.43,0.046967086168006066,0.06,0.02090057346417388,0.018736878884956232,1.2774903638981108,0,1,0,0,3.726994111376754e-14
3p,full,0.0,0,19,0.15539388470351698,0.15637603869739508,1.9576493213232606,1.96,0.759363762140274,0.77,0.0009821539938781043,0.002350678676739326,1.0140067756588063,1,1,1,1,4.2754080712881086e-13
3p,full,0.0,0,20,0.1936671204864979,0.18176666317783263,0.048095170967280866,0.05,0.5074748344440013,0.52,0.011900457308665263,0.0019048290327191367,1.0246813530561008,0,1,1,0,8.606688557814019e-18
3p,full,0.0,0,21,0.09647393673658372,0.0956189795803492,1.6110089478828014,1.61,0.29198269233107566,0.27,0.0008549571562345148,0.0010089478828012588,1.0814173790039838,1,1,1,1,2.384830890014776e-12
3p,full,0.0,0,22,0.014224249869585037,0.013864616327421786,0.5291983876004815,0.55,0.9504236319940538,0.91,0.0003596335421632516,0.0208016123995185,1.0444215736198392,1,1,1,1,2.0831640478747813e-15
3p,full,0.0,0,23,0.12396625727415085,0.12284996902697144,1.0971116900630296,1.1,0.2397255756892264,0.22,0.0011162882471794089,0.0028883099369705345,1.0896617076783017,1,1,1,1,1.0670612001681511e-11
3p,full,0.0,0,24,0.11008623111993075,0.11416044609318332,0.36190765767358246,0.34,0.8785589704941958,0.92,0.004074214973252568,0.021907657673582437,1.04716932032746,1,1,1,1,1.284602819366882e-13
3p,full,0.0,0,25,0.0003457734361290932,0.00034021716757100034,1.7849760058242827,1.78,0.16785426096990705,0.13,5.55626855809285e-06,0.004976005824282703,1.2911866228454387,1,1,0,0,1.0920442215254364e-16
3p,full,0.0,0,26,0.08220473993569613,0.08276123919621911,0.8449545598682017,0.8400000000000001,0.5787961742747575,0.59,0.0005564992605229802,0.004954559868201591,1.0193571177958822,1,1,1,1,1.38628047981522e-13
3p,full,0.0,0,27,0.17939637396484615,0.18062037583619212,1.2730214846599848,1.27,0.3633087380975485,0.38,0.00122400187134597,0.0030214846599847522,1.0459423629331204,1,1,1,1,1.3294403142972458e-11
3p,full,0.0,0,28,0.16612313818186522,0.16461554405668036,0.7256873519159853,0.73,0.1114207397866994,0.09999999999999998,0.0015075941251848635,0.004312648084014659,1.1142073978669942,1,1,1,1,9.657775350358584e-13
3p,full,0.0,0,29,0.06893149819225074,0.06882655802291811,1.168320450000465,1.17,0.8238108510524035,0.8200000000000001,0.00010494016933262906,0.0016795499995350127,1.0046473793321993,1,1,1,1,7.458498430069111e-13
3p,full,0.0,0,30,0.038631985895335674,0.03383016385155077,0.21397625477984547,0.23,0.4187761723529547,0.44,0.0048018220437849035,0.01602374522015454,1.0506805999199909,1,1,1,1,2.4177849473125573e-16
3p,full,0.0,0,31,0.14837243761867286,0.14547016739734908,1.6516098273172974,1.6500000000000001,0.6364439743943513,0.59,0.002902270221323777,0.0016098273172973077,1.078718600668392,1,1,1,1,1.0807471462712684e-11
3p,full,0.0,0,32,0.14459689613431692,0.14057611278010784,0.6769366584811359,0.7000000000000001,0.8030164404399693,0.76,0.004020783354209079,0.023063341518864133,1.0566005795262754,1,1,1,1,4.452876479615597e-12
3p,full,0.0,0,33,0.041838851384818555,0.04166122347973439,1.2294559116940946,1.23,0.030686844391748312,0.02,0.00017762790508416698,0.0005440883059053547,1.5343422195874157,1,1,0,0,2.71856732762262e-13
3p,full,0.0,0,34,0.07247416730970145,0.08473917223542793,0.16449786909855904,0.13,0.7471509369462729,0.8200000000000001,0.012265004925726478,0.034497869098559036,1.0975024716578328,0,0,1,0,1.1990724298852824e-15
3p,full,0.0,0,35,0.16278102677315476,0.16070924470667525,1.7120156989526003,1.71,0.46953986619599164,0.44,0.0020717820664795106,0.002015698952600342,1.0671360595363446,1,1,1,1,5.1907192725494244e-12
3p,full,0.0,0,36,0.17607334200292826,0.16143733612587466,0.29446636013686656,0.3,0.22537043042480948,0.24000000000000005,0.014636005877053604,0.005533639863133433,1.0649134385004047,0,1,1,0,4.7113350519048606e-14
3p,full,0.0,0,37,0.08576647657901049,0.08364986408899278,1.8565503781102597,1.85,0.9998855887819081,0.9500000000000001,0.002116612490017711,0.006550378110259603,1.052511146086219,1,1,1,1,8.880986788338043e-13
3p,full,0.0,0,38,0.0035595113411545755,0.0036035522630164063,0.777269512116909,0.77,0.27388877334073186,0.29000000000000004,4.404092186183076e-05,0.0072695121169089605,1.058823976108086,1,1,1,1,1.1343679563666062e-15
3p,full,0.0,0,39,0.10631755013018847,0.10448811988372379,1.3443540045432747,1.35,0.5531828891765326,0.51,0.001829430246464675,0.0056459954567253945,1.0846723317186913,1,1,1,1,3.3271245649521316e-12
3p,full,0.0,0,40,0.12056407332420349,0.13080348908132766,0.11287455010227858,0.11,0.3485315744020045,0.33,0.01023941575712417,0.002874550102278578,1.0561562860666802,0,1,1,0,5.608626235850963e-17
3p,full,0.0,0,41,0.01780448481440544,0.018474193826692693,1.53480842188932,1.53,0.627834202228114,0.72,0.000669709012287252,0.004808421889320069,1.1467995809161078,1,1,1,1,3.027987839887467e-13
3p,full,0.0,0,42,0.09962072968482971,0.10302005535789144,0.5937337792944163,0.5800000000000001,0.1493383014202118,0.17,0.003399325673061726,0.013733779294416215,1.1383549858495432,1,1,1,1,8.959845754023264e-13
3p,full,0.0,0,43,0.18992914482951165,0.1927694792242343,1.020669074440375,1.01,0.9238431185204535,0.9600000000000001,0.0028403343947226434,0.010669074440375015,1.0391374690731607,1,1,1,1,1.0183544026255237e-11
3p,full,0.0,0,44,0.15163682959973812,0.15313738322324597,0.9773017801903189,0.97,0.679674612134695,0.7000000000000001,0.0015005536235078443,0.007301780190318907,1.0299045859627858,1,1,1,1,1.2412553628759286e-12
3p,full,0.0,0,45,0.06132842041552067,0.06152043173513926,1.4207646372169256,1.42,0.40207202387042346,0.41000000000000003,0.00019201131961859436,0.0007646372169256566,1.0197178009383998,1,1,1,1,1.4106296603716597e-13
3p,full,0.0,0,46,0.03108382485806942,0.030334858148662713,0.4629190087132156,0.48000000000000004,0.8710370900668204,0.8400000000000001,0.0007489667094067072,0.01708099128678442,1.0369489167462147,1,1,1,1,1.6686769598483826e-14
3p,full,0.0,0,47,0.13384341932833196,0.1333107907586733,1.90138139128685,1.9000000000000001,0.09869706424884497,0.08999999999999998,0.0005326285696586608,0.0013813912868498868,1.0966340472093887,1,1,1,1,1.7437813636496874e-12
3p,full,0.0,0,48,0.12744730804115534,0.12066849719000822,0.4433491654135287,0.47000000000000003,0.589063373496756,0.56,0.006778810851147121,0.026650834586471328,1.051898881244207,0,1,1,0,1.9522675416224807e-13
3p,full,0.0,0,49,0.037285386212170125,0.03814478395005953,1.9896979431435466,2.0,0.37335937945172193,0.41000000000000003,0.0008593977378894072,0.010302056856453357,1.0981376726147467,1,1,1,1,9.382419411291428e-13
3p,full,0.0,0,50,0.05542059037834406,0.05491323952386387,0.8928717246837914,0.9,0.9001953600440175,0.88,0.0005073508544801916,0.007128275316208632,1.0229492727772926,1,1,1,1,2.5260828898028817e-13
3p,full,0.0,0,51,0.15813135970383885,0.1637711206541036,1.4442219257727265,1.44,0.18970862459391355,0.28,0.0056397609502647494,0.004221925772726509,1.4759476570944645,0,1,0,0,1.1136002181386223e-10
3p,full,0.0,0,52,0.19642290677875282,0.1967626519793796,0.561289165308699,0.56,0.43970835329033436,0.44,0.0003397452006267676,0.0012891653086989363,1.0006632730706233,1,1,1,1,3.893874773714228e-12
3p,full,0.0,0,53,0.09371214341372253,0.09505267972430687,1.1291479649860412,1.12,0.6570991652831435,0.6900000000000001,0.0013405363105843393,0.00914796498604109,1.0500698166351796,1,1,1,1,2.062229617012185e-12
3p,full,0.0,0,54,0.024005278013646603,0.005950984054912004,0.01605556375347078,0.02,0.12045855387113988,0.39,0.018054293958734598,0.00394443624652922,3.237628109143674,0,1,0,0,6.152904690998867e-24
3p,full,0.0,0,55,0.1141672058030963,0.11311404265348879,1.5789138889778405,1.58,0.8331270713917911,0.81,0.0010531631496075167,0.0010861110221596082,1.0285519399898655,1,1,1,1,7.027372998449916e-13
3p,full,0.0,0,56,0.10031130723655224,0.09928340848937676,0.8750598223134876,0.88,0.0685949747916311,0.05000000000000001,0.0010278987471754736,0.004940177686512448,1.3718994958326216,1,1,0,0,1.846358179229069e-12
3p,full,0.0,0,57,0.010150929167866708,0.010225951948960447,1.3031641695834697,1.3,0.7812568390928208,0.8,7.502278109373928e-05,0.003164169583469656,1.0239910359427296,1,1,1,1,3.3523935917590645e-15
3p,full,0.0,0,58,0.07946726493537426,0.07711004212299234,0.3317702028527856,0.34,0.49211720132268966,0.49,0.0023572228123819178,0.008229797147214446,1.0043208190258972,1,1,1,1,2.127584193389623e-15
3p,full,0.0,0,59,0.1821764785796404,0.1772989188574268,1.7548731267638504,1.75,0.7095127192512155,0.65,0.004877559722213598,0.004873126763850433,1.0915580296172547,1,1,1,1,1.3426029904932431e-11
3p,full,0.0,0,60,0.16888493150472642,0.1702974652545018,0.24406917032785713,0.24000000000000002,0.9595133773330599,0.97,0.0014125337497753743,0.004069170327857113,1.0109291052263256,1,1,1,1,7.26311312466716e-15
3p,full,0.0,0,61,0.06617571189999581,0.06565429562661286,1.681757245650515,1.68,0.24902007717639207,0.23,0.0005214162733829519,0.001757245650515049,1.0826959877234437,1,1,1,1,1.4208075267891824e-12
3p,full,0.0,0,62,0.048431037366390234,0.04809757192248617,0.6955356523860245,0.7000000000000001,0.5283569724019617,0.52,0.00033346544390406435,0.004464347613975517,1.0160711007730032,1,1,1,1,1.4994773773401232e-14
3p,full,0.0,0,63,0.1385914094746113,0.13780702900573036,1.1382242021616549,1.1400000000000001,0.31265771379694346,0.3,0.0007843804688809353,0.00177579783834525,1.042192379323145,1,1,1,1,5.84142427387318e-12
3p,full,0.0,0,64,0.140174800157547,0.1362430995986725,0.7708930791541934,0.79,0.5412252014875412,0.5,0.003931700558874485,0.019106920845806674,1.0824504029750823,1,1,1,1,2.3775580918061863e-12
3p,full,0.0,0,65,0.04996406361460686,0.050530619377927334,1.3232803825475274,1.32,0.2617213856894523,0.29000000000000004,0.0005665557633204726,0.003280382547527383,1.1080485426746975,1,1,1,1,1.3247410253990685e-12
3p,full,0.0,0,66,0.0677663505077362,0.06769467195428391,0.31942624125629665,0.32,0.9799989304877817,0.98,7.167855345228957e-05,0.0005737587437033564,1.000001091340189,1,1,1,1,4.246547780259768e-14
3p,full,0.0,0,67,0.17042825743556023,0.17162517680767536,1.8668140191026033,1.87,0.2056934757810086,0.22,0.001196919372115135,0.003185980897396856,1.0695526397454767,1,1,1,1,1.959082639199121e-11
3p,full,0.0,0,68,0.18371064923703673,0.16300710553288633,0.1399014782626182,0.15000000000000002,0.45857920253649354,0.48000000000000004,0.020703543704150396,0.010098521737381821,1.0467112275153863,0,1,1,0,2.0197964709390172e-16
3p,full,0.0,0,69,0.08104874826967717,0.0797820425414582,1.7018744075205177,1.7,0.7359201190154999,0.7000000000000001,0.001266705728218978,0.0018744075205177069,1.0513144557364285,1,1,1,1,1.1003347225091075e-12
3p,full,0.0,0,70,0.011693110689520836,0.011772430899118263,0.6831926396954805,0.68,0.011736755818128585,0.02,7.9320209597427e-05,0.003192639695480448,1.7040484022942706,1,1,0,0,6.326014967245536e-15
3p,full,0.0,0,71,0.10190385319292546,0.10375577055474824,1.2501641455944628,1.24,0.7843365098256618,0.8300000000000001,0.0018519173618227885,0.01016414559446277,1.0582192587012023,1,1,1,1,2.79590581507743e-12
3p,full,0.0,0,72,0.11263303514569999,0.12604668035076474,0.4537485815025866,0.44,0.08643762134015559,0.08999999999999998,0.013413645205064759,0.013748581502586621,1.0412132888968042,0,1,1,0,1.4536119045791646e-13
3p,full,0.0,0,73,0.022423794679343703,0.02197501255712091,1.8758144031092525,1.87,0.859051552163437,0.8200000000000001,0.00044878212222279265,0.0058144031092524084,1.0476238441017522,1,1,1,1,6.269853664241706e-14
3p,full,0.0,0,74,0.09216996189206839,0.09205854237857075,0.9989825388975442,1.0,0.38236721532419327,0.38,0.00011141951349763479,0.0010174611024558189,1.0062295140110349,1,1,1,1,5.097675831194023e-13
3p,full,0.0,0,75,0.1948303608223796,0.1917880522090094,1.4260478860512376,1.43,0.6596959022711962,0.62,0.0030423086133701815,0.003952113948762381,1.0640256488245101,1,1,1,1,6.667105015230032e-12
3p,full,0.0,0,76,0.15654796902090312,0.14931951539858815,0.5716895303037017,0.61,0.9125806701369583,0.8400000000000001,0.007228453622314973,0.038310469696298255,1.086405559686855,0,0,1,0,1.4083864746838989e-12
3p,full,0.0,0,77,0.053887564130127436,0.05445367902278847,1.0152634760458021,1.01,0.13828936274163425,0.15999999999999998,0.0005661148926610349,0.005263476045802129,1.1569942678738614,1,1,1,1,1.5338383980190557e-12
3p,full,0.0,0,78,0.03569474760442972,0.03340291141937661,0.1221654290612787,0.13,0.6090659929066896,0.61,0.00229183618505311,0.007834570938721308,1.0015335072129916,1,1,1,1,1.575858370927236e-17
3p,full,0.0,0,79,0.12590398211032153,0.12540587640974923,1.5607407981622965,1.56,0.3295498590636998,0.32,0.0004981057005722933,0.000740798162296441,1.029843309574062,1,1,1,1,6.484617363866566e-12
3p,full,0.0,0,80,0.1323000829666853,0.15040505367300053,0.037736025927588346,0.03,0.8219099434558302,0.91,0.018104970706315227,0.007736025927588347,1.1071772610193562,0,1,1,0,7.264337679703785e-18
3p,full,0.0,0,81,0.029493196681141854,0.028717884139481707,1.5841976715717465,1.58,0.10951535675674676,0.04000000000000001,0.0007753125416601475,0.004197671571746442,2.7378839189186683,1,1,0,0,3.573011043178895e-12
3p,full,0.0,0,82,0.05979538373649121,0.06190965908540956,0.5521191532444208,0.53,0.6384064888115972,0.67,0.0021142753489183513,0.02211915324442082,1.049488079682922,1,1,1,1,1.6553909896569385e-13
3p,full,0.0,0,83,0.15005344934761525,0.1479570300505006,1.1035803244356066,1.11,0.4207417423091829,0.39,0.0020964192971146545,0.00641967556439349,1.078824980279956,1,1,1,1,8.249138073855319e-12
3p,full,0.0,0,84,0.18833660930395127,0.18544770105866717,0.9021642049215735,0.91,0.177554926937446,0.15000000000000002,0.002888908245284094,0.007835795078426577,1.1836995129163066,1,1,1,1,8.163672459885625e-12
3p,full,0.0,0,85,0.09807853773236275,0.0981449922244787,1.4701529379934073,1.47,0.888255138900131,0.89,6.645449211595267e-05,0.0001529379934073205,1.0019643692712317,1,1,1,1,2.6663906378625796e-15
3p,full,0.0,0,86,0.016223011910915377,0.015728079173234762,0.42130343375727536,0.43,0.3536696789506823,0.35000000000000003,0.0004949327376806145,0.008696566242724635,1.0104847970019493,1,1,1,1,2.496027209239234e-15
3p,full,0.0,0,87,0.11902989223599435,0.12061410188261046,1.9842935901880265,1.99,0.5691601927950979,0.59,0.001584209646616111,0.005706409811973456,1.0366150118520403,1,1,1,1,1.0104701880752194e-12
3p,full,0.0,0,88,0.10791008565574885,0.10413812624834318,0.7204958300385624,0.74,0.3016215209756047,0.26,0.00377195940740567,0.019504169961437556,1.160082772983095,1,1,1,1,2.8891700240630086e-12
3p,full,0.0,0,89,0.00510170329362154,0.005085791159609121,1.1484873093944044,1.1500000000000001,0.5171110464259983,0.51,1.5912134012419088e-05,0.001512690605595779,1.013943228286271,1,1,1,1,2.6804982406837383e-16
3p,full,0.0,0,90,0.08734794948250056,0.0827749847747056,0.23769232221879066,0.24000000000000002,0.23002467184327544,0.24000000000000005,0.00457296470779496,0.002307677781209355,1.043366340126859,1,1,1,1,2.149947759221033e-16
3p,full,0.0,0,91,0.17760752309113742,0.176780503155301,1.660684276027605,1.6600000000000001,0.9407277014665305,0.93,0.0008270199358364205,0.000684276027604902,1.011535162867237,1,1,1,1,3.0446309501547493e-12
3p,full,0.0,0,92,0.1643243631348014,0.17134325956161095,0.3380245827883482,0.32,0.6975399272050709,0.72,0.007018896426809557,0.018024582788348176,1.0321989780354552,0,1,1,0,5.952493815404832e-14
3p,full,0.0,0,93,0.07406479548662902,0.07545032331054717,1.7755827247165143,1.78,0.479874280821532,0.52,0.0013855278239181534,0.004417275283485678,1.0836171488702704,1,1,1,1,2.080655911432572e-12
3p,full,0.0,0,94,0.04337188806384802,0.044493787431851534,0.8504649141430854,0.8300000000000001,0.76126443923451,0.81,0.0011218993680035122,0.020464914143085378,1.0640192267676343,1,1,1,1,1.4334956474377769e-13
3p,full,0.0,0,95,0.1461802763864398,0.148524990331013,1.2930216327123345,1.29,0.048872699700295924,0.08999999999999998,0.0023447139445731957,0.0030216327123344655,1.8415188960689854,1,1,0,0,2.6484889392785693e-11
3p,full,0.002,0,0,0.1418779246509075,0.008869636082263824,0.1946790291927755,0.73,0.14411385899409654,0.010000000000000004,0.1330082885686437,0.5353209708072245,14.411385899409648,0,0,0,0,8.262909351774095e-08
3p,full,0.002,0,1,0.044539797306060794,0.04833713029200211,1.742082456573844,1.85,0.918417689120397,1.0,0.003797332985941315,0.10791754342615612,1.0888292024925363,1,0,1,0,6.59686984281229e-08
3p,full,0.002,0,2,0.0627299539744854,0.04790509784510185,0.6468751013092696,0.78,0.3237841335311532,0.010000000000000004,0.01482485612938355,0.1331248986907304,32.378413353115306,0,0,0,0,9.357825317657783e-08
3p,full,0.002,0,3,0.17251923084259035,0.16134298598891283,1.1992771053314208,1.21,0.6032901086751372,0.45,0.01117624485367752,0.01072289466857912,1.3406446859447494,0,1,0,0,1.5959389575385436e-07
3p,full,0.002,0,4,0.18579323627054692,0.19920852228058347,0.807438354967162,0.75,0.8455401219800115,0.99,0.013415286010036553,0.057438354967161986,1.1708492291077863,0,0,1,0,1.310023912084652e-07
3p,full,0.002,0,5,0.07600395344197751,0.07698138055620238,1.3744255252275617,1.37,0.07293869175948202,0.11000000000000001,0.0009774271142248686,0.004425525227561566,1.5081158894750815,1,1,0,0,8.936311742027492e-08
3p,full,0.002,0,6,0.006254354491829872,0.002208138685033556,0.26439058790914716,0.43,0.6732661031745374,0.010000000000000004,0.004046215806796316,0.16560941209085284,67.32661031745371,1,0,0,0,8.489823311320345e-08
3p,full,0.002,0,7,0.10359247587621212,0.1411589791893265,1.826378232622519,1.93,0.39592727965675295,0.99,0.03756650331311437,0.10362176737748086,2.5004591773981204,0,0,0,0,1.0345412263906948e-07
3p,full,0.002,0,8,0.11786312740296126,0.14115212690761278,0.62574389629066,0.49,0.7223496839217841,1.0,0.02328899950465152,0.13574389629065997,1.3843710632927748,0,0,0,0,1.1179985034450444e-07
3p,full,0.002,0,9,0.020523456297814848,0.026236696859244412,1.0527935939095914,0.98,0.44501937239430844,1.0,0.005713240561429564,0.07279359390959139,2.247093187471291,0,0,0,0,9.586301131518922e-08
3p,full,0.002,0,10,0.08988252561539412,0.009904207522196375,0.08075238436460494,0.66,0.7978476984426379,0.010000000000000004,0.07997831809319775,0.5792476156353951,79.78476984426376,0,0,0,0,7.38304113652388e-08
3p,full,0.002,0,11,0.1996733581647277,0.19792905362652505,1.5028035053424538,1.49,0.025235926965251565,0.010000000000000004,0.0017443045382026512,0.01280350534245378,2.5235926965251556,1,1,0,0,1.5531819367686302e-07
3p,full,0.002,0,12,0.1613993527367711,0.19729998932955772,0.49493388877250255,0.44,0.2674868696555495,0.3400000000000001,0.03590063659278661,0.05493388877250255,1.2710904293651042,0,0,0,0,1.7429893331761566e-07
3p,full,0.002,0,13,0.05160852614790201,0.060014572468449115,1.933493593512103,2.0,0.5470013272855431,0.79,0.008406046320547103,0.06650640648789707,1.4442378118538055,0,0,0,0,9.279334536092599e-08
3p,full,0.002,0,14,0.033808899112045765,0.03226551669199694,0.9451862753275782,0.97,0.19986874533817173,0.11000000000000001,0.001543382420048825,0.024813724672421822,1.8169885939833792,1,1,0,0,7.748522002803199e-08
3p,full,0.002,0,15,0.13114857617765666,0.10747913507895922,1.3887455056142062,1.42,0.9741621456947178,0.48000000000000004,0.02366944109869744,0.03125449438579375,2.029504470197329,0,0,0,0,7.755715118242156e-08
3p,full,0.002,0,16,0.13725246377289296,0.11631399839439659,0.9249179631192237,1.0,0.4818396128993481,0.17,0.020938465378496376,0.0750820368807763,2.834350664113812,0,0,0,0,1.7705582658503051e-07
3p,full,0.002,0,17,0.02751046232879162,0.03112934708061392,1.4763027399685233,1.45,0.6995026795007289,1.0,0.0036188847518223016,0.026302739968523392,1.4295870899504652,1,1,0,0,8.20847921826405e-08
3p,full,0.002,0,18,0.05820069499313832,0.022863300144595644,0.41126312111504376,0.5700000000000001,0.046967086168006066,0.010000000000000004,0.035337394848542675,0.1587368788849563,4.6967086168006045,0,0,0,0,7.512139987002831e-08
3p,full,0.002,0,19,0.15539388470351698,0.17637368897647238,1.9576493213232606,2.0,0.759363762140274,0.98,0.0209798042729554,0.04235067867673936,1.290554078111208,0,0,0,0,1.0576134657619745e-07
3p,full,0.002,0,20,0.1936671204864979,0.021870953574305723,0.048095170967280866,0.28,0.5074748344440013,1.0,0.17179616691219218,0.23190482903271917,1.9705410635694245,0,0,0,0,1.0243473622310898e-07
3p,full,0.002,0,21,0.09647393673658372,0.09190888197068345,1.6110089478828014,1.61,0.29198269233107566,0.17,0.004565054765900273,0.0010089478828012588,1.7175452490063272,1,1,0,0,1.1792774582765532e-07
3p,full,0.002,0,22,0.014224249869585037,0.007616685607982187,0.5291983876004815,0.92,0.9504236319940538,0.010000000000000004,0.00660756426160285,0.3908016123995185,95.04236319940534,0,0,0,0,1.085257798200221e-07
3p,full,0.002,0,23,0.12396625727415085,0.166999638463858,1.0971116900630296,0.9,0.2397255756892264,0.86,0.04303338118970716,0.19711169006302953,3.5874353311174447,0,0,0,0,1.326817724251338e-07
3p,full,0.002,0,24,0.11008623111993075,0.10339450002224435,0.36190765767358246,0.41000000000000003,0.8785589704941958,1.0,0.006691731097686407,0.04809234232641757,1.138227522095065,0,0,1,0,8.435449489784485e-08
3p,full,0.002,0,25,0.0003457734361290932,0.0005556353301861584,1.7849760058242827,0.42000000000000004,0.16785426096990705,0.010000000000000004,0.00020986189405706524,1.3649760058242828,16.785426096990697,1,0,0,0,8.01802081243805e-08
3p,full,0.002,0,26,0.08220473993569613,0.0631166884624959,0.8449545598682017,0.99,0.5787961742747575,0.09999999999999998,0.019088051473200224,0.14504544013179832,5.7879617427475765,0,0,0,0,1.0252901202985222e-07
3p,full,0.002,0,27,0.17939637396484615,0.1979017418545298,1.2730214846599848,1.24,0.3633087380975485,0.6,0.018505367889683655,0.03302148465998478,1.6514879414733477,0,0,0,0,1.558640372968424e-07
3p,full,0.002,0,28,0.16612313818186522,0.15624802345771976,0.7256873519159853,0.75,0.1114207397866994,0.029999999999999995,0.009875114724145456,0.024312648084014676,3.7140246595566473,0,1,0,0,1.5777940537768287e-07
3p,full,0.002,0,29,0.06893149819225074,0.07394820121734738,1.168320450000465,1.1400000000000001,0.8238108510524035,1.0,0.005016703025096644,0.028320450000464792,1.2138708766976278,0,1,0,0,1.029071025208712e-07
3p,full,0.002,0,30,0.038631985895335674,0.05953766808043805,0.21397625477984547,0.34,0.4187761723529547,0.06999999999999998,0.020905682185102373,0.12602374522015455,5.982516747899355,0,0,0,0,7.359091390731385e-08
3p,full,0.002,0,31,0.14837243761867286,0.14980980873270267,1.6516098273172974,1.6500000000000001,0.6364439743943513,0.66,0.0014373711140298062,0.0016098273172973077,1.037011939076122,1,1,1,1,9.303507045752794e-08
3p,full,0.002,0,32,0.14459689613431692,0.0912011884339964,0.6769366584811359,0.98,0.8030164404399693,0.04000000000000001,0.053395707700320524,0.30306334151886405,20.07541101099923,0,0,0,0,1.0954599480418662e-07
3p,full,0.002,0,33,0.041838851384818555,0.0624870145080007,1.2294559116940946,1.08,0.030686844391748312,0.98,0.020648163123182142,0.14945591169409456,31.935509154650056,0,0,0,0,9.38739928141708e-08
3p,full,0.002,0,34,0.07247416730970145,0.11163750652107211,0.16449786909855904,0.31,0.7471509369462729,0.12000000000000001,0.03916333921137066,0.14550213090144096,6.226257807885607,0,0,0,0,8.847927735100837e-08
3p,full,0.002,0,35,0.16278102677315476,0.1763744011270061,1.7120156989526003,1.71,0.46953986619599164,0.66,0.013593374353851329,0.002015698952600342,1.405631443708995,0,1,0,0,1.5182627350686222e-07
3p,full,0.002,0,36,0.17607334200292826,0.17052422302915793,0.29446636013686656,0.31,0.22537043042480948,0.2,0.005549118973770334,0.015533639863133442,1.1268521521240473,0,1,1,0,8.76638516052659e-08
3p,full,0.002,0,37,0.08576647657901049,0.07622828345333993,1.8565503781102597,1.84,0.9998855887819081,0.75,0.009538193125670558,0.01655037811025961,1.3331807850425441,0,1,0,0,1.1424490597458636e-07
3p,full,0.002,0,38,0.0035595113411545755,0.005349445100808772,0.777269512116909,0.55,0.27388877334073186,1.0,0.0017899337596541968,0.22726951211690893,3.6511171589933995,1,0,0,0,8.4163477029084e-08
3p,full,0.002,0,39,0.10631755013018847,0.09276987558757777,1.3443540045432747,1.3900000000000001,0.5531828891765326,0.21,0.013547674542610702,0.04564599545672543,2.6342042341739647,0,0,0,0,8.625229520483822e-08
3p,full,0.002,0,40,0.12056407332420349,0.008769243239312233,0.11287455010227858,0.5800000000000001,0.3485315744020045,0.010000000000000004,0.11179483008489126,0.4671254498977215,34.853157440200434,0,0,0,0,7.780936368970227e-08
3p,full,0.002,0,41,0.01780448481440544,0.013971375787997078,1.53480842188932,1.55,0.627834202228114,0.010000000000000004,0.003833109026408363,0.015191578110679949,62.78342022281138,1,1,0,0,9.463440720450125e-08
3p,full,0.002,0,42,0.09962072968482971,0.08572131078296223,0.5937337792944163,0.67,0.1493383014202118,0.02,0.01389941890186748,0.07626622070558375,7.46691507101059,0,0,0,0,1.1562694567636966e-07
3p,full,0.002,0,43,0.18992914482951165,0.19498690134224778,1.020669074440375,1.01,0.9238431185204535,0.99,0.005057756512736128,0.010669074440375015,1.0716105149816968,0,1,1,0,1.640059557963466e-07
3p,full,0.002,0,44,0.15163682959973812,0.12074822823028643,0.9773017801903189,1.11,0.679674612134695,0.2,0.030888601369451693,0.13269821980968122,3.398373060673475,0,0,0,0,1.1740709680571621e-07
3p,full,0.002,0,45,0.06132842041552067,0.0766369879201558,1.4207646372169256,1.37,0.40207202387042346,0.9600000000000001,0.015308567504635134,0.05076463721692548,2.3876319241484487,0,0,0,0,1.0804817152984101e-07
3p,full,0.002,0,46,0.03108382485806942,0.016025203939069293,0.4629190087132156,0.9400000000000001,0.8710370900668204,0.010000000000000004,0.015058620919000128,0.47708099128678444,87.10370900668201,0,0,0,0,9.965994702606038e-08
3p,full,0.002,0,47,0.13384341932833196,0.13377466963239168,1.90138139128685,1.9000000000000001,0.09869706424884497,0.09999999999999998,6.874969594028446e-05,0.0013813912868498868,1.0132013627869407,1,1,1,1,1.3218356852551405e-07
3p,full,0.002,0,48,0.12744730804115534,0.19768896897726257,0.4433491654135287,0.25,0.589063373496756,0.8300000000000001,0.07024166093610723,0.1933491654135287,1.4090164782661894,0,0,0,0,1.172803819912118e-07
3p,full,0.002,0,49,0.037285386212170125,0.0315599649109303,1.9896979431435466,1.9200000000000002,0.37335937945172193,0.06999999999999998,0.005725421301239826,0.06969794314354649,5.3337054207388865,0,0,0,0,7.812630852150622e-08
3p,full,0.002,0,50,0.05542059037834406,0.05743204150293594,0.8928717246837914,0.9,0.9001953600440175,1.0,0.002011451124591876,0.007128275316208632,1.1108699782135094,1,1,1,1,9.465525129725447e-08
3p,full,0.002,0,51,0.15813135970383885,0.14767099290253874,1.4442219257727265,1.44,0.18970862459391355,0.010000000000000004,0.010460366801300108,0.004221925772726509,18.97086245939135,0,1,0,0,1.525403156704432e-07
3p,full,0.002,0,52,0.19642290677875282,0.18251259912383627,0.561289165308699,0.6,0.43970835329033436,0.39,0.013910307654916548,0.03871083469130099,1.1274573161290624,0,0,1,0,1.3176270538386562e-07
3p,full,0.002,0,53,0.09371214341372253,0.10791036344445501,1.1291479649860412,1.05,0.6570991652831435,0.99,0.014198220030732484,0.07914796498604115,1.506621910824388,0,0,0,0,1.0148448747005424e-07
3p,full,0.002,0,54,0.024005278013646603,8.39614010178445e-05,0.01605556375347078,0.42000000000000004,0.12045855387113988,0.010000000000000004,0.023921316612628758,0.40394443624652926,12.045855387113983,0,0,0,0,9.637089486754344e-08
3p,full,0.002,0,55,0.1141672058030963,0.09295532978018729,1.5789138889778405,1.57,0.8331270713917911,0.33,0.021211876022909013,0.0089138889778404,2.5246274890660336,0,1,0,0,1.5217697102831197e-07
3p,full,0.002,0,56,0.10031130723655224,0.0967167592428274,0.8750598223134876,0.87,0.0685949747916311,0.010000000000000004,0.003594547993724842,0.005059822313487561,6.859497479163108,1,1,0,0,1.5822420740231128e-07
3p,full,0.002,0,57,0.010150929167866708,0.007189693779684804,1.3031641695834697,1.29,0.7812568390928208,0.010000000000000004,0.0029612353881819037,0.013164169583469665,78.12568390928206,1,1,0,0,6.549607252881756e-08
3p,full,0.002,0,58,0.07946726493537426,0.19384673737602903,0.3317702028527856,0.23,0.49211720132268966,0.28,0.11437947244065477,0.10177020285278557,1.75756143329532,0,0,0,0,8.882904593412632e-08
3p,full,0.002,0,59,0.1821764785796404,0.17747447358030574,1.7548731267638504,1.74,0.7095127192512155,0.66,0.0047020049993346524,0.014873126763850442,1.0750192715927507,1,1,1,1,1.194024167104481e-07
3p,full,0.002,0,60,0.16888493150472642,0.0651583008245251,0.24406917032785713,0.73,0.9595133773330599,0.18000000000000002,0.10372663068020131,0.48593082967214285,5.330629874072554,0,0,0,0,1.0464420879573075e-07
3p,full,0.002,0,61,0.06617571189999581,0.07808222212772467,1.681757245650515,1.74,0.24902007717639207,0.61,0.011906510227728859,0.058242754349485004,2.4496016823892863,0,0,0,0,7.801571940128733e-08
3p,full,0.002,0,62,0.048431037366390234,0.034228048772924076,0.6955356523860245,0.9400000000000001,0.5283569724019617,0.010000000000000004,0.014202988593466158,0.2444643476139755,52.83569724019615,0,0,0,0,1.0086214159653471e-07
3p,full,0.002,0,63,0.1385914094746113,0.12936670047456567,1.1382242021616549,1.1500000000000001,0.31265771379694346,0.15999999999999998,0.009224709000045628,0.011775797838345259,1.9541107112308969,0,1,0,0,1.025662050041522e-07
3p,full,0.002,0,64,0.140174800157547,0.15991526363657577,0.7708930791541934,0.66,0.5412252014875412,0.7100000000000001,0.019740463479028775,0.11089307915419333,1.3118383956411979,0,0,0,0,1.2949313386496597e-07
3p,full,0.002,0,65,0.04996406361460686,0.06634355054403075,1.3232803825475274,1.19,0.2617213856894523,0.97,0.01637948692942389,0.1332803825475275,3.706231332394677,0,0,0,0,1.3539905524754098e-07
3p,full,0.002,0,66,0.0677663505077362,0.027564957011577292,0.31942624125629665,0.8,0.9799989304877817,0.010000000000000004,0.04020139349615891,0.4805737587437034,97.99989304877813,0,0,0,0,6.083611535518634e-08
3p,full,0.002,0,67,0.17042825743556023,0.1901008788326097,1.8668140191026033,1.9100000000000001,0.2056934757810086,0.42000000000000004,0.019672621397049478,0.04318598089739689,2.0418732213322737,0,0,0,0,1.686294767575175e-07
3p,full,0.002,0,68,0.18371064923703673,0.07438668611254917,0.1399014782626182,0.2,0.45857920253649354,1.0,0.10932396312448756,0.06009852173738181,2.1806483906570544,0,0,0,0,7.676194420297495e-08
3p,full,0.002,0,69,0.08104874826967717,0.061973236500247365,1.7018744075205177,1.6500000000000001,0.7359201190154999,0.11000000000000001,0.019075511769429808,0.05187440752051753,6.690182900140908,0,0,0,0,1.1086800287203202e-07
3p,full,0.002,0,70,0.011693110689520836,0.16996041366500197,0.6831926396954805,0.04,0.011736755818128585,0.99,0.15826730297548114,0.6431926396954805,84.35039591356639,0,0,0,0,8.000299201763266e-08
3p,full,0.002,0,71,0.10190385319292546,0.08651025516646992,1.2501641455944628,1.29,0.7843365098256618,0.39,0.01539359802645554,0.039835854405537274,2.0111192559632354,0,0,0,0,9.011335833163416e-08
3p,full,0.002,0,72,0.11263303514569999,0.0819089537728435,0.4537485815025866,0.53,0.08643762134015559,0.02,0.030724081372856482,0.0762514184974134,4.321881067007779,0,0,0,0,1.3225961757088947e-07
3p,full,0.002,0,73,0.022423794679343703,0.01924700096984998,1.8758144031092525,1.95,0.859051552163437,0.44,0.003176793709493725,0.07418559689074744,1.9523898912805386,1,0,0,0,8.3193373972285e-08
3p,full,0.002,0,74,0.09216996189206839,0.12371355443099188,0.9989825388975442,0.79,0.38236721532419327,0.9600000000000001,0.0315435925389235,0.20898253889754415,2.510675501261414,0,0,0,0,9.716856255630308e-08
3p,full,0.002,0,75,0.1948303608223796,0.18247639732495602,1.4260478860512376,1.43,0.6596959022711962,0.5,0.01235396349742357,0.003952113948762381,1.3193918045423925,0,1,0,0,1.329330779101236e-07
3p,full,0.002,0,76,0.15654796902090312,0.0885154099651186,0.5716895303037017,0.9400000000000001,0.9125806701369583,0.029999999999999995,0.06803255905578452,0.3683104696962983,30.419355671231948,0,0,0,0,1.3481053045852862e-07
3p,full,0.002,0,77,0.053887564130127436,0.06984523493874582,1.0152634760458021,0.9,0.13828936274163425,0.64,0.015957670808618388,0.11526347604580212,4.6279770714954465,0,0,0,0,8.473970211690254e-08
3p,full,0.002,0,78,0.03569474760442972,0.004890585753449236,0.1221654290612787,0.44,0.6090659929066896,0.010000000000000004,0.030804161850980484,0.3178345709387213,60.906599290668936,0,0,0,0,8.430037180751971e-08
3p,full,0.002,0,79,0.12590398211032153,0.13104643466702184,1.5607407981622965,1.56,0.3295498590636998,0.43,0.0051424525567003165,0.000740798162296441,1.3048101468521152,0,1,0,0,1.0996018709397524e-07
3p,full,0.002,0,80,0.1323000829666853,0.007395867958058424,0.037736025927588346,1.04,0.8219099434558302,0.010000000000000004,0.12490421500862688,1.0022639740724117,82.190994345583,0,0,0,0,6.910901270727394e-08
3p,full,0.002,0,81,0.029493196681141854,0.028386676167225407,1.5841976715717465,1.58,0.10951535675674676,0.010000000000000004,0.0011065205139164473,0.004197671571746442,10.951535675674672,1,1,0,0,9.748457531997463e-08
3p,full,0.002,0,82,0.05979538373649121,0.03563316976324933,0.5521191532444208,0.88,0.6384064888115972,0.010000000000000004,0.024162213973241878,0.32788084675557916,63.8406488811597,0,0,0,0,1.0746080708497196e-07
3p,full,0.002,0,83,0.15005344934761525,0.12769679446871804,1.1035803244356066,1.1500000000000001,0.4207417423091829,0.06,0.02235665487889721,0.046419675564393525,7.012362371819715,0,0,0,0,1.2353917030767324e-07
3p,full,0.002,0,84,0.18833660930395127,0.19877964636545642,0.9021642049215735,0.88,0.177554926937446,0.27,0.01044303706150515,0.02216420492157345,1.5206561972516996,0,1,0,0,1.8856618314833492e-07
3p,full,0.002,0,85,0.09807853773236275,0.08162407650688673,1.4701529379934073,1.49,0.888255138900131,0.43,0.016454461225476016,0.019847062006592697,2.065709625349142,0,1,0,0,1.0241144602883343e-07
3p,full,0.002,0,86,0.016223011910915377,0.015735194408741698,0.42130343375727536,0.42000000000000004,0.3536696789506823,0.010000000000000004,0.00048781750217367914,0.0013034337572753185,35.366967895068214,1,1,0,0,9.161509241677858e-08
3p,full,0.002,0,87,0.11902989223599435,0.10184693605131216,1.9842935901880265,1.9200000000000002,0.5691601927950979,0.3,0.017182956184682185,0.06429359018802638,1.8972006426503263,0,0,0,0,8.629634117351664e-08
3p,full,0.002,0,88,0.10791008565574885,0.08771481928500346,0.7204958300385624,0.8400000000000001,0.3016215209756047,0.010000000000000004,0.020195266370745382,0.11950416996143765,30.16215209756046,0,0,0,0,1.1660825074654071e-07
3p,full,0.002,0,89,0.00510170329362154,0.00634274411582538,1.1484873093944044,1.1,0.5171110464259983,1.0,0.0012410408222038394,0.048487309394404265,1.9338206114749978,1,0,0,0,4.8386942740438705e-08
3p,full,0.002,0,90,0.08734794948250056,0.011590005323432314,0.23769232221879066,0.68,0.23002467184327544,0.010000000000000004,0.07575794415906825,0.4423076777812094,23.002467184327536,0,0,0,0,7.942010247024426e-08
3p,full,0.002,0,91,0.17760752309113742,0.16931457852813453,1.660684276027605,1.6700000000000002,0.9407277014665305,0.8200000000000001,0.00829294456300289,0.009315723972395107,1.1472289042274761,0,1,1,0,1.0973024170323382e-07
3p,full,0.002,0,92,0.1643243631348014,0.1984631125609987,0.3380245827883482,0.25,0.6975399272050709,0.88,0.034138749426197296,0.08802458278834818,1.261576528710001,0,0,0,0,1.2622712152059886e-07
3p,full,0.002,0,93,0.07406479548662902,0.06430400053315109,1.7755827247165143,1.75,0.479874280821532,0.15000000000000002,0.009760794953477925,0.02558272471651435,3.199161872143546,0,1,0,0,1.006190511511604e-07
3p,full,0.002,0,94,0.04337188806384802,0.037145091498082455,0.8504649141430854,1.03,0.76126443923451,0.48000000000000004,0.006226796565765566,0.17953508585691458,1.5859675817385626,0,0,0,0,8.549467680288392e-08
3p,full,0.002,0,95,0.1461802763864398,0.15774248793088402,1.2930216327123345,1.28,0.048872699700295924,0.24000000000000005,0.011562211544444229,0.013021632712334474,4.910717056183963,0,1,0,0,1.552475294735432e-07
3p,full,0.002,1,0,0.1418779246509075,0.022827908686120703,0.1946790291927755,0.3,0.14411385899409654,0.99,0.11905001596478682,0.1053209708072245,6.869568318481807,0,0,0,0,6.731484028840929e-08
3p,full,0.002,1,1,0.044539797306060794,0.04583889659120425,1.742082456573844,1.73,0.918417689120397,1.0,0.0012990992851434555,0.012082456573843992,1.0888292024925363,1,1,1,1,9.27466521507224e-08
3p,full,0.002,1,2,0.0627299539744854,0.06180407380626083,0.6468751013092696,0.67,0.3237841335311532,0.32,0.0009258801682245701,0.023124898690730422,1.0118254172848538,1,1,1,1,9.209405047521971e-08
3p,full,0.002,1,3,0.17251923084259035,0.1981408331235293,1.1992771053314208,1.1,0.6032901086751372,0.9400000000000001,0.025621602280938932,0.09927710533142076,1.5581226784312754,0,0,0,0,1.403205470494227e-07
3p,full,0.002,1,4,0.18579323627054692,0.12190075291043001,0.807438354967162,1.06,0.8455401219800115,0.02,0.06389248336011691,0.25256164503283807,42.27700609900057,0,0,0,0,1.5117430356925737e-07
3p,full,0.002,1,5,0.07600395344197751,0.07455490894845355,1.3744255252275617,1.3900000000000001,0.07293869175948202,0.010000000000000004,0.0014490444935239544,0.015574474772438451,7.293869175948199,1,1,0,0,1.1725643895456108e-07
3p,full,0.002,1,6,0.006254354491829872,0.003066783226707668,0.26439058790914716,1.45,0.6732661031745374,0.98,0.0031875712651222043,1.185609412090853,1.4555908806030369,1,0,0,0,6.002859223698823e-08
3p,full,0.002,1,7,0.10359247587621212,0.10560251474238586,1.826378232622519,1.84,0.39592727965675295,0.43,0.0020100388661737356,0.013621767377480998,1.0860580265466582,1,1,1,1,1.1875923543110914e-07
3p,full,0.002,1,8,0.11786312740296126,0.1174134053163346,0.62574389629066,0.67,0.7223496839217841,0.78,0.0004497220866266638,0.04425610370934008,1.0798094293683642,1,0,1,0,9.813307935591387e-08
3p,full,0.002,1,9,0.020523456297814848,0.016775012581259786,1.0527935939095914,1.03,0.44501937239430844,0.010000000000000004,0.0037484437165550624,0.022793593909591348,44.50193723943083,1,1,0,0,6.70893948939595e-08
3p,full,0.002,1,10,0.08988252561539412,0.010117885974841721,0.08075238436460494,0.76,0.7978476984426379,0.010000000000000004,0.07976463964055239,0.679247615635395,79.78476984426376,0,0,0,0,8.198623866204685e-08
3p,full,0.002,1,11,0.1996733581647277,0.1983424046932937,1.5028035053424538,1.5,0.025235926965251565,0.010000000000000004,0.0013309534714339988,0.0028035053424537715,2.5235926965251556,1,1,0,0,1.6960595048851627e-07
3p,full,0.002,1,12,0.1613993527367711,0.1955614552115777,0.49493388877250255,0.44,0.2674868696555495,0.31,0.03416210247480658,0.05493388877250255,1.1589353914799476,0,0,1,0,1.595376064753065e-07
3p,full,0.002,1,13,0.05160852614790201,0.06431048583548105,1.933493593512103,2.0,0.5470013272855431,0.9400000000000001,0.012701959687579034,0.06650640648789707,1.7184601811931357,0,0,0,0,1.0571569117320088e-07
3p,full,0.002,1,14,0.033808899112045765,0.053683877225448325,0.9451862753275782,0.64,0.19986874533817173,1.0,0.01987497811340256,0.30518627532757814,5.0032835214331834,0,0,0,0,9.783192742989834e-08
3p,full,0.002,1,15,0.13114857617765666,0.13269015154512848,1.3887455056142062,1.3900000000000001,0.9741621456947178,1.0,0.0015415753674718202,0.0012544943857939472,1.0265231557389822,1,1,1,1,7.993773781957382e-08
3p,full,0.002,1,16,0.13725246377289296,0.1318105675323321,0.9249179631192237,0.9600000000000001,0.4818396128993481,0.41000000000000003,0.005441896240560851,0.03508203688077638,1.1752185680471905,0,0,1,0,1.3042121635070276e-07
3p,full,0.002,1,17,0.02751046232879162,0.02112556668687522,1.4763027399685233,1.51,0.6995026795007289,0.010000000000000004,0.0063848956419164,0.03369726003147666,69.95026795007286,0,0,0,0,7.205983316769145e-08
3p,full,0.002,1,18,0.05820069499313832,0.04435928122714398,0.41126312111504376,0.42000000000000004,0.046967086168006066,0.010000000000000004,0.013841413765994341,0.008736878884956278,4.6967086168006045,0,1,0,0,1.0693041341040764e-07
3p,full,0.002,1,19,0.15539388470351698,0.11791858963409031,1.9576493213232606,1.86,0.759363762140274,0.24000000000000005,0.037475295069426665,0.09764932132326054,3.1640156755844746,0,0,0,0,1.0961044322288263e-07
3p,full,0.002,1,20,0.1936671204864979,0.015988882601133715,0.048095170967280866,0.53,0.5074748344440013,1.0,0.1776782378853642,0.48190482903271914,1.9705410635694245,0,0,0,0,6.877114814656174e-08
3p,full,0.002,1,21,0.09647393673658372,0.10265990975973201,1.6110089478828014,1.62,0.29198269233107566,0.44,0.006185973023148286,0.00899105211719875,1.5069386355992953,0,1,0,0,9.254677787179876e-08
3p,full,0.002,1,22,0.014224249869585037,0.014391098772939604,0.5291983876004815,0.54,0.9504236319940538,1.0,0.0001668489033545672,0.01080161239951849,1.0521623898407615,1,1,1,1,7.797553669712786e-08
3p,full,0.002,1,23,0.12396625727415085,0.11211018879940733,1.0971116900630296,1.1300000000000001,0.2397255756892264,0.010000000000000004,0.01185606847474352,0.03288830993697056,23.972557568922632,0,0,0,0,1.280145373554054e-07
3p,full,0.002,1,24,0.11008623111993075,0.11316720596878602,0.36190765767358246,0.34,0.8785589704941958,0.99,0.003080974848855264,0.021907657673582437,1.1268452468741146,1,1,1,1,8.726568884583301e-08
3p,full,0.002,1,25,0.0003457734361290932,0.0005110908496364165,1.7849760058242827,2.0,0.16785426096990705,0.010000000000000004,0.00016531741350732333,0.21502399417571727,16.785426096990697,1,0,0,0,7.291239478672818e-08
3p,full,0.002,1,26,0.08220473993569613,0.10635502541085685,0.8449545598682017,0.62,0.5787961742747575,1.0,0.024150285475160724,0.22495455986820168,1.7277239284675971,0,0,0,0,1.1715110670094025e-07
3p,full,0.002,1,27,0.17939637396484615,0.1620018706674997,1.2730214846599848,1.32,0.3633087380975485,0.09999999999999998,0.01739450329734646,0.04697851534001529,3.6330873809754856,0,0,0,0,1.6055320028911506e-07
3p,full,0.002,1,28,0.16612313818186522,0.15637001909895965,0.7256873519159853,0.76,0.1114207397866994,0.029999999999999995,0.009753119082905576,0.034312648084014685,3.7140246595566473,0,0,0,0,1.6537610166147445e-07
3p,full,0.002,1,29,0.06893149819225074,0.07311737106953468,1.168320450000465,1.12,0.8238108510524035,0.98,0.004185872877283947,0.04832045000046481,1.1895934591636754,1,0,1,0,8.618331983812115e-08
3p,full,0.002,1,30,0.038631985895335674,0.08666295431379498,0.21397625477984547,0.35000000000000003,0.4187761723529547,0.04000000000000001,0.0480309684184593,0.13602374522015456,10.469404308823867,0,0,0,0,6.789139129037537e-08
3p,full,0.002,1,31,0.14837243761867286,0.1637311433813322,1.6516098273172974,1.6700000000000002,0.6364439743943513,0.86,0.015358705762659353,0.01839017268270271,1.3512579812204015,0,1,0,0,1.06588508631958e-07
3p,full,0.002,1,32,0.14459689613431692,0.1385201049751811,0.6769366584811359,0.7100000000000001,0.8030164404399693,0.74,0.006076791159135814,0.03306334151886414,1.0851573519459046,0,0,1,0,1.436817591577438e-07
3p,full,0.002,1,33,0.041838851384818555,0.06279170669692734,1.2294559116940946,1.05,0.030686844391748312,0.99,0.020952855312108783,0.17945591169409458,32.26138169704445,0,0,0,0,7.958649618166698e-08
3p,full,0.002,1,34,0.07247416730970145,0.14379972980390804,0.16449786909855904,0.25,0.7471509369462729,0.15999999999999998,0.07132556249420659,0.08550213090144096,4.669693355914206,0,0,0,0,9.793856251921146e-08
3p,full,0.002,1,35,0.16278102677315476,0.19937630757953273,1.7120156989526003,1.75,0.46953986619599164,0.92,0.03659528080637797,0.03798430104739969,1.9593650427458718,0,0,0,0,1.4248519419472164e-07
3p,full,0.002,1,36,0.17607334200292826,0.0354187680568087,0.29446636013686656,0.67,0.22537043042480948,0.010000000000000004,0.14065457394611958,0.3755336398631335,22.53704304248094,0,0,0,0,9.964338266380916e-08
3p,full,0.002,1,37,0.08576647657901049,0.07627179781967501,1.8565503781102597,1.82,0.9998855887819081,0.77,0.009494678759335476,0.03655037811025963,1.2985527127037768,0,0,0,0,1.1482160773644741e-07
3p,full,0.002,1,38,0.0035595113411545755,0.005666340818927152,0.777269512116909,0.42000000000000004,0.27388877334073186,0.010000000000000004,0.002106829477772577,0.35726951211690894,27.388877334073175,1,0,0,0,8.40619920520542e-08
3p,full,0.002,1,39,0.10631755013018847,0.12516965109854297,1.3443540045432747,1.28,0.5531828891765326,0.97,0.018852100968354504,0.06435400454327467,1.7534887990551207,0,0,0,0,1.0080480877923417e-07
3p,full,0.002,1,40,0.12056407332420349,0.008916690883532375,0.11287455010227858,0.79,0.3485315744020045,0.010000000000000004,0.11164738244067111,0.6771254498977215,34.853157440200434,0,0,0,0,6.732361803945293e-08
3p,full,0.002,1,41,0.01780448481440544,0.021051199104365294,1.53480842188932,1.56,0.627834202228114,1.0,0.0032467142899598525,0.025191578110679957,1.5927771957168162,1,1,0,0,8.337476009431628e-08
3p,full,0.002,1,42,0.09962072968482971,0.08501134023382786,0.5937337792944163,0.67,0.1493383014202118,0.010000000000000004,0.014609389451001847,0.07626622070558375,14.933830142021174,0,0,0,0,1.1713273223527956e-07
3p,full,0.002,1,43,0.18992914482951165,0.19488990799085248,1.020669074440375,1.01,0.9238431185204535,0.99,0.0049607631613408365,0.010669074440375015,1.0716105149816968,1,1,1,1,1.107194158115922e-07
3p,full,0.002,1,44,0.15163682959973812,0.11828507646296463,0.9773017801903189,1.1,0.679674612134695,0.15999999999999998,0.03335175313677349,0.12269821980968121,4.247966325841845,0,0,0,0,1.2328841275786086e-07
3p,full,0.002,1,45,0.06132842041552067,0.0525616501465823,1.4207646372169256,1.43,0.40207202387042346,0.010000000000000004,0.008766770268938365,0.009235362783074352,40.20720238704233,0,1,0,0,8.075222263960005e-08
3p,full,0.002,1,46,0.03108382485806942,0.016016185267856323,0.4629190087132156,0.9400000000000001,0.8710370900668204,0.010000000000000004,0.015067639590213098,0.47708099128678444,87.10370900668201,0,0,0,0,9.345286240075584e-08
3p,full,0.002,1,47,0.13384341932833196,0.1286079581294726,1.90138139128685,1.8900000000000001,0.09869706424884497,0.010000000000000004,0.00523546119885937,0.011381391286849896,9.869706424884495,0,1,0,0,1.4342196710384466e-07
3p,full,0.002,1,48,0.12744730804115534,0.19883673534771812,0.4433491654135287,0.29000000000000004,0.589063373496756,0.55,0.07138942730656278,0.15334916541352867,1.0710243154486472,0,0,1,0,1.2278776067673107e-07
3p,full,0.002,1,49,0.037285386212170125,0.03460781436047845,1.9896979431435466,2.0,0.37335937945172193,0.21,0.002677571851691672,0.010302056856453357,1.7779018069129617,1,1,0,0,8.303703674046406e-08
3p,full,0.002,1,50,0.05542059037834406,0.05691847885905981,0.8928717246837914,0.91,0.9001953600440175,0.98,0.0014978884807157478,0.01712827531620864,1.0886525786492394,1,1,1,1,8.982129316626768e-08
3p,full,0.002,1,51,0.15813135970383885,0.19965533841271002,1.4442219257727265,1.3900000000000001,0.18970862459391355,0.78,0.04152397870887117,0.05422192577272633,4.11156847333458,0,0,0,0,1.4512900849945793e-07
3p,full,0.002,1,52,0.19642290677875282,0.17427200314194644,0.561289165308699,0.62,0.43970835329033436,0.35000000000000003,0.022150903636806385,0.058710834691301006,1.2563095808295266,0,0,0,0,1.7011069151539554e-07
3p,full,0.002,1,53,0.09371214341372253,0.10659041049911322,1.1291479649860412,1.02,0.6570991652831435,0.9600000000000001,0.012878267085390693,0.10914796498604118,1.4609667014054672,0,0,0,0,1.2950193341714537e-07
3p,full,0.002,1,54,0.024005278013646603,0.00010399928571227284,0.01605556375347078,2.0,0.12045855387113988,0.010000000000000004,0.02390127872793433,1.9839444362465293,12.045855387113983,0,0,0,0,7.080208524792774e-08
3p,full,0.002,1,55,0.1141672058030963,0.12301509567989753,1.5789138889778405,1.61,0.8331270713917911,1.0,0.008847889876801227,0.031086111022159635,1.2002970907300339,0,0,0,0,1.1385229336890176e-07
3p,full,0.002,1,56,0.10031130723655224,0.11602046532751135,0.8750598223134876,0.8,0.0685949747916311,0.3,0.015709158090959116,0.07505982231348751,4.373498217782003,0,0,0,0,1.1421083030378988e-07
3p,full,0.002,1,57,0.010150929167866708,0.01001153397774021,1.3031641695834697,1.35,0.7812568390928208,0.73,0.00013939519012649837,0.04683583041653039,1.0702148480723574,1,0,1,0,7.25796782530832e-08
3p,full,0.002,1,58,0.07946726493537426,0.19436968526814805,0.3317702028527856,0.2,0.49211720132268966,0.36000000000000004,0.11490242033277379,0.13177020285278557,1.36699222589636,0,0,0,0,1.0005607146197367e-07
3p,full,0.002,1,59,0.1821764785796404,0.19737977486408229,1.7548731267638504,1.76,0.7095127192512155,0.89,0.015203296284441892,0.005126873236149576,1.2543820228328844,0,1,0,0,1.8695633148630333e-07
3p,full,0.002,1,60,0.16888493150472642,0.057486281797142824,0.24406917032785713,0.8,0.9595133773330599,0.010000000000000004,0.11139864970758359,0.5559308296721429,95.95133773330595,0,0,0,0,1.0600946607608307e-07
3p,full,0.002,1,61,0.06617571189999581,0.05987198025889799,1.681757245650515,1.6400000000000001,0.24902007717639207,0.010000000000000004,0.006303731641097821,0.04175724565051486,24.902007717639197,0,0,0,0,9.704779386752516e-08
3p,full,0.002,1,62,0.048431037366390234,0.07819255859501396,0.6955356523860245,0.35000000000000003,0.5283569724019617,1.0,0.02976152122862373,0.3455356523860245,1.8926597967542733,0,0,0,0,1.1764435117435711e-07
3p,full,0.002,1,63,0.1385914094746113,0.12185569258207006,1.1382242021616549,1.18,0.31265771379694346,0.010000000000000004,0.016735716892541233,0.04177579783834506,31.265771379694336,0,0,0,0,1.7864575993457695e-07
3p,full,0.002,1,64,0.140174800157547,0.15670795508575652,0.7708930791541934,0.66,0.5412252014875412,0.66,0.01653315492820953,0.11089307915419333,1.2194554100326627,0,0,0,0,1.1410231179466686e-07
3p,full,0.002,1,65,0.04996406361460686,0.05458825255245771,1.3232803825475274,1.29,0.2617213856894523,0.48000000000000004,0.004624188937850847,0.03328038254752741,1.8340113809788094,1,0,0,0,9.360463920006157e-08
3p,full,0.002,1,66,0.0677663505077362,0.18509035543411312,0.31942624125629665,0.09,0.9799989304877817,0.97,0.11732400492637692,0.22942624125629665,1.0103081757605998,0,0,1,0,9.795549088334423e-08
3p,full,0.002,1,67,0.17042825743556023,0.19718021598907037,1.8668140191026033,1.9000000000000001,0.2056934757810086,0.51,0.026751958553510147,0.03318598089739688,2.479417483046332,0,0,0,0,1.4387191151859145e-07
3p,full,0.002,1,68,0.18371064923703673,0.19601092274149665,0.1399014782626182,0.15000000000000002,0.45857920253649354,0.39,0.012300273504459919,0.010098521737381821,1.1758441090679321,0,1,1,0,9.541748969830398e-08
3p,full,0.002,1,69,0.08104874826967717,0.09048639293771589,1.7018744075205177,1.7,0.7359201190154999,1.0,0.009437644668038717,0.0018744075205177069,1.3588431327815595,0,1,0,0,9.04967617521739e-08
3p,full,0.002,1,70,0.011693110689520836,0.1927152617290247,0.6831926396954805,0.17,0.011736755818128585,0.17,0.18102215103950386,0.5131926396954805,14.484411419501301,0,0,0,0,8.866259168866325e-08
3p,full,0.002,1,71,0.10190385319292546,0.1106952107806727,1.2501641455944628,1.19,0.7843365098256618,1.0,0.00879135758774724,0.060164145594462815,1.274962962290605,0,0,0,0,1.1664898703605309e-07
3p,full,0.002,1,72,0.11263303514569999,0.1939131866556663,0.4537485815025866,0.41000000000000003,0.08643762134015559,0.06999999999999998,0.0812801515099663,0.04374858150258659,1.2348231620022232,0,0,0,0,1.2228497840301352e-07
3p,full,0.002,1,73,0.022423794679343703,0.02044064109339355,1.8758144031092525,1.8900000000000001,0.859051552163437,0.63,0.0019831535859501544,0.01418559689074761,1.363573892322916,1,1,0,0,7.701976185810178e-08
3p,full,0.002,1,74,0.09216996189206839,0.0770670860059888,0.9989825388975442,1.06,0.38236721532419327,0.010000000000000004,0.015102875886079586,0.06101746110245587,38.23672153241931,0,0,0,0,1.3172505017818412e-07
3p,full,0.002,1,75,0.1948303608223796,0.1653196386053211,1.4260478860512376,1.46,0.6596959022711962,0.24000000000000005,0.0295107222170585,0.03395211394876241,2.7487329261299838,0,0,0,0,1.4278728540812908e-07
3p,full,0.002,1,76,0.15654796902090312,0.17132831738238505,0.5716895303037017,0.48000000000000004,0.9125806701369583,1.0,0.014780348361481926,0.0916895303037017,1.0957935366414477,0,0,1,0,1.156624215149454e-07
3p,full,0.002,1,77,0.053887564130127436,0.050854281046539974,1.0152634760458021,1.02,0.13828936274163425,0.02,0.003033283083587461,0.00473652395419788,6.9144681370817125,1,1,0,0,9.398993698778134e-08
3p,full,0.002,1,78,0.03569474760442972,0.009242227144758546,0.1221654290612787,0.51,0.6090659929066896,0.99,0.026452520459671176,0.3878345709387213,1.6254396264604292,0,0,0,0,7.906836802492655e-08
3p,full,0.002,1,79,0.12590398211032153,0.16395298712233197,1.5607407981622965,1.51,0.3295498590636998,1.0,0.038049005012010445,0.050740798162296485,3.034442201981663,0,0,0,0,1.276320156270601e-07
3p,full,0.002,1,80,0.1323000829666853,0.007216284898436785,0.037736025927588346,0.65,0.8219099434558302,0.010000000000000004,0.12508379806824851,0.6122639740724116,82.190994345583,0,0,0,0,9.592789527352761e-08
3p,full,0.002,1,81,0.029493196681141854,0.04192706698961612,1.5841976715717465,1.56,0.10951535675674676,1.0,0.012433870308474263,0.02419767157174646,9.131139500565014,0,1,0,0,6.940585753797826e-08
3p,full,0.002,1,82,0.05979538373649121,0.07401128776116843,0.5521191532444208,0.43,0.6384064888115972,1.0,0.01421590402467722,0.12211915324442085,1.5664001189297343,0,0,0,0,9.681377865575954e-08
3p,full,0.002,1,83,0.15005344934761525,0.12767986336338197,1.1035803244356066,1.17,0.4207417423091829,0.05000000000000001,0.02237358598423328,0.06641967556439332,8.414834846183656,0,0,0,0,1.2720702816824653e-07
3p,full,0.002,1,84,0.18833660930395127,0.19770110665715315,0.9021642049215735,0.87,0.177554926937446,0.26,0.009364497353201884,0.03216420492157346,1.4643355973534884,0,0,0,0,1.6942326071249443e-07
3p,full,0.002,1,85,0.09807853773236275,0.10217959463042935,1.4701529379934073,1.45,0.888255138900131,1.0,0.004101056898066599,0.02015293799340734,1.1258026621025075,1,1,1,1,1.0372877034391412e-07
3p,full,0.002,1,86,0.016223011910915377,0.007910809907286442,0.42130343375727536,0.5800000000000001,0.3536696789506823,0.010000000000000004,0.008312202003628935,0.1586965662427247,35.366967895068214,0,0,0,0,7.863574011857254e-08
3p,full,0.002,1,87,0.11902989223599435,0.11595849555144705,1.9842935901880265,1.97,0.5691601927950979,0.53,0.003071396684547298,0.014293590188026561,1.0738871562171657,1,1,1,1,1.3346663408289844e-07
3p,full,0.002,1,88,0.10791008565574885,0.19720119473255157,0.7204958300385624,0.37,0.3016215209756047,0.87,0.08929110907680272,0.35049583003856244,2.884409564629064,0,0,0,0,8.03575994364354e-08
3p,full,0.002,1,89,0.00510170329362154,0.004039245193353177,1.1484873093944044,1.24,0.5171110464259983,0.010000000000000004,0.0010624581002683636,0.09151269060559564,51.71110464259981,1,0,0,0,7.87322126007155e-08
3p,full,0.002,1,90,0.08734794948250056,0.12202072216296235,0.23769232221879066,0.29000000000000004,0.23002467184327544,0.09999999999999998,0.03467277268046179,0.05230767778120937,2.300246718432755,0,0,0,0,7.304505233006463e-08
3p,full,0.002,1,91,0.17760752309113742,0.18159673311798194,1.660684276027605,1.6500000000000001,0.9407277014665305,1.0,0.00398921002684452,0.010684276027604911,1.0630068599458355,1,1,1,1,1.0722611444417847e-07
3p,full,0.002,1,92,0.1643243631348014,0.06695368998638133,0.3380245827883482,0.75,0.6975399272050709,0.02,0.09737067314842006,0.4119754172116518,34.87699636025354,0,0,0,0,1.2685034193523303e-07
3p,full,0.002,1,93,0.07406479548662902,0.06083457863974407,1.7755827247165143,1.74,0.479874280821532,0.010000000000000004,0.013230216846884947,0.03558272471651436,47.98742808215318,0,0,0,0,8.22798685982089e-08
3p,full,0.002,1,94,0.04337188806384802,0.0298999431788535,0.8504649141430854,1.03,0.76126443923451,0.04000000000000001,0.013471944884994522,0.17953508585691458,19.031610980862748,0,0,0,0,9.655974499567492e-08
3p,full,0.002,1,95,0.1461802763864398,0.14559256112019825,1.2930216327123345,1.29,0.048872699700295924,0.04000000000000001,0.0005877152662415452,0.0030216327123344655,1.221817492507398,1,1,0,0,1.3562253572959556e-07
3p,full,0.002,2,0,0.1418779246509075,0.0088081350885311,0.1946790291927755,0.75,0.14411385899409654,0.010000000000000004,0.13306978956237642,0.5553209708072245,14.411385899409648,0,0,0,0,7.282015042577054e-08
3p,full,0.002,2,1,0.044539797306060794,0.030527079630698256,1.742082456573844,1.73,0.918417689120397,0.010000000000000004,0.014012717675362538,0.012082456573843992,91.84176891203967,0,1,0,0,9.511261907665183e-08
3p,full,0.002,2,2,0.0627299539744854,0.19333513589418322,0.6468751013092696,0.2,0.3237841335311532,0.7000000000000001,0.13060518191969783,0.4468751013092696,2.161934225639407,0,0,0,0,1.019953707133474e-07
3p,full,0.002,2,3,0.17251923084259035,0.15243078553202322,1.1992771053314208,1.25,0.6032901086751372,0.31,0.020088445310567138,0.050722894668579155,1.9460971247585073,0,0,0,0,1.3003498899340098e-07
3p,full,0.002,2,4,0.18579323627054692,0.1934681228148538,0.807438354967162,0.77,0.8455401219800115,0.92,0.007674886544306869,0.03743835496716197,1.0880619098779427,0,0,1,0,1.2646820360875198e-07
3p,full,0.002,2,5,0.07600395344197751,0.10112124624490959,1.3744255252275617,1.3,0.07293869175948202,0.79,0.02511729280293208,0.07442552522756163,10.831014115321038,0,0,0,0,9.957369872222077e-08
3p,full,0.002,2,6,0.006254354491829872,0.003250699772586472,0.26439058790914716,1.11,0.6732661031745374,1.0,0.0030036547192434,0.8456094120908529,1.4852968169418743,1,0,0,0,6.499448169691664e-08
3p,full,0.002,2,7,0.10359247587621212,0.08826257590152424,1.826378232622519,1.78,0.39592727965675295,0.04000000000000001,0.01532989997468788,0.046378232622519056,9.898181991418822,0,0,0,0,9.791965874534563e-08
3p,full,0.002,2,8,0.11786312740296126,0.1414393965325279,0.62574389629066,0.49,0.7223496839217841,0.99,0.023576269129566646,0.13574389629065997,1.370527352659847,0,0,0,0,1.2421525666953635e-07
3p,full,0.002,2,9,0.020523456297814848,0.01716019108191534,1.0527935939095914,1.25,0.44501937239430844,0.010000000000000004,0.0033632652158995073,0.19720640609040863,44.50193723943083,1,0,0,0,1.0194942346735142e-07
3p,full,0.002,2,10,0.08988252561539412,0.11990466481185132,0.08075238436460494,0.31,0.7978476984426379,0.06999999999999998,0.0300221391964572,0.22924761563539506,11.39782426346626,0,0,0,0,8.405325864160435e-08
3p,full,0.002,2,11,0.1996733581647277,0.1985091238493205,1.5028035053424538,1.5,0.025235926965251565,0.010000000000000004,0.0011642343154071866,0.0028035053424537715,2.5235926965251556,1,1,0,0,1.3279112468413185e-07
3p,full,0.002,2,12,0.1613993527367711,0.10564662237021537,0.49493388877250255,0.65,0.2674868696555495,0.02,0.055752730366555744,0.15506611122749747,13.374343482777476,0,0,0,0,1.1142569294953423e-07
3p,full,0.002,2,13,0.05160852614790201,0.0637723936965768,1.933493593512103,2.0,0.5470013272855431,0.92,0.012163867548674795,0.06650640648789707,1.6818971986145583,0,0,0,0,7.407763506929981e-08
3p,full,0.002,2,14,0.033808899112045765,0.053647485201662,0.9451862753275782,0.63,0.19986874533817173,0.99,0.019838586089616236,0.31518627532757815,4.953250686218851,0,0,0,0,8.243434955744194e-08
3p,full,0.002,2,15,0.13114857617765666,0.13210270898310802,1.3887455056142062,1.4000000000000001,0.9741621456947178,0.99,0.0009541328054513687,0.011254494385793956,1.0162579241815926,1,1,1,1,1.2477315230139203e-07
3p,full,0.002,2,16,0.13725246377289296,0.17990708206913367,0.9249179631192237,0.73,0.4818396128993481,0.99,0.042654618296240704,0.1949179631192237,2.054625592202611,0,0,0,0,1.0484791948299542e-07
3p,full,0.002,2,17,0.02751046232879162,0.02107963175178644,1.4763027399685233,1.52,0.6995026795007289,0.010000000000000004,0.006430830577005178,0.04369726003147667,69.95026795007286,0,0,0,0,7.81144984596898e-08
3p,full,0.002,2,18,0.05820069499313832,0.02303015617832386,0.41126312111504376,0.48000000000000004,0.046967086168006066,0.010000000000000004,0.03517053881481446,0.06873687888495628,4.6967086168006045,0,0,0,0,9.65521933279222e-08
3p,full,0.002,2,19,0.15539388470351698,0.14501567653858682,1.9576493213232606,1.95,0.759363762140274,0.62,0.010378208164930153,0.007649321323260683,1.224780261516571,0,1,0,0,1.1257488069168822e-07
3p,full,0.002,2,20,0.1936671204864979,0.09027388710450919,0.048095170967280866,0.24000000000000002,0.5074748344440013,0.15000000000000002,0.1033932333819887,0.19190482903271916,3.3831655629600084,0,0,0,0,9.461087385407165e-08
3p,full,0.002,2,21,0.09647393673658372,0.09580176287735653,1.6110089478828014,1.61,0.29198269233107566,0.27,0.0006721738592271875,0.0010089478828012588,1.0814173790039838,1,1,1,1,7.739835167524809e-08
3p,full,0.002,2,22,0.014224249869585037,0.015404022335244443,0.5291983876004815,0.44,0.9504236319940538,1.0,0.001179772465659406,0.08919838760048154,1.0521623898407615,1,0,1,0,6.493056236265945e-08
3p,full,0.002,2,23,0.12396625727415085,0.13138183152777333,1.0971116900630296,1.1,0.2397255756892264,0.36000000000000004,0.007415574253622478,0.0028883099369705345,1.5017171153514888,0,1,0,0,1.1518160384399193e-07
3p,full,0.002,2,24,0.11008623111993075,0.11986877887061034,0.36190765767358246,0.31,0.8785589704941958,0.99,0.00978254775067959,0.051907657673582464,1.1268452468741146,0,0,1,0,8.423711454144967e-08
3p,full,0.002,2,25,0.0003457734361290932,0.00014029288154695772,1.7849760058242827,0.43,0.16785426096990705,0.010000000000000004,0.00020548055458213547,1.3549760058242828,16.785426096990697,1,0,0,0,7.598797826442975e-08
3p,full,0.002,2,26,0.08220473993569613,0.10236449941880738,0.8449545598682017,0.6900000000000001,0.5787961742747575,0.99,0.020159759483111245,0.1549545598682016,1.710446689182921,0,0,0,0,1.253407757164832e-07
3p,full,0.002,2,27,0.17939637396484615,0.18390459813977694,1.2730214846599848,1.28,0.3633087380975485,0.42000000000000004,0.004508224174930797,0.006978515340015257,1.1560415590313435,1,1,1,1,1.4486474750378023e-07
3p,full,0.002,2,28,0.16612313818186522,0.15465178062510798,0.7256873519159853,0.78,0.1114207397866994,0.010000000000000004,0.011471357556757239,0.0543126480840147,11.142073978669936,0,0,0,0,1.5907772548585913e-07
3p,full,0.002,2,29,0.06893149819225074,0.07334088345434767,1.168320450000465,1.1500000000000001,0.8238108510524035,0.98,0.004409385262096929,0.018320450000464783,1.1895934591636754,1,1,1,1,1.1174796559591459e-07
3p,full,0.002,2,30,0.038631985895335674,0.028704060820120204,0.21397625477984547,0.41000000000000003,0.4187761723529547,0.02,0.00992792507521547,0.19602374522015456,20.938808617647737,0,0,0,0,6.123851226356038e-08
3p,full,0.002,2,31,0.14837243761867286,0.17188900421831332,1.6516098273172974,1.6400000000000001,0.6364439743943513,1.0,0.023516566599640465,0.011609827317297317,1.5712302107213971,0,1,0,0,1.403455050411519e-07
3p,full,0.002,2,32,0.14459689613431692,0.16565426318606777,0.6769366584811359,0.55,0.8030164404399693,1.0,0.021057367051750847,0.1269366584811359,1.2453045163709278,0,0,0,0,1.4365725923074486e-07
3p,full,0.002,2,33,0.041838851384818555,0.06308911000654413,1.2294559116940946,1.01,0.030686844391748312,1.0,0.021250258621725575,0.21945591169409462,32.587254239438835,0,0,0,0,1.0191567744675727e-07
3p,full,0.002,2,34,0.07247416730970145,0.037696809396553135,0.16449786909855904,0.33,0.7471509369462729,1.0,0.034777357913148316,0.16550213090144097,1.3384176483632106,0,0,0,0,7.615979458745003e-08
3p,full,0.002,2,35,0.16278102677315476,0.16151252451357764,1.7120156989526003,1.71,0.46953986619599164,0.45,0.0012685022595771145,0.002015698952600342,1.0434219248799814,1,1,1,1,1.100369501384505e-07
3p,full,0.002,2,36,0.17607334200292826,0.185301263937655,0.29446636013686656,0.29000000000000004,0.22537043042480948,0.22,0.00922792193472674,0.004466360136866521,1.0244110473854977,0,1,1,0,1.0112529497830967e-07
3p,full,0.002,2,37,0.08576647657901049,0.08484933258098055,1.8565503781102597,1.85,0.9998855887819081,0.98,0.0009171439980299317,0.006550378110259603,1.020291417124396,1,1,1,1,1.0347139300224579e-07
3p,full,0.002,2,38,0.0035595113411545755,0.10556432128323365,0.777269512116909,0.32,0.27388877334073186,0.02,0.10200480994207907,0.45726951211690897,13.694438667036593,0,0,0,0,1.1731781836690306e-07
3p,full,0.002,2,39,0.10631755013018847,0.08586739422620533,1.3443540045432747,1.3900000000000001,0.5531828891765326,0.010000000000000004,0.020450155903983136,0.04564599545672543,55.318288917653234,0,0,0,0,8.765320949617856e-08
3p,full,0.002,2,40,0.12056407332420349,0.026926985107216393,0.11287455010227858,0.23,0.3485315744020045,1.0,0.0936370882169871,0.11712544989772143,2.869180508869984,0,0,0,0,9.461203740877702e-08
3p,full,0.002,2,41,0.01780448481440544,0.021983045050185838,1.53480842188932,1.75,0.627834202228114,1.0,0.0041785602357803965,0.2151915781106799,1.5927771957168162,1,0,0,0,4.979973328427693e-08
3p,full,0.002,2,42,0.09962072968482971,0.19700395783492242,0.5937337792944163,0.39,0.1493383014202118,0.3,0.0973832281500927,0.20373377929441627,2.008861739734488,0,0,0,0,1.2530215670002247e-07
3p,full,0.002,2,43,0.18992914482951165,0.19476529938303902,1.020669074440375,0.99,0.9238431185204535,0.98,0.004836154553527372,0.030669074440375033,1.060786166345518,1,0,1,0,1.63653803498558e-07
3p,full,0.002,2,44,0.15163682959973812,0.15022195021488124,0.9773017801903189,0.98,0.679674612134695,0.66,0.0014148793848568764,0.0026982198096811016,1.0298100183859016,1,1,1,1,1.391823098033778e-07
3p,full,0.002,2,45,0.06132842041552067,0.07407062518316518,1.4207646372169256,1.3800000000000001,0.40207202387042346,0.87,0.01274220476764451,0.04076463721692547,2.1637914312595314,0,0,0,0,8.901930168920575e-08
3p,full,0.002,2,46,0.03108382485806942,0.01564838162179392,0.4629190087132156,0.85,0.8710370900668204,0.010000000000000004,0.0154354432362755,0.38708099128678436,87.10370900668201,0,0,0,0,9.655104741386338e-08
3p,full,0.002,2,47,0.13384341932833196,0.14679756321178702,1.90138139128685,1.93,0.09869706424884497,0.29000000000000004,0.01295414388345506,0.028618608713149918,2.9382839520821293,0,1,0,0,1.4136754777030653e-07
3p,full,0.002,2,48,0.12744730804115534,0.1974487205449549,0.4433491654135287,0.26,0.589063373496756,0.76,0.07000141250379957,0.1833491654135287,1.2901837632316915,0,0,0,0,8.72385689629201e-08
3p,full,0.002,2,49,0.037285386212170125,0.03129213819455864,1.9896979431435466,1.97,0.37335937945172193,0.010000000000000004,0.005993248017611488,0.01969794314354667,37.33593794517218,0,1,0,0,1.0113049634452057e-07
3p,full,0.002,2,50,0.05542059037834406,0.037425598816731846,0.8928717246837914,1.1400000000000001,0.9001953600440175,0.06,0.017994991561612217,0.24712827531620873,15.003256000733625,0,0,0,0,9.06055992891716e-08
3p,full,0.002,2,51,0.15813135970383885,0.16383964522062897,1.4442219257727265,1.44,0.18970862459391355,0.28,0.005708285516790118,0.004221925772726509,1.4759476570944645,0,1,0,0,1.1768747698127289e-07
3p,full,0.002,2,52,0.19642290677875282,0.19577615924895433,0.561289165308699,0.5700000000000001,0.43970835329033436,0.45,0.0006467475297984859,0.008710834691301073,1.0234056201858648,1,1,1,1,1.8545663313832735e-07
3p,full,0.002,2,53,0.09371214341372253,0.07127605258160032,1.1291479649860412,1.24,0.6570991652831435,0.010000000000000004,0.02243609083212221,0.1108520350139588,65.70991652831432,0,0,0,0,1.0736352270974124e-07
3p,full,0.002,2,54,0.024005278013646603,0.00022419423164532105,0.01605556375347078,2.0,0.12045855387113988,0.010000000000000004,0.02378108378200128,1.9839444362465293,12.045855387113983,0,0,0,0,1.0027576758638033e-07
3p,full,0.002,2,55,0.1141672058030963,0.12245577445355427,1.5789138889778405,1.59,0.8331270713917911,1.0,0.008288568650457961,0.011086111022159617,1.2002970907300339,0,1,0,0,1.0825356139991252e-07
3p,full,0.002,2,56,0.10031130723655224,0.10109652013597185,0.8750598223134876,0.88,0.0685949747916311,0.07999999999999999,0.0007852128994196156,0.004940177686512448,1.166266191408534,1,1,1,1,1.3198670620503962e-07
3p,full,0.002,2,57,0.010150929167866708,0.007495050791428554,1.3031641695834697,1.43,0.7812568390928208,0.010000000000000004,0.0026558783764381536,0.12683583041653024,78.12568390928206,1,0,0,0,8.823477601101201e-08
3p,full,0.002,2,58,0.07946726493537426,0.198467716640251,0.3317702028527856,0.16,0.49211720132268966,0.49,0.11900045170487675,0.17177020285278558,1.0043208190258972,0,0,1,0,1.0632475622533899e-07
3p,full,0.002,2,59,0.1821764785796404,0.19699410783497856,1.7548731267638504,1.77,0.7095127192512155,0.88,0.014817629255338166,0.015126873236149585,1.2402878428010542,0,1,0,0,1.0010399820482437e-07
3p,full,0.002,2,60,0.16888493150472642,0.16016972088319753,0.24406917032785713,0.26,0.9595133773330599,0.99,0.008715210621528885,0.015930829672142877,1.0317730043031572,0,1,1,0,1.0216765044170204e-07
3p,full,0.002,2,61,0.06617571189999581,0.06080397463048398,1.681757245650515,1.68,0.24902007717639207,0.029999999999999995,0.005371737269511831,0.001757245650515049,8.30066923921307,0,1,0,0,1.2823369632176102e-07
3p,full,0.002,2,62,0.048431037366390234,0.06885923369755031,0.6955356523860245,0.45,0.5283569724019617,0.99,0.02042819633116008,0.24553565238602454,1.8737331987867307,0,0,0,0,1.0735664074781462e-07
3p,full,0.002,2,63,0.1385914094746113,0.12120185443359316,1.1382242021616549,1.1600000000000001,0.31265771379694346,0.010000000000000004,0.017389555041018134,0.021775797838345268,31.265771379694336,0,1,0,0,1.2767778040715554e-07
3p,full,0.002,2,64,0.140174800157547,0.1958008045945484,0.7708930791541934,0.5,0.5412252014875412,1.0,0.055626004437001414,0.27089307915419336,1.847659712170701,0,0,0,0,1.4678503937134153e-07
3p,full,0.002,2,65,0.04996406361460686,0.06705793901446643,1.3232803825475274,1.12,0.2617213856894523,1.0,0.017093875399859564,0.20328038254752734,3.820857043705853,0,0,0,0,9.73972715883826e-08
3p,full,0.002,2,66,0.0677663505077362,0.08341430304358029,0.31942624125629665,0.23,0.9799989304877817,1.0,0.015647952535844084,0.08942624125629664,1.0204092768777442,0,0,1,0,8.14868862828102e-08
3p,full,0.002,2,67,0.17042825743556023,0.1805047661189183,1.8668140191026033,1.8900000000000001,0.2056934757810086,0.32,0.010076508683358076,0.023185980897396874,1.555712930538875,0,1,0,0,1.080776016375202e-07
3p,full,0.002,2,68,0.18371064923703673,0.19600015021845701,0.1399014782626182,0.15000000000000002,0.45857920253649354,0.39,0.012289500981420287,0.010098521737381821,1.1758441090679321,0,1,1,0,8.4904833551002e-08
3p,full,0.002,2,69,0.08104874826967717,0.0927158589626028,1.7018744075205177,1.76,0.7359201190154999,1.0,0.011667110692925628,0.058125592479482346,1.3588431327815595,0,0,0,0,1.024593058827114e-07
3p,full,0.002,2,70,0.011693110689520836,0.022567250076688264,0.6831926396954805,0.42000000000000004,0.011736755818128585,0.010000000000000004,0.010874139387167428,0.26319263969548046,1.1736755818128581,0,0,1,0,7.4871512893291e-08
3p,full,0.002,2,71,0.10190385319292546,0.10931774247752969,1.2501641455944628,1.17,0.7843365098256618,0.97,0.007413889284604236,0.08016414559446283,1.2367140734218869,0,0,0,0,1.0705450406272832e-07
3p,full,0.002,2,72,0.11263303514569999,0.08219742219552438,0.4537485815025866,0.52,0.08643762134015559,0.02,0.030435612950175606,0.0662514184974134,4.321881067007779,0,0,0,0,1.1753599005076474e-07
3p,full,0.002,2,73,0.022423794679343703,0.015238862028438918,1.8758144031092525,1.86,0.859051552163437,0.010000000000000004,0.007184932650904785,0.015814403109252417,85.90515521634367,0,1,0,0,1.0557657607674872e-07
3p,full,0.002,2,74,0.09216996189206839,0.08741977991395727,0.9989825388975442,1.01,0.38236721532419327,0.28,0.004750181978111112,0.011017461102455828,1.3655971975864043,1,1,0,0,1.202682201145421e-07
3p,full,0.002,2,75,0.1948303608223796,0.198994540175129,1.4260478860512376,1.43,0.6596959022711962,0.7100000000000001,0.004164179352749403,0.003952113948762381,1.0762534639909347,1,1,1,1,1.108673043968501e-07
3p,full,0.002,2,76,0.15654796902090312,0.16128545058871624,0.5716895303037017,0.56,0.9125806701369583,1.0,0.004737481567813118,0.011689530303701678,1.0957935366414477,1,1,1,1,1.3454205585923756e-07
3p,full,0.002,2,77,0.053887564130127436,0.05089485830498962,1.0152634760458021,0.98,0.13828936274163425,0.029999999999999995,0.0029927058251378175,0.035263476045802156,4.609645424721142,1,0,0,0,8.175373117433048e-08
3p,full,0.002,2,78,0.03569474760442972,0.010527781141887136,0.1221654290612787,0.41000000000000003,0.6090659929066896,1.0,0.025166966462542587,0.28783457093872133,1.6418582085458882,0,0,0,0,6.63669187011974e-08
3p,full,0.002,2,79,0.12590398211032153,0.11877465780474394,1.5607407981622965,1.56,0.3295498590636998,0.18000000000000002,0.0071293243055775835,0.000740798162296441,1.8308325503538876,0,1,0,0,1.236969231957115e-07
3p,full,0.002,2,80,0.1323000829666853,0.007200758877778287,0.037736025927588346,0.74,0.8219099434558302,0.010000000000000004,0.125099324088907,0.7022639740724117,82.190994345583,0,0,0,0,8.184553695837133e-08
3p,full,0.002,2,81,0.029493196681141854,0.02830192119936992,1.5841976715717465,1.58,0.10951535675674676,0.010000000000000004,0.0011912754817719334,0.004197671571746442,10.951535675674672,1,1,0,0,8.540707558092358e-08
3p,full,0.002,2,82,0.05979538373649121,0.08063197321822524,0.5521191532444208,0.36000000000000004,0.6384064888115972,0.98,0.02083658948173403,0.1921191532444208,1.5350721165511396,0,0,0,0,1.0107608104724072e-07
3p,full,0.002,2,83,0.15005344934761525,0.1935493042292997,1.1035803244356066,0.9500000000000001,0.4207417423091829,0.99,0.04349585488168445,0.15358032443560654,2.352987356487431,0,0,0,0,1.2814658085054668e-07
3p,full,0.002,2,84,0.18833660930395127,0.1977184618200135,0.9021642049215735,0.87,0.177554926937446,0.26,0.009381852516062245,0.03216420492157346,1.4643355973534884,0,0,0,0,1.7451990215586022e-07
3p,full,0.002,2,85,0.09807853773236275,0.1021202351458756,1.4701529379934073,1.44,0.888255138900131,1.0,0.00404169741351286,0.030152937993407347,1.1258026621025075,1,0,1,0,7.587803037030551e-08
3p,full,0.002,2,86,0.016223011910915377,0.015017354907304756,0.42130343375727536,0.6,0.3536696789506823,0.99,0.001205657003610621,0.17869656624272462,2.7992221525387,1,0,0,0,7.254402614050214e-08
3p,full,0.002,2,87,0.11902989223599435,0.12097377773324637,1.9842935901880265,2.0,0.5691601927950979,0.5800000000000001,0.0019438854972520236,0.015706409811973465,1.0190452658884466,1,1,1,1,9.851029810466791e-08
3p,full,0.002,2,88,0.10791008565574885,0.12929753806075006,0.7204958300385624,0.61,0.3016215209756047,0.47000000000000003,0.021387452405001214,0.11049583003856245,1.55824424755823,0,0,0,0,9.160610717453979e-08
3p,full,0.002,2,89,0.00510170329362154,0.004202304145183088,1.1484873093944044,1.26,0.5171110464259983,0.010000000000000004,0.000899399148438452,0.11151269060559565,51.71110464259981,1,0,0,0,8.482591372821352e-08
3p,full,0.002,2,90,0.08734794948250056,0.01154921499540089,0.23769232221879066,0.62,0.23002467184327544,0.010000000000000004,0.07579873448709967,0.38230767778120933,23.002467184327536,0,0,0,0,8.402459607623572e-08
3p,full,0.002,2,91,0.17760752309113742,0.13744303129161753,1.660684276027605,1.6600000000000001,0.9407277014665305,0.32,0.04016449179951989,0.000684276027604902,2.9397740670829076,0,1,0,0,1.2315946524242122e-07
3p,full,0.002,2,92,0.1643243631348014,0.15915216163474513,0.3380245827883482,0.35000000000000003,0.6975399272050709,0.7000000000000001,0.0051722015000562616,0.011975417211651851,1.003526784201137,0,1,1,0,9.88737279213408e-08
3p,full,0.002,2,93,0.07406479548662902,0.086663712658328,1.7755827247165143,1.84,0.479874280821532,0.79,0.012598917171698976,0.06441727528348573,1.646264514629834,0,0,0,0,1.100954930643673e-07
3p,full,0.002,2,94,0.04337188806384802,0.029765598352158095,0.8504649141430854,1.08,0.76126443923451,0.010000000000000004,0.013606289711689926,0.22953508585691462,76.12644392345098,0,0,0,0,1.1949869430375192e-07
3p,full,0.002,2,95,0.1461802763864398,0.14430132999762285,1.2930216327123345,1.3,0.048872699700295924,0.010000000000000004,0.0018789463888169433,0.006978367287665543,4.887269970029591,1,1,0,0,1.7466426453871424e-07
3p,full,0.002,3,0,0.1418779246509075,0.008848973147769525,0.1946790291927755,0.68,0.14411385899409654,0.010000000000000004,0.13302895150313798,0.4853209708072246,14.411385899409648,0,0,0,0,9.116481259091942e-08
3p,full,0.002,3,1,0.044539797306060794,0.030088051173229543,1.742082456573844,1.6600000000000001,0.918417689120397,0.010000000000000004,0.014451746132831251,0.08208245657384383,91.84176891203967,0,0,0,0,1.0806698584807957e-07
3p,full,0.002,3,2,0.0627299539744854,0.06670973175960487,0.6468751013092696,0.5800000000000001,0.3237841335311532,0.33,0.003979777785119473,0.06687510130926955,1.0191975635157204,1,0,1,0,9.23413804274485e-08
3p,full,0.002,3,3,0.17251923084259035,0.16245585075355767,1.1992771053314208,1.22,0.6032901086751372,0.46,0.01006338008903268,0.020722894668579128,1.3115002362502983,0,1,0,0,1.2856714847683182e-07
3p,full,0.002,3,4,0.18579323627054692,0.199350518687899,0.807438354967162,0.74,0.8455401219800115,0.98,0.013557282417352073,0.067438354967162,1.1590224692178086,0,0,1,0,1.5879373786347572e-07
3p,full,0.002,3,5,0.07600395344197751,0.07448910052619002,1.3744255252275617,1.3800000000000001,0.07293869175948202,0.010000000000000004,0.0015148529157874846,0.0055744747724384425,7.293869175948199,1,1,0,0,1.0053239446463694e-07
3p,full,0.002,3,6,0.006254354491829872,0.002047510642219116,0.26439058790914716,0.76,0.6732661031745374,0.010000000000000004,0.004206843849610756,0.49560941209085285,67.32661031745371,1,0,0,0,6.82308202218247e-08
3p,full,0.002,3,7,0.10359247587621212,0.09599248141542059,1.826378232622519,1.82,0.39592727965675295,0.22,0.007599994460791529,0.00637823262251902,1.7996694529852406,0,1,0,0,9.531444427768168e-08
3p,full,0.002,3,8,0.11786312740296126,0.07389885046875266,0.62574389629066,0.93,0.7223496839217841,0.04000000000000001,0.043964276934208596,0.3042561037093401,18.0587420980446,0,0,0,0,9.821349472925425e-08
3p,full,0.002,3,9,0.020523456297814848,0.016560482897842465,1.0527935939095914,1.09,0.44501937239430844,0.010000000000000004,0.003962973399972383,0.037206406090408706,44.50193723943083,1,0,0,0,8.070807849451933e-08
3p,full,0.002,3,10,0.08988252561539412,0.01029590830835445,0.08075238436460494,0.92,0.7978476984426379,0.010000000000000004,0.07958661730703967,0.8392476156353951,79.78476984426376,0,0,0,0,8.062039420623324e-08
3p,full,0.002,3,11,0.1996733581647277,0.1994009233149397,1.5028035053424538,1.5,0.025235926965251565,0.02,0.0002724348497880058,0.0028035053424537715,1.2617963482625782,1,1,0,0,2.005099091277051e-07
3p,full,0.002,3,12,0.1613993527367711,0.19404491060636608,0.49493388877250255,0.44,0.2674868696555495,0.29000000000000004,0.03264555786959497,0.05493388877250255,1.084165366223177,0,0,1,0,1.324925165802746e-07
3p,full,0.002,3,13,0.05160852614790201,0.039901262357355714,1.933493593512103,1.8800000000000001,0.5470013272855431,0.010000000000000004,0.011707263790546298,0.05349359351210281,54.70013272855429,0,0,0,0,1.0024630814656465e-07
3p,full,0.002,3,14,0.033808899112045765,0.05271037369528217,0.9451862753275782,0.68,0.19986874533817173,0.99,0.018901474583236405,0.2651862753275781,4.953250686218851,0,0,0,0,9.714609716955775e-08
3p,full,0.002,3,15,0.13114857617765666,0.13295761692418698,1.3887455056142062,1.4100000000000001,0.9741621456947178,1.0,0.0018090407465303215,0.021254494385793965,1.0265231557389822,1,1,1,1,1.1810812113746845e-07
3p,full,0.002,3,16,0.13725246377289296,0.1822844077633701,0.9249179631192237,0.6900000000000001,0.4818396128993481,0.99,0.045031943990477136,0.23491796311922364,2.054625592202611,0,0,0,0,1.1855239754140934e-07
3p,full,0.002,3,17,0.02751046232879162,0.020869631488219752,1.4763027399685233,1.49,0.6995026795007289,0.010000000000000004,0.006640830840571866,0.013697260031476644,69.95026795007286,0,1,0,0,8.298494928425183e-08
3p,full,0.002,3,18,0.05820069499313832,0.026279325768860537,0.41126312111504376,0.43,0.046967086168006066,0.010000000000000004,0.03192136922427778,0.018736878884956232,4.6967086168006045,0,1,0,0,7.225763321183234e-08
3p,full,0.002,3,19,0.15539388470351698,0.17184875590021204,1.9576493213232606,2.0,0.759363762140274,0.92,0.01645487119669506,0.04235067867673936,1.2115405631248075,0,0,0,0,1.1213712949079705e-07
3p,full,0.002,3,20,0.1936671204864979,0.18173793082463666,0.048095170967280866,0.2,0.5074748344440013,0.09999999999999998,0.01192918966186124,0.15190482903271915,5.074748344440015,0,0,0,0,8.064416261106866e-08
3p,full,0.002,3,21,0.09647393673658372,0.08752792408475363,1.6110089478828014,1.59,0.29198269233107566,0.05000000000000001,0.008946012651830093,0.021008947882801277,5.839653846621512,0,1,0,0,1.410410470154678e-07
3p,full,0.002,3,22,0.014224249869585037,0.007757169450438984,0.5291983876004815,1.03,0.9504236319940538,0.010000000000000004,0.006467080419146053,0.5008016123995185,95.04236319940534,0,0,0,0,6.606869696520039e-08
3p,full,0.002,3,23,0.12396625727415085,0.17572558012079015,1.0971116900630296,0.89,0.2397255756892264,0.99,0.0517593228466393,0.20711169006302954,4.129722067216593,0,0,0,0,1.0904505674438494e-07
3p,full,0.002,3,24,0.11008623111993075,0.048828648467575606,0.36190765767358246,0.8400000000000001,0.8785589704941958,0.029999999999999995,0.06125758265235515,0.4780923423264176,29.2852990164732,0,0,0,0,8.875246425378219e-08
3p,full,0.002,3,25,0.0003457734361290932,0.0002791997997178893,1.7849760058242827,1.33,0.16785426096990705,0.010000000000000004,6.65736364112039e-05,0.45497600582428266,16.785426096990697,1,0,0,0,6.906294117965788e-08
3p,full,0.002,3,26,0.08220473993569613,0.06180995554977899,0.8449545598682017,1.02,0.5787961742747575,0.05000000000000001,0.020394784385917138,0.17504544013179835,11.575923485495148,0,0,0,0,1.137684859513028e-07
3p,full,0.002,3,27,0.17939637396484615,0.15690968035314085,1.2730214846599848,1.3,0.3633087380975485,0.029999999999999995,0.0224866936117053,0.026978515340015274,12.110291269918285,0,1,0,0,1.4698810745041354e-07
3p,full,0.002,3,28,0.16612313818186522,0.19788320528328796,0.7256873519159853,0.64,0.1114207397866994,0.29000000000000004,0.031760067101422734,0.08568735191598531,2.602747033946889,0,0,0,0,1.526507784353277e-07
3p,full,0.002,3,29,0.06893149819225074,0.07403452520254673,1.168320450000465,1.08,0.8238108510524035,1.0,0.005103027010295996,0.08832045000046485,1.2138708766976278,0,0,0,0,1.1207321963153506e-07
3p,full,0.002,3,30,0.038631985895335674,0.007282766961125998,0.21397625477984547,0.76,0.4187761723529547,0.010000000000000004,0.03134921893420968,0.5460237452201545,41.87761723529546,0,0,0,0,6.724791174203706e-08
3p,full,0.002,3,31,0.14837243761867286,0.13180089899312006,1.6516098273172974,1.6500000000000001,0.6364439743943513,0.35000000000000003,0.0165715386255528,0.0016098273172973077,1.8184113554124322,0,1,0,0,1.357880381191855e-07
3p,full,0.002,3,32,0.14459689613431692,0.14585798496259939,0.6769366584811359,0.66,0.8030164404399693,0.8,0.001261088828282464,0.016936658481135902,1.0037705505499617,1,1,1,1,1.4180968305716386e-07
3p,full,0.002,3,33,0.041838851384818555,0.0422670318559627,1.2294559116940946,1.22,0.030686844391748312,0.05000000000000001,0.00042818047114414476,0.009455911694094654,1.629362711971942,1,1,0,0,1.494166952175967e-07
3p,full,0.002,3,34,0.07247416730970145,0.015456010308722604,0.16449786909855904,0.73,0.7471509369462729,0.010000000000000004,0.05701815700097885,0.565502130901441,74.71509369462726,0,0,0,0,7.679209496669873e-08
3p,full,0.002,3,35,0.16278102677315476,0.14662474848886511,1.7120156989526003,1.7,0.46953986619599164,0.22,0.016156278284289644,0.012015698952600351,2.134272119072689,0,1,0,0,1.5015781215622175e-07
3p,full,0.002,3,36,0.17607334200292826,0.0359808878264251,0.29446636013686656,0.6900000000000001,0.22537043042480948,0.029999999999999995,0.14009245417650318,0.3955336398631335,7.512347680826983,0,0,0,0,1.0558647759157967e-07
3p,full,0.002,3,37,0.08576647657901049,0.05761964952023799,1.8565503781102597,1.77,0.9998855887819081,0.15000000000000002,0.0281468270587725,0.08655037811025967,6.66590392521272,0,0,0,0,1.02166030557961e-07
3p,full,0.002,3,38,0.0035595113411545755,0.005508734938934868,0.777269512116909,0.42000000000000004,0.27388877334073186,0.010000000000000004,0.0019492235977802922,0.35726951211690894,27.388877334073175,1,0,0,0,7.415182605161036e-08
3p,full,0.002,3,39,0.10631755013018847,0.1218150594885174,1.3443540045432747,1.28,0.5531828891765326,0.9,0.015497509358328929,0.06435400454327467,1.6269483702573284,0,0,0,0,1.368334320473314e-07
3p,full,0.002,3,40,0.12056407332420349,0.027874071618867832,0.11287455010227858,0.22,0.3485315744020045,1.0,0.09269000170533566,0.10712544989772142,2.869180508869984,0,0,0,0,7.79879818241485e-08
3p,full,0.002,3,41,0.01780448481440544,0.021080370783126776,1.53480842188932,1.6300000000000001,0.627834202228114,1.0,0.003275885968721335,0.09519157811068002,1.5927771957168162,1,0,0,0,9.090515223164588e-08
3p,full,0.002,3,42,0.09962072968482971,0.08504847786428622,0.5937337792944163,0.67,0.1493383014202118,0.010000000000000004,0.014572251820543489,0.07626622070558375,14.933830142021174,0,0,0,0,1.0415853253519694e-07
3p,full,0.002,3,43,0.18992914482951165,0.18422795733707545,1.020669074440375,1.05,0.9238431185204535,0.85,0.005701187492436199,0.02933092555962502,1.0868742570828864,0,1,1,0,1.766741466407778e-07
3p,full,0.002,3,44,0.15163682959973812,0.17613750950393742,0.9773017801903189,0.85,0.679674612134695,1.0,0.024500679904199296,0.1273017801903189,1.4712922656611223,0,0,0,0,1.195116079301076e-07
3p,full,0.002,3,45,0.06132842041552067,0.05275564845244159,1.4207646372169256,1.44,0.40207202387042346,0.010000000000000004,0.008572771963079075,0.01923536278307436,40.20720238704233,0,1,0,0,1.058296363844447e-07
3p,full,0.002,3,46,0.03108382485806942,0.02440112380314157,0.4629190087132156,0.63,0.8710370900668204,0.6,0.00668270105492785,0.16708099128678439,1.4517284834447006,0,0,0,0,8.323606326065819e-08
3p,full,0.002,3,47,0.13384341932833196,0.13776697580977,1.90138139128685,1.9100000000000001,0.09869706424884497,0.15999999999999998,0.003923556481438023,0.008618608713150122,1.6211221804591054,1,1,0,0,1.0329774625187423e-07
3p,full,0.002,3,48,0.12744730804115534,0.06568763283013337,0.4433491654135287,0.8300000000000001,0.589063373496756,0.010000000000000004,0.061759675211021964,0.38665083458647137,58.906337349675574,0,0,0,0,9.847992091053344e-08
3p,full,0.002,3,49,0.037285386212170125,0.04095757200847598,1.9896979431435466,2.0,0.37335937945172193,0.56,0.003672185796305856,0.010302056856453357,1.499895357717703,1,1,0,0,8.219098291091056e-08
3p,full,0.002,3,50,0.05542059037834406,0.04320644275685502,0.8928717246837914,1.08,0.9001953600440175,0.38,0.012214147621489042,0.18712827531620868,2.368935158010572,0,0,0,0,9.119628540137777e-08
3p,full,0.002,3,51,0.15813135970383885,0.18259899831450951,1.4442219257727265,1.43,0.18970862459391355,0.55,0.024467638610670667,0.014221925772726518,2.8991828978641268,0,1,0,0,1.1345143339648198e-07
3p,full,0.002,3,52,0.19642290677875282,0.1993733346971807,0.561289165308699,0.55,0.43970835329033436,0.44,0.002950427918427867,0.011289165308698945,1.0006632730706233,1,1,1,1,1.4136784119058618e-07
3p,full,0.002,3,53,0.09371214341372253,0.10787359761198229,1.1291479649860412,1.02,0.6570991652831435,0.99,0.01416145419825976,0.10914796498604118,1.506621910824388,0,0,0,0,1.0627760722283908e-07
3p,full,0.002,3,54,0.024005278013646603,3.535779466895999e-05,0.01605556375347078,2.0,0.12045855387113988,0.010000000000000004,0.023969920218977644,1.9839444362465293,12.045855387113983,0,0,0,0,5.778303598136102e-08
3p,full,0.002,3,55,0.1141672058030963,0.12144441472507922,1.5789138889778405,1.58,0.8331270713917911,0.98,0.007277208921982914,0.0010861110221596082,1.176291148915433,0,1,1,0,1.200105973289259e-07
3p,full,0.002,3,56,0.10031130723655224,0.09740038169908671,0.8750598223134876,0.9,0.0685949747916311,0.010000000000000004,0.002910925537465525,0.024940177686512466,6.859497479163108,1,1,0,0,1.3221118190841487e-07
3p,full,0.002,3,57,0.010150929167866708,0.007081244645922035,1.3031641695834697,1.1400000000000001,0.7812568390928208,0.010000000000000004,0.003069684521944673,0.16316416958346958,78.12568390928206,1,0,0,0,9.352545130146086e-08
3p,full,0.002,3,58,0.07946726493537426,0.19454974377856568,0.3317702028527856,0.19,0.49211720132268966,0.39,0.11508247884319142,0.14177020285278558,1.2618389777504861,0,0,0,0,8.291649314008979e-08
3p,full,0.002,3,59,0.1821764785796404,0.19483013805763078,1.7548731267638504,1.77,0.7095127192512155,0.85,0.012653659477990381,0.015126873236149585,1.1980053027055635,0,1,1,0,1.3779386486112864e-07
3p,full,0.002,3,60,0.16888493150472642,0.05837933628841665,0.24406917032785713,0.79,0.9595133773330599,0.029999999999999995,0.11050559521630976,0.5459308296721429,31.983779244435333,0,0,0,0,9.498325730210256e-08
3p,full,0.002,3,61,0.06617571189999581,0.07716125911979996,1.681757245650515,1.7,0.24902007717639207,0.61,0.010985547219804145,0.01824275434948497,2.4496016823892863,0,1,0,0,6.220431203561968e-08
3p,full,0.002,3,62,0.048431037366390234,0.08199714419281384,0.6955356523860245,0.32,0.5283569724019617,0.99,0.03356610682642361,0.37553565238602454,1.8737331987867307,0,0,0,0,8.752307813882063e-08
3p,full,0.002,3,63,0.1385914094746113,0.12341101023845125,1.1382242021616549,1.19,0.31265771379694346,0.04000000000000001,0.015180399236160047,0.05177579783834507,7.816442844923585,0,0,0,0,1.4647867722429874e-07
3p,full,0.002,3,64,0.140174800157547,0.12488600914079868,0.7708930791541934,0.85,0.5412252014875412,0.37,0.015288791016748307,0.07910692084580662,1.4627708148311924,0,0,0,0,1.1463671671142821e-07
3p,full,0.002,3,65,0.04996406361460686,0.045507360750956946,1.3232803825475274,1.36,0.2617213856894523,0.010000000000000004,0.004456702863649915,0.03671961745247265,26.172138568945222,1,0,0,0,1.3794156724396436e-07
3p,full,0.002,3,66,0.0677663505077362,0.05717832878513497,0.31942624125629665,0.44,0.9799989304877817,1.0,0.010588021722601232,0.12057375874370335,1.0204092768777442,0,0,1,0,8.31023648165251e-08
3p,full,0.002,3,67,0.17042825743556023,0.15601094277731856,1.8668140191026033,1.83,0.2056934757810086,0.010000000000000004,0.01441731465824167,0.03681401910260318,20.569347578100853,0,0,0,0,1.6927457619545096e-07
3p,full,0.002,3,68,0.18371064923703673,0.19879140966235645,0.1399014782626182,0.08,0.45857920253649354,0.8,0.015080760425319722,0.0599014782626182,1.7445187125256436,0,0,0,0,8.403818704095795e-08
3p,full,0.002,3,69,0.08104874826967717,0.06254903184076245,1.7018744075205177,1.6600000000000001,0.7359201190154999,0.13,0.018499716428914723,0.04187440752051752,5.660923992426922,0,0,0,0,1.0505040069145155e-07
3p,full,0.002,3,70,0.011693110689520836,0.17570427942661304,0.6831926396954805,0.17,0.011736755818128585,0.19,0.1640111687370922,0.5131926396954805,16.18845982179557,0,0,0,0,8.345718185655002e-08
3p,full,0.002,3,71,0.10190385319292546,0.07498579184658359,1.2501641455944628,1.35,0.7843365098256618,0.010000000000000004,0.026918061346341865,0.09983585440553733,78.43365098256615,0,0,0,0,9.027950980566745e-08
3p,full,0.002,3,72,0.11263303514569999,0.08538507520795709,0.4537485815025866,0.52,0.08643762134015559,0.04000000000000001,0.0272479599377429,0.0662514184974134,2.160940533503889,0,0,0,0,1.1716855391237386e-07
3p,full,0.002,3,73,0.022423794679343703,0.0149853600942853,1.8758144031092525,1.73,0.859051552163437,0.010000000000000004,0.0074384345850584035,0.14581440310925253,85.90515521634367,0,0,0,0,8.583034270566481e-08
3p,full,0.002,3,74,0.09216996189206839,0.07857898691532408,0.9989825388975442,1.07,0.38236721532419327,0.05000000000000001,0.013590974976744302,0.07101746110245588,7.6473443064838635,0,0,0,0,1.2701968101435984e-07
3p,full,0.002,3,75,0.1948303608223796,0.19581628268967619,1.4260478860512376,1.43,0.6596959022711962,0.67,0.0009859218672965964,0.003952113948762381,1.0156194660196145,1,1,1,1,1.2696581414027116e-07
3p,full,0.002,3,76,0.15654796902090312,0.08838317880910791,0.5716895303037017,0.93,0.9125806701369583,0.029999999999999995,0.06816479021179521,0.3583104696962983,30.419355671231948,0,0,0,0,1.2907704265788565e-07
3p,full,0.002,3,77,0.053887564130127436,0.051258329733505706,1.0152634760458021,1.08,0.13828936274163425,0.010000000000000004,0.0026292343966217296,0.06473652395419793,13.82893627416342,1,0,0,0,1.0378190042530904e-07
3p,full,0.002,3,78,0.03569474760442972,0.0047998162398005225,0.1221654290612787,0.6900000000000001,0.6090659929066896,0.010000000000000004,0.0308949313646292,0.5678345709387214,60.906599290668936,0,0,0,0,8.29099667758548e-08
3p,full,0.002,3,79,0.12590398211032153,0.12001187956426504,1.5607407981622965,1.56,0.3295498590636998,0.21,0.005892102546056488,0.000740798162296441,1.5692850431604755,0,1,0,0,1.0012649072517035e-07
3p,full,0.002,3,80,0.1323000829666853,0.007240192279054607,0.037736025927588346,0.77,0.8219099434558302,0.010000000000000004,0.12505989068763068,0.7322639740724117,82.190994345583,0,0,0,0,5.820731123677305e-08
3p,full,0.002,3,81,0.029493196681141854,0.04045945269833048,1.5841976715717465,1.57,0.10951535675674676,0.9,0.010966256017188623,0.01419767157174645,8.218025550508514,0,1,0,0,8.014255768805197e-08
3p,full,0.002,3,82,0.05979538373649121,0.07203965161665198,0.5521191532444208,0.45,0.6384064888115972,0.99,0.012244267880160767,0.10211915324442083,1.550736117740437,0,0,0,0,7.551728617648954e-08
3p,full,0.002,3,83,0.15005344934761525,0.1615444647963782,1.1035803244356066,1.08,0.4207417423091829,0.5800000000000001,0.011491015448762965,0.023580324435606537,1.3785178452148585,0,1,0,0,1.5001003424466083e-07
3p,full,0.002,3,84,0.18833660930395127,0.17202289559883516,0.9021642049215735,0.9400000000000001,0.177554926937446,0.010000000000000004,0.016313713705116112,0.037835795078426604,17.755492693744596,0,0,0,0,1.6519659912293166e-07
3p,full,0.002,3,85,0.09807853773236275,0.10284552280121188,1.4701529379934073,1.48,0.888255138900131,1.0,0.004766985068849136,0.009847062006592688,1.1258026621025075,1,1,1,1,9.472601816185199e-08
3p,full,0.002,3,86,0.016223011910915377,0.016138872780961565,0.42130343375727536,0.5,0.3536696789506823,1.0,8.413912995381204e-05,0.07869656624272464,2.8274971237764652,1,0,0,0,7.473584125113266e-08
3p,full,0.002,3,87,0.11902989223599435,0.1233589540787594,1.9842935901880265,2.0,0.5691601927950979,0.63,0.004329061842765047,0.015706409811973465,1.1068939957064161,1,1,1,1,1.0443856916831704e-07
3p,full,0.002,3,88,0.10791008565574885,0.16911716888428133,0.7204958300385624,0.46,0.3016215209756047,0.7100000000000001,0.06120708322853248,0.2604958300385624,2.3539434378007305,0,0,0,0,1.1546875438087334e-07
3p,full,0.002,3,89,0.00510170329362154,0.006262847003262974,1.1484873093944044,1.07,0.5171110464259983,0.99,0.001161143709641434,0.07848730939440429,1.914482405360248,1,0,0,0,7.067040723333659e-08
3p,full,0.002,3,90,0.08734794948250056,0.01184373771582251,0.23769232221879066,0.78,0.23002467184327544,0.010000000000000004,0.07550421176667806,0.5423076777812094,23.002467184327536,0,0,0,0,8.945140101508163e-08
3p,full,0.002,3,91,0.17760752309113742,0.18151553390499803,1.660684276027605,1.6500000000000001,0.9407277014665305,1.0,0.003908010813860607,0.010684276027604911,1.0630068599458355,1,1,1,1,1.4767430882124633e-07
3p,full,0.002,3,92,0.1643243631348014,0.09157675727122327,0.3380245827883482,0.63,0.6975399272050709,0.37,0.07274760586357812,0.2919754172116518,1.8852430465001915,0,0,0,0,1.2597461846802255e-07
3p,full,0.002,3,93,0.07406479548662902,0.09491060988315249,1.7755827247165143,1.84,0.479874280821532,0.99,0.02084581439652347,0.06441727528348573,2.0630403411183993,0,0,0,0,1.099306654104936e-07
3p,full,0.002,3,94,0.04337188806384802,0.029821300998750234,0.8504649141430854,1.08,0.76126443923451,0.010000000000000004,0.013550587065097788,0.22953508585691462,76.12644392345098,0,0,0,0,9.437561477598271e-08
3p,full,0.002,3,95,0.1461802763864398,0.19729352747169848,1.2930216327123345,1.19,0.048872699700295924,0.78,0.05111325108525869,0.10302163271233455,15.959830432597878,0,0,0,0,1.4936707773364002e-07
