noise_level,state_index,rep,true_a1,pred_a1,a1_abs_error,true_m,pred_m,m_abs_error,true_gamma,pred_gamma,gamma_factor_error,a1_recovered,m_recovered,gamma_recovered,joint_recovered
0.0,0,0,0.1960261430591345,0.19602209172546112,4.0513336733716265e-06,1.229329101163894,1.2293174860103753,1.1615153518773624e-05,0.21919473159126937,0.21916682991439573,1.0001273079365365,1,1,1,1
0.0,4,0,0.14510893989354373,0.1451190587400938,1.0118846550055682e-05,0.8648613370582462,0.8648815272017224,2.01901434762064e-05,0.4314022366050631,0.4314714584224697,1.0001604577156376,1,1,1,1
0.0,8,0,0.1936690904200077,0.19387285832948378,0.00020376790947607137,1.7677895900048315,1.768732147124406,0.000942557119574472,0.2310081331152469,0.2324397710953714,1.0061973488154647,1,1,1,1
0.0,12,0,0.08472953829914331,0.08491055185660855,0.0001810135574652344,1.3356098269950598,1.3365998867039663,0.0009900597089065322,0.4851499961875379,0.4887874641144451,1.0074976150788242,1,1,1,1
0.0,16,0,0.11195363625884057,0.11196012245673487,6.486197894298162e-06,0.7990985781513155,0.7990979915202447,5.866310707203226e-07,0.32370030720718207,0.3237729641935929,1.0002244575763233,1,1,1,1
0.0,20,0,0.15166596304625274,0.15162222796545977,4.3735080792972614e-05,1.1964951002877207,1.1963986901724382,9.641011528249699e-05,0.41682304952293636,0.416320989797535,1.0012059438214862,1,1,1,1
0.0,24,0,0.16970659270882607,0.16972747815322398,2.0885444397905628e-05,1.0062474832776933,1.0062795061535579,3.202287586456798e-05,0.3320008604880422,0.3321710507328942,1.0005126198908094,1,1,1,1
0.0,28,0,0.17435055691748857,0.17363521206864824,0.000715344848840338,1.1715253612957894,1.1692287042979232,0.0022966569978661866,0.11922264367341995,0.11363557566157434,1.0491665394337846,1,1,1,1
0.0,32,0,0.13209578450769185,0.1320863970885312,9.387419160650223e-06,0.9738992277253419,0.9738791683290212,2.0059396320659673e-05,0.323387467591092,0.3232996104644537,1.0002717514150792,1,1,1,1
0.0,37,0,0.19654424581676722,0.1965381409283992,6.104888368024808e-06,0.9900383590348065,0.9900286326304569,9.72640434959704e-06,0.23231939452700318,0.2322794291457975,1.00017205734211,1,1,1,1
0.0,41,0,0.1610231997445226,0.16092083724739462,0.00010236249712797241,1.486010974450037,1.485539314445779,0.00047166000425802324,0.2522468554228544,0.25133245067324356,1.003638227961258,1,1,1,1
0.0,45,0,0.1436112094670534,0.14362903531064505,1.7825843591640078e-05,0.9376953115593643,0.9377321046983507,3.67931389864129e-05,0.23160094732418657,0.23174347675409634,1.0006154095290045,1,1,1,1
0.0,49,0,0.16544179730117323,0.1654256599421165,1.6137359056728195e-05,1.1795602520368993,1.1795123210708718,4.793096602750957e-05,0.22116195378825068,0.22102035764387193,1.0006406475217404,1,1,1,1
0.0,53,0,0.18715775683522226,0.18717018444261213,1.2427607389869921e-05,0.6819503198005259,0.6819515675026533,1.2477021273937794e-06,0.15320938994176686,0.15326898520283758,1.00038897916827,1,1,1,1
0.0,57,0,0.19293610490858557,0.1929467774565461,1.0672547960527412e-05,1.0909329909365624,1.0909455966705015,1.2605733939130559e-05,0.4446702683065087,0.4447612347127535,1.0002045704710396,1,1,1,1
0.0,61,0,0.13256705384701492,0.13256603975268869,1.0140943262348934e-06,0.7852806524094195,0.7852853905090857,4.738099666279361e-06,0.31636271155439316,0.31634704134638886,1.000049534865057,1,1,1,1
0.0,65,0,0.1382226338610053,0.13828152759705375,5.889373604844872e-05,1.17963295083493,1.1798401983920919,0.0002072475571619492,0.3123058353830129,0.31286484766658174,1.0017899514521824,1,1,1,1
0.0,69,0,0.09772115238010884,0.09777071587906501,4.9563498956170515e-05,1.1655377277173102,1.1657000517283727,0.00016232401106242023,0.44020454460754993,0.44104088420997495,1.001899888614668,1,1,1,1
0.0,74,0,0.07260450441390276,0.07263278527280381,2.828085890105303e-05,0.9316552768740803,0.9316747512459689,1.9474371888539288e-05,0.4404013613332063,0.44099622956189427,1.0013507411214333,1,1,1,1
0.0,78,0,0.10784034468233586,0.10743936534860982,0.00040097933372604255,1.2279097676835955,1.2268152371489787,0.0010945305346168333,0.5911471727117896,0.5844869394287316,1.0113950078842953,1,1,1,1
0.0,82,0,0.1782273542135954,0.17822941612869395,2.0619150985501378e-06,0.9224195586331189,0.9224223331471907,2.7745140718238304e-06,0.13302488021552564,0.13304120235193215,1.0001226998767454,1,1,1,1
0.0,86,0,0.09365297723561526,0.09355330056160455,9.967667401071523e-05,0.8177193802129478,0.8176903299189467,2.905029400102066e-05,0.30180216473527255,0.30045634309145564,1.0044792585504085,1,1,1,1
0.0,90,0,0.0992200244218111,0.09850525088899144,0.0007147735328196653,0.922651332616806,0.9206734163130668,0.0019779163037392244,0.15961272458545864,0.15057339013696366,1.0600327484177163,1,1,1,1
0.0,94,0,0.19554376490414144,0.19555800768099585,1.4242776854411776e-05,1.2438947091903538,1.2439259914187815,3.128222842763151e-05,0.434350573560223,0.43446598829754185,1.0002657179346464,1,1,1,1
0.0,98,0,0.13617278281599285,0.13613960248387497,3.3180332117882516e-05,0.9305180853791535,0.9305477296545188,2.964427536533698e-05,0.490056566670537,0.48961937831511315,1.000892914730884,1,1,1,1
0.0,102,0,0.11405475772917271,0.11414232848779972,8.757075862700359e-05,1.0888217808492482,1.088951258518409,0.0001294776691607158,0.526263671880588,0.5275849511068408,1.002510679145933,1,1,1,1
0.0,106,0,0.11423638109117747,0.11403487550106546,0.00020150559011200553,1.244839009605348,1.2438838818925684,0.0009551277127797242,0.2412219645921141,0.23861027897912787,1.0109454027888491,1,1,1,1
0.0,110,0,0.158744696341455,0.15874654596522061,1.8496237656207004e-06,1.0880855558626354,1.0880792847126923,6.271149943115617e-06,0.47626297673210505,0.47630207623241055,1.0000820964513635,1,1,1,1
0.0,115,0,0.12247643060982227,0.12248760915002231,1.1178540200038056e-05,0.9742944155447185,0.9743138659501007,1.9450405382204217e-05,0.353709918204695,0.35383553342302615,1.0003551362624172,1,1,1,1
0.0,119,0,0.14886762965470554,0.14888645221593944,1.8822561233894364e-05,0.8323938362766057,0.8324111512001275,1.7314923521860592e-05,0.35813505966216325,0.35827780989778973,1.0003985933009774,1,1,1,1
0.0,123,0,0.1382738383486867,0.13827271977071645,1.1185779702493903e-06,0.7482713893894106,0.7482712945446799,9.484473073584354e-08,0.20709063342772424,0.20708169153735037,1.0000431804970662,1,1,1,1
0.0,127,0,0.14939931239932777,0.14901262230040271,0.0003866900989250577,1.4362526615150273,1.4347109106336724,0.0015417508813548864,0.43442876456305385,0.43026518171114103,1.0096767831302418,1,1,1,1
0.0,131,0,0.10968182124197484,0.10976722036068805,8.539911871320582e-05,1.4453746667224914,1.4458600315327517,0.00048536481026029143,0.367108735088259,0.3683852144111634,1.0034771150912483,1,1,1,1
0.0,135,0,0.15490414164960387,0.15480059246649294,0.00010354918311092365,1.433613346349448,1.433163405296545,0.00044994105290308006,0.30901124795898793,0.3080277649520438,1.003192838824439,1,1,1,1
0.0,139,0,0.08235302101820707,0.08221629841518759,0.00013672260301948735,0.8169278981350362,0.8169162740890629,1.1624045973324115e-05,0.3265585407987237,0.324425285688254,1.0065754896568684,1,1,1,1
0.0,143,0,0.1338675046339631,0.13424153758196378,0.0003740329480006743,0.8305812554154545,0.8303970890622226,0.0001841663532318183,0.43704980295151474,0.4409964365386876,1.0090301690116783,1,1,1,1
0.0,148,0,0.14153844583779573,0.14151510648650378,2.3339351291951083e-05,1.195191303519532,1.1951183967087247,7.290681080740491e-05,0.3562855430226773,0.3560431378960033,1.0006808307782773,1,1,1,1
0.0,152,0,0.13684679213911297,0.13653816070210828,0.0003086314370046861,1.4499873874802143,1.448463289285629,0.0015240981945852106,0.31187088023871185,0.3084313289586845,1.0111517571565762,1,1,1,1
0.0,156,0,0.1089262992143631,0.10975619297553542,0.0008298937611723178,1.161494150366634,1.1648869354644944,0.00339278509786034,0.2531374712754041,0.26439480585394437,1.0444712294936878,1,1,1,1
0.0,160,0,0.08368269968777896,0.08371196482732468,2.926513954572274e-05,1.2135191401373595,1.2136028932048017,8.37530674422382e-05,0.6304599511623382,0.6311095053997161,1.0010302862793747,1,1,1,1
0.0,164,0,0.18401088733226062,0.1841985818784291,0.00018769454616848757,1.2769169251900165,1.277560063239611,0.0006431380495943717,0.1491446029301733,0.15059295821227708,1.009711080747467,1,1,1,1
0.0,168,0,0.0996712738648057,0.09987015035354918,0.00019887648874347685,1.461190415704623,1.4624258043827971,0.0012353886781741874,0.415967425769195,0.41917851199353334,1.0077195617382793,1,1,1,1
0.0,172,0,0.12200961578637362,0.12165952815214753,0.00035008763422608724,1.5577951309364289,1.5556723395717431,0.002122791364685739,0.3369933004677296,0.332665696894706,1.0130088662985692,1,1,1,1
0.0,176,0,0.08900408577173949,0.08903116359796881,2.7077826229321422e-05,0.7499442772101611,0.749942291649406,1.9855607551466647e-06,0.23141995320096612,0.23176165756513845,1.0014765553248366,1,1,1,1
0.0,180,0,0.11822067089378835,0.11829142919596308,7.075830217473378e-05,0.9401861285045743,0.9403245333134733,0.00013840480889903972,0.2202450901735574,0.22104783133752126,1.0036447630379923,1,1,1,1
0.0,184,0,0.1204497316852212,0.1200454027986544,0.00040432888656680155,1.1961703613214194,1.1944985007300064,0.0016718605914129991,0.23751380710862577,0.23258412362371622,1.0211952708039735,1,1,1,1
0.0,189,0,0.09847111832350493,0.09943603753785457,0.0009649192143496438,1.0372001131717115,1.0386446346786784,0.0014445215069669448,0.4725865833926946,0.4885641745531889,1.0338088124419262,1,1,1,1
0.0,193,0,0.16747383363544943,0.1674759774559255,2.1438204760582114e-06,0.8479169404413551,0.8479173971313204,4.566899652891365e-07,0.34970825010910633,0.34972524398214583,1.0000485944298831,1,1,1,1
0.0,197,0,0.1935977576300502,0.19358988542731995,7.872202730241362e-06,1.0077693560533225,1.0077640360656657,5.3199876568488236e-06,0.3057730026822537,0.30570198451677005,1.0002323117581193,1,1,1,1
0.0,201,0,0.16775162126868964,0.16750847285575324,0.00024314841293640588,1.4367196029331535,1.4357329719469007,0.0009866309862527345,0.28781568583101036,0.2856399485093817,1.0076170624346588,1,1,1,1
0.0,205,0,0.12907254062592985,0.1288012682908235,0.0002712723351063484,0.9049259437806905,0.9045449433372459,0.00038100044344457906,0.24142177323810757,0.23866852871223176,1.0115358507497043,1,1,1,1
0.0,209,0,0.1857444303110242,0.18559353309731472,0.00015089721370947773,1.5511024194676428,1.550483513524907,0.0006189059427357257,0.2867502376437187,0.2855452599106943,1.0042199185285068,1,1,1,1
0.0,213,0,0.17925829682499173,0.17924764334908097,1.0653475910754606e-05,0.9394967909622938,0.9394823892434799,1.4401718813839004e-05,0.22673361387103796,0.2266562763655473,1.000341210518106,1,1,1,1
0.0,217,0,0.07901196293532849,0.07925623072077827,0.000244267785449781,1.2648968129605054,1.2661875,0.0012906870394946424,0.7308800434228033,0.7356422544596412,1.006515721806462,1,1,1,1
0.0,221,0,0.1974054552614689,0.19739566491268065,9.790348788257797e-06,1.247528866985813,1.2475033276702339,2.5539315579026223e-05,0.3120726638287306,0.3120003551677738,1.0002317582648839,1,1,1,1
0.0,226,0,0.12902571931481363,0.12907057541154326,4.485609672963409e-05,1.468926471499726,1.4691669002375494,0.00024042873782326168,0.28476185717619956,0.28531458726555126,1.0019410257217478,1,1,1,1
0.0,230,0,0.15746983978897333,0.1572664067803795,0.00020343300859382296,1.469069504244253,1.4681953927349438,0.0008741115093091611,0.3346784401778132,0.3326927884553492,1.0059684242982334,1,1,1,1
0.0,234,0,0.12647133637219668,0.12622243268213318,0.0002489036900635011,1.1784434397798031,1.1774886634572803,0.0009547763225228323,0.22965747977606954,0.22678630711886708,1.01266025578739,1,1,1,1
0.0,238,0,0.16090707015246153,0.16099903907424065,9.196892177912308e-05,1.4534032783750446,1.453792831090597,0.00038955271555241033,0.299533448247239,0.30040873585792144,1.002922169847155,1,1,1,1
0.0,242,0,0.1038881253451109,0.10394156938954992,5.344404443902162e-05,0.7305346322152764,0.7305446558531333,1.0023637856959589e-05,0.18903750136494638,0.18957399422318902,1.0028380234311651,1,1,1,1
0.0,246,0,0.06920999940484762,0.06904712459006315,0.0001628748147844694,0.9159857817273587,0.9159469862543506,3.8795473008113035e-05,0.46778176217339934,0.4641697642201628,1.0077816312729997,1,1,1,1
0.0,250,0,0.13459909986704588,0.13462326465022048,2.416478317460169e-05,0.7498096622992307,0.749800877440695,8.784858535726414e-06,0.2941086734738201,0.29431658652618353,1.00070692594648,1,1,1,1
0.0,254,0,0.11583021394908428,0.1158346267885261,4.412839441816918e-06,1.0222503594774752,1.022255978925234,5.619447758675733e-06,0.4409274386614561,0.4409889016582821,1.0001393948106576,1,1,1,1
0.0,259,0,0.11167865917086602,0.11156753479833678,0.0001111243725292338,0.8310590332653374,0.8310785009750045,1.94677096670981e-05,0.37959898644126955,0.3782508320599986,1.00356418087418,1,1,1,1
0.002,0,0,0.1960261430591345,0.19666925462785287,0.0006431115687183797,1.229329101163894,1.2314579782981834,0.002128877134289331,0.21919473159126937,0.22339181179891943,1.0191477239310491,1,1,1,1
0.002,0,1,0.1960261430591345,0.19738456066134816,0.0013584176022136685,1.229329101163894,1.2332524167292367,0.003923315565342644,0.21919473159126937,0.22781087576097106,1.0393081718121224,1,1,1,1
0.002,0,2,0.1960261430591345,0.1965928971191727,0.0005667540600381993,1.229329101163894,1.2306915086549675,0.001362407491073414,0.21919473159126937,0.22196927315667297,1.0126578843627376,1,1,1,1
0.002,0,3,0.1960261430591345,0.19711228723881516,0.0010861441796806703,1.229329101163894,1.2324873227143993,0.003158221550505269,0.21919473159126937,0.22774278842652926,1.0389975469446928,1,1,1,1
0.002,0,4,0.1960261430591345,0.1963268163348159,0.00030067327568142344,1.229329101163894,1.2293535958508,2.449468690590706e-05,0.21919473159126937,0.22547384587043737,1.0286462828444098,1,1,1,1
0.002,0,5,0.1960261430591345,0.195594672314807,0.0004314707443274779,1.229329101163894,1.2279766953211448,0.0013524058427492047,0.21919473159126937,0.2156355876790648,1.016505364214286,1,1,1,1
0.002,0,6,0.1960261430591345,0.19613635335067894,0.00011021029154445472,1.229329101163894,1.2296823131957844,0.00035321203189031536,0.21919473159126937,0.21740181771540792,1.008247004991506,1,1,1,1
0.002,0,7,0.1960261430591345,0.19734676466525838,0.0013206216061238951,1.229329101163894,1.233358169879152,0.0040290687152579885,0.21919473159126937,0.22619162460765102,1.0319208995836118,1,1,1,1
0.002,0,8,0.1960261430591345,0.19615077754078364,0.0001246344816491496,1.229329101163894,1.2300014408638167,0.0006723396999226416,0.21919473159126937,0.21871949084054393,1.0021728321920422,1,1,1,1
0.002,0,9,0.1960261430591345,0.19747227472263768,0.0014461316635031862,1.229329101163894,1.2333826612702945,0.004053560106400456,0.21919473159126937,0.22761593878666128,1.0384188394230882,1,1,1,1
0.002,0,10,0.1960261430591345,0.19456116977769367,0.0014649732814408234,1.229329101163894,1.225147327707395,0.0041817734564990605,0.21919473159126937,0.2071281806090428,1.0582564426856158,1,1,1,1
0.002,0,11,0.1960261430591345,0.19682356178364432,0.0007974187245098352,1.229329101163894,1.2312135399162663,0.0018844387523722084,0.21919473159126937,0.22608454811303602,1.0314324001847546,1,1,1,1
0.002,4,0,0.14510893989354373,0.14353111515964503,0.0015778247338986973,0.8648613370582462,0.8649101979122421,4.8860853995913445e-05,0.4314022366050631,0.4160441287417608,1.036914612663204,1,1,1,1
0.002,4,1,0.14510893989354373,0.14284215445342327,0.0022667854401204612,0.8648613370582462,0.8648670817228105,5.744664564266699e-06,0.4314022366050631,0.4093392420495711,1.0538990458012822,1,1,1,1
0.002,4,2,0.14510893989354373,0.14567246022434394,0.0005635203308002046,0.8648613370582462,0.8673050236197236,0.0024436865614774206,0.4314022366050631,0.43345855470652167,1.0047665911925743,1,1,1,1
0.002,4,3,0.14510893989354373,0.1451436599850245,3.47200914807555e-05,0.8648613370582462,0.8633034667301397,0.0015578703281065032,0.4314022366050631,0.4343356747665919,1.006799775041997,1,1,1,1
0.002,4,4,0.14510893989354373,0.1467676195680235,0.0016586796744797738,0.8648613370582462,0.8646921698197495,0.00016916723849669246,0.4314022366050631,0.447867572693798,1.0381670160505183,1,1,1,1
0.002,4,5,0.14510893989354373,0.14407884932312348,0.00103009057042025,0.8648613370582462,0.8633569460892363,0.0015043909690098944,0.4314022366050631,0.42349080813732665,1.0186814644278441,1,1,1,1
0.002,4,6,0.14510893989354373,0.14657677288113155,0.0014678329875878193,0.8648613370582462,0.8650272668873483,0.0001659298291021294,0.4314022366050631,0.4457702755568208,1.0333054345402275,1,1,1,1
0.002,4,7,0.14510893989354373,0.14630470800733084,0.0011957681137871046,0.8648613370582462,0.8647301844949427,0.0001311525633035382,0.4314022366050631,0.44273025968184415,1.0262586099829416,1,1,1,1
0.002,4,8,0.14510893989354373,0.14448226939111047,0.0006266705024332575,0.8648613370582462,0.864473794947567,0.000387542110679151,0.4314022366050631,0.42658202787706373,1.0112996057334804,1,1,1,1
0.002,4,9,0.14510893989354373,0.1445497123865076,0.0005592275070361308,0.8648613370582462,0.8651270625974861,0.0002657255392398694,0.4314022366050631,0.4264025202490146,1.011725344290012,1,1,1,1
0.002,4,10,0.14510893989354373,0.14831292915176153,0.0032039892582177987,0.8648613370582462,0.8634629986217047,0.0013983384365414686,0.4314022366050631,0.464162092464864,1.075938076069345,1,1,1,1
0.002,4,11,0.14510893989354373,0.14428463641533806,0.000824303478205668,0.8648613370582462,0.8651118382499194,0.0002505011916732469,0.4314022366050631,0.42270346565953765,1.020578896678675,1,1,1,1
0.002,8,0,0.1936690904200077,0.19356808737034273,0.00010100304966498275,1.7677895900048315,1.7667956560815392,0.0009939339232922784,0.2310081331152469,0.23252160830441224,1.0065516099747462,1,1,1,1
0.002,8,1,0.1936690904200077,0.19375885938408968,8.976896408197099e-05,1.7677895900048315,1.767207790919208,0.0005817990856233912,0.2310081331152469,0.23251209654235494,1.0065104349653253,1,1,1,1
0.002,8,2,0.1936690904200077,0.1934915383218803,0.00017755209812742034,1.7677895900048315,1.7659831824845547,0.0018064075202768315,0.2310081331152469,0.2325737668846827,1.0067773967449654,1,1,1,1
0.002,8,3,0.1936690904200077,0.1930887036626953,0.0005803867573124233,1.7677895900048315,1.7652012429075377,0.0025883470972938305,0.2310081331152469,0.22671266446037874,1.0189467521150273,1,1,1,1
0.002,8,4,0.1936690904200077,0.1944518950250984,0.0007828046050906978,1.7677895900048315,1.7714833243588748,0.0036937343540432988,0.2310081331152469,0.23884464284440657,1.0339230901677827,1,1,1,1
0.002,8,5,0.1936690904200077,0.19529338185968095,0.0016242914396732422,1.7677895900048315,1.7748211393632214,0.007031549358389899,0.2310081331152469,0.23872157205343797,1.033390334938307,1,1,1,1
0.002,8,6,0.1936690904200077,0.1927291964654822,0.0009398939545255114,1.7677895900048315,1.7631825819625613,0.004607008042270211,0.2310081331152469,0.22676494942685144,1.018711814586514,1,1,1,1
0.002,8,7,0.1936690904200077,0.19104718449650682,0.0026219059235008946,1.7677895900048315,1.7555570876800857,0.01223250232474582,0.2310081331152469,0.20986579601778102,1.1007421766607197,1,1,1,1
0.002,8,8,0.1936690904200077,0.19486788522727688,0.0011987948072691712,1.7677895900048315,1.7741131553494152,0.00632356534458367,0.2310081331152469,0.23270192771718584,1.0073321860104982,1,1,1,1
0.002,8,9,0.1936690904200077,0.19312319589326765,0.0005458945267400594,1.7677895900048315,1.7656436866447087,0.0021459033601227695,0.2310081331152469,0.22667662062862987,1.019108774758529,1,1,1,1
0.002,8,10,0.1936690904200077,0.1931100986797803,0.0005589917402274158,1.7677895900048315,1.7656076732508061,0.002181916754025348,0.2310081331152469,0.2209609038524441,1.0454706198591235,1,1,1,1
0.002,8,11,0.1936690904200077,0.19530681790971682,0.001637727489709112,1.7677895900048315,1.7748367015493063,0.007047111544474793,0.2310081331152469,0.24489292584164485,1.0601052116181164,1,1,1,1
0.002,12,0,0.08472953829914331,0.08600376997282222,0.001274231673678905,1.3356098269950598,1.342282780929944,0.006672953934884207,0.4851499961875379,0.5140442378395534,1.05955733665686,1,1,1,1
0.002,12,1,0.08472953829914331,0.08499590939258261,0.0002663710934392993,1.3356098269950598,1.3374688544105393,0.0018590274154794972,0.4851499961875379,0.4887264821426857,1.007371917928997,1,1,1,1
0.002,12,2,0.08472953829914331,0.08658750500920928,0.001857966710065967,1.3356098269950598,1.344072268621724,0.008462441626664097,0.4851499961875379,0.5272289284331232,1.0867338608188288,1,1,1,1
0.002,12,3,0.08472953829914331,0.08577969111433534,0.0010501528151920236,1.3356098269950598,1.3422774509987268,0.006667624003666939,0.4851499961875379,0.5010643533905067,1.0328029626466637,1,1,1,1
0.002,12,4,0.08472953829914331,0.08556865149649749,0.0008391131973541771,1.3356098269950598,1.3394247780351805,0.00381495104012064,0.4851499961875379,0.5012677846996962,1.03322227896283,1,1,1,1
0.002,12,5,0.08472953829914331,0.08364814352228328,0.001081394776860034,1.3356098269950598,1.3294604620159003,0.006149364979159522,0.4851499961875379,0.4641028101846438,1.0453502662363119,1,1,1,1
0.002,12,6,0.08472953829914331,0.08771840265977364,0.002988864360630325,1.3356098269950598,1.351914257595299,0.016304430600239117,0.4851499961875379,0.541236475421266,1.1156064715541036,1,1,1,1
0.002,12,7,0.08472953829914331,0.08318786426227323,0.0015416740368700832,1.3356098269950598,1.3238339204990441,0.011775906496015676,0.4851499961875379,0.46444400312579415,1.0445823240743526,1,1,1,1
0.002,12,8,0.08472953829914331,0.08293803953779884,0.001791498761344476,1.3356098269950598,1.324586177614419,0.011023649380640821,0.4851499961875379,0.45266418738242414,1.071765802797359,1,1,1,1
0.002,12,9,0.08472953829914331,0.08371284206755966,0.0010166962315836525,1.3356098269950598,1.3303651931498188,0.005244633845240987,0.4851499961875379,0.4640600288185662,1.0454466363385442,1,1,1,1
0.002,12,10,0.08472953829914331,0.083891355250175,0.0008381830489683079,1.3356098269950598,1.328375,0.007234826995059729,0.4851499961875379,0.47618726630085356,1.01882185963583,1,1,1,1
0.002,12,11,0.08472953829914331,0.08388297612170523,0.0008465621774380871,1.3356098269950598,1.3319278648010746,0.0036819621939852,0.4851499961875379,0.4639321823632535,1.0457347315640007,1,1,1,1
0.002,16,0,0.11195363625884057,0.11119762737009092,0.0007560088887496458,0.7990985781513155,0.7983727266161366,0.0007258515351789008,0.32370030720718207,0.3161759321351736,1.023798064012006,1,1,1,1
0.002,16,1,0.11195363625884057,0.11170282869317584,0.00025080756566472906,0.7990985781513155,0.7992194614642547,0.00012088331293924615,0.32370030720718207,0.32139807309433344,1.0071631857984815,1,1,1,1
0.002,16,2,0.11195363625884057,0.1122923267687492,0.0003386905099086318,0.7990985781513155,0.7985039059469917,0.0005946722043237429,0.32370030720718207,0.3278525170373804,1.0128273274314217,1,1,1,1
0.002,16,3,0.11195363625884057,0.1114414249231879,0.0005122113356526709,0.7990985781513155,0.7973994343413295,0.0016991438099859257,0.32370030720718207,0.3203464800186326,1.01046937424864,1,1,1,1
0.002,16,4,0.11195363625884057,0.11141614028239998,0.000537495976440594,0.7990985781513155,0.7979275629912641,0.0011710151600513585,0.32370030720718207,0.3193575549542693,1.0135984014955732,1,1,1,1
0.002,16,5,0.11195363625884057,0.1138012339480366,0.001847597689196026,0.7990985781513155,0.7985735001353079,0.0005250780160075408,0.32370030720718207,0.34436719462723353,1.0638457454624033,1,1,1,1
0.002,16,6,0.11195363625884057,0.11303129201465462,0.001077655755814047,0.7990985781513155,0.7981785137413707,0.000920064409944743,0.32370030720718207,0.33687877659654597,1.040711945883107,1,1,1,1
0.002,16,7,0.11195363625884057,0.11055510956889954,0.001398526689941032,0.7990985781513155,0.7992995529831883,0.0002009748318728688,0.32370030720718207,0.3073545235099922,1.0531821803385901,1,1,1,1
0.002,16,8,0.11195363625884057,0.10887671018478422,0.003076926074056352,0.7990985781513155,0.7991586674863121,6.008933499668245e-05,0.32370030720718207,0.2884238988110113,1.122307508294538,1,1,1,1
0.002,16,9,0.11195363625884057,0.1108403990834779,0.0011132371753626719,0.7990985781513155,0.7994082684260475,0.000309690274732044,0.32370030720718207,0.31086622599764985,1.0412849005013147,1,1,1,1
0.002,16,10,0.11195363625884057,0.11325129318059884,0.001297656921758275,0.7990985781513155,0.7999185508241169,0.0008199726728014278,0.32370030720718207,0.3370040492777876,1.0410989479292974,1,1,1,1
0.002,16,11,0.11195363625884057,0.1100220843183497,0.0019315519404908693,0.7990985781513155,0.8003273505005025,0.0012287723491870572,0.32370030720718207,0.30045491510414307,1.0773673217992847,1,1,1,1
0.002,20,0,0.15166596304625274,0.15006551447699573,0.001600448569257007,1.1964951002877207,1.1925426291005972,0.003952471187123496,0.41682304952293636,0.39860687891469804,1.0456995891737648,1,1,1,1
0.002,20,1,0.15166596304625274,0.14989536133102496,0.0017706017152277764,1.1964951002877207,1.191516225664555,0.004978874623165597,0.41682304952293636,0.39858928946490474,1.0457457351212571,1,1,1,1
0.002,20,2,0.15166596304625274,0.15012457381568617,0.00154138923056657,1.1964951002877207,1.1941621119763426,0.0023329883113780703,0.41682304952293636,0.3964366189864445,1.0514241862636533,1,1,1,1
0.002,20,3,0.15166596304625274,0.1514097076930286,0.0002562553532241274,1.1964951002877207,1.1963789531716698,0.000116147116050902,0.41682304952293636,0.4134413039460312,1.0081795058805896,1,1,1,1
0.002,20,4,0.15166596304625274,0.15161541426706224,5.054877919050127e-05,1.1964951002877207,1.1954917675936556,0.001003332694065051,0.41682304952293636,0.42094845704385614,1.0098972634206322,1,1,1,1
0.002,20,5,0.15166596304625274,0.15013920731142516,0.0015267557348275784,1.1964951002877207,1.1923994344314914,0.004095665856229225,0.41682304952293636,0.4013754912104047,1.0384865509997816,1,1,1,1
0.002,20,6,0.15166596304625274,0.15399727814719097,0.0023313151009382305,1.1964951002877207,1.2032156927631434,0.006720592475422782,0.41682304952293636,0.4391830946592535,1.0536439747319846,1,1,1,1
0.002,20,7,0.15166596304625274,0.15221026793216244,0.0005443048859097022,1.1964951002877207,1.1973756990924327,0.0008805988047120294,0.41682304952293636,0.42253344793710407,1.0136998143953493,1,1,1,1
0.002,20,8,0.15166596304625274,0.15191913723117922,0.0002531741849264857,1.1964951002877207,1.1981361357300755,0.0016410354423548323,0.41682304952293636,0.416957771744132,1.000323212023303,1,1,1,1
0.002,20,9,0.15166596304625274,0.15571056230416683,0.004044599257914089,1.1964951002877207,1.2061542967414058,0.009659196453685182,0.41682304952293636,0.4596615747232729,1.1027738875030213,1,1,1,1
0.002,20,10,0.15166596304625274,0.1489305484299139,0.0027354146163388326,1.1964951002877207,1.1901824657621545,0.006312634525566185,0.41682304952293636,0.3854183918769657,1.0814819902419077,1,1,1,1
0.002,20,11,0.15166596304625274,0.15257532361851084,0.0009093605722581,1.1964951002877207,1.1987591005422094,0.002264000254488696,0.41682304952293636,0.427601795262673,1.0258592842983927,1,1,1,1
0.002,24,0,0.16970659270882607,0.17127109812477762,0.0015645054159515448,1.0062474832776933,1.0093730173051936,0.003125534027500265,0.3320008604880422,0.34267672865240345,1.0321561460674158,1,1,1,1
0.002,24,1,0.16970659270882607,0.16866680717844137,0.001039785530384696,1.0062474832776933,1.0044553652515769,0.0017921180261164515,0.3320008604880422,0.3250598512651645,1.021353019131285,1,1,1,1
0.002,24,2,0.16970659270882607,0.17034825745408544,0.0006416647452593682,1.0062474832776933,1.0062548904563327,7.407178639340373e-06,0.3320008604880422,0.3390375071609968,1.0211946639614449,1,1,1,1
0.002,24,3,0.16970659270882607,0.17032495366698974,0.0006183609581636718,1.0062474832776933,1.0079392284778337,0.001691745200140371,0.3320008604880422,0.3347922230077073,1.0084076966413935,1,1,1,1
0.002,24,4,0.16970659270882607,0.1703165061405324,0.0006099134317063271,1.0062474832776933,1.006652669399751,0.0004051861220577546,0.3320008604880422,0.337991826280346,1.0180450309179834,1,1,1,1
0.002,24,5,0.16970659270882607,0.17081681842276433,0.001110225713938262,1.0062474832776933,1.0067962368694843,0.0005487535917909625,0.3320008604880422,0.3437579678755712,1.0354128822746003,1,1,1,1
0.002,24,6,0.16970659270882607,0.17098604507756918,0.0012794523687431059,1.0062474832776933,1.0082946059099454,0.002047122632252041,0.3320008604880422,0.3430760291084632,1.033358855167244,1,1,1,1
0.002,24,7,0.16970659270882607,0.1703925688264682,0.0006859761176421231,1.0062474832776933,1.0056505358032481,0.0005969474744451642,0.3320008604880422,0.34144398980482615,1.0284430868730354,1,1,1,1
0.002,24,8,0.16970659270882607,0.1692636198138816,0.00044297289494446557,1.0062474832776933,1.006094097979316,0.00015338529837727322,0.3320008604880422,0.326963785731275,1.0154056044632023,1,1,1,1
0.002,24,9,0.16970659270882607,0.16967407413902375,3.251856980232559e-05,1.0062474832776933,1.0067375948526787,0.0004901115749853524,0.3320008604880422,0.33021305530576545,1.0054140960012055,1,1,1,1
0.002,24,10,0.16970659270882607,0.16963558653375158,7.100617507449503e-05,1.0062474832776933,1.0052780560890333,0.0009694271886599992,0.3320008604880422,0.33269194864427576,1.00208158543691,1,1,1,1
0.002,24,11,0.16970659270882607,0.1703495162713536,0.000642923562527542,1.0062474832776933,1.0076439123534056,0.0013964290757122466,0.3320008604880422,0.33575636875436216,1.0113117425683757,1,1,1,1
0.002,28,0,0.17435055691748857,0.17358971652024935,0.0007608403972392264,1.1715253612957894,1.1687334555224096,0.0027919057733798436,0.11922264367341995,0.11363959762266866,1.0491294070689106,1,1,1,1
0.002,28,1,0.17435055691748857,0.17345834786056125,0.0008922090569273289,1.1715253612957894,1.1686894004877177,0.0028359608080716914,0.11922264367341995,0.1107695604122402,1.0763123301177755,1,1,1,1
0.002,28,2,0.17435055691748857,0.1734184145969251,0.0009321423205634616,1.1715253612957894,1.1690427181681768,0.0024826431276125938,0.11922264367341995,0.11076736267321173,1.0763336852675023,1,1,1,1
0.002,28,3,0.17435055691748857,0.17620987567981047,0.0018593187623218987,1.1715253612957894,1.1772234919225,0.00569813062671054,0.11922264367341995,0.13594270365869285,1.1402423186577983,1,1,1,1
0.002,28,4,0.17435055691748857,0.1737389434490095,0.0006116134684790719,1.1715253612957894,1.1696169648997645,0.001908396396024914,0.11922264367341995,0.11479945645096522,1.03852968785043,1,1,1,1
0.002,28,5,0.17435055691748857,0.17425362171714912,9.693520033945968e-05,1.1715253612957894,1.171282154515488,0.00024320678030154141,0.11922264367341995,0.11679085261446477,1.0208217596200166,1,1,1,1
0.002,28,6,0.17435055691748857,0.17399295437491472,0.00035760254257385937,1.1715253612957894,1.1701834242817726,0.0013419370140168585,0.11922264367341995,0.11743869023502365,1.0151905086375381,1,1,1,1
0.002,28,7,0.17435055691748857,0.17619282482244988,0.0018422679049613089,1.1715253612957894,1.1772868552551403,0.005761493959350883,0.11922264367341995,0.13594759614164686,1.140283355182432,1,1,1,1
0.002,28,8,0.17435055691748857,0.17335108009552883,0.0009994768219597494,1.1715253612957894,1.1685256409668316,0.002999720328957789,0.11922264367341995,0.11077101864661458,1.0762981611080784,1,1,1,1
0.002,28,9,0.17435055691748857,0.17336512204996685,0.0009854348675217284,1.1715253612957894,1.168728586290146,0.0027967750056434593,0.11922264367341995,0.11076893460985336,1.0763184108734272,1,1,1,1
0.002,28,10,0.17435055691748857,0.17297226173577163,0.0013782951817169486,1.1715253612957894,1.1668881215492255,0.004637239746563937,0.11922264367341995,0.11077505768683674,1.0762589175125028,1,1,1,1
0.002,28,11,0.17435055691748857,0.1740324377550235,0.00031811916246507477,1.1715253612957894,1.1702912204624845,0.0012341408333049753,0.11922264367341995,0.11725468437871163,1.0167836304804008,1,1,1,1
0.002,32,0,0.13209578450769185,0.13238263095244326,0.00028684644475140963,0.9738992277253419,0.9743096125559222,0.0004103848305803126,0.323387467591092,0.32728534318594477,1.0120532673201221,1,1,1,1
0.002,32,1,0.13209578450769185,0.13115201916420946,0.0009437653434823945,0.9738992277253419,0.9723976901104542,0.0015015376148876936,0.323387467591092,0.31382064313973906,1.0304850068358729,1,1,1,1
0.002,32,2,0.13209578450769185,0.1328197360293446,0.0007239515216527492,0.9738992277253419,0.9742734841863175,0.0003742564609756638,0.323387467591092,0.3324546099510059,1.028038014050003,1,1,1,1
0.002,32,3,0.13209578450769185,0.13198957939802067,0.0001062051096711869,0.9738992277253419,0.9743502317467132,0.0004510040213713262,0.323387467591092,0.32151304335628755,1.0058300099281736,1,1,1,1
0.002,32,4,0.13209578450769185,0.13073934870016699,0.0013564358075248695,0.9738992277253419,0.972111566978243,0.001787660747098907,0.323387467591092,0.3080357006028959,1.0498376225812436,1,1,1,1
0.002,32,5,0.13209578450769185,0.1309610716390239,0.001134712868667953,0.9738992277253419,0.9722925506443115,0.00160667708103035,0.323387467591092,0.3105635488356652,1.041292414397971,1,1,1,1
0.002,32,6,0.13209578450769185,0.1319743860446233,0.00012139846306855051,0.9738992277253419,0.9727556453045082,0.0011435824208336776,0.323387467591092,0.3250021968834945,1.0049931721362941,1,1,1,1
0.002,32,7,0.13209578450769185,0.1314048101260303,0.0006909743816615466,0.9738992277253419,0.9744678082774134,0.0005685805520715403,0.323387467591092,0.31326434406024617,1.0323149561154619,1,1,1,1
0.002,32,8,0.13209578450769185,0.13073656665361574,0.0013592178540761113,0.9738992277253419,0.9722747467488686,0.0016244809764732748,0.323387467591092,0.30801831495251114,1.0498968791545737,1,1,1,1
0.002,32,9,0.13209578450769185,0.13013957282016564,0.001956211687526216,0.9738992277253419,0.9715845359263529,0.0023146917989890214,0.323387467591092,0.30040119362003265,1.0765185840111338,1,1,1,1
0.002,32,10,0.13209578450769185,0.1324655804374253,0.0003697959297334352,0.9738992277253419,0.9741037692002327,0.00020454147489079588,0.323387467591092,0.3274912139634475,1.0126898744806787,1,1,1,1
0.002,32,11,0.13209578450769185,0.13090196343072089,0.001193821076970969,0.9738992277253419,0.9725581999475819,0.0013410277777600177,0.323387467591092,0.30922109088433364,1.0458130998317232,1,1,1,1
0.002,37,0,0.19654424581676722,0.19676579168611194,0.00022154586934472476,0.9900383590348065,0.9905713102361055,0.0005329512012989257,0.23231939452700318,0.2336249893367071,1.0056198270160013,1,1,1,1
0.002,37,1,0.19654424581676722,0.19669106372298653,0.00014681790621931534,0.9900383590348065,0.990118838711494,8.047967668745049e-05,0.23231939452700318,0.2337188802015484,1.0060239726321367,1,1,1,1
0.002,37,2,0.19654424581676722,0.19546437912571554,0.001079866691051673,0.9900383590348065,0.9890064171271105,0.0010319419076960656,0.23231939452700318,0.2235359482380269,1.0392932159601616,1,1,1,1
0.002,37,3,0.19654424581676722,0.19674755679515132,0.00020331097838410805,0.9900383590348065,0.9911111469302311,0.0010727878954245318,0.23231939452700318,0.2326468494169985,1.0014095030277692,1,1,1,1
0.002,37,4,0.19654424581676722,0.19779153718586556,0.0012472913690983467,0.9900383590348065,0.9914868312479802,0.0014484722131736794,0.23231939452700318,0.24228495106312456,1.042895930218874,1,1,1,1
0.002,37,5,0.19654424581676722,0.19754348977338967,0.0009992439566224587,0.9900383590348065,0.9922467625440025,0.002208403509195933,0.23231939452700318,0.23730247273373842,1.0214492561711461,1,1,1,1
0.002,37,6,0.19654424581676722,0.19579597682199484,0.000748268994772372,0.9900383590348065,0.9890815868528732,0.0009567721819333519,0.23231939452700318,0.2269639241491301,1.0235961305214047,1,1,1,1
0.002,37,7,0.19654424581676722,0.19607694035938925,0.00046730545737797,0.9900383590348065,0.988847589568264,0.0011907694665425073,0.23231939452700318,0.23022197568557035,1.0091104197815477,1,1,1,1
0.002,37,8,0.19654424581676722,0.19797043602930509,0.00142619021253787,0.9900383590348065,0.9920529275757325,0.002014568540925965,0.23231939452700318,0.2431474752151259,1.0466085955077855,1,1,1,1
0.002,37,9,0.19654424581676722,0.19599723597686985,0.0005470098398973611,0.9900383590348065,0.9899662507963302,7.210823847636494e-05,0.23231939452700318,0.22678257078505765,1.024414679323806,1,1,1,1
0.002,37,10,0.19654424581676722,0.19525700414325575,0.0012872416735114633,0.9900383590348065,0.987834168432969,0.002204190601837519,0.23231939452700318,0.22476437906073127,1.0336130462391042,1,1,1,1
0.002,37,11,0.19654424581676722,0.19757813663814283,0.001033890821375616,0.9900383590348065,0.9922298959797919,0.002191536944985417,0.23231939452700318,0.2373464072572556,1.021638368765928,1,1,1,1
0.002,41,0,0.1610231997445226,0.1622031421369224,0.0011799423923998242,1.486010974450037,1.4906588004240244,0.004647825973987496,0.2522468554228544,0.26435781464629743,1.0480123298391204,1,1,1,1
0.002,41,1,0.1610231997445226,0.1645423534000252,0.0035191536555026215,1.486010974450037,1.5029701366969086,0.016959162246871662,0.2522468554228544,0.27824401026783624,1.1030623545391733,1,1,1,1
0.002,41,2,0.1610231997445226,0.160904003730468,0.00011919601405457891,1.486010974450037,1.4849118956568235,0.0010990787932134705,0.2522468554228544,0.2513409224766897,1.0036043989066235,1,1,1,1
0.002,41,3,0.1610231997445226,0.15972734782807552,0.0012958519164470717,1.486010974450037,1.4802721510728998,0.005738823377137159,0.2522468554228544,0.23859035104298718,1.0572382928319122,1,1,1,1
0.002,41,4,0.1610231997445226,0.15979087513659826,0.0012323246079243289,1.486010974450037,1.4808178574725452,0.005193116977491696,0.2522468554228544,0.23857740132362767,1.0572956785654828,1,1,1,1
0.002,41,5,0.1610231997445226,0.16263268888519103,0.0016094891406684408,1.486010974450037,1.493632177559279,0.00762120310924197,0.2522468554228544,0.26425458312634786,1.047603081843634,1,1,1,1
0.002,41,6,0.1610231997445226,0.1603159748242179,0.0007072249203046999,1.486010974450037,1.4814328431194226,0.0045781313306143545,0.2522468554228544,0.25107300335117716,1.0046753416576428,1,1,1,1
0.002,41,7,0.1610231997445226,0.16174400504292377,0.0007208052984011837,1.486010974450037,1.489014320777919,0.003003346327882017,0.2522468554228544,0.2577421465226236,1.0217853700913622,1,1,1,1
0.002,41,8,0.1610231997445226,0.1613595769309867,0.00033637718646412074,1.486010974450037,1.4874532343560392,0.001442259906002219,0.2522468554228544,0.2577881405205961,1.0219677073414952,1,1,1,1
0.002,41,9,0.1610231997445226,0.16012004352413925,0.0009031562203833388,1.486010974450037,1.481294697978044,0.0047162764719930195,0.2522468554228544,0.24475120639299547,1.0306255856317343,1,1,1,1
0.002,41,10,0.1610231997445226,0.16155009610122062,0.0005268963566980311,1.486010974450037,1.4880756989347168,0.0020647244846798696,0.2522468554228544,0.25774430704443335,1.0217939352003547,1,1,1,1
0.002,41,11,0.1610231997445226,0.1613936956402938,0.0003704958957712057,1.486010974450037,1.4871228042368776,0.0011118297868406568,0.2522468554228544,0.25777533408082104,1.0219169378690527,1,1,1,1
0.002,45,0,0.1436112094670534,0.14326002805064894,0.0003511814164044724,0.9376953115593643,0.9363321123530515,0.0013631992063127818,0.23160094732418657,0.2296486631335635,1.0085011781213271,1,1,1,1
0.002,45,1,0.1436112094670534,0.1435644251551454,4.678431190802135e-05,0.9376953115593643,0.9384430670409685,0.0007477554816042176,0.23160094732418657,0.22921347299522263,1.0104159423866577,1,1,1,1
0.002,45,2,0.1436112094670534,0.14322820015755397,0.00038300930949944356,0.9376953115593643,0.9370909559436156,0.0006043556157486751,0.23160094732418657,0.22820042996855874,1.0149014502562346,1,1,1,1
0.002,45,3,0.1436112094670534,0.1443956386810304,0.0007844292139769782,0.9376953115593643,0.9392709542899176,0.0015756427305533283,0.23160094732418657,0.2368621750936988,1.0227167800058596,1,1,1,1
0.002,45,4,0.1436112094670534,0.14304234835245083,0.0005688611146025813,0.9376953115593643,0.9363262223792886,0.001369089180075611,0.23160094732418657,0.22811347438573598,1.0152883250226303,1,1,1,1
0.002,45,5,0.1436112094670534,0.14324995836445842,0.00036125110259499493,0.9376953115593643,0.9370030161871628,0.0006922953722015013,0.23160094732418657,0.22843160019997136,1.013874381309069,1,1,1,1
0.002,45,6,0.1436112094670534,0.1445620801593441,0.0009508706922906895,0.9376953115593643,0.9387259686453675,0.0010306570860032505,0.23160094732418657,0.24252908442982493,1.0471852003711433,1,1,1,1
0.002,45,7,0.1436112094670534,0.14518708342483683,0.0015758739577834135,0.9376953115593643,0.9401287449849843,0.0024334334256200796,0.23160094732418657,0.24724530916147447,1.0675487817214733,1,1,1,1
0.002,45,8,0.1436112094670534,0.14280300511564,0.0008082043514134052,0.9376953115593643,0.9363835948207226,0.0013117167386416106,0.23160094732418657,0.2247225899270283,1.0306082152194482,1,1,1,1
0.002,45,9,0.1436112094670534,0.1430014033123015,0.000609806154751924,0.9376953115593643,0.9355009485801706,0.0021943629791936203,0.23160094732418657,0.22926514974494225,1.010188192936619,1,1,1,1
0.002,45,10,0.1436112094670534,0.14383150813166573,0.00022029866461231729,0.9376953115593643,0.937618403833049,7.690772631530063e-05,0.23160094732418657,0.23470515953445067,1.0134032794171561,1,1,1,1
0.002,45,11,0.1436112094670534,0.1443713026997145,0.0007600932326610743,0.9376953115593643,0.9385791733645221,0.0008838618051578706,0.23160094732418657,0.23984630173177263,1.0356015573461559,1,1,1,1
0.002,49,0,0.16544179730117323,0.16529445999199918,0.00014733730917404486,1.1795602520368993,1.1795023033156382,5.794872126108075e-05,0.22116195378825068,0.21741578982734072,1.0172304135034762,1,1,1,1
0.002,49,1,0.16544179730117323,0.16553875092733028,9.695362615705361e-05,1.1795602520368993,1.1801817511993844,0.0006214991624851063,0.22116195378825068,0.22027670796419851,1.0040187899675532,1,1,1,1
0.002,49,2,0.16544179730117323,0.16617418227528197,0.0007323849741087407,1.1795602520368993,1.1813481485862372,0.001787896549337864,0.22116195378825068,0.2286747767986202,1.033969780433223,1,1,1,1
0.002,49,3,0.16544179730117323,0.16646466839447416,0.001022871093300931,1.1795602520368993,1.1827231978155857,0.0031629457786863657,0.22116195378825068,0.2289840726808755,1.0353682844568919,1,1,1,1
0.002,49,4,0.16544179730117323,0.1671323827204809,0.0016905854193076664,1.1795602520368993,1.1846785244462565,0.00511827240935725,0.22116195378825068,0.23457379910757392,1.06064264259559,1,1,1,1
0.002,49,5,0.16544179730117323,0.16669215910023644,0.0012503617990632099,1.1795602520368993,1.1830241483419333,0.0034638963050339644,0.22116195378825068,0.23310439834322547,1.0539986392343457,1,1,1,1
0.002,49,6,0.16544179730117323,0.16531320819334477,0.0001285891078284529,1.1795602520368993,1.1798494815133846,0.00028922947648535313,0.22116195378825068,0.21726986786251049,1.0179136019367543,1,1,1,1
0.002,49,7,0.16544179730117323,0.1650448626440626,0.00039693465711063136,1.1795602520368993,1.1779405900420703,0.0016196619948289914,0.22116195378825068,0.21866420211651524,1.0114227735841486,1,1,1,1
0.002,49,8,0.16544179730117323,0.1661460050549527,0.0007042077537794678,1.1795602520368993,1.180948231938895,0.001387979901995795,0.22116195378825068,0.2299534559720168,1.0397514221283444,1,1,1,1
0.002,49,9,0.16544179730117323,0.16442466548286727,0.0010171318183059552,1.1795602520368993,1.1765205943347508,0.003039657702148535,0.22116195378825068,0.21087005682665874,1.048806820259228,1,1,1,1
0.002,49,10,0.16544179730117323,0.1655045680844858,6.277078331257124e-05,1.1795602520368993,1.1794484480491652,0.00011180398773413813,0.22116195378825068,0.22291389323654498,1.0079215227496665,1,1,1,1
0.002,49,11,0.16544179730117323,0.16588138273738862,0.0004395854362153895,1.1795602520368993,1.180246054933741,0.0006858028968417251,0.22116195378825068,0.22749851364739979,1.0286512202963083,1,1,1,1
0.002,53,0,0.18715775683522226,0.18540170083144594,0.0017560560037763184,0.6819503198005259,0.6819637946488771,1.3474848351235913e-05,0.15320938994176686,0.14479224888394387,1.0581325390185052,1,1,1,1
0.002,53,1,0.18715775683522226,0.18808513255500034,0.0009273757197780785,0.6819503198005259,0.6821247112594376,0.0001743914589117379,0.15320938994176686,0.15757983754947058,1.0285259774832658,1,1,1,1
0.002,53,2,0.18715775683522226,0.18996688579977858,0.0028091289645563178,0.6819503198005259,0.6824895986061819,0.0005392788056559628,0.15320938994176686,0.16629664786492396,1.0854207299443683,1,1,1,1
0.002,53,3,0.18715775683522226,0.18911137310123977,0.001953616266017505,0.6819503198005259,0.6819094304728635,4.088932766244113e-05,0.15320938994176686,0.16272279249907703,1.062094122043865,1,1,1,1
0.002,53,4,0.18715775683522226,0.18678254001182648,0.0003752168233957798,0.6819503198005259,0.6817601799612713,0.00019013983925464384,0.15320938994176686,0.1517433350913112,1.0096614118147165,1,1,1,1
0.002,53,5,0.18715775683522226,0.18798557266370583,0.000827815828483569,0.6819503198005259,0.6827371358531902,0.0007868160526642853,0.15320938994176686,0.15639868608727936,1.0208165840665817,1,1,1,1
0.002,53,6,0.18715775683522226,0.18557271621449964,0.001585040620722622,0.6819503198005259,0.6817689083255711,0.0001814114749547624,0.15320938994176686,0.14525984046268178,1.0547264092660722,1,1,1,1
0.002,53,7,0.18715775683522226,0.18468804663057883,0.002469710204643427,0.6819503198005259,0.6815449762554553,0.0004053435450706022,0.15320938994176686,0.14172983040713447,1.0809960719042429,1,1,1,1
0.002,53,8,0.18715775683522226,0.18631297118171047,0.000844785653511787,0.6819503198005259,0.6813747504616151,0.0005755693389107863,0.15320938994176686,0.14952975837042531,1.0246080219177918,1,1,1,1
0.002,53,9,0.18715775683522226,0.1877077375212263,0.0005499806860040368,0.6819503198005259,0.6815958050319981,0.0003545147685277694,0.15320938994176686,0.15671636617458418,1.0228900867900477,1,1,1,1
0.002,53,10,0.18715775683522226,0.18756623399903066,0.0004084771638084017,0.6819503198005259,0.6823826069730581,0.0004322871725321864,0.15320938994176686,0.15462285658127184,1.009225718084526,1,1,1,1
0.002,53,11,0.18715775683522226,0.18899828928903528,0.0018405324538130208,0.6819503198005259,0.6822344853499835,0.00028416554945764894,0.15320938994176686,0.16179901099236524,1.056064586210174,1,1,1,1
0.002,57,0,0.19293610490858557,0.19492228044536522,0.001986175536779655,1.0909329909365624,1.094299435544492,0.003366444607929564,0.4446702683065087,0.45891902769782095,1.0320434272468395,1,1,1,1
0.002,57,1,0.19293610490858557,0.1910215826478537,0.0019145222607318546,1.0909329909365624,1.0884684901359858,0.0024645008005765856,0.4446702683065087,0.4287357999668487,1.0371661716630431,1,1,1,1
0.002,57,2,0.19293610490858557,0.19074856323146006,0.0021875416771255096,1.0909329909365624,1.0883171933626434,0.002615797573918943,0.4446702683065087,0.42657254297515684,1.042425903001464,1,1,1,1
0.002,57,3,0.19293610490858557,0.19082643709571495,0.0021096678128706137,1.0909329909365624,1.0878392608844054,0.003093730052156962,0.4446702683065087,0.4275328051185892,1.0400845572146584,1,1,1,1
0.002,57,4,0.19293610490858557,0.1947492863637877,0.001813181455202123,1.0909329909365624,1.0920791404578842,0.0011461495213218598,0.4446702683065087,0.462939878551338,1.0410857472311061,1,1,1,1
0.002,57,5,0.19293610490858557,0.19105837859801664,0.001877726310568928,1.0909329909365624,1.0883552273067854,0.002577763629777019,0.4446702683065087,0.42947003776474346,1.035392994167597,1,1,1,1
0.002,57,6,0.19293610490858557,0.19259154602750647,0.0003445588810790934,1.0909329909365624,1.0915470453492004,0.0006140544126380654,0.4446702683065087,0.4388774472348836,1.0131991769185733,1,1,1,1
0.002,57,7,0.19293610490858557,0.19174339226648568,0.0011927126420998857,1.0909329909365624,1.0899837147573903,0.000949276179172065,0.4446702683065087,0.4347515086374455,1.0228147791830546,1,1,1,1
0.002,57,8,0.19293610490858557,0.19407600409123535,0.001139899182649784,1.0909329909365624,1.092524995830926,0.001592004894363619,0.4446702683065087,0.4539109169597424,1.020780900617498,1,1,1,1
0.002,57,9,0.19293610490858557,0.19142540169889305,0.0015107032096925155,1.0909329909365624,1.0878390194114052,0.003093971525157224,0.4446702683065087,0.4340586134078104,1.0244475160056976,1,1,1,1
0.002,57,10,0.19293610490858557,0.19412055194316424,0.0011844470345786784,1.0909329909365624,1.0931483958624808,0.0022154049259184294,0.4446702683065087,0.4534115951863358,1.0196579971787134,1,1,1,1
0.002,57,11,0.19293610490858557,0.19345844896231365,0.0005223440537280855,1.0909329909365624,1.0915943479629346,0.0006613570263722668,0.4446702683065087,0.44920509296429695,1.0101981737503134,1,1,1,1
0.002,61,0,0.13256705384701492,0.13139328931465338,0.0011737645323615375,0.7852806524094195,0.7867812794627035,0.0015006270532840205,0.31636271155439316,0.3029935204994565,1.044123686318106,1,1,1,1
0.002,61,1,0.13256705384701492,0.13194413270497724,0.0006229211420376857,0.7852806524094195,0.7849477710504624,0.00033288135895703785,0.31636271155439316,0.3111151516519383,1.0168669377707633,1,1,1,1
0.002,61,2,0.13256705384701492,0.13325175280226986,0.0006846989552549421,0.7852806524094195,0.7854905523582595,0.00020989994884001995,0.31636271155439316,0.32174377581375346,1.0170091608866334,1,1,1,1
0.002,61,3,0.13256705384701492,0.1319693155181905,0.0005977383288244265,0.7852806524094195,0.7857214794148855,0.0004408270054659935,0.31636271155439316,0.3099605590691818,1.020654732668044,1,1,1,1
0.002,61,4,0.13256705384701492,0.12991028457965226,0.002656769267362663,0.7852806524094195,0.7858126296886279,0.0005319772792083954,0.31636271155439316,0.2905443113843179,1.0888621775007803,1,1,1,1
0.002,61,5,0.13256705384701492,0.12948624631682573,0.003080807530189189,0.7852806524094195,0.7856786326520316,0.0003979802426121726,0.31636271155439316,0.2877659302543448,1.0993751458860082,1,1,1,1
0.002,61,6,0.13256705384701492,0.1341734568451163,0.001606402998101386,0.7852806524094195,0.7851893864536414,9.126595577801933e-05,0.31636271155439316,0.3310064155438063,1.0462877053919022,1,1,1,1
0.002,61,7,0.13256705384701492,0.13386726022546389,0.0013002063784489648,0.7852806524094195,0.7847398512420861,0.000540801167333349,0.31636271155439316,0.32924793607756636,1.040729277037309,1,1,1,1
0.002,61,8,0.13256705384701492,0.13347503446994738,0.0009079806229324583,0.7852806524094195,0.7849241974521349,0.00035645495728453547,0.31636271155439316,0.3244620470555927,1.0256014226879169,1,1,1,1
0.002,61,9,0.13256705384701492,0.13134215245626782,0.0012249013907471018,0.7852806524094195,0.7845206781585011,0.0007599742509183383,0.31636271155439316,0.30621225006453723,1.0331484500953723,1,1,1,1
0.002,61,10,0.13256705384701492,0.12954652137227418,0.003020532474740739,0.7852806524094195,0.7853469380390032,6.628562958377326e-05,0.31636271155439316,0.2884545652205588,1.0967505794629917,1,1,1,1
0.002,61,11,0.13256705384701492,0.13193683930415845,0.000630214542856472,0.7852806524094195,0.7850172968229637,0.000263355586455738,0.31636271155439316,0.3112977144054371,1.0162705889396906,1,1,1,1
0.002,65,0,0.1382226338610053,0.1382831695015964,6.053564059108063e-05,1.17963295083493,1.180042322338134,0.0004093715032040812,0.3123058353830129,0.3115683505501942,1.0023670081749843,1,1,1,1
0.002,65,1,0.1382226338610053,0.13749026448654306,0.0007323693744622495,1.17963295083493,1.176383267901112,0.003249682933817999,0.3123058353830129,0.30829806570261925,1.0129996588569565,1,1,1,1
0.002,65,2,0.1382226338610053,0.13846571309004926,0.00024307922904395762,1.17963295083493,1.1804936442834792,0.0008606934485493323,0.3123058353830129,0.31421389963955637,1.0061096016800437,1,1,1,1
0.002,65,3,0.1382226338610053,0.13902354225844044,0.0008009083974351294,1.17963295083493,1.1821114378545687,0.00247848701963882,0.3123058353830129,0.3199835962076159,1.0245841094041261,1,1,1,1
0.002,65,4,0.1382226338610053,0.13946168599492428,0.0012390521339189775,1.17963295083493,1.1843679111982497,0.0047349603633197734,0.3123058353830129,0.32365616295777894,1.036343629509343,1,1,1,1
0.002,65,5,0.1382226338610053,0.13781399605431102,0.0004086378066942842,1.17963295083493,1.1785075428615668,0.001125407973363135,0.3123058353830129,0.30774255260657013,1.0148282476303387,1,1,1,1
0.002,65,6,0.1382226338610053,0.13836087179302214,0.0001382379320168381,1.17963295083493,1.1804016713186465,0.0007687204837165673,0.3123058353830129,0.31155117458801074,1.0024222691376468,1,1,1,1
0.002,65,7,0.1382226338610053,0.13777950955412857,0.00044312430687673543,1.17963295083493,1.1780803345546083,0.0015526162803216614,0.3123058353830129,0.30826558897931267,1.0131063814715022,1,1,1,1
0.002,65,8,0.1382226338610053,0.13891811672623477,0.0006954828652294687,1.17963295083493,1.1824447474033697,0.0028117965684397728,0.3123058353830129,0.31613745803097987,1.0122688154170025,1,1,1,1
0.002,65,9,0.1382226338610053,0.1370965515483017,0.0011260823127036135,1.17963295083493,1.1760363795466982,0.0035965712882317646,0.3123058353830129,0.30053711725057647,1.039158950615155,1,1,1,1
0.002,65,10,0.1382226338610053,0.1389709328673543,0.0007482990063489847,1.17963295083493,1.1825884124636612,0.002955461628731282,0.3123058353830129,0.32006242280149083,1.0248365113285995,1,1,1,1
0.002,65,11,0.1382226338610053,0.13691117455115404,0.0013114593098512706,1.17963295083493,1.1748466902270582,0.004786260607871684,0.3123058353830129,0.30056949922210247,1.0390469964227407,1,1,1,1
0.002,69,0,0.09772115238010884,0.098435409607858,0.0007142572277491627,1.1655377277173102,1.1680866564196917,0.0025489287023814367,0.44020454460754993,0.45239091686263605,1.0276834312693215,1,1,1,1
0.002,69,1,0.09772115238010884,0.09715051248078918,0.0005706398993196582,1.1655377277173102,1.1638420305050772,0.0016956972122330605,0.44020454460754993,0.42997339737568935,1.023794837760442,1,1,1,1
0.002,69,2,0.09772115238010884,0.09714430647502392,0.0005768459050849162,1.1655377277173102,1.1638995834008825,0.0016381443164277254,0.44020454460754993,0.4299821319227998,1.023774040653823,1,1,1,1
0.002,69,3,0.09772115238010884,0.09865041786601297,0.0009292654859041349,1.1655377277173102,1.170073448119644,0.004535720402333743,0.44020454460754993,0.45234042817928016,1.0275687375798213,1,1,1,1
0.002,69,4,0.09772115238010884,0.09707289432088682,0.000648258059222015,1.1655377277173102,1.162849198767687,0.0026885289496232367,0.44020454460754993,0.42998971237951505,1.0237559921410844,1,1,1,1
0.002,69,5,0.09772115238010884,0.09717968215164431,0.0005414702284645273,1.1655377277173102,1.1642802889139672,0.0012574388033430584,0.44020454460754993,0.4299226715136675,1.0239156336130917,1,1,1,1
0.002,69,6,0.09772115238010884,0.0966718608139751,0.0010492915661337449,1.1655377277173102,1.163355698818817,0.0021820288984932823,0.44020454460754993,0.4191026668440404,1.050350139555094,1,1,1,1
0.002,69,7,0.09772115238010884,0.09798052930370876,0.00025937692359992437,1.1655377277173102,1.1670562950478454,0.0015185673305351255,0.44020454460754993,0.4410007356238408,1.001808684226558,1,1,1,1
0.002,69,8,0.09772115238010884,0.0972264924440043,0.0004946599361045356,1.1655377277173102,1.1644108639340007,0.0011268637833095063,0.44020454460754993,0.42995839429856186,1.023830562316858,1,1,1,1
0.002,69,9,0.09772115238010884,0.09570536445713843,0.0020157879229704134,1.1655377277173102,1.1579919126847797,0.00754581503253049,0.44020454460754993,0.4083118321856786,1.0781087147319508,1,1,1,1
0.002,69,10,0.09772115238010884,0.0978030618919808,8.190951187196649e-05,1.1655377277173102,1.166001494655808,0.00046376693849770056,0.44020454460754993,0.4410483495501526,1.0019168474131837,1,1,1,1
0.002,69,11,0.09772115238010884,0.10073827328998376,0.0030171209098749235,1.1655377277173102,1.1750979922749452,0.009560264557634923,0.44020454460754993,0.4886630190473386,1.110081722311591,1,1,1,1
0.002,74,0,0.07260450441390276,0.07118637421652799,0.0014181301973747729,0.9316552768740803,0.9310573155278489,0.0005979613462314681,0.4404013613332063,0.4084185320300098,1.0783089570990536,1,1,1,1
0.002,74,1,0.07260450441390276,0.07333247781652952,0.0007279734026267581,0.9316552768740803,0.9342668362332686,0.0026115593591882202,0.4404013613332063,0.4524113778373015,1.0272706162118523,1,1,1,1
0.002,74,2,0.07260450441390276,0.07436188957069058,0.001757385156787819,0.9316552768740803,0.933453705865413,0.0017984289913326457,0.4404013613332063,0.47616467749553304,1.081206188950148,1,1,1,1
0.002,74,3,0.07260450441390276,0.07163136306541669,0.0009731413484860701,0.9316552768740803,0.9307509559623137,0.0009043209117666207,0.4404013613332063,0.4190098428370329,1.0510525441391438,1,1,1,1
0.002,74,4,0.07260450441390276,0.07203099096749245,0.0005735134464103092,0.9316552768740803,0.9303750000000001,0.0012802768740802772,0.4404013613332063,0.4298662347082277,1.0245079184507928,1,1,1,1
0.002,74,5,0.07260450441390276,0.07251005180649778,9.445260740498229e-05,0.9316552768740803,0.9303750000000001,0.0012802768740802772,0.4404013613332063,0.4410059454176737,1.001372802487797,1,1,1,1
0.002,74,6,0.07260450441390276,0.0726968553638992,9.235094999643367e-05,0.9316552768740803,0.9328038239204485,0.0011485470463681313,0.4404013613332063,0.4409877940312594,1.00133158693306,1,1,1,1
0.002,74,7,0.07260450441390276,0.07225909298793712,0.00034541142596564156,0.9316552768740803,0.9324607654652397,0.0008054885911593646,0.4404013613332063,0.4298576107235896,1.024528472560642,1,1,1,1
0.002,74,8,0.07260450441390276,0.07173584644862095,0.0008686579652818077,0.9316552768740803,0.9334259692286637,0.0017706923545833808,0.4404013613332063,0.4189799133923666,1.051127625110703,1,1,1,1
0.002,74,9,0.07260450441390276,0.07237207458923157,0.00023242982467118478,0.9316552768740803,0.9280802606488996,0.0035750162251807494,0.4404013613332063,0.4410207276296964,1.001406367806437,1,1,1,1
0.002,74,10,0.07260450441390276,0.072940793458542,0.00033628904463924025,0.9316552768740803,0.9288461592564404,0.0028091176176399113,0.4404013613332063,0.45243694988508515,1.027328681535961,1,1,1,1
0.002,74,11,0.07260450441390276,0.07055220013868511,0.002052304275217645,0.9316552768740803,0.9286534350191782,0.003001841854902154,0.4404013613332063,0.39812423203580194,1.10619079647883,1,1,1,1
0.002,78,0,0.10784034468233586,0.11212989124185198,0.004289546559516119,1.2279097676835955,1.2383607661643041,0.010450998480708629,0.5911471727117896,0.6642261909187586,1.123622376254852,1,1,1,1
0.002,78,1,0.10784034468233586,0.10857515165760499,0.0007348069752691339,1.2279097676835955,1.2309157076361625,0.0030059399525670383,0.5911471727117896,0.5993362018441547,1.0138527756037456,1,1,1,1
0.002,78,2,0.10784034468233586,0.1084238379128924,0.0005834932305565366,1.2279097676835955,1.2295883724979484,0.0016786048143528909,0.5911471727117896,0.5994259114171595,1.0140045306609393,1,1,1,1
0.002,78,3,0.10784034468233586,0.10678492731007357,0.0010554173722622934,1.2279097676835955,1.225701344835146,0.002208422848449576,0.5911471727117896,0.5697614092626234,1.0375345944837566,1,1,1,1
0.002,78,4,0.10784034468233586,0.10732213970736679,0.000518204974969072,1.2279097676835955,1.2252431869268319,0.0026665807567636257,0.5911471727117896,0.5845696509535399,1.0112519042812445,1,1,1,1
0.002,78,5,0.10784034468233586,0.10814791382076307,0.0003075691384272078,1.2279097676835955,1.2275080903925337,0.00040167729106177497,0.5911471727117896,0.5995873922301678,1.0142776958226156,1,1,1,1
0.002,78,6,0.10784034468233586,0.1081035282557823,0.0002631835734464433,1.2279097676835955,1.226400430714784,0.0015093369688115033,0.5911471727117896,0.5996219914809515,1.0143362248190837,1,1,1,1
0.002,78,7,0.10784034468233586,0.10669525335973705,0.0011450913225988096,1.2279097676835955,1.2255292462506715,0.0023805214329239988,0.5911471727117896,0.5697056105507031,1.0376362137988426,1,1,1,1
0.002,78,8,0.10784034468233586,0.1116039836460669,0.003763638963731039,1.2279097676835955,1.2386050403016868,0.010695272618091334,0.5911471727117896,0.6474801920255866,1.0952944070685116,1,1,1,1
0.002,78,9,0.10784034468233586,0.10927617239887502,0.001435827716539162,1.2279097676835955,1.232186568016458,0.004276800332862596,0.5911471727117896,0.6147913059339137,1.0399970334183628,1,1,1,1
0.002,78,10,0.10784034468233586,0.10732402907688618,0.0005163156054496798,1.2279097676835955,1.2264059674094956,0.001503800274099909,0.5911471727117896,0.5844516739887374,1.0114560348118384,1,1,1,1
0.002,78,11,0.10784034468233586,0.10832236127650346,0.0004820165941676058,1.2279097676835955,1.2292896981625487,0.0013799304789532396,0.5911471727117896,0.599453021057452,1.014050390036648,1,1,1,1
0.002,82,0,0.1782273542135954,0.17836938627372065,0.00014203206012525227,0.9224195586331189,0.9227523399028331,0.00033278126971425515,0.13302488021552564,0.13410899598936074,1.008149721857134,1,1,1,1
0.002,82,1,0.1782273542135954,0.17762412058768323,0.000603233625912164,0.9224195586331189,0.921907673113607,0.0005118855195118677,0.13302488021552564,0.12802905737570452,1.0390210077479578,1,1,1,1
0.002,82,2,0.1782273542135954,0.17789618651291364,0.00033116770068175594,0.9224195586331189,0.9219558735965184,0.00046368503660043636,0.13302488021552564,0.1305479966225829,1.0189729728300885,1,1,1,1
0.002,82,3,0.1782273542135954,0.1782264368572277,9.173563677022933e-07,0.9224195586331189,0.9228694115245543,0.0004498528914353983,0.13302488021552564,0.13186345121713125,1.0088078158706915,1,1,1,1
0.002,82,4,0.1782273542135954,0.1794043027313946,0.0011769485177992034,0.9224195586331189,0.9242925229831183,0.0018729643499993953,0.13302488021552564,0.14209697422002143,1.0681984752761835,1,1,1,1
0.002,82,5,0.1782273542135954,0.17725836979039863,0.0009689844231967615,0.9224195586331189,0.920291575907469,0.0021279827256498463,0.13302488021552564,0.1275403828520167,1.043002045633441,1,1,1,1
0.002,82,6,0.1782273542135954,0.1784102828982692,0.0001829286846738165,0.9224195586331189,0.9227061556675596,0.0002865970344407831,0.13302488021552564,0.13404888348005473,1.0076978326375488,1,1,1,1
0.002,82,7,0.1782273542135954,0.17774548515332592,0.00048186906026947973,0.9224195586331189,0.9214468863341088,0.0009726722990101022,0.13302488021552564,0.13004382059112266,1.0229235007926742,1,1,1,1
0.002,82,8,0.1782273542135954,0.17727020556441386,0.0009571486491815329,0.9224195586331189,0.9210453529750171,0.001374205658101757,0.13302488021552564,0.1253365410912595,1.0613415613461692,1,1,1,1
0.002,82,9,0.1782273542135954,0.17862212552425366,0.0003947713106582651,0.9224195586331189,0.9229631638549044,0.0005436052217855369,0.13302488021552564,0.13544115478030058,1.0181640799890976,1,1,1,1
0.002,82,10,0.1782273542135954,0.17821853240176863,8.82181182676467e-06,0.9224195586331189,0.9226106094644079,0.00019105083128900802,0.13302488021552564,0.13263956696285167,1.0029049646458954,1,1,1,1
0.002,82,11,0.1782273542135954,0.17884841671469323,0.0006210625010978355,0.9224195586331189,0.9230892850574534,0.0006697264243344936,0.13302488021552564,0.13754610448104762,1.0339878093345902,1,1,1,1
0.002,86,0,0.09365297723561526,0.09480440344845578,0.00115142621284052,0.8177193802129478,0.8182452720683564,0.0005258918554086334,0.30180216473527255,0.31622773478157606,1.0477980999869798,1,1,1,1
0.002,86,1,0.09365297723561526,0.09344207893086291,0.00021089830475234939,0.8177193802129478,0.8165640611820006,0.0011553190309471217,0.30180216473527255,0.30045650130385076,1.0044787296183713,1,1,1,1
0.002,86,2,0.09365297723561526,0.09290385520604932,0.0007491220295659379,0.8177193802129478,0.8167437509786425,0.0009756292343052753,0.30180216473527255,0.29287089213329964,1.030495596666902,1,1,1,1
0.002,86,3,0.09365297723561526,0.0917273265132619,0.0019256507223533587,0.8177193802129478,0.8155719907547572,0.002147389458190596,0.30180216473527255,0.2782615628972996,1.0845988270635183,1,1,1,1
0.002,86,4,0.09365297723561526,0.09401749763469956,0.00036452039908430045,0.8177193802129478,0.8172175674501113,0.000501812762836451,0.30180216473527255,0.30824358400603136,1.021343184454654,1,1,1,1
0.002,86,5,0.09365297723561526,0.09453736269751277,0.0008843854618975078,0.8177193802129478,0.8157929183314254,0.0019264618815223455,0.30180216473527255,0.3162306450638298,1.0478077430001647,1,1,1,1
0.002,86,6,0.09365297723561526,0.09362623081634217,2.674641927309651e-05,0.8177193802129478,0.8186899901181366,0.000970609905188824,0.30180216473527255,0.30045079187188956,1.00449781761254,1,1,1,1
0.002,86,7,0.09365297723561526,0.09424386213285614,0.0005908848972408787,0.8177193802129478,0.8187191061413597,0.0009997259284119098,0.30180216473527255,0.308241695853399,1.0213369281952465,1,1,1,1
0.002,86,8,0.09365297723561526,0.09419030660880215,0.0005373293731868872,0.8177193802129478,0.8182613287864484,0.0005419485735006502,0.30180216473527255,0.3082421960731766,1.0213385856378896,1,1,1,1
0.002,86,9,0.09365297723561526,0.09236745229097024,0.001285524944645025,0.8177193802129478,0.8170087711384424,0.000710609074505375,0.30180216473527255,0.28547281089236276,1.0572010826245262,1,1,1,1
0.002,86,10,0.09365297723561526,0.0917942921078647,0.001858685127750559,0.8177193802129478,0.81611409047317,0.0016052897397778043,0.30180216473527255,0.27826414585894926,1.0845887593734573,1,1,1,1
0.002,86,11,0.09365297723561526,0.0951167732518289,0.0014637960162136449,0.8177193802129478,0.8163001199667226,0.0014192602462251847,0.30180216473527255,0.32442396599199574,1.0749557289510034,1,1,1,1
0.002,90,0,0.0992200244218111,0.09730174003115298,0.0019182843906581232,0.922651332616806,0.916218347148099,0.006432985468706964,0.15961272458545864,0.1394663252133948,1.1444535040357464,1,1,1,1
0.002,90,1,0.0992200244218111,0.09821262103955261,0.0010074033822584927,0.922651332616806,0.9201256487283611,0.002525683888444874,0.15961272458545864,0.14677574485558417,1.087459816623687,1,1,1,1
0.002,90,2,0.0992200244218111,0.09843097472230598,0.0007890496995051205,0.922651332616806,0.9205444351207009,0.0021068974961050424,0.15961272458545864,0.15057307520477828,1.0600349655367436,1,1,1,1
0.002,90,3,0.0992200244218111,0.10124892057798027,0.002028896156169163,0.922651332616806,0.927934292078434,0.005282959461628045,0.15961272458545864,0.18479666574073456,1.157781537911109,1,1,1,1
0.002,90,4,0.0992200244218111,0.10097260416208886,0.0017525797402777599,0.922651332616806,0.9281687728225817,0.005517440205775714,0.15961272458545864,0.1801238018784429,1.1285052764198782,1,1,1,1
0.002,90,5,0.0992200244218111,0.09811394000823807,0.0011060844135730302,0.922651332616806,0.9190174507613939,0.0036338818554121355,0.15961272458545864,0.14677449605985343,1.087469069015709,1,1,1,1
0.002,90,6,0.0992200244218111,0.10134288765274077,0.002122863230929667,0.922651332616806,0.9288052108637305,0.006153878246924482,0.15961272458545864,0.18478432278747509,1.1577042072766528,1,1,1,1
0.002,90,7,0.0992200244218111,0.0982367225244135,0.0009833018973976065,0.922651332616806,0.9202277182352178,0.002423614381588224,0.15961272458545864,0.1467707633705518,1.087496725642046,1,1,1,1
0.002,90,8,0.0992200244218111,0.10130513507673143,0.0020851106549203274,0.922651332616806,0.9282433645104874,0.005592031893681404,0.15961272458545864,0.1847886027028992,1.1577310216514793,1,1,1,1
0.002,90,9,0.0992200244218111,0.10099460036624724,0.0017745759444361409,0.922651332616806,0.9277563596510495,0.005105027034243537,0.15961272458545864,0.18012852347370734,1.1285348579916277,1,1,1,1
0.002,90,10,0.0992200244218111,0.09835204059185992,0.00086798382995118,0.922651332616806,0.9207789472718432,0.0018723853449628125,0.15961272458545864,0.14676762396270832,1.0875199875553896,1,1,1,1
0.002,90,11,0.0992200244218111,0.10071904909905459,0.001499024677243485,0.922651332616806,0.9274501789706197,0.004798846353813668,0.15961272458545864,0.17558598640160314,1.100075115299421,1,1,1,1
0.002,94,0,0.19554376490414144,0.1946477684529558,0.0008959964511856267,1.2438947091903538,1.242977796932657,0.0009169122576968558,0.434350573560223,0.423296863127458,1.0261133766763508,1,1,1,1
0.002,94,1,0.19554376490414144,0.1967264481747159,0.0011826832705744694,1.2438947091903538,1.2470311723784404,0.00313646318808658,0.434350573560223,0.44185489414122137,1.0172771052642755,1,1,1,1
0.002,94,2,0.19554376490414144,0.19495345553635826,0.0005903093677831761,1.2438947091903538,1.2416537002679051,0.0022410089224487173,0.434350573560223,0.4342909864622134,1.0001372054679167,1,1,1,1
0.002,94,3,0.19554376490414144,0.19415234802931955,0.001391416874821888,1.2438947091903538,1.240732802085468,0.0031619071048858416,0.434350573560223,0.4230318311218732,1.0267562429246344,1,1,1,1
0.002,94,4,0.19554376490414144,0.19344123175975986,0.00210253314438158,1.2438947091903538,1.2389023186199752,0.004992390570378591,0.434350573560223,0.41787461999117104,1.039427983373099,1,1,1,1
0.002,94,5,0.19554376490414144,0.195285836104465,0.0002579287996764268,1.2438947091903538,1.243056774753919,0.0008379344364348729,0.434350573560223,0.433519915912859,1.001916077247835,1,1,1,1
0.002,94,6,0.19554376490414144,0.1957057411339485,0.00016197622980707038,1.2438947091903538,1.2435934090842309,0.0003013001061229481,0.434350573560223,0.43731078981549404,1.0068152695897399,1,1,1,1
0.002,94,7,0.19554376490414144,0.19699570517162407,0.001451940267482632,1.2438947091903538,1.2470371793751203,0.0031424701847664327,0.434350573560223,0.44655201758459245,1.0280912349772175,1,1,1,1
0.002,94,8,0.19554376490414144,0.1982409686143451,0.002697203710203655,1.2438947091903538,1.249378610618153,0.005483901427799198,0.434350573560223,0.45804612019263896,1.0545539664842427,1,1,1,1
0.002,94,9,0.19554376490414144,0.19508163059603928,0.00046213430810215783,1.2438947091903538,1.2425626998386863,0.0013320093516675513,0.434350573560223,0.43281752769827375,1.0035420142758589,1,1,1,1
0.002,94,10,0.19554376490414144,0.19578581040974027,0.00024204550559883686,1.2438947091903538,1.2439404601000454,4.5750909691610886e-05,0.434350573560223,0.4368913472729917,1.0058495921668593,1,1,1,1
0.002,94,11,0.19554376490414144,0.1990383488645616,0.0034945839604201556,1.2438947091903538,1.250984591998892,0.007089882808538173,0.434350573560223,0.464298915715036,1.0689497009508626,1,1,1,1
0.002,98,0,0.13617278281599285,0.137455403548925,0.0012826207329321437,0.9305180853791535,0.9328081785989284,0.0022900932197749135,0.490056566670537,0.5011905534368365,1.0227197991487886,1,1,1,1
0.002,98,1,0.13617278281599285,0.137084524647213,0.000911741831220142,0.9305180853791535,0.9303750000000001,0.00014308537915341812,0.490056566670537,0.5011872336272721,1.0227130248092733,1,1,1,1
0.002,98,2,0.13617278281599285,0.13824042762441285,0.002067644808420005,0.9305180853791535,0.9299382352366812,0.0005798501424723046,0.490056566670537,0.5141625053575755,1.0491901146245528,1,1,1,1
0.002,98,3,0.13617278281599285,0.13502370165226432,0.001149081163728527,0.9305180853791535,0.9303750000000001,0.00014308537915341812,0.490056566670537,0.47618726630085356,1.0291257271061105,1,1,1,1
0.002,98,4,0.13617278281599285,0.13728334610633725,0.0011105632903443963,0.9305180853791535,0.9325882852583789,0.0020701998792254095,0.490056566670537,0.5001879167062869,1.0206738379297369,1,1,1,1
0.002,98,5,0.13617278281599285,0.1373540356194845,0.0011812528034916558,0.9305180853791535,0.9316512722903448,0.0011331869111913528,0.490056566670537,0.5011813809851213,1.0227010820203202,1,1,1,1
0.002,98,6,0.13617278281599285,0.1383870162224152,0.00221423340642235,0.9305180853791535,0.9313616488440655,0.0008435634649119894,0.490056566670537,0.5141654029732345,1.049196027443309,1,1,1,1
0.002,98,7,0.13617278281599285,0.1369333546747738,0.0007605718587809507,0.9305180853791535,0.929553971245372,0.0009641141337815018,0.490056566670537,0.5011786125792921,1.0226954328646563,1,1,1,1
0.002,98,8,0.13617278281599285,0.13842738876924826,0.002254605953255412,0.9305180853791535,0.9317257358016189,0.0012076504224654006,0.490056566670537,0.5141864165676366,1.0492389073796904,1,1,1,1
0.002,98,9,0.13617278281599285,0.13819100265031833,0.0020182198343254854,0.9305180853791535,0.92998408986893,0.0005339955102234839,0.490056566670537,0.5141682342988335,1.0492018049918443,1,1,1,1
0.002,98,10,0.13617278281599285,0.1380340176086312,0.001861234792638361,0.9305180853791535,0.9289252317079764,0.001592853671177119,0.490056566670537,0.514187171012712,1.0492404468857939,1,1,1,1
0.002,98,11,0.13617278281599285,0.13488676818975795,0.0012860146262348993,0.9305180853791535,0.9301289835691783,0.00038910180997520083,0.490056566670537,0.4761794699043247,1.0291425767872784,1,1,1,1
0.002,102,0,0.11405475772917271,0.11411598642651509,6.12286973423748e-05,1.0888217808492482,1.0890338577605787,0.00021207691133051654,0.526263671880588,0.52752345894212,1.0023938324624047,1,1,1,1
0.002,102,1,0.11405475772917271,0.11130110274258098,0.002753654986591733,1.0888217808492482,1.0830394340543867,0.005782346794861448,0.526263671880588,0.4884716269864052,1.0773679427960603,1,1,1,1
0.002,102,2,0.11405475772917271,0.11588971259279811,0.0018349548636253932,1.0888217808492482,1.0903669930411597,0.0015452121919115047,0.526263671880588,0.5552454927077296,1.0550709128820843,1,1,1,1
0.002,102,3,0.11405475772917271,0.11602636660062685,0.0019716088714541308,1.0888217808492482,1.0920726533867111,0.0032508725374629233,0.526263671880588,0.5551932480038627,1.0549716381142094,1,1,1,1
0.002,102,4,0.11405475772917271,0.11600726931002069,0.001952511580847971,1.0888217808492482,1.0912524806924224,0.0024306998431742333,0.526263671880588,0.5551952959918902,1.0549755296768175,1,1,1,1
0.002,102,5,0.11405475772917271,0.11327108873031978,0.0007836689988529322,1.0888217808492482,1.0882207693881718,0.0006010114610763839,0.526263671880588,0.5142900933096516,1.0232817600935726,1,1,1,1
0.002,102,6,0.11405475772917271,0.110686287086433,0.003368470642739721,1.0888217808492482,1.0832714727311512,0.0055503081180969804,0.526263671880588,0.476122080838903,1.1053124672423047,1,1,1,1
0.002,102,7,0.11405475772917271,0.11413607496171632,8.131723254360679e-05,1.0888217808492482,1.0892620182632873,0.0004402374140390908,0.526263671880588,0.5275620030733531,1.0024670735643324,1,1,1,1
0.002,102,8,0.11405475772917271,0.1148635872824083,0.0008088295532355794,1.0888217808492482,1.088355612501086,0.0004661683481621548,0.526263671880588,0.5412343266192384,1.0284470609288938,1,1,1,1
0.002,102,9,0.11405475772917271,0.11126936397128342,0.00278539375788929,1.0888217808492482,1.0830887677206786,0.005733013128569553,0.526263671880588,0.4884749158193043,1.0773606890292446,1,1,1,1
0.002,102,10,0.11405475772917271,0.11411251203217035,5.7754302997634066e-05,1.0888217808492482,1.0884087563347051,0.0004130245145430589,0.526263671880588,0.5276107097171631,1.0025596253523665,1,1,1,1
0.002,102,11,0.11405475772917271,0.11138118157343399,0.0026735761557387244,1.0888217808492482,1.0838166778885638,0.005005102960684349,0.526263671880588,0.48843800694332423,1.077442099917611,1,1,1,1
0.002,106,0,0.11423638109117747,0.11280400186319253,0.001432379227984934,1.244839009605348,1.238273838687672,0.006565170917676166,0.2412219645921141,0.22107963238284942,1.091108945641739,1,1,1,1
0.002,106,1,0.11423638109117747,0.11274747624444927,0.0014889048467282007,1.244839009605348,1.2376167015152104,0.007222308090137686,0.2412219645921141,0.22109421521583286,1.0910369787677732,1,1,1,1
0.002,106,2,0.11423638109117747,0.11624111763461469,0.002004736543437219,1.244839009605348,1.2545141522392496,0.009675142633901457,0.2412219645921141,0.2643560115505012,1.0959035674777993,1,1,1,1
0.002,106,3,0.11423638109117747,0.11140675525026227,0.002829625840915201,1.244839009605348,1.231353659364933,0.013485350240415084,0.2412219645921141,0.20465955894857651,1.1786498799830032,1,1,1,1
0.002,106,4,0.11423638109117747,0.11347251106657358,0.0007638700246038882,1.244839009605348,1.2408169992241989,0.004022010381149244,0.2412219645921141,0.2326411036759055,1.0368845435334706,1,1,1,1
0.002,106,5,0.11423638109117747,0.11381196315571913,0.0004244179354583322,1.244839009605348,1.2435810584701594,0.001257951135188673,0.2412219645921141,0.23259838100839508,1.0370749940147166,1,1,1,1
0.002,106,6,0.11423638109117747,0.11278069381519543,0.00145568727598204,1.244839009605348,1.2378354260416136,0.007003583563734539,0.2412219645921141,0.2210906499144374,1.0910545727983865,1,1,1,1
0.002,106,7,0.11423638109117747,0.11320431281441537,0.0010320682767620964,1.244839009605348,1.2394579003642672,0.005381109241080928,0.2412219645921141,0.2326697388226995,1.0367569320045165,1,1,1,1
0.002,106,8,0.11423638109117747,0.11412992920220212,0.00010645188897534519,1.244839009605348,1.2447993532187989,3.965638654923609e-05,0.2412219645921141,0.238586667592318,1.011045449548334,1,1,1,1
0.002,106,9,0.11423638109117747,0.11358259114386644,0.0006537899473110231,1.244839009605348,1.240848320780634,0.003990688824714095,0.2412219645921141,0.2386726892414879,1.010681051773154,1,1,1,1
0.002,106,10,0.11423638109117747,0.11561365809800422,0.0013772770068267576,1.244839009605348,1.2516804389261675,0.0068414293208194366,0.2412219645921141,0.25773597955259836,1.068459831128596,1,1,1,1
0.002,106,11,0.11423638109117747,0.1164273535980213,0.00219097250684383,1.244839009605348,1.2557178704841492,0.010878860878801078,0.2412219645921141,0.26433274042435634,1.0958070956404016,1,1,1,1
0.002,110,0,0.158744696341455,0.1601454526466329,0.0014007563051779137,1.0880855558626354,1.090719249812732,0.002633693950096605,0.47626297673210505,0.4896057461704264,1.0280155504210577,1,1,1,1
0.002,110,1,0.158744696341455,0.15979459265671692,0.0010498963152619223,1.0880855558626354,1.0895353244036006,0.001449768540965124,0.47626297673210505,0.487495380837755,1.02358445786133,1,1,1,1
0.002,110,2,0.158744696341455,0.1583580752625773,0.0003866210788776858,1.0880855558626354,1.0871521623705676,0.000933393492067891,0.47626297673210505,0.47302949341101536,1.0068356907256946,1,1,1,1
0.002,110,3,0.158744696341455,0.16241734925750267,0.0036726529160476806,1.0880855558626354,1.0919590410342894,0.0038734851716539787,0.47626297673210505,0.5164766601165702,1.0844358796486613,1,1,1,1
0.002,110,4,0.158744696341455,0.15919518732715768,0.000450490985702684,1.0880855558626354,1.0877051501745332,0.00038040568810226993,0.47626297673210505,0.48314223331346956,1.0144442396689468,1,1,1,1
0.002,110,5,0.158744696341455,0.15626071038332856,0.0024839859581264334,1.0880855558626354,1.0837162642972376,0.0043692915653978925,0.47626297673210505,0.4525626551668409,1.052369149983281,1,1,1,1
0.002,110,6,0.158744696341455,0.15852568064470238,0.0002190156967526169,1.0880855558626354,1.088460821634821,0.00037526577218560675,0.47626297673210505,0.47314340221305073,1.0065932960376558,1,1,1,1
0.002,110,7,0.158744696341455,0.16075676076961232,0.002012064428157323,1.0880855558626354,1.0913163091936597,0.003230753331024294,0.47626297673210505,0.49627904576896154,1.042027346266127,1,1,1,1
0.002,110,8,0.158744696341455,0.15724993389642464,0.0014947624450303565,1.0880855558626354,1.0855251096611744,0.0025604462014610085,0.47626297673210505,0.4606081660600018,1.0339872625490185,1,1,1,1
0.002,110,9,0.158744696341455,0.15706952241798455,0.001675173923470441,1.0880855558626354,1.0861201417604915,0.001965414102143903,0.47626297673210505,0.45870059898249704,1.0382872352653678,1,1,1,1
0.002,110,10,0.158744696341455,0.15696357678839,0.0017811195530649804,1.0880855558626354,1.0864411458374263,0.0016444100252090976,0.47626297673210505,0.4562284704933376,1.0439133187306424,1,1,1,1
0.002,110,11,0.158744696341455,0.156326805533027,0.002417890808427997,1.0880855558626354,1.0838818388488987,0.004203717013736785,0.47626297673210505,0.4523155223689563,1.0529441356284357,1,1,1,1
0.002,115,0,0.12247643060982227,0.11966183733028551,0.002814593279536759,0.9742944155447185,0.9682406285512302,0.006053786993488353,0.353709918204695,0.32442042151713485,1.0902825307685298,1,1,1,1
0.002,115,1,0.12247643060982227,0.1200153713414767,0.0024610592683455695,0.9742944155447185,0.9708102464876281,0.0034841690570903694,0.353709918204695,0.3239725176311779,1.0917898863488515,1,1,1,1
0.002,115,2,0.12247643060982227,0.12227388334788361,0.00020254726193866257,0.9742944155447185,0.9753654136456303,0.0010709981009118241,0.353709918204695,0.34893329741569123,1.0136892088670841,1,1,1,1
0.002,115,3,0.12247643060982227,0.12248880720728413,1.2376597461852268e-05,0.9742944155447185,0.9752712819058256,0.0009768663611070538,0.353709918204695,0.35246862654684297,1.0035217082156023,1,1,1,1
0.002,115,4,0.12247643060982227,0.12184890673634305,0.0006275238734792243,0.9742944155447185,0.971526405151859,0.0027680103928595656,0.353709918204695,0.350249550986984,1.009879719211516,1,1,1,1
0.002,115,5,0.12247643060982227,0.12284457121360087,0.0003681406037785995,0.9742944155447185,0.9733068002310036,0.0009876153137149402,0.353709918204695,0.3616312043204692,1.022394865702324,1,1,1,1
0.002,115,6,0.12247643060982227,0.12353394175695591,0.0010575111471336357,0.9742944155447185,0.9725594185354565,0.0017349970092620515,0.353709918204695,0.37236293487359057,1.0527353509439927,1,1,1,1
0.002,115,7,0.12247643060982227,0.12348159801862511,0.00100516740880284,0.9742944155447185,0.9762897757380997,0.0019953601933812015,0.353709918204695,0.36456139152163014,1.0306790190447963,1,1,1,1
0.002,115,8,0.12247643060982227,0.12112134146312137,0.0013550891467009052,0.9742944155447185,0.9721165322450233,0.00217788329969526,0.353709918204695,0.33811603339901497,1.0461199211670553,1,1,1,1
0.002,115,9,0.12247643060982227,0.11996449306943176,0.002511937540390516,0.9742944155447185,0.9701631377539828,0.004131277790735743,0.353709918204695,0.32438558178146193,1.090399629546386,1,1,1,1
0.002,115,10,0.12247643060982227,0.1229363472320219,0.0004599166221996298,0.9742944155447185,0.9756242940826351,0.0013298785379165512,0.353709918204695,0.3577744944495964,1.0114912702067609,1,1,1,1
0.002,115,11,0.12247643060982227,0.12230666370978813,0.00016976690003414618,0.9742944155447185,0.9741515477417094,0.00014286780300909463,0.353709918204695,0.35167665015627586,1.0057816407416176,1,1,1,1
0.002,119,0,0.14886762965470554,0.14668743610208534,0.0021801935526201965,0.8323938362766057,0.8328304855298706,0.0004366492532649202,0.35813505966216325,0.3380329993838454,1.059467745205229,1,1,1,1
0.002,119,1,0.14886762965470554,0.147276798895774,0.001590830758931544,0.8323938362766057,0.8333216860275235,0.000927849750917864,0.35813505966216325,0.34282333893805017,1.0446635890413516,1,1,1,1
0.002,119,2,0.14886762965470554,0.1491391319009642,0.00027150224625865915,0.8323938362766057,0.832784904707479,0.00039106843087333143,0.35813505966216325,0.3602770940524029,1.005981079853674,1,1,1,1
0.002,119,3,0.14886762965470554,0.1491319736372879,0.00026434398258234904,0.8323938362766057,0.8312483646373631,0.0011454716392426123,0.35813505966216325,0.3621601904269229,1.0112391419275082,1,1,1,1
0.002,119,4,0.14886762965470554,0.14867141671558246,0.00019621293912308602,0.8323938362766057,0.8328800507237878,0.0004862144471821095,0.35813505966216325,0.35603784216622036,1.005890434239189,1,1,1,1
0.002,119,5,0.14886762965470554,0.14878140632528927,8.622332941626842e-05,0.8323938362766057,0.8326830136577555,0.00028917738114986324,0.35813505966216325,0.35711990550798883,1.0028426143110964,1,1,1,1
0.002,119,6,0.14886762965470554,0.14602097551053775,0.002846654144167793,0.8323938362766057,0.8313165126751999,0.0010773236014057774,0.35813505966216325,0.33422185745694455,1.0715488878769674,1,1,1,1
0.002,119,7,0.14886762965470554,0.14722021633837068,0.0016474133163348614,0.8323938362766057,0.8330211267604877,0.0006272904838819926,0.35813505966216325,0.3422840013015331,1.046309667703885,1,1,1,1
0.002,119,8,0.14886762965470554,0.14893671165514724,6.908200044170032e-05,0.8323938362766057,0.8324882153687957,9.437909219001117e-05,0.35813505966216325,0.35815684437573386,1.0000608282070769,1,1,1,1
0.002,119,9,0.14886762965470554,0.14708846663937925,0.001779163015326296,0.8323938362766057,0.8329156316165548,0.000521795339949116,0.35813505966216325,0.3415998545776545,1.048405187715763,1,1,1,1
0.002,119,10,0.14886762965470554,0.14796264972965995,0.0009049799250455959,0.8323938362766057,0.8334076596237288,0.0010138233471230773,0.35813505966216325,0.34889629869782274,1.0264799626674805,1,1,1,1
0.002,119,11,0.14886762965470554,0.1476205708786885,0.0012470587760170515,0.8323938362766057,0.833342917541323,0.0009490812647172664,0.35813505966216325,0.3458087638553998,1.0356448334892914,1,1,1,1
0.002,123,0,0.1382738383486867,0.13740906970744504,0.0008647686412416589,0.7482713893894106,0.7486155962237115,0.0003442068343009197,0.20709063342772424,0.19935729122303064,1.0387913687894261,1,1,1,1
0.002,123,1,0.1382738383486867,0.13730192337539984,0.0009719149732868582,0.7482713893894106,0.7489217034857785,0.0006503140963678433,0.20709063342772424,0.19836310207838603,1.0439977559228197,1,1,1,1
0.002,123,2,0.1382738383486867,0.14033792221049468,0.0020640838618079804,0.7482713893894106,0.7494710920604202,0.0011997026710095504,0.20709063342772424,0.22188389712662723,1.0714337652748835,1,1,1,1
0.002,123,3,0.1382738383486867,0.1404135150944987,0.0021396767458120025,0.7482713893894106,0.7488703325020636,0.000598943112652961,0.20709063342772424,0.22386341526752726,1.080992469636039,1,1,1,1
0.002,123,4,0.1382738383486867,0.13892814470973577,0.0006543063610490729,0.7482713893894106,0.748233256637602,3.81327518086394e-05,0.20709063342772424,0.21203701273226266,1.0238850942829567,1,1,1,1
0.002,123,5,0.1382738383486867,0.14008610602513263,0.0018122676764459333,0.7482713893894106,0.748732524719395,0.00046113532998437456,0.20709063342772424,0.2211045076647836,1.0676702466215127,1,1,1,1
0.002,123,6,0.1382738383486867,0.13890341571603138,0.0006295773673446747,0.7482713893894106,0.7481008620343266,0.00017052735508404915,0.20709063342772424,0.21254923533328798,1.0263585166321336,1,1,1,1
0.002,123,7,0.1382738383486867,0.13873811075251946,0.0004642724038327606,0.7482713893894106,0.7483175702696206,4.618088021002276e-05,0.20709063342772424,0.2108780622284457,1.018288749896761,1,1,1,1
0.002,123,8,0.1382738383486867,0.13767561703452058,0.0005982213141661197,0.7482713893894106,0.7475343056647,0.0007370837247105966,0.20709063342772424,0.20336558110018127,1.0183170244806958,1,1,1,1
0.002,123,9,0.1382738383486867,0.13983725004746606,0.0015634116987793545,0.7482713893894106,0.7490701697539189,0.0007987803645083114,0.20709063342772424,0.2183866021392323,1.0545460145856882,1,1,1,1
0.002,123,10,0.1382738383486867,0.13952789372302551,0.0012540553743388139,0.7482713893894106,0.7489245438814842,0.0006531544920735932,0.20709063342772424,0.21618006612481433,1.0438910854954835,1,1,1,1
0.002,123,11,0.1382738383486867,0.13562487415119365,0.0026489641974930533,0.7482713893894106,0.7478404352648803,0.0004309541245303139,0.20709063342772424,0.1856409139025168,1.115544138812369,1,1,1,1
0.002,127,0,0.14939931239932777,0.1483559194218245,0.0010433929775032769,1.4362526615150273,1.4319994144768529,0.004253247038174424,0.43442876456305385,0.4235173691297957,1.0257637495616245,1,1,1,1
0.002,127,1,0.14939931239932777,0.14780915564493316,0.0015901567543946116,1.4362526615150273,1.4296746539656358,0.006578007549391529,0.43442876456305385,0.41889000359722595,1.0370950866155517,1,1,1,1
0.002,127,2,0.14939931239932777,0.14613770137147752,0.0032616110278502475,1.4362526615150273,1.4226621569156737,0.013590504599353626,0.43442876456305385,0.39843908892973395,1.090326668826579,1,1,1,1
0.002,127,3,0.14939931239932777,0.14822297538583426,0.0011763370134935114,1.4362526615150273,1.4316641438051003,0.004588517709926965,0.43442876456305385,0.42259399487683263,1.0280050588264287,1,1,1,1
0.002,127,4,0.14939931239932777,0.14785370775366627,0.0015456046456615025,1.4362526615150273,1.4301912151753804,0.006061446339646892,0.43442876456305385,0.41888678734440177,1.037103049530836,1,1,1,1
0.002,127,5,0.14939931239932777,0.15099266956122895,0.0015933571619011766,1.4362526615150273,1.4419628037447818,0.005710142229754522,0.43442876456305385,0.452329779044351,1.0412058683528977,1,1,1,1
0.002,127,6,0.14939931239932777,0.1483162942701855,0.0010830181291422714,1.4362526615150273,1.4328762777544632,0.003376383760564039,0.43442876456305385,0.41868170406283095,1.0376110547640738,1,1,1,1
0.002,127,7,0.14939931239932777,0.15010175928605113,0.0007024468867233569,1.4362526615150273,1.43981863238749,0.003565970872462687,0.43442876456305385,0.4410596422008084,1.015263440588295,1,1,1,1
0.002,127,8,0.14939931239932777,0.14970371711636124,0.0003044047170334685,1.4362526615150273,1.4371258190229383,0.0008731575079110598,0.43442876456305385,0.44122470955192084,1.0156434047264395,1,1,1,1
0.002,127,9,0.14939931239932777,0.15131075458313023,0.0019114421838024587,1.4362526615150273,1.4444018442170483,0.00814918270202103,0.43442876456305385,0.452106948862316,1.0406929414930495,1,1,1,1
0.002,127,10,0.14939931239932777,0.14752048573864987,0.0018788266606779014,1.4362526615150273,1.4302810254218075,0.005971636093219823,0.43442876456305385,0.40828010364082157,1.064045885873577,1,1,1,1
0.002,127,11,0.14939931239932777,0.14831522277191475,0.0010840896274130207,1.4362526615150273,1.4325199473935213,0.003732714121505998,0.43442876456305385,0.4187252480171721,1.0375031518167201,1,1,1,1
0.002,131,0,0.10968182124197484,0.11050077313631768,0.0008189518943428342,1.4453746667224914,1.4493869934140298,0.004012326691538393,0.367108735088259,0.3784553497504094,1.0309080486995836,1,1,1,1
0.002,131,1,0.10968182124197484,0.10991418827834619,0.0002323670363713476,1.4453746667224914,1.4472994908577093,0.001924824135217884,0.367108735088259,0.3689926343498787,1.005131720064266,1,1,1,1
0.002,131,2,0.10968182124197484,0.10946280999931929,0.0002190112426555535,1.4453746667224914,1.4440910807387597,0.0012835859837316832,0.367108735088259,0.3591723255924509,1.0220963836306627,1,1,1,1
0.002,131,3,0.10968182124197484,0.1124880163601785,0.0028061951182036526,1.4453746667224914,1.4609980302626593,0.015623363540167912,0.367108735088259,0.40868631571194286,1.113256854576582,1,1,1,1
0.002,131,4,0.10968182124197484,0.10859092475739211,0.001090896484582729,1.4453746667224914,1.4391125302927656,0.006262136429725729,0.367108735088259,0.3503676874673603,1.0477813686014017,1,1,1,1
0.002,131,5,0.10968182124197484,0.10869386283006492,0.00098795841190992,1.4453746667224914,1.4397533437592032,0.005621322963288211,0.367108735088259,0.35032633224474147,1.0479050567965675,1,1,1,1
0.002,131,6,0.10968182124197484,0.10635973466840454,0.0033220865735703042,1.4453746667224914,1.42700693137648,0.018367735346011438,0.367108735088259,0.31626518578033186,1.1607623968552818,1,1,1,1
0.002,131,7,0.10968182124197484,0.11086440277556182,0.0011825815335869821,1.4453746667224914,1.4510786819517272,0.005704015229235804,0.367108735088259,0.38813359820481586,1.0572714869110977,1,1,1,1
0.002,131,8,0.10968182124197484,0.10923750342139395,0.00044431782058089453,1.4453746667224914,1.441060826640465,0.004313840082026399,0.367108735088259,0.36866680824637477,1.0042441734810292,1,1,1,1
0.002,131,9,0.10968182124197484,0.10936337229789929,0.0003184489440755528,1.4453746667224914,1.4444322909487188,0.0009423757737725413,0.367108735088259,0.3591807420323162,1.022072433536065,1,1,1,1
0.002,131,10,0.10968182124197484,0.1089548655728506,0.0007269556691242435,1.4453746667224914,1.4410632558582712,0.004311410864220155,0.367108735088259,0.35933788002121697,1.021625482586426,1,1,1,1
0.002,131,11,0.10968182124197484,0.10952803781951667,0.00015378342245817023,1.4453746667224914,1.4455339577803217,0.00015929105783030195,0.367108735088259,0.3590944860712035,1.022317939505945,1,1,1,1
0.002,135,0,0.15490414164960387,0.15387192653758927,0.001032215112014595,1.433613346349448,1.4286001436710698,0.005013202678378237,0.30901124795898793,0.30041899485958334,1.0286008982335508,1,1,1,1
0.002,135,1,0.15490414164960387,0.1528663079347636,0.002037833714840259,1.433613346349448,1.424395010331399,0.009218336018049111,0.30901124795898793,0.29299366774921815,1.0546686907359366,1,1,1,1
0.002,135,2,0.15490414164960387,0.1556980476589267,0.0007939060093228312,1.433613346349448,1.4368637455094049,0.0032503991599568405,0.30901124795898793,0.31638316923456317,1.0238564820027316,1,1,1,1
0.002,135,3,0.15490414164960387,0.15593549370867166,0.0010313520590677916,1.433613346349448,1.4379799428845697,0.004366596535121614,0.30901124795898793,0.31632681320977685,1.023674106684168,1,1,1,1
0.002,135,4,0.15490414164960387,0.15455196427631843,0.0003521773732854394,1.433613346349448,1.4312485615413317,0.0023647848081163048,0.30901124795898793,0.3081114015324284,1.0029205229734572,1,1,1,1
0.002,135,5,0.15490414164960387,0.15407463109663305,0.0008295105529708136,1.433613346349448,1.4305443714756787,0.0030689748737693368,0.30901124795898793,0.30035892063749053,1.0288066267621865,1,1,1,1
0.002,135,6,0.15490414164960387,0.1578988482796097,0.002994706630005839,1.433613346349448,1.44732093549344,0.01370758914399195,0.30901124795898793,0.3330752975682906,1.0778743484848694,1,1,1,1
0.002,135,7,0.15490414164960387,0.1565848850208801,0.0016807433712762443,1.433613346349448,1.440766824037121,0.007153477687672938,0.30901124795898793,0.3243940856600907,1.049780834201687,1,1,1,1
0.002,135,8,0.15490414164960387,0.15417698069664285,0.0007271609529610201,1.433613346349448,1.4298590294170381,0.003754316932409907,0.30901124795898793,0.30815646934245466,1.0027738460865585,1,1,1,1
0.002,135,9,0.15490414164960387,0.15521055718670457,0.0003064155371007016,1.433613346349448,1.4352361680897487,0.0016228217403007061,0.30901124795898793,0.3100635241237297,1.0034053005244696,1,1,1,1
0.002,135,10,0.15490414164960387,0.1570762277783282,0.0021720861287243265,1.433613346349448,1.441915199156651,0.00830185280720297,0.30901124795898793,0.33275753258055796,1.076846020261119,1,1,1,1
0.002,135,11,0.15490414164960387,0.1544832038583683,0.0004209377912355594,1.433613346349448,1.4322164601643648,0.0013968861850832681,0.30901124795898793,0.3002849315769364,1.0290601207866994,1,1,1,1
0.002,139,0,0.08235302101820707,0.08158607512250358,0.0007669458957034886,0.8169278981350362,0.8158025490710307,0.0011253490640055208,0.3265585407987237,0.31622860885049925,1.0326660259670182,1,1,1,1
0.002,139,1,0.08235302101820707,0.08327900847902683,0.0009259874608197605,0.8169278981350362,0.8166127718448443,0.00031512629019192495,0.3265585407987237,0.34145154294812086,1.0456059183537831,1,1,1,1
0.002,139,2,0.08235302101820707,0.08214454560453358,0.00020847541367349787,0.8169278981350362,0.8166007832333447,0.00032711490169146096,0.3265585407987237,0.32442458025532805,1.0065776783673919,1,1,1,1
0.002,139,3,0.08235302101820707,0.08163468690496409,0.0007183341132429855,0.8169278981350362,0.8161240254594644,0.000803872675571804,0.3265585407987237,0.31622764969848455,1.0326691581526455,1,1,1,1
0.002,139,4,0.08235302101820707,0.0844284205545892,0.002075399536382125,0.8169278981350362,0.8164741328455586,0.0004537652894776034,0.3265585407987237,0.3593789174214459,1.1005038071962454,1,1,1,1
0.002,139,5,0.08235302101820707,0.08336954759351962,0.0010165265753125513,0.8169278981350362,0.8174888217593762,0.0005609236243400151,0.3265585407987237,0.3414580824901184,1.0456259439883342,1,1,1,1
0.002,139,6,0.08235302101820707,0.08168675640393921,0.0006662646142678585,0.8169278981350362,0.8166430023741673,0.00028489576086887514,0.3265585407987237,0.31623114171998123,1.032657754775737,1,1,1,1
0.002,139,7,0.08235302101820707,0.08225752198380548,9.549903440159158e-05,0.8169278981350362,0.8168228389212034,0.00010505921383274774,0.3265585407987237,0.32442042925586323,1.0065905576531193,1,1,1,1
0.002,139,8,0.08235302101820707,0.08278852127895575,0.000435500260748678,0.8169278981350362,0.8172798419649323,0.0003519438298961175,0.3265585407987237,0.3328277242031075,1.0191977321709307,1,1,1,1
0.002,139,9,0.08235302101820707,0.08323984960642221,0.0008868285882151355,0.8169278981350362,0.8161974204663849,0.0007304776686513081,0.3265585407987237,0.3414561855894586,1.045620135226894,1,1,1,1
0.002,139,10,0.08235302101820707,0.0845005103875474,0.0021474893693403246,0.8169278981350362,0.8169068229863408,2.107514869542637e-05,0.3265585407987237,0.35937790163764,1.1005006966243909,1,1,1,1
0.002,139,11,0.08235302101820707,0.08429630986306812,0.0019432888448610436,0.8169278981350362,0.8153276391493647,0.00160025898567151,0.3265585407987237,0.3593763920131843,1.1004960737948912,1,1,1,1
0.002,143,0,0.1338675046339631,0.1344108701067337,0.0005433654727705906,0.8305812554154545,0.8310666503387842,0.00048539492332977385,0.43704980295151474,0.4410041447112772,1.009047805840565,1,1,1,1
0.002,143,1,0.1338675046339631,0.1343730454733356,0.000505540839372487,0.8305812554154545,0.8287599989926787,0.0018212564227757522,0.43704980295151474,0.44368530987857524,1.0151824960959808,1,1,1,1
0.002,143,2,0.1338675046339631,0.13326327367093604,0.0006042309630270581,0.8305812554154545,0.8316133221981836,0.0010320667827291574,0.43704980295151474,0.4298782802475488,1.0166826821300117,1,1,1,1
0.002,143,3,0.1338675046339631,0.13429589888613222,0.00042839425216911753,0.8305812554154545,0.8277400721357959,0.0028411832796585434,0.43704980295151474,0.4452477327384189,1.0187574270290052,1,1,1,1
0.002,143,4,0.1338675046339631,0.13328018287825452,0.0005873217557085808,0.8305812554154545,0.8310339354739034,0.00045268005844889547,0.43704980295151474,0.42987223578794287,1.0166969777669301,1,1,1,1
0.002,143,5,0.1338675046339631,0.13206828881107588,0.0017992158228872235,0.8305812554154545,0.8307834420868939,0.00020218667143945268,0.43704980295151474,0.41900368816943545,1.0430691072456189,1,1,1,1
0.002,143,6,0.1338675046339631,0.1361488005443864,0.002281295910423309,0.8305812554154545,0.8300263267018997,0.0005549287135547809,0.43704980295151474,0.4600094347658777,1.0525332162589032,1,1,1,1
0.002,143,7,0.1338675046339631,0.13468405984801807,0.0008165552140549648,0.8305812554154545,0.8283074232586649,0.002273832156789557,0.43704980295151474,0.4484597749002673,1.0261068003502072,1,1,1,1
0.002,143,8,0.1338675046339631,0.13422763222393502,0.0003601275899719203,0.8305812554154545,0.8303217274057936,0.00025952800966089207,0.43704980295151474,0.4409959606278926,1.0090290800950563,1,1,1,1
0.002,143,9,0.1338675046339631,0.13248147508150254,0.0013860295524605604,0.8305812554154545,0.8303497731621096,0.00023148225334490569,0.43704980295151474,0.42383214189828156,1.0311860752090043,1,1,1,1
0.002,143,10,0.1338675046339631,0.1342271718193555,0.00035966718539240383,0.8305812554154545,0.8293394846163159,0.001241770799138564,0.43704980295151474,0.44224282176174656,1.0118819841014959,1,1,1,1
0.002,143,11,0.1338675046339631,0.13317342997234063,0.000694074661622468,0.8305812554154545,0.8309750758834761,0.00039382046802161064,0.43704980295151474,0.4298647780874712,1.0167146163870664,1,1,1,1
0.002,148,0,0.14153844583779573,0.14176343827520255,0.0002249924374068124,1.195191303519532,1.1960897021816026,0.000898398662070532,0.3562855430226773,0.3578278966061579,1.004328981665648,1,1,1,1
0.002,148,1,0.14153844583779573,0.14282789696609882,0.0012894511283030874,1.195191303519532,1.1997050708266292,0.004513767307097183,0.3562855430226773,0.36745845166677343,1.0313594218539062,1,1,1,1
0.002,148,2,0.14153844583779573,0.1422039724119717,0.0006655265741759564,1.195191303519532,1.1975002098816871,0.002308906362155083,0.3562855430226773,0.3621265746323736,1.0163942425509096,1,1,1,1
0.002,148,3,0.14153844583779573,0.1400175117883338,0.0015209340494619361,1.195191303519532,1.1901761861166624,0.00501511740286964,0.3562855430226773,0.3407288407036735,1.04565713394521,1,1,1,1
0.002,148,4,0.14153844583779573,0.141125212424384,0.00041323341341173436,1.195191303519532,1.1935696801911226,0.0016216233284094272,0.3562855430226773,0.3546318446281877,1.0046631412816958,1,1,1,1
0.002,148,5,0.14153844583779573,0.14093024410055038,0.0006082017372453508,1.195191303519532,1.1933916087130279,0.001799694806504215,0.3562855430226773,0.35247546536332736,1.0108094833080723,1,1,1,1
0.002,148,6,0.14153844583779573,0.14082540687508197,0.000713038962713769,1.195191303519532,1.1931150671346764,0.0020762363848556564,0.3562855430226773,0.34943632535985525,1.019600760326702,1,1,1,1
0.002,148,7,0.14153844583779573,0.14121780830910421,0.00032063752869151974,1.195191303519532,1.1938628974081338,0.0013284061113982837,0.3562855430226773,0.3542971979731862,1.0056120823446126,1,1,1,1
0.002,148,8,0.14153844583779573,0.14142170761382603,0.00011673822396970901,1.195191303519532,1.1951046606179165,8.664290161553012e-05,0.3562855430226773,0.3540906667835153,1.006198627767006,1,1,1,1
0.002,148,9,0.14153844583779573,0.1410829911696375,0.000455454668158245,1.195191303519532,1.1946620398223378,0.0005292636971943043,0.3562855430226773,0.35021206565406315,1.0173422847590108,1,1,1,1
0.002,148,10,0.14153844583779573,0.13938677634885785,0.002151669488937885,1.195191303519532,1.1885155385005646,0.006675765018967494,0.3562855430226773,0.3328985160596137,1.0702527221805807,1,1,1,1
0.002,148,11,0.14153844583779573,0.14367773414726515,0.0021392883094694115,1.195191303519532,1.2017760354544473,0.006584731934915267,0.3562855430226773,0.3783307302016492,1.0618750539018327,1,1,1,1
0.002,152,0,0.13684679213911297,0.1381200732775908,0.0012732811384778275,1.4499873874802143,1.4556508989787031,0.005663511498488871,0.31187088023871185,0.3242995487612406,1.0398519685871783,1,1,1,1
0.002,152,1,0.13684679213911297,0.13727971566742242,0.00043292352830945346,1.4499873874802143,1.452325638386116,0.002338250905901784,0.31187088023871185,0.3162342375307127,1.0139909095990658,1,1,1,1
0.002,152,2,0.13684679213911297,0.13585509293934447,0.000991699199768492,1.4499873874802143,1.4444098023173366,0.005577585162877652,0.31187088023871185,0.3080651834286196,1.0123535440381046,1,1,1,1
0.002,152,3,0.13684679213911297,0.13543038264941049,0.0014164094897024804,1.4499873874802143,1.4426275023743695,0.007359885105844732,0.31187088023871185,0.30037201431950017,1.0382820814557663,1,1,1,1
0.002,152,4,0.13684679213911297,0.1368014281754838,4.536396362916917e-05,1.4499873874802143,1.4487812790628531,0.0012061084173611292,0.31187088023871185,0.31641064372282135,1.0145565481478576,1,1,1,1
0.002,152,5,0.13684679213911297,0.1369005538229193,5.3761683806330396e-05,1.4499873874802143,1.4488486918744525,0.0011386956057617414,0.31187088023871185,0.3164122207915439,1.014561604948035,1,1,1,1
0.002,152,6,0.13684679213911297,0.1377531291995684,0.0009063370604554255,1.4499873874802143,1.4542995347614505,0.004312147281236189,0.31187088023871185,0.31616727674847733,1.0137762028518884,1,1,1,1
0.002,152,7,0.13684679213911297,0.1373113963334177,0.0004646041943047463,1.4499873874802143,1.451884313228917,0.0018969257487027047,0.31187088023871185,0.31626986452870365,1.0141051459713863,1,1,1,1
0.002,152,8,0.13684679213911297,0.1347987233107877,0.0020480688283252557,1.4499873874802143,1.439519594471916,0.010467793008298365,0.31187088023871185,0.2928886915032418,1.0648102480093873,1,1,1,1
0.002,152,9,0.13684679213911297,0.1357483341562579,0.0010984579828550722,1.4499873874802143,1.4447153890293551,0.005271998450859128,0.31187088023871185,0.3002700748135202,1.0386345706690758,1,1,1,1
0.002,152,10,0.13684679213911297,0.13545563363107438,0.0013911585080385869,1.4499873874802143,1.4427987936839022,0.007188593796312093,0.31187088023871185,0.3003451059185699,1.0383751028167805,1,1,1,1
0.002,152,11,0.13684679213911297,0.13797114713948824,0.0011243550003752767,1.4499873874802143,1.4557187274208505,0.0057313399406362375,0.31187088023871185,0.32428373472532995,1.039801261589787,1,1,1,1
0.002,156,0,0.1089262992143631,0.10949928699708397,0.0005729877827208713,1.161494150366634,1.163213061448467,0.0017189110818329745,0.2531374712754041,0.26443662918236077,1.0446364493175473,1,1,1,1
0.002,156,1,0.1089262992143631,0.10797909023352148,0.0009472089808416212,1.161494150366634,1.15661168652878,0.0048824638378539564,0.2531374712754041,0.24480594275360232,1.034033195551088,1,1,1,1
0.002,156,2,0.1089262992143631,0.10939414968479666,0.000467850470433559,1.161494150366634,1.1635508982534815,0.0020567478868473987,0.2531374712754041,0.257762432963333,1.0182705534057308,1,1,1,1
0.002,156,3,0.1089262992143631,0.10788856514602213,0.0010377340683409703,1.161494150366634,1.1571622539127162,0.0043318964539178495,0.2531374712754041,0.2386106673749561,1.0608807814850136,1,1,1,1
0.002,156,4,0.1089262992143631,0.10768925936662811,0.0012370398477349887,1.161494150366634,1.1574454688322218,0.004048681534412291,0.2531374712754041,0.23258190675023163,1.0883798951190429,1,1,1,1
0.002,156,5,0.1089262992143631,0.10764959902357546,0.0012767001907876413,1.161494150366634,1.1561425683845603,0.00535158198207375,0.2531374712754041,0.23261440649313844,1.0882278320232543,1,1,1,1
0.002,156,6,0.1089262992143631,0.10964579106700201,0.0007194918526389066,1.161494150366634,1.1642661981321485,0.0027720477655144293,0.2531374712754041,0.2644059640514852,1.0445153090899821,1,1,1,1
0.002,156,7,0.1089262992143631,0.10942928281981174,0.0005029836054486342,1.161494150366634,1.1641165489381315,0.0026223985714974862,0.2531374712754041,0.2577428052848145,1.0181930157799515,1,1,1,1
0.002,156,8,0.1089262992143631,0.11038271315198539,0.001456413937622289,1.161494150366634,1.1678691372224854,0.006374986855851361,0.2531374712754041,0.271206109234061,1.0713787566400983,1,1,1,1
0.002,156,9,0.1089262992143631,0.10799246208056072,0.0009338371338023788,1.161494150366634,1.1564854780541152,0.0050086723125188914,0.2531374712754041,0.2448076566984643,1.0340259560884562,1,1,1,1
0.002,156,10,0.1089262992143631,0.10929125877526773,0.00036495956090462633,1.161494150366634,1.1631574704110204,0.001663320044386296,0.2531374712754041,0.2577610746969801,1.018265187679566,1,1,1,1
0.002,156,11,0.1089262992143631,0.11028373353916443,0.0013574343248013293,1.161494150366634,1.1666875,0.00519334963336604,0.2531374712754041,0.27122725793320274,1.0714623029401982,1,1,1,1
0.002,160,0,0.08368269968777896,0.08533330826082948,0.0016506085730505216,1.2135191401373595,1.219541071614418,0.006021931477058429,0.6304599511623382,0.664022173063234,1.0532345025865946,1,1,1,1
0.002,160,1,0.08368269968777896,0.0854398423603724,0.0017571426725934425,1.2135191401373595,1.2208239209927616,0.007304780855402093,0.6304599511623382,0.663804805559751,1.0528897265178176,1,1,1,1
0.002,160,2,0.08368269968777896,0.08156992111091892,0.0021127785768600416,1.2135191401373595,1.2069368044506215,0.00658233568673805,0.6304599511623382,0.584277028674943,1.0790428516283304,1,1,1,1
0.002,160,3,0.08368269968777896,0.08582318563713998,0.002140485949361018,1.2135191401373595,1.2181364919832856,0.004617351845926043,0.6304599511623382,0.6812257709137687,1.0805218787614292,1,1,1,1
0.002,160,4,0.08368269968777896,0.08445138450641398,0.0007686848186350265,1.2135191401373595,1.2164375,0.0029183598626405516,0.6304599511623382,0.6473082037010398,1.0267237474920328,1,1,1,1
0.002,160,5,0.08368269968777896,0.08420777833992027,0.0005250786521413114,1.2135191401373595,1.2129002302591643,0.0006189098781952396,0.6304599511623382,0.6475133498582337,1.0270491387509313,1,1,1,1
0.002,160,6,0.08368269968777896,0.0844676086112098,0.0007849089234308465,1.2135191401373595,1.214930580326759,0.0014114401893994266,0.6304599511623382,0.6473745585110525,1.0268289957475172,1,1,1,1
0.002,160,7,0.08368269968777896,0.08520972820996633,0.0015270285221873764,1.2135191401373595,1.2183223056425876,0.00480316550522808,0.6304599511623382,0.6639567322751053,1.0531307041010476,1,1,1,1
0.002,160,8,0.08368269968777896,0.08091840338201446,0.0027642963057644965,1.2135191401373595,1.204,0.00951914013735955,0.6304599511623382,0.5695810810737687,1.1068835888541124,1,1,1,1
0.002,160,9,0.08368269968777896,0.0854247293915064,0.0017420297037274435,1.2135191401373595,1.220050251491904,0.006531111354544539,0.6304599511623382,0.6639160015559192,1.0530660993325591,1,1,1,1
0.002,160,10,0.08368269968777896,0.08308370562034578,0.0005989940674331756,1.2135191401373595,1.2130441906372111,0.00047494950014836945,0.6304599511623382,0.6151415091206656,1.02490230591587,1,1,1,1
0.002,160,11,0.08368269968777896,0.08374415640564366,6.145671786469964e-05,1.2135191401373595,1.2136146601056124,9.551996825285514e-05,0.6304599511623382,0.631145913764348,1.001088035172964,1,1,1,1
0.002,164,0,0.18401088733226062,0.1815919463919568,0.0024189409403038153,1.2769169251900165,1.268554491635712,0.008362433554304438,0.1491446029301733,0.12914287246892622,1.1548806378459624,1,1,1,1
0.002,164,1,0.18401088733226062,0.1838539474655975,0.00015693986666312498,1.2769169251900165,1.2764721990258736,0.00044472616414292787,0.1491446029301733,0.15060260157205266,1.0097757385331736,1,1,1,1
0.002,164,2,0.18401088733226062,0.18349741007497797,0.0005134772572826518,1.2769169251900165,1.2756659656735558,0.0012509595164607035,0.1491446029301733,0.1430974837722715,1.0422587385779984,1,1,1,1
0.002,164,3,0.18401088733226062,0.18392254743762443,8.83398946361913e-05,1.2769169251900165,1.2760282375653018,0.0008886876247147235,0.1491446029301733,0.15061071817676455,1.0098301595752524,1,1,1,1
0.002,164,4,0.18401088733226062,0.1843102356667103,0.00029934833444966724,1.2769169251900165,1.2779841663339986,0.001067241143982045,0.1491446029301733,0.15151693274149225,1.0159062397479421,1,1,1,1
0.002,164,5,0.18401088733226062,0.18550836062319398,0.00149747329093336,1.2769169251900165,1.2820814186554303,0.005164493465413811,0.1491446029301733,0.16124429863392734,1.0811272782657706,1,1,1,1
0.002,164,6,0.18401088733226062,0.1838017211646751,0.00020916616758551165,1.2769169251900165,1.2763034327914042,0.0006134923986123031,0.1491446029301733,0.14680016578015673,1.015970262278365,1,1,1,1
0.002,164,7,0.18401088733226062,0.18504021669180568,0.0010293293595450559,1.2769169251900165,1.2809536301603226,0.00403670497030606,0.1491446029301733,0.15417188409738636,1.033707429356775,1,1,1,1
0.002,164,8,0.18401088733226062,0.1837612683060818,0.0002496190261788156,1.2769169251900165,1.2757514180407097,0.0011655071493068547,0.1491446029301733,0.14680275391932013,1.015952350676883,1,1,1,1
0.002,164,9,0.18401088733226062,0.18368062509388441,0.0003302622383762055,1.2769169251900165,1.2758363464746116,0.0010805787154049007,0.1491446029301733,0.14680278923801038,1.0159521062530095,1,1,1,1
0.002,164,10,0.18401088733226062,0.18501536223415427,0.0010044749018936483,1.2769169251900165,1.2798432366026902,0.0029263114126736323,0.1491446029301733,0.15743509858511914,1.0555869638730897,1,1,1,1
0.002,164,11,0.18401088733226062,0.1837878075930677,0.00022307973919291624,1.2769169251900165,1.27628077923446,0.0006361459555566107,0.1491446029301733,0.14679819359934648,1.0159839114725813,1,1,1,1
0.002,168,0,0.0996712738648057,0.09764223235391184,0.002029041510893864,1.461190415704623,1.4470774885816462,0.014112927122976737,0.415967425769195,0.3883999340315958,1.0709770762611834,1,1,1,1
0.002,168,1,0.0996712738648057,0.09944414183746694,0.00022713202733876114,1.461190415704623,1.4604898145441834,0.0007006011604395734,0.415967425769195,0.4087211379145189,1.017729173224683,1,1,1,1
0.002,168,2,0.0996712738648057,0.0987090105755471,0.000962263289258608,1.461190415704623,1.4559057814949128,0.005284634209710148,0.415967425769195,0.3979154025951812,1.0453664850776812,1,1,1,1
0.002,168,3,0.0996712738648057,0.09803845951630584,0.0016328143484998642,1.461190415704623,1.4513443807823012,0.009846034922321723,0.415967425769195,0.38815446324358954,1.0716543674216394,1,1,1,1
0.002,168,4,0.0996712738648057,0.10059441350940088,0.0009231396445951723,1.461190415704623,1.4673281016661788,0.006137685961555839,0.415967425769195,0.4297274158964199,1.0330794895820996,1,1,1,1
0.002,168,5,0.0996712738648057,0.10042503859394529,0.000753764729139586,1.461190415704623,1.4651875,0.003997084295377151,0.415967425769195,0.4298662347082277,1.0334132147807762,1,1,1,1
0.002,168,6,0.0996712738648057,0.10086544690795994,0.0011941730431542369,1.461190415704623,1.4706613766040473,0.009470960899424341,0.415967425769195,0.4294726052632387,1.032466916054954,1,1,1,1
0.002,168,7,0.0996712738648057,0.09915957316711747,0.0005117006976882305,1.461190415704623,1.4574657454872917,0.0037246702173312496,0.415967425769195,0.40812599713195236,1.0192132544663832,1,1,1,1
0.002,168,8,0.0996712738648057,0.0997801549089343,0.00010888104412859478,1.461190415704623,1.462280246819341,0.001089831114718054,0.415967425769195,0.4191779385320095,1.0077181831170499,1,1,1,1
0.002,168,9,0.0996712738648057,0.1009224744008787,0.0012512005360729994,1.461190415704623,1.4700797986181777,0.008889382913554789,0.415967425769195,0.42952812165649884,1.0326003793740046,1,1,1,1
0.002,168,10,0.0996712738648057,0.09823134875174738,0.0014399251130583213,1.461190415704623,1.45117525820385,0.010015157500772975,0.415967425769195,0.3982019878140566,1.0446141367918889,1,1,1,1
0.002,168,11,0.0996712738648057,0.09961582910998716,5.544475481854272e-05,1.461190415704623,1.4598861990979628,0.0013042166066601357,0.415967425769195,0.4193613261798639,1.0081590533306617,1,1,1,1
0.002,172,0,0.12200961578637362,0.12095149395007472,0.0010581218362989003,1.5577951309364289,1.5515842820055459,0.006210848930882973,0.3369933004677296,0.32444392864882804,1.0386796321668412,1,1,1,1
0.002,172,1,0.12200961578637362,0.12156195964242451,0.00044765614394910724,1.5577951309364289,1.5561369566341203,0.0016581743023085238,0.3369933004677296,0.3242251552752684,1.0393804890975253,1,1,1,1
0.002,172,2,0.12200961578637362,0.12010183419566993,0.0019077815907036916,1.5577951309364289,1.5452369955621865,0.01255813537424233,0.3369933004677296,0.31596042976074556,1.066568053230307,1,1,1,1
0.002,172,3,0.12200961578637362,0.11882854729621706,0.0031810684901565633,1.5577951309364289,1.5380151451771378,0.019779985759291074,0.3369933004677296,0.3005242915893672,1.1213512847347233,1,1,1,1
0.002,172,4,0.12200961578637362,0.12239735360471862,0.000387737818345002,1.5577951309364289,1.5610283389009738,0.0032332079645449596,0.3369933004677296,0.341649433695183,1.013816693747297,1,1,1,1
0.002,172,5,0.12200961578637362,0.12275536596300128,0.0007457501766276603,1.5577951309364289,1.5615984819326492,0.0038033509962203116,0.3369933004677296,0.3504684645096486,1.0399864449032552,1,1,1,1
0.002,172,6,0.12200961578637362,0.12040903144171487,0.001600584344658748,1.5577951309364289,1.5490494534632844,0.008745677473144475,0.3369933004677296,0.31638499101465123,1.0651368112848438,1,1,1,1
0.002,172,7,0.12200961578637362,0.12103038909943362,0.0009792266869400046,1.5577951309364289,1.5514343858321844,0.006360745104244447,0.3369933004677296,0.32447481166534636,1.0385807722273814,1,1,1,1
0.002,172,8,0.12200961578637362,0.1235421855042286,0.0015325697178549813,1.5577951309364289,1.5675255887215171,0.009730457785088298,0.3369933004677296,0.3592054945838928,1.0659128655831847,1,1,1,1
0.002,172,9,0.12200961578637362,0.12233463846026314,0.0003250226738895218,1.5577951309364289,1.5596061733844677,0.0018110424480388687,0.3369933004677296,0.3417307318436589,1.0140579393399038,1,1,1,1
0.002,172,10,0.12200961578637362,0.12258052344825508,0.0005709076618814618,1.5577951309364289,1.5614798490700998,0.0036847181336709944,0.3369933004677296,0.34164667834111023,1.013808517459908,1,1,1,1
0.002,172,11,0.12200961578637362,0.11853899528924439,0.0034706204971292343,1.5577951309364289,1.534960355424098,0.022834775512330818,0.3369933004677296,0.30065967936087323,1.1208463375737394,1,1,1,1
0.002,176,0,0.08900408577173949,0.08988768288498679,0.0008835971132473003,0.7499442772101611,0.7492580530930795,0.0006862241170816352,0.23141995320096612,0.24316918286938427,1.050770166988216,1,1,1,1
0.002,176,1,0.08900408577173949,0.08866308773758184,0.00034099803415764407,0.7499442772101611,0.7502547628645462,0.00031048565438507314,0.23141995320096612,0.22675846832876007,1.0205570486807474,1,1,1,1
0.002,176,2,0.08900408577173949,0.08942202908035672,0.00041794330861723294,0.7499442772101611,0.749800409213621,0.0001438679965400924,0.23141995320096612,0.23685468821629707,1.0234842974434941,1,1,1,1
0.002,176,3,0.08900408577173949,0.0882235579213253,0.0007805278504141866,0.7499442772101611,0.7505549471353617,0.0006106699252006464,0.23141995320096612,0.22103047262278272,1.047004743078636,1,1,1,1
0.002,176,4,0.08900408577173949,0.08821785000137436,0.000786235770365129,0.7499442772101611,0.7502768537674256,0.00033257655726448565,0.23141995320096612,0.22103209305812666,1.0469970672544266,1,1,1,1
0.002,176,5,0.08900408577173949,0.08765382692972276,0.0013502588420167272,0.7499442772101611,0.7500395672005153,9.528999035424146e-05,0.23141995320096612,0.21344497847567256,1.0842136219538294,1,1,1,1
0.002,176,6,0.08900408577173949,0.08785957888857891,0.001144506883160576,0.7499442772101611,0.7496828808763101,0.00026139633385102723,0.23141995320096612,0.21691741303115064,1.0668574272906934,1,1,1,1
0.002,176,7,0.08900408577173949,0.08956695692479924,0.0005628711530597519,0.7499442772101611,0.7489061310524044,0.0010381461577566586,0.23141995320096612,0.24020449930109422,1.037959328824596,1,1,1,1
0.002,176,8,0.08900408577173949,0.08719833075567467,0.0018057550160648222,0.7499442772101611,0.7487389197680638,0.0012053574420972657,0.23141995320096612,0.21000323889526504,1.1019827809245468,1,1,1,1
0.002,176,9,0.08900408577173949,0.09046235453630665,0.0014582687645671583,0.7499442772101611,0.7495018479412011,0.00044242926895998735,0.23141995320096612,0.2502640402874635,1.081428099979491,1,1,1,1
0.002,176,10,0.08900408577173949,0.08913559654808668,0.0001315107763471962,0.7499442772101611,0.7496105333665631,0.0003337438435979667,0.23141995320096612,0.23329197161582102,1.0080892696976274,1,1,1,1
0.002,176,11,0.08900408577173949,0.08858179373165621,0.0004222920400832747,0.7499442772101611,0.7499356764423177,8.600767843369717e-06,0.23141995320096612,0.2265987556107846,1.0212763639287703,1,1,1,1
0.002,180,0,0.11822067089378835,0.11538109213730902,0.002839578756479333,0.9401861285045743,0.9335394054500206,0.006646723054553716,0.2202450901735574,0.1895553501331113,1.1619038450716102,1,1,1,1
0.002,180,1,0.11822067089378835,0.11870402404991386,0.0004833531561255072,0.9401861285045743,0.939442260297992,0.0007438682065822322,0.2202450901735574,0.22953781893561753,1.0421926716038814,1,1,1,1
0.002,180,2,0.11822067089378835,0.11722890493470473,0.0009917659590836236,0.9401861285045743,0.9389599558458971,0.0012261726586771937,0.2202450901735574,0.2071705783263876,1.0631098872860774,1,1,1,1
0.002,180,3,0.11822067089378835,0.11814002325139741,8.064764239093525e-05,0.9401861285045743,0.9395607762543312,0.000625352250243072,0.2202450901735574,0.22105514847886573,1.003677985759728,1,1,1,1
0.002,180,4,0.11822067089378835,0.11739883074742347,0.0008218401463648828,0.9401861285045743,0.93867106892006,0.0015150595845142556,0.2202450901735574,0.2109155231653673,1.0442336669590473,1,1,1,1
0.002,180,5,0.11822067089378835,0.11849767671016824,0.0002770058163798911,0.9401861285045743,0.9399623702477439,0.00022375825683040862,0.2202450901735574,0.2267798776987266,1.0296705253225833,1,1,1,1
0.002,180,6,0.11822067089378835,0.12000777088583722,0.001787099992048874,0.9401861285045743,0.944206372618549,0.004020244113974725,0.2202450901735574,0.2386453952427012,1.083544677679961,1,1,1,1
0.002,180,7,0.11822067089378835,0.11785975829666714,0.0003609125971212046,0.9401861285045743,0.9392528281583618,0.0009333003462125289,0.2202450901735574,0.21630587536672605,1.018211316729852,1,1,1,1
0.002,180,8,0.11822067089378835,0.11807185420893436,0.00014881668485398902,0.9401861285045743,0.9404337135177533,0.00024758501317900805,0.2202450901735574,0.21737665370495796,1.013195697052604,1,1,1,1
0.002,180,9,0.11822067089378835,0.11786881605510145,0.0003518548386868964,0.9401861285045743,0.9391742847442964,0.001011843760277853,0.2202450901735574,0.21696748078845066,1.0151064545396207,1,1,1,1
0.002,180,10,0.11822067089378835,0.1188837798559796,0.0006631089621912528,0.9401861285045743,0.9421071732181773,0.001921044713602993,0.2202450901735574,0.22675951001919156,1.029578047985091,1,1,1,1
0.002,180,11,0.11822067089378835,0.11792141931159984,0.0002992515821885061,0.9401861285045743,0.9396657334390784,0.0005203950654958378,0.2202450901735574,0.21637142309423518,1.01790285900017,1,1,1,1
0.002,184,0,0.1204497316852212,0.11999330212445179,0.0004564295607694113,1.1961703613214194,1.194277099561155,0.0018932617602644974,0.23751380710862577,0.23258080151196608,1.0212098572392523,1,1,1,1
0.002,184,1,0.1204497316852212,0.11988539970456173,0.0005643319806594715,1.1961703613214194,1.1935380901687984,0.0026322711526209908,0.23751380710862577,0.2326101957560653,1.021080810050574,1,1,1,1
0.002,184,2,0.1204497316852212,0.11971648735712406,0.0007332443280971407,1.1961703613214194,1.1925581817244932,0.0036121795969261683,0.23751380710862577,0.2326112492098579,1.0210761857623871,1,1,1,1
0.002,184,3,0.1204497316852212,0.11909030611024327,0.0013594255749779377,1.1961703613214194,1.1910607667845639,0.005109594536855555,0.23751380710862577,0.2210370877494663,1.0745427816070168,1,1,1,1
0.002,184,4,0.1204497316852212,0.12229389874312821,0.0018441670579070063,1.1961703613214194,1.2037547487154645,0.0075843873940451,0.23751380710862577,0.2577005249986355,1.0849917658924875,1,1,1,1
0.002,184,5,0.1204497316852212,0.11872869404318251,0.0017210376420386947,1.1961703613214194,1.189742603409934,0.00642775791148531,0.23751380710862577,0.21547659215548334,1.102271967143609,1,1,1,1
0.002,184,6,0.1204497316852212,0.11971383596556172,0.0007358957196594851,1.1961703613214194,1.1934597694237876,0.0027105918976317867,0.23751380710862577,0.22673749949167799,1.0475276813103573,1,1,1,1
0.002,184,7,0.1204497316852212,0.12130256249811108,0.0008528308128898793,1.1961703613214194,1.2003429729483703,0.004172611626950928,0.23751380710862577,0.2449182804145462,1.031174917349264,1,1,1,1
0.002,184,8,0.1204497316852212,0.1200403459677846,0.00040938571743660834,1.1961703613214194,1.1945785783916574,0.0015917829297620312,0.23751380710862577,0.23257136048713087,1.0212513123333102,1,1,1,1
0.002,184,9,0.1204497316852212,0.1193249289216738,0.0011248027635474,1.1961703613214194,1.1921802923478646,0.003990068973554806,0.23751380710862577,0.2210196254140557,1.0746276791650065,1,1,1,1
0.002,184,10,0.1204497316852212,0.11937181836081756,0.0010779133244036426,1.1961703613214194,1.1907987724322926,0.00537158888912681,0.23751380710862577,0.2267640000824136,1.0474052628384811,1,1,1,1
0.002,184,11,0.1204497316852212,0.11877246086394341,0.0016772708212777904,1.1961703613214194,1.1883197109255068,0.007850650395912595,0.23751380710862577,0.2210840513426812,1.0743145227625597,1,1,1,1
0.002,189,0,0.09847111832350493,0.09643975430302752,0.0020313640204774053,1.0372001131717115,1.033302367646092,0.0038977455256195004,0.4725865833926946,0.4409452963932456,1.0717578512760244,1,1,1,1
0.002,189,1,0.09847111832350493,0.09954512219159359,0.0010740038680886604,1.0372001131717115,1.0397200580832309,0.0025199449115194117,0.4725865833926946,0.48858791805570645,1.0338590540343706,1,1,1,1
0.002,189,2,0.09847111832350493,0.10152451293946578,0.0030533946159608527,1.0372001131717115,1.0401802775086764,0.002980164336964908,0.4725865833926946,0.5275263868280484,1.116253413376532,1,1,1,1
0.002,189,3,0.09847111832350493,0.09998215747782992,0.001511039154324989,1.0372001131717115,1.0381858475692736,0.0009857343975621102,0.4725865833926946,0.5012698110434891,1.060694121794313,1,1,1,1
0.002,189,4,0.09847111832350493,0.09648888059869509,0.001982237724809835,1.0372001131717115,1.0334564926387109,0.003743620533000591,0.4725865833926946,0.4409581478820215,1.0717266154681313,1,1,1,1
0.002,189,5,0.09847111832350493,0.09599474895049323,0.002476369373011697,1.0372001131717115,1.0336348426334903,0.003565270538221199,0.4725865833926946,0.4298311963815374,1.099470181250422,1,1,1,1
0.002,189,6,0.09847111832350493,0.09761704836452335,0.0008540699589815737,1.0372001131717115,1.0336132915773453,0.003586821594366185,0.4725865833926946,0.4641402072471758,1.0181978979921054,1,1,1,1
0.002,189,7,0.09847111832350493,0.09937400886115533,0.0009028905376503998,1.0372001131717115,1.0383334668777204,0.0011333537060089771,0.4725865833926946,0.488621269329859,1.0339296258096273,1,1,1,1
0.002,189,8,0.09847111832350493,0.10042201317970273,0.0019508948561978018,1.0372001131717115,1.0412384311686205,0.004038317996909013,0.4725865833926946,0.501198974460189,1.0605442305663575,1,1,1,1
0.002,189,9,0.09847111832350493,0.09940695083779878,0.0009358325142938551,1.0372001131717115,1.0380593089172045,0.000859195745493091,0.4725865833926946,0.488604721342012,1.033894610029602,1,1,1,1
0.002,189,10,0.09847111832350493,0.09714278224973887,0.0013283360737660621,1.0372001131717115,1.0336504731644336,0.0035496400072778655,0.4725865833926946,0.45240014434293546,1.0446207617353391,1,1,1,1
0.002,189,11,0.09847111832350493,0.09882241364162972,0.00035129531812479187,1.0372001131717115,1.0386874269232158,0.0014873137515043489,0.4725865833926946,0.4762787648673631,1.0078127090451074,1,1,1,1
0.002,193,0,0.16747383363544943,0.16487502842954158,0.002598805205907856,0.8479169404413551,0.847417309135529,0.0004996313058260871,0.34970825010910633,0.32852989758456963,1.064464003672862,1,1,1,1
0.002,193,1,0.16747383363544943,0.16972438383766952,0.002250550202220092,0.8479169404413551,0.8480067323569644,8.979191560931632e-05,0.34970825010910633,0.36791086040570015,1.052050846072161,1,1,1,1
0.002,193,2,0.16747383363544943,0.16814096386185026,0.0006671302264008305,0.8479169404413551,0.8463895189839078,0.001527421457447331,0.34970825010910633,0.3578734021068664,1.0233484683166971,1,1,1,1
0.002,193,3,0.16747383363544943,0.16779759544857403,0.00032376181312460117,0.8479169404413551,0.84762989156051,0.0002870488808450755,0.34970825010910633,0.35301476875869636,1.0094550776212985,1,1,1,1
0.002,193,4,0.16747383363544943,0.16640167514439166,0.0010721584910577675,0.8479169404413551,0.8477519899230805,0.00016495051827458695,0.34970825010910633,0.341227351140686,1.024854100763229,1,1,1,1
0.002,193,5,0.16747383363544943,0.16756691066192886,9.307702647942673e-05,0.8479169404413551,0.8470694828447973,0.0008474575965577991,0.34970825010910633,0.3512863382120117,1.004512584711436,1,1,1,1
0.002,193,6,0.16747383363544943,0.16635030719418278,0.001123526441266648,0.8479169404413551,0.8475247737650248,0.0003921666763303522,0.34970825010910633,0.3409345226680774,1.0257343473825054,1,1,1,1
0.002,193,7,0.16747383363544943,0.16970327076004973,0.002229437124600303,0.8479169404413551,0.8470340635001496,0.0008828769412054793,0.34970825010910633,0.3694128818753327,1.0563459162318267,1,1,1,1
0.002,193,8,0.16747383363544943,0.16792455109127524,0.0004507174558258109,0.8479169404413551,0.8474572259460016,0.0004597144953535359,0.34970825010910633,0.354573729217624,1.01391296632836,1,1,1,1
0.002,193,9,0.16747383363544943,0.1713539932645267,0.0038801596290772566,0.8479169404413551,0.8491177043349433,0.0012007638935881415,0.34970825010910633,0.37891013478782065,1.0835035623826534,1,1,1,1
0.002,193,10,0.16747383363544943,0.1653569415124893,0.0021168921229601234,0.8479169404413551,0.8459122634086494,0.0020046770327056818,0.34970825010910633,0.33553351114056645,1.0422453748967018,1,1,1,1
0.002,193,11,0.16747383363544943,0.16877367567072335,0.0012998420352739182,0.8479169404413551,0.8490347145770045,0.0011177741356493964,0.34970825010910633,0.3595803843504268,1.0282296292359143,1,1,1,1
0.002,197,0,0.1935977576300502,0.19433368911345097,0.0007359314834007868,1.0077693560533225,1.0078482711521148,7.891509879232039e-05,0.3057730026822537,0.31438731199198994,1.0281722363785264,1,1,1,1
0.002,197,1,0.1935977576300502,0.19501292384978114,0.0014151662197309511,1.0077693560533225,1.0101460601811931,0.0023767041278706103,0.3057730026822537,0.3162491941192315,1.0342613355171326,1,1,1,1
0.002,197,2,0.1935977576300502,0.1967113059251463,0.003113548295096108,1.0077693560533225,1.0107656756408918,0.002996319587569296,0.3057730026822537,0.33095855654911693,1.082366833062221,1,1,1,1
0.002,197,3,0.1935977576300502,0.19372024603751523,0.00012248840746503786,1.0077693560533225,1.0071183434486033,0.0006510126047192255,0.3057730026822537,0.30809074218360666,1.0075799350531984,1,1,1,1
0.002,197,4,0.1935977576300502,0.19620884200553257,0.002611084375482381,1.0077693560533225,1.0104798987013617,0.0027105426480391603,0.3057730026822537,0.327557133551078,1.0712428196005959,1,1,1,1
0.002,197,5,0.1935977576300502,0.19532628841206,0.001728530782009824,1.0077693560533225,1.0097672453467093,0.0019978892933867343,0.3057730026822537,0.31968467687376007,1.0454967380032656,1,1,1,1
0.002,197,6,0.1935977576300502,0.19163677288496503,0.001960984745085159,1.0077693560533225,1.0043983529620013,0.003371003091321212,0.3057730026822537,0.29287855999659823,1.0440265845536978,1,1,1,1
0.002,197,7,0.1935977576300502,0.19409197641978385,0.0004942187897336581,1.0077693560533225,1.0079578279731083,0.00018847191978577094,0.3057730026822537,0.30920377564984547,1.0112199995993658,1,1,1,1
0.002,197,8,0.1935977576300502,0.19215192582329055,0.0014458318067596398,1.0077693560533225,1.005751682197365,0.0020176738559574137,0.3057730026822537,0.2961195091407184,1.0325999917045245,1,1,1,1
0.002,197,9,0.1935977576300502,0.19377576491768822,0.0001780072876380323,1.0077693560533225,1.008268919399646,0.000499563346323395,0.3057730026822537,0.3066009698358181,1.0027077837032747,1,1,1,1
0.002,197,10,0.1935977576300502,0.19041691298645239,0.003180844643597802,1.0077693560533225,1.0034334371264426,0.0043359189268799,0.3057730026822537,0.2810776709247532,1.0878594577657208,1,1,1,1
0.002,197,11,0.1935977576300502,0.19345454051719488,0.00014321711285530947,1.0077693560533225,1.0070780209728702,0.0006913350804522711,0.3057730026822537,0.3057679739578559,1.000016446210284,1,1,1,1
0.002,201,0,0.16775162126868964,0.16809716631245908,0.0003455450437694352,1.4367196029331535,1.4394757224418735,0.002756119508720012,0.28781568583101036,0.2855075400495746,1.0080843601574758,1,1,1,1
0.002,201,1,0.16775162126868964,0.16794907178926383,0.00019745052057418278,1.4367196029331535,1.4375630068637524,0.0008434039305988961,0.28781568583101036,0.2929596796598969,1.0178725277395297,1,1,1,1
0.002,201,2,0.16775162126868964,0.16511088753097128,0.002640733737718365,1.4367196029331535,1.4259303251743836,0.010789277758769922,0.28781568583101036,0.26444487780741704,1.088376860302105,1,1,1,1
0.002,201,3,0.16775162126868964,0.16647871464968395,0.0012729066190056981,1.4367196029331535,1.4316177680191737,0.0051018349139797525,0.28781568583101036,0.27812328189117874,1.0348493080979246,1,1,1,1
0.002,201,4,0.16775162126868964,0.16769720594900844,5.441531968120028e-05,1.4367196029331535,1.4368828039008303,0.00016320096767685754,0.28781568583101036,0.28558097219368717,1.007825148924164,1,1,1,1
0.002,201,5,0.16775162126868964,0.16954329479369726,0.0017916735250076143,1.4367196029331535,1.4433745391772632,0.006654936244109733,0.28781568583101036,0.3081099546340921,1.0705113369498471,1,1,1,1
0.002,201,6,0.16775162126868964,0.16802962631170484,0.00027800504301520035,1.4367196029331535,1.4373758868670332,0.000656283933879731,0.28781568583101036,0.2929623089763238,1.0178816631569387,1,1,1,1
0.002,201,7,0.16775162126868964,0.16730791941361636,0.00044370185507328075,1.4367196029331535,1.436170121105556,0.0005494818275975089,0.28781568583101036,0.2783947747809384,1.0338401144830576,1,1,1,1
0.002,201,8,0.16775162126868964,0.16619149997312352,0.0015601212955661248,1.4367196029331535,1.4302043190244633,0.0065152839086901615,0.28781568583101036,0.2781940327397216,1.0345861232052047,1,1,1,1
0.002,201,9,0.16775162126868964,0.1681313434557093,0.00037972218701964877,1.4367196029331535,1.437777624474984,0.001058021541830545,0.28781568583101036,0.29121376652898434,1.0118064471995774,1,1,1,1
0.002,201,10,0.16775162126868964,0.16770799074531198,4.363052337766349e-05,1.4367196029331535,1.4364846098687747,0.00023499306437879675,0.28781568583101036,0.28561597583391607,1.0077016350036856,1,1,1,1
0.002,201,11,0.16775162126868964,0.16674258479225132,0.0010090364764383242,1.4367196029331535,1.4326360880115474,0.0040835149216060795,0.28781568583101036,0.27809061093972853,1.0349708854190318,1,1,1,1
0.002,205,0,0.12907254062592985,0.12978617693525837,0.0007136363093285247,0.9049259437806905,0.9049259263775664,1.7403124052961516e-08,0.24142177323810757,0.25119290999607763,1.0404733037410552,1,1,1,1
0.002,205,1,0.12907254062592985,0.1301043341283295,0.0010317935023996527,0.9049259437806905,0.9066262193506174,0.0017002755699269123,0.24142177323810757,0.25117691291491373,1.040407041775743,1,1,1,1
0.002,205,2,0.12907254062592985,0.13067080627747185,0.0015982656515420024,0.9049259437806905,0.908420946034361,0.0034950022536704983,0.24142177323810757,0.25487976447109756,1.0557447286236141,1,1,1,1
0.002,205,3,0.12907254062592985,0.1312133939440829,0.0021408533181530576,0.9049259437806905,0.9071028598606576,0.0021769160799671727,0.24142177323810757,0.26436236566684584,1.095022880998031,1,1,1,1
0.002,205,4,0.12907254062592985,0.12772090180402926,0.0013516388219005915,0.9049259437806905,0.9023630165745771,0.0025629272061133967,0.24142177323810757,0.22929694140702148,1.0528782972711506,1,1,1,1
0.002,205,5,0.12907254062592985,0.12929651623435556,0.00022397560842571385,0.9049259437806905,0.9048059400258456,0.00012000375484488846,0.24142177323810757,0.24484880738193196,1.0141952156918523,1,1,1,1
0.002,205,6,0.12907254062592985,0.1277511951010691,0.0013213455248607398,0.9049259437806905,0.902686827653544,0.0022391161271464455,0.24142177323810757,0.22918053916726713,1.0534130607918073,1,1,1,1
0.002,205,7,0.12907254062592985,0.12840297689167887,0.0006695637342509775,0.9049259437806905,0.9052448083128696,0.0003188645321791084,0.24142177323810757,0.23263149937867164,1.0377862580214356,1,1,1,1
0.002,205,8,0.12907254062592985,0.13090042077602695,0.0018278801500971054,0.9049259437806905,0.9082769808720643,0.003351037091373854,0.24142177323810757,0.2578802669235614,1.068173195253691,1,1,1,1
0.002,205,9,0.12907254062592985,0.12853248953564603,0.0005400510902838218,0.9049259437806905,0.9037614769017925,0.0011644668788979295,0.24142177323810757,0.23683934494737993,1.019348256058324,1,1,1,1
0.002,205,10,0.12907254062592985,0.1274896881647074,0.0015828524612224448,0.9049259437806905,0.9022556008510634,0.0026703429296270897,0.24142177323810757,0.22691853900432413,1.063913835764239,1,1,1,1
0.002,205,11,0.12907254062592985,0.12942808350576115,0.0003555428798313054,0.9049259437806905,0.9053127839470234,0.0003868401663329468,0.24142177323810757,0.24484351855290018,1.0141733086825513,1,1,1,1
0.002,209,0,0.1857444303110242,0.18582362183300702,7.919152198282431e-05,1.5511024194676428,1.5508678398606581,0.00023457960698469726,0.2867502376437187,0.2855025241625706,1.0043702362520537,1,1,1,1
0.002,209,1,0.1857444303110242,0.18530705696091496,0.00043737335010923806,1.5511024194676428,1.5488970218159233,0.002205397651719565,0.2867502376437187,0.28947240030360966,1.0094931487494465,1,1,1,1
0.002,209,2,0.1857444303110242,0.18512516721603064,0.0006192630949935496,1.5511024194676428,1.5481760750526383,0.0029263444150045004,0.2867502376437187,0.28489870108724,1.0064989294419833,1,1,1,1
0.002,209,3,0.1857444303110242,0.18928660249704465,0.003542172186020459,1.5511024194676428,1.5657693350040984,0.014666915536455605,0.2867502376437187,0.316177835567868,1.1026244935870375,1,1,1,1
0.002,209,4,0.1857444303110242,0.186045457220043,0.00030102690901881446,1.5511024194676428,1.5522500000000001,0.0011475805323573063,0.2867502376437187,0.2928644564625237,1.0213224542342028,1,1,1,1
0.002,209,5,0.1857444303110242,0.18251254122266125,0.0032318890883629436,1.5511024194676428,1.537356590895169,0.013745828572473862,0.2867502376437187,0.26447194336808544,1.0842368910362143,1,1,1,1
0.002,209,6,0.1857444303110242,0.18863943242354378,0.0028950021125195846,1.5511024194676428,1.5636377564067232,0.012535336939080377,0.2867502376437187,0.30828816565983863,1.0751104103456066,1,1,1,1
0.002,209,7,0.1857444303110242,0.18578557981669616,4.1149505671966846e-05,1.5511024194676428,1.550974271201825,0.0001281482658177513,0.2867502376437187,0.28551814931971486,1.0043152714702706,1,1,1,1
0.002,209,8,0.1857444303110242,0.18493133463975558,0.0008130956712686099,1.5511024194676428,1.548355838400939,0.0027465810667037793,0.2867502376437187,0.2784052145095942,1.0299743779900965,1,1,1,1
0.002,209,9,0.1857444303110242,0.1856655515847862,7.887872623799086e-05,1.5511024194676428,1.5507093764313902,0.00039304303625264936,0.2867502376437187,0.28551033831930667,1.004342747557622,1,1,1,1
0.002,209,10,0.1857444303110242,0.18489359418366183,0.0008508361273623644,1.5511024194676428,1.5479519412670864,0.0031504782005564724,0.2867502376437187,0.27423578048214325,1.045633932740554,1,1,1,1
0.002,209,11,0.1857444303110242,0.1855903211004377,0.00015410921058650606,1.5511024194676428,1.5505639924843277,0.0005384269833150768,0.2867502376437187,0.2855316745077006,1.0042676986296497,1,1,1,1
0.002,213,0,0.17925829682499173,0.1801941279340195,0.0009358311090277849,0.9394967909622938,0.9398628511621347,0.0003660601998409785,0.22673361387103796,0.23561370241063728,1.0391652935265705,1,1,1,1
0.002,213,1,0.17925829682499173,0.17920257393183386,5.5722893157861275e-05,0.9394967909622938,0.9393963063691974,0.00010048459309641711,0.22673361387103796,0.2271798797314786,1.001968238642791,1,1,1,1
0.002,213,2,0.17925829682499173,0.17896139247177173,0.00029690435321999553,0.9394967909622938,0.9386022748702344,0.000894516092059372,0.22673361387103796,0.22598031235291896,1.0033334829493579,1,1,1,1
0.002,213,3,0.17925829682499173,0.17942439496500268,0.0001660981400109507,0.9394967909622938,0.9398611965420648,0.00036440557977102106,0.22673361387103796,0.22774945864670695,1.0044803448342987,1,1,1,1
0.002,213,4,0.17925829682499173,0.18165153524924557,0.0023932384242538463,0.9394967909622938,0.94259169746577,0.0030949065034762135,0.22673361387103796,0.24338198238473707,1.0734269975653825,1,1,1,1
0.002,213,5,0.17925829682499173,0.1803393304557666,0.0010810336307748858,0.9394967909622938,0.941228796260335,0.0017320052980411837,0.22673361387103796,0.2342583471115983,1.0331875504125307,1,1,1,1
0.002,213,6,0.17925829682499173,0.17995067880242713,0.0006923819774354023,0.9394967909622938,0.9399083899306147,0.00041159896832088094,0.22673361387103796,0.23345763995053845,1.0296560618635267,1,1,1,1
0.002,213,7,0.17925829682499173,0.17965433602075087,0.0003960391957591458,0.9394967909622938,0.9402125011279164,0.0007157101656226628,0.22673361387103796,0.22865620418319849,1.0084795116142509,1,1,1,1
0.002,213,8,0.17925829682499173,0.17819113296872544,0.00106716385626629,0.9394967909622938,0.9378648389919283,0.001631951970365475,0.22673361387103796,0.2198312138758231,1.031398634768554,1,1,1,1
0.002,213,9,0.17925829682499173,0.17887899434330753,0.00037930248168419056,0.9394967909622938,0.9393752964192974,0.00012149454299636986,0.22673361387103796,0.22302881019970805,1.0166113232994989,1,1,1,1
0.002,213,10,0.17925829682499173,0.18012628243514328,0.000867985610151556,0.9394967909622938,0.9402323424368577,0.0007355514745639447,0.22673361387103796,0.23395231019625826,1.0318377862107653,1,1,1,1
0.002,213,11,0.17925829682499173,0.1811302014750304,0.0018719046500386693,0.9394967909622938,0.9410115582030921,0.0015147672407983537,0.22673361387103796,0.24204724874274655,1.0675402054872143,1,1,1,1
0.002,217,0,0.07901196293532849,0.07835321406711188,0.0006587488682166104,1.2648968129605054,1.2610833687600218,0.0038134442004835734,0.7308800434228033,0.7174406728154447,1.0187323790197436,1,1,1,1
0.002,217,1,0.07901196293532849,0.07773786717362745,0.0012740957617010384,1.2648968129605054,1.262132501931453,0.00276431102905228,0.7308800434228033,0.6991764349767383,1.0453442176539027,1,1,1,1
0.002,217,2,0.07901196293532849,0.07840272878734127,0.0006092341479872199,1.2648968129605054,1.2626249840507477,0.002271828909757634,0.7308800434228033,0.7173026212840771,1.018928443499092,1,1,1,1
0.002,217,3,0.07901196293532849,0.08030799197750146,0.0012960290421729775,1.2648968129605054,1.2632224972489559,0.0016743157115495233,0.7308800434228033,0.7744262014464415,1.0595804447193633,1,1,1,1
0.002,217,4,0.07901196293532849,0.07753281023693623,0.0014791526983922582,1.2648968129605054,1.258667606479875,0.0062292064806304115,0.7308800434228033,0.69859392864943,1.0462158536587787,1,1,1,1
0.002,217,5,0.07901196293532849,0.0785831730191534,0.000428789916175093,1.2648968129605054,1.2650836696417689,0.00018685668126350308,0.7308800434228033,0.7171453458296638,1.0191519022929025,1,1,1,1
0.002,217,6,0.07901196293532849,0.0818740226280324,0.0028620596927039083,1.2648968129605054,1.2766313316866573,0.011734518726151943,0.7308800434228033,0.7944169984147086,1.0869321245855252,1,1,1,1
0.002,217,7,0.07901196293532849,0.08015901338523826,0.0011470504499097728,1.2648968129605054,1.2703262305653729,0.005429417604867481,0.7308800434228033,0.754443396255649,1.032239699311662,1,1,1,1
0.002,217,8,0.07901196293532849,0.07893205496038543,7.99079749430609e-05,1.2648968129605054,1.261700356232468,0.003196456728037367,0.7308800434228033,0.735917426905951,1.006892216484058,1,1,1,1
0.002,217,9,0.07901196293532849,0.07747947540670887,0.0015324875286196193,1.2648968129605054,1.257310221620982,0.007586591339523441,0.7308800434228033,0.6986608680893218,1.0461156146065453,1,1,1,1
0.002,217,10,0.07901196293532849,0.08005175605567487,0.0010397931203463828,1.2648968129605054,1.2687110921221019,0.00381427916159649,0.7308800434228033,0.7544931309085378,1.032307746939089,1,1,1,1
0.002,217,11,0.07901196293532849,0.07842877570063723,0.0005831872346912514,1.2648968129605054,1.262871610097578,0.002025202862927289,0.7308800434228033,0.7172490587599207,1.0190045347517775,1,1,1,1
0.002,221,0,0.1974054552614689,0.19533623951183382,0.0020692157496350894,1.247528866985813,1.2418043918322776,0.005724475153535247,0.3120726638287306,0.29929311054895147,1.0426991227975124,1,1,1,1
0.002,221,1,0.1974054552614689,0.19700459020157127,0.00040086505989764265,1.247528866985813,1.2458869413034086,0.0016419256824042883,0.3120726638287306,0.31055942242592277,1.0048726307866855,1,1,1,1
0.002,221,2,0.1974054552614689,0.19775133904765377,0.0003458837861848585,1.247528866985813,1.248978190124963,0.0014493231391501382,0.3120726638287306,0.3105978860567228,1.004748189985229,1,1,1,1
0.002,221,3,0.1974054552614689,0.19784819305130064,0.0004427377898317264,1.247528866985813,1.2488852292284196,0.0013563622426067123,0.3120726638287306,0.31502975723518817,1.0094756566313043,1,1,1,1
0.002,221,4,0.1974054552614689,0.1992079341632087,0.0018024789017397902,1.247528866985813,1.2520906891338675,0.004561822148054562,0.3120726638287306,0.32626552564575184,1.0454793497222508,1,1,1,1
0.002,221,5,0.1974054552614689,0.19677773227388207,0.0006277229875868429,1.247528866985813,1.2462908849163614,0.001237982069451471,0.3120726638287306,0.3067739363672525,1.0172724173514363,1,1,1,1
0.002,221,6,0.1974054552614689,0.2,0.0025945447385311016,1.247528866985813,1.2538105392530083,0.006281672267195448,0.3120726638287306,0.3307084608913087,1.059716211070655,1,1,1,1
0.002,221,7,0.1974054552614689,0.1985338905938898,0.0011284353324208796,1.247528866985813,1.2508874564840111,0.003358589498198228,0.3120726638287306,0.31834789781093603,1.0201082462821842,1,1,1,1
0.002,221,8,0.1974054552614689,0.1980943706797214,0.0006889154182525004,1.247528866985813,1.2481306411897604,0.0006017742039474694,0.3120726638287306,0.32222207959914884,1.0325226043380344,1,1,1,1
0.002,221,9,0.1974054552614689,0.19855199827869105,0.0011465430172221402,1.247528866985813,1.2493211337904209,0.0017922668046079782,0.3120726638287306,0.3253603927848063,1.0425789583523668,1,1,1,1
0.002,221,10,0.1974054552614689,0.19597499056101308,0.0014304647004558246,1.247528866985813,1.2440689202373192,0.003459946748493703,0.3120726638287306,0.2989005131824645,1.0440686785914788,1,1,1,1
0.002,221,11,0.1974054552614689,0.19992453033685187,0.0025190750753829594,1.247528866985813,1.2547736129893503,0.007244746003537417,0.3120726638287306,0.3296268513031303,1.0562503208676863,1,1,1,1
0.002,226,0,0.12902571931481363,0.13156994679470663,0.0025442274798929965,1.468926471499726,1.4830257207808049,0.014099249281078752,0.28476185717619956,0.3079948908260632,1.0815875899962542,1,1,1,1
0.002,226,1,0.12902571931481363,0.12924618659338824,0.0002204672785746098,1.468926471499726,1.4689265029401921,3.144046600844774e-08,0.28476185717619956,0.2853256649237412,1.0019799272034975,1,1,1,1
0.002,226,2,0.12902571931481363,0.12837743339339266,0.0006482859214209657,1.468926471499726,1.4651875,0.003738971499726018,0.28476185717619956,0.2782559402207125,1.0233810532502077,1,1,1,1
0.002,226,3,0.12902571931481363,0.12886632623585104,0.00015939307896259414,1.468926471499726,1.4683389805905513,0.0005874909091747593,0.28476185717619956,0.28536153718235435,1.0021059000390762,1,1,1,1
0.002,226,4,0.12902571931481363,0.13038267773228593,0.0013569584174722982,1.468926471499726,1.475922267736685,0.0069957962369588955,0.28476185717619956,0.3005350968275656,1.0553909846205496,1,1,1,1
0.002,226,5,0.12902571931481363,0.1303094873302957,0.0012837680154820785,1.468926471499726,1.4750546472154293,0.006128175715703232,0.28476185717619956,0.3005348522750301,1.0553901258238767,1,1,1,1
0.002,226,6,0.12902571931481363,0.13144084683298649,0.002415127518172855,1.468926471499726,1.4830556419458023,0.0141291704460762,0.28476185717619956,0.30799982279082994,1.081604909607861,1,1,1,1
0.002,226,7,0.12902571931481363,0.1321988469453808,0.0031731276305671796,1.468926471499726,1.4855900578055885,0.0166635863058624,0.28476185717619956,0.3164275731195619,1.1112006932999063,1,1,1,1
0.002,226,8,0.12902571931481363,0.13005214219326391,0.0010264228784502838,1.468926471499726,1.4749136924642114,0.00598722096448534,0.28476185717619956,0.29298337154495385,1.0288715435777873,1,1,1,1
0.002,226,9,0.12902571931481363,0.1280673773691129,0.0009583419457007414,1.468926471499726,1.4636695742755885,0.00525689722413758,0.28476185717619956,0.27831648079371757,1.0231584430936347,1,1,1,1
0.002,226,10,0.12902571931481363,0.1285492707289664,0.00047644858584722227,1.468926471499726,1.466968104949035,0.0019583665506910375,0.28476185717619956,0.27818933379638594,1.0236260797282193,1,1,1,1
0.002,226,11,0.12902571931481363,0.12812652459577387,0.0008991947190397642,1.468926471499726,1.4635620888024339,0.005364382697292225,0.28476185717619956,0.27832233492249575,1.0231369223583764,1,1,1,1
0.002,230,0,0.15746983978897333,0.1544803683940883,0.002989471394885035,1.469069504244253,1.455669915544083,0.013399588700169884,0.3346784401778132,0.30814227559836316,1.0861165983405587,1,1,1,1
0.002,230,1,0.15746983978897333,0.1590894457409559,0.0016196059519825723,1.469069504244253,1.475559669017178,0.006490164772924967,0.3346784401778132,0.35042695057143897,1.047055646564083,1,1,1,1
0.002,230,2,0.15746983978897333,0.15692932769841456,0.0005405120905587757,1.469069504244253,1.4663904722650456,0.0026790319792073802,0.3346784401778132,0.3327802197850262,1.0057041262669193,1,1,1,1
0.002,230,3,0.15746983978897333,0.1588696877034015,0.0013998479144281817,1.469069504244253,1.4741870468633935,0.005117542619140547,0.3346784401778132,0.35048574979749214,1.0472313352819518,1,1,1,1
0.002,230,4,0.15746983978897333,0.16077697430409596,0.0033071345151226283,1.469069504244253,1.4820435120275774,0.01297400778332447,0.3346784401778132,0.36846036038530017,1.1009384416562322,1,1,1,1
0.002,230,5,0.15746983978897333,0.1562534047716678,0.0012164350173055338,1.469069504244253,1.463208590923746,0.0058609133205069774,0.3346784401778132,0.3245167169679592,1.0313134044520034,1,1,1,1
0.002,230,6,0.15746983978897333,0.15675066057064496,0.0007191792183283696,1.469069504244253,1.4664276089819113,0.002641895262341709,0.3346784401778132,0.3243702841102736,1.0317789778302726,1,1,1,1
0.002,230,7,0.15746983978897333,0.1578773250638873,0.0004074852749139657,1.469069504244253,1.4700451702262047,0.0009756659819517566,0.3346784401778132,0.34120109360521367,1.0194893146506092,1,1,1,1
0.002,230,8,0.15746983978897333,0.15718711012342293,0.0002827296655504019,1.469069504244253,1.46810499695046,0.0009645072937929378,0.3346784401778132,0.3327169139996138,1.0058954807996376,1,1,1,1
0.002,230,9,0.15746983978897333,0.1567024521397591,0.0007673876492142184,1.469069504244253,1.466415569706651,0.0026539345376019874,0.3346784401778132,0.3243591354138968,1.031814441578001,1,1,1,1
0.002,230,10,0.15746983978897333,0.15777788237751286,0.00030804258853953104,1.469069504244253,1.470087080387278,0.0010175761430251118,0.3346784401778132,0.34119363646307005,1.0194670331372269,1,1,1,1
0.002,230,11,0.15746983978897333,0.1603710635629476,0.002901223773974282,1.469069504244253,1.4821150984615339,0.01304559421728091,0.3346784401778132,0.35913136402795104,1.0730639351526383,1,1,1,1
0.002,234,0,0.12647133637219668,0.1266099988857591,0.00013866251356242643,1.1784434397798031,1.1792397156342167,0.0007962758544135529,0.22965747977606954,0.22985736659554462,1.0008703692980956,1,1,1,1
0.002,234,1,0.12647133637219668,0.1271069589926106,0.000635622620413917,1.1784434397798031,1.1808656162061757,0.0024221764263725465,0.22965747977606954,0.23863042383669578,1.0390709854927234,1,1,1,1
0.002,234,2,0.12647133637219668,0.12663131629365687,0.00015997992146019047,1.1784434397798031,1.179907757763553,0.0014643179837499076,0.22965747977606954,0.228092053308164,1.0068631346213126,1,1,1,1
0.002,234,3,0.12647133637219668,0.12613011326548162,0.00034122310671505507,1.1784434397798031,1.1767717317624458,0.0016717080173573873,0.22965747977606954,0.2267853050479321,1.0126647303163245,1,1,1,1
0.002,234,4,0.12647133637219668,0.12607050107789827,0.00040083529429840725,1.1784434397798031,1.1769065785884516,0.0015368611913515462,0.22965747977606954,0.2267887683324695,1.0126492659433406,1,1,1,1
0.002,234,5,0.12647133637219668,0.12596959486338785,0.0005017415088088284,1.1784434397798031,1.1762790274345898,0.0021644123452133623,0.22965747977606954,0.2267923648317071,1.0126332072355633,1,1,1,1
0.002,234,6,0.12647133637219668,0.1262736213061335,0.0001977150660631699,1.1784434397798031,1.1776976358822266,0.0007458038975765025,0.22965747977606954,0.2267793222571893,1.0126914459847276,1,1,1,1
0.002,234,7,0.12647133637219668,0.12577917515994247,0.0006921612122542109,1.1784434397798031,1.1756802724389213,0.002763167340881889,0.22965747977606954,0.22107960187247824,1.038799951831554,1,1,1,1
0.002,234,8,0.12647133637219668,0.12600637636582837,0.00046496000636830903,1.1784434397798031,1.1772811326905699,0.001162307089233261,0.22965747977606954,0.22105868203053167,1.0388982584468238,1,1,1,1
0.002,234,9,0.12647133637219668,0.12413008654615307,0.002341249826043612,1.1784434397798031,1.168862658649149,0.009580781130654081,0.22965747977606954,0.20467271745387544,1.1220717769959965,1,1,1,1
0.002,234,10,0.12647133637219668,0.12604727523234305,0.00042406113985363203,1.1784434397798031,1.1763589767532934,0.0020844630265097752,0.22965747977606954,0.2267989499142148,1.0126038055420272,1,1,1,1
0.002,234,11,0.12647133637219668,0.12668994889341442,0.00021861252121774255,1.1784434397798031,1.1789381714228733,0.0004947316430701232,0.22965747977606954,0.23262980047374815,1.0129424075391613,1,1,1,1
0.002,238,0,0.16090707015246153,0.16361955548120122,0.002712485328739689,1.4534032783750446,1.4651875,0.011784221624955515,0.299533448247239,0.32442260791716304,1.08309308965515,1,1,1,1
0.002,238,1,0.16090707015246153,0.1595835845026518,0.0013234856498097192,1.4534032783750446,1.4475832300423088,0.00582004833273575,0.299533448247239,0.28564446272196053,1.0486233319313376,1,1,1,1
0.002,238,2,0.16090707015246153,0.1587316609304359,0.002175409222025637,1.4534032783750446,1.4440633274183272,0.009339950956717358,0.299533448247239,0.27813489244465245,1.076935891122847,1,1,1,1
0.002,238,3,0.16090707015246153,0.1609333463484574,2.6276195995877938e-05,1.4534032783750446,1.4531677463198036,0.0002355320552409612,0.299533448247239,0.3004499031665096,1.0030596079490735,1,1,1,1
0.002,238,4,0.16090707015246153,0.1618251501500654,0.0009180799976038767,1.4534032783750446,1.4570431991254087,0.003639920750364123,0.299533448247239,0.30805041852775705,1.0284341208982044,1,1,1,1
0.002,238,5,0.16090707015246153,0.16051866420654332,0.0003884059459182132,1.4534032783750446,1.4518946040417344,0.0015086743333101449,0.299533448247239,0.292902473124188,1.0226388498954038,1,1,1,1
0.002,238,6,0.16090707015246153,0.1602386811570992,0.0006683889953623401,1.4534032783750446,1.4505573945084864,0.002845883866558152,0.299533448247239,0.29295895553666834,1.0224416853839708,1,1,1,1
0.002,238,7,0.16090707015246153,0.15988235187834177,0.0010247182741197625,1.4534032783750446,1.447833887349476,0.005569391025568526,0.299533448247239,0.29306321149386033,1.0220779562211075,1,1,1,1
0.002,238,8,0.16090707015246153,0.1628156688925969,0.001908598740135381,1.4534032783750446,1.4612087835646124,0.007805505189567796,0.299533448247239,0.31641349712490946,1.0563544705155514,1,1,1,1
0.002,238,9,0.16090707015246153,0.16086232581013102,4.47443423305105e-05,1.4534032783750446,1.454258631658537,0.0008553532834925104,0.299533448247239,0.29279578082038477,1.0230114908349293,1,1,1,1
0.002,238,10,0.16090707015246153,0.1620701628848111,0.0011630927323495743,1.4534032783750446,1.457300805753892,0.0038975273788475207,0.299533448247239,0.31603280394506156,1.0550835166969526,1,1,1,1
0.002,238,11,0.16090707015246153,0.16147369788232505,0.000566627729863517,1.4534032783750446,1.4558329649425865,0.0024296865675419443,0.299533448247239,0.3081249314765358,1.0286828842640816,1,1,1,1
0.002,242,0,0.1038881253451109,0.10238176310771273,0.0015063622373981678,0.7305346322152764,0.7290790945933862,0.0014555376218902127,0.18903750136494638,0.1755699582173228,1.0767075602475982,1,1,1,1
0.002,242,1,0.1038881253451109,0.1043930435590241,0.0005049182139131997,0.7305346322152764,0.7301006933660219,0.00043393884925446713,0.18903750136494638,0.19448703348393037,1.0288277832685875,1,1,1,1
0.002,242,2,0.1038881253451109,0.10544615170877597,0.0015580263636650743,0.7305346322152764,0.730722635802701,0.00018800358742465662,0.18903750136494638,0.2046962124228816,1.0828338871645649,1,1,1,1
0.002,242,3,0.1038881253451109,0.10253676029722644,0.0013513650478844536,0.7305346322152764,0.7304748479332746,5.9784282001817957e-05,0.18903750136494638,0.17556903259336143,1.076713236797172,1,1,1,1
0.002,242,4,0.1038881253451109,0.1030760287194074,0.0008120966257035012,0.7305346322152764,0.7307948236638696,0.00026019144859323884,0.18903750136494638,0.18011759179633893,1.0495227005849228,1,1,1,1
0.002,242,5,0.1038881253451109,0.10247942269809798,0.0014087026470129133,0.7305346322152764,0.7298205064131491,0.0007141258021272634,0.18903750136494638,0.1755696538108457,1.0767094270665396,1,1,1,1
0.002,242,6,0.1038881253451109,0.1050542396753029,0.0011661143301920085,0.7305346322152764,0.7313904004991986,0.0008557682839221981,0.18903750136494638,0.19952604700572535,1.0554839413610864,1,1,1,1
0.002,242,7,0.1038881253451109,0.10553763298364066,0.0016495076385297652,0.7305346322152764,0.731024959588174,0.0004903273728976698,0.18903750136494638,0.20469735807146888,1.0828399475947916,1,1,1,1
0.002,242,8,0.1038881253451109,0.10300282192401902,0.0008853034210918737,0.7305346322152764,0.7302019733435182,0.00033265887175815134,0.18903750136494638,0.18011875912276118,1.0495158987638071,1,1,1,1
0.002,242,9,0.1038881253451109,0.10245594206202988,0.0014321832830810205,0.7305346322152764,0.7295271821433568,0.0010074500719196022,0.18903750136494638,0.17556986352102713,1.0767081409863162,1,1,1,1
0.002,242,10,0.1038881253451109,0.10399974979252119,0.00011162444741029398,0.7305346322152764,0.7313120330375092,0.0007774008222328765,0.18903750136494638,0.18957356742332587,1.002835765678814,1,1,1,1
0.002,242,11,0.1038881253451109,0.10305879160923105,0.0008293337358798447,0.7305346322152764,0.7306408288787205,0.00010619666344413581,0.18903750136494638,0.18011836097921924,1.0495182186715333,1,1,1,1
0.002,246,0,0.06920999940484762,0.06838993492893805,0.000820064475909571,0.9159857817273587,0.9139624233736967,0.0020233583536619637,0.46778176217339934,0.4524562977348118,1.0338717010135858,1,1,1,1
0.002,246,1,0.06920999940484762,0.06794083091279672,0.001269168492050901,0.9159857817273587,0.9153590993332378,0.0006266823941208921,0.46778176217339934,0.4410250202063803,1.0606694421883323,1,1,1,1
0.002,246,2,0.06920999940484762,0.06799474904793502,0.0012152503569125978,0.9159857817273587,0.9154734245191374,0.0005123572082212924,0.46778176217339934,0.44101207254854125,1.060700582344969,1,1,1,1
0.002,246,3,0.06920999940484762,0.07142597545347434,0.002215976048626722,0.9159857817273587,0.9175943675023285,0.0016085857749698063,0.46778176217339934,0.5141791416167188,1.099185952072498,1,1,1,1
0.002,246,4,0.06920999940484762,0.0684804744928839,0.000729524911963722,0.9159857817273587,0.9148660391781234,0.001119742549235303,0.46778176217339934,0.4524457464479481,1.033895811477621,1,1,1,1
0.002,246,5,0.06920999940484762,0.06732381502683449,0.0018861843780131338,0.9159857817273587,0.9124490376588227,0.0035367440685359908,0.46778176217339934,0.42988506734709103,1.0881554110734215,1,1,1,1
0.002,246,6,0.06920999940484762,0.07072884382738565,0.0015188444225380238,0.9159857817273587,0.9162730346193229,0.0002872528919641848,0.46778176217339934,0.5011809849529257,1.0713991555043691,1,1,1,1
0.002,246,7,0.06920999940484762,0.07254849483929815,0.003338495434450528,0.9159857817273587,0.915907875714135,7.790601322366086e-05,0.46778176217339934,0.5411481024049166,1.1568388213568734,1,1,1,1
0.002,246,8,0.06920999940484762,0.06804793970843158,0.001162059696416043,0.9159857817273587,0.9154903389265967,0.0004954428007619693,0.46778176217339934,0.441025269493797,1.060668842650021,1,1,1,1
0.002,246,9,0.06920999940484762,0.07002253495955692,0.0008125355547092955,0.9159857817273587,0.9141491030783854,0.0018366786489733,0.46778176217339934,0.4885200489125457,1.0443332519908268,1,1,1,1
0.002,246,10,0.06920999940484762,0.07062709519635363,0.0014170957915060067,0.9159857817273587,0.914802468808797,0.001183312918561663,0.46778176217339934,0.5011893688873935,1.0714170782519958,1,1,1,1
0.002,246,11,0.06920999940484762,0.06962637576366114,0.00041637635881351664,0.9159857817273587,0.9163449365436028,0.000359154816244156,0.46778176217339934,0.47619920760972634,1.017994385666551,1,1,1,1
0.002,250,0,0.13459909986704588,0.13352978567662607,0.0010693141904198067,0.7498096622992307,0.7485380852930731,0.0012715770061576537,0.2941086734738201,0.2871253500265422,1.0243215147900815,1,1,1,1
0.002,250,1,0.13459909986704588,0.1348542482293386,0.0002551483622927342,0.7498096622992307,0.7495500290375039,0.00025963326172684376,0.2941086734738201,0.296069698970821,1.006667690122289,1,1,1,1
0.002,250,2,0.13459909986704588,0.13412451592289193,0.0004745839441539501,0.7498096622992307,0.7490574236563337,0.0007522386428970851,0.2941086734738201,0.29125910005541256,1.0097836373794515,1,1,1,1
0.002,250,3,0.13459909986704588,0.13563439639012492,0.0010352965230790434,0.7498096622992307,0.748302943278875,0.0015067190203557068,0.2941086734738201,0.3041123772481084,1.0340136305948788,1,1,1,1
0.002,250,4,0.13459909986704588,0.13298522036134527,0.001613879505700605,0.7498096622992307,0.7503977487225354,0.0005880864233046568,0.2941086734738201,0.27989625439800975,1.0507774536189414,1,1,1,1
0.002,250,5,0.13459909986704588,0.13539622618944502,0.0007971263223991443,0.7498096622992307,0.7493507337084861,0.00045892859074458947,0.2941086734738201,0.30146240094911064,1.0250034362755547,1,1,1,1
0.002,250,6,0.13459909986704588,0.13581273853006037,0.0012136386630144935,0.7498096622992307,0.7499242729673619,0.00011461066813112097,0.2941086734738201,0.3037322640237195,1.0327212061998439,1,1,1,1
0.002,250,7,0.13459909986704588,0.13410396569309102,0.0004951341739548587,0.7498096622992307,0.7500272989591791,0.00021763665994833925,0.2941086734738201,0.28949777667639265,1.0159272269734272,1,1,1,1
0.002,250,8,0.13459909986704588,0.13356981654735567,0.0010292833196902107,0.7498096622992307,0.7495926862988371,0.00021697600039360943,0.2941086734738201,0.28615800493082766,1.027784190573017,1,1,1,1
0.002,250,9,0.13459909986704588,0.1337999303258442,0.000799169541201683,0.7498096622992307,0.7484640247430469,0.0013456375561838874,0.2941086734738201,0.28952125184096966,1.0158448528516664,1,1,1,1
0.002,250,10,0.13459909986704588,0.13535029875769272,0.0007511988906468425,0.7498096622992307,0.7494513995896258,0.00035826270960492845,0.2941086734738201,0.300605717973641,1.022090625288544,1,1,1,1
0.002,250,11,0.13459909986704588,0.13480018281093656,0.00020108294389067916,0.7498096622992307,0.7497592686537079,5.0393645522839314e-05,0.2941086734738201,0.29610696927378605,1.0067944130187096,1,1,1,1
0.002,254,0,0.11583021394908428,0.11745143510261138,0.0016212211535270998,1.0222503594774752,1.026670369499655,0.004420010022179843,0.4409274386614561,0.45926805146085053,1.0415955352088586,1,1,1,1
0.002,254,1,0.11583021394908428,0.11677862842874287,0.0009484144796585853,1.0222503594774752,1.022867863167999,0.000617503690523824,0.4409274386614561,0.45558763321100954,1.0332485421956457,1,1,1,1
0.002,254,2,0.11583021394908428,0.11708666631579386,0.0012564523667095706,1.0222503594774752,1.0257646423962183,0.003514282918743117,0.4409274386614561,0.4536845672564036,1.0289324897395247,1,1,1,1
0.002,254,3,0.11583021394908428,0.11522238400714244,0.0006078299419418481,1.0222503594774752,1.022290646728382,4.028725090687857e-05,0.4409274386614561,0.431211542292218,1.0225316240784992,1,1,1,1
0.002,254,4,0.11583021394908428,0.11712880328351657,0.0012985893344322902,1.0222503594774752,1.021635184983401,0.0006151744940743331,0.4409274386614561,0.463448080701455,1.0510756193997948,1,1,1,1
0.002,254,5,0.11583021394908428,0.11624943271214111,0.00041921876305682504,1.0222503594774752,1.0224747195484076,0.00022436007093240562,0.4409274386614561,0.44725474267286813,1.014349989264946,1,1,1,1
0.002,254,6,0.11583021394908428,0.11739018663066668,0.0015599726815823944,1.0222503594774752,1.0257187857653194,0.003468426287844162,0.4409274386614561,0.458496799363635,1.0398463764367103,1,1,1,1
0.002,254,7,0.11583021394908428,0.11344297779843154,0.002387236150652741,1.0222503594774752,1.0188453340373316,0.0034050254401436497,0.4409274386614561,0.4083880660521206,1.0796775795235474,1,1,1,1
0.002,254,8,0.11583021394908428,0.11668315341487426,0.000852939465789973,1.0222503594774752,1.0248136278031685,0.002563268325693313,0.4409274386614561,0.4489846831820388,1.018273402410706,1,1,1,1
0.002,254,9,0.11583021394908428,0.11748067875485883,0.0016504648057745486,1.0222503594774752,1.0264681625101273,0.004217803032652068,0.4409274386614561,0.4598168881790914,1.0428402677206454,1,1,1,1
0.002,254,10,0.11583021394908428,0.11500884145309079,0.000821372495993497,1.0222503594774752,1.0214859652632424,0.0007643942142327997,0.4409274386614561,0.42978579501820097,1.0259237130970866,1,1,1,1
0.002,254,11,0.11583021394908428,0.11489820328130894,0.0009320106677753459,1.0222503594774752,1.020132710628593,0.0021176488488823253,0.4409274386614561,0.4298091172182099,1.0258680446687722,1,1,1,1
0.002,259,0,0.11167865917086602,0.11245541370433454,0.0007767545334685239,0.8310590332653374,0.8315641571274667,0.0005051238621293086,0.37959898644126955,0.38804778033573145,1.0222571560943012,1,1,1,1
0.002,259,1,0.11167865917086602,0.11090212482853527,0.0007765343423307425,0.8310590332653374,0.83200187058268,0.0009428373173426818,0.37959898644126955,0.36869441541705983,1.0295761762810394,1,1,1,1
0.002,259,2,0.11167865917086602,0.11410325914803333,0.002424599977167319,0.8310590332653374,0.830875,0.00018403326533733555,0.37959898644126955,0.4084238652674521,1.0759350784795687,1,1,1,1
0.002,259,3,0.11167865917086602,0.10990585009535246,0.001772809075513554,0.8310590332653374,0.8306512134463604,0.0004078198189769733,0.37959898644126955,0.3593828426711619,1.0562523898465725,1,1,1,1
0.002,259,4,0.11167865917086602,0.11320247184231005,0.0015238126714440386,0.8310590332653374,0.8303519528540384,0.0007070804112989659,0.37959898644126955,0.398106016488779,1.0487541608606818,1,1,1,1
0.002,259,5,0.11167865917086602,0.11070720290229545,0.0009714562685705641,0.8310590332653374,0.8305176033087265,0.0005414299566108838,0.37959898644126955,0.36869649313517716,1.0295703743026792,1,1,1,1
0.002,259,6,0.11167865917086602,0.11169641190922705,1.775273836103486e-05,0.8310590332653374,0.8311978135933201,0.00013878032798275708,0.37959898644126955,0.37824832915902745,1.0035708215426755,1,1,1,1
0.002,259,7,0.11167865917086602,0.1107421834741349,0.0009364756967311094,0.8310590332653374,0.8311826962812361,0.00012366301589872286,0.37959898644126955,0.36869934151741035,1.0295624203694014,1,1,1,1
0.002,259,8,0.11167865917086602,0.11068232631364341,0.000996332857222601,0.8310590332653374,0.829955495117731,0.001103538147606331,0.37959898644126955,0.3686902718363382,1.029587747326769,1,1,1,1
0.002,259,9,0.11167865917086602,0.11153735883015226,0.00014130034071375974,0.8310590332653374,0.8311928904754451,0.000133857210107724,0.37959898644126955,0.37825213346426045,1.0035607280378667,1,1,1,1
0.002,259,10,0.11167865917086602,0.11024304643236285,0.0014356127385031642,0.8310590332653374,0.8327210303508021,0.0016619970854647725,0.37959898644126955,0.3593826552525747,1.0562529406837589,1,1,1,1
0.002,259,11,0.11167865917086602,0.11019087347862205,0.001487785692243962,0.8310590332653374,0.8326953105068692,0.0016362772415318139,0.37959898644126955,0.3593837110048447,1.0562498377567044,1,1,1,1
0.01,0,0,0.1960261430591345,0.19974827557568098,0.003722132516546489,1.229329101163894,1.242839380174852,0.013510279010958026,0.21919473159126937,0.2288784006018181,1.0441783839431222,1,1,1,1
0.01,0,1,0.1960261430591345,0.1986375639646601,0.002611420905525602,1.229329101163894,1.2346111358141671,0.005282034650273104,0.21919473159126937,0.24104161984544686,1.099668856525782,1,1,1,1
0.01,0,2,0.1960261430591345,0.18771637674383784,0.008309766315296646,1.229329101163894,1.2063743066326864,0.022954794531207634,0.21919473159126937,0.15446984057072125,1.4190131276203073,0,1,0,0
0.01,0,3,0.1960261430591345,0.19315542579555217,0.0028707172635823175,1.229329101163894,1.2230196666298383,0.006309434534055747,0.21919473159126937,0.19511939907837458,1.1233876930054727,1,1,1,1
0.01,0,4,0.1960261430591345,0.19877739822142243,0.002751255162287941,1.229329101163894,1.2380493023937462,0.008720201229852176,0.21919473159126937,0.2285538645553563,1.0426978007005152,1,1,1,1
0.01,0,5,0.1960261430591345,0.2,0.003973856940865522,1.229329101163894,1.2376562889146412,0.008327187750747145,0.21919473159126937,0.25953064745127885,1.1840186375246624,1,1,1,1
0.01,4,0,0.14510893989354373,0.14772614094820705,0.002617201054663315,0.8648613370582462,0.8638246873701667,0.0010366496880794829,0.4314022366050631,0.45595836617133373,1.0569216556676109,1,1,1,1
0.01,4,1,0.14510893989354373,0.14218402997868182,0.0029249099148619118,0.8648613370582462,0.8720100777929131,0.00714874073466687,0.4314022366050631,0.39323761767791976,1.097052309370875,1,1,1,1
0.01,4,2,0.14510893989354373,0.1509848621721349,0.005875922278591156,0.8648613370582462,0.8575032663484539,0.00735807070979233,0.4314022366050631,0.498139778358072,1.154699109300412,0,1,1,0
0.01,4,3,0.14510893989354373,0.13760414396755147,0.007504795925992264,0.8648613370582462,0.8682569994384047,0.0033956623801585373,0.4314022366050631,0.3502985088474776,1.231527470740387,0,1,0,0
0.01,4,4,0.14510893989354373,0.1416210241423679,0.003487915751175824,0.8648613370582462,0.8576246768001147,0.007236660258131522,0.4314022366050631,0.41088464657882307,1.049935158680367,1,1,1,1
0.01,4,5,0.14510893989354373,0.1479031825148176,0.002794242621273868,0.8648613370582462,0.8593116769691891,0.005549660089057107,0.4314022366050631,0.46488912130008403,1.077623345114173,1,1,1,1
0.01,8,0,0.1936690904200077,0.1925365929007215,0.0011324975192862075,1.7677895900048315,1.7583215820746996,0.009468007930131916,0.2310081331152469,0.2328378891342517,1.0079207428514734,1,1,1,1
0.01,8,1,0.1936690904200077,0.19775333987787064,0.004084249457862926,1.7677895900048315,1.787835062997288,0.020045472992456403,0.2310081331152469,0.24487274856474223,1.0600178671743061,1,1,1,1
0.01,8,2,0.1936690904200077,0.18991140954274924,0.0037576808772584736,1.7677895900048315,1.7485177800092258,0.019271809995605738,0.2310081331152469,0.22685862329598028,1.0182911707696154,1,1,1,1
0.01,8,3,0.1936690904200077,0.18877290221057708,0.004896188209430635,1.7677895900048315,1.743026836035026,0.02476275396980543,0.2310081331152469,0.20457131261039643,1.1292303410850135,1,1,1,1
0.01,8,4,0.1936690904200077,0.19461154617275783,0.0009424557527501209,1.7677895900048315,1.7754365431393104,0.00764695313447894,0.2310081331152469,0.22105755096035454,1.0450135365730029,1,1,1,1
0.01,8,5,0.1936690904200077,0.18735787033117882,0.006311220088828895,1.7677895900048315,1.737233808939948,0.030555781064883547,0.2310081331152469,0.16684368471799102,1.384578226653951,0,0,0,0
0.01,12,0,0.08472953829914331,0.08992580816601452,0.005196269866871203,1.3356098269950598,1.3617500789336157,0.026140251938555847,0.4851499961875379,0.5847116177860828,1.2052182260763302,0,1,0,0
0.01,12,1,0.08472953829914331,0.08830469968436701,0.0035751613852236935,1.3356098269950598,1.3565175253842194,0.020907698389159624,0.4851499961875379,0.5549139035787466,1.1437986353487284,1,1,1,1
0.01,12,2,0.08472953829914331,0.07606237384970718,0.008667164449436132,1.3356098269950598,1.2830059961714262,0.052603830823633624,0.4851499961875379,0.31608306630125416,1.5348813268128338,0,0,0,0
0.01,12,3,0.08472953829914331,0.08413901310208913,0.0005905251970541869,1.3356098269950598,1.3274185868246047,0.008191240170455139,0.4851499961875379,0.47626651192413266,1.01865233864022,1,1,1,1
0.01,12,4,0.08472953829914331,0.09001556551801225,0.0052860272188689356,1.3356098269950598,1.3668454865111093,0.031235659516049452,0.4851499961875379,0.5842206129302875,1.2042061579331709,0,0,0,0
0.01,12,5,0.08472953829914331,0.08537074961203864,0.0006412113128953234,1.3356098269950598,1.3454427699777458,0.009832942982686,0.4851499961875379,0.4759016280834106,1.0194333609266544,1,1,1,1
0.01,16,0,0.11195363625884057,0.11241667813572725,0.00046304187688668563,0.7990985781513155,0.7984799742943828,0.0006186038569326868,0.32370030720718207,0.32716874283792197,1.0107149593420681,1,1,1,1
0.01,16,1,0.11195363625884057,0.1165036342637597,0.004549998004919134,0.7990985781513155,0.7951184812502486,0.003980096901066821,0.32370030720718207,0.37621188808316997,1.1622228329934152,1,1,1,1
0.01,16,2,0.11195363625884057,0.126735835714612,0.01478219945577143,0.7990985781513155,0.777881859604789,0.021216718546526514,0.32370030720718207,0.5010892776505529,1.548003713601156,0,1,0,0
0.01,16,3,0.11195363625884057,0.11581629659100047,0.0038626603321599007,0.7990985781513155,0.7943574928545241,0.004741085296791403,0.32370030720718207,0.36869915008261805,1.1390139022841113,1,1,1,1
0.01,16,4,0.11195363625884057,0.10459030962709037,0.007363326631750197,0.7990985781513155,0.8026469194503293,0.003548341299013824,0.32370030720718207,0.2290632341775054,1.4131482442806191,0,1,0,0
0.01,16,5,0.11195363625884057,0.11445834356629235,0.002504707307451781,0.7990985781513155,0.8051850150581762,0.006086436906860726,0.32370030720718207,0.3414544609366968,1.054847503490787,1,1,1,1
0.01,20,0,0.15166596304625274,0.16329012856237726,0.011624165516124524,1.1964951002877207,1.220052712628795,0.02355761234107434,0.41682304952293636,0.5420280366201367,1.3003792310442053,0,1,0,0
0.01,20,1,0.15166596304625274,0.15824544489423303,0.006579481847980295,1.1964951002877207,1.2091177431675542,0.012622642879833501,0.41682304952293636,0.49639592639723407,1.1909032549072578,0,1,1,0
0.01,20,2,0.15166596304625274,0.15000748214149984,0.0016584809047529014,1.1964951002877207,1.1905772070628606,0.005917893224860027,0.41682304952293636,0.40846214994080604,1.0204692150382648,1,1,1,1
0.01,20,3,0.15166596304625274,0.15598668901075372,0.004320725964500977,1.1964951002877207,1.2026809439654669,0.006185843677746217,0.41682304952293636,0.47470852469430674,1.1388730187488951,1,1,1,1
0.01,20,4,0.15166596304625274,0.14331907866687235,0.008346884379380387,1.1964951002877207,1.1707191150124163,0.025775985275304336,0.41682304952293636,0.32651729663958495,1.2765726465726328,0,1,0,0
0.01,20,5,0.15166596304625274,0.15700081030409926,0.005334847257846526,1.1964951002877207,1.2082234745657838,0.01172837427806317,0.41682304952293636,0.48010580423945015,1.1518216297993653,0,1,1,0
0.01,24,0,0.16970659270882607,0.16492691122448577,0.004779681484340298,1.0062474832776933,1.0005767701035244,0.005670713174168895,0.3320008604880422,0.28508099375668455,1.164584338342119,1,1,1,1
0.01,24,1,0.16970659270882607,0.1765152478595217,0.0068086551506956194,1.0062474832776933,1.0097903592101154,0.003542875932422085,0.3320008604880422,0.3987636919367979,1.2010923446120414,0,1,0,0
0.01,24,2,0.16970659270882607,0.17634965968636984,0.006643066977543771,1.0062474832776933,1.0164511811107853,0.01020369783309194,0.3320008604880422,0.3896193109527032,1.173549099782337,0,1,1,0
0.01,24,3,0.16970659270882607,0.16396037726490284,0.0057462154439232305,1.0062474832776933,0.9963083143060487,0.009939168971644596,0.3320008604880422,0.28833483241657415,1.1514420845566837,0,1,1,0
0.01,24,4,0.16970659270882607,0.16923321399015648,0.0004733787186695926,1.0062474832776933,1.0095764851125113,0.0033290018348179906,0.3320008604880422,0.3185202006805978,1.042322778205714,1,1,1,1
0.01,24,5,0.16970659270882607,0.17277612969887904,0.003069536990052968,1.0062474832776933,1.0138203062237934,0.007572822946100066,0.3320008604880422,0.3487921892091723,1.0505761602438222,1,1,1,1
0.01,28,0,0.17435055691748857,0.1725494265111163,0.001801130406372281,1.1715253612957894,1.1675894674161067,0.003935893879682739,0.11922264367341995,0.10797285607951985,1.1041908865096135,1,1,1,1
0.01,28,1,0.17435055691748857,0.1700947539012015,0.004255803016287085,1.1715253612957894,1.15607480856723,0.01545055272855933,0.11922264367341995,0.09026855744217514,1.320754945594344,1,1,0,0
0.01,28,2,0.17435055691748857,0.17256225808968556,0.0017882988278030143,1.1715253612957894,1.1652193675032891,0.006305993792500297,0.11922264367341995,0.11659510918826153,1.0225355463316719,1,1,1,1
0.01,28,3,0.17435055691748857,0.16944451551850323,0.004906041398985345,1.1715253612957894,1.1558556414755925,0.015669719820196937,0.11922264367341995,0.07356269745549249,1.620694289324464,1,1,0,0
0.01,28,4,0.17435055691748857,0.17372245794636296,0.000628098971125618,1.1715253612957894,1.1686448334026642,0.0028805278931252065,0.11922264367341995,0.11364076614082157,1.0491186193313886,1,1,1,1
0.01,28,5,0.17435055691748857,0.16986667801671176,0.004483878900776811,1.1715253612957894,1.155833471567686,0.015691889728103536,0.11922264367341995,0.08576447672185515,1.390116843598006,1,1,0,0
0.01,32,0,0.13209578450769185,0.12472981768551276,0.00736596682217909,0.9738992277253419,0.956765190359085,0.01713403736625685,0.323387467591092,0.25768030697915917,1.254994886424313,0,1,0,0
0.01,32,1,0.13209578450769185,0.1313726100355378,0.0007231744721540589,0.9738992277253419,0.9772045496244722,0.0033053218991303535,0.323387467591092,0.3061433118973777,1.0563270697858482,1,1,1,1
0.01,32,2,0.13209578450769185,0.12305888710279603,0.009036897404895827,0.9738992277253419,0.9592237854281614,0.01467544229718043,0.323387467591092,0.21947465100373958,1.4734615870767775,0,1,0,0
0.01,32,3,0.13209578450769185,0.13163677193663867,0.0004590125710531856,0.9738992277253419,0.9743243752309071,0.0004251475055652154,0.323387467591092,0.3144740268179606,1.0283439648842323,1,1,1,1
0.01,32,4,0.13209578450769185,0.14175129093311972,0.009655506425427868,0.9738992277253419,0.9843051049061712,0.010405877180829304,0.323387467591092,0.43209019786182923,1.3361377331053121,0,1,0,0
0.01,32,5,0.13209578450769185,0.1311438742821203,0.0009519102255715617,0.9738992277253419,0.9681751444030655,0.005724083322276363,0.323387467591092,0.32441838265503775,1.0031878633752416,1,1,1,1
0.01,37,0,0.19654424581676722,0.19464262935611734,0.0019016164606498742,0.9900383590348065,0.9814996302140427,0.008538728820763786,0.23231939452700318,0.23823520147950938,1.0254641114425709,1,1,1,1
0.01,37,1,0.19654424581676722,0.1985882319122929,0.002043986095525696,0.9900383590348065,0.9953286359057583,0.005290276870951738,0.23231939452700318,0.23743967502238078,1.022039832299849,1,1,1,1
0.01,37,2,0.19654424581676722,0.19083462551945907,0.005709620297308149,0.9900383590348065,0.9816726758087354,0.008365683226071119,0.23231939452700318,0.19195255800177147,1.2102959030369327,0,1,0,0
0.01,37,3,0.19654424581676722,0.1932197337178896,0.0033245120988776022,0.9900383590348065,0.9862319588715791,0.003806400163227419,0.23231939452700318,0.2064629906265337,1.1252350545829328,1,1,1,1
0.01,37,4,0.19654424581676722,0.2,0.0034557541832327954,0.9900383590348065,0.9947777139524165,0.004739354917610017,0.23231939452700318,0.2591884310053622,1.1156555892936264,1,1,1,1
0.01,37,5,0.19654424581676722,0.2,0.0034557541832327954,0.9900383590348065,0.9939281009736239,0.003889741938817415,0.23231939452700318,0.26053110707028243,1.1214350295665914,1,1,1,1
0.01,41,0,0.1610231997445226,0.16097632582010338,4.687392441921068e-05,1.486010974450037,1.487417442320168,0.0014064678701311006,0.2522468554228544,0.2268256519811127,1.112073758940891,1,1,1,1
0.01,41,1,0.1610231997445226,0.16270091605115547,0.0016777163066328815,1.486010974450037,1.4930966713452267,0.007085696895189786,0.2522468554228544,0.2642760766044354,1.047688289954758,1,1,1,1
0.01,41,2,0.1610231997445226,0.1632601221028578,0.002236922358335225,1.486010974450037,1.4934493991466378,0.007438424696600832,0.2522468554228544,0.2711080812886639,1.0747728879878065,1,1,1,1
0.01,41,3,0.1610231997445226,0.16151151755892554,0.0004883178144029499,1.486010974450037,1.4921031844433172,0.0060922099932803064,0.2522468554228544,0.2511398283966554,1.0044080106021678,1,1,1,1
0.01,41,4,0.1610231997445226,0.15986634058678784,0.001156859157734752,1.486010974450037,1.4785008641558919,0.007510110294145056,0.2522468554228544,0.2576771913066069,1.0215278635471958,1,1,1,1
0.01,41,5,0.1610231997445226,0.16217029926805246,0.0011470995235298709,1.486010974450037,1.486829987359634,0.0008190129095970722,0.2522468554228544,0.28558916965730785,1.132181287963174,1,1,1,1
0.01,45,0,0.1436112094670534,0.1460460426693609,0.0024348332023074737,0.9376953115593643,0.9435582071698962,0.005862895610531993,0.23160094732418657,0.2448371193179478,1.05715076793375,1,1,1,1
0.01,45,1,0.1436112094670534,0.15646298703829126,0.012851777571237843,0.9376953115593643,0.9537968263855199,0.016101514826155627,0.23160094732418657,0.34769741285410777,1.5012780252898257,0,1,0,0
0.01,45,2,0.1436112094670534,0.1562954716579167,0.012684262190863299,0.9376953115593643,0.9554784592275435,0.017783147668179233,0.23160094732418657,0.34428635862673473,1.4865498721160895,0,1,0,0
0.01,45,3,0.1436112094670534,0.13144729573620365,0.012163913730849768,0.9376953115593643,0.9135452591451735,0.02415005241419077,0.23160094732418657,0.1256271529366579,1.8435580359045578,0,1,0,0
0.01,45,4,0.1436112094670534,0.1474133862278145,0.0038021767607610835,0.9376953115593643,0.9401758025180436,0.0024804909586793045,0.23160094732418657,0.27674208426812635,1.1949091204741613,1,1,1,1
0.01,45,5,0.1436112094670534,0.13759506806000774,0.006016141407045678,0.9376953115593643,0.927161280877586,0.010534030681778273,0.23160094732418657,0.17379854758794577,1.3325827547954137,0,1,0,0
0.01,49,0,0.16544179730117323,0.1653735089357435,6.828836542971395e-05,1.1795602520368993,1.1802539133228929,0.0006936612859935742,0.22116195378825068,0.2199751921820809,1.005394979290153,1,1,1,1
0.01,49,1,0.16544179730117323,0.15947448130086708,0.005967316000306144,1.1795602520368993,1.163816548116899,0.01574370392000035,0.22116195378825068,0.15060667813122475,1.4684737525088403,0,1,0,0
0.01,49,2,0.16544179730117323,0.15562025666752297,0.00982154063365026,1.1795602520368993,1.144759552478314,0.034800699558585224,0.22116195378825068,0.15446456842695128,1.4317973114516658,0,0,0,0
0.01,49,3,0.16544179730117323,0.16067757628364668,0.004764221017526549,1.1795602520368993,1.1639347009556629,0.015625551081236422,0.22116195378825068,0.17559102864663345,1.2595287782801592,1,1,0,0
0.01,49,4,0.16544179730117323,0.1728005394951741,0.007358742194000872,1.1795602520368993,1.2009931794949176,0.02143292745801828,0.22116195378825068,0.28029081166948877,1.2673554690055344,0,1,0,0
0.01,49,5,0.16544179730117323,0.17364363821508394,0.008201840913910713,1.1795602520368993,1.2044805604045867,0.024920308367687438,0.22116195378825068,0.29025967702790584,1.31243042510744,0,1,0,0
0.01,53,0,0.18715775683522226,0.18439998107924202,0.0027577757559802407,0.6819503198005259,0.6826243465245782,0.0006740267240522568,0.15320938994176686,0.137855276067426,1.1113785000643068,1,1,1,1
0.01,53,1,0.18715775683522226,0.1780505564787763,0.009107200356445966,0.6819503198005259,0.6819644488628713,1.4129062345435983e-05,0.15320938994176686,0.10797729716419097,1.4189037322243367,0,1,0,0
0.01,53,2,0.18715775683522226,0.17825826676617396,0.008899490069048305,0.6819503198005259,0.68244511125639,0.0004947914558640631,0.15320938994176686,0.10545059374106261,1.4529021080523978,0,1,0,0
0.01,53,3,0.18715775683522226,0.18740179951763333,0.00024404268241107197,0.6819503198005259,0.681670766808095,0.00027955299243087595,0.15320938994176686,0.15437274570091505,1.0075932405943941,1,1,1,1
0.01,53,4,0.18715775683522226,0.18452188479970538,0.0026358720355168785,0.6819503198005259,0.6843879316006135,0.0024376118000876135,0.15320938994176686,0.13907503856456788,1.1016311160009988,1,1,1,1
0.01,53,5,0.18715775683522226,0.18167468148454075,0.0054830753506815155,0.6819503198005259,0.6811418549040501,0.0008084648964757912,0.15320938994176686,0.12694202222066797,1.2069241316751467,0,1,0,0
0.01,57,0,0.19293610490858557,0.2,0.007063895091414446,1.0909329909365624,1.1067019097578645,0.015768918821302158,0.4446702683065087,0.48092396031527695,1.0815293816401028,0,1,1,0
0.01,57,1,0.19293610490858557,0.19702194071476298,0.0040858358061774125,1.0909329909365624,1.0976155499703486,0.006682559033786228,0.4446702683065087,0.47326193315318293,1.0642985755615353,1,1,1,1
0.01,57,2,0.19293610490858557,0.19050427611991289,0.0024318287886726797,1.0909329909365624,1.092256003656799,0.0013230127202366049,0.4446702683065087,0.4142709592876928,1.0733802559346308,1,1,1,1
0.01,57,3,0.19293610490858557,0.1882300613453946,0.004706043563190959,1.0909329909365624,1.0760252618406951,0.01490772909586724,0.4446702683065087,0.4245701959448811,1.0473421652146233,1,1,1,1
0.01,57,4,0.19293610490858557,0.19016318358061085,0.0027729213279747145,1.0909329909365624,1.0910483540857114,0.00011536314914906143,0.4446702683065087,0.40888784828428965,1.0875115760283989,1,1,1,1
0.01,57,5,0.19293610490858557,0.19215761946734486,0.0007784854412407061,1.0909329909365624,1.0924292560617086,0.0014962651251462233,0.4446702683065087,0.4348730830791222,1.0225288379727193,1,1,1,1
0.01,61,0,0.13256705384701492,0.12794958288952332,0.004617470957491598,0.7852806524094195,0.7860319936751776,0.0007513412657581542,0.31636271155439316,0.27336169869181215,1.1573044543853979,1,1,1,1
0.01,61,1,0.13256705384701492,0.1307696091634428,0.0017974446835721247,0.7852806524094195,0.7818228682859226,0.003457784123496843,0.31636271155439316,0.3082435291034378,1.0263401553783496,1,1,1,1
0.01,61,2,0.13256705384701492,0.13594041748300736,0.0033733636359924435,0.7852806524094195,0.7844256149013721,0.0008550375080473849,0.31636271155439316,0.3448401840280445,1.0900152623352235,1,1,1,1
0.01,61,3,0.13256705384701492,0.14818781856350283,0.015620764716487906,0.7852806524094195,0.7754621864217961,0.00981846598762337,0.31636271155439316,0.4601782066894126,1.4545905376408206,0,1,0,0
0.01,61,4,0.13256705384701492,0.14314885295134427,0.010581799104329354,0.7852806524094195,0.7718791569725377,0.013401495436881738,0.31636271155439316,0.4239721629387444,1.3401458119246448,0,1,0,0
0.01,61,5,0.13256705384701492,0.13721231166028078,0.004645257813265857,0.7852806524094195,0.7826456200767745,0.0026350323326449487,0.31636271155439316,0.3614060456231179,1.1423787710233364,1,1,1,1
0.01,65,0,0.1382226338610053,0.14672083038715383,0.008498196526148527,1.17963295083493,1.2004377153773969,0.020804764542466936,0.3123058353830129,0.41873715976668185,1.3407919812101534,0,1,0,0
0.01,65,1,0.1382226338610053,0.13747103263712288,0.000751601223882431,1.17963295083493,1.1750625319208445,0.0045704189140853835,0.3123058353830129,0.30834017437925093,1.012861317899121,1,1,1,1
0.01,65,2,0.1382226338610053,0.13434700980771996,0.0038756240532853425,1.17963295083493,1.1675245752598973,0.012108375575032637,0.3123058353830129,0.2619973483881804,1.1920190692933825,1,1,1,1
0.01,65,3,0.1382226338610053,0.13704358632609626,0.0011790475349090501,1.17963295083493,1.1798315680611908,0.00019861722626091094,0.3123058353830129,0.2816487135803337,1.1088487904416966,1,1,1,1
0.01,65,4,0.1382226338610053,0.13946031154839791,0.0012376776873926076,1.17963295083493,1.176689486665658,0.0029434641692718255,0.3123058353830129,0.3440354418229422,1.1015978660821886,1,1,1,1
0.01,65,5,0.1382226338610053,0.13397687954204515,0.004245754318960154,1.17963295083493,1.1698758463323493,0.009757104502580605,0.3123058353830129,0.2576345576346832,1.2122047533151654,1,1,0,0
0.01,69,0,0.09772115238010884,0.10409219350378045,0.006371041123671609,1.1655377277173102,1.1774129829282298,0.011875255210919589,0.44020454460754993,0.5552963382543894,1.2614507166195792,0,1,0,0
0.01,69,1,0.09772115238010884,0.1034484227779509,0.0057272703978420575,1.1655377277173102,1.1830172066633629,0.017479478946052618,0.44020454460754993,0.5410330649333823,1.2290492489479472,0,1,0,0
0.01,69,2,0.09772115238010884,0.09899334915775734,0.0012721967776485044,1.1655377277173102,1.169468934560437,0.0039312068431267555,0.44020454460754993,0.4640438626798698,1.0541550930456045,1,1,1,1
0.01,69,3,0.09772115238010884,0.11072439621012313,0.013003243830014291,1.1655377277173102,1.204919740674246,0.039382012956935775,0.44020454460754993,0.6472362177405531,1.4703078958841178,0,0,0,0
0.01,69,4,0.09772115238010884,0.08900211650145867,0.008719035878650166,1.1655377277173102,1.1280357025331729,0.037502025184137366,0.44020454460754993,0.3004844391867953,1.4649828317196087,0,0,0,0
0.01,69,5,0.09772115238010884,0.10006663470397778,0.0023454823238689415,1.1655377277173102,1.1674791143315064,0.0019413866141961833,0.44020454460754993,0.4884892267816997,1.1096869234214664,1,1,1,1
0.01,74,0,0.07260450441390276,0.08239855257950983,0.00979404816560707,0.9316552768740803,0.9311362567528898,0.0005190201211905388,0.4404013613332063,0.6473228055523541,1.4698474218897606,0,1,0,0
0.01,74,1,0.07260450441390276,0.07303802950047668,0.00043352508657391875,0.9316552768740803,0.9263549206679064,0.005300356206173973,0.4404013613332063,0.4641729002675539,1.0539769878603127,1,1,1,1
0.01,74,2,0.07260450441390276,0.07372829844895788,0.0011237940350551229,0.9316552768740803,0.9313616535765683,0.00029362329751203564,0.4404013613332063,0.4641494387819719,1.0539237148969616,1,1,1,1
0.01,74,3,0.07260450441390276,0.0799261881255105,0.0073216837116077405,0.9316552768740803,0.9287980785426809,0.002857198331399413,0.4404013613332063,0.5994558565237056,1.3611580461717945,0,1,0,0
0.01,74,4,0.07260450441390276,0.0785581829043547,0.005953678490451947,0.9316552768740803,0.9335237715238829,0.0018684946498025434,0.4404013613332063,0.5552019362578203,1.260672615945336,0,1,0,0
0.01,74,5,0.07260450441390276,0.08281125763521092,0.010206753221308165,0.9316552768740803,0.9264199978109264,0.005235279063153908,0.4404013613332063,0.663963955152569,1.5076337483212636,0,1,0,0
0.01,78,0,0.10784034468233586,0.10459910787961972,0.003241236802716138,1.2279097676835955,1.2168437373340149,0.011066030349580647,0.5911471727117896,0.5411629823043451,1.092364393060673,1,1,1,1
0.01,78,1,0.10784034468233586,0.11734644722660097,0.009506102544265108,1.2279097676835955,1.2370980512691867,0.009188283585591206,0.5911471727117896,0.7745576554277614,1.3102619638263795,0,1,0,0
0.01,78,2,0.10784034468233586,0.12330175420505009,0.015461409522714228,1.2279097676835955,1.2514746617144106,0.023564894030815076,0.5911471727117896,0.8578112524797203,1.4510959234477152,0,1,0,0
0.01,78,3,0.10784034468233586,0.10664460108197148,0.0011957436003643823,1.2279097676835955,1.219504071019684,0.008405696663911444,0.5911471727117896,0.5842007279699559,1.011890510246319,1,1,1,1
0.01,78,4,0.10784034468233586,0.10213369179604123,0.0057066528862946275,1.2279097676835955,1.2128117165009498,0.015098051182645733,0.5911471727117896,0.48865987178099457,1.2097313629565378,0,1,0,0
0.01,78,5,0.10784034468233586,0.1078943596778195,5.401499548364497e-05,1.2279097676835955,1.2264557304233699,0.001454037260225638,0.5911471727117896,0.5995936135772184,1.0142882200158079,1,1,1,1
0.01,82,0,0.1782273542135954,0.16836908009255128,0.00985827412104412,0.9224195586331189,0.906881663850665,0.01553789478245382,0.13302488021552564,0.056957410689309595,2.335514880427899,0,1,0,0
0.01,82,1,0.1782273542135954,0.17810801489305275,0.00011933932054264407,0.9224195586331189,0.9243868419042599,0.0019672832711410404,0.13302488021552564,0.12713131979278372,1.0463580526997442,1,1,1,1
0.01,82,2,0.1782273542135954,0.18074548156268241,0.002518127349087018,0.9224195586331189,0.9230593970018267,0.0006398383687078457,0.13302488021552564,0.15647036537290776,1.1762488725371973,1,1,1,1
0.01,82,3,0.1782273542135954,0.1691988481256497,0.009028506087945698,0.9224195586331189,0.907032486875471,0.015387071757647863,0.13302488021552564,0.0664071547371766,2.0031709044304917,0,1,0,0
0.01,82,4,0.1782273542135954,0.17878659925363788,0.0005592450400424831,0.9224195586331189,0.922286761962669,0.00013279667044985288,0.13302488021552564,0.1446979121907301,1.0877507422392858,1,1,1,1
0.01,82,5,0.1782273542135954,0.17064539193601352,0.007581962277581872,0.9224195586331189,0.9052467756106773,0.017172783022441518,0.13302488021552564,0.09501247355048467,1.4000780660114396,0,1,0,0
0.01,86,0,0.09365297723561526,0.09252950187225505,0.0011234753633602157,0.8177193802129478,0.8140261238544435,0.00369325635850426,0.30180216473527255,0.29287510257654725,1.0304807820131863,1,1,1,1
0.01,86,1,0.09365297723561526,0.0882235525315076,0.005429424704107663,0.8177193802129478,0.8127214341957903,0.0049979460171574175,0.30180216473527255,0.2320304350387541,1.3007007666251416,0,1,0,0
0.01,86,2,0.09365297723561526,0.09929557232809753,0.005642595092482272,0.8177193802129478,0.8205630119669163,0.002843631753968512,0.30180216473527255,0.3782530416987311,1.2533145414331863,0,1,0,0
0.01,86,3,0.09365297723561526,0.08880387083982982,0.004849106395785438,0.8177193802129478,0.8122352837510869,0.005484096461860877,0.30180216473527255,0.24382668885230385,1.237773297729876,1,1,0,0
0.01,86,4,0.09365297723561526,0.10024627116480908,0.006593293929193819,0.8177193802129478,0.8039113240738458,0.013808056139101965,0.30180216473527255,0.4084054906581137,1.3532225357506924,0,1,0,0
0.01,86,5,0.09365297723561526,0.09276667076397409,0.0008863064716411739,0.8177193802129478,0.8225809318336537,0.004861551620705895,0.30180216473527255,0.28214761029461355,1.0696605383973874,1,1,1,1
0.01,90,0,0.0992200244218111,0.1021197401016572,0.0028997156798460932,0.922651332616806,0.9317421184262358,0.009090785809429791,0.15961272458545864,0.18956338169079778,1.1876457981851138,1,1,1,1
0.01,90,1,0.0992200244218111,0.09256725315693437,0.006652771264876733,0.922651332616806,0.9041504719375164,0.018500860679289577,0.15961272458545864,0.06309734560990259,2.5296266117478132,0,1,0,0
0.01,90,2,0.0992200244218111,0.09335694908453779,0.005863075337273316,0.922651332616806,0.9035480844246178,0.019103248192188227,0.15961272458545864,0.09501531781175221,1.679863081673727,0,1,0,0
0.01,90,3,0.0992200244218111,0.09755357780663339,0.0016664466151777163,0.922651332616806,0.9207625824812837,0.0018887501355222547,0.15961272458545864,0.13249251881374746,1.2046923555724354,1,1,0,0
0.01,90,4,0.0992200244218111,0.1018511200192589,0.0026310955974477995,0.922651332616806,0.932971850138185,0.010320517521378969,0.15961272458545864,0.18009982750804387,1.1283550730419127,1,1,1,1
0.01,90,5,0.0992200244218111,0.10009626003824865,0.0008762356164375429,0.922651332616806,0.9273837579244891,0.004732425307683141,0.15961272458545864,0.1626105203260553,1.018781683906358,1,1,1,1
0.01,94,0,0.19554376490414144,0.18663629756548816,0.008907467338653274,1.2438947091903538,1.2237322178011216,0.020162491389232207,0.434350573560223,0.36960787712323845,1.1751658999826926,0,1,1,0
0.01,94,1,0.19554376490414144,0.19904917671744843,0.003505411813306991,1.2438947091903538,1.2509150106214013,0.007020301431047482,0.434350573560223,0.46681923810796866,1.0747522082948138,1,1,1,1
0.01,94,2,0.19554376490414144,0.2,0.004456235095858574,1.2438947091903538,1.2437911410135696,0.00010356817678425223,0.434350573560223,0.497438755361247,1.1452471474456951,1,1,1,1
0.01,94,3,0.19554376490414144,0.19221272382899307,0.0033310410751483666,1.2438947091903538,1.237913530911657,0.00598117827869693,0.434350573560223,0.40934781979073376,1.0610794843912228,1,1,1,1
0.01,94,4,0.19554376490414144,0.2,0.004456235095858574,1.2438947091903538,1.2558598892589998,0.011965180068645997,0.434350573560223,0.4638413614351504,1.0678962793422868,1,1,1,1
0.01,94,5,0.19554376490414144,0.1881661177709064,0.007377647133235049,1.2438947091903538,1.2266370154661355,0.01725769372421837,0.434350573560223,0.37375388505986185,1.1621299227181432,0,1,1,0
0.01,98,0,0.13617278281599285,0.14005976388275343,0.003886981066760581,0.9305180853791535,0.9375235022791498,0.007005416899996342,0.490056566670537,0.5274832283232658,1.0763721255833933,1,1,1,1
0.01,98,1,0.13617278281599285,0.133948334635739,0.0022244481802538574,0.9305180853791535,0.9295915651360431,0.0009265202431103514,0.490056566670537,0.4641627899834637,1.05578598122438,1,1,1,1
0.01,98,2,0.13617278281599285,0.1368523688571954,0.0006795860412025512,0.9305180853791535,0.9290783303418286,0.0014397550373248524,0.490056566670537,0.5011780455339276,1.022694275762797,1,1,1,1
0.01,98,3,0.13617278281599285,0.1463183663661936,0.01014558355020076,0.9305180853791535,0.9271988772656518,0.003319208113501726,0.490056566670537,0.6072054373302204,1.2390517312227796,0,1,0,0
0.01,98,4,0.13617278281599285,0.14164966658382608,0.005476883767833229,0.9305180853791535,0.9340932763352008,0.0035751909560473027,0.490056566670537,0.5472510358235033,1.116709933184954,0,1,1,0
0.01,98,5,0.13617278281599285,0.14111619218013988,0.004943409364147028,0.9305180853791535,0.9362538542815743,0.005735768902420779,0.490056566670537,0.535296682977743,1.0923161108003696,1,1,1,1
0.01,102,0,0.11405475772917271,0.1049008051441202,0.009153952585052513,1.0888217808492482,1.0701678630267344,0.0186539178225138,0.526263671880588,0.38799563988530344,1.356364911822613,0,1,0,0
0.01,102,1,0.11405475772917271,0.10518413815665743,0.008870619572515281,1.0888217808492482,1.0643741088082297,0.024447672041018498,0.526263671880588,0.40844890956786806,1.2884443061370048,0,1,0,0
0.01,102,2,0.11405475772917271,0.11078176086585495,0.0032729968633177647,1.0888217808492482,1.0778471536177523,0.010974627231495893,0.526263671880588,0.48856315686139806,1.077166103275948,1,1,1,1
0.01,102,3,0.11405475772917271,0.11852107967951282,0.0044663219503401075,1.0888217808492482,1.0838949420854374,0.004926838763810837,0.526263671880588,0.6149417160546686,1.1685049698703165,1,1,1,1
0.01,102,4,0.11405475772917271,0.10724662750961544,0.006808130219557271,1.0888217808492482,1.0692871561195596,0.019534624729688588,0.526263671880588,0.4409418925730088,1.1934989184395812,0,1,1,0
0.01,102,5,0.11405475772917271,0.10816562369990078,0.005889134029271936,1.0888217808492482,1.0825963846948676,0.006225396154380558,0.526263671880588,0.41987719454494854,1.2533752218930065,0,1,0,0
0.01,106,0,0.11423638109117747,0.11359265990811776,0.0006437211830597062,1.244839009605348,1.2425660514653905,0.002272958139957648,0.2412219645921141,0.22100673607429877,1.0914688342848486,1,1,1,1
0.01,106,1,0.11423638109117747,0.11730063685452141,0.0030642557633439454,1.244839009605348,1.2509048270795071,0.006065817474159019,0.2412219645921141,0.30831322756795254,1.278130820670846,1,1,0,0
0.01,106,2,0.11423638109117747,0.11765999360919756,0.0034236125180200916,1.244839009605348,1.2652583962642991,0.020419386658951044,0.2412219645921141,0.26439270206390175,1.0960556701831337,1,1,1,1
0.01,106,3,0.11423638109117747,0.11106541678948088,0.0031709643016965827,1.244839009605348,1.2267897229617248,0.018049286643623264,0.2412219645921141,0.19955339558064866,1.208809120437268,1,1,0,0
0.01,106,4,0.11423638109117747,0.11367683103894335,0.0005595500522341118,1.244839009605348,1.2452291027779645,0.0003900931726164014,0.2412219645921141,0.2099382675633594,1.149013790538751,1,1,1,1
0.01,106,5,0.11423638109117747,0.12260345485087111,0.008367073759693644,1.244839009605348,1.2871476583212262,0.04230864871587814,0.2412219645921141,0.34159045286926126,1.416083537197211,0,0,0,0
0.01,110,0,0.158744696341455,0.15304213151078758,0.005702564830667417,1.0880855558626354,1.0774079542211272,0.010677601641508216,0.47626297673210505,0.4226255280299966,1.126914833924328,0,1,1,0
0.01,110,1,0.158744696341455,0.17439089041293826,0.015646194071483266,1.0880855558626354,1.102285429842653,0.014199873980017541,0.47626297673210505,0.6420329191937602,1.34806388604693,0,1,0,0
0.01,110,2,0.158744696341455,0.16963681483311377,0.010892118491658775,1.0880855558626354,1.09817153751729,0.010085981654654574,0.47626297673210505,0.5939180318102254,1.2470380038469808,0,1,0,0
0.01,110,3,0.158744696341455,0.1519299875850168,0.0068147087564381925,1.0880855558626354,1.0756675401068925,0.012418015755742973,0.47626297673210505,0.40959611484332104,1.162762437124887,0,1,1,0
0.01,110,4,0.158744696341455,0.15685293535958628,0.0018917609818687176,1.0880855558626354,1.0878954647778831,0.00019009108475231962,0.47626297673210505,0.45453343939418656,1.047806245821826,1,1,1,1
0.01,110,5,0.158744696341455,0.16097112696654428,0.0022264306250892874,1.0880855558626354,1.0829676547462224,0.005117901116413082,0.47626297673210505,0.5184071865429439,1.0884893679958347,1,1,1,1
0.01,115,0,0.12247643060982227,0.11182829221546398,0.010648138394358297,0.9742944155447185,0.9530993195860138,0.021195095958704724,0.353709918204695,0.2326526917581427,1.520334518942076,0,1,0,0
0.01,115,1,0.12247643060982227,0.12246000147802749,1.642913179478178e-05,0.9742944155447185,0.9774411563749689,0.0031467408302503497,0.353709918204695,0.34318728498285705,1.0306614891701584,1,1,1,1
0.01,115,2,0.12247643060982227,0.1277340800276229,0.0052576494178006306,0.9742944155447185,0.9807476341937197,0.006453218649001169,0.353709918204695,0.41899372280071934,1.1845687701588397,0,1,1,0
0.01,115,3,0.12247643060982227,0.1277058334208096,0.005229402810987327,0.9742944155447185,0.9840378500988866,0.00974343455416804,0.353709918204695,0.4072587963787833,1.1513920741772898,0,1,1,0
0.01,115,4,0.12247643060982227,0.11362702728586854,0.00884940332395373,0.9742944155447185,0.9641967064663275,0.010097709078391026,0.353709918204695,0.2361538262480003,1.497794568161015,0,1,0,0
0.01,115,5,0.12247643060982227,0.12695729556306876,0.004480864953246483,0.9742944155447185,0.973852619546971,0.0004417959977475183,0.353709918204695,0.4146952321009107,1.1724161827458934,1,1,1,1
0.01,119,0,0.14886762965470554,0.1478663387997898,0.0010012908549157373,0.8323938362766057,0.8329690477663917,0.0005752114897860094,0.35813505966216325,0.3491508969439045,1.025731461087159,1,1,1,1
0.01,119,1,0.14886762965470554,0.14846637251389772,0.0004012571408078258,0.8323938362766057,0.8281000511933737,0.004293785083231971,0.35813505966216325,0.3623253657183003,1.0117003514263303,1,1,1,1
0.01,119,2,0.14886762965470554,0.13964081483352409,0.009226814821181456,0.8323938362766057,0.8271007450549956,0.005293091221610036,0.35813505966216325,0.2794328387539328,1.2816498635564277,0,1,0,0
0.01,119,3,0.14886762965470554,0.14123450398238915,0.007633125672316388,0.8323938362766057,0.8279974318702983,0.004396404406307397,0.35813505966216325,0.29080939076199275,1.2315113302351088,0,1,0,0
0.01,119,4,0.14886762965470554,0.16248948803664176,0.01362185838193622,0.8323938362766057,0.8267907376732584,0.00560309860334729,0.35813505966216325,0.48061762284257203,1.342001040880916,0,1,0,0
0.01,119,5,0.14886762965470554,0.1548037895508301,0.00593615989612456,0.8323938362766057,0.8281875793153088,0.004206256961296839,0.35813505966216325,0.41382208020613676,1.1554916756725921,0,1,1,0
0.01,123,0,0.1382738383486867,0.13070177861485707,0.007572059733829628,0.7482713893894106,0.7462368595010007,0.0020345298884099083,0.20709063342772424,0.14327149307073786,1.4454419995851986,0,1,0,0
0.01,123,1,0.1382738383486867,0.14045342912829825,0.002179590779611551,0.7482713893894106,0.7479777859094848,0.00029360347992579694,0.20709063342772424,0.22501416096521026,1.086549194624688,1,1,1,1
0.01,123,2,0.1382738383486867,0.14372662529573382,0.005452786947047122,0.7482713893894106,0.7517949543551928,0.003523564965782211,0.20709063342772424,0.24484241569297938,1.1822959427975805,0,1,1,0
0.01,123,3,0.1382738383486867,0.13648161166092715,0.0017922266877595516,0.7482713893894106,0.7484433250828657,0.00017193569345508308,0.20709063342772424,0.1936610045237781,1.0693460665298637,1,1,1,1
0.01,123,4,0.1382738383486867,0.13584826566749225,0.002425572681194449,0.7482713893894106,0.7487100145503357,0.00043862516092507686,0.20709063342772424,0.18794054525899148,1.101894395072351,1,1,1,1
0.01,123,5,0.1382738383486867,0.13690369623339005,0.001370142115296652,0.7482713893894106,0.7497086205315796,0.001437231142168982,0.20709063342772424,0.19356258117430528,1.069889811198771,1,1,1,1
0.01,127,0,0.14939931239932777,0.14947246637712547,7.315397779769639e-05,1.4362526615150273,1.4403125,0.004059838484972822,0.43442876456305385,0.4190079105786669,1.0368032526237754,1,1,1,1
0.01,127,1,0.14939931239932777,0.15253603758998316,0.0031367251906553872,1.4362526615150273,1.4461003217288495,0.009847660213822218,0.43442876456305385,0.4762753691149207,1.0963255842277293,1,1,1,1
0.01,127,2,0.14939931239932777,0.14188155072359965,0.007517761675728124,1.4362526615150273,1.4046510578334024,0.0316016036816249,0.43442876456305385,0.36859814957187026,1.1785972476195183,0,0,1,0
0.01,127,3,0.14939931239932777,0.15023335857646192,0.0008340461771341456,1.4362526615150273,1.4412073262846286,0.004954664769601269,0.43442876456305385,0.45233963310326164,1.0412285511485926,1,1,1,1
0.01,127,4,0.14939931239932777,0.15194227429910093,0.002542961899773155,1.4362526615150273,1.443544639023788,0.007291977508760761,0.43442876456305385,0.4639384616572192,1.0679275856050785,1,1,1,1
0.01,127,5,0.14939931239932777,0.13997714309533318,0.009422169303994588,1.4362526615150273,1.3935964994437264,0.04265616207130085,0.43442876456305385,0.33270499803491704,1.3057476356801259,0,0,0,0
0.01,131,0,0.10968182124197484,0.11282369369151692,0.003141872449542074,1.4453746667224914,1.461736468688976,0.016361801966484624,0.367108735088259,0.40865646327318816,1.1131755368744916,1,1,1,1
0.01,131,1,0.10968182124197484,0.1115870811143573,0.0019052598723824643,1.4453746667224914,1.4576031723872922,0.012228505664800826,0.367108735088259,0.3877527409121,1.0562340359972036,1,1,1,1
0.01,131,2,0.10968182124197484,0.1100474951271323,0.00036567388515745813,1.4453746667224914,1.4509129734410802,0.005538306718588792,0.367108735088259,0.35039116293941414,1.0477111694501708,1,1,1,1
0.01,131,3,0.10968182124197484,0.11256387529581273,0.0028820540538378875,1.4453746667224914,1.4595450058971269,0.014170339174635505,0.367108735088259,0.41936101990789215,1.1423346268431092,1,1,1,1
0.01,131,4,0.10968182124197484,0.10139968743072883,0.008282133811246012,1.4453746667224914,1.392965608754437,0.052409057968054285,0.367108735088259,0.2576200249482314,1.4250007745400588,0,0,0,0
0.01,131,5,0.10968182124197484,0.11849754383921565,0.00881572259724081,1.4453746667224914,1.4972383362599537,0.051863669537462354,0.367108735088259,0.4890026387758174,1.3320376009528978,0,0,0,0
0.01,135,0,0.15490414164960387,0.15297374422868334,0.001930397420920521,1.433613346349448,1.4230104400112014,0.010602906338246676,0.30901124795898793,0.30843152393318407,1.0018795874637296,1,1,1,1
0.01,135,1,0.15490414164960387,0.15304636205562153,0.0018577795939823394,1.433613346349448,1.4243322810832508,0.009281065266197208,0.30901124795898793,0.30059673782948054,1.0279926861158444,1,1,1,1
0.01,135,2,0.15490414164960387,0.15465526349621192,0.00024887815339194597,1.433613346349448,1.4293063811965474,0.0043069651529006325,0.30901124795898793,0.3081927192742683,1.0026558988370884,1,1,1,1
0.01,135,3,0.15490414164960387,0.15680737073181805,0.0019032290822141862,1.433613346349448,1.4403125,0.00669915365055207,0.30901124795898793,0.32442260791716304,1.0498731358808677,1,1,1,1
0.01,135,4,0.15490414164960387,0.14381124658632474,0.011092895063279123,1.433613346349448,1.380364012570765,0.05324933377868302,0.30901124795898793,0.20465252354704877,1.5099312854940072,0,0,0,0
0.01,135,5,0.15490414164960387,0.16170013908162773,0.006795997432023859,1.433613346349448,1.4601385222348153,0.02652517588536729,0.30901124795898793,0.36053842508117745,1.1667485486775169,0,1,1,0
0.01,139,0,0.08235302101820707,0.09001718904611,0.007664168027902929,0.8169278981350362,0.8107920934080719,0.006135804726964289,0.3265585407987237,0.4524872305850947,1.3856236296204787,0,1,0,0
0.01,139,1,0.08235302101820707,0.08461364113150777,0.002260620113300693,0.8169278981350362,0.8195960601731404,0.0026681620381041604,0.3265585407987237,0.3593870728331019,1.100528781008402,1,1,1,1
0.01,139,2,0.08235302101820707,0.08512751206804739,0.0027744910498403164,0.8169278981350362,0.8230806884269087,0.006152790291872545,0.3265585407987237,0.35938422258214064,1.100520052861362,1,1,1,1
0.01,139,3,0.08235302101820707,0.07857793489006769,0.003775086128139385,0.8169278981350362,0.8277522191791099,0.010824321044073715,0.3265585407987237,0.24484814688472545,1.333718653596621,1,1,0,0
0.01,139,4,0.08235302101820707,0.08870428365063794,0.006351262632430868,0.8169278981350362,0.8038368188731159,0.013091079261920324,0.3265585407987237,0.4409711157420422,1.3503585441785684,0,1,0,0
0.01,139,5,0.08235302101820707,0.0787503536865054,0.00360266733170167,0.8169278981350362,0.8197667996212135,0.00283890148617727,0.3265585407987237,0.26437199934349764,1.2352236303755728,1,1,0,0
0.01,143,0,0.1338675046339631,0.1300872685604203,0.003780236073542803,0.8305812554154545,0.8259911656311795,0.004590089784274998,0.43704980295151474,0.4056816342255381,1.077322131641132,1,1,1,1
0.01,143,1,0.1338675046339631,0.128546243877302,0.005321260756661089,0.8305812554154545,0.8309797381362191,0.00039848272076459246,0.43704980295151474,0.37825168314638835,1.1554470804096084,0,1,1,0
0.01,143,2,0.1338675046339631,0.1398898674199354,0.006022362785972291,0.8305812554154545,0.8296182000824341,0.000963055333020324,0.43704980295151474,0.49830710838555337,1.1401609267876374,0,1,1,0
0.01,143,3,0.1338675046339631,0.14403375305754804,0.010166248423584934,0.8305812554154545,0.816056013847349,0.014525241568105418,0.43704980295151474,0.5525201115100163,1.2642040055359813,0,1,0,0
0.01,143,4,0.1338675046339631,0.14517231988916493,0.011304815255201828,0.8305812554154545,0.8137638969526294,0.01681735846282506,0.43704980295151474,0.5656388228214828,1.2942205190382694,0,1,0,0
0.01,143,5,0.1338675046339631,0.15753868539272434,0.023671180758761234,0.8305812554154545,0.8077827229539194,0.02279853246153507,0.43704980295151474,0.6827516656491549,1.562182755920148,0,1,0,0
0.01,148,0,0.14153844583779573,0.14203482060929837,0.0004963747715026334,1.195191303519532,1.1869713553283643,0.00821994819116778,0.3562855430226773,0.3917869936621757,1.0996432533812879,1,1,1,1
0.01,148,1,0.14153844583779573,0.14337600980106915,0.0018375639632734198,1.195191303519532,1.2011851160480584,0.005993812528526377,0.3562855430226773,0.3821736214133991,1.072661040835648,1,1,1,1
0.01,148,2,0.14153844583779573,0.14824228451918958,0.006703838681393848,1.195191303519532,1.214686516979023,0.019495213459491012,0.3562855430226773,0.44074001669871404,1.2370415396581536,0,1,0,0
0.01,148,3,0.14153844583779573,0.14517247591721866,0.003634030079422923,1.195191303519532,1.209494745195162,0.014303441675630024,0.3562855430226773,0.38343721384610335,1.0762076131214167,1,1,1,1
0.01,148,4,0.14153844583779573,0.13723467753504967,0.004303768302746064,1.195191303519532,1.1783377026139041,0.01685360090562793,0.3562855430226773,0.3229205655900625,1.1033225535563151,1,1,1,1
0.01,148,5,0.14153844583779573,0.14272920374139692,0.0011907579036011806,1.195191303519532,1.1947041430008132,0.00048716051871888766,0.3562855430226773,0.37841481060719945,1.0621110455304488,1,1,1,1
0.01,152,0,0.13684679213911297,0.14074670683098758,0.0038999146918746175,1.4499873874802143,1.4614301141348003,0.01144272665458601,0.31187088023871185,0.3882645887024225,1.2449530023618667,1,1,0,0
0.01,152,1,0.13684679213911297,0.14129756382821995,0.004450771689106986,1.4499873874802143,1.4735576599996183,0.023570272519404023,0.31187088023871185,0.3416675921357583,1.0955418212634649,1,1,1,1
0.01,152,2,0.13684679213911297,0.14011662398895308,0.0032698318498401158,1.4499873874802143,1.4682394556980838,0.01825206821786951,0.31187088023871185,0.3326783506124307,1.0667182212003647,1,1,1,1
0.01,152,3,0.13684679213911297,0.14032346721799197,0.003476675078878999,1.4499873874802143,1.4676208459329578,0.017633458452743556,0.31187088023871185,0.34135357541626554,1.0945349407260694,1,1,1,1
0.01,152,4,0.13684679213911297,0.1422930330361481,0.005446240897035132,1.4499873874802143,1.4756597155478572,0.02567232806764297,0.31187088023871185,0.3783765642144462,1.2132474950044378,0,1,0,0
0.01,152,5,0.13684679213911297,0.1315054820795635,0.0053413100595494645,1.4499873874802143,1.4231548390166375,0.026832548463576744,0.31187088023871185,0.2645169528545685,1.1790203874387535,0,1,1,0
0.01,156,0,0.1089262992143631,0.10374306623392156,0.005183232980441543,1.161494150366634,1.1411749685664412,0.020319181800192876,0.2531374712754041,0.17557582440506442,1.441755846131755,0,1,0,0
0.01,156,1,0.1089262992143631,0.10181779169325196,0.00710850752111114,1.161494150366634,1.1301536154543668,0.03134053491226729,0.2531374712754041,0.15848188433602928,1.5972643960913318,0,0,0,0
0.01,156,2,0.1089262992143631,0.10732327187529787,0.0016030273390652272,1.161494150366634,1.1573266924215089,0.004167457945125186,0.2531374712754041,0.22097671851670242,1.1455391001123534,1,1,1,1
0.01,156,3,0.1089262992143631,0.10631715198755334,0.0026091472268097576,1.161494150366634,1.1511436029800963,0.010350547386537734,0.2531374712754041,0.21548222823207244,1.174748717573021,1,1,1,1
0.01,156,4,0.1089262992143631,0.10418439408513476,0.004741905129228341,1.161494150366634,1.1419732879061641,0.019520862460469912,0.2531374712754041,0.18478492520185638,1.3699032591477924,1,1,0,0
0.01,156,5,0.1089262992143631,0.10606243658323651,0.0028638626311265902,1.161494150366634,1.1531976484886184,0.008296501878015672,0.2531374712754041,0.21001782128685859,1.20531424297393,1,1,0,0
0.01,160,0,0.08368269968777896,0.07777337856784267,0.005909321119936292,1.2135191401373595,1.1816341224328215,0.031885017704538,0.6304599511623382,0.5273827270766326,1.1954505121111556,0,0,1,0
0.01,160,1,0.08368269968777896,0.07924875239466006,0.004433947293118898,1.2135191401373595,1.1959924799270742,0.01752666021028526,0.6304599511623382,0.5272654828712734,1.1957163357804301,1,1,1,1
0.01,160,2,0.08368269968777896,0.07696905558254333,0.0067136441052356305,1.2135191401373595,1.2007923390979134,0.012726801039446123,0.6304599511623382,0.4643124401702548,1.3578355792732157,0,1,0,0
0.01,160,3,0.08368269968777896,0.09522816936289798,0.011545469675119019,1.2135191401373595,1.2526381024312478,0.03911896229388834,0.6304599511623382,0.8577630750822363,1.3605353892833858,0,0,0,0
0.01,160,4,0.08368269968777896,0.07885667546467431,0.004826024223104644,1.2135191401373595,1.2013210638110325,0.012198076326326968,0.6304599511623382,0.5142526634044109,1.2259731373846894,1,1,0,0
0.01,160,5,0.08368269968777896,0.0772395014266745,0.006443198261104455,1.2135191401373595,1.1762993245824773,0.037219815554882185,0.6304599511623382,0.5142668359944599,1.2259393510047965,0,0,0,0
0.01,164,0,0.18401088733226062,0.17785881715605903,0.006152070176201591,1.2769169251900165,1.2562334845976693,0.02068344059234728,0.1491446029301733,0.09746596624929735,1.5302223808944027,0,1,0,0
0.01,164,1,0.18401088733226062,0.1811973361511712,0.0028135511810894187,1.2769169251900165,1.2682429158230093,0.00867400936700724,0.1491446029301733,0.12270354961662319,1.2154872731568314,1,1,0,0
0.01,164,2,0.18401088733226062,0.18023985477014381,0.003771032562116805,1.2769169251900165,1.2635362981920701,0.013380626997946399,0.1491446029301733,0.12590872223913588,1.1845454411562208,1,1,1,1
0.01,164,3,0.18401088733226062,0.185707054851147,0.0016961675188863767,1.2769169251900165,1.2818943764342476,0.004977451244231101,0.1491446029301733,0.18038828323697353,1.2094858257890027,1,1,0,0
0.01,164,4,0.18401088733226062,0.1921832078832142,0.008172320550953571,1.2769169251900165,1.3054260490741507,0.02850912388413418,0.1491446029301733,0.2151363934391039,1.4424685118497163,0,1,0,0
0.01,164,5,0.18401088733226062,0.1839929951049755,1.789222728512674e-05,1.2769169251900165,1.2769071175930002,9.807597016298075e-06,0.1491446029301733,0.1359510174850563,1.0970466105306436,1,1,1,1
0.01,168,0,0.0996712738648057,0.10133708323813835,0.0016658093733326468,1.461190415704623,1.4620645630290428,0.0008741473244198161,0.415967425769195,0.46437079111741103,1.1163633552764618,1,1,1,1
0.01,168,1,0.0996712738648057,0.10735312729841688,0.007681853433611177,1.461190415704623,1.5111993117009324,0.05000889599630942,0.415967425769195,0.5278318199918781,1.268925851623662,0,0,0,0
0.01,168,2,0.0996712738648057,0.1080040965355761,0.008332822670770401,1.461190415704623,1.5079507391529818,0.0467603234483589,0.415967425769195,0.5545765092749726,1.333221004624258,0,0,0,0
0.01,168,3,0.0996712738648057,0.10782274781147234,0.00815147394666664,1.461190415704623,1.5074359502410748,0.04624553453645186,0.415967425769195,0.5406433203225782,1.2997251391087563,0,0,0,0
0.01,168,4,0.0996712738648057,0.10162928726828406,0.0019580134034783564,1.461190415704623,1.4733361236191724,0.012145707914549497,0.415967425769195,0.4527393406411088,1.0884009482327042,1,1,1,1
0.01,168,5,0.0996712738648057,0.09035421539608791,0.00931705846871779,1.461190415704623,1.3988935716694435,0.06229684403517943,0.415967425769195,0.27839335508217994,1.4941715316675,0,0,0,0
0.01,172,0,0.12200961578637362,0.11927154776947102,0.0027380680169026006,1.5577951309364289,1.5431235061456599,0.014671624790769,0.3369933004677296,0.2781391171072161,1.211599806501962,1,1,0,0
0.01,172,1,0.12200961578637362,0.12357886632552524,0.0015692505391516204,1.5577951309364289,1.563275758121497,0.005480627185068254,0.3369933004677296,0.37831288165498556,1.1226124707224343,1,1,1,1
0.01,172,2,0.12200961578637362,0.12281969223902213,0.0008100764526485088,1.5577951309364289,1.5688893004151214,0.011094169478692573,0.3369933004677296,0.35005365529031884,1.0387555325416327,1,1,1,1
0.01,172,3,0.12200961578637362,0.12765972025148672,0.005650104465113104,1.5577951309364289,1.5853140142087865,0.02751888327235763,0.3369933004677296,0.4414169355526908,1.3098685788115862,0,1,0,0
0.01,172,4,0.12200961578637362,0.1191329841970495,0.0028766315893241218,1.5577951309364289,1.537227785451856,0.020567345484572952,0.3369933004677296,0.3329778556712946,1.012059194712332,1,1,1,1
0.01,172,5,0.12200961578637362,0.11567442407372387,0.006335191712649749,1.5577951309364289,1.5130530519926257,0.04474207894380311,0.3369933004677296,0.2783208823874309,1.2108085371712243,0,0,0,0
0.01,176,0,0.08900408577173949,0.08644659104681139,0.002557494724928097,0.7499442772101611,0.7561684529855979,0.006224175775436769,0.23141995320096612,0.1895739174333997,1.2207373057122564,1,1,0,0
0.01,176,1,0.08900408577173949,0.0779700570964355,0.011034028675303995,0.7499442772101611,0.7420771328144605,0.007867144395700576,0.23141995320096612,0.09261207271068897,2.4988097817862185,0,1,0,0
0.01,176,2,0.08900408577173949,0.09535916677921347,0.006355081007473978,0.7499442772101611,0.755169895810846,0.005225618600684934,0.23141995320096612,0.3004492129642831,1.2982856871610016,0,1,0,0
0.01,176,3,0.08900408577173949,0.09271914196599021,0.003715056194250721,0.7499442772101611,0.7494853325691264,0.00045894464103468646,0.23141995320096612,0.27627640829147726,1.1938314067999036,1,1,1,1
0.01,176,4,0.08900408577173949,0.08715512684973964,0.0018489589219998492,0.7499442772101611,0.7499461053134299,1.8281032687639254e-06,0.23141995320096612,0.20966279520373785,1.1037721450583826,1,1,1,1
0.01,176,5,0.08900408577173949,0.0937975920755732,0.004793506303833711,0.7499442772101611,0.751608665635975,0.0016643884258138453,0.23141995320096612,0.2854578268883877,1.233505680646711,1,1,0,0
0.01,180,0,0.11822067089378835,0.1137559590731342,0.004464711820654152,0.9401861285045743,0.9303750000000001,0.009811128504574218,0.2202450901735574,0.1668100537200059,1.320334627691226,1,1,0,0
0.01,180,1,0.11822067089378835,0.11713935246435005,0.0010813184294383021,0.9401861285045743,0.9392546019310233,0.0009315265735510003,0.2202450901735574,0.20472513970885664,1.0758087183956595,1,1,1,1
0.01,180,2,0.11822067089378835,0.12705885797913966,0.008838187085351307,0.9401861285045743,0.9618005380699128,0.021614409565338555,0.2202450901735574,0.3099713897533297,1.4073929616731353,0,1,0,0
0.01,180,3,0.11822067089378835,0.11596949807009398,0.0022511728236943723,0.9401861285045743,0.9324835363417404,0.007702592162833866,0.2202450901735574,0.20468052937230669,1.0760431920367928,1,1,1,1
0.01,180,4,0.11822067089378835,0.12176411354983994,0.003543442656051596,0.9401861285045743,0.9457684997207935,0.005582371216219184,0.2202450901735574,0.26205736227789483,1.1898442869776964,1,1,1,1
0.01,180,5,0.11822067089378835,0.12101613420675375,0.0027954633129654016,0.9401861285045743,0.9516305846345007,0.011444456129926395,0.2202450901735574,0.23931761764158974,1.0865968337954903,1,1,1,1
0.01,184,0,0.1204497316852212,0.12348185112100157,0.00303211943578037,1.1961703613214194,1.2127080571928675,0.016537695871448044,0.23751380710862577,0.2577859088167665,1.0853512558066545,1,1,1,1
0.01,184,1,0.1204497316852212,0.11644924719520525,0.004000484490015957,1.1961703613214194,1.1760533593344566,0.020117001986962757,0.23751380710862577,0.21003727338071643,1.1308174177166401,1,1,1,1
0.01,184,2,0.1204497316852212,0.12269521795567995,0.0022454862704587436,1.1961703613214194,1.2042106339166112,0.0080402725951918,0.23751380710862577,0.264373825689024,1.1130882406685265,1,1,1,1
0.01,184,3,0.1204497316852212,0.11654346864441813,0.003906263040803076,1.1961703613214194,1.1805251992234436,0.01564516209797584,0.23751380710862577,0.1895546728217408,1.253009506824378,1,1,0,0
0.01,184,4,0.1204497316852212,0.12291335503695792,0.002463623351736721,1.1961703613214194,1.2059260603403712,0.009755699018951791,0.23751380710862577,0.2711836703433895,1.1417596039768965,1,1,1,1
0.01,184,5,0.1204497316852212,0.11496815583213132,0.005481575853089879,1.1961703613214194,1.1678123252274866,0.028358036093932837,0.23751380710862577,0.1847693461463764,1.2854611008931351,0,1,0,0
0.01,189,0,0.09847111832350493,0.10604887039117762,0.007577752067672694,1.0372001131717115,1.0384094224093692,0.0012093092376577186,0.4725865833926946,0.6150850555595407,1.3015288143473116,0,1,0,0
0.01,189,1,0.09847111832350493,0.11140911834228744,0.012938000018782508,1.0372001131717115,1.0510802683624032,0.013880155190691745,0.4725865833926946,0.6813056387441399,1.4416525197415744,0,1,0,0
0.01,189,2,0.09847111832350493,0.104544279465419,0.006073161141914071,1.0372001131717115,1.0460365362343815,0.008836423062670073,0.4725865833926946,0.5695142870900045,1.2051004135611867,0,1,0,0
0.01,189,3,0.09847111832350493,0.08673922901191009,0.011731889311594842,1.0372001131717115,1.0078238997405933,0.02937621343111818,0.4725865833926946,0.2854257908560051,1.655724880275835,0,1,0,0
0.01,189,4,0.09847111832350493,0.1006430140389473,0.002171895715442379,1.0372001131717115,1.0333520238775034,0.0038480892942081013,0.4725865833926946,0.5274328472162939,1.1160554822141977,1,1,1,1
0.01,189,5,0.09847111832350493,0.09667939321598489,0.0017917251075200424,1.0372001131717115,1.0409187691648158,0.0037186559931043917,0.4725865833926946,0.4298948573383519,1.0993073662677986,1,1,1,1
0.01,193,0,0.16747383363544943,0.17068809879660088,0.0032142651611514472,0.8479169404413551,0.8400034409012352,0.007913499540119884,0.34970825010910633,0.3890709188331552,1.1125585933753865,1,1,1,1
0.01,193,1,0.16747383363544943,0.17946568273783253,0.0119918491023831,0.8479169404413551,0.8449030407148347,0.0030138997265204415,0.34970825010910633,0.44885961511259553,1.283525953341263,0,1,0,0
0.01,193,2,0.16747383363544943,0.16284465724404665,0.004629176391402784,0.8479169404413551,0.8537304498234011,0.005813509382045945,0.34970825010910633,0.30411164689698456,1.149933761752858,1,1,1,1
0.01,193,3,0.16747383363544943,0.1594473256477285,0.008026507987720921,0.8479169404413551,0.8491270303787857,0.0012100899374305474,0.34970825010910633,0.2798256218796703,1.2497363456570347,0,1,0,0
0.01,193,4,0.16747383363544943,0.16895397384394154,0.0014801402084921034,0.8479169404413551,0.8546214454078345,0.006704504966479341,0.34970825010910633,0.3533642172013568,1.0104543346950203,1,1,1,1
0.01,193,5,0.16747383363544943,0.1639686985187153,0.0035051351167341427,0.8479169404413551,0.8436426237710439,0.004274316670311196,0.34970825010910633,0.32496493631457823,1.0761414879868012,1,1,1,1
0.01,197,0,0.1935977576300502,0.19790050711525628,0.004302749485206092,1.0077693560533225,1.0131662152102252,0.005396859156902689,0.3057730026822537,0.3332439763393686,1.0898410697351903,1,1,1,1
0.01,197,1,0.1935977576300502,0.1977007875717655,0.004103029941715325,1.0077693560533225,1.0157740791201473,0.00800472306682476,0.3057730026822537,0.33338153986552616,1.0902909574785518,1,1,1,1
0.01,197,2,0.1935977576300502,0.19837875164336471,0.004780994013314527,1.0077693560533225,1.011023887718455,0.003254531665132454,0.3057730026822537,0.3437677533730798,1.1242580291835267,1,1,1,1
0.01,197,3,0.1935977576300502,0.1972293698804261,0.0036316122503759207,1.0077693560533225,1.009752400668855,0.0019830446155324477,0.3057730026822537,0.33464467507722906,1.0944219147593535,1,1,1,1
0.01,197,4,0.1935977576300502,0.2,0.006402242369949823,1.0077693560533225,1.0111737346130134,0.0034043785596908904,0.3057730026822537,0.3628989354187428,1.1868246451955469,0,1,1,0
0.01,197,5,0.1935977576300502,0.19890368862779564,0.005305930997745456,1.0077693560533225,1.0187309393328157,0.010961583279493148,0.3057730026822537,0.3363392988424928,1.0999640121662484,0,1,1,0
0.01,201,0,0.16775162126868964,0.18358717107652042,0.01583554980783078,1.4367196029331535,1.4969626547551158,0.06024305182196232,0.28781568583101036,0.430285826507113,1.4950047814967018,0,0,0,0
0.01,201,1,0.16775162126868964,0.1623459897784137,0.005405631490275953,1.4367196029331535,1.4185769305984641,0.018142672334689358,0.28781568583101036,0.2266845650007627,1.2696748269121985,0,1,0,0
0.01,201,2,0.16775162126868964,0.16363875874085473,0.00411286252783491,1.4367196029331535,1.4185026052732086,0.01821699765994489,0.28781568583101036,0.25761824958948415,1.1172177681109392,1,1,1,1
0.01,201,3,0.16775162126868964,0.1618454902348473,0.0059061310338423545,1.4367196029331535,1.4136731915746337,0.023046411358519814,0.28781568583101036,0.23870981788465004,1.2057136500773897,0,1,0,0
0.01,201,4,0.16775162126868964,0.1714691259138342,0.0037175046451445592,1.4367196029331535,1.4513293448759694,0.014609741942815946,0.28781568583101036,0.31627949852938964,1.0988959744017972,1,1,1,1
0.01,201,5,0.16775162126868964,0.1689750870063105,0.0012234657376208602,1.4367196029331535,1.4428101355365883,0.0060905326034348395,0.28781568583101036,0.2927603023928815,1.0171798022320935,1,1,1,1
0.01,205,0,0.12907254062592985,0.14532357481170108,0.01625103418577123,0.9049259437806905,0.923728781969087,0.018802838188396565,0.24142177323810757,0.3969272593974952,1.6441237013283674,0,1,0,0
0.01,205,1,0.12907254062592985,0.12042676228778214,0.008645778338147711,0.9049259437806905,0.8902378406465127,0.014688103134177788,0.24142177323810757,0.1544989148179825,1.5626114495530936,0,1,0,0
0.01,205,2,0.12907254062592985,0.12609723850992458,0.002975302116005274,0.9049259437806905,0.8981465799181466,0.006779363862543852,0.24142177323810757,0.21677978955643695,1.1136728831229687,1,1,1,1
0.01,205,3,0.12907254062592985,0.12663853836590658,0.0024340022600232714,0.9049259437806905,0.9025432163905293,0.00238272739016121,0.24142177323810757,0.21512537519787103,1.1222375464356507,1,1,1,1
0.01,205,4,0.12907254062592985,0.13189846984046102,0.0028259292145311754,0.9049259437806905,0.9046924940847765,0.00023344969591398979,0.24142177323810757,0.2831619707201306,1.1728932602978432,1,1,1,1
0.01,205,5,0.12907254062592985,0.12325626676966414,0.005816273856265708,0.9049259437806905,0.9024387796585169,0.0024871641221735352,0.24142177323810757,0.16554339571825258,1.4583594361504857,0,1,0,0
0.01,209,0,0.1857444303110242,0.1806146763702152,0.005129753940809001,1.5511024194676428,1.5287288810074788,0.02237353846016399,0.2867502376437187,0.2511486763356879,1.141754923129459,0,1,1,0
0.01,209,1,0.1857444303110242,0.1836021848295964,0.0021422454814278014,1.5511024194676428,1.5416194936380332,0.009482925829609634,0.2867502376437187,0.2853809785656612,1.0047980040048201,1,1,1,1
0.01,209,2,0.1857444303110242,0.184193343348195,0.0015510869628291846,1.5511024194676428,1.5476981338590623,0.003404285608580526,0.2867502376437187,0.23276607469790161,1.2319245320259025,1,1,0,0
0.01,209,3,0.1857444303110242,0.18013711275378855,0.005607317557235647,1.5511024194676428,1.527916512827016,0.023185906640626808,0.2867502376437187,0.25117181274856604,1.1416497516413924,0,1,1,0
0.01,209,4,0.1857444303110242,0.19035051335569814,0.004606083044673942,1.5511024194676428,1.5724676668715283,0.021365247403885457,0.2867502376437187,0.3164630548455366,1.1036191545854461,1,1,1,1
0.01,209,5,0.1857444303110242,0.19089233725552035,0.005147906944496156,1.5511024194676428,1.5753449383366136,0.024242518868970775,0.2867502376437187,0.324507945380648,1.1316745473244993,0,1,1,0
0.01,213,0,0.17925829682499173,0.18950137333732922,0.010243076512337496,0.9394967909622938,0.9526572340438468,0.013160443081553064,0.22673361387103796,0.2972357697997117,1.3109470833414851,0,1,0,0
0.01,213,1,0.17925829682499173,0.176820240549127,0.002438056275864714,0.9394967909622938,0.9342214865942375,0.005275304368056233,0.22673361387103796,0.2133856110582259,1.062553434351156,1,1,1,1
0.01,213,2,0.17925829682499173,0.18041583269533076,0.0011575358703390382,0.9394967909622938,0.9426216322394187,0.003124841277124979,0.22673361387103796,0.23111661739140502,1.0193310707024676,1,1,1,1
0.01,213,3,0.17925829682499173,0.1821250068223336,0.002866709997341871,0.9394967909622938,0.9388426344728792,0.0006541564894145813,0.22673361387103796,0.25664452674268906,1.1319209461754705,1,1,1,1
0.01,213,4,0.17925829682499173,0.1800290457059944,0.0007707488810026752,0.9394967909622938,0.9438015296711174,0.004304738708823641,0.22673361387103796,0.22712277177001333,1.001716366145854,1,1,1,1
0.01,213,5,0.17925829682499173,0.17301951469453636,0.006238782130455367,0.9394967909622938,0.9328414751479475,0.006655315814346308,0.22673361387103796,0.17696311534604628,1.2812478658485804,0,1,0,0
0.01,217,0,0.07901196293532849,0.07266900525508019,0.006342957680248298,1.2648968129605054,1.2413125,0.023584312960505338,0.7308800434228033,0.5695810810737687,1.2831887640034592,0,1,0,0
0.01,217,1,0.07901196293532849,0.06890269219376655,0.01010927074156194,1.2648968129605054,1.2288750000000002,0.03602181296050522,0.7308800434228033,0.47618726630085356,1.5348584373128442,0,0,0,0
0.01,217,2,0.07901196293532849,0.07777662965293403,0.0012353332823944602,1.2648968129605054,1.2631980403742402,0.0016987725862651626,0.7308800434228033,0.6815153391781381,1.0724337390618321,1,1,1,1
0.01,217,3,0.07901196293532849,0.09125454211829517,0.012242579182966687,1.2648968129605054,1.303546739738003,0.03864992677749757,0.7308800434228033,1.0,1.3682135789573266,0,0,0,0
0.01,217,4,0.07901196293532849,0.08004781113728271,0.0010358482019542231,1.2648968129605054,1.2751575404684294,0.010260727507924061,0.7308800434228033,0.7359390116607564,1.0069217490386813,1,1,1,1
0.01,217,5,0.07901196293532849,0.0892953079348118,0.010283344999483315,1.2648968129605054,1.2746912331632567,0.009794420202751342,0.7308800434228033,1.0,1.3682135789573266,0,1,0,0
0.01,221,0,0.1974054552614689,0.1993465776047981,0.001941122343329188,1.247528866985813,1.2545846730382826,0.007055806052469693,0.3120726638287306,0.3217262533993682,1.0309337878306946,1,1,1,1
0.01,221,1,0.1974054552614689,0.19962398385303526,0.002218528591566349,1.247528866985813,1.2506984217822388,0.0031695547964258886,0.3120726638287306,0.34336001937404564,1.100256636263681,1,1,1,1
0.01,221,2,0.1974054552614689,0.2,0.0025945447385311016,1.247528866985813,1.2543317030185441,0.006802836032731241,0.3120726638287306,0.3327122597247792,1.0661371478130357,1,1,1,1
0.01,221,3,0.1974054552614689,0.18875120613209476,0.008654249129374153,1.247528866985813,1.2263300502100298,0.021198816775783058,0.3120726638287306,0.2387099545166595,1.3073299119871902,0,1,0,0
0.01,221,4,0.1974054552614689,0.19932022838354488,0.001914773122075969,1.247528866985813,1.2486213751859754,0.0010925082001624897,0.3120726638287306,0.34272421782428864,1.0982192852763932,1,1,1,1
0.01,221,5,0.1974054552614689,0.19390597211531263,0.003499483146156279,1.247528866985813,1.2377143740453076,0.009814492940505293,0.3120726638287306,0.286389534130587,1.089679009311956,1,1,1,1
0.01,226,0,0.12902571931481363,0.12713927069491576,0.001886448619897868,1.468926471499726,1.4561715119291936,0.01275495957053252,0.28476185717619956,0.27813802108511126,1.0238149249255692,1,1,1,1
0.01,226,1,0.12902571931481363,0.13710626222264627,0.008080542907832639,1.468926471499726,1.5120608338066845,0.04313436230695844,0.28476185717619956,0.35953178838044597,1.262570036400562,0,0,0,0
0.01,226,2,0.12902571931481363,0.1308796655494821,0.0018539462346684743,1.468926471499726,1.4751218599680378,0.006195388468311691,0.28476185717619956,0.34158054420204204,1.1995305396209903,1,1,1,1
0.01,226,3,0.12902571931481363,0.12765719522058674,0.0013685240942268861,1.468926471499726,1.4639583839080967,0.0049680875916293665,0.28476185717619956,0.238698140028914,1.1929789530061095,1,1,1,1
0.01,226,4,0.12902571931481363,0.1221672406660698,0.006858478648743824,1.468926471499726,1.4299116223187012,0.039014849181024935,0.28476185717619956,0.20465565436231695,1.3914194458173372,0,0,0,0
0.01,226,5,0.12902571931481363,0.14004958809966975,0.011023868784856117,1.468926471499726,1.530763033488577,0.06183656198885079,0.28476185717619956,0.387816114164894,1.3618962806698105,0,0,0,0
0.01,230,0,0.15746983978897333,0.14984660714195816,0.007623232647015171,1.469069504244253,1.4362651456581768,0.03280435858607622,0.3346784401778132,0.2513100847344188,1.3317350178425866,0,0,0,0
0.01,230,1,0.15746983978897333,0.15631763797546008,0.0011522018135132484,1.469069504244253,1.4596130365529492,0.009456467691303816,0.3346784401778132,0.3417472905224145,1.0211213197385696,1,1,1,1
0.01,230,2,0.15746983978897333,0.16245268652383382,0.004982846734860491,1.469069504244253,1.4935363568956357,0.02446685265138271,0.3346784401778132,0.3591971346240831,1.0732604539247979,1,1,1,1
0.01,230,3,0.15746983978897333,0.14927338510007224,0.008196454688901095,1.469069504244253,1.4316330894863856,0.03743641475786741,0.3346784401778132,0.26427246085144684,1.2664143630385423,0,0,0,0
0.01,230,4,0.15746983978897333,0.16389099230674056,0.006421152517767231,1.469069504244253,1.5025000000000002,0.03343049575574719,0.3346784401778132,0.35938136638046264,1.0738109278551822,0,0,1,0
0.01,230,5,0.15746983978897333,0.15579676795217892,0.0016730718367944097,1.469069504244253,1.455308646348522,0.013760857895730894,0.3346784401778132,0.3592357412851903,1.0733758084157736,1,1,1,1
0.01,234,0,0.12647133637219668,0.12639766898376792,7.366738842876086e-05,1.1784434397798031,1.1767178811863581,0.0017255585934450313,0.22965747977606954,0.23267011857159323,1.013117965060233,1,1,1,1
0.01,234,1,0.12647133637219668,0.12657197925573244,0.00010064288353575646,1.1784434397798031,1.1809180902887957,0.0024746505089925375,0.22965747977606954,0.22672569471803225,1.0129309783863862,1,1,1,1
0.01,234,2,0.12647133637219668,0.1322241141288049,0.005752777756608207,1.1784434397798031,1.20183225687085,0.023388817091046787,0.22965747977606954,0.28552356866475537,1.2432583033792706,0,1,0,0
0.01,234,3,0.12647133637219668,0.1227926329658687,0.0036787034063279767,1.1784434397798031,1.1642657143032107,0.014177725476592462,0.22965747977606954,0.1895924561430221,1.211321823917001,1,1,0,0
0.01,234,4,0.12647133637219668,0.12560477283731747,0.0008665635348792111,1.1784434397798031,1.1699879772787471,0.008455462501056,0.22965747977606954,0.23256917381970324,1.0126784202564305,1,1,1,1
0.01,234,5,0.12647133637219668,0.12731367674341235,0.0008423403712156663,1.1784434397798031,1.1787521149828366,0.0003086752030334594,0.22965747977606954,0.26095532051174347,1.1362805198689425,1,1,1,1
0.01,238,0,0.16090707015246153,0.16014541645799918,0.0007616536944623498,1.4534032783750446,1.4502579698086806,0.003145308566363969,0.299533448247239,0.2783511472317754,1.076099205001033,1,1,1,1
0.01,238,1,0.16090707015246153,0.16569800888239777,0.004790938729936245,1.4534032783750446,1.472501110189009,0.019097831813964516,0.299533448247239,0.3534994262181185,1.1801667836652927,1,1,1,1
0.01,238,2,0.16090707015246153,0.15553709050544193,0.0053699796470196015,1.4534032783750446,1.4289434019296616,0.024459876445382944,0.299533448247239,0.25115881605721196,1.192605750215862,0,1,1,0
0.01,238,3,0.16090707015246153,0.16236708609978234,0.001460015947320814,1.4534032783750446,1.455818260436252,0.0024149820612073825,0.299533448247239,0.3242809898692332,1.0826202942169159,1,1,1,1
0.01,238,4,0.16090707015246153,0.15864905563262943,0.0022580145198320967,1.4534032783750446,1.4422958356350615,0.011107442739983098,0.299533448247239,0.28538539755277165,1.049575243918537,1,1,1,1
0.01,238,5,0.16090707015246153,0.1689435269712036,0.008036456818742072,1.4534032783750446,1.4863930417282725,0.0329897633532279,0.299533448247239,0.3689017698855149,1.2315878979265726,0,0,0,0
0.01,242,0,0.1038881253451109,0.10496506208317619,0.00107693673806529,0.7305346322152764,0.7329583088366434,0.002423676621366999,0.18903750136494638,0.19448455744166798,1.0288146851148112,1,1,1,1
0.01,242,1,0.1038881253451109,0.10401431209108142,0.00012618674597052182,0.7305346322152764,0.7324621680149099,0.0019275357996335618,0.18903750136494638,0.18957259482289227,1.002830620665647,1,1,1,1
0.01,242,2,0.1038881253451109,0.09918848153227065,0.004699643812840243,0.7305346322152764,0.7268190023594482,0.003715629855828184,0.18903750136494638,0.14704929596399535,1.285538296023068,1,1,0,0
0.01,242,3,0.1038881253451109,0.09196831246461239,0.01191981288049851,0.7305346322152764,0.7211846256900237,0.009350006525252641,0.18903750136494638,0.06640871842120559,2.8465765619199637,0,1,0,0
0.01,242,4,0.1038881253451109,0.10343130194600315,0.00045682339910774195,0.7305346322152764,0.7331904449616861,0.0026558127464096914,0.18903750136494638,0.1801164544532462,1.0495293277828532,1,1,1,1
0.01,242,5,0.1038881253451109,0.11306941775544874,0.00918129241033784,0.7305346322152764,0.7241909351135475,0.006343697101728885,0.18903750136494638,0.28330647526883734,1.4986786919167958,0,1,0,0
0.01,246,0,0.06920999940484762,0.0722950012833606,0.0030850018785129746,0.9159857817273587,0.9179375000000001,0.0019517182726414006,0.46778176217339934,0.5274997063702618,1.1276619762160072,1,1,1,1
0.01,246,1,0.06920999940484762,0.06961177189735696,0.00040177249250933356,0.9159857817273587,0.9306671238589502,0.014681342131591557,0.46778176217339934,0.45243500787615565,1.0339203510561334,1,1,1,1
0.01,246,2,0.06920999940484762,0.07353345541257923,0.00432345600773161,0.9159857817273587,0.9198389915602265,0.0038532098328678543,0.46778176217339934,0.5552050338414115,1.1868890126494622,1,1,1,1
0.01,246,3,0.06920999940484762,0.0728699127232762,0.003659913318428576,0.9159857817273587,0.9102837640968977,0.005702017630460965,0.46778176217339934,0.5552317235739302,1.1869460685987894,1,1,1,1
0.01,246,4,0.06920999940484762,0.07519725035219306,0.005987250947345438,0.9159857817273587,0.9037506562282082,0.012235125499150512,0.46778176217339934,0.6149735285596323,1.3146590531925681,0,1,0,0
0.01,246,5,0.06920999940484762,0.06896588790939279,0.00024411149545483513,0.9159857817273587,0.9093925011113841,0.006593280615974528,0.46778176217339934,0.47617789286233897,1.0179488200863789,1,1,1,1
0.01,250,0,0.13459909986704588,0.14322393911366513,0.008624839246619248,0.7498096622992307,0.7434619013839282,0.006347760915302536,0.2941086734738201,0.3728110783492953,1.2675963409915583,0,1,0,0
0.01,250,1,0.13459909986704588,0.13482682545286967,0.00022772558582379032,0.7498096622992307,0.7537787076793022,0.003969045380071479,0.2941086734738201,0.29166556593000503,1.0083764003338034,1,1,1,1
0.01,250,2,0.13459909986704588,0.14804796441424378,0.013448864547197903,0.7498096622992307,0.743925951011824,0.005883711287406723,0.2941086734738201,0.40509236167977125,1.3773560531047389,0,1,0,0
0.01,250,3,0.13459909986704588,0.12985447240283501,0.0047446274642108655,0.7498096622992307,0.7531283854559231,0.003318723156692349,0.2941086734738201,0.2511876689643371,1.1708722593208858,1,1,1,1
0.01,250,4,0.13459909986704588,0.12375211008812756,0.01084698977891832,0.7498096622992307,0.7493182293847453,0.0004914329144853902,0.2941086734738201,0.2015529783904256,1.459212738122411,0,1,0,0
0.01,250,5,0.13459909986704588,0.1302401408602106,0.004358959006835278,0.7498096622992307,0.7493391871768114,0.00047047512241937817,0.2941086734738201,0.25896467508114207,1.1357096228729506,1,1,1,1
0.01,254,0,0.11583021394908428,0.11723259720079339,0.001402383251709105,1.0222503594774752,1.0326392724149476,0.01038891293747235,0.4409274386614561,0.44094854621747415,1.0000478708153933,1,1,1,1
0.01,254,1,0.11583021394908428,0.1099454962845455,0.005884717664538783,1.0222503594774752,1.0090599838234333,0.013190375654041908,0.4409274386614561,0.36861531724116015,1.1961723185067403,0,1,1,0
0.01,254,2,0.11583021394908428,0.118926634712265,0.0030964207631807156,1.0222503594774752,1.0179365290222728,0.004313830455202394,0.4409274386614561,0.5011811723713684,1.136652266170659,1,1,1,1
0.01,254,3,0.11583021394908428,0.11654516706280406,0.000714953113719774,1.0222503594774752,1.0233692743632619,0.0011189148857866371,0.4409274386614561,0.44222286550536505,1.0029379592430028,1,1,1,1
0.01,254,4,0.11583021394908428,0.10660263953940913,0.009227574409675157,1.0222503594774752,1.0063104554547961,0.015939904022679086,0.4409274386614561,0.31621041628648644,1.3944114929534015,0,1,0,0
0.01,254,5,0.11583021394908428,0.10813945057858494,0.007690763370499343,1.0222503594774752,1.011305102416565,0.010945257060910318,0.4409274386614561,0.3338021249066794,1.3209246010184197,0,1,0,0
0.01,259,0,0.11167865917086602,0.11201888230100857,0.0003402231301425501,0.8310590332653374,0.832854350406332,0.0017953171409946789,0.37959898644126955,0.37825128936533986,1.003562967566326,1,1,1,1
0.01,259,1,0.11167865917086602,0.11720326577030936,0.0055246065994433435,0.8310590332653374,0.8314853037121709,0.000426270446833521,0.37959898644126955,0.4410044669680321,1.1617640792522586,0,1,1,0
0.01,259,2,0.11167865917086602,0.11091396295015593,0.0007646962207100844,0.8310590332653374,0.8381823598759925,0.0071233266106551785,0.37959898644126955,0.3593811432674141,1.0562573845417689,1,1,1,1
0.01,259,3,0.11167865917086602,0.1148476104212078,0.0031689512503417783,0.8310590332653374,0.8345786461252781,0.003519612859940735,0.37959898644126955,0.4131331724714587,1.088341084217772,1,1,1,1
0.01,259,4,0.11167865917086602,0.1057129928490146,0.005965666321851415,0.8310590332653374,0.8359108184056997,0.00485178514036233,0.37959898644126955,0.2973876473848059,1.2764450365690072,0,1,0,0
0.01,259,5,0.11167865917086602,0.1200456615961751,0.008367002425309078,0.8310590332653374,0.8279342855786755,0.003124747686661822,0.37959898644126955,0.47766697563617005,1.258346288314111,0,1,0,0
