safety_rank,candidate_index,a1,m,gamma,remote_alias_rms_snr,alias_candidate_index,alias_a1,alias_m,alias_gamma,alias_gamma_factor,retrieved_remote_count
1,4,0.2,0.4,0.01,1.9760453820979047,10940,0.19886050623626417,0.40805333042122505,0.01729539068330735,1.7295390683307348,403
2,3,0.05,1.2,1.0,1.3766435491775435,19205,0.050771366827305556,1.1559437896466573,0.9670494262211472,1.0340733088562089,390
3,1,0.05,0.4,1.0,1.0467737115422966,1612,0.05073699651092368,0.9828018279561671,0.9398805932703443,1.0639649410362526,389
4,19205,0.050771366827305556,1.1559437896466573,0.9670494262211472,0.7549551585117118,11059,0.05148005640183043,1.0403785734876831,0.9987300451980574,1.0327600824920664,386
5,2856,0.12961313689586978,1.1840084414992706,0.943134133690774,0.7188251874607616,893,0.11596760142765071,1.1237047914384677,0.6926475354004155,1.3616364535904308,473
6,10301,0.1975267719954094,1.1827443984077082,0.47313757384856475,0.7053210682486188,4998,0.18617208599446972,1.1836633299858392,0.34807264386733294,1.3593069785423872,459
7,3348,0.1167874679496538,1.1823638935534277,0.8749439943072833,0.6974795703117459,14718,0.11553581747932348,0.9416502163121248,0.9386020965163355,1.0727567737172161,486
8,17361,0.18093213165315408,1.1998838591061944,0.7757042822812846,0.6871158952718959,19166,0.1594797962713641,1.1921176777898697,0.5120450955312011,1.5149139969333376,482
9,14286,0.05157090058157837,0.8141498554206494,0.9291512432156648,0.6699414300055654,10814,0.05280032578463765,0.6424117841709215,0.999010243656403,1.075185822492112,385
10,12142,0.19150475590157773,1.1599730823228134,0.8687070188260668,0.6594834033052782,11787,0.16642989510881306,1.1927661254507316,0.5547923548753577,1.5658237017725931,479
11,11059,0.05148005640183043,1.0403785734876831,0.9987300451980574,0.6547645832131421,1612,0.05073699651092368,0.9828018279561671,0.9398805932703443,1.062613753650285,388
12,12202,0.15136123941113444,1.145867667893218,0.9853703279298764,0.6492532604530502,19216,0.14236368630121632,1.0875691742635536,0.8658635601457186,1.1380203224674863,467
13,252,0.19490443493130338,1.1690480647133406,0.04318866453089964,0.6477989495235255,4989,0.19357178339242592,1.1802962127654775,0.01970752784361159,2.1914805790772847,438
14,1378,0.19930772175587175,0.4967834123055783,0.01888111833752726,0.6421110857490107,5363,0.1997674570156871,0.4457467317784893,0.03448507912481401,1.8264320210457567,399
15,7668,0.19991262063216253,1.178829430964877,0.41960687778245553,0.6297058380892498,1313,0.1900542829260754,1.1085980966235294,0.33421576962057126,1.2554969451585938,469
16,14968,0.1951759167716468,1.1640823274923866,0.8521296044206185,0.6269054342506972,6116,0.1921792925096491,1.0238781090106095,0.8565868436472752,1.0052307057559482,491
17,7115,0.19729752114462318,1.1767419309396816,0.4709961678798829,0.6227941453180775,4998,0.18617208599446972,1.1836633299858392,0.34807264386733294,1.3531547973629379,458
18,8542,0.1801826521080092,1.1968829750103926,0.8178955531213059,0.6198128017359689,7155,0.18172474953210582,1.113058115566457,0.875960376335058,1.0709929562425928,486
19,7303,0.15011348867508745,1.15519766115142,0.9931403113257028,0.6160626448647522,5462,0.14202443430385941,1.0615938518838672,0.8969312520978603,1.1072646972695133,483
20,10940,0.19886050623626417,0.40805333042122505,0.01729539068330735,0.6147095520038862,19638,0.19940778119927582,0.48953020783150836,0.010396128648286363,1.6636376163119355,397
21,14518,0.1301306016505141,1.1711537397988805,0.962524973497408,0.6101984524421261,15874,0.12667160943922307,1.092236036478016,0.9390340311471094,1.0250160713788001,474
22,14638,0.14318258172603293,1.1848811472090337,0.962440940819574,0.5929617169535707,15106,0.14253196747916236,1.0554952188795745,0.9877537739140909,1.0263006611844272,466
23,3637,0.19225510310067745,1.179425586174513,0.633385978242255,0.5748635459464752,9928,0.18739844287254248,1.094925099053309,0.5942026008305127,1.0659427901476297,471
24,16408,0.18926304436566793,1.1554456085939888,0.9197560813692092,0.5660403877058633,6076,0.1840479015110031,1.167133301574356,0.838313369534166,1.0971506775327933,476
25,6076,0.1840479015110031,1.167133301574356,0.838313369534166,0.5660403877058633,16408,0.18926304436566793,1.1554456085939888,0.9197560813692092,1.0971506775327933,479
26,18457,0.17976994762529164,1.1912108503921326,0.989153434039532,0.562452870788335,4520,0.17401310501196804,1.080429251411803,0.9544164267175995,1.0363960702577166,493
27,14674,0.1930048227223689,1.0824513942737826,0.6785487667799772,0.5610932338527185,17977,0.16404423056878414,1.1697879969524019,0.32418014825919594,2.093122513589106,468
28,5403,0.13735999612555683,1.16865407470421,0.9167233872281872,0.5517346170061443,16752,0.11733736839769164,1.1998462567376733,0.5593309788693747,1.6389640872051134,468
29,1661,0.13340127617929232,1.15017535146364,0.930889422628498,0.5419326268140161,12003,0.12494988129040005,1.152613570780192,0.7636791958230292,1.218953492147005,476
30,13449,0.18909461857298665,1.1461514505432173,0.9760382484858658,0.5372642408702175,9759,0.18196942792967447,1.089387964995531,0.8934441361001939,1.0924446297741548,468
31,6,0.2,1.2,0.01,0.5328138284188033,2236,0.1996675947603937,1.1332173653027966,0.021542474386061473,2.154247438606147,444
32,7683,0.09580234665102194,0.40060085039221116,0.08036686673033831,0.5286808655796482,7123,0.0946636918345444,0.5052090021763416,0.05855690542716231,1.3724575461096549,459
33,15912,0.19872336037520244,1.1707657804537066,0.31811721251641867,0.527394569305349,6115,0.17321268660474712,1.1971925854909617,0.046310183039894544,6.869271327266667,450
34,10891,0.19242066366216243,0.41950772031898603,0.016278828464954338,0.5255428643043315,2898,0.19774545955961265,0.4516943378021817,0.0545167314325361,3.3489345716678405,395
35,8621,0.19406666755502133,1.178320281226899,0.31692394005272223,0.5232449636451403,18269,0.185966041701234,1.1522054823835477,0.24381838884552862,1.299836085183508,460
36,5467,0.19924154580142173,1.1626682585036374,0.8960887209088132,0.517866430340369,15850,0.1928114948733226,1.1829853909080295,0.8032745953095446,1.1155447043155926,500
37,8879,0.19148385422460568,1.145900651930801,0.5009288271906807,0.5151346546710599,3470,0.17875846030173903,1.179527734996448,0.3517843368920843,1.4239656933456617,459
38,15058,0.11095609180506558,1.1675571305315908,0.9130606014876117,0.5114671060458067,2573,0.11027804861657035,1.0533893568857629,0.9247542342748878,1.0128070719163922,460
39,7,0.2,1.2,1.0,0.5038559384307709,8688,0.18883245343080451,1.1415990335478132,0.8804401505468228,1.1357955442842096,483
40,8688,0.18883245343080451,1.1415990335478132,0.8804401505468228,0.5038559384307709,7,0.2,1.2,1.0,1.1357955442842096,465
41,653,0.11366858704155984,1.1610074177391416,0.9948612790711753,0.5005043659023966,16770,0.10762611083694354,1.1287858571304201,0.8847080508994177,1.1245079979319426,465
42,4280,0.08219701695461992,1.1578337791383078,0.9103531774730325,0.4992491781840191,7852,0.0809836530652747,0.9185396069612867,0.9497092570334617,1.0432316605624141,448
43,15850,0.1928114948733226,1.1829853909080295,0.8032745953095446,0.4808382730374411,16274,0.18087602241007472,1.1505113558811622,0.6715269017271437,1.196191237080079,488
44,9636,0.051394348345082864,0.8070571073990762,0.8263093394502533,0.47814463904077925,1004,0.05119536805070432,0.9720942708250845,0.7969337182988505,1.0368608084673698,381
45,8809,0.18462082695280496,1.1708671216469635,0.7955403460397135,0.4744036551564212,4682,0.18561817764578525,1.1380415319928954,0.8266727314654019,1.039133634869267,471
46,3470,0.17875846030173903,1.179527734996448,0.3517843368920843,0.4625633672984542,2011,0.16331461947259868,1.1775394606564062,0.17918607862021488,1.963234753508344,457
47,16844,0.10679675129109653,1.1360910109955322,0.7557809611385423,0.460245907622993,13,0.10563533574831913,1.1713367966010328,0.7338407437517269,1.0298977912764111,470
48,9881,0.17697087421934626,1.1560035056546036,0.6203383837684294,0.45939370176182265,10794,0.18089161322007302,1.0744480448578635,0.680754268213893,1.0973918203778545,470
49,1894,0.19986242658010317,1.005055735023344,0.014856691953038008,0.45730615024651505,10141,0.19964566443559179,1.0451614560127984,0.010265020951293396,1.447312384799961,422
50,13207,0.17469572254859117,1.0983134504268062,0.8905643423505323,0.45149323454806434,6081,0.15754818999054643,1.131436535741435,0.6474206674311631,1.3755574808634317,470
51,12873,0.19802941934833568,0.4314942199406945,0.03176674621113141,0.4501337001515097,9780,0.19535827231343011,0.4196659112700467,0.014713763706063277,2.1589816749633477,395
52,18689,0.19438019614981517,1.1251633630784053,0.1945764073721715,0.4494388073458014,17299,0.18027255803960462,1.1143362912666626,0.04611158646885521,4.219685815919449,439
53,4520,0.17401310501196804,1.080429251411803,0.9544164267175995,0.4469055545401423,17125,0.15782512225763157,1.0976770424343232,0.7161488873741014,1.3327067088202178,471
54,14,0.19752209496431017,0.8431406890933031,0.013104044423021278,0.44580218157156504,16931,0.1986135889224846,0.7774513987800178,0.03727658381585933,2.844662503613889,403
55,157,0.1583098606713927,1.0866564839535071,0.923530360847382,0.4440815728140075,10073,0.1604690631181033,0.9681673697901819,0.993815199458998,1.0761045241080394,476
56,16397,0.19944489861386322,1.041244903261442,0.014851102927105913,0.44362708460205547,7335,0.19855210142654556,1.0343365295592517,0.011969400014201053,1.2407558365069153,425
57,4645,0.15929533818289338,1.1844971175565169,0.7909846911908325,0.44346461103077583,1484,0.1512322422364648,1.158815810088523,0.6766472275138458,1.1689764755219472,464
58,14097,0.19090104000281982,0.47592450050592183,0.017998472766153857,0.44292597111258036,14308,0.18911754209567166,0.4352413857884448,0.01040941362925265,1.7290573136198901,409
59,5064,0.1535725974319321,0.4112625609399969,0.06631792573092007,0.442542562014155,8466,0.14960014680927702,0.44487828782167094,0.02534812859641826,2.616284885831411,450
60,10010,0.1905027827657242,1.067207600507342,0.678372681176964,0.4401922782919779,17097,0.16937529385091882,1.1910514486403865,0.41432819754214406,1.6372834028704075,459
61,16676,0.1813297465828047,0.6160626077983615,0.06749077425711132,0.44016114118088384,14962,0.17823302999388196,0.6748326239506481,0.021835880013562098,3.0908199813881243,425
62,12262,0.18068307329131883,1.1083215790998788,0.35362387793932387,0.43937584728460294,2112,0.16865003302062384,1.150728605270075,0.20710113784910344,1.7074936507445884,446
63,3794,0.16519508096219038,1.1469874394869826,0.9764924812393538,0.43862299644556846,7707,0.16005146495601963,1.053034659681693,0.9315088103315108,1.04829119210567,479
64,12234,0.07842407306118641,1.1742131578046235,0.7589638029507361,0.43741342418162094,14062,0.07277260224746228,1.1127617970184507,0.6008138220328,1.2632262693006124,457
65,9995,0.19957273863471187,1.1945547290001743,0.4817889098208933,0.4372134045119246,18196,0.19180292609180127,1.1537645318521967,0.40886355295473015,1.1783611093215676,472
66,12026,0.1919801580746156,1.1653988233799362,0.5423693715183034,0.43689434487886064,8357,0.19115014919651802,1.1331501352275262,0.5344678280687765,1.0147839458889005,455
67,5555,0.19817446845781683,0.6729557648924634,0.05171275803520878,0.4362844008228241,744,0.19554464801922822,0.7476990617395045,0.013750200818615825,3.7608729295936554,403
68,6214,0.11198372459674436,1.1808490931720852,0.9937926078291779,0.43608054273005453,7042,0.10822406978479784,1.0527797879582699,0.9618829665537689,1.0331741411221105,480
69,19638,0.19940778119927582,0.48953020783150836,0.010396128648286363,0.4356140513320361,18602,0.19953695028340096,0.4834912779811394,0.016672329576128464,1.6037055850474333,405
70,18602,0.19953695028340096,0.4834912779811394,0.016672329576128464,0.4356140513320361,19638,0.19940778119927582,0.48953020783150836,0.010396128648286363,1.6037055850474333,400
71,14702,0.05037470454018933,0.40991434454537257,0.3161322553873707,0.43457965083281674,441,0.054738292794615215,0.42093944622369694,0.48873070532886387,1.5459691221004979,401
72,10719,0.19758653844334512,0.8327934822205252,0.04935146667240581,0.43280627511107267,9383,0.1964019179119011,0.8897077172529642,0.03093892407729028,1.5951254978718106,420
73,13,0.10563533574831913,1.1713367966010328,0.7338407437517269,0.4325800941925212,16605,0.09175430775516503,1.1852051158303345,0.4361972248527537,1.682359955406521,475
74,1536,0.1810699714994038,1.1769058168719155,0.9872789369268682,0.4321138368723944,2811,0.16638676972081645,1.178185677355836,0.786979570423458,1.2545166025029508,483
75,2811,0.16638676972081645,1.178185677355836,0.786979570423458,0.4321138368723944,1536,0.1810699714994038,1.1769058168719155,0.9872789369268682,1.2545166025029508,465
76,5348,0.18684423905708653,1.1412758282036872,0.6589918821154455,0.43187759614886795,1851,0.1858096711873738,1.1909067735794414,0.6285416518413672,1.0484458431432055,464
77,4244,0.14581391737490385,1.1989195569053823,0.9556029026367895,0.4308972132526598,4386,0.1336193542143267,1.178464885388638,0.759273999335668,1.258574511273797,479
78,5462,0.14202443430385941,1.0615938518838672,0.8969312520978603,0.42912314378980676,3709,0.1392850033037866,1.025731353971292,0.8698405980492896,1.031144389109136,468
79,5151,0.16654071044272056,1.112873146557186,0.7948502176016974,0.4283500415742824,15689,0.16298210773227012,1.1851484208194125,0.7176918392869516,1.10750906460272,465
80,12355,0.1997133387759128,1.1611991884872066,0.4803920075177938,0.42449948751825356,14611,0.19539980300969256,1.1105518924112863,0.44948867653198843,1.0687521902091923,456
81,18015,0.11602025459300623,0.40288854377291905,0.010694231085491591,0.4216260156393514,16907,0.11845832373276648,0.4577975595275421,0.04201818447245633,3.9290514798638134,463
82,19904,0.15949909111777044,0.4181070835950616,0.02631042134916539,0.42066651111766706,7974,0.1591613118185659,0.4855333066014915,0.014311722496329955,1.8383825815454664,444
83,7439,0.19064996003045176,0.40893593740269035,0.020510560768531295,0.42032253600599107,4189,0.1972570197226865,0.44011723312471474,0.07149545915083808,3.4857876368027587,405
84,5620,0.1527020416513306,1.1909621445413388,0.7508020918573908,0.41837396303740665,5948,0.1621821190739134,1.0922475772420763,0.9333734696789973,1.2431684458549492,460
85,1659,0.16958832785337957,0.43385855024577213,0.012892983490681137,0.4177236913388809,5581,0.17949600167496688,0.41163632090437186,0.11011584428587733,8.540757410064744,445
86,1773,0.1975974954333397,0.9466044977794336,0.022316604331912668,0.4168711464883958,19183,0.19926455639517887,0.9007068238030901,0.050807494675989565,2.2766678084324425,426
87,13490,0.19807799781779678,0.5356279139210829,0.01120478642062776,0.4156997379070881,13464,0.19909905592352328,0.47479741014638743,0.028900898306427458,2.579335046781575,403
88,10237,0.19977979665483697,1.1989429487975038,0.16339285406799278,0.41428176041679166,17172,0.18682920861472524,1.1827799700479191,0.03244693003660817,5.035695330302287,456
89,1005,0.05001309288127655,0.403553316247395,0.11112694553946934,0.41200530785737477,9968,0.05887597526480968,0.40189441720103847,0.38741717105484547,3.4862577134115975,432
90,9609,0.14200986991330655,1.1154036968591736,0.9329818444165948,0.41055382976660126,9416,0.13602170466159827,1.0480452628291683,0.8532945343670755,1.0933878125782521,471
91,5727,0.10867564836147253,1.1933719325140584,0.6419074404895657,0.41000320585938793,14793,0.10086766615498424,1.1377649232757578,0.5005104282309797,1.2825056268224904,459
92,15370,0.19788029572220822,0.5293906558526746,0.011984186911031525,0.4085448927262624,13464,0.19909905592352328,0.47479741014638743,0.028900898306427458,2.411586077635687,401
93,17162,0.152199662967832,1.1620379837420156,0.9407788895893926,0.4075844493938063,5675,0.14648147116949653,1.1702452285602036,0.8373725520837852,1.1234890458832005,483
94,1574,0.1968292546403606,0.41105252309939294,0.06498636867937908,0.4069342782449899,4090,0.19429707219417175,0.44881082766363894,0.04421669613284207,1.4697246597560754,400
95,344,0.16851088286458993,1.1949210453623536,0.5451908993260388,0.4062584389250802,18538,0.19428187001502017,1.0334570563617738,0.9165259363764438,1.6811101166755476,470
96,9741,0.16484218757339358,0.46075151043687645,0.010253780774575018,0.4060169956183923,7480,0.16415621846033643,0.40122839364534313,0.010949144397436729,1.0678153393513068,446
97,16274,0.18087602241007472,1.1505113558811622,0.6715269017271437,0.4059167467147726,18081,0.18885192988056076,1.0263762182122496,0.8094128891434108,1.2053320381679857,469
98,13909,0.19456430590392265,0.9986835818472716,0.021702035728373873,0.4058766846841211,8031,0.1967280986597123,1.0495631716415004,0.03368431106573922,1.5521267906539926,425
99,574,0.1999312584033373,0.725389594708259,0.032983069019745244,0.40567999047375447,17231,0.19822578978780653,0.7139155054686916,0.01366583697523782,2.413541818149141,401
100,843,0.18307347862030482,1.1563566297183336,0.24043947251492964,0.4033710328294532,15524,0.19939271907323108,1.0987193708680223,0.42191623419724533,1.754771085563113,436
101,4341,0.19778250983884232,0.5379174636248455,0.030777746046297454,0.4024432476098643,2087,0.19845258505700641,0.48937026552501084,0.045418976279952346,1.4757083319756688,402
102,11449,0.05647993684858729,0.4315266594053471,0.8922850249268435,0.4024069202541075,18007,0.05274549427788282,0.6143927668728305,0.7447851658372555,1.198043497447717,379
103,7051,0.1421817212459231,1.1016890980459566,0.6934796719465748,0.40188308402701245,19135,0.15202595548308134,0.8898495033613425,0.9115656658424444,1.3144807306084536,451
104,14428,0.19372331192008907,1.1529677838775994,0.03695796631219988,0.4007994361514598,2208,0.19116613046649794,1.1082576668693696,0.020150345010433775,1.834110844904302,435
105,1851,0.1858096711873738,1.1909067735794414,0.6285416518413672,0.40052862349224977,3127,0.1850557475885079,1.1419658768990093,0.6262758282156017,1.0036179324247934,464
106,15333,0.18735855930356227,0.404029780734986,0.010689884985187442,0.40028271653507286,12311,0.19369541741693846,0.43289419659841055,0.059917801415976316,5.605093179112973,436
107,14684,0.19182420483483836,0.5766890079225621,0.017317837377370453,0.39873517272667325,11344,0.1917492733726337,0.5779110086781123,0.012101571808506916,1.4310403352064327,406
108,11389,0.1689041750184318,0.4020921048981743,0.01912422404590067,0.3985203406102972,14332,0.1752262204628396,0.4387621902756201,0.0764846327141674,3.9993587468225718,457
109,19437,0.18816390489486157,1.1547690566743456,0.27671293208133185,0.39808592699215234,7825,0.1651651867746963,1.193841237973811,0.013544338427242583,20.430154899611903,435
110,19173,0.19523713864846787,1.1936889009918323,0.08078627895781008,0.3940884028525992,9134,0.19352666464568774,1.1346853211879724,0.07385277990836026,1.0938827090605556,446
111,9416,0.13602170466159827,1.0480452628291683,0.8532945343670755,0.3940735099896043,5607,0.12938760997743928,1.0200419935229932,0.7483600810392488,1.1402192019410016,463
112,9383,0.1964019179119011,0.8897077172529642,0.03093892407729028,0.39395960766667676,9810,0.19471891482890308,0.8464644921563619,0.02348169151349928,1.3175764641786538,423
113,15282,0.18758538281059256,1.1502975464670715,0.7063586457935277,0.3896578086807868,15281,0.19679034231786197,0.9969884911332113,0.8666868512979895,1.2269784711481064,471
114,10594,0.05847028933354181,1.0594158512599234,0.9158671632388199,0.38932167955085567,17806,0.052971153050443844,1.0831076305516465,0.6933772345699266,1.3208786178376546,382
115,17260,0.14341149205570305,1.1802070601575751,0.9017398872911752,0.3873187437645139,19986,0.13702431136872006,1.1328554621567362,0.8045009080286488,1.1208687004478355,465
116,16382,0.17418423327804725,0.41148277968509966,0.05202446799117024,0.3866175544020773,18832,0.17355017101931502,0.46555595373365777,0.04280577108983848,1.2153610755424553,437
117,10814,0.05280032578463765,0.6424117841709215,0.999010243656403,0.3863243500473821,16324,0.05331900306681203,0.765828614713226,0.9750256404041545,1.0245989461798222,389
118,18609,0.05088784169580587,0.9517973097564157,0.9156480562398414,0.38545608296887496,8468,0.05019052780038927,0.7820543716255863,0.9125494130718594,1.0033955894591517,388
119,8468,0.05019052780038927,0.7820543716255863,0.9125494130718594,0.38545608296887496,18609,0.05088784169580587,0.9517973097564157,0.9156480562398414,1.0033955894591517,387
120,6052,0.12338212548422703,1.171257386489375,0.7648227839174551,0.38542279466456825,17596,0.12551982501606185,1.014932621683053,0.8563207803146432,1.1196329376179557,477
121,15986,0.19215371980846935,1.154425422957805,0.32792993492190636,0.3848789287920821,19033,0.183191100753072,1.1756844591028743,0.22740725884584337,1.4420381151694286,448
122,14308,0.18911754209567166,0.4352413857884448,0.01040941362925265,0.38457431324907126,11452,0.18965527757551331,0.45362858916898835,0.01616937262641407,1.5533413506573244,421
123,11940,0.19919878612351566,0.7874413665294226,0.014125293058206902,0.38436647562369053,14345,0.1987453900307949,0.8015538143952976,0.011387712476159384,1.2403977609883239,403
124,3444,0.19859911317064693,0.993998079908523,0.04129034417242083,0.3836313778041893,17529,0.1977875840581131,1.0577994637750952,0.021896903332794246,1.8856704779155546,439
125,7145,0.1874271093110425,1.1582827265514846,0.01707221264272306,0.3811055840643877,7680,0.19754880072306985,1.1402929870682623,0.12092396228924743,7.083086698828733,439
126,15707,0.193534714668205,0.757800154459521,0.0455247322416957,0.3805514497262908,4241,0.19627105864555727,0.6926905050458246,0.08138582916159058,1.787727794410837,427
127,15552,0.120403301010108,0.40088667183696186,0.0147932920531979,0.3802786522929378,10592,0.12712766458201968,0.4392647087897629,0.10093797290298966,6.823225860748802,454
128,14430,0.18765326686544898,1.182026717774419,0.5241099362738516,0.3798091718685327,3306,0.19461246828400874,1.1996503223394854,0.5990427040007203,1.1429714694203312,462
129,3306,0.19461246828400874,1.1996503223394854,0.5990427040007203,0.3798091718685327,14430,0.18765326686544898,1.182026717774419,0.5241099362738516,1.1429714694203312,475
130,16690,0.17933778475951012,1.0211114256397966,0.8657111173032445,0.3795291019994232,15712,0.16740573336453918,1.0362731512743566,0.7025327126016205,1.2322716106661302,475
131,6733,0.19560101654374906,1.1106075416067103,0.8989684000593845,0.3791445934010204,3622,0.19532793756331218,1.176019349646534,0.8792426565949374,1.0224349254628289,480
132,11458,0.18901120745926653,0.5982668430732194,0.017677012280813954,0.3783709522235181,17453,0.19007720792019356,0.5438361051724228,0.034726428040887033,1.9644964595390337,418
133,17123,0.1974299780693713,0.47083417835469876,0.11916345486428633,0.374363185138846,906,0.18689259809791559,0.5436117863059196,0.017937704918515426,6.643182915852572,434
134,11231,0.19895295798930362,0.6568098007558624,0.01180675421142125,0.37326046724620304,18883,0.19871506050465215,0.6041888597200471,0.017838431718476412,1.5108666953717413,402
135,16593,0.17671610243819336,1.1654854679056412,0.6752587242524808,0.37315832909427565,18772,0.17739797230370308,1.061289474265021,0.7109652050569113,1.0528782221125066,470
136,11624,0.16649748349190258,1.126491484143655,0.7893450092607801,0.3731421488884427,15689,0.16298210773227012,1.1851484208194125,0.7176918392869516,1.0998383512971501,468
137,12603,0.19551683312550872,0.5765700430454326,0.01276067767523516,0.37178117199446004,1966,0.19491600356455618,0.5266221009415278,0.014176467352419465,1.1109494114040628,401
138,7480,0.16415621846033643,0.40122839364534313,0.010949144397436729,0.37106420628927056,5026,0.16493183702772202,0.4442967373971527,0.010729463387755822,1.0204745569971,447
139,14069,0.1995579544396729,0.8039762931601369,0.010632621436703708,0.3700568119746363,7230,0.19906064242481125,0.7510385808258642,0.014921670019323397,1.4033858073620429,407
140,11787,0.16642989510881306,1.1927661254507316,0.5547923548753577,0.3700466478070813,1639,0.1578945047611555,1.169374526815151,0.45130769546395855,1.2292995675711085,465
141,17125,0.15782512225763157,1.0976770424343232,0.7161488873741014,0.3697657959662843,2754,0.14455341672689043,1.1646925619652095,0.5190405767765118,1.3797551085923294,458
142,4950,0.19214426454152456,1.1266221919844233,0.041150203807849735,0.36875701173209374,8316,0.1913181071154328,1.1300679440579873,0.027418518842703427,1.5008178977107862,434
143,13432,0.11410540277075157,0.9726065807863747,0.8439769807130832,0.36847616961867885,231,0.10924414386648498,0.9094488698378346,0.7581520105897789,1.1132028523627335,458
144,19542,0.07767067486299718,1.0776445514355495,0.7271610390621795,0.36802633426779563,14211,0.07845545571079048,1.181465061361223,0.7116350158807295,1.0218173963267319,457
145,12778,0.149920520954147,1.194874011137908,0.6050910509325123,0.3676409898462622,5305,0.15978346148251427,1.0492638476626983,0.7770668274249478,1.284214708228459,466
146,18807,0.08444709417505022,1.1580660076088067,0.9962546444519182,0.3665293406961975,12518,0.0790147938701712,1.0543971302907238,0.8654154144385823,1.151186618392064,463
147,8994,0.18041707065274437,0.47849854251154655,0.03924592248552965,0.36652135836728345,3492,0.18480391416277475,0.465133785162918,0.07795741810922768,1.9863826143460213,437
148,5753,0.06792256868772206,1.1603386814551877,0.7269880724701896,0.3658909816407905,10208,0.06957772935742995,0.9139069053300195,0.8514294624454234,1.1711739087443371,406
149,15539,0.1697168137454992,1.1256225723383837,0.2546453890034083,0.3651086086181687,3535,0.16072594417963146,1.1038428883377478,0.15322257301636746,1.661931293740947,443
150,11580,0.16401536100266811,1.1821008081948672,0.727717535752567,0.3629662181885718,12589,0.17597846188795252,0.9766126200572552,0.9650018713693879,1.3260665353782273,465
151,8434,0.1824364786501564,1.1637669929974455,0.5958818261013984,0.36222664406745664,19829,0.19095943374376312,1.028991184169024,0.7251101652397103,1.2168690728223714,459
152,7940,0.12960878030909506,0.9997425622560876,0.8869337716266786,0.36211300445535816,2555,0.13006436327150236,0.8826136305093919,0.9382700694878465,1.0578806439707609,459
153,18639,0.19657244048972583,1.165157486206534,0.41361588765556573,0.36146921605887905,203,0.19091188486254967,1.1325590131355663,0.364420852597976,1.1349951154190976,448
154,50,0.051706276963212505,1.1941430244456992,0.6647088031931461,0.36055652009508665,2894,0.05624888206780956,0.8121141211680627,0.9824641895077362,1.4780369761738497,385
155,7029,0.16598051696692342,1.1259202650711155,0.7819506482147819,0.3588750831522113,15689,0.16298210773227012,1.1851484208194125,0.7176918392869516,1.0895353763415694,468
156,10352,0.17667049831996068,0.40999836034783504,0.038915629423436814,0.35826041089406685,1830,0.17930099665244226,0.40326688826150875,0.06609626157992449,1.6984502771556926,450
157,7649,0.055553033972379866,0.46913785401095154,0.4605377033422799,0.3580109410496875,10541,0.05575185718305329,0.5785260787818052,0.4881671331584843,1.0599938498318122,404
158,5320,0.16966638236874404,0.4498630684565718,0.01118770112067999,0.3580096710339629,17759,0.17322274207564992,0.49004270821717555,0.04114076378957217,3.67732059927175,440
159,18570,0.0850856872961156,1.147385330162765,0.7526340920916028,0.3579932764783101,2493,0.08306020944192183,1.0093916810049939,0.7333308941984203,1.0263226301331299,455
160,5026,0.16493183702772202,0.4442967373971527,0.010729463387755822,0.35734485185626863,8359,0.166324102740964,0.4708511405145126,0.018367262340972416,1.7118528371076458,443
161,13218,0.19562479779432124,0.8172982608800646,0.025699204275591112,0.35638096563496285,11549,0.19805925210184167,0.7652301063190972,0.05628745558262831,2.1902411833073625,409
162,18007,0.05274549427788282,0.6143927668728305,0.7447851658372555,0.3557977394788137,13579,0.05398424051164264,0.446077850741437,0.793553735025235,1.065480049046299,389
163,7227,0.1262291234606627,0.4295619597835127,0.013258821299627256,0.3555359905255951,15726,0.1274733024422996,0.4897060523646473,0.021696620611693262,1.6363913594870774,439
164,8558,0.10165146597237797,1.1725760519658306,0.677363329950916,0.3541428570720408,13017,0.10962157216016964,0.9638802125016227,0.9075509661368703,1.3398289012820261,464
165,9426,0.13929170711526198,1.0493546895901353,0.8480340920179429,0.35398977586211644,1306,0.13673787015252697,0.9704208277661448,0.8233609727912119,1.0299663453115693,461
166,6023,0.18601003832998714,1.1882081737492052,0.38586827533886187,0.35384408778205834,1142,0.19376942913197265,1.0695036855000652,0.488088433031038,1.2649094632161932,460
167,3858,0.1862383271333663,1.1389303591325737,0.5663750080015508,0.3538221166889985,19395,0.17566829495174985,1.1319264274692906,0.4477789283653409,1.2648540878624104,450
168,13342,0.1598711883443448,1.155006572987339,0.5887641446997446,0.3531490569172725,19620,0.17448749090200938,1.0702226019655492,0.7985333690773954,1.3562873627174223,450
169,19972,0.19858141185940148,1.1790250875123307,0.47762057614218517,0.3530414285411321,4998,0.18617208599446972,1.1836633299858392,0.34807264386733294,1.3721864804871857,458
170,1738,0.1949336946132723,0.6859515505555546,0.027643067651821437,0.3524580424842023,11179,0.19929551103158816,0.6188597053959058,0.07912324071821451,2.8623176600662474,407
171,9520,0.17259126866726832,0.9818605247411317,0.8725752954964122,0.3520924144842324,15527,0.1600650674844405,1.1648270445848306,0.6433837587480314,1.3562283530351582,463
172,11195,0.12890125723058288,0.40637237015265004,0.01028935655911406,0.35145411377763586,9243,0.13312946172663864,0.4285524329002369,0.05714141915195743,5.553449219459983,461
173,12180,0.10851856554753854,1.1110640356911101,0.8554438361723848,0.3513651517506548,2573,0.11027804861657035,1.0533893568857629,0.9247542342748878,1.0810227336637632,459
174,12356,0.19077130536909837,0.5238265155457114,0.013589286119292181,0.3510139484930199,8178,0.19367456257411186,0.5415609283985788,0.0355501241046928,2.616040592023717,408
175,3210,0.18832524223468083,0.9119617203287034,0.8795934860663768,0.35083039197469673,5722,0.15322119497684342,1.117444928136143,0.38143709391265174,2.3059988137068856,448
176,10867,0.1954673962904469,1.1713183819725932,0.6419791260177949,0.35077202571772115,15942,0.18786925935518672,1.1789727477814353,0.5614879003410477,1.143353446490756,475
177,4164,0.12339327520214852,1.1909352438828673,0.6060387222367588,0.35033096170806544,5029,0.12947759571195683,1.1334870063079938,0.7325298250707221,1.2087178561249547,464
178,4807,0.18757635087198005,0.610197768637263,0.05511480951510794,0.35025537948808233,7717,0.18992935905167807,0.6147176023044515,0.08161747206356976,1.4808628167570272,431
179,1031,0.19524991316562446,1.1870840700753733,0.06479659508185376,0.35014470939638614,18890,0.19635257824347485,1.1662418803510528,0.08341756449247874,1.2873757392205902,456
180,9299,0.15586521632397043,1.0855286723491147,0.777365337081773,0.34989797764496694,7751,0.16420696900298803,1.107725563298069,0.8970968572182969,1.1540222009203494,449
181,6433,0.12244870658528484,0.4015653714990321,0.03598218483817901,0.3494094350407493,12243,0.12599917214961498,0.42224983324102705,0.07669653474403251,2.131514111468112,442
182,10129,0.19852902549746287,0.6472117339346775,0.038233928709475104,0.3487428834495909,18092,0.19516898224370316,0.6265156751411356,0.011532059201715756,3.3154467940805064,396
183,6787,0.11866760859201027,0.40116675774696026,0.0166779199115154,0.3487191640113046,12927,0.12127335285840392,0.4433626870346341,0.04510729534436136,2.704611581280989,462
184,15281,0.19679034231786197,0.9969884911332113,0.8666868512979895,0.3485390778994868,11780,0.18008718650768113,1.1837883032517227,0.6181733912565165,1.4020125478651508,461
185,9179,0.16839784241264283,1.1727273504284632,0.46848182955483636,0.3484874641119457,8543,0.17555974067328867,1.0697539349011653,0.5709166239815937,1.2186526519589747,448
186,6880,0.19607092863484998,1.0465376138144649,0.591699664430439,0.3481769895035547,6387,0.18412650451079826,1.1129735077675214,0.44345837078731115,1.3342845764303464,453
187,19576,0.15409813503143352,0.40520090759823096,0.013236381318598806,0.3462382605976202,4091,0.16355874946118262,0.40761908297764093,0.10454971413862962,7.898662906584893,431
188,17104,0.10883790972930134,0.4077637066779079,0.012096967653021581,0.34515161983665577,19288,0.11925059707558952,0.4164375219098568,0.15931643689020283,13.169948160554828,452
189,15690,0.11892722745069804,0.755159395442367,0.7301533172504048,0.3451050900287061,8526,0.10376383740150483,0.9565785195697579,0.390681359014803,1.868922845696201,432
190,10987,0.13671143648764583,0.43400601066718036,0.054027125863866286,0.34481382960417084,7414,0.137830592506891,0.45083705595395046,0.07017005743424523,1.298793084256504,447
191,5537,0.09770276209469331,0.41074120459888963,0.012336886149586048,0.34450629555446344,12656,0.10458887078207402,0.4133579049739498,0.12483380263221112,10.11874480469286,454
192,2347,0.19395364431328593,1.0769614751650776,0.3849877857220911,0.3441173589609775,18820,0.16453734766906003,1.1802451677339685,0.04835058698868485,7.962422168983948,453
193,3709,0.1392850033037866,1.025731353971292,0.8698405980492896,0.34409591338111667,12317,0.12167293941565357,1.1948312870550417,0.5323053835991435,1.6341006964234077,447
194,14249,0.1530785370066315,1.19647351993209,0.9283663475650269,0.344024332183397,5675,0.14648147116949653,1.1702452285602036,0.8373725520837852,1.1086658444378257,476
195,5675,0.14648147116949653,1.1702452285602036,0.8373725520837852,0.344024332183397,14249,0.1530785370066315,1.19647351993209,0.9283663475650269,1.1086658444378257,480
196,19327,0.19731587804160305,0.6865533437826034,0.023453377535613874,0.343978823122024,16506,0.19566240388736122,0.6573169862320504,0.014521176550063929,1.6151155145559208,399
197,13458,0.15150339066841062,1.1960852330171396,0.3722715477303632,0.3433242432913679,15934,0.16605090329637423,1.1527421502277848,0.5680270312313417,1.5258405717397572,448
198,15934,0.16605090329637423,1.1527421502277848,0.5680270312313417,0.3433242432913679,13458,0.15150339066841062,1.1960852330171396,0.3722715477303632,1.5258405717397572,459
199,10066,0.17922920442096324,0.5971205167256258,0.028130697314752772,0.34272209765824896,10720,0.1781233252068607,0.642108014800324,0.011595127101528562,2.4260792545382586,426
200,11564,0.050477323213909436,0.430636281873368,0.2901757527487428,0.3418439029983771,624,0.05642853427499074,0.4807864122924917,0.5128872426127893,1.7675055126225097,406
201,17143,0.1951930214639242,0.7018586286950932,0.0867026257726639,0.341812934909317,2868,0.1888596637696604,0.7525390101480223,0.010670486834189403,8.125461107815553,428
202,13595,0.12868346962814933,1.14214102746905,0.6759272796013454,0.34079176134110967,4037,0.12006568567657212,1.199008656191011,0.5240018743210718,1.2899329424672712,459
203,9959,0.0862141458994175,1.1945676830957879,0.8872514815321072,0.34039246621229463,17671,0.0825130184944818,1.1055527704725323,0.8189202869388755,1.0834405932824716,466
204,19618,0.19586273039729823,1.130567989187639,0.010963845336343292,0.33854456747327616,8052,0.19945804957812113,1.0628353179769519,0.05970996449520119,5.446078694422363,436
205,11189,0.19938519764794704,0.5115752839850252,0.02240960870495023,0.3383773256363363,5053,0.1979233825095803,0.4722117827174578,0.01604449182383929,1.3967166396416182,402
206,19820,0.18245930428525192,1.1792043680850846,0.2587517631384678,0.33809430141314467,419,0.1698609432007589,1.1797473868862691,0.12052875633265307,2.146805219032763,433
207,6081,0.15754818999054643,1.131436535741435,0.6474206674311631,0.337811133306604,17787,0.1493543569958103,1.1453868590521488,0.5273103279051461,1.2277792282263487,469
208,10176,0.1463747088841688,1.1217315565619508,0.8209256809722868,0.3378070833781515,18276,0.14981332085574284,1.1985922075460462,0.852848288774177,1.0388861117903898,466
209,14871,0.18762077308233766,0.44935792085315474,0.12900750307678185,0.33761622385805645,8931,0.17676790771110196,0.5330819855527152,0.016898250208591186,7.634370510811443,438
210,893,0.11596760142765071,1.1237047914384677,0.6926475354004155,0.3375126104747687,18547,0.11683372086881386,0.9923983002777625,0.7424686368501818,1.0719285046195466,450
211,13068,0.1688518845906035,1.0681037868217822,0.8001281163544722,0.3370521527481991,12326,0.1633653907955771,1.1469151102756112,0.7089290429416841,1.128643443685647,482
212,12004,0.1104305681013988,1.1454921528343334,0.8637776980394237,0.33634987241418524,8177,0.10138855243954414,1.136935600191959,0.6690648329478277,1.2910224174146354,467
213,12201,0.19880623272998016,1.07541432258271,0.3922517607677632,0.336293387720996,19175,0.18205516812690203,1.1075064472503153,0.21364864811031917,1.8359665003132661,442
214,6824,0.09565803083977764,0.40467924188689286,0.029193905509330473,0.33627627864205595,19809,0.09948420582766593,0.45182090141392967,0.08779191670218171,3.0072001388825185,451
215,14127,0.17305356598837773,1.1248324522555484,0.804976656308384,0.3362181830502541,14193,0.16717335936881977,1.1645344549284053,0.7214642178390884,1.1157540961898706,465
216,925,0.1054230248298806,1.0084493910963164,0.8334092971092641,0.3360893400334027,2573,0.11027804861657035,1.0533893568857629,0.9247542342748878,1.1096039334843752,449
217,2573,0.11027804861657035,1.0533893568857629,0.9247542342748878,0.3360893400334027,925,0.1054230248298806,1.0084493910963164,0.8334092971092641,1.1096039334843752,462
218,6448,0.15318456799003927,1.1729765510865362,0.35683139884009185,0.33542377115354277,9478,0.14189085972669818,1.1727929569919455,0.2085507193082046,1.7110053613037515,449
219,13665,0.10525019352690637,1.1456072662993586,0.6233593542297985,0.3352892358704969,9161,0.11806290133865928,1.0923630989461723,0.8963977248420025,1.4380111869012713,461
220,14395,0.051577427443111966,1.1298853498874672,0.9136139119052883,0.33485259059351014,1612,0.05073699651092368,0.9828018279561671,0.9398805932703443,1.028750308005138,386
221,1612,0.05073699651092368,0.9828018279561671,0.9398805932703443,0.33485259059351014,14395,0.051577427443111966,1.1298853498874672,0.9136139119052883,1.028750308005138,389
222,10988,0.18606914240194683,1.17453955299725,0.8799705568643409,0.33471610030860144,4190,0.18013910840687858,1.1874777690836211,0.8060467972555687,1.0917114984644416,480
223,16077,0.19898021814554256,0.9562581929345498,0.018249607417737197,0.33470518597077636,2071,0.19896780652020213,1.005366423758292,0.011044327950382554,1.652396370311067,424
224,441,0.054738292794615215,0.42093944622369694,0.48873070532886387,0.3316664815641607,18996,0.05121014261167144,0.5671881873453672,0.3903001987978368,1.2521917919442593,399
225,6116,0.1921792925096491,1.0238781090106095,0.8565868436472752,0.33165117002385075,1293,0.18445701594763914,1.0639543500367146,0.753190553796809,1.1372777304883193,468
226,2375,0.15257645682208087,0.41889926448204856,0.05668714472303049,0.33113755272478546,8466,0.14960014680927702,0.44487828782167094,0.02534812859641826,2.2363443718302936,449
227,4745,0.18401159498165998,0.4898280220666709,0.024740314073741998,0.33020912211791464,7562,0.19864748330534787,0.4350837051527944,0.15981717861192582,6.4597877834359,433
228,9267,0.16730923115913837,0.7531132321247589,0.05599483430167189,0.3295533033824962,9856,0.16511679238641905,0.7891770992620326,0.02771261504132618,2.020553968586873,447
229,5486,0.13659884073214817,0.47523106032282897,0.06851745416305359,0.32949581810286255,1718,0.16057107263419623,0.40526051028647603,0.3295158416493705,4.80922482708142,445
230,10379,0.18421823235701712,1.0753960503141335,0.4982056244824001,0.32939418790276426,17547,0.16921256016553543,1.1681839664342357,0.31708543231720576,1.5712031323596267,454
231,1332,0.19553613739877845,0.9973227430516088,0.0495908184582189,0.3290401064394744,2054,0.19253159044444557,0.9689144926023404,0.020540882618719555,2.4142496395469015,422
232,12588,0.059819192533765136,0.42279674250167526,0.5317977471348492,0.3285889570270533,14598,0.05020828152108293,0.5904137014634514,0.2253285026446425,2.360099769417668,410
233,7680,0.19754880072306985,1.1402929870682623,0.12092396228924743,0.3280347752280617,606,0.18823319935557353,1.123107088182369,0.027381521527427476,4.416261607965084,439
234,18752,0.16601817960534224,1.1348283662348813,0.8533525635932041,0.3276782823467609,6808,0.17174112424512666,0.9892985216613396,0.9924561472995174,1.1630083386878116,472
235,2425,0.13090547976483324,0.9747409677644877,0.952417357667193,0.32756929833668974,12146,0.10651000221834545,1.1607924301775534,0.44399133940979163,2.1451259813609527,462
236,6585,0.19714937701307317,0.9783547041341746,0.017079318550645768,0.3274033550333614,17117,0.1957777839163462,0.9344547779565959,0.011330722433443456,1.5073459482367082,431
237,1641,0.08172016855495143,1.1978538465425792,0.9817530169629951,0.3273921702295717,8427,0.07947416342918684,1.0858269578055784,0.9453824503339081,1.0384718021962867,455
238,2598,0.19294111143755582,0.687848560207688,0.02489386706094364,0.3271744509449356,16043,0.19707919386331973,0.6897907830067905,0.06243668672175026,2.5081152144380217,405
239,18700,0.19356222812845952,1.1320626890278358,0.345596842886645,0.32697358141932004,19033,0.183191100753072,1.1756844591028743,0.22740725884584337,1.5197265234216684,448
240,11792,0.16340919762563935,1.169578270972445,0.3727478028586333,0.3268890417312757,10965,0.16650874949498462,1.0720726024323017,0.42749380021289707,1.1468714152958441,448
241,4471,0.05024419541062614,0.7721285794059952,0.39733405423694973,0.32646451006000543,4361,0.055027154683166185,0.5993758717813852,0.5924655908311474,1.4911019695226806,386
242,14958,0.09340743099757035,0.4348466406356813,0.13108184710355444,0.32629365797576554,19427,0.09037236549053572,0.5022126552294977,0.07681224173094632,1.7065228686164466,452
243,848,0.13690221877421688,1.125645607791774,0.7348415217668111,0.32616737264659934,9137,0.1256528505583051,1.1605634393809439,0.5463884133378727,1.344906853492158,456
244,5005,0.18713858836041486,1.1746964061663565,0.4228129649261864,0.3261569270480175,473,0.1754055687050401,1.1800471619700463,0.29691570321997857,1.4240168517221645,460
245,15327,0.13004823158352613,1.046720462767274,0.9684875998435138,0.3258763330423703,15114,0.11379437480373127,1.1410437719545967,0.6245576413765777,1.5506776887860751,464
246,15114,0.11379437480373127,1.1410437719545967,0.6245576413765777,0.3258763330423703,15327,0.13004823158352613,1.046720462767274,0.9684875998435138,1.5506776887860751,454
247,9161,0.11806290133865928,1.0923630989461723,0.8963977248420025,0.32567605082992335,664,0.1209710741756199,1.1682995474162294,0.9244428823196603,1.0312865112220146,468
248,7825,0.1651651867746963,1.193841237973811,0.013544338427242583,0.32535443319053164,8150,0.17142422009787145,1.1570924650934267,0.09846253643030414,7.2696453178001095,433
249,8324,0.15975565048867907,1.0834768596198607,0.5685881972076343,0.323694049378139,4406,0.1577813694879855,1.0390124053399308,0.5480718668470259,1.0374336498580665,455
250,4747,0.17311626443955452,1.1183086364031118,0.31757591083194725,0.3235206213140017,9839,0.17830132242880575,1.075158845446412,0.38743777255061335,1.219984763755067,446
251,1721,0.1644528749473894,1.1207926775110821,0.9084664859433044,0.32326439492475667,11333,0.16227297716239897,1.0494265139968695,0.9029285303611558,1.0061333266099515,467
252,5768,0.19417240561547283,1.0387111417599537,0.015824237533516538,0.322621834269545,2908,0.1965383562364046,1.0790738024363247,0.034821533420895764,2.2005188779011937,420
253,15244,0.14773456138339086,1.1334395325452777,0.8363816015268599,0.322326661860913,18276,0.14981332085574284,1.1985922075460462,0.852848288774177,1.0196880075042973,474
254,18276,0.14981332085574284,1.1985922075460462,0.852848288774177,0.322326661860913,15244,0.14773456138339086,1.1334395325452777,0.8363816015268599,1.0196880075042973,476
255,18745,0.10717994525900595,1.1422950661034426,0.47251324696904623,0.3215878854250665,17596,0.12551982501606185,1.014932621683053,0.8563207803146432,1.8122683031799525,457
256,17596,0.12551982501606185,1.014932621683053,0.8563207803146432,0.3215878854250665,18745,0.10717994525900595,1.1422950661034426,0.47251324696904623,1.8122683031799525,464
257,2878,0.185950027565011,1.1673210845479711,0.4960181847590537,0.3214239145569464,16228,0.18665350170368733,1.0923505995704863,0.5177244029509368,1.043760932277971,458
258,15689,0.16298210773227012,1.1851484208194125,0.7176918392869516,0.32116855573572817,12589,0.17597846188795252,0.9766126200572552,0.9650018713693879,1.344590837661114,462
259,14857,0.05000233257793715,0.8166399728026472,0.35991063547147245,0.32114845884670307,16336,0.05835679484265599,0.7042636418152856,0.6962625570764078,1.9345428794131747,384
260,1579,0.16204874961773852,0.7379630076991188,0.019729424834304687,0.3207533205761327,1061,0.16406857312348638,0.6781829217156367,0.0521172519592861,2.641600168123849,440
261,14716,0.18403776120882231,0.7150624079599794,0.09248887313057065,0.31992533059660816,19611,0.1966040493446587,0.6915277394421503,0.21851735448583104,2.362633980601541,432
262,5693,0.14411796041131908,1.1103935118160497,0.46837198413574005,0.3198551884929985,18291,0.16356713363657416,0.9949881320944113,0.7740172090388623,1.652569400509964,458
263,664,0.1209710741756199,1.1682995474162294,0.9244428823196603,0.31943190265026783,5265,0.11488682644829833,1.1160081112151392,0.8183997590883153,1.1295737468807119,488
264,17638,0.15152249050510952,1.0107403110597368,0.7088255322458605,0.31923960566865217,14191,0.13581411996869944,1.1995944973327708,0.4417113902687009,1.6047255014516817,444
265,18089,0.1982374370162665,1.0996640033480187,0.028780350148688766,0.3188146664290406,6043,0.1968693107801769,1.0713806266406132,0.016587974384107255,1.7350129366164735,440
266,5491,0.1988405743501354,0.9360812973636568,0.01559392009128317,0.31863331791616106,15284,0.19945147840611555,0.8888026191433429,0.028379731233362574,1.8199228332089847,417
267,14962,0.17823302999388196,0.6748326239506481,0.021835880013562098,0.31809751115861357,19431,0.18396010570093307,0.6482858388861279,0.08291941198401218,3.7973927285051743,432
268,11974,0.1954954332431098,0.4974708437191725,0.039904268114698264,0.3167847166467798,5019,0.19207783231369463,0.4681367033597191,0.014150443542210796,2.8200012243901593,392
269,18168,0.18657063404459862,0.4966933253368717,0.029545014321272177,0.31635191435129995,9806,0.1853990490094682,0.49432698871119574,0.021924485576650866,1.3475807319619402,427
270,15,0.198479863527798,0.6419845659079932,0.03711089167709672,0.3161083233834957,14032,0.19637784264763153,0.6053376296023346,0.02168141074655519,1.7116456171097174,396
271,19898,0.17323084097202246,1.1075273392698493,0.9984681807588007,0.3159860507525008,2873,0.161841903781969,1.1168134526436253,0.8277295540202094,1.206273445123868,482
272,12521,0.18220752274376917,0.6120550211256316,0.07728139690463637,0.3158094328520308,6534,0.18064687593596884,0.6242660833301259,0.06301340952070683,1.226427795170184,427
273,6534,0.18064687593596884,0.6242660833301259,0.06301340952070683,0.3158094328520308,12521,0.18220752274376917,0.6120550211256316,0.07728139690463637,1.226427795170184,436
274,2348,0.18304288994143264,1.1416257879565697,0.35407746200930557,0.31518396184496494,12015,0.17303725539121412,1.1697035840984293,0.2439528154868938,1.4514178133284472,447
275,8180,0.058618610777867265,0.6874234458358564,0.9469037844924634,0.31491565037867675,3805,0.05520384516968825,0.9426137879745029,0.7235727104510197,1.3086504933308447,389
276,18004,0.17620586922838005,0.4131616997525228,0.017884640109840578,0.31428122615935133,8493,0.17755548593606002,0.42990653243342464,0.03120791420865781,1.7449562315478986,455
277,2801,0.19764705204984567,0.5990479455855517,0.016903881300542472,0.31346126970484367,11208,0.19912405142957973,0.6107090763076808,0.03232496602945944,1.9122807037471377,398
278,13377,0.19842415140207526,0.9210954312832149,0.1138094859756975,0.3124139377109556,6194,0.18994306089601326,1.0066024966094513,0.011875312225421859,9.58370473258479,433
279,16939,0.052517382476961603,0.5583168757861048,0.9018385307287071,0.31227839400774204,16612,0.052616252571540435,0.43206790040552345,0.8738170911771191,1.032067854742736,387
280,16612,0.052616252571540435,0.43206790040552345,0.8738170911771191,0.31227839400774204,16939,0.052517382476961603,0.5583168757861048,0.9018385307287071,1.032067854742736,385
281,341,0.17730054263021106,1.1227113825829589,0.8483724246277617,0.3119765098777073,11199,0.1725318074302864,1.1935011084306506,0.758383003554716,1.1186595963401667,462
282,15220,0.1619574027147466,1.1365921054408599,0.5601823859915528,0.31100206496200905,19166,0.1594797962713641,1.1921176777898697,0.5120450955312011,1.0940098653037844,461
283,17840,0.11982415344889102,1.007952785555891,0.8587141942469314,0.3109475580769284,17700,0.10590563099777042,1.0989689876481288,0.5514699417152853,1.5571368977536606,456
284,11146,0.18987505571730412,1.0432894047404841,0.05297958104017987,0.31087251271527916,3705,0.19451329251612653,1.0115093558203592,0.10987131201290949,2.0738425985207916,430
285,12256,0.19690829881682015,0.4379500208080604,0.014783662975074493,0.3107811356087416,6917,0.1993374700362276,0.41224188745235446,0.03528350349904242,2.3866550230839954,395
286,2754,0.14455341672689043,1.1646925619652095,0.5190405767765118,0.3107580030704049,14078,0.13896999201397692,1.1384373517652722,0.44231288315314077,1.1734692715174788,459
287,17008,0.14679211270010373,0.4672291766530382,0.028487889752048887,0.3101204397388006,15659,0.14567573503756098,0.5092725853169867,0.01178860944713179,2.4165606537232507,438
288,11729,0.179538342323333,1.1468281658633224,0.8913470533927025,0.31008214073319856,14193,0.16717335936881977,1.1645344549284053,0.7214642178390884,1.2354695234400437,468
289,14193,0.16717335936881977,1.1645344549284053,0.7214642178390884,0.31008214073319856,11729,0.179538342323333,1.1468281658633224,0.8913470533927025,1.2354695234400437,462
290,4602,0.15762847653531636,1.0722349023417723,0.5439741152417701,0.3100242151082774,4406,0.1577813694879855,1.0390124053399308,0.5480718668470259,1.0075329900641221,450
291,17608,0.0621649134581591,1.1776461766117052,0.5902219384026451,0.3099640866070893,5916,0.058670716459092005,1.1728443804454236,0.46296536543437367,1.2748727712036816,396
292,3971,0.12068473701715556,0.43053608612987,0.03439246381473352,0.309304603277241,10110,0.1287311837380301,0.4039887453372129,0.13411549703870398,3.8995606061014367,446
293,9817,0.06472991588043454,0.42508819165109946,0.02805938607711136,0.308566256533397,5513,0.06445483360777358,0.41417334854463955,0.015911227650663082,1.7634959849211898,453
294,16277,0.19460545159853548,0.6826750631508527,0.1629578688346569,0.30852715079161547,5731,0.1950490283494118,0.726181525803705,0.16071841480683777,1.0139340226228006,428
295,4286,0.1966191980154694,1.1529279353274764,0.6679876068411209,0.30829779869940976,15942,0.18786925935518672,1.1789727477814353,0.5614879003410477,1.189674089923194,467
296,7996,0.15376190403139234,0.4325920919362838,0.012905073279557974,0.3081048124758173,9984,0.16267195350825864,0.40756126504808526,0.1083269576713984,8.394137353949905,430
297,3358,0.16239636697344043,0.47105906749939036,0.05483107891086331,0.3073083616996843,5688,0.15903892177405554,0.43624055972425513,0.022653261881901192,2.4204496110412497,436
298,5688,0.15903892177405554,0.43624055972425513,0.022653261881901192,0.3073083616996843,3358,0.16239636697344043,0.47105906749939036,0.05483107891086331,2.4204496110412497,445
299,19923,0.14101428754667397,0.434499989579459,0.013704402043031944,0.30707676136809325,9541,0.1414825952649895,0.4549847673652423,0.019897255828430622,1.4518879237454552,459
300,17453,0.19007720792019356,0.5438361051724228,0.034726428040887033,0.3069433784091123,18584,0.1883539908191304,0.5773041219339976,0.010108264107962488,3.4354492195680075,422
301,6727,0.06724965189829712,1.1753040133643202,0.74329818183064,0.30689593598444387,174,0.06210110476473519,1.1799672332597715,0.5617529564020254,1.323176270564546,401
302,5265,0.11488682644829833,1.1160081112151392,0.8183997590883153,0.30689425229008477,2635,0.11744820941426039,0.998562716841828,0.9032742260590444,1.103707834744817,473
303,1796,0.1848531102536543,0.6473781586430642,0.039424023898908964,0.3068250256681685,593,0.1834593969038366,0.6070473823872543,0.030612940210577946,1.287822196356247,428
304,11232,0.11162085218858758,0.4785982678049142,0.04426680967366799,0.30598321562991465,6435,0.11419354836065958,0.47330298437877205,0.0882672613136482,1.9939828951837428,443
305,3622,0.19532793756331218,1.176019349646534,0.8792426565949374,0.30588762863368624,9262,0.1928015913048709,1.1139011975138136,0.8668941956307767,1.0142444845361729,482
306,9262,0.1928015913048709,1.1139011975138136,0.8668941956307767,0.30588762863368624,3622,0.19532793756331218,1.176019349646534,0.8792426565949374,1.0142444845361729,478
307,9566,0.17854221711930818,0.9693492749171743,0.0714425714375524,0.305656772591965,8677,0.19167891870860365,0.8666182907283781,0.2241161575753291,3.137011351435299,430
308,6885,0.08986709349735673,1.0520789594470663,0.8826385426679505,0.3055224462226995,4016,0.08530660743725041,1.150120726501486,0.7409404917287336,1.191240798041166,460
309,19456,0.16094937355584094,0.4030994146469312,0.02048128463028636,0.30509386603307875,19438,0.16434990187821602,0.429815671431334,0.053566986311543045,2.6154114489640827,453
310,19743,0.11010691428958079,1.1696714094665488,0.38099587940849666,0.3046238061003376,5607,0.12938760997743928,1.0200419935229932,0.7483600810392488,1.9642209312108363,445
311,5124,0.18706821934281598,0.9955396134451094,0.19509007184453805,0.30440832834262493,7493,0.17905386582194505,1.0863453201117688,0.095700337807263,2.0385515486626846,424
312,3938,0.15446971674439536,0.40049223972848835,0.012413744963574875,0.3039022963477141,6084,0.15452173816971068,0.4080911700174915,0.015163662741187255,1.2215220133554658,446
313,5237,0.12112461038880962,1.1401246986982232,0.8724012671145375,0.3037183091425326,4158,0.12063459361809949,1.025712193234377,0.9000617040298188,1.0317060943833427,476
314,4884,0.19902180381191714,1.1795643170871108,0.1543677191032733,0.30355893749718893,1798,0.18675766467105215,1.1855538747872827,0.029225906356704346,5.281879618007527,452
315,19522,0.19626366122734584,0.6287213364765829,0.03509449303889533,0.3028800543008794,15118,0.19668621300121342,0.5838328441404848,0.04536844928208024,1.2927512368336038,396
316,16228,0.18665350170368733,1.0923505995704863,0.5177244029509368,0.30278678133479664,10050,0.18688178404594163,1.051764721385748,0.524865266244315,1.0137927886973774,461
317,5404,0.07708571893267273,0.44007118352844826,0.04865132883862515,0.3025093293273323,6811,0.08503155381595932,0.4002134991320998,0.19908921283562972,4.092163926210568,453
318,4160,0.08760841484748882,0.40408653077576756,0.01829609800836955,0.3022822892448317,6374,0.08871574825251462,0.46884624251491847,0.030403487400021915,1.6617470777711096,448
319,17048,0.16060859550794448,0.4567843200665086,0.07937248936328156,0.30194998636807624,5990,0.1604238599915251,0.4902597146744396,0.07232884181971315,1.0973836628149722,425
320,17650,0.1746762215419909,0.5068488670581581,0.013851485341834153,0.3017586659042574,5230,0.18163823151262565,0.4736203535602653,0.08287681781343828,5.9832440903023105,437
321,13602,0.07732210354422393,1.1244637191639386,0.9970738916578981,0.3015364193647573,4114,0.06892537356278938,1.1766738246371689,0.6997876940465911,1.4248234145019332,434
322,17212,0.11200515086417848,0.42197988562763994,0.024774477700617945,0.3014469717209154,9208,0.1187277728622744,0.44285080623177764,0.12049061554115628,4.863497709102094,457
323,4004,0.07603954903875385,1.1890480761352116,0.8630359362202924,0.3013635973476467,1026,0.07254694164392306,1.0855707256325893,0.7877850099904214,1.0955221605838703,438
324,18016,0.10655027034034029,1.1335700219111695,0.9292627355813717,0.3011359730598899,1069,0.10616868992053356,1.0018170333294598,0.9679000929411725,1.0415785072190893,467
325,11371,0.1713715844214717,1.1807654126879918,0.373427519044001,0.3011157247015076,18,0.18263445251421007,1.041974809339678,0.5260798827965342,1.408787129945145,455
326,7155,0.18172474953210582,1.113058115566457,0.875960376335058,0.30080160636622694,4778,0.1858224947978847,1.0551853316703799,0.957635910011325,1.0932411281181351,473
327,8802,0.19383719715167097,0.5398277954780104,0.015508016037082536,0.3003212395508997,11251,0.19721124357802478,0.5697456652830193,0.042342989801779744,2.7303937331848136,398
328,13623,0.18745885460560308,0.405885413356861,0.060544376492238566,0.3000953028003367,8295,0.19062873492120108,0.425983322488726,0.08457832973845415,1.3969642539682707,441
329,13841,0.07476067212205813,1.1709119860829336,0.32882417739484027,0.29988906130184745,13492,0.08175776782316692,1.1764415501999848,0.5088003487914734,1.5473325374749565,443
330,147,0.11264219078207073,1.1666728133038387,0.5803846119148992,0.2997412041861694,12685,0.11838548138863411,1.128635304285969,0.7030468690768118,1.2113465013436613,454
331,12685,0.11838548138863411,1.128635304285969,0.7030468690768118,0.2997412041861694,147,0.11264219078207073,1.1666728133038387,0.5803846119148992,1.2113465013436613,458
332,15712,0.16740573336453918,1.0362731512743566,0.7025327126016205,0.2996595275949385,7035,0.14221910097368817,1.1831182090107442,0.3381851995711167,2.077360906073258,455
333,4893,0.16131111187214553,0.44895072775932227,0.14834266638552213,0.2996388146148676,19639,0.14989679918283266,0.5403161217906318,0.011693456001815122,12.685955833972058,439
334,12911,0.09614374261919496,1.0295624272777186,0.5973217296850803,0.29944588791652277,4687,0.09766207844380544,0.8992665943635112,0.6584707641624262,1.102372024050732,448
335,13697,0.15792058796122088,1.0857418829290784,0.6206215828868035,0.29938968880530903,16997,0.16305048082911655,0.9819376949109305,0.7205615717659859,1.1610320872411728,460
336,16997,0.16305048082911655,0.9819376949109305,0.7205615717659859,0.29938968880530903,13697,0.15792058796122088,1.0857418829290784,0.6206215828868035,1.1610320872411728,447
337,4986,0.15091586884653224,0.4133883137033798,0.01499401253915658,0.29929239890103354,10076,0.15281884193721118,0.43355551380466933,0.030518464168502096,2.0353767271304934,440
338,1026,0.07254694164392306,1.0855707256325893,0.7877850099904214,0.2991291802228129,17213,0.07138086973051136,0.9678373534998502,0.7763333939409582,1.0147508997279255,418
339,11077,0.13590919390388367,0.4066084976544091,0.07924381617953846,0.2988443934275851,4511,0.1330388732428605,0.47155523074877204,0.0391532380028167,2.0239402977050744,438
340,15516,0.1018609904498222,1.1903937847545318,0.9762659482413738,0.2988134192817367,16818,0.09511246808961607,1.1563179430226072,0.8202344423707191,1.1902279370513602,474
341,4738,0.18596930424342256,0.8118538915956088,0.01752591283656152,0.2987968525487142,4633,0.1883042459990809,0.7857600859600571,0.05005534863078949,2.8560765477714227,437
342,447,0.19695611505948796,0.5280909588102892,0.037225273861370485,0.2983343967343889,9506,0.1936003851061952,0.5012430343963985,0.011334298098697182,3.2843034069881516,399
343,16770,0.10762611083694354,1.1287858571304201,0.8847080508994177,0.2981009158910353,11504,0.10566677009639204,1.0549790815594307,0.8699855434777615,1.016922703523099,458
344,5584,0.05527766091212141,1.0828329213681607,0.951424394299365,0.29750190935451953,1004,0.05119536805070432,0.9720942708250845,0.7969337182988505,1.1938563677921585,385
345,19790,0.19881112135636209,0.6586566856560971,0.052123360332883485,0.29744778961005236,6877,0.1961228171294065,0.7110092803262533,0.01635531047644952,3.1869379922770285,406
346,19620,0.17448749090200938,1.0702226019655492,0.7985333690773954,0.2974371723188439,9759,0.18196942792967447,1.089387964995531,0.8934441361001939,1.1188563567887664,464
347,10225,0.19634059226271372,1.01588474159783,0.05580291415670962,0.2974334637080077,16313,0.19264081226502028,1.0357886211113239,0.01742486864402133,3.202486933860258,423
348,17471,0.16859560933128698,0.40372989795361675,0.022553683428097805,0.2973602845148308,19028,0.17185418076362846,0.4356921237260284,0.04980198754253622,2.208153169361771,453
349,8908,0.19570774094910764,0.42743761330152863,0.055449570040424015,0.29697233161814,16117,0.1921551972438617,0.4740856257000391,0.020993324796029705,2.6412952964415974,398
350,19942,0.1296022553995247,0.40729270260057937,0.030277897393117585,0.2966389832792208,16229,0.12877735824127973,0.46318985775813615,0.011931055722827261,2.5377383273123075,452
351,6993,0.12545619685512777,1.141645026291384,0.6788910067351913,0.296545991364801,13450,0.11993121518798332,1.1129259916258811,0.5862668761179826,1.1579897046726015,460
352,9129,0.05510969413273412,0.4547379718281048,0.957352592805429,0.2964810926353473,688,0.05450914122507486,0.5224897270345847,0.9537873043281421,1.0037380330615726,385
353,688,0.05450914122507486,0.5224897270345847,0.9537873043281421,0.2964810926353473,9129,0.05510969413273412,0.4547379718281048,0.957352592805429,1.0037380330615726,387
354,4585,0.19393282030314235,1.041455299501774,0.014000233838890772,0.29647347431642446,2908,0.1965383562364046,1.0790738024363247,0.034821533420895764,2.487210843876494,424
355,6778,0.12615698344957993,0.884656771808062,0.7978566960285357,0.29563807874226755,18423,0.13083526984314592,0.7586185161617626,0.9309796828897225,1.1668507484161361,441
356,13492,0.08175776782316692,1.1764415501999848,0.5088003487914734,0.2955408745975741,12672,0.07679772017968081,1.1981747595046066,0.37315523834616254,1.3635085254236143,446
357,11660,0.17478330713355317,0.9824285777292507,0.4933675057576289,0.2954458300396299,10396,0.1425432311401383,1.1498479280498195,0.06546108657441373,7.536805934267331,437
358,13758,0.1367167397301546,0.4941695694182384,0.06865097877381927,0.29543263453842716,17629,0.13912840387730782,0.5307998361786117,0.09758888551506648,1.4215221291540123,443
359,12058,0.18903841640631253,0.9552922647062436,0.6077706910413063,0.29524753086784145,17322,0.19664373414417718,0.942493133682846,0.6953434159504627,1.1440884303899488,449
360,17322,0.19664373414417718,0.942493133682846,0.6953434159504627,0.29524753086784145,12058,0.18903841640631253,0.9552922647062436,0.6077706910413063,1.1440884303899488,452
361,17907,0.19184750615556784,0.406300663078885,0.040395413830829306,0.29511525829831775,11452,0.18965527757551331,0.45362858916898835,0.01616937262641407,2.4982672342425887,429
362,12283,0.13193733879646236,0.635976111773697,0.061032627872469596,0.294838665513893,19839,0.12914611046542435,0.6755073671468532,0.01762897020667681,3.462064270172404,437
363,13220,0.14292538467890398,1.1680446409467544,0.6746965675181045,0.2942123691297871,12460,0.15373236934288131,1.0810502950513148,0.8602330701191563,1.2749925100161017,456
364,4575,0.058416779657289204,0.4427261126428451,0.48774680015193905,0.2938870440596564,17199,0.06137381541268041,0.48038843610821635,0.5978926089302353,1.2258257947442905,414
365,4493,0.18474967799807063,0.4138826547220172,0.02074656980845228,0.2933722715856445,6079,0.1868696054139783,0.4450333091254742,0.037295207756919635,1.7976565813653367,448
366,6079,0.1868696054139783,0.4450333091254742,0.037295207756919635,0.2933722715856445,4493,0.18474967799807063,0.4138826547220172,0.02074656980845228,1.7976565813653367,438
367,2649,0.1433297101982934,1.1340790299139805,0.7550554404827585,0.2932601148330751,18794,0.13466252647150717,1.1296958525410385,0.6186528293798436,1.2204832898600806,472
368,1420,0.15101036149313768,0.5110692027782326,0.14187356330622053,0.2931405707900777,9976,0.1470327142450517,0.5599801883535399,0.09329294278061515,1.5207319983446776,445
369,13876,0.16620262323613494,1.1445343782660782,0.7167756776910168,0.29244325186251846,188,0.17827170981024493,1.1066337583051413,0.8948088397637425,1.2483805849080039,466
370,8466,0.14960014680927702,0.44487828782167094,0.02534812859641826,0.2920932402265533,18154,0.1522696355022594,0.4445368715720748,0.05820336886408617,2.2961603908033834,439
371,10965,0.16650874949498462,1.0720726024323017,0.42749380021289707,0.2914090064971971,15381,0.15752832420987087,1.1429088606231481,0.3016739116010178,1.4170724871240565,441
372,17074,0.17172124482706563,0.6569815736528182,0.06428686484078816,0.29128914160183483,1104,0.19740213335574447,0.5054477115673047,0.3304694648954262,5.140544117587033,439
373,1523,0.06327623068880998,1.1309641071347187,0.9911380842510904,0.2906715174289049,10377,0.06262669914853985,1.1829148093909523,0.9311648006502664,1.0644067339733445,389
374,18710,0.18962645672395673,0.6218652140051083,0.016742639691423252,0.29066891197554484,16283,0.18938266061414954,0.5843979852801922,0.018861320679343804,1.1265440233421429,426
375,17419,0.16674951459350423,0.4425436987558652,0.17833834725297504,0.2900680707121494,17568,0.15468288116554352,0.49779169457424616,0.05235337584213664,3.406434530425053,439
376,2233,0.15962602577811313,0.5714918904878273,0.01175811911249286,0.2897703199523549,17334,0.19328307278591117,0.42207137345131895,0.34416373281179036,29.27030501384533,428
377,12905,0.08079614418989804,0.401536677994457,0.012798570248645367,0.2897412221529666,13130,0.08329135533958633,0.45815748356583436,0.05773066119311938,4.510711749168212,449
378,9029,0.11389197001132663,0.6592050428458509,0.0692100241183583,0.28910131137829487,13188,0.11243540821709747,0.6540629889825678,0.0407635926633501,1.697839164715821,437
379,1932,0.194085240469423,0.8672365360722933,0.18060423661769937,0.28891894992579004,16004,0.18200733789486384,0.9057634174440802,0.04491304371275215,4.021197890144784,429
380,1735,0.07984397413662678,1.195949370301904,0.7340194760975116,0.288537224549654,10564,0.08519940688355565,0.974270126102197,0.9673391151692493,1.3178657333620152,466
381,18556,0.05260624871965173,0.42232929011962167,0.2759797187358925,0.28847492350498327,4118,0.05539680215374329,0.4479063663877224,0.36536286298196535,1.3238757712178513,415
382,11650,0.17837396444087628,1.0785058833817314,0.9409200000242313,0.2877466042754339,12326,0.1633653907955771,1.1469151102756112,0.7089290429416841,1.3272414346574182,483
383,12326,0.1633653907955771,1.1469151102756112,0.7089290429416841,0.2877466042754339,11650,0.17837396444087628,1.0785058833817314,0.9409200000242313,1.3272414346574182,476
384,18538,0.19428187001502017,1.0334570563617738,0.9165259363764438,0.2876150564618765,17425,0.19588886840622233,0.9476039652923113,0.9695894206592333,1.0578963258722172,472
385,17425,0.19588886840622233,0.9476039652923113,0.9695894206592333,0.2876150564618765,18538,0.19428187001502017,1.0334570563617738,0.9165259363764438,1.0578963258722172,464
386,9009,0.19442977081857826,0.6480940223868796,0.03218041629567529,0.2875878673058597,5047,0.19276076145682441,0.6808582992215455,0.012585957469414655,2.5568508692228984,404
387,815,0.19795284788855688,0.7462837135597955,0.028493205613899373,0.2873240522345834,6877,0.1961228171294065,0.7110092803262533,0.01635531047644952,1.7421378612731049,402
388,9248,0.19289863007070418,1.186851882106445,0.14380382883488468,0.28640280343182567,7057,0.1839905494173092,1.1972984253076357,0.04567799849715092,3.148207749160773,447
389,17334,0.19328307278591117,0.42207137345131895,0.34416373281179036,0.2863954000588395,3441,0.17462741204965193,0.5321388970812034,0.17553609943454246,1.96064361644386,436
390,15794,0.1651076728701047,1.1979378541772354,0.5985818409298239,0.28631357327452645,14727,0.18356699378421942,0.9872174502156409,0.9031988439502892,1.508897835168671,461
391,2611,0.050131570079692815,0.5784758970512418,0.3777066775641868,0.28573015817176206,14357,0.05563859915636746,0.4975817023760043,0.6009447397494646,1.5910355189506575,387
392,4402,0.13890143923932025,0.9475688350523118,0.7879689991201455,0.28563173821890664,17845,0.14742709512909802,0.8359758021570179,0.9830932936852111,1.2476294051960717,446
393,5911,0.15335216417608916,0.44087727134147264,0.04584458050807391,0.2844274252525823,16629,0.150275763568272,0.40775350762645357,0.015443096543824,2.968613216784432,443
394,16629,0.150275763568272,0.40775350762645357,0.015443096543824,0.2844274252525823,5911,0.15335216417608916,0.44087727134147264,0.04584458050807391,2.968613216784432,446
395,2319,0.19185898014031022,0.9927438568255487,0.022200149101583317,0.28429298194530833,2794,0.1921954598815156,0.9477502813392163,0.03242760259231896,1.460693009039575,424
396,11179,0.19929551103158816,0.6188597053959058,0.07912324071821451,0.2840307421117019,2776,0.19365029436961945,0.6284765042332259,0.020253520737960874,3.906641306561333,399
397,10141,0.19964566443559179,1.0451614560127984,0.010265020951293396,0.2836635186054179,2071,0.19896780652020213,1.005366423758292,0.011044327950382554,1.075918695420779,434
398,2071,0.19896780652020213,1.005366423758292,0.011044327950382554,0.2836635186054179,10141,0.19964566443559179,1.0451614560127984,0.010265020951293396,1.075918695420779,430
399,19426,0.19395734235267575,0.8468126216641008,0.11341393023089,0.2830941368034542,6551,0.19019251324528336,0.8209132556020927,0.08015208554488498,1.414984144952516,427
400,12890,0.11657553739468213,1.082795918687272,0.5980869994382498,0.28210899924977517,3373,0.12036433424765532,0.9486768385145821,0.7015622231827836,1.17301032097625,464
401,6387,0.18412650451079826,1.1129735077675214,0.44345837078731115,0.281942975051209,6999,0.1717037315516763,1.1319618957039967,0.3023725409202414,1.4665960389051491,454
402,3947,0.17609938127295172,0.6388617858114135,0.04785641484043448,0.2819427029800676,2432,0.1735190188525078,0.6815079258436547,0.014883047899404613,3.2154982745401863,432
403,14280,0.10271946170248986,0.45000468344313893,0.013095967442132393,0.2817031226989624,13788,0.10791569735754025,0.4786661212708786,0.09348854157642089,7.138727397538362,447
404,8977,0.19388248204948838,0.7451651075226651,0.12000413473280921,0.2815114627763923,870,0.18498003302614707,0.8207634958909622,0.01739524169691494,6.8986759036577245,429
405,13858,0.06243073450355847,1.1575297974327274,0.6728997787644194,0.28126421289919395,3202,0.05674813066666147,1.1666345571924777,0.4646198953990874,1.44828016498611,391
406,5170,0.1895520274649798,1.0895248542598748,0.6727267301357573,0.2812404110775666,9255,0.19322852031475873,1.0015986739768752,0.7363032718416402,1.0945057463274175,463
407,17647,0.12877188066487733,1.0896149929469083,0.7717882716611051,0.28117333296892116,18399,0.13579118302302862,0.9285005448558695,0.9493138836123541,1.2300185406668127,455
408,14136,0.1298482135905376,0.78444161603459,0.9059852517083836,0.2811416581181216,12456,0.0929661764892814,1.1267188134476953,0.12480687673871833,7.259097217896516,442
409,8140,0.0952454389144946,1.0216969782481091,0.8765510303213777,0.28113300376782496,12672,0.07679772017968081,1.1981747595046066,0.37315523834616254,2.3490251247879663,451
410,19781,0.09576053162230452,1.007160473111864,0.8742864588350112,0.281129121232809,2896,0.07834960485808694,1.1823197590085965,0.4008321304750978,2.181178584158755,454
411,10217,0.18609153787668514,1.1495921942852108,0.036289370493733125,0.2805849381978843,19824,0.19047767661082488,1.0860259645019275,0.09238794507437245,2.545867944728528,443
412,17727,0.1365509399891238,0.42214727283584913,0.01217327652176194,0.2805185270616151,128,0.13908369916355584,0.45969460319516436,0.037969975273942365,3.119125340335788,449
413,11251,0.19721124357802478,0.5697456652830193,0.042342989801779744,0.2802299413006041,9882,0.19619302805816036,0.6069254001391732,0.02876858930900103,1.4718479709580892,400
414,9882,0.19619302805816036,0.6069254001391732,0.02876858930900103,0.2802299413006041,11251,0.19721124357802478,0.5697456652830193,0.042342989801779744,1.4718479709580892,399
415,11588,0.13666654016579186,0.4467387862263649,0.015030363965618384,0.28019807555644777,3384,0.1446615331202089,0.45567222704254295,0.11114838754406042,7.394923223303829,444
416,9145,0.14441801317426,0.8802065094920091,0.9479509446523049,0.2801830123380345,17986,0.12341948745916222,1.1917223457219923,0.5059887371337708,1.8734625399412603,442
417,6889,0.1250058981718259,0.48085795102292006,0.020794833599190394,0.2801588313714772,16760,0.12579394137970495,0.5031102636935869,0.03221128045735048,1.549004001580689,449
418,12865,0.18504636879982633,1.1485204733109846,0.24796359006535884,0.2798473340337366,9988,0.18780587924831538,1.0885244863057677,0.2888018376699088,1.1646945327488836,433
419,666,0.19338656940317644,0.5781569741155089,0.010566965453489601,0.27969119650540825,19269,0.1949571553584693,0.6088566275602606,0.02232648235546026,2.112856567358913,402
420,380,0.19723238917950503,0.5279276548480408,0.04148644850540832,0.2795226805604547,9506,0.1936003851061952,0.5012430343963985,0.011334298098697182,3.66025740139806,399
421,13864,0.05676252417756067,0.7368801410796118,0.7810536334815831,0.2794892936564569,11432,0.050852825234462044,1.0225158689811262,0.48336906577706923,1.6158535760370867,378
422,15778,0.19601360034303766,1.0739436745112871,0.017021967197232316,0.2793155228218347,578,0.19883620785299494,1.1081958208374831,0.040387747708395726,2.3726839113497156,436
423,6564,0.19318652285449428,1.0328930505330693,0.6321174140483223,0.2793135628832797,10986,0.18248681858164428,1.1143672926037507,0.4907018834622232,1.2881903154483938,457
424,2391,0.1853010388144729,0.40076045560255086,0.145272112295215,0.2791618465198146,451,0.1791478484853239,0.42290136067675577,0.09012569712456919,1.611883368784643,441
425,451,0.1791478484853239,0.42290136067675577,0.09012569712456919,0.2791618465198146,2391,0.1853010388144729,0.40076045560255086,0.145272112295215,1.611883368784643,440
426,11274,0.16790138030216234,1.0086696537276771,0.5187886894212981,0.2791402503061107,9475,0.14898859888041702,1.1454685417443145,0.26071367513661275,1.9898790853585075,426
427,18901,0.19189809197020447,0.4635928425044796,0.11354560644904133,0.2789492806356493,14669,0.18980428330784105,0.4569028834377299,0.09283155344138769,1.223135908425061,433
428,8499,0.11056795135939634,1.148753579823893,0.39109933391479673,0.2789333918373675,5607,0.12938760997743928,1.0200419935229932,0.7483600810392488,1.9134782806924528,445
429,5607,0.12938760997743928,1.0200419935229932,0.7483600810392488,0.2789333918373675,8499,0.11056795135939634,1.148753579823893,0.39109933391479673,1.9134782806924528,455
430,1202,0.1704999153613293,0.5994542708911407,0.018365273992975367,0.2782181091027084,4839,0.1839741836267148,0.5466828115620808,0.16695807175243982,9.0909654719173,432
431,5233,0.16778684284225215,0.5079630162075123,0.02833999873716925,0.278149787077745,8359,0.166324102740964,0.4708511405145126,0.018367262340972416,1.54296259350259,433
432,8359,0.166324102740964,0.4708511405145126,0.018367262340972416,0.278149787077745,5233,0.16778684284225215,0.5079630162075123,0.02833999873716925,1.54296259350259,446
433,1966,0.19491600356455618,0.5266221009415278,0.014176467352419465,0.2779083761745437,7450,0.19540976191640297,0.48831431067562897,0.025195652906195066,1.7772871251944853,396
434,11333,0.16227297716239897,1.0494265139968695,0.9029285303611558,0.2777117233527092,9973,0.14525487812686347,1.1328227320126638,0.6256364942698263,1.4432158907465176,460
435,16222,0.1965545274145829,0.44466005960060434,0.6020075003239703,0.27764591625911,6216,0.14554942518081943,0.6805452254319543,0.016916747416286675,35.586480397785266,439
436,13767,0.09850840086522028,1.1644206971421855,0.2882605996736575,0.27762795230251736,12146,0.10651000221834545,1.1607924301775534,0.44399133940979163,1.5402428910244352,441
437,17377,0.16827925056862852,0.8552665040336945,0.01316364041366501,0.2775650667616741,5025,0.17890727611129043,0.80995613528798,0.13802289979151802,10.485161813462954,438
438,19436,0.090320661632556,0.459466367012326,0.10513348308705148,0.2771065835405841,18244,0.08526716940307183,0.4255951000563124,0.011931917867813868,8.811113540317534,438
439,2011,0.16331461947259868,1.1775394606564062,0.17918607862021488,0.2769724137978604,3781,0.15454234231656194,1.1755823487528787,0.06929452607000348,2.5858619545098778,443
440,3781,0.15454234231656194,1.1755823487528787,0.06929452607000348,0.2769724137978604,2011,0.16331461947259868,1.1775394606564062,0.17918607862021488,2.5858619545098778,441
441,6657,0.14582509917108455,0.6200053189375717,0.09520974471220947,0.27684238921081333,1326,0.143072878502896,0.6845035763483913,0.050431919385576986,1.8878865978564854,437
442,11387,0.1787138344587153,1.1862176504661401,0.039593752037265895,0.276750404992632,12855,0.19109297749346543,1.172678040953339,0.17211937285238293,4.34713468656325,437
443,19490,0.19601967574337376,0.8115355755209335,0.012833793290282601,0.2764736383668874,7323,0.19821624019052275,0.8353135493885423,0.02923179585924301,2.2777206394134875,404
444,7323,0.19821624019052275,0.8353135493885423,0.02923179585924301,0.2764736383668874,19490,0.19601967574337376,0.8115355755209335,0.012833793290282601,2.2777206394134875,414
445,799,0.05169136003144954,0.8572125714899904,0.3854765633780154,0.27621421349916186,9571,0.05175815856936152,0.9954828520323363,0.3621465951255068,1.0644213381170222,387
446,18154,0.1522696355022594,0.4445368715720748,0.05820336886408617,0.27615981559180164,18675,0.17269524825301702,0.4112844106025048,0.26152113068645233,4.493230130667255,430
447,466,0.05546499604717282,0.5119765412580067,0.6539359012932378,0.27613906352771056,6142,0.05467596300467356,0.43941252815975185,0.5930097699988314,1.1027405185829002,386
448,6142,0.05467596300467356,0.43941252815975185,0.5930097699988314,0.27613906352771056,466,0.05546499604717282,0.5119765412580067,0.6539359012932378,1.1027405185829002,399
449,367,0.15746545054370062,1.0037385403805437,0.036531168913712074,0.27593677692585744,8310,0.1563076691600916,0.9716348949327595,0.02445162044839935,1.494018320413749,433
450,2354,0.18431230103570445,1.1779120199000657,0.3101580118054945,0.27569295446722064,3137,0.1909451453801137,1.082756234127309,0.3969160803232786,1.2797221584338487,445
451,4889,0.1848879146373656,0.4482781622346119,0.015468184303479666,0.2753633437882805,10121,0.18523372525640913,0.4839173133273874,0.01269547354339298,1.2184015232365766,442
452,10121,0.18523372525640913,0.4839173133273874,0.01269547354339298,0.2753633437882805,4889,0.1848879146373656,0.4482781622346119,0.015468184303479666,1.2184015232365766,437
453,2816,0.05448985028639945,0.5612134996519923,0.26882284184164973,0.27529264187056035,16008,0.055711480644766664,0.4951232206531193,0.30016260187467475,1.1165814624171175,407
454,16008,0.055711480644766664,0.4951232206531193,0.30016260187467475,0.27529264187056035,2816,0.05448985028639945,0.5612134996519923,0.26882284184164973,1.1165814624171175,421
455,1130,0.11641450855078092,1.1095175003479494,0.829841128374879,0.2752014411880469,14459,0.1022287283981323,1.1963952508851345,0.5269635304612603,1.5747600742854153,462
456,1060,0.17501770926732285,0.5328048429667749,0.014992316435686714,0.2750245570174081,1818,0.17596058917969587,0.5493233877787241,0.019692886173054754,1.3135319186686265,432
457,9513,0.14769310491821785,0.4161645177880067,0.05021571914531606,0.27491499733594266,18056,0.1459739172668435,0.44856016326871884,0.025159843502815648,1.995867706398746,447
458,12957,0.18809776726767802,0.6570548329438587,0.023191275052016732,0.2749089662365101,3944,0.19896424535265916,0.5970136803527323,0.13958981403277362,6.019065951297696,424
459,3944,0.19896424535265916,0.5970136803527323,0.13958981403277362,0.2749089662365101,12957,0.18809776726767802,0.6570548329438587,0.023191275052016732,6.019065951297696,435
460,18806,0.16223541225739824,1.177108741164191,0.564720967970919,0.27490382145520503,4083,0.18671574105499694,0.9078717885399588,0.9647424415260282,1.7083524364119393,453
461,9968,0.05887597526480968,0.40189441720103847,0.38741717105484547,0.27486927612852075,7975,0.050548924029651575,0.4401296976274822,0.1442000789828443,2.6866640697259054,423
462,10483,0.07351852826168978,1.1685086155469635,0.40307810424322826,0.2745999715679219,19949,0.07628781334460583,1.0039106073187236,0.5073514046604284,1.2586925444957406,447
463,4043,0.18195760329665084,0.684902368267428,0.3459286375289912,0.27458588891080626,8085,0.15528213406238467,0.8709062454816825,0.010848300127135172,31.88781960997832,450
464,18257,0.08824907800638224,1.1939384080771278,0.7027536187943003,0.2744798221830759,9351,0.08788361265497979,1.084937196983459,0.7183539995734185,1.022198933398427,454
465,9351,0.08788361265497979,1.084937196983459,0.7183539995734185,0.2744798221830759,18257,0.08824907800638224,1.1939384080771278,0.7027536187943003,1.022198933398427,448
466,6877,0.1961228171294065,0.7110092803262533,0.01635531047644952,0.27437645425147483,1954,0.19995021590925405,0.7078182456434678,0.05764216042491637,3.524369684569239,400
467,6751,0.15580898662702786,1.081362206335097,0.5192598042968881,0.2742352913497676,17513,0.18031010737762598,0.9181503521006064,0.8987803202004543,1.7308875302170978,448
468,17513,0.18031010737762598,0.9181503521006064,0.8987803202004543,0.2742352913497676,6751,0.15580898662702786,1.081362206335097,0.5192598042968881,1.7308875302170978,455
469,11782,0.16846077299624918,1.126181109890019,0.01631211290552073,0.273897695549838,13834,0.18437423242759848,1.0305264364181275,0.21375035530237582,13.103781008653598,432
470,12153,0.19018123286533123,0.6510784572227262,0.03723418633814056,0.273794744612096,4822,0.19689952199922167,0.6294239392230876,0.10902523888682784,2.9280951085306426,423
471,17723,0.18078833681806133,0.5944288523897105,0.14606967469922594,0.27376696027891906,17116,0.1903743474564692,0.5318680375130564,0.2457851719487663,1.6826570775547074,434
472,10020,0.12848437870062634,0.6575971790350137,0.13436582693135296,0.2736398002153176,3437,0.13080551537255589,0.6089063027967169,0.1698325056610319,1.263956093150074,440
473,8808,0.1777136729554341,0.45507756677950223,0.031199497750901656,0.2735699987892052,5591,0.19125867768301236,0.43759941984705397,0.155639216028868,4.988516714964428,446
474,12973,0.18698980492180417,0.43220082031024115,0.19274419504005885,0.27343741096812635,17196,0.1701637046780871,0.44974867981865657,0.037483495811112134,5.142108303114008,438
475,6617,0.1870008765804207,0.7917389868019458,0.11278714052191749,0.2732838730608671,2015,0.19569353977652448,0.7283323384088864,0.21157394792775402,1.8758694204738675,441
476,1844,0.19492806329721268,0.522336982090981,0.012471725521380522,0.27290541930787215,111,0.1964147573141375,0.4825373595018626,0.03057526840788909,2.4515668145096132,395
477,18717,0.17873200518014704,0.7871217592811006,0.07695252432991573,0.2728239336232724,4820,0.17361782330711223,0.8281998870535138,0.015576772585564317,4.940209783972261,435
478,9364,0.16993348705484362,0.5181788674151018,0.08976298832340587,0.27254912472049264,2484,0.16785557051301792,0.5407802023966921,0.06831692246824507,1.313920256948479,437
479,4221,0.09042693867896734,1.1483115822580017,0.584084634817708,0.2723705819344434,10743,0.09799747907003917,1.1034125796991168,0.7783150710929966,1.3325381711777227,463
480,10743,0.09799747907003917,1.1034125796991168,0.7783150710929966,0.2723705819344434,4221,0.09042693867896734,1.1483115822580017,0.584084634817708,1.3325381711777227,465
481,18095,0.07685819945931396,1.1925927393646498,0.5146180221498045,0.2719875391836831,4016,0.08530660743725041,1.150120726501486,0.7409404917287336,1.4397872982245596,448
482,4016,0.08530660743725041,1.150120726501486,0.7409404917287336,0.2719875391836831,18095,0.07685819945931396,1.1925927393646498,0.5146180221498045,1.4397872982245596,458
483,5622,0.19084786169608992,0.4601502994182451,0.10444645366738839,0.2717105148925139,8948,0.18222039999998368,0.4621009687972168,0.023941672500125778,4.362537899841361,434
484,16502,0.193765169867683,1.0152020348190065,0.04147164901321255,0.2715109200308978,14979,0.19732989338214513,1.0429429597181894,0.07255813176705593,1.7495839565950095,434
485,6941,0.06336549828138584,1.1062558356718006,0.7006037385613019,0.2714961411440527,10608,0.05416008379772997,1.1594953004539037,0.3613075221511665,1.9390787503952882,390
486,13424,0.19304151548575305,0.6125720514302294,0.047739018810944785,0.27148375301062766,6859,0.1928966716873206,0.6494269852703383,0.039515097079757734,1.208121005361262,430
487,1959,0.1052807413833534,1.006082291421112,0.7087419818949453,0.2713566354861222,2617,0.11534447502561083,0.8949431552643595,0.9596518439004071,1.3540214470357894,446
488,2617,0.11534447502561083,0.8949431552643595,0.9596518439004071,0.2713566354861222,1959,0.1052807413833534,1.006082291421112,0.7087419818949453,1.3540214470357894,460
489,10789,0.13116663410867083,0.4174105218475372,0.4656538908204866,0.2712387129479026,12501,0.10263807573753234,0.623217637933632,0.02703384301716335,17.224849997273804,440
490,7751,0.16420696900298803,1.107725563298069,0.8970968572182969,0.27105107960981717,8678,0.15906039505457295,1.1025837371747857,0.8265103039222159,1.0854031135015638,456
491,4014,0.1513105696787213,1.173580228547106,0.1573705985863443,0.27104640440922306,13183,0.1900696296700899,0.9270333759472391,0.6694402508818299,4.253909287347147,437
492,3275,0.19272768133412843,0.6970245651297418,0.31157737223680526,0.2708101396531283,8054,0.16668213686805167,0.8137855036584791,0.010825717923542783,28.781220279092555,440
493,12161,0.1492746451384584,0.5778273842578284,0.015712157733353153,0.27080738393418724,19248,0.1501359103940165,0.5332794457831098,0.0346095726217177,2.2027256350825613,430
494,628,0.18038539495274714,0.5776792864249003,0.011886425411455999,0.2704962583320597,12667,0.18472479518209156,0.5574396514455717,0.056040412980098736,4.714656512805577,433
495,18557,0.16043251783169488,0.5915978627145869,0.03760780731011307,0.2703445733597388,9033,0.163696480484797,0.5827736732631532,0.07308902252937793,1.9434534411083217,434
496,2205,0.1837315631857812,0.9725792994287871,0.9271550472659164,0.27008871078825525,19283,0.1677587840926429,1.1654574133675202,0.6543994197137311,1.4168029789383112,458
497,6847,0.16888181151096415,0.9142343130857251,0.11319068721954166,0.2698149382268799,18713,0.16167114833387403,0.90265343250345,0.027699592681469893,4.086366486365789,440
498,11497,0.15080630799881584,1.1074482889247483,0.873547525574755,0.2697201785368028,6944,0.15553517395225222,1.056188475103602,0.962065556087907,1.1013316710558032,461
499,4095,0.10779260099502684,0.4028443706426762,0.03779807118271029,0.2696515736061745,14360,0.10921646105170747,0.4397783082154596,0.05378694714168587,1.423007721258784,451
500,13815,0.08929330556917875,1.067374269902138,0.6330959309479637,0.2696028710638067,9412,0.08198353920385969,1.1475144811729086,0.44619408955987,1.4188801370552788,443
501,5488,0.09405542652835537,1.1798084648463363,0.781102542542128,0.26955360441265636,5469,0.1003969683001989,1.0339167791011312,0.9797231831106553,1.2542824146009164,468
502,14631,0.16499893425892342,1.1238603276961765,0.4091514144622377,0.2691971439336522,12380,0.15557467924875928,1.1321399435430783,0.2941364288748703,1.3910259807917107,453
503,2108,0.09252123924308808,1.1740573938919272,0.35576712197926214,0.2690683015727012,231,0.10924414386648498,0.9094488698378346,0.7581520105897789,2.1310344991181394,441
504,18371,0.11997523964441036,1.1320921283072396,0.42366093601096616,0.268979566066509,15621,0.12600864009326623,1.0783741774763875,0.5283689403353251,1.2471504814917576,452
505,16280,0.14694875952241226,0.418866949674185,0.055884939076648384,0.2689005915484562,526,0.150752034378641,0.44758545017851314,0.09650198551302586,1.7267977223822255,444
506,10794,0.18089161322007302,1.0744480448578635,0.680754268213893,0.2686614776759793,9760,0.1634433716119792,1.1462616543915949,0.4538712498937933,1.4998840935027073,454
507,3789,0.140940685150081,0.4441003159823568,0.07334682895197617,0.26858679784157674,377,0.13852683038598612,0.45045946135795106,0.04723190261073623,1.5529086252668505,442
508,15118,0.19668621300121342,0.5838328441404848,0.04536844928208024,0.2685443717292188,14960,0.19568124052555552,0.6076937077093809,0.029746095190733512,1.5251900792751243,400
509,16094,0.1923714755803903,0.44377572913567065,0.015666601497692275,0.2683942728503253,15678,0.19163836661094602,0.4455911931360478,0.011521746525867313,1.3597418987233756,391
510,9778,0.19733064713843734,1.0914867067242664,0.06261132627869294,0.2683586975937108,468,0.19610266752554067,1.1147208866143532,0.04908154570427795,1.2756592193720526,432
511,6753,0.1987595463767045,0.8273611358473807,0.10042753131002856,0.2682394397166741,11561,0.1942064198343536,0.887871782471394,0.04424515888471225,2.2697970544463035,434
512,11561,0.1942064198343536,0.887871782471394,0.04424515888471225,0.2682394397166741,6753,0.1987595463767045,0.8273611358473807,0.10042753131002856,2.2697970544463035,428
513,7450,0.19540976191640297,0.48831431067562897,0.025195652906195066,0.26821287966377394,9868,0.1989310479061171,0.45296909616929937,0.057938495779990086,2.299543337721733,394
514,3930,0.18573432359188286,0.4114791229798058,0.049105225031972455,0.2681424910952126,10290,0.18959543943930712,0.42358962800217054,0.08340048087531701,1.6984033943641412,446
515,19947,0.16773881674164276,1.1576570475001646,0.47735022752053297,0.26813239026873753,12940,0.19453453397424447,0.9030631311506243,0.874146533711813,1.8312477575476007,450
516,12878,0.12790965128779483,1.115578809347849,0.28356614674007,0.267859848167608,5572,0.14467605707948333,0.9939269132704146,0.557809868839059,1.9671243385423354,442
517,16052,0.1859045073024881,1.1388447740024499,0.5513236948565611,0.26781508047305275,9743,0.18575058734125316,1.1839192470737747,0.5369750239230806,1.0267213004222258,457
518,11906,0.05419489664095007,0.8327284091710734,0.9226654804348764,0.26781134079385,18580,0.05163461624230997,0.7336215462518612,0.8201036395219641,1.1250596095058123,383
519,18005,0.18128434769022678,0.40170261939562796,0.14318568446797883,0.2677614562300741,6964,0.16725767019299342,0.46557889776493633,0.011483563826640513,12.468749826234687,443
520,913,0.1693170635475051,0.4195967963650605,0.02241353824605814,0.2675224153848155,14332,0.1752262204628396,0.4387621902756201,0.0764846327141674,3.4124301069519323,455
521,14332,0.1752262204628396,0.4387621902756201,0.0764846327141674,0.2675224153848155,913,0.1693170635475051,0.4195967963650605,0.02241353824605814,3.4124301069519323,452
522,7753,0.1919105774620395,0.6044120841958684,0.024864236972073153,0.26720982731781545,11128,0.1935542320227867,0.630990777365217,0.03540451749793262,1.4239132911135794,407
523,19887,0.12471673508102281,1.1940540888992661,0.5490380313759147,0.26716499650795844,13882,0.14394270159165826,0.8999582154547777,0.9616879412204572,1.75158711466749,461
524,733,0.19651373460702976,0.626301185685789,0.0868481264098842,0.2670836463727403,11979,0.19255900083579103,0.6673725733130775,0.03998735488705889,2.1718897550283045,423
525,530,0.1673372938019005,0.5455329951796262,0.18883155053514314,0.2669455248896139,19539,0.16118290042201225,0.549019375223514,0.12401986664104038,1.5225911432536199,432
526,18947,0.16335319009951438,0.8416925539900642,0.12696780178045905,0.26687284893058105,4937,0.1546920090573193,0.853399141500089,0.019747755106950426,6.429480267140411,442
527,14738,0.05062060786930862,0.5816283956473298,0.2738915312315341,0.26668567337195054,8922,0.053510600446650264,0.5731601291769935,0.370812131627194,1.3538649039634896,405
528,2848,0.11352524824107064,0.4051933433595877,0.015461316652222666,0.26631337767062985,9658,0.11407300627243691,0.4421792239583456,0.02122433406523235,1.372737816748693,455
529,16752,0.11733736839769164,1.1998462567376733,0.5593309788693747,0.26631237360117455,15716,0.13373190534093693,1.0150135909403404,0.9121575183710253,1.6308009976755629,459
530,19128,0.10394046869005122,0.4797834669418135,0.09807339801597713,0.2662292580473283,10113,0.09920340998968896,0.5160041779507599,0.0164600439958802,5.958270709393244,448
531,17821,0.18521058550253494,0.41648713344147703,0.03354702722169563,0.26612725970990386,6099,0.1837361477325224,0.4386682219683437,0.020168204565343635,1.6633621060816544,444
532,1613,0.1532333946687746,0.7213259964569734,0.20035538713684822,0.26594618256946617,18147,0.16416434912609296,0.6884624677159729,0.33353549609325045,1.6647193811935617,445
533,18580,0.05163461624230997,0.7336215462518612,0.8201036395219641,0.2658945624123814,10559,0.05417468079369556,0.5596571910182729,0.970879461726326,1.1838497172043385,385
534,10559,0.05417468079369556,0.5596571910182729,0.970879461726326,0.2658945624123814,18580,0.05163461624230997,0.7336215462518612,0.8201036395219641,1.1838497172043385,388
535,4348,0.07489925240058594,0.40871727636947136,0.012194330481078436,0.2658101992804406,8059,0.07528667103596898,0.47941556534875784,0.010611761041508757,1.14913353527085,471
536,2453,0.15833238169712516,1.192431466534435,0.18776935091408203,0.26575527186003783,17761,0.1845929285480135,1.0775468866011733,0.5111825502041187,2.7223961083937573,447
537,759,0.08082933619853463,1.1642596968563046,0.9296378706451838,0.2655954617553323,14917,0.07977518602043183,1.0399580547050946,0.945624418526627,1.017196532527605,451
538,8976,0.08777088495796265,0.9526096241635504,0.7178481571385473,0.2653378609568279,758,0.06430980841259998,1.1891253026100332,0.04085132928574616,17.57221049325851,435
539,11457,0.16648965203506563,0.6720217008303105,0.028585621310683148,0.26518196221701756,11019,0.1870499906664318,0.6102862055778677,0.25274479728898597,8.841675839122972,430
540,11208,0.19912405142957973,0.6107090763076808,0.03232496602945944,0.2650652257227104,18622,0.19763653734004993,0.6350791436669335,0.016583386645048243,1.9492379163161822,397
541,18622,0.19763653734004993,0.6350791436669335,0.016583386645048243,0.2650652257227104,11208,0.19912405142957973,0.6107090763076808,0.03232496602945944,1.9492379163161822,401
542,2459,0.1924677291604533,0.5877747199192024,0.01296668092547008,0.264706029113531,14657,0.19303310315217964,0.6203898700531438,0.012028008079526569,1.0780405899079224,410
543,13956,0.1965999824426135,0.9809334511136015,0.15168432514712638,0.2643527446733976,2481,0.1853665998877947,1.047515327308529,0.026627067405293827,5.696621518183766,425
544,2109,0.1946560659799907,0.9588812593074111,0.6043045708187272,0.26434883971453516,14321,0.1502364789027606,1.187319171827175,0.04740973078272357,12.746424855020269,443
545,1654,0.16048066502077946,0.4770862326749385,0.0768414416243856,0.26385271206537236,4582,0.1547134455228199,0.5123859322817657,0.011172499952189444,6.8777303157944685,427
546,7836,0.1971894860240364,1.1554299249729538,0.39143777917452605,0.26359840479098995,15524,0.19939271907323108,1.0987193708680223,0.42191623419724533,1.0778628345148316,456
547,15524,0.19939271907323108,1.0987193708680223,0.42191623419724533,0.26359840479098995,7836,0.1971894860240364,1.1554299249729538,0.39143777917452605,1.0778628345148316,444
548,16817,0.17803159455928774,0.5350227132344438,0.12615846167650113,0.2635457331437647,18693,0.17221894306852148,0.51779093887412,0.06883675599572806,1.832719451281673,429
549,13421,0.14177517797952294,0.43492737597116443,0.12336593965399954,0.2634517521072939,13668,0.1344223835521634,0.5047665170540365,0.02563140018101885,4.813078442174115,448
550,3309,0.18529945459578662,0.41546275309634645,0.012829552571981177,0.2634449518147845,2665,0.19176094938086707,0.432681367170925,0.06708786059197866,5.229166037987461,445
551,9926,0.13602891450065077,0.4295254635580176,0.034636701467909675,0.2632290411139794,10405,0.13540017117390787,0.4750817740006924,0.02002882740298308,1.7293424508092226,464
552,10405,0.13540017117390787,0.4750817740006924,0.02002882740298308,0.2632290411139794,9926,0.13602891450065077,0.4295254635580176,0.034636701467909675,1.7293424508092226,464
553,12997,0.19179192109256044,0.4554320453247105,0.013968420287580609,0.2631579161669124,15678,0.19163836661094602,0.4455911931360478,0.011521746525867313,1.2123526807520286,386
554,16685,0.114400795095451,0.5948327129193235,0.02992630430553234,0.26305451065680424,6467,0.11594966951804299,0.6256882480527783,0.05358924114725879,1.790706951320815,436
555,19723,0.13153947856587744,1.0602202450130709,0.7376053904278839,0.26289210140038677,12317,0.12167293941565357,1.1948312870550417,0.5323053835991435,1.3856808763432367,456
556,12886,0.06550768823213245,0.705855116275761,0.9112899705936999,0.262729089543627,12425,0.054603858321313765,1.028253381366365,0.41742760693403974,2.1831090120920016,389
557,7054,0.11113569020553889,1.1071013452734664,0.4879321398160408,0.2624085272304642,8401,0.11705366401963493,1.1111357764828282,0.5911824826400186,1.2116079970934177,451
558,12108,0.1024615931206086,0.46844873350685057,0.12799038243830746,0.26169540212180287,8269,0.09652663669844383,0.5494722392659102,0.011547008593965999,11.084289181631862,443
559,14667,0.13660725988237615,0.42466757431351787,0.011940224280119408,0.26167786369166557,128,0.13908369916355584,0.45969460319516436,0.037969975273942365,3.1800051978221844,448
560,5062,0.15215887237964618,1.1527853619189559,0.49480020620811765,0.26150459812566607,9319,0.17353320966466657,0.9326865932228472,0.8359104809033071,1.6893899202453349,441
561,14651,0.16593825920598437,0.9923148889970173,0.9178250390297888,0.26148890060169633,11756,0.14421227029729217,1.194188190848105,0.540417552676271,1.6983627465179654,478
562,18286,0.16203823657220703,0.9420089254023806,0.9570347629926561,0.26141885031028056,645,0.15664596701192668,1.052951114377627,0.8389196555783828,1.140794302087058,457
563,2543,0.06893605377895792,0.421546202242466,0.03373371254558174,0.2609945434316737,16520,0.0694469160192621,0.41068070625699826,0.041459381693959414,1.22901923818609,453
564,17621,0.18037019504746588,0.6032409650793704,0.06627661133537763,0.2606209261597052,6002,0.17857428223296173,0.580697009513079,0.05265457995306835,1.2587055370007842,432
565,10238,0.1948154999343475,1.034486453423837,0.11416787987000973,0.2605564311007045,19772,0.19969131867692913,1.0277085872137752,0.16090328974182727,1.4093569042801701,437
566,3598,0.18150657408914583,0.4227208959422107,0.10722460744886406,0.2604540785328099,10496,0.17281760947468822,0.4749397702597159,0.01943098074979916,5.518229307595415,437
567,14087,0.09076600789548428,1.0273639194436175,0.027542783162865028,0.2603500417815994,17502,0.09264327159130033,0.940003082973914,0.08443080495129425,3.0654420234890916,431
568,4683,0.1681701671931632,1.152915335256048,0.22910636645632598,0.2603458141418944,9459,0.1633366173554907,1.1761219309442172,0.1652837564503567,1.3861396387438625,445
569,15671,0.05293132597562975,0.544097567742537,0.2979762719529829,0.2602542245265938,4118,0.05539680215374329,0.4479063663877224,0.36536286298196535,1.2261475069384562,403
570,10471,0.15124788298366362,0.5425594130129061,0.19373897608745336,0.2601642747706161,8166,0.14418599753010103,0.6201657058914967,0.09815699246804277,1.9737664247458424,429
571,12672,0.07679772017968081,1.1981747595046066,0.37315523834616254,0.25991965793443383,9213,0.09179395832203557,0.9366391427658528,0.8058618760900327,2.159588807225758,449
572,17107,0.18197229754772798,1.1674719228137502,0.4234814403998789,0.2598775236615072,3072,0.19973511859843984,1.0950627654389584,0.632577000979394,1.4937537767465638,453
573,17529,0.1977875840581131,1.0577994637750952,0.021896903332794246,0.2597390771242812,1079,0.19993714831153275,1.08642168303535,0.040446754217305564,1.8471449411173058,442
574,2261,0.11525085453790945,0.4396333948434969,0.017902544278446026,0.25955333911434353,14313,0.11482291703527343,0.40505154131435095,0.013717463634467623,1.305091433482107,453
575,12398,0.1252857316712743,0.42070236271218653,0.06424800790996095,0.25954201722452896,3464,0.13885428768837918,0.4033451505985072,0.22502939796632876,3.5025116775868224,440
576,18081,0.18885192988056076,1.0263762182122496,0.8094128891434108,0.2594718432621282,9122,0.1922304213579466,0.9406173082228395,0.8768155129349854,1.0832734747563826,465
577,1786,0.15900142126304567,1.1126205391066752,0.11709315439809749,0.2593600111537846,13654,0.1536026147118379,1.1876659374439433,0.03466361173473588,3.377984824378823,439
578,12365,0.09236372827968606,0.7967738285567565,0.028847013910105367,0.25934965504455126,6124,0.11587319956194775,0.5385934332823492,0.4924127273631275,17.069798936472623,432
579,18696,0.13251015256470872,0.9685385483714198,0.6202474339272613,0.25933708539804606,17789,0.13715979125259473,0.8964581380367942,0.7199819936818965,1.1607980207562316,431
580,7574,0.14214205156972987,0.45550688525105004,0.0172158832220895,0.25920114930976434,18186,0.14222567111695653,0.43608595504349557,0.023440275182827715,1.3615493832318617,443
581,19210,0.191217165450713,0.8015053920717116,0.022046400662699313,0.2590424661461109,11009,0.19230358781511286,0.7660727396603844,0.0410929873409976,1.8639318031865193,422
582,17058,0.16429040237711506,0.8995679667945267,0.017244649640599345,0.25904130782949847,19862,0.18640268668916432,0.8117475416093121,0.2755051719156083,15.976269605790206,441
583,2143,0.1944383369021056,1.0367334866453457,0.6033360660445841,0.25852719459285545,2569,0.16716951426552074,1.1747450010267215,0.2706865688791204,2.2289102431011782,449
584,2569,0.16716951426552074,1.1747450010267215,0.2706865688791204,0.25852719459285545,2143,0.1944383369021056,1.0367334866453457,0.6033360660445841,2.2289102431011782,435
585,2960,0.17843191178996404,1.176792709424408,0.3324811803578728,0.2584918952937937,9227,0.17114252345664238,1.1963259887860693,0.24546755402756465,1.3544811723692696,457
586,8179,0.15030768494211671,0.5940841202336821,0.020552668712527953,0.25825709266991514,13786,0.15597584381344315,0.5264376872060105,0.09611953146514868,4.6767421209177895,421
587,18496,0.17973938939596185,0.8596706973565855,0.011077355789171942,0.258206663136516,70,0.1831984835774848,0.8851419767449968,0.04439829887869747,4.0080231892611575,439
588,12770,0.058167646980019624,0.7651468287084435,0.8808726690044185,0.2578332913581502,3473,0.054464680001853734,0.7489372985111065,0.7071794982637637,1.2456139794311045,379
589,4032,0.1348517122004823,1.0920201562709209,0.46260105656078876,0.2577632074293796,3579,0.13460514947280622,1.029162686323557,0.4690613717275411,1.0139651976041335,437
590,19754,0.14470283436691386,1.1290150510040884,0.3004130529122914,0.25719912422822755,4383,0.12658617572647324,1.1910848121169746,0.028951483751820408,10.376430288945107,432
591,19623,0.078290697279766,1.1902742921889926,0.32210820459429207,0.2567832093680731,8568,0.09455336208964477,1.0499640010732625,0.7462280399417667,2.316699883139177,436
592,15844,0.13453770530194545,0.6290165341460756,0.036695180769490736,0.2564954873164939,14959,0.13333265550842016,0.6013038258021582,0.0213150331362129,1.7215633930752814,436
593,3526,0.17920937224394728,0.6544067794799582,0.12118155277921604,0.25639111234392975,8051,0.1712316068542599,0.6879790377680715,0.02609103677711751,4.644566400883512,439
594,8051,0.1712316068542599,0.6879790377680715,0.02609103677711751,0.25639111234392975,3526,0.17920937224394728,0.6544067794799582,0.12118155277921604,4.644566400883512,435
595,9100,0.13355219192149528,0.9575989053155146,0.6400029767756628,0.25630074651930324,17789,0.13715979125259473,0.8964581380367942,0.7199819936818965,1.124966632669692,430
596,14959,0.13333265550842016,0.6013038258021582,0.0213150331362129,0.2562754422727589,1930,0.1346270673167716,0.6124594753292273,0.0412519187436643,1.9353438711563573,441
597,2736,0.09710862562990769,0.9969512442679802,0.8148728949436748,0.25624591917306333,7144,0.07840726444370087,1.1765767438659924,0.31972181842744857,2.548693420272743,450
598,9996,0.18353034730436069,0.6203563083809582,0.18674300042731057,0.2561017124939448,15124,0.1761319813648164,0.6762177395890346,0.10567385580477916,1.7671636849543728,439
599,14250,0.07805117796596975,1.1040651525468226,0.46150820974861045,0.25594326508100923,7176,0.07215354417370066,1.1811594437002362,0.28625024742488414,1.6122543610017885,434
600,9973,0.14525487812686347,1.1328227320126638,0.6256364942698263,0.25585574384599824,14207,0.15889148103406653,1.0510253312909437,0.8561848857859397,1.3685021472175851,463
601,14207,0.15889148103406653,1.0510253312909437,0.8561848857859397,0.25585574384599824,9973,0.14525487812686347,1.1328227320126638,0.6256364942698263,1.3685021472175851,461
602,1288,0.05651927713213789,0.7225847115522879,0.731949458524276,0.25578272826741305,8996,0.05217335720419295,0.8508152976345138,0.5177765275969197,1.4136397065378101,380
603,17547,0.16921256016553543,1.1681839664342357,0.31708543231720576,0.2556518164570575,185,0.17306467623793492,1.093796070124438,0.37251253844234217,1.1748018056839908,444
604,277,0.19061545406646618,1.0579823747145807,0.03464367376055442,0.25559537013005756,7686,0.18909846945343406,1.024365708029301,0.023104004904065018,1.4994661706663273,437
605,15678,0.19163836661094602,0.4455911931360478,0.011521746525867313,0.25559023371795575,5019,0.19207783231369463,0.4681367033597191,0.014150443542210796,1.2281509153531396,391
606,5019,0.19207783231369463,0.4681367033597191,0.014150443542210796,0.25559023371795575,15678,0.19163836661094602,0.4455911931360478,0.011521746525867313,1.2281509153531396,388
607,17656,0.1792574654327418,0.7176134033305814,0.03201580539130241,0.25542784198798574,3357,0.198299229485763,0.6429517068223405,0.23086858168057345,7.211081491121647,436
608,14828,0.15121949172005567,1.1968259952833828,0.5130700592339957,0.2552674746340903,6621,0.17741297702834619,1.0374240885344506,0.9120103665681552,1.7775552288702445,464
609,19949,0.07628781334460583,1.0039106073187236,0.5073514046604284,0.25521375780192085,5598,0.07644859089031411,0.9710407598135876,0.5254621903135241,1.0356967291047856,454
610,3236,0.12416624116975873,0.41796873631387704,0.032205565649756435,0.2550886320834137,3134,0.12325498133524877,0.41445817729288004,0.017487447802743982,1.8416389866051814,454
611,10069,0.19932606939974057,0.8516089385358143,0.018742332569610103,0.25490658825609824,6566,0.19836918023887568,0.8243695094624255,0.01539105104496401,1.2177422136315141,408
612,1841,0.16307369741047337,1.1334700997330882,0.30438790948130334,0.25474320119252114,14648,0.18510596327762235,1.0160669185634832,0.5793057796141978,1.9031826218110053,433
613,4549,0.1768927530782679,0.5603324650412352,0.023888067995503817,0.25461413891948537,14746,0.18021926848382802,0.5612545708324389,0.06078362325642432,2.5445181781910926,426
614,9049,0.10683360707802005,0.6404873164887078,0.028801522881577227,0.25458687630733917,9056,0.1056065394567613,0.5918284523241478,0.01449518727305332,1.9869714229301136,435
615,19033,0.183191100753072,1.1756844591028743,0.22740725884584337,0.25449859201680364,5625,0.18212481661927232,1.1363848320183965,0.22132711948666686,1.0274712803983463,443
616,16034,0.16402755434973174,0.432347977021835,0.012107488236298185,0.2542831388653083,18250,0.16736076304394343,0.4296194700340733,0.048226843405701436,3.983224469392224,446
617,13863,0.1887911624152867,0.7124615304853872,0.010888574960382633,0.2542455008952943,11626,0.19210878379970886,0.7349360599738577,0.040486079873881316,3.7182165729847356,422
618,12823,0.16790865552694423,0.9296891214334944,0.035490980607345776,0.25416097372558405,5762,0.16770347752120296,0.9364418713983547,0.028615098875516512,1.240288588962814,427
619,10377,0.06262669914853985,1.1829148093909523,0.9311648006502664,0.25412177503643063,1618,0.060663528486841034,1.0798535822122277,0.8814986900848938,1.0563428069990546,390
620,13883,0.16287926035610856,0.4562896086284369,0.03374784989134093,0.25395243686140645,19438,0.16434990187821602,0.429815671431334,0.053566986311543045,1.5872710849436171,442
621,3729,0.1933617567869647,0.5741665991448587,0.019402747793324022,0.25377430053825617,5261,0.1978158622843118,0.5366739790658558,0.06433783533254438,3.3159136024373486,400
622,16221,0.1758444639597228,1.1037190028999273,0.023239985844828965,0.2537482046412468,4288,0.17636908857134997,1.1447429424045907,0.021769207120735837,1.0675623469396902,426
623,9535,0.06017873081808618,0.4420603849438752,0.034880609333403347,0.2537473440766041,13366,0.06856797682463589,0.43859177918483794,0.24865421264054963,7.128723304796926,456
624,6870,0.18387850213063223,1.1854279629007765,0.36248726480550747,0.2537377042941818,1142,0.19376942913197265,1.0695036855000652,0.488088433031038,1.3464981543363237,457
625,8503,0.11342669341306001,1.1350714785689742,0.37043338250052577,0.2535785852338755,5079,0.12685408821915442,1.0728903716892044,0.6119428619192936,1.6519646738868763,445
626,15541,0.11975150643683997,0.4106349320199511,0.07117827840009092,0.253548921008964,13408,0.12492402790624478,0.4008608671224918,0.1401386020729474,1.9688394440398322,452
627,378,0.13675806054740727,0.7341683021405545,0.015235428166042371,0.25351200629102677,2132,0.1512885840983078,0.6957493006829978,0.2162237663952233,14.192168676765888,436
628,1128,0.19467061062100682,1.1911382243596023,0.26690513526020576,0.2534158297342647,19504,0.18836864743015358,1.1834567264106957,0.2065061745484018,1.292480168420569,457
629,11438,0.19808677983422646,1.1838489484524581,0.013933706455827885,0.25332211439606894,5952,0.19815167159944025,1.1672564572552786,0.020106538485568412,1.4430143586926716,439
630,13572,0.14060594775048632,1.1869712744200593,0.7640832694640549,0.252992499364634,2030,0.14722701731270155,1.0574235810138894,0.9093586057872759,1.1901302412041037,472
631,180,0.1516318970207678,1.1853077877638194,0.2088315576171044,0.2529744304123465,10418,0.14053739369884055,1.1956312594336613,0.057998785851583086,3.6006194707505985,436
632,17932,0.13634136707835715,1.0446101470783125,0.7354521619606167,0.25292817176916277,9590,0.13052323025325815,1.109417828262489,0.6174213672644759,1.1911673306984558,451
633,3250,0.05538064281222095,0.5078690755621106,0.3677167370030239,0.25278841450364326,4118,0.05539680215374329,0.4479063663877224,0.36536286298196535,1.0064425650758455,412
634,6358,0.08913056746149142,0.8566509207653622,0.02455576679364073,0.252543165302245,14370,0.08920339158214874,0.8935220336093046,0.015551408964832949,1.5790059183170935,441
635,15536,0.17373300457981034,1.157681942031592,0.5236560406850354,0.2525416870824025,1422,0.19521814226877354,0.9403851932079816,0.8400176996514439,1.604140188190231,473
636,2688,0.18411802817367778,1.0372369395692997,0.7972331397587036,0.25249563368431427,5638,0.18919103998777959,0.933930133367496,0.8942128975482317,1.1216454170719505,460
637,14805,0.060998198240260655,0.40005971400081997,0.016020940602911662,0.25249329053302755,19929,0.06126581700738777,0.47776173051716087,0.014795297171896529,1.0828400684876562,460
638,5539,0.17525622932658863,0.8263126362146298,0.027832284742673307,0.2523386137561276,10300,0.1740559516981544,0.8190830451964284,0.01222974270407142,2.2757866143338914,441
639,12420,0.12814055990068196,0.9126915372222114,0.7653364591326256,0.2523258965757599,3915,0.11635155587083972,1.1076966077138155,0.5115694581108633,1.496055808255011,442
640,270,0.1618875328513097,0.8788758821337119,0.8705886911200603,0.25230395717320003,2904,0.1463142110055549,0.9855687338190399,0.609506525354319,1.4283500748642004,441
641,12691,0.18334734733318003,0.6538922050875963,0.3080331350711012,0.2521071336493213,9752,0.16200217616943924,0.8036043658531637,0.05133013845299694,6.001018979389028,444
642,316,0.17106165170157317,0.8954715558420481,0.5203546517727292,0.25177789343064727,16345,0.15019854455253118,0.9956826648656422,0.2448452377372566,2.125239014577534,433
643,14032,0.19637784264763153,0.6053376296023346,0.02168141074655519,0.25160042849732056,11933,0.19486036717223454,0.5790089223720347,0.01243758036131404,1.7432177414501975,403
644,19206,0.08862524165951152,0.601438923077028,0.4566441300572955,0.2513860618959029,5152,0.09452633004114833,0.5580474247494804,0.6016253407011558,1.3174927719440288,430
645,7717,0.18992935905167807,0.6147176023044515,0.08161747206356976,0.2508545627730332,9190,0.18477734650078576,0.6132926319089247,0.03226529228488767,2.5295748553251918,431
646,9714,0.052477057504048956,1.102494572549718,0.44898705041885145,0.25026873321103255,8340,0.05610396798219969,1.1756559945647505,0.5705367076471379,1.2707197392773246,387
647,18399,0.13579118302302862,0.9285005448558695,0.9493138836123541,0.2501690032379357,6106,0.1354285791129473,0.8905414802572125,0.9489740001149282,1.0003581589141377,458
648,6106,0.1354285791129473,0.8905414802572125,0.9489740001149282,0.2501690032379357,18399,0.13579118302302862,0.9285005448558695,0.9493138836123541,1.0003581589141377,459
649,8682,0.19952292019328755,1.1480066641950897,0.3495604345454123,0.2499249196683793,2846,0.19997584893460835,1.1006332398661358,0.3637390916580516,1.0405613899956327,451
650,2846,0.19997584893460835,1.1006332398661358,0.3637390916580516,0.2499249196683793,8682,0.19952292019328755,1.1480066641950897,0.3495604345454123,1.0405613899956327,446
651,1409,0.1983260526047726,0.5304268122639313,0.02913782870884984,0.24986450748617087,9756,0.19750380511210508,0.5295560084805155,0.019153927978969996,1.5212456025125312,401
652,13352,0.18316870426561987,0.7074700388199228,0.035467898411535914,0.24961127227814942,18866,0.19160995093345218,0.6754283790556381,0.12950043476936043,3.6512012430722565,436
653,6012,0.09665812200073887,0.555485953502041,0.04453533794464714,0.24955159755396725,4984,0.10900971791638217,0.5252722858870597,0.26261681268872955,5.896818679475057,435
654,9485,0.19152120965889474,0.5648078866927986,0.1938592920872758,0.24955091794064843,8983,0.1772479774518575,0.5905177710356353,0.047996844459820207,4.0390007774273995,435
655,10210,0.1938129422103531,0.8489747278978608,0.027033241286527707,0.24913189780152578,13474,0.19292675784059615,0.8654433297743126,0.012226107882869727,2.2111077004648867,429
656,11780,0.18008718650768113,1.1837883032517227,0.6181733912565165,0.2490945596390359,10112,0.18152796596831594,1.1411282542492571,0.6489996704450374,1.0498667196364802,467
657,11793,0.05725381440683182,0.4947476539706853,0.4318586659760019,0.24885672500750672,4118,0.05539680215374329,0.4479063663877224,0.36536286298196535,1.1819993484048181,406
658,4922,0.13588039621805914,1.0605107814405514,0.758506789983362,0.2488157841609038,3937,0.12930896558181623,1.168444636460062,0.6259815703455649,1.211707861566337,462
659,11684,0.18874754331450627,0.6588219712339893,0.32681478413355464,0.24877092202776135,7747,0.16597446006190542,0.7295681616560667,0.07314924426238134,4.46778073278915,444
660,7140,0.18786010074664822,0.5396204874663356,0.1097613490714486,0.24868600553141493,2013,0.1817899222983747,0.5256681563456534,0.0524618112118306,2.092214251396194,431
661,15859,0.18508812318267337,1.1484722875286608,0.7741105877898364,0.2485402344489991,4215,0.19092200894039502,1.149486673563986,0.849070040745867,1.0968330031114124,471
662,4215,0.19092200894039502,1.149486673563986,0.849070040745867,0.2485402344489991,15859,0.18508812318267337,1.1484722875286608,0.7741105877898364,1.0968330031114124,478
663,17028,0.15105472647828033,1.0522445386214028,0.9676959803344163,0.24851287056352897,14977,0.1375811033075382,1.164473410415753,0.7150265657235328,1.3533706672215853,469
664,8374,0.18476914334611905,0.9818120550482866,0.028368175413516016,0.24847386609274064,11248,0.18583653808139428,0.9532438185755998,0.047246984027332774,1.6654925224701604,418
665,8552,0.07069651084076715,0.9959380549530238,0.9789138915302604,0.2484674149738847,1111,0.06202005443279347,1.1428516868955345,0.6171691123524858,1.586135585753634,401
666,19954,0.1841522721583344,1.063659133857568,0.05602852768855028,0.24839442309785695,99,0.1992153490705485,1.0052179875311076,0.21735249763995435,3.8793183866648606,421
667,11640,0.05166971905741149,0.47701829358194053,0.20637119364855663,0.24814152796179004,18282,0.050045630358864654,0.4078665066089187,0.14667655785279327,1.4069814336362718,429
668,18282,0.050045630358864654,0.4078665066089187,0.14667655785279327,0.24814152796179004,11640,0.05166971905741149,0.47701829358194053,0.20637119364855663,1.4069814336362718,440
669,15595,0.18770551572825322,0.7375558429464097,0.02431183806553064,0.2480718518459666,1279,0.18937253061005188,0.7031327401691977,0.04530702174548443,1.8635786246750627,437
670,4361,0.055027154683166185,0.5993758717813852,0.5924655908311474,0.24794574655347124,6266,0.06281043061161024,0.41372183721144556,0.8918657436583501,1.5053460613757936,386
671,18171,0.18983719272841731,1.1986933489054485,0.3671501299879047,0.24782013130527997,19046,0.19967580238797833,1.1545226478390427,0.47216100874610156,1.2860161829757661,458
672,19046,0.19967580238797833,1.1545226478390427,0.47216100874610156,0.24782013130527997,18171,0.18983719272841731,1.1986933489054485,0.3671501299879047,1.2860161829757661,454
673,10696,0.1537194339727504,0.4324796813714332,0.030094758399709882,0.247767209267676,7301,0.16005833444264317,0.44518070878884286,0.09491385302433539,3.1538333607373423,444
674,1259,0.11181053543023045,1.1496675983367575,0.17896337583715977,0.2477457245417084,9841,0.11425760050552905,1.1672229197140236,0.22165453658680848,1.2385469124615405,447
675,8631,0.07348968161242875,0.4616776142417631,0.10244915215776289,0.2477319250858536,6386,0.08215433647679876,0.43224249862557024,0.2831750184631488,2.7640542893618445,455
676,17210,0.18024921649546827,0.47315791347555974,0.012185047595478565,0.24725528453569048,13807,0.19597395419680852,0.4263096130299723,0.15633947347173305,12.830436011570855,437
677,1162,0.18382046624077308,0.931738742033052,0.9280829013456277,0.24722854058060414,14727,0.18356699378421942,0.9872174502156409,0.9031988439502892,1.0275510288371317,453
678,1980,0.16079106902246187,0.7165627360751803,0.4274633607262154,0.24716284166202102,2701,0.14532441561981727,0.8566279035317514,0.20808676861571662,2.054255364576455,439
679,353,0.18605742534902475,0.7980212076616657,0.01258151835673352,0.24692422185321367,13059,0.1999062005654753,0.7619039268134251,0.1565113420235279,12.439781716788133,441
680,7564,0.1138039240730552,1.140531628860153,0.5696929281026908,0.24688158181358483,1211,0.12345363336850942,1.0444022602881433,0.7667113772703135,1.345832709954421,454
681,1211,0.12345363336850942,1.0444022602881433,0.7667113772703135,0.24688158181358483,7564,0.1138039240730552,1.140531628860153,0.5696929281026908,1.345832709954421,466
682,8361,0.16851750307139035,0.5664778441555156,0.01613865785368808,0.24671237326996193,15342,0.17117758603524263,0.5941633187703291,0.04105066974679891,2.543623523031553,433
683,18099,0.1124451858068312,1.1675195773219613,0.39302485195750403,0.24669613923147893,5701,0.11790680186281285,1.0951273311086571,0.5068685311213192,1.2896602558255645,445
684,17032,0.1681803186199547,0.8548264897915658,0.012644479588660829,0.24665986187251324,14579,0.17074798590764056,0.8676322304096415,0.04356599671137687,3.445455892897758,439
685,2019,0.12582000007509414,1.1903039662260095,0.5654323831868456,0.24655376331150888,19216,0.14236368630121632,1.0875691742635536,0.8658635601457186,1.5313299801925147,468
686,8649,0.16847733627684264,0.4245534500504911,0.08680078562988144,0.2465112832063623,7011,0.16326034395880168,0.40545596902478065,0.03792500030655014,2.2887484489984256,446
687,7011,0.16326034395880168,0.40545596902478065,0.03792500030655014,0.2465112832063623,8649,0.16847733627684264,0.4245534500504911,0.08680078562988144,2.2887484489984256,456
688,15837,0.17565018449220038,0.45765128819778705,0.17769805670610406,0.2463740453882846,15587,0.16838301273491074,0.5213517892042784,0.10395589428697474,1.70936008895812,428
689,2818,0.18988659354006687,1.1090699083645768,0.025706864844291175,0.24635787874584,2813,0.18833979738531714,1.0782115521878701,0.012958063705233416,1.983850784273337,435
690,3083,0.18972078993542646,0.4992365882478996,0.04257848369483944,0.2463451645199214,5884,0.19134477924557358,0.4808828266455678,0.05722792797009019,1.3440574441364213,423
691,18262,0.19103900219788367,1.054490022968671,0.05027184699215512,0.24631960335229125,11306,0.18901554803701404,1.0797335231137635,0.021779657547245514,2.3082019027665117,441
692,9711,0.19757903827550993,1.0420289333387307,0.11205450715800969,0.24630417113187242,10090,0.19156866798797428,1.1078616267944053,0.039615930045472404,2.8285214313885856,439
693,578,0.19883620785299494,1.1081958208374831,0.040387747708395726,0.24621520245591091,262,0.1968602798086056,1.1378871600022595,0.012716006343736819,3.1761345989174057,439
694,6386,0.08215433647679876,0.43224249862557024,0.2831750184631488,0.2461949405730727,2748,0.07173578570873873,0.5812561410632767,0.04652331427536172,6.086733563028106,451
695,16282,0.19108795593911893,0.7041330818986107,0.06800756250285075,0.24611834028367088,14859,0.199341581420783,0.7066444237485866,0.1491134165922279,2.192600515361469,427
696,2062,0.19772656468278066,1.0809025282751978,0.19224136466408623,0.24610962846318882,16994,0.18419324110807322,1.1152404161651805,0.04913216516288298,3.9127395266780436,431
697,16994,0.18419324110807322,1.1152404161651805,0.04913216516288298,0.24610962846318882,2062,0.19772656468278066,1.0809025282751978,0.19224136466408623,3.9127395266780436,432
698,18630,0.15587855048424004,0.8513290114468057,0.10175902804317273,0.24604577350036452,2572,0.1714069029162436,0.7795152656995041,0.29933775022903386,2.9416333467929303,437
699,6312,0.1855340867487093,0.4313929444519284,0.032078096113203426,0.24598543172414433,13016,0.19120383776883926,0.42763525627038723,0.07938362756862043,2.474698850220912,435
700,13016,0.19120383776883926,0.42763525627038723,0.07938362756862043,0.24598543172414433,6312,0.1855340867487093,0.4313929444519284,0.032078096113203426,2.474698850220912,435
701,12177,0.19162932138091932,0.9479316674889376,0.23010136872910647,0.24584836579469724,16702,0.17577775503617205,1.0306018354891313,0.043868448240851704,5.245258903751893,426
702,14531,0.1805904290526265,0.48455329443796624,0.0119899943470719,0.24578501005726458,12877,0.18104065390092028,0.5188815601058122,0.01098753143115951,1.091236409396701,430
703,13144,0.10662116387865907,0.9385738906495672,0.871677831392986,0.24550733646834771,18590,0.08873955636766817,1.0990123487587575,0.42885008493204035,2.0325933514298367,447
704,6010,0.18667942330982545,0.49760703625585795,0.031216694352126,0.245460267897925,9806,0.1853990490094682,0.49432698871119574,0.021924485576650866,1.423827904330451,432
705,9806,0.1853990490094682,0.49432698871119574,0.021924485576650866,0.245460267897925,6010,0.18667942330982545,0.49760703625585795,0.031216694352126,1.423827904330451,431
706,11218,0.18457774367936314,1.1172645618023007,0.3581653098732808,0.24543971949239665,6933,0.1679348817420975,1.1663661046013543,0.1654920319828547,2.164245042990272,449
707,11508,0.1849751741514179,0.9213343930010823,0.031841413376846185,0.24541868904855593,2189,0.1846775262070448,0.9488295412879181,0.02618232436885098,1.2161415819417394,429
708,2189,0.1846775262070448,0.9488295412879181,0.02618232436885098,0.24541868904855593,11508,0.1849751741514179,0.9213343930010823,0.031841413376846185,1.2161415819417394,428
709,17110,0.1862669734915272,0.42660282512014763,0.01360788783205206,0.24537981009598325,9847,0.1872139848407086,0.45827833312150246,0.018078094909796727,1.3285011702709313,438
710,6374,0.08871574825251462,0.46884624251491847,0.030403487400021915,0.24511579565224176,2447,0.08923553636600504,0.5019227277036502,0.032998353339919635,1.0853476413990537,435
711,10951,0.1525425104862969,0.44522107072089623,0.1966684695641646,0.2450158332456837,3384,0.1446615331202089,0.45567222704254295,0.11114838754406042,1.769422606209227,443
712,16796,0.13617381093393197,0.6055992098753239,0.028102163901018388,0.24495716375808582,1388,0.16794579672060944,0.48125853002579755,0.41455380661781854,14.751668521967293,444
713,19028,0.17185418076362846,0.4356921237260284,0.04980198754253622,0.24462989118834647,10357,0.16938556688680734,0.4737812482556417,0.022578963051723553,2.2056808998912203,452
714,3424,0.19227439621132303,1.0501041895014152,0.07142397654555842,0.244458881444813,6692,0.18888003371565038,1.0966674331697952,0.026038213140323126,2.743044469320757,434
715,15234,0.19173680132387344,0.9993252190247631,0.9593314645890041,0.24442672192799658,10062,0.18045621837730186,1.0846864507731846,0.7779523422218391,1.2331494007064039,465
716,11374,0.07682783246989372,1.103352499235815,0.5165831179623943,0.24426193704419905,3354,0.07144367043075497,1.1005553017474186,0.37531652550900757,1.3763932117345479,438
717,14613,0.07831742615568706,0.4182870497519242,0.14663584660860443,0.24412652926996883,15566,0.08486965257560464,0.4171414051012172,0.27409881247303497,1.8692483373772204,455
718,1823,0.11988861024503691,1.0026259599110303,0.5585651347456798,0.24408059955820988,5701,0.11790680186281285,1.0951273311086571,0.5068685311213192,1.101992134942753,443
719,5701,0.11790680186281285,1.0951273311086571,0.5068685311213192,0.24408059955820988,1823,0.11988861024503691,1.0026259599110303,0.5585651347456798,1.101992134942753,446
720,8295,0.19062873492120108,0.425983322488726,0.08457832973845415,0.24402153884733752,12840,0.1881997334262266,0.46289901184978033,0.06232367070563756,1.3570819687102211,445
721,12840,0.1881997334262266,0.46289901184978033,0.06232367070563756,0.24402153884733752,8295,0.19062873492120108,0.425983322488726,0.08457832973845415,1.3570819687102211,441
722,6835,0.19414085069088138,0.6341740412178769,0.031328960386015986,0.24398811948200136,12548,0.1988738436555516,0.599484780745024,0.0839795658807573,2.6805730176173506,401
723,9408,0.16136072024486306,0.4200847534000107,0.010686904546570479,0.24384390531149258,12450,0.1713598846157331,0.4129908865062333,0.10926726192545737,10.224407025374077,443
724,11188,0.12476219427545418,0.48050471021327074,0.018075348741186326,0.24371258326940035,16760,0.12579394137970495,0.5031102636935869,0.03221128045735048,1.7820558219136402,452
725,12851,0.18374672606873027,1.1285620480396092,0.538482107451848,0.24368588144571687,19395,0.17566829495174985,1.1319264274692906,0.4477789283653409,1.202562410468102,444
726,3550,0.18933598903709553,0.8987614176438415,0.029481984903726617,0.24358062327532787,16253,0.1917247683143704,0.8750543126212132,0.06125777300605794,2.0778035538005706,435
727,13717,0.1743802105223669,1.0680752462890455,0.013206800491550617,0.2435519493751112,17240,0.17892510171801984,1.0067300370100687,0.07486647844296808,5.668782419395658,432
728,1700,0.19735270678059624,0.9940656709467991,0.020948092222856745,0.24354797928025854,4948,0.19884536660906998,0.9502552251773104,0.04326012725299932,2.0651105977945625,423
729,3325,0.05087555432039148,1.092746771243264,0.6858259258393657,0.24353001014027623,18427,0.05102521917911685,1.0602879658350606,0.6885631111711519,1.0039910788272346,385
730,16883,0.18915147775545665,0.8581787784413832,0.04243156777376845,0.24352351668998157,10486,0.1943134228344195,0.8731787284416441,0.09427258202257503,2.2217558051403214,427
731,16250,0.16583634672416284,0.9057555338854639,0.14066792694625066,0.24347492700985085,7412,0.16395716193088067,0.9246020089576955,0.112201422503219,1.2537089442178415,435
732,16508,0.19684949518488148,0.9757176144564843,0.7336151072146316,0.24339660150651632,9928,0.18739844287254248,1.094925099053309,0.5942026008305127,1.234621164884272,446
733,9928,0.18739844287254248,1.094925099053309,0.5942026008305127,0.24339660150651632,16508,0.19684949518488148,0.9757176144564843,0.7336151072146316,1.234621164884272,452
734,11953,0.18679263367332016,0.875140734053283,0.09108449820544222,0.24323309050791994,16975,0.18398675993889346,0.8708065316315698,0.0591463477179288,1.5399851676358391,438
735,865,0.16359215877233108,0.8598657270314642,0.03678005616139729,0.24318777873346942,18531,0.1632430957236479,0.8958667439558425,0.02453150217423975,1.4992989789275768,446
736,18725,0.1902550660038913,1.1929270218359536,0.12982922072676942,0.2430546376013518,4566,0.18460516358737333,1.186894822049008,0.06922301153674457,1.8755211286618787,443
737,3000,0.0591432403273202,0.5378497860365699,0.9002704261784625,0.24297114366094566,2486,0.059749063797629065,0.45914606848856887,0.9073430568109326,1.0078561179250245,386
738,19032,0.12792222641277462,0.8395553760073329,0.12396678398105244,0.24294413263134415,19745,0.1723286497634843,0.5629071146796817,0.7772970036197123,6.270203829265405,433
739,15973,0.1754636031408619,0.8355038323642918,0.029247670828454624,0.24294178016319257,3583,0.1976103653066651,0.7644329648537338,0.2695419650582691,9.215843772285474,437
740,17283,0.1711242714435341,0.6089446803455014,0.11186089747786455,0.2429133633599584,13499,0.16541792327698576,0.641928532291089,0.046527441991040475,2.4041918637909423,426
741,14982,0.15561626118518468,0.5053137858866732,0.028908951320792103,0.24288440172665543,2379,0.1714406306166473,0.44433889721600595,0.1992501976123534,6.8923357129543215,429
742,6461,0.0781230869331011,0.9978115080217905,0.8729287301481797,0.24255471969196285,13630,0.07207786594245587,1.169990669995386,0.6323166838738054,1.3805245890402515,443
743,16799,0.14881518875850663,0.4021449289000144,0.059376385499637724,0.24243387673866024,18056,0.1459739172668435,0.44856016326871884,0.025159843502815648,2.3599664080976055,445
744,17875,0.1742439769873114,1.18159588762444,0.6019118577613605,0.24240814404021382,1293,0.18445701594763914,1.0639543500367146,0.753190553796809,1.251330313707536,471
745,1293,0.18445701594763914,1.0639543500367146,0.753190553796809,0.24240814404021382,17875,0.1742439769873114,1.18159588762444,0.6019118577613605,1.251330313707536,466
746,1465,0.18706242456412103,0.4906878931692509,0.19849358379553741,0.24239020240873033,2602,0.1764235345076725,0.5026088674270881,0.09814246712030543,2.0225045244911066,431
747,4149,0.1218327760436793,0.9753382439478079,0.8146903978905682,0.2423873921942426,3997,0.10558261914298016,1.1276708403970792,0.46074403457721463,1.7682060683393108,458
748,3997,0.10558261914298016,1.1276708403970792,0.46074403457721463,0.2423873921942426,4149,0.1218327760436793,0.9753382439478079,0.8146903978905682,1.7682060683393108,450
749,18181,0.1885308232777732,1.038007465819657,0.6292247070220851,0.242334513760786,976,0.16524945303444116,1.1477083161403068,0.3377291167357135,1.863104706824785,449
750,18013,0.10937626428561767,0.4651928678169398,0.03516109891614288,0.2421136007759293,10755,0.12424168251883715,0.43285351893021945,0.2480918718671565,7.055862288571833,453
751,7079,0.1722804374888793,0.6799968346019551,0.026390233655101594,0.24207223368011957,7985,0.178083964377372,0.6907901094788229,0.08973910081072398,3.4004663233959724,426
752,1639,0.1578945047611555,1.169374526815151,0.45130769546395855,0.24201288272020394,17403,0.17833114094738034,0.9484679100862563,0.7621410389060052,1.6887392937594385,450
753,14212,0.07247174409820498,1.0738973903386833,0.9359460009539047,0.24193491314709092,174,0.06210110476473519,1.1799672332597715,0.5617529564020254,1.66611673385495,409
754,4737,0.17389069896576298,0.6347298272050643,0.06443799174905206,0.24161658037671008,5256,0.19878739734526002,0.5034357452452537,0.3150576398486301,4.8893150034158985,436
755,12978,0.09410338057047868,1.1794638844524745,0.26992056729660474,0.24159116332295733,15708,0.11648339987298634,0.8361954790505538,0.7912488845620933,2.931413832176123,438
756,19798,0.15273685876935675,0.42666100855843914,0.014525221642184873,0.24158316661735865,14337,0.16478269485094593,0.41165920134686784,0.13862357857418103,9.543646354530214,442
757,1903,0.1438074166565605,0.900972392129092,0.8332916964786609,0.24153016642874214,11897,0.13778125906062477,0.9133283700017764,0.7299001630712336,1.141651610231709,447
758,19356,0.15583868433495435,0.5501793017600312,0.013580164628960674,0.24149179869318624,3345,0.15924534599854556,0.5668309575484352,0.05295106273333597,3.8991473358440762,427
759,3357,0.198299229485763,0.6429517068223405,0.23086858168057345,0.2414247502655457,13902,0.1950672672456643,0.6936195946795117,0.19419219814910949,1.1888664111176197,438
760,10957,0.18800237674936743,1.1719046796874295,0.17071398416102557,0.24097720887363122,4623,0.17399205359482922,1.1933475173492893,0.014668438553350774,11.638183814870237,443
761,7950,0.17768110706436546,0.8046059265162848,0.37426613283591,0.24075357780840895,12697,0.16792559878825464,0.9080738897097271,0.2485394129150546,1.505862303472271,428
762,11554,0.07442427494951381,0.6276068417913994,0.013429267230961845,0.24073618368985222,8883,0.08636769660186477,0.5752592872175357,0.2933230273098908,21.842072412828298,435
763,5155,0.17524544556867766,0.4119472618667168,0.17311877322723143,0.24051605427430117,15547,0.16365161816551027,0.48505599115726517,0.06061147962830513,2.8562043739712006,439
764,10643,0.1851203782328925,1.0013386847605599,0.011843713108061408,0.24044532433684984,1190,0.18532736359289337,1.0028894504579604,0.016799104696828958,1.418398482262684,429
765,6228,0.07857762210301253,1.159863643640776,0.4023892763845605,0.24043347174401603,7716,0.08959735887893341,0.9553950530707321,0.7165300978126805,1.7806888499878857,446
766,16083,0.15305123172193713,0.84841055033114,0.015787040630640757,0.24039168196579547,10704,0.15209100212248117,0.811037543585569,0.010181531304894216,1.550556606652282,451
767,2440,0.19770455490223987,1.043269959660389,0.48258439537362663,0.24017211058836557,14466,0.18203141341253337,1.1750073307379076,0.29734610048885496,1.6229719999025671,449
768,7968,0.16788392487849926,0.8086973079745529,0.01636669118010856,0.24016707858025385,18274,0.16685549949988454,0.7732508437295476,0.01021338579295862,1.6024745869672514,445
769,17564,0.1173013605610914,0.7014582988073459,0.04160851139881125,0.24000796019776272,16022,0.12589194852540458,0.622261458263953,0.18236884596747832,4.382969729906958,434
770,19973,0.19979036631851432,1.0292783334258546,0.11954682914793059,0.23978795704592593,5713,0.189952101222581,1.0860507038449083,0.011473384383941415,10.419491332936852,427
771,17025,0.102317906336882,1.135603126262299,0.6284038790092168,0.2396978633651096,5889,0.10641646246990985,0.9932440991843507,0.749407732861053,1.1925574584972627,452
772,17706,0.17577459310645993,1.1112383923491371,0.45023820460991265,0.23959811133496436,14648,0.18510596327762235,1.0160669185634832,0.5793057796141978,1.2866650890190663,439
773,10778,0.18702607135245475,0.6500314093644739,0.02223814113371903,0.23950013702484993,351,0.19180204771306425,0.6131795737293122,0.0734214681717703,3.3016009625212566,436
774,7828,0.17311176808111386,0.8761304604167084,0.8105224520907698,0.23944061600402333,19053,0.13998335167026987,1.0878695690743432,0.31061427302287914,2.609417925978786,444
775,18127,0.19263187307298574,1.1394478813037934,0.016653644582700734,0.23943454242410464,15743,0.19435386835361507,1.1719939326142217,0.028916128432111873,1.7363243396072598,436
776,12211,0.16277363022732116,1.0219114723192102,0.038126873397691594,0.23925922433239313,8148,0.19219085708750372,0.8769562597594294,0.39088556298918153,10.252232301137179,438
777,3790,0.18756412219866236,0.9688358189650027,0.769827040913592,0.2392500632617571,12940,0.19453453397424447,0.9030631311506243,0.874146533711813,1.1355102993971475,447
778,12940,0.19453453397424447,0.9030631311506243,0.874146533711813,0.2392500632617571,3790,0.18756412219866236,0.9688358189650027,0.769827040913592,1.1355102993971475,441
779,5546,0.1353293373204798,1.1132235551933247,0.04733111376113423,0.23920974781640686,3472,0.14576494581224209,1.0553532488014186,0.19971364868646155,4.219500299408877,434
780,4765,0.14076598550554142,1.1847652741284307,0.07293024120055128,0.23908005136724086,5384,0.17449899332261087,1.0069993289409678,0.529722546202577,7.263414154162605,436
781,13512,0.1830658764644808,0.4253563157427378,0.16007727099279784,0.23901010854069138,4146,0.1698345018500516,0.4998111417285218,0.03197739091483159,5.005951593084839,444
782,1035,0.189167725596796,1.157238590725112,0.19441006259531143,0.2387713191787818,12806,0.17594050988934384,1.1901934826993248,0.044144308776823044,4.403966626324931,431
783,7600,0.12014313217823726,0.9741862393378341,0.8556001364847589,0.23863043956507235,4860,0.10309400173354868,1.114193621011085,0.4784091680434658,1.78842755038303,441
784,13848,0.19078046034414248,1.0276630793372412,0.1036441061444166,0.2386179486165067,18025,0.18542878522038214,1.082843926021463,0.0393814556534893,2.631799775416211,433
785,600,0.05196204862895167,0.40646583461360036,0.040843022494143115,0.23842068250911036,4945,0.05250488108072258,0.4067784671143426,0.06318864229099468,1.5471098472219074,444
786,11813,0.07803674087311863,0.8528876392079001,0.011370586416608108,0.23840919553489426,19141,0.1102297374480229,0.4983565909144603,0.7472517055628203,65.71795668087702,428
787,9506,0.1936003851061952,0.5012430343963985,0.011334298098697182,0.2382516478466347,215,0.19421287249105845,0.46625169962713453,0.022165041319473548,1.955572469196068,397
788,10660,0.18542507378806278,1.1337484486608855,0.21233578855656796,0.23815259668481137,5073,0.17073988965130132,1.1997404074905578,0.04228695783388914,5.0213067913436,430
789,6799,0.14225015627254015,0.4130108837063396,0.020359355707187606,0.23812216620980817,9773,0.1504204618493511,0.40053358567840797,0.10669807763173425,5.240739400906772,454
790,13111,0.196246117596534,0.6444830170262357,0.05712361174684141,0.2379277994996625,2558,0.19809841686103563,0.6723388546141195,0.07103246097319614,1.243486866481684,407
791,15901,0.14111419585703303,0.4108083694987533,0.026282392628387906,0.23789455052442027,12910,0.1422865232653344,0.44478870217210464,0.03707366414790207,1.410589388572576,455
792,9811,0.17858727677126524,0.7934810011707024,0.14472096360793776,0.23778787363444603,3168,0.1673599277390903,0.8387116183837015,0.012453401889603786,11.620998413995789,440
793,8462,0.17820290115465826,0.4666313745638334,0.10391118681064743,0.2377770241692857,14603,0.17012188395182154,0.5307523113736848,0.016603799767263838,6.258277518831528,444
794,14860,0.19791505462037678,0.976644157594997,0.03300768519362047,0.23769537878959215,12308,0.19714095951180305,0.9525345107081239,0.027232040108619567,1.2120900623663806,432
795,5292,0.09865506151684758,1.0996375216026943,0.7976194840492702,0.23763236275204547,10912,0.09890401953638366,1.0148005542715566,0.8336670951266797,1.0451939951296159,464
796,12269,0.1100777810147919,0.5258114488950736,0.10298848693975696,0.23760023100782535,9329,0.1054871051542637,0.5907956606280744,0.013915323519848056,7.401084623929858,436
797,15070,0.1508449726800527,0.43783104085698626,0.023354819935388547,0.23759007718538713,19297,0.15455257758965796,0.4314369906772889,0.06659036997200338,2.851247415147135,446
798,14965,0.1406182774447216,0.5577586228521125,0.017689013402903377,0.2372126530431958,14468,0.14153780133025257,0.5913133967406694,0.026123693720379676,1.4768315861014543,442
799,17759,0.17322274207564992,0.49004270821717555,0.04114076378957217,0.2371905299648442,4082,0.18952253785205414,0.4307701354354347,0.19115726702918326,4.646419984007087,434
800,16114,0.12534866779357157,0.4104652478238524,0.13843522456600876,0.23716477082560777,16907,0.11845832373276648,0.4577975595275421,0.04201818447245633,3.2946503116229477,446
801,9131,0.17037960571903005,0.4804613209883921,0.07123866266080543,0.23696018862157497,7344,0.16614999731444877,0.4895157155430483,0.029021304811540232,2.4547022652295634,444
802,4654,0.19700226229994305,1.0216068571127424,0.02561104214847981,0.2369418929966555,13546,0.19648568886764378,1.0581614364594323,0.012975011791216691,1.9738742870212231,436
803,16135,0.10669203071541147,0.4417767050339179,0.03586099038992779,0.23674545120775561,12651,0.10808442708445874,0.4816668901158422,0.05270130960951911,1.4695999479233912,451
804,17824,0.16373950737281,1.0077778819831744,0.7496925205388594,0.2366346133662129,18184,0.14519569320978915,1.1619326183655603,0.46133129213978546,1.6250632318080411,468
805,9603,0.11875110764469328,0.8747809507914502,0.7995443754217789,0.23648749165533617,10659,0.11004996985840626,1.0296429234358686,0.592848638153361,1.3486484137203143,437
806,6901,0.1671298477861567,1.1907009480152766,0.42897553062551413,0.23625979138925002,14560,0.18881860550661023,0.9731518143020805,0.7359061098469416,1.7154967062430675,460
807,994,0.19542786044366817,0.8698985750161552,0.39701244915705286,0.23619733115914793,1836,0.1626193809810363,1.0043655613271705,0.012565131147179746,31.59636334127421,421
808,15284,0.19945147840611555,0.8888026191433429,0.028379731233362574,0.23617108645198734,8430,0.19757161377606391,0.8630430397766209,0.012501144841067178,2.2701705799082554,411
809,8430,0.19757161377606391,0.8630430397766209,0.012501144841067178,0.23617108645198734,15284,0.19945147840611555,0.8888026191433429,0.028379731233362574,2.2701705799082554,409
810,7459,0.1591676410039673,0.7339869382489224,0.0712648591875696,0.2361431728995049,8354,0.19734417962496892,0.5379448217617857,0.4976176972593511,6.982651799670549,447
811,15030,0.1721636646985783,0.425249412267501,0.13487294235468153,0.23613336494494697,11296,0.16577325831882794,0.4250558772261244,0.07589699200065324,1.7770525392300223,441
812,2738,0.08958129153329425,0.4053355433380608,0.06902488720272242,0.23607204894294262,13973,0.08734678830620107,0.42883637609431113,0.030530300379222605,2.260864988072548,460
813,16879,0.18175604279278007,0.6508200878388478,0.014420619821881458,0.2360290828929408,14776,0.19276593121654834,0.5751916441216604,0.13356275428255082,9.261928816671688,426
814,537,0.060804435227560245,0.42161042141768684,0.034250517084672034,0.23592970168488475,12148,0.061740821294007986,0.4229280574379667,0.053752501418213174,1.569392406115491,450
815,1484,0.1512322422364648,1.158815810088523,0.6766472275138458,0.23568583068725743,18893,0.14546654852279955,1.1763656868774124,0.5933883031594905,1.1403110305866224,465
816,18893,0.14546654852279955,1.1763656868774124,0.5933883031594905,0.23568583068725743,1484,0.1512322422364648,1.158815810088523,0.6766472275138458,1.1403110305866224,457
817,4157,0.18111742764790373,0.5856879484792419,0.05531018055536337,0.2355951030866781,4994,0.18976800841781888,0.5176682502008941,0.14631487529293566,2.6453516120143576,432
818,330,0.05988350528226042,0.4988269336110767,0.5143953362468754,0.23556512692384504,7575,0.05374969441250643,0.5295070127674846,0.2992905896451162,1.718715369089351,405
819,7575,0.05374969441250643,0.5295070127674846,0.2992905896451162,0.23556512692384504,330,0.05988350528226042,0.4988269336110767,0.5143953362468754,1.718715369089351,410
820,8807,0.19428535706504907,0.7518715749938161,0.022055714870806133,0.2355593220389674,1094,0.19631286166224948,0.7607053014083989,0.043529422160253815,1.9736119375514407,401
821,11349,0.19780883562730583,1.0649372791728897,0.3660824048807199,0.23554717905300956,17933,0.16939907894993197,1.1908700527417007,0.03908779138849815,9.365645688245312,439
822,19504,0.18836864743015358,1.1834567264106957,0.2065061745484018,0.23547613668076706,805,0.19688105960852798,1.1659290273564695,0.2924675498427405,1.4162653997262957,455
823,805,0.19688105960852798,1.1659290273564695,0.2924675498427405,0.23547613668076706,19504,0.18836864743015358,1.1834567264106957,0.2065061745484018,1.4162653997262957,452
824,9519,0.17516574790472883,0.4035973229496788,0.04031660771619388,0.23525998199052223,12155,0.1736673876468351,0.4412831060749975,0.021762143672352026,1.8526027731089099,445
825,12155,0.1736673876468351,0.4412831060749975,0.021762143672352026,0.23525998199052223,9519,0.17516574790472883,0.4035973229496788,0.04031660771619388,1.8526027731089099,446
826,4568,0.18219514371360324,1.1864469660338854,0.13897518553800858,0.2352011248848532,19499,0.19076452639168617,1.1357211018529356,0.2337196892890309,1.681736839452612,444
827,10885,0.05676822142450269,0.47845302864009875,0.4112289217140023,0.2351713993845875,4118,0.05539680215374329,0.4479063663877224,0.36536286298196535,1.1255356342395997,411
828,4118,0.05539680215374329,0.4479063663877224,0.36536286298196535,0.2351713993845875,10885,0.05676822142450269,0.47845302864009875,0.4112289217140023,1.1255356342395997,409
829,6002,0.17857428223296173,0.580697009513079,0.05265457995306835,0.2350507621167278,642,0.18702165338528448,0.5382193013730684,0.13860123521082976,2.6322731153560937,438
830,3632,0.1651179354610856,0.6057477602740614,0.01363586733290692,0.23494729801558165,6230,0.19493766985888805,0.49896474574552496,0.3245211799342676,23.799086043548765,432
831,1541,0.19594374482444682,1.0858704884984198,0.07713753283253091,0.23491804118713688,8546,0.19124101456054482,1.1196491764088314,0.019989012431064886,3.858996691234812,438
832,8546,0.19124101456054482,1.1196491764088314,0.019989012431064886,0.23491804118713688,1541,0.19594374482444682,1.0858704884984198,0.07713753283253091,3.858996691234812,430
833,13010,0.19766060195034718,1.199309655225725,0.011365956178450246,0.23472930842573977,5952,0.19815167159944025,1.1672564572552786,0.020106538485568412,1.7690142536085292,443
834,11369,0.18549094546534256,0.9420830610122951,0.949915870082192,0.23463223475784734,14727,0.18356699378421942,0.9872174502156409,0.9031988439502892,1.051723965818621,460
835,14727,0.18356699378421942,0.9872174502156409,0.9031988439502892,0.23463223475784734,11369,0.18549094546534256,0.9420830610122951,0.949915870082192,1.051723965818621,458
836,8860,0.15665277880164996,0.8764472579029736,0.056617101320828395,0.2346047080738293,19079,0.15969476894728224,0.8539581146049915,0.101379552923031,1.7906171555578263,448
837,12838,0.055794999551043674,0.6082920774128963,0.8498158226576765,0.23452446096491197,1743,0.05809970361559365,0.5066985161205352,0.9568723726426711,1.1259761787562281,387
838,1743,0.05809970361559365,0.5066985161205352,0.9568723726426711,0.23452446096491197,12838,0.055794999551043674,0.6082920774128963,0.8498158226576765,1.1259761787562281,386
839,5200,0.18811991802870176,1.052622236472978,0.014937118178011452,0.23450448108597108,11306,0.18901554803701404,1.0797335231137635,0.021779657547245514,1.458089658774126,432
840,5199,0.15758771512016567,0.4381311212157699,0.023379480669027272,0.23432605657864036,4340,0.15681881889893778,0.47513068682749854,0.011091915861622684,2.107794628150649,452
841,4151,0.19248159029759043,1.0848507946537522,0.14454643275926637,0.2342819338318757,8573,0.1886205929456825,1.0845388842204418,0.10729721586340243,1.3471592118782005,428
842,8573,0.1886205929456825,1.0845388842204418,0.10729721586340243,0.2342819338318757,4151,0.19248159029759043,1.0848507946537522,0.14454643275926637,1.3471592118782005,430
843,2873,0.161841903781969,1.1168134526436253,0.8277295540202094,0.23425831816710904,8667,0.15113084488572795,1.1503711594076427,0.6650835461202449,1.2445497394256069,467
844,14471,0.17767332799303776,0.5786101953645597,0.010663977931262645,0.234237021772276,1097,0.1911266481092353,0.495889907803648,0.15132430754088752,14.190230748439884,431
845,2052,0.10178567301582084,0.8688114316525509,0.2722651187065903,0.234223920357307,18886,0.11178202742392439,0.8160748146593841,0.4639218865456222,1.7039343443975028,434
846,12693,0.1406359107277873,0.6396422561485776,0.06252776096362556,0.23416936798468885,9612,0.14488519695035218,0.6568439832435256,0.11766282507386429,1.8817693654873169,436
847,3206,0.19003782659814034,1.0786912536135846,0.06146112800727397,0.23407239882861502,14687,0.1867922506612688,1.0603909488095327,0.03142372070815267,1.9558832188617403,434
848,18713,0.16167114833387403,0.90265343250345,0.027699592681469893,0.2340583431072981,4885,0.168628861066775,0.8408407909013427,0.12352663916968123,4.459511032893868,435
849,2102,0.18892462810872707,1.0077100038298967,0.44768973930928135,0.2339607432694254,17524,0.18009249784395687,1.1058577493444313,0.3365477057321035,1.3302415428309244,448
850,9893,0.1885408820047248,0.625564441712393,0.2339465501877147,0.2338639942094755,12953,0.1796705073727553,0.6753143526668252,0.13570754749437677,1.7239022774131896,438
851,12932,0.08928972519236998,1.1822512879929488,0.38451970359205073,0.2338533465897069,4440,0.09300042448771137,1.1243090014702801,0.470730402261172,1.2242035918153755,455
852,16064,0.06851725725971211,0.9968775836563509,0.6546224531521263,0.2337557528256213,8765,0.05501251892428083,1.1472957525801457,0.18615005941029097,3.516638432595293,413
853,7707,0.16005146495601963,1.053034659681693,0.9315088103315108,0.23375150350705656,3653,0.1509726901030396,1.0770878173924465,0.7799409706161794,1.1943324500514285,462
854,3653,0.1509726901030396,1.0770878173924465,0.7799409706161794,0.23375150350705656,7707,0.16005146495601963,1.053034659681693,0.9315088103315108,1.1943324500514285,458
855,4298,0.1481799507610113,0.8307262632890693,0.14162197209542018,0.23365726441614565,12007,0.14006880131247834,0.9177910320917031,0.01759422007374455,8.049346404775248,442
856,17568,0.15468288116554352,0.49779169457424616,0.05235337584213664,0.23364630039224332,9822,0.16661980672828272,0.4775432100656334,0.18328264719693746,3.500875430642666,435
857,16750,0.1672273603057861,0.757187183356353,0.09445438903119173,0.23360507079206924,19015,0.16219825818191663,0.8205553162739831,0.024858256233468698,3.799719020677729,442
858,1650,0.12525061875402083,0.4059321159242944,0.013996516534760514,0.23342354692013198,850,0.12808701008345325,0.42270268069872885,0.05056258450722642,3.6125120405247726,454
859,10736,0.1802038273160601,0.4498962495073721,0.10357302644913904,0.23339944131396873,10456,0.17158447859583498,0.5151152843321953,0.011942919310203188,8.672337454432398,437
860,253,0.1688006095285608,0.707308722731049,0.08870270183428319,0.23325110634719493,11516,0.16249460229371732,0.7181634298383115,0.010126069339484978,8.759835515682406,438
861,4335,0.16930316903613687,1.1762312334785057,0.03564301964011495,0.23321568244840113,9952,0.19998802785433661,0.9991994236793418,0.3946130512861023,11.07125757779454,426
862,11296,0.16577325831882794,0.4250558772261244,0.07589699200065324,0.233019979974013,18405,0.161114978682813,0.4764453105638115,0.024094572718543733,3.149962146547682,437
863,7062,0.12194411999598327,0.962062779700142,0.9721478645427981,0.23278069208448096,4717,0.10767911819995168,1.0694384681462288,0.644728021539518,1.5078418062572314,452
864,15676,0.07556177512456999,1.1965433894075268,0.8591413819937557,0.2327026917274274,17208,0.07361170649449308,1.1059904874498616,0.8301416666731267,1.0349334535114327,427
865,17426,0.12419873963268302,1.1765582694175505,0.04334010254815325,0.23262837364185698,9619,0.12332085649930842,1.1614144611154165,0.027978892608960994,1.549028517814619,438
866,19336,0.0965381125466149,0.6630455051969739,0.22899159809726397,0.23262240691322864,2621,0.10979031653658582,0.5742658490582652,0.48066696181289803,2.099059379500619,427
867,14686,0.09734273939603427,0.8127928982049881,0.05421400210382457,0.23250773421328766,9965,0.0958193942200144,0.8808795711621491,0.012810167916674508,4.232107061864214,426
868,7727,0.08111396953505269,1.153556346069568,0.2966253930149547,0.23230102106070963,12117,0.08563203923850518,1.0894125583369727,0.4083868376660897,1.3767763896245402,441
869,8859,0.19642030703730878,0.6310805494657198,0.1280311330847012,0.2322552788328529,10923,0.19310878450808855,0.6483329523358253,0.09140930742090066,1.4006356321591273,431
870,6815,0.18408666329234902,0.8649061924493092,0.1653670511629008,0.23217871867924195,10034,0.17300970440690036,0.926450114154009,0.03583303776758202,4.6149325166203905,428
871,10980,0.17508940698875358,0.6847154218503342,0.05174762185447092,0.2320706965870201,5032,0.1724778414370058,0.7252972567806453,0.017547763804014644,2.9489581939000056,435
872,6858,0.1659296639610361,0.4109091383456435,0.14628435725085767,0.2319565195826378,301,0.16519056140429855,0.4467990192563772,0.14000102397780037,1.0448806236878212,445
873,4809,0.16529643187350518,0.9856258753189163,0.06913925137256417,0.23193343513583772,18751,0.16469106637874714,0.9535337678805237,0.06877962916648767,1.0052286150773801,439
874,12991,0.07294259847195747,0.4027704568426172,0.021624382793121375,0.23186756492306107,19377,0.0728122274674192,0.4683912594601568,0.011183765892217897,1.9335510955364748,461
875,15024,0.16221251518063778,0.8928838346195944,0.899096370239114,0.23177178580093255,363,0.16124698058629805,0.8577764513732096,0.8977424877772379,1.0015080966761731,446
876,363,0.16124698058629805,0.8577764513732096,0.8977424877772379,0.23177178580093255,15024,0.16221251518063778,0.8928838346195944,0.899096370239114,1.0015080966761731,437
877,18946,0.08940899436152698,1.1497520520155264,0.8886612054495552,0.23170823343471583,11233,0.08695953844246862,1.072190454879665,0.8467103579784498,1.049545688293296,464
878,16955,0.11921603484992518,1.1171038593154337,0.49358653183824336,0.23167963108616463,6231,0.12045341251791265,1.0435707998391184,0.5270475399881921,1.0677915745094002,444
879,2014,0.17182362289850706,0.4929506785077087,0.05934516919811724,0.23157394638094453,2539,0.18759734422250768,0.4376750876957057,0.210609994672859,3.548898714396803,434
880,17787,0.1493543569958103,1.1453868590521488,0.5273103279051461,0.23146306257460997,9359,0.16371959828466404,0.9573435664865526,0.774786745446257,1.4693183585541825,462
881,3310,0.16276854966717244,0.6372364263504761,0.16370578359180296,0.23138195221018573,19729,0.1532228665040109,0.7239931878291324,0.0373895835479647,4.378379432383763,431
882,439,0.16813745054909368,0.9074886854919038,0.07894266108531102,0.23124445233624744,6367,0.17018025313927082,0.8612928127484348,0.10874728609720598,1.3775477619089376,443
883,14215,0.08264926291491345,0.4012422606129699,0.09747147590653452,0.23123391704719243,17728,0.07968524873379103,0.4580996571496422,0.03153135557671699,3.0912554859680137,445
884,15930,0.11618812439071777,0.6931494357678214,0.030543492642993525,0.23120408855850322,8893,0.11521583640625836,0.6519191770539072,0.02184423740835709,1.3982402805834873,440
885,12999,0.14982152862656717,0.5420902526473574,0.17641541654514328,0.23120008177267787,5971,0.1380476535507327,0.5992376993154171,0.017293295188006298,10.201376581340933,432
886,6954,0.11691940503518869,1.1577354029185265,0.7794088335800265,0.23119455029000296,4595,0.11871159471808812,1.101970086952555,0.8258040585008734,1.0595261728145182,476
887,5559,0.0527339705894129,0.4560863643008808,0.8713393327376604,0.23102412456232416,9106,0.05465316818437519,0.41485381187191683,0.9482982695084282,1.0883225786777817,385
888,3992,0.19670671089946534,0.7674375568918546,0.26826325140460955,0.2309941200649103,17296,0.1769188574716663,0.8295292643002362,0.05486979566869795,4.889087851253801,432
889,17413,0.05028634999128242,1.1739235207190046,0.673957990756189,0.23079659455322302,8696,0.053194438973907646,1.1585690992857471,0.815053461063556,1.209353509035565,387
890,12066,0.17371824050514234,0.6491813036490297,0.014684005951296503,0.2306809734075453,3750,0.17529757637841703,0.6143187141579591,0.035905119146344214,2.445185548509943,434
891,694,0.18322956310011873,1.1979114093064722,0.142948504682384,0.2305373556923471,19499,0.19076452639168617,1.1357211018529356,0.2337196892890309,1.634992193925572,448
892,19499,0.19076452639168617,1.1357211018529356,0.2337196892890309,0.2305373556923471,694,0.18322956310011873,1.1979114093064722,0.142948504682384,1.634992193925572,450
893,14840,0.09379218961918229,1.1844313959638106,0.3626408181424901,0.230431633630715,11470,0.10420544147796058,1.1032871260067285,0.5868997425942201,1.618405080819152,443
894,1694,0.1506034549908235,0.5869185134727957,0.21012103963583428,0.23042149020821673,15294,0.14713255023794028,0.5642393382818063,0.16892571421402336,1.243866516199054,443
895,15294,0.14713255023794028,0.5642393382818063,0.16892571421402336,0.23042149020821673,1694,0.1506034549908235,0.5869185134727957,0.21012103963583428,1.243866516199054,434
896,16789,0.1940354460623468,0.6689424667359603,0.06372484513947485,0.23040593470365622,7119,0.18899301374386163,0.6595436828151063,0.015682193719077014,4.0635160029910296,430
897,7119,0.18899301374386163,0.6595436828151063,0.015682193719077014,0.23040593470365622,16789,0.1940354460623468,0.6689424667359603,0.06372484513947485,4.0635160029910296,428
898,8371,0.15584091048282073,0.8148649937561151,0.2832077739550328,0.2303006988196233,14259,0.15625783415513073,0.7672426730949837,0.29432291277311423,1.0392472941786064,438
899,9406,0.15008241788520693,0.8268482908730532,0.7800618698862956,0.2302955944972989,8428,0.10658457453814495,1.148143630744785,0.012498445284506611,62.412712311768885,443
900,15286,0.14087349730412757,1.1566042028299608,0.3361624211119919,0.23025954611162286,9319,0.17353320966466657,0.9326865932228472,0.8359104809033071,2.4866267863558282,431
901,9319,0.17353320966466657,0.9326865932228472,0.8359104809033071,0.23025954611162286,15286,0.14087349730412757,1.1566042028299608,0.3361624211119919,2.4866267863558282,437
902,2410,0.17834225591311365,0.6904936161087228,0.031057510439372726,0.23017443175744462,12486,0.1942561043775028,0.6571302158298804,0.19842936927499374,6.389094504607738,438
903,19716,0.07636988896204694,0.5858696659443734,0.02348754276885677,0.2298830472854123,12815,0.0814595002949226,0.6036905131894337,0.14057761665166618,5.985198964195804,446
904,1329,0.17838828459326844,1.0365742777874223,0.2100137812094065,0.22982369384437754,576,0.1702707080816318,1.1175618096382283,0.10703038878425938,1.9621883429082017,431
905,16972,0.1419097651144985,1.118850689703378,0.7386775345243352,0.22979641675772167,18794,0.13466252647150717,1.1296958525410385,0.6186528293798436,1.194009789407749,471
906,533,0.1048040955787143,0.8973636238540617,0.9341260333458135,0.22978648334244842,13709,0.08760104584226877,1.0947053209104225,0.47932046167306214,1.9488549061420373,447
907,12697,0.16792559878825464,0.9080738897097271,0.2485394129150546,0.2297425264731059,4407,0.15134094843291723,0.9841573173345509,0.03469691288262999,7.1631563809666385,427
908,5044,0.18604092773091896,0.4395144565775237,0.018608452190046733,0.22970492185954242,116,0.19802406491730817,0.4209921328487354,0.11964866740332578,6.429802230801513,438
909,723,0.0697089734227896,0.6206255907514736,0.03147419840333792,0.22967628438639348,2886,0.08236184534947608,0.5051655702895973,0.3488946628418489,11.085100829918124,442
910,15471,0.17521988258510968,0.5538369612728955,0.016225867288354304,0.22945654091847886,16769,0.1817155765094085,0.5632485553571335,0.08184355780474459,5.044017453753346,435
911,16769,0.1817155765094085,0.5632485553571335,0.08184355780474459,0.22945654091847886,15471,0.17521988258510968,0.5538369612728955,0.016225867288354304,5.044017453753346,435
912,3232,0.16785184092560235,0.9814924271810607,0.7175862978016022,0.22942779005386316,17660,0.14980420700965502,1.0821987021649901,0.45018921694608505,1.5939659831691189,448
913,2427,0.12051547375702407,0.49077869837173316,0.013224108487665927,0.22938242113120919,13440,0.12351918985849013,0.43320367989007913,0.06235477483084332,4.715234670753145,448
914,4197,0.1499766219155052,0.43804874883619266,0.04387986669242154,0.22930861906990632,5425,0.1538253895625381,0.41970745292521533,0.08372766197359179,1.9081111289714179,432
915,4477,0.1006071407376149,0.9984379225662882,0.017537307139089058,0.22927669133114228,11039,0.10379346427859354,1.0326379332407596,0.07519860148870697,4.287921793939284,440
916,11,0.057953798854627384,0.4118606965229517,0.013473748027943806,0.2292566753870025,10828,0.058710603071506884,0.48244975120466305,0.027253101348284882,2.0226815353651753,459
917,4528,0.14770660766409072,0.7802942581937939,0.80772434469085,0.22919699286870393,17756,0.12016134947085026,1.0803153394959355,0.30097460047705715,2.6836960441531397,437
918,18638,0.13239503829709331,0.9043065470622159,0.6669076206952593,0.22905112756929333,5381,0.09812291712808693,1.1631672880653463,0.01395859178818559,47.77757175044857,434
919,18704,0.19201184620422074,0.41394567522782566,0.1058933427794649,0.22902665217423687,8259,0.1831066698112252,0.467102073804398,0.025456421787784827,4.159788978287492,436
920,11871,0.1639112420258519,0.5321085387692349,0.019506582429728286,0.22901013839829693,6283,0.16554684122012586,0.5609247557026042,0.03296823647610105,1.6901082798520888,437
921,19048,0.10502246528110683,1.1061306419902421,0.7125903190535424,0.22884658366320254,3723,0.0995267316381127,1.1375083114205067,0.5834613667916116,1.221315342559862,453
922,16746,0.1257125208118886,0.527423132008571,0.030035089875361774,0.228729077324915,13037,0.124908369079021,0.5102923871099886,0.018105406034252813,1.6589017566653694,445
923,16553,0.15593475613198066,1.057906501309795,0.049533991272553944,0.2286575260839859,6722,0.15485816444710698,1.0921463249567036,0.03216148631369638,1.5401648664309169,417
924,6273,0.1881482526101692,0.5086660172385973,0.08499579226236861,0.2285823227740604,6191,0.18088288647558942,0.501658642520207,0.01644787169719391,5.167586045607915,431
925,9749,0.1982468021995789,1.1730385185450414,0.24162238665805344,0.22853533055088218,12855,0.19109297749346543,1.172678040953339,0.17211937285238293,1.4038070360927897,453
926,12855,0.19109297749346543,1.172678040953339,0.17211937285238293,0.22853533055088218,9749,0.1982468021995789,1.1730385185450414,0.24162238665805344,1.4038070360927897,440
927,2426,0.07725770108572953,0.7035687327043744,0.018041419990637145,0.22848404094966873,19359,0.07660522876504372,0.6660014626012879,0.011503905072331427,1.5682865841816964,433
928,9804,0.18344426880741288,0.6610013164633093,0.027105520671612492,0.22845192256816121,4353,0.18588137718599557,0.6193251648085536,0.05969290582505954,2.202241622592245,425
929,14259,0.15625783415513073,0.7672426730949837,0.29432291277311423,0.2284270031674728,7537,0.13641088326642806,0.8662653477932609,0.011385703323672858,25.850217980049216,435
930,18396,0.190486820957178,0.41602310877939,0.8762669928556638,0.2283695897016644,10445,0.13160363311046494,0.7535610750810569,0.0831736703258674,10.535389257472033,448
931,4687,0.09766207844380544,0.8992665943635112,0.6584707641624262,0.2282284919611953,13672,0.0735705777067167,1.137210551550655,0.04593409474339824,14.33512008543639,438
932,3080,0.05692799388060986,0.4023205450226039,0.07333169187794177,0.22818661796656337,12969,0.055347118073190996,0.4636691269207188,0.026874137635764708,2.728708651858294,448
933,12056,0.05953511167290532,0.672373894269334,0.6705082885627671,0.22810080104239927,7329,0.059211090858642575,0.7327477876100799,0.6417209735151446,1.0448595514806611,387
934,15492,0.05145561753291891,0.740060676582976,0.25052044417887764,0.22804381838365634,12466,0.062477202572535126,0.5921526196728255,0.6583166978426701,2.6277963062073133,397
935,18227,0.14441559684951302,0.5672522937795116,0.0223938743621381,0.22803851173037254,6091,0.17060658741420304,0.4839391306389697,0.32369636808756325,14.454683582348084,427
936,8835,0.08584370064131855,0.42632263402095694,0.011980374982494355,0.22791408459120654,18102,0.08610235978117801,0.42151659004533976,0.02135650249093042,1.7826238763090805,455
937,15675,0.10653316668311177,0.8908784514090802,0.964070700385482,0.22790605985024467,565,0.09440321034621818,1.1122867228773097,0.6081185067021595,1.5853335982383752,452
938,565,0.09440321034621818,1.1122867228773097,0.6081185067021595,0.22790605985024467,15675,0.10653316668311177,0.8908784514090802,0.964070700385482,1.5853335982383752,449
939,14806,0.13985582608929886,0.5409494463447935,0.08668536153207343,0.2278491188522211,9331,0.1436124980174725,0.49054597215081636,0.13530085143282625,1.560826984412647,437
940,6531,0.185708823014054,1.1211712322388314,0.9525821091997181,0.22776609474967022,11199,0.1725318074302864,1.1935011084306506,0.758383003554716,1.256069960342922,472
941,11199,0.1725318074302864,1.1935011084306506,0.758383003554716,0.22776609474967022,6531,0.185708823014054,1.1211712322388314,0.9525821091997181,1.256069960342922,468
942,12486,0.1942561043775028,0.6571302158298804,0.19842936927499374,0.22774133128939636,5048,0.17800796036486694,0.7634797271385391,0.015785656123729796,12.570232603553595,434
943,9994,0.16902820565003768,0.9988266839274887,0.549687276045,0.22764748528682205,16161,0.15653804080433784,1.1072923474117582,0.36993485372868273,1.4859029110248452,441
944,5203,0.19919208186888882,1.0359458505605814,0.01563810442620682,0.22760142198565575,7335,0.19855210142654556,1.0343365295592517,0.011969400014201053,1.3065069600525545,428
945,9715,0.1951903433463279,0.8658985052208097,0.8582482689171522,0.2275112339595129,1996,0.15972180490268945,1.1803552451981072,0.35236329716632486,2.4356914463541197,448
946,19977,0.13120306845534388,0.4463688696591421,0.010430492847766237,0.22750902910013407,19405,0.13402779203256876,0.4262136695824681,0.04546777291491142,4.359120281133088,462
947,6956,0.090560813503413,0.9515678443318546,0.8081711179176289,0.22748530771469383,1685,0.07045810029843422,1.17205205037744,0.23726690471811143,3.406168756986099,442
948,1439,0.16390721503933897,0.4201645385724552,0.06322593719290152,0.22747048040077825,2922,0.15990918412355107,0.43443212191133806,0.023977320281422992,2.63690589485462,447
949,2922,0.15990918412355107,0.43443212191133806,0.023977320281422992,0.22747048040077825,1439,0.16390721503933897,0.4201645385724552,0.06322593719290152,2.63690589485462,442
950,5801,0.16360982185997186,1.113992305641215,0.3112839554354826,0.22746210316136195,13553,0.16660900340024992,1.047637780077574,0.35712034149753297,1.1472494333924979,429
951,17765,0.11801417619862768,0.6373844826113331,0.04764155365206307,0.22712081930592773,5829,0.1171855953913992,0.6891798007054557,0.025048474637187568,1.9019742456226567,436
952,5829,0.1171855953913992,0.6891798007054557,0.025048474637187568,0.22712081930592773,17765,0.11801417619862768,0.6373844826113331,0.04764155365206307,1.9019742456226567,439
953,9807,0.17813439199503395,0.5267126250530353,0.12664780267988382,0.2269960991576896,8778,0.1711939515751536,0.5373839069106201,0.05231585820571515,2.420830069954743,428
954,18196,0.19180292609180127,1.1537645318521967,0.40886355295473015,0.22699088628771608,4998,0.18617208599446972,1.1836633299858392,0.34807264386733294,1.1746500627339376,457
955,4998,0.18617208599446972,1.1836633299858392,0.34807264386733294,0.22699088628771608,18196,0.19180292609180127,1.1537645318521967,0.40886355295473015,1.1746500627339376,453
956,14688,0.05224532501777629,0.6998470679648785,0.326973712726163,0.22696441625756453,19802,0.062035873033314426,0.6103893778396103,0.6976256530233611,2.1335833000361566,397
957,3002,0.1493746832255371,0.41108543240857026,0.04319713684749182,0.2268976977412361,46,0.1481587360387447,0.4511388359281601,0.024845454692422206,1.738633379113276,442
958,19151,0.19457755899029744,0.8276549331052058,0.9452474177816488,0.22664267527936818,3792,0.1567779379503644,1.16196136590816,0.3826012466926251,2.4705811231740276,446
959,16569,0.19040665892218067,0.9703015571809392,0.045464927417076265,0.22642958210166944,4527,0.19104757936713979,0.9349806365049723,0.056864638252685805,1.250736369400381,429
960,358,0.17778176017015684,0.9162914823265512,0.025603102249052063,0.22639476846008294,16469,0.1897092932521265,0.8254942661655854,0.16883314582375536,6.594245657477163,434
961,10090,0.19156866798797428,1.1078616267944053,0.039615930045472404,0.22623108085716886,2566,0.1917801398257143,1.1415222325914067,0.03516485629151636,1.126577333831729,442
962,2566,0.1917801398257143,1.1415222325914067,0.03516485629151636,0.22623108085716886,10090,0.19156866798797428,1.1078616267944053,0.039615930045472404,1.126577333831729,435
963,15396,0.17622229620835894,0.7222664484363984,0.031107946078452527,0.22622754602153977,7072,0.1793906586042251,0.7098731331765515,0.07052343597600845,2.267055362580102,437
964,10349,0.09589844603539627,0.7269110812793214,0.03796064873072777,0.22620269225348202,9682,0.09457759649303908,0.6917046276619585,0.013936076652827308,2.72391216526686,432
965,6566,0.19836918023887568,0.8243695094624255,0.01539105104496401,0.22607317381640796,13966,0.1985214428847174,0.8012458015565435,0.0227851261387451,1.4804139153446867,405
966,9522,0.18670861527132193,1.1199001489964706,0.35983155289695856,0.22594974863415238,12088,0.19555703104151728,1.0861490847001953,0.4552191271232732,1.2650895216341127,448
967,4984,0.10900971791638217,0.5252722858870597,0.26261681268872955,0.22594267656185196,16812,0.10342604766065913,0.6040030323480456,0.16589085879020665,1.5830698243647474,431
968,5107,0.19079648520709197,0.903554896818478,0.06943732806818757,0.22561107477948483,12132,0.18944200953621138,0.9458375382969418,0.04828744407951607,1.4379996579202554,431
969,12132,0.18944200953621138,0.9458375382969418,0.04828744407951607,0.22561107477948483,5107,0.19079648520709197,0.903554896818478,0.06943732806818757,1.4379996579202554,431
970,14013,0.18380569676700637,0.43033569367415275,0.06614643178388585,0.225414197105739,4714,0.1808545171995326,0.45037875251745213,0.03974513167055355,1.6642650056407422,442
971,526,0.150752034378641,0.44758545017851314,0.09650198551302586,0.22534521970745292,9184,0.1600904801147977,0.40855892327885424,0.18932355391347275,1.9618617472685866,440
972,4267,0.10798679911206936,1.1462191086918292,0.5780930770521925,0.22533705509913593,2599,0.12378346279878008,1.0135954502115587,0.9322987523250336,1.6127139198396974,443
973,18962,0.15622282339040522,0.49748332051562005,0.23795953610071147,0.2252742677246671,2933,0.1418038024336312,0.5916808733539465,0.055703255607104,4.2719143343995825,439
974,2623,0.1914379088430827,0.5813629920390103,0.0333528247707607,0.22522834389061644,6288,0.1909351630111007,0.6157078985868601,0.02268148813768622,1.4704866174694957,419
975,6288,0.1909351630111007,0.6157078985868601,0.02268148813768622,0.22522834389061644,2623,0.1914379088430827,0.5813629920390103,0.0333528247707607,1.4704866174694957,416
976,10049,0.09831628218852398,1.1370790968014706,0.8789601012624865,0.22515801509705455,1100,0.09216323095379986,1.1366205167873547,0.7266000775588487,1.2096889725301438,456
977,3874,0.18123846386145848,0.6020341798642577,0.012915126402116478,0.22514316990610336,12667,0.18472479518209156,0.5574396514455717,0.056040412980098736,4.339130042963812,426
978,12667,0.18472479518209156,0.5574396514455717,0.056040412980098736,0.22514316990610336,3874,0.18123846386145848,0.6020341798642577,0.012915126402116478,4.339130042963812,429
979,10287,0.15179719296315017,0.989669043704049,0.628187140246031,0.22505216807044756,705,0.14591800617587963,1.0772586336176793,0.5286183083577141,1.1883567600934075,440
980,4660,0.14647059941888718,0.8537865572244949,0.021475657345429104,0.22501773817069312,6263,0.1495277326646059,0.8025942745956014,0.06932840981949774,3.228232258709122,439
981,2434,0.1766406447558454,0.5410469392068894,0.025258946069364675,0.22471899797578368,3461,0.1871135093832026,0.47932501996034654,0.13101097833263162,5.1867159450301985,434
982,3461,0.1871135093832026,0.47932501996034654,0.13101097833263162,0.22471899797578368,2434,0.1766406447558454,0.5410469392068894,0.025258946069364675,5.1867159450301985,437
983,10531,0.18604569403171833,0.49995249777006745,0.05103449626135154,0.2247179497917613,11114,0.19869844023424443,0.4518866322023141,0.16763459413834778,3.2847310430944248,433
984,19466,0.10156825195567383,0.43863071884569704,0.016639045847905237,0.22468270447434652,2085,0.10177862585088363,0.4403400632296723,0.023264704034873133,1.3981994068369028,446
985,2353,0.15288634497756695,0.8480304121752442,0.010020065924113265,0.22466117669985938,12550,0.19918354593727577,0.5833521003695873,0.5612814139091992,56.01574063085521,446
986,1351,0.176559147528489,1.1457840572043998,0.2785131989152402,0.22465553117562545,2296,0.16687102631515127,1.1572694341211278,0.16645547970471564,1.6731993408045789,441
987,1990,0.18714501753608603,0.5363993995935522,0.06621195791636135,0.2245507474130977,5821,0.18611025073055226,0.5275007257160337,0.055093100238524005,1.2018194225719476,421
988,11407,0.14627986649106126,1.1352338796683892,0.018127337612172424,0.22448142351939723,5120,0.146638390849638,1.0901087010917432,0.029980186634136437,1.6538659606584962,432
989,13122,0.18498802920680113,1.0034165817580258,0.23569374618216754,0.22447118865762988,5409,0.1703156974911787,1.0797665368995615,0.06388053488495775,3.6896019516215333,424
990,14709,0.1520170338719088,0.8236674314244128,0.03445887930461223,0.2243577347144264,10223,0.16064387319260032,0.7565195077212361,0.1501763435888222,4.358131971190413,442
991,2268,0.07467526751471973,0.4998684383301704,0.011973314346521506,0.22427066714835722,16300,0.07485911707433048,0.5497323805018293,0.011625826938740029,1.029889263758397,441
992,18369,0.14322471159214606,1.1042554239895144,0.6712861726161324,0.2242015656260145,18618,0.14025574838131905,1.0718117832236715,0.6315883177726015,1.0628540043038348,457
993,3300,0.17155918661006436,1.19747150972916,0.32424814594017287,0.22416402563345622,19670,0.18357788625369842,1.1566507720417882,0.4668742342127031,1.4398670896297003,457
994,9743,0.18575058734125316,1.1839192470737747,0.5369750239230806,0.22409941402048003,5036,0.18873382080910406,1.1312902700073133,0.5787763463885345,1.0778459343603322,463
995,185,0.17306467623793492,1.093796070124438,0.37251253844234217,0.22403329969484626,9097,0.1509451022283038,1.1858609151261814,0.08934865255458914,4.169201524496959,447
996,18608,0.18237466017100867,0.8071920168317352,0.01307197234675826,0.223977572948236,18208,0.18421022131024606,0.7841885795159886,0.039382373761593245,3.0127338642480943,444
997,9685,0.0851247237147553,0.5009803710294682,0.0856928237733051,0.2239625490344734,4646,0.08303482548708699,0.5265507832996638,0.03445184611101377,2.487321680736009,443
998,6478,0.19054799517250987,0.44680203203462554,0.040344670142073276,0.22394976209279632,10670,0.1977351131112995,0.45144964273820165,0.10073864698450238,2.496950566946078,427
999,6239,0.094022797349167,0.9862828208779016,0.04157605816413981,0.2239340611726665,5272,0.1044637912578355,0.917703456240886,0.25552257155144975,6.145906630750366,439
1000,3095,0.11629986225184183,1.1204216725954157,0.9101311439379141,0.22387796445725175,5192,0.11759270740164092,1.0318083928337898,0.974474325414851,1.07069660444597,468
1001,17421,0.10204246209868442,0.4398008032820079,0.011414646126417108,0.22384871746801616,3013,0.10468492744184463,0.4683590214939315,0.050028067935013666,4.382796223461791,449
1002,6578,0.18188040711098813,0.8457547682596713,0.02333181163044683,0.2238015802989396,9398,0.19195997047359437,0.8344052749060257,0.13273204771930044,5.688887336382051,419
1003,19514,0.18301671080034954,0.919430097046663,0.21521835904957004,0.22371400493411592,6255,0.17424741425488563,0.9863890171134576,0.1062900327275815,2.024821646270153,437
1004,12043,0.18154320791760942,0.7639560251121131,0.06537291398294608,0.22368891846437453,4296,0.19702457182942057,0.6611997737552647,0.23581408639095425,3.6072139365314415,435
1005,8986,0.14343761175055977,0.49686036913580267,0.42049229774277247,0.2235639400419968,14229,0.11771522945475814,0.6933592305696317,0.037423823407499675,11.235952381565227,431
1006,14229,0.11771522945475814,0.6933592305696317,0.037423823407499675,0.2235639400419968,8986,0.14343761175055977,0.49686036913580267,0.42049229774277247,11.235952381565227,435
1007,4017,0.18598570639393647,0.9254306434761146,0.020011162368627745,0.22348253490537565,12253,0.18796838297985818,0.9452757590198514,0.039823969495989306,1.9900877701348747,424
1008,3545,0.09135513513602989,0.42085753364153167,0.012275636572473228,0.22331362331293603,4059,0.09152229868050862,0.41260075429140214,0.019770409120783285,1.6105404395171055,447
1009,4342,0.051333652213839495,0.43261626737287995,0.2695195254150007,0.22327101030611454,3286,0.055195756166451095,0.42606665286046463,0.38983249100446693,1.4463979572693697,408
1010,8282,0.16594520073375962,0.4353516064972216,0.3129639585992497,0.2231231860714187,18066,0.15162040176241123,0.4756491020000998,0.1646417421930276,1.9008785647586726,434
1011,6342,0.1740590167364489,0.7600962459235592,0.06722584247017753,0.22304676896596487,1804,0.18503420438829016,0.7179210394079288,0.19339800559687684,2.876840192559451,440
1012,18478,0.17774806953729133,1.0993727593915419,0.736645577768808,0.22289022090304952,4312,0.1856753712125377,1.0812443140087917,0.846342750288875,1.148914451984255,466
1013,5450,0.17767201833971513,1.0335479486307246,0.45348834681480765,0.22285769283983914,10686,0.14415368684016314,1.1954852257407163,0.013433283622083137,33.7585626547267,440
1014,7230,0.19906064242481125,0.7510385808258642,0.014921670019323397,0.22280539346961442,11537,0.19888901230236322,0.7191040766810446,0.018891373763990468,1.2660361567791238,401
1015,12195,0.11876690309963243,1.1597410038463933,0.2570786043023911,0.2227819077110043,6734,0.1139942106683585,1.1612542827711778,0.18054976886020155,1.4238655963134759,437
1016,6059,0.16414012789120738,0.5554229720611221,0.03262838936222866,0.22266402033202115,3289,0.18963938809620134,0.4826028772457816,0.2935401095381108,8.996463364444196,439
1017,3404,0.15837356114236895,0.9116408327583583,0.8539697325321312,0.22264904425100057,10014,0.14804546170451785,1.0102326153143086,0.6636392356666242,1.2867981376573077,451
1018,14049,0.15264653421970503,0.8580316859312864,0.9907123207964699,0.22258612154440344,18321,0.13640532886267373,1.0570081415188155,0.6608483738394995,1.4991522412932268,443
1019,699,0.11277076132135849,0.9233377208698212,0.8475673053997822,0.22236088218192462,13413,0.11071733753660677,0.9558730383513948,0.7993360757413235,1.060339112824012,456
1020,8511,0.07420722167506746,0.9461791883878549,0.708527149058652,0.22227791944611275,6540,0.05428422660651697,1.190229746406045,0.030395840245889084,23.31000371521157,446
1021,3893,0.13393126990528914,0.484163984307552,0.41072139652500916,0.22224495086281526,13703,0.12586395976359308,0.49619189503419425,0.298109670985229,1.3777526746033004,430
1022,9814,0.19013752734585515,1.0444412776728482,0.19820591216071248,0.22221984139904838,14785,0.17363389808299498,1.0932827869987927,0.011983665633947252,16.53967310296409,428
1023,3137,0.1909451453801137,1.082756234127309,0.3969160803232786,0.2222176928831738,3169,0.1699873779290676,1.1905288214544547,0.1496189373541205,2.6528465403002515,440
1024,10277,0.14606770310727946,0.4141286140198305,0.29706035173020473,0.22219216000957628,5847,0.13844169114623733,0.4726615955213113,0.21659046355256162,1.3715301535338138,454
1025,5070,0.1313651093206819,0.6399177180705251,0.013964508325348133,0.22209428280418025,15848,0.13146413673884128,0.6467786987203423,0.011135591937456727,1.2540427490321189,433
1026,18912,0.18813976258791382,0.8316206191231522,0.06249676328608662,0.22203411083463923,10070,0.18690952662403099,0.8203953884930786,0.048979880164584516,1.2759680725245148,427
1027,15369,0.0790661052214203,0.5892709088858118,0.26617785749278106,0.22185265683752006,5248,0.08550226827008445,0.5845302364262867,0.41829396017729426,1.5714829329432058,432
1028,4625,0.09776936540310571,0.4423112439939513,0.019350076741795966,0.22181533277156346,17126,0.10237071702390384,0.44860107971565255,0.09799498820721418,5.064320390809925,453
1029,15587,0.16838301273491074,0.5213517892042784,0.10395589428697474,0.22172192224455606,6432,0.1817822964323726,0.5011990912886075,0.23932135023178033,2.302143152855993,432
1030,3304,0.18051071337842112,0.9935380292929225,0.704241175439794,0.22169602134643837,2476,0.15964104401808132,1.1065130477644751,0.4218650549265005,1.6693517683338113,459
1031,2476,0.15964104401808132,1.1065130477644751,0.4218650549265005,0.22169602134643837,3304,0.18051071337842112,0.9935380292929225,0.704241175439794,1.6693517683338113,447
1032,5352,0.16095666935529324,1.0616844975874424,0.5010265841139495,0.22162837931962903,1043,0.15961291814138545,1.018520222194259,0.492237498410343,1.0178553761791624,452
1033,13484,0.11441356227612977,0.47461513006451395,0.14431697477698524,0.2215517870122704,12887,0.10675993694791848,0.5211308593028852,0.01587234213836292,9.092355338546788,456
1034,13017,0.10962157216016964,0.9638802125016227,0.9075509661368703,0.22146067358884056,8177,0.10138855243954414,1.136935600191959,0.6690648329478277,1.3564469711228107,459
1035,12011,0.13647888958796658,0.6163807423238816,0.012841550850940237,0.2213242894445509,7946,0.137704659124815,0.5780617315438985,0.037574249303639416,2.9259899944941847,443
1036,10909,0.09602603669122564,0.8506074314873715,0.032036701499000036,0.22132154030417608,5734,0.09512758614781872,0.8291199031529495,0.01300901830281045,2.4626532727745394,445
1037,8228,0.1720241601480266,1.1656794285164191,0.017232596571821395,0.22125091845939598,7183,0.19101267927284626,1.1071864205891915,0.23490794625296824,13.631604806270916,434
1038,8092,0.0512789905847852,0.526167822145849,0.28593875305516653,0.2211723649539277,16541,0.056974186489914425,0.40585972997958886,0.4653537352842603,1.6274594832358347,403
1039,16541,0.056974186489914425,0.40585972997958886,0.4653537352842603,0.2211723649539277,8092,0.0512789905847852,0.526167822145849,0.28593875305516653,1.6274594832358347,402
1040,8033,0.14820926004098764,0.4010109025911796,0.027911771559150093,0.22110230223064326,12389,0.1490696381977561,0.41171523942387045,0.033922697606421776,1.2153545157294456,442
1041,14552,0.18538056496120564,0.5584425890947248,0.025669309778804664,0.22104231873070762,15023,0.18400351852236996,0.5579044437046188,0.014254476220229191,1.800789406935637,438
1042,5513,0.06445483360777358,0.41417334854463955,0.015911227650663082,0.22100410072245494,4851,0.06668287805236595,0.452572731402085,0.06573623231657814,4.131436854518178,458
1043,4851,0.06668287805236595,0.452572731402085,0.06573623231657814,0.22100410072245494,5513,0.06445483360777358,0.41417334854463955,0.015911227650663082,4.131436854518178,443
1044,10942,0.14323989983597796,0.7821415619817285,0.419049235422077,0.22098942300539484,19703,0.1178735830155339,0.949936955563215,0.012827300739025072,32.66854375271523,437
1045,13532,0.16904414043686444,0.9004831611342948,0.15007257395766863,0.22096834758671793,8448,0.1583887607711565,0.9232070875485078,0.015334841395201282,9.786379271234635,437
1046,8448,0.1583887607711565,0.9232070875485078,0.015334841395201282,0.22096834758671793,13532,0.16904414043686444,0.9004831611342948,0.15007257395766863,9.786379271234635,433
1047,1942,0.11699348188192335,0.4348109660005745,0.011735888518074748,0.22093545946894919,7994,0.12352512562451246,0.4248703964974556,0.09886938678268008,8.424533569010029,453
1048,13630,0.07207786594245587,1.169990669995386,0.6323166838738054,0.22071600358019836,12518,0.0790147938701712,1.0543971302907238,0.8654154144385823,1.3686423852312863,447
1049,12518,0.0790147938701712,1.0543971302907238,0.8654154144385823,0.22071600358019836,13630,0.07207786594245587,1.169990669995386,0.6323166838738054,1.3686423852312863,450
1050,1436,0.14956200609323417,0.4604969335199238,0.06742466279464976,0.22069225499035944,15372,0.14615189312617854,0.4948785933329293,0.0259576577358211,2.5974863942213453,446
1051,12460,0.15373236934288131,1.0810502950513148,0.8602330701191563,0.22044033875658864,15637,0.1423948462808054,1.1383550384492818,0.6709170356987557,1.2821750296193166,462
1052,15637,0.1423948462808054,1.1383550384492818,0.6709170356987557,0.22044033875658864,12460,0.15373236934288131,1.0810502950513148,0.8602330701191563,1.2821750296193166,456
1053,11562,0.15922452534960613,0.627116149224674,0.0353023950292539,0.22043769780504274,11352,0.1577517128785076,0.5998502329355778,0.02079154897973827,1.6979203936973,419
1054,3127,0.1850557475885079,1.1419658768990093,0.6262758282156017,0.2203851665655179,12413,0.18563326920118173,1.0852610748098934,0.6455486433722829,1.030773685153383,467
1055,9599,0.15767644921520862,0.44028936922190265,0.467191505988691,0.22036400262823885,13664,0.12329058057784345,0.6334280564753539,0.01623044780796693,28.784880831160052,433
1056,4868,0.10912590274278061,0.4981404220985656,0.09295261837508721,0.22035462309457676,8537,0.10621538505050501,0.5575504070840608,0.03964413384524679,2.344675223273467,436
1057,5699,0.18558542269789502,0.5338809070237767,0.29827525766653584,0.22029965239196533,3787,0.16538454920045254,0.6415805133062998,0.07600636573642146,3.9243457409989735,439
1058,3787,0.16538454920045254,0.6415805133062998,0.07600636573642146,0.22029965239196533,5699,0.18558542269789502,0.5338809070237767,0.29827525766653584,3.9243457409989735,432
1059,9476,0.17788201084149285,0.636779846756835,0.07362161609310781,0.2202324427624098,1524,0.17296027710727185,0.6825405698413168,0.010658243545786475,6.907481122648268,432
1060,1184,0.1567011834834987,0.8278005337586294,0.09103983382081415,0.22016733156568996,4688,0.16167769640693863,0.8297664887925584,0.14969840270777074,1.644317618180292,440
1061,15673,0.19962651506849016,0.6911688791358153,0.01982328346028046,0.22005401874163302,13228,0.19913536711703506,0.7057963652461728,0.01028968923363163,1.92651916012084,400
1062,3214,0.18798209995563653,0.5633000329782174,0.10034403632163359,0.21994246452477237,19138,0.17945112402739144,0.5692163675622333,0.012576729335514798,7.978547811971835,429
1063,7049,0.16341774917057295,0.47323555112269794,0.02523771825734823,0.21993310019604037,7599,0.16215699230876932,0.49638083799284705,0.010397616901237609,2.427259870898324,443
1064,19185,0.1336071674966361,1.0843779879079016,0.3204635601000273,0.21983171182948327,19349,0.11757057709578166,1.1976955263051456,0.048207775081546646,6.647549271003317,439
1065,19452,0.18513317555432407,0.5820117665039666,0.017304550833838854,0.21980104641808684,18616,0.1842894616510372,0.5614188346693456,0.010332926017939838,1.6746999643464986,434
1066,5157,0.15129700828864937,0.40620460977919337,0.03735841317262121,0.21978895577953683,18353,0.15304737976960148,0.42978263082590057,0.055291355380342445,1.4800241949479727,459
1067,18073,0.17728475983073316,0.5109764350201114,0.011122110764300513,0.21977037322919743,1964,0.1830636261035265,0.4779193681787799,0.0736908066607645,6.625613448959302,446
1068,1818,0.17596058917969587,0.5493233877787241,0.019692886173054754,0.21973536217363004,14746,0.18021926848382802,0.5612545708324389,0.06078362325642432,3.0865776972596795,436
1069,14746,0.18021926848382802,0.5612545708324389,0.06078362325642432,0.21973536217363004,1818,0.17596058917969587,0.5493233877787241,0.019692886173054754,3.0865776972596795,424
1070,19712,0.16509416036638602,0.4869552462570229,0.09324430166458644,0.21965709466693648,4673,0.1584481945391985,0.5456356193733424,0.014207006378091799,6.563261758534557,449
1071,8419,0.11478807258097184,0.4067327229576763,0.04107373498824867,0.21951570523242367,16747,0.11356146081830695,0.41021072319917823,0.0206844823770316,1.9857269928039214,453
1072,3976,0.10000232982583046,1.1819268337301128,0.3133746578812791,0.2194118862084556,12146,0.10651000221834545,1.1607924301775534,0.44399133940979163,1.416806778223899,447
1073,12146,0.10651000221834545,1.1607924301775534,0.44399133940979163,0.2194118862084556,3976,0.10000232982583046,1.1819268337301128,0.3133746578812791,1.416806778223899,455
1074,8668,0.1755148058264906,0.4075575377483193,0.015816757810802565,0.2193503866008679,8493,0.17755548593606002,0.42990653243342464,0.03120791420865781,1.9730917411748796,463
1075,8493,0.17755548593606002,0.42990653243342464,0.03120791420865781,0.2193503866008679,8668,0.1755148058264906,0.4075575377483193,0.015816757810802565,1.9730917411748796,446
1076,16183,0.10812852543369343,1.1605289671396517,0.5763600424424001,0.21927677173363874,7131,0.12393112753520223,1.029238452561319,0.921377308613344,1.5986141313837243,447
1077,19894,0.14834009205923832,1.0513130628523002,0.73841833884724,0.2192149601171448,17754,0.157149471685344,0.9113953869351247,0.9239979632096207,1.2513204434387326,461
1078,19895,0.08108517091410701,0.48335496275194445,0.014651281122857927,0.21912320924843015,909,0.08214497946879841,0.41854738938063263,0.044353444966629685,3.0272741745042673,443
1079,401,0.16956016367293708,0.5319681989788398,0.2910855228324716,0.21906720754626258,7936,0.16929314294459108,0.5669811238536415,0.2889566778487392,1.0073673500110172,436
1080,13698,0.07727055006414946,0.5524633160520154,0.040217600390561006,0.2190578760889303,7826,0.07847760698282177,0.5769952063983536,0.061722250201489894,1.5347074316242892,447
1081,461,0.14252142785666305,0.8649246198722211,0.033877435089823424,0.21886076736783772,18413,0.14873344249499576,0.8139602799043038,0.1233854040822826,3.6421117406065617,442
1082,4428,0.13142789178620734,1.0909162120716296,0.017760472954084748,0.21883097663133225,8520,0.1348898983092494,1.0866248238458127,0.06782427925938248,3.818832946325537,426
1083,5840,0.14419757808019332,1.0986608234741984,0.3596935665013275,0.21879076908387715,11225,0.12513802471754099,1.1863925020623052,0.06730032563045928,5.344603657289508,443
1084,8167,0.09192050962158471,1.164352205295009,0.5706658800772568,0.2187844127384279,294,0.10184751885153491,1.1118072941548225,0.8098224734675576,1.4190833931720672,451
1085,294,0.10184751885153491,1.1118072941548225,0.8098224734675576,0.2187844127384279,8167,0.09192050962158471,1.164352205295009,0.5706658800772568,1.4190833931720672,460
1086,3332,0.05153706953174673,0.4543989242124795,0.14746937247044847,0.21876980580066477,13777,0.05154420090969177,0.530655883938549,0.14254309989297664,1.0345598810547163,433
1087,13777,0.05154420090969177,0.530655883938549,0.14254309989297664,0.21876980580066477,3332,0.05153706953174673,0.4543989242124795,0.14746937247044847,1.0345598810547163,426
1088,1328,0.1438327824620681,0.7743866901855343,0.041943420999632976,0.21874635257533528,2850,0.15691631121103988,0.7202583066480024,0.2202945949830729,5.25218472248605,435
1089,14062,0.07277260224746228,1.1127617970184507,0.6008138220328,0.21868502266066744,7659,0.07669220509815866,0.9772633936027092,0.7440697748013181,1.2384365131345088,441
1090,10375,0.18760792939714444,0.5241300673442157,0.07568975385886999,0.2186250341740527,5101,0.1863570005404881,0.514120668734586,0.06282420729191589,1.2047864528902639,429
1091,46,0.1481587360387447,0.4511388359281601,0.024845454692422206,0.21853491550240467,7377,0.14719867588780083,0.4724302831247039,0.013034331539179541,1.9061548816477418,437
1092,16367,0.15768538970454304,1.1609476128477185,0.27856784623841024,0.21852445390914094,6407,0.1520414594669449,1.194404566673731,0.19945196603605914,1.3966663341290286,446
1093,17173,0.1610789823187539,0.7838945665007457,0.10233638191933944,0.21847561775076543,10862,0.1705841337078681,0.7695019986293421,0.21603783524817277,2.111056021293109,450
1094,13309,0.12842766414291334,0.41938199676755905,0.03564821673142439,0.21838423871095683,10385,0.1266398876885797,0.4151248148010707,0.010775332477178825,3.3083171036182946,451
1095,2203,0.14916745249144883,0.4023984156250608,0.010338272624802611,0.2183739319067603,6895,0.1518984324036758,0.40494690216010765,0.04111605832632277,3.977072361941877,459
1096,8628,0.10040649680433195,0.5703243140318318,0.0556674626128304,0.21832260974279621,10874,0.10270184109986874,0.584983711434306,0.09255210213752707,1.6625888408320482,441
1097,9101,0.18317032837910746,0.7286411344096195,0.9561229021098812,0.2182161650489957,3370,0.14725071421121905,1.045972263660147,0.38245649329556564,2.4999520700279527,435
1098,9329,0.1054871051542637,0.5907956606280744,0.013915323519848056,0.21818885439334668,4699,0.12991648507960357,0.4124577174505511,0.3773870928279643,27.120252884503905,437
1099,14648,0.18510596327762235,1.0160669185634832,0.5793057796141978,0.21816591764135357,19395,0.17566829495174985,1.1319264274692906,0.4477789283653409,1.293731667385529,436
1100,19395,0.17566829495174985,1.1319264274692906,0.4477789283653409,0.21816591764135357,14648,0.18510596327762235,1.0160669185634832,0.5793057796141978,1.293731667385529,444
1101,10785,0.05181201081713984,1.182858715353598,0.4688669959837415,0.21798306494289466,18255,0.05107270411583237,1.145079426349478,0.43954459900851306,1.066710857194859,385
1102,18574,0.1847419093488123,0.9631333927342501,0.024780433421016615,0.2179300544635283,17383,0.18455207442414734,0.9817020504487771,0.01722960998244842,1.438246915992882,427
1103,3072,0.19973511859843984,1.0950627654389584,0.632577000979394,0.21790375179615942,8357,0.19115014919651802,1.1331501352275262,0.5344678280687765,1.1835642254934615,465
1104,1199,0.18802619113386593,0.9819152462163332,0.9870788729390536,0.21785628537869778,7892,0.1652879081913107,1.1411718635899366,0.6364938219912116,1.5508066831679046,472
1105,7892,0.1652879081913107,1.1411718635899366,0.6364938219912116,0.21785628537869778,1199,0.18802619113386593,0.9819152462163332,0.9870788729390536,1.5508066831679046,465
1106,4107,0.1730764217886896,0.6366916253213654,0.07242518875964636,0.21785502449216113,10024,0.1683072534094896,0.6352660833906248,0.01727697612199218,4.192006069132376,435
1107,7300,0.10421231176028327,0.5623698649195307,0.029096285538916297,0.21777003293354724,3436,0.10371959563850564,0.6090711974855572,0.011156993878371662,2.6078965226754103,445
1108,15877,0.09727842389728941,0.8243017604099301,0.0501439681390083,0.21774673513323298,9965,0.0958193942200144,0.8808795711621491,0.012810167916674508,3.914388044339201,428
1109,6414,0.13095484556906037,0.5512058699776318,0.3728556518688414,0.21768323188371405,18690,0.11289531696232404,0.6847971840171796,0.08040228753441303,4.637376165563141,435
1110,9359,0.16371959828466404,0.9573435664865526,0.774786745446257,0.21767233807273573,8223,0.15376972301752262,0.9909880596303987,0.6218516198590383,1.2459350763159325,454
1111,7335,0.19855210142654556,1.0343365295592517,0.011969400014201053,0.21764271927443493,8343,0.1978960936077856,1.0027845016840748,0.01071057654364425,1.117530878513146,430
1112,8998,0.16253573138378108,1.0774249149303645,0.040456303081306766,0.21762530632516291,1975,0.15993487684508545,1.050780480057357,0.011417644141852108,3.543314415713097,429
1113,17866,0.18751904434352612,0.5802728428498809,0.09436884773612378,0.21758176921251243,1315,0.18043613178980833,0.6404499989041992,0.012750308315200456,7.401299278670827,428
1114,1315,0.18043613178980833,0.6404499989041992,0.012750308315200456,0.21758176921251243,17866,0.18751904434352612,0.5802728428498809,0.09436884773612378,7.401299278670827,422
1115,12493,0.19618552782515347,0.49369558327782415,0.10597637510196303,0.21754849873186308,10012,0.19386788862779958,0.5197364032978533,0.0812259446241711,1.304710897390127,433
1116,17373,0.16314671951900045,1.160109414815556,0.10540257258769911,0.21754032047844082,15813,0.19958967628661128,0.9793702677280114,0.5377859382873106,5.102208846371861,434
1117,15840,0.1950591114818574,1.0008712712813141,0.02363779906691413,0.2174818073226126,11008,0.19695111868062032,0.9868109437132332,0.043063494616917566,1.8218064420893405,425
1118,11008,0.19695111868062032,0.9868109437132332,0.043063494616917566,0.2174818073226126,15840,0.1950591114818574,1.0008712712813141,0.02363779906691413,1.8218064420893405,432
1119,1152,0.1489309884629596,0.4657852385949014,0.09122948514668727,0.21748140161940724,3826,0.15284397825858323,0.4153238870353068,0.13388086195935192,1.4675174560514705,432
1120,5372,0.1377765407838874,1.1686287785786407,0.09623138127970411,0.21732332847582242,4000,0.14617830773962895,1.0745588881731833,0.22558294022597358,2.344172319113855,426
1121,19166,0.1594797962713641,1.1921176777898697,0.5120450955312011,0.21730321636536534,9071,0.16582023183015193,1.1189897875194186,0.6054867052194959,1.1824870709704922,467
1122,12714,0.19251551561571234,0.5615547698791028,0.681814079587063,0.21723653513214763,6351,0.1772189388797567,0.6242139127976905,0.49188544482535534,1.3861237138845246,437
1123,11552,0.13384127961054132,0.8252275665438131,0.2967227415171257,0.2168116245936545,12923,0.11769975609497052,0.9021470104511536,0.035435452091692306,8.373612413617014,437
1124,6637,0.10584115296321803,0.6109347540909613,0.011730988011989454,0.21670613763266586,19164,0.10670813291408439,0.5571864488781841,0.035372329788626575,3.0152899101486503,441
1125,19188,0.09616362160945488,0.5624394820503522,0.026369715848637138,0.21666741345367857,14125,0.10061544971628215,0.5540381971074666,0.11339314585277917,4.300127711032565,432
1126,6421,0.11682613318889142,1.1179879442027656,0.3726274575870963,0.21664732201532058,2328,0.11037113680599445,1.1324656938292124,0.25678716385624833,1.4511140354184384,453
1127,743,0.11915961025933268,0.9227455215991851,0.06826041652776292,0.21658287300844173,9004,0.1496701094744684,0.740219023833401,0.5498113087595247,8.054614031484924,432
1128,18376,0.10300543452616799,0.538071868613178,0.0626921721956765,0.21655354019147768,8547,0.10012278475025398,0.5593200648939186,0.011214264109429483,5.590395551943703,435
1129,1872,0.06023262907328647,0.4194594753650111,0.5494901287267373,0.2165397929496811,14598,0.05020828152108293,0.5904137014634514,0.2253285026446425,2.438617939042175,407
1130,11853,0.07944158673222826,0.4979773846648766,0.1491677789069304,0.21649862003951387,2942,0.07487510433563001,0.4766234236586876,0.048993506712721,3.0446438500839026,442
1131,5167,0.1382319914039295,1.1904116875589992,0.5459567089050027,0.2164895783719586,9085,0.1370390676550139,1.1427019356728696,0.5368140135356798,1.0170314021966478,455
1132,18842,0.18519398446149604,0.4846867641825673,0.11215781354864163,0.21646643278064304,10386,0.17948823161861904,0.5285312681335832,0.051623593216547636,2.1726076501139424,438
1133,11166,0.14206807039587693,1.0967904288050567,0.16249956961997825,0.2164566136095685,6075,0.14833467984932455,1.031563712261731,0.25990054132577556,1.599392182598264,427
1134,739,0.13845821738809133,1.1198782943546572,0.5095980011313008,0.2163394339184526,8733,0.14654978274666286,1.070094956710268,0.6439836229111892,1.2637090833981963,439
1135,5029,0.12947759571195683,1.1334870063079938,0.7325298250707221,0.2163292007492592,15106,0.14253196747916236,1.0554952188795745,0.9877537739140909,1.3484144127766104,451
1136,15106,0.14253196747916236,1.0554952188795745,0.9877537739140909,0.2163292007492592,5029,0.12947759571195683,1.1334870063079938,0.7325298250707221,1.3484144127766104,463
1137,10923,0.19310878450808855,0.6483329523358253,0.09140930742090066,0.21632460907916595,16568,0.1872108913066181,0.7041964251753209,0.022769096706941664,4.014621598626374,434
1138,17164,0.13849142852734925,1.129310889770009,0.5535428184116057,0.216314862817803,5453,0.15361874142952098,0.9313288722525397,0.8397300125550082,1.517010039014901,440
1139,15410,0.10871072989150646,0.4706451980588637,0.094579444565482,0.21627342014602893,16351,0.11455995755747835,0.4004586266526158,0.17634596568285482,1.8645273980305717,443
1140,14990,0.19202101702047147,1.1339144937386412,0.0420536121849912,0.21617997135172523,1518,0.1909910752928639,1.1665518709830227,0.027296626251925044,1.5406157448496203,439
1141,10201,0.1594272673334014,1.0717533791129008,0.04794116914831569,0.2160815491649881,4576,0.16752994492011994,1.0590764718672885,0.15029299867492676,3.1349464634449156,432
1142,16232,0.1831379258531734,0.5808575201641166,0.13186580741482992,0.21604601439760476,18671,0.17848043588849105,0.5712297597126221,0.08700411413373475,1.5156272634663905,433
1143,5479,0.14937536864247603,0.840632832369425,0.010526243139140214,0.21603786338038938,14915,0.18084479267793013,0.6477890024551699,0.40484561524428103,38.46059889486354,444
1144,16641,0.16533882297115798,0.6993466063483991,0.014067057600732475,0.21587202965420615,9336,0.1682138031349073,0.7130716848198434,0.04742951274866488,3.371672605235882,439
1145,9742,0.17963426878080324,0.9527916860062965,0.5125160155508691,0.2158599543270867,7731,0.1428615064005414,1.163646150702725,0.025071259951255667,20.442371725526314,431
1146,7357,0.15971325378484938,0.9895925160675116,0.808781981386733,0.21557923802324025,2492,0.14152385559228503,1.195658951018384,0.4977022595472484,1.625031765221377,460
1147,2492,0.14152385559228503,1.195658951018384,0.4977022595472484,0.21557923802324025,7357,0.15971325378484938,0.9895925160675116,0.808781981386733,1.625031765221377,463
1148,6157,0.12309280410183895,0.7747245625600372,0.10283892342095921,0.21550296787882164,2655,0.12386459722726223,0.8082806855963838,0.108021895459732,1.0503989332672892,443
1149,14363,0.1871988013696479,0.7595405779459732,0.07028490956423404,0.2154507925772895,5809,0.18312236301293777,0.7908504239542924,0.019301735329497215,3.641377749948915,438
1150,9841,0.11425760050552905,1.1672229197140236,0.22165453658680848,0.2154455841362585,214,0.10720659948615946,1.1683684894610316,0.09850334226717751,2.250223510036841,441
1151,998,0.10124598084769815,0.62970491353195,0.13332759617865247,0.21542875514510587,15147,0.1108368974828986,0.5446124482906338,0.309180440040383,2.31895308174683,433
1152,8864,0.12556600974166965,0.5066747111854653,0.06990192123039432,0.2153036699142392,12804,0.12218137164420947,0.5323651316939034,0.020604193975733986,3.392606442781472,428
1153,1008,0.161763499490863,0.8144015205245936,0.07449953009734026,0.21526447383427239,18809,0.15912071256206595,0.7929544343068493,0.04425382664428469,1.6834596179935493,442
1154,7719,0.18551829541078502,0.5218598319587205,0.021960810891568577,0.21507798969408914,7896,0.18870556721760173,0.5202635287148965,0.0507329357840398,2.3101576728898348,439
1155,4141,0.18684718251075194,0.8912245303618505,0.015773024903658082,0.21503606891261487,10973,0.1926102689175151,0.9010737707168797,0.07536774382947524,4.778268232620107,438
1156,647,0.17737352866839723,0.8810024537798686,0.843229706381166,0.2150072007267073,3153,0.13256198340990172,1.185931690568934,0.1679460022362125,5.020838216769109,442
1157,3153,0.13256198340990172,1.185931690568934,0.1679460022362125,0.2150072007267073,647,0.17737352866839723,0.8810024537798686,0.843229706381166,5.020838216769109,442
1158,859,0.14906392614455605,0.6795975033523606,0.15516054912966143,0.21496278447541228,10718,0.19820518876036708,0.44547243583137586,0.7404665747299979,4.772260596417584,430
1159,13241,0.19491093399945375,0.8072979213322415,0.7374079779316528,0.2149213033843468,9172,0.1879584462415747,0.8941644914138214,0.6365657255825283,1.1584160885458334,431
1160,6159,0.16684619074099405,0.4617593824131209,0.07790443233484008,0.21488757519711557,12523,0.16259417269574516,0.45996381105717016,0.03229054884208268,2.4126078722239335,447
1161,8357,0.19115014919651802,1.1331501352275262,0.5344678280687765,0.21480785201756908,9529,0.1892557893325496,1.1003459377774798,0.519743700920205,1.028329592301941,462
1162,14319,0.19687875451757458,0.806361173032617,0.051445441706841136,0.21478459803646352,9810,0.19471891482890308,0.8464644921563619,0.02348169151349928,2.1908746087250957,416
1163,19196,0.07874920386209643,0.7057596762968841,0.014231846923165314,0.21474502142757426,16606,0.08888084368662688,0.6644122882572502,0.2522479413100023,17.724188762838356,445
1164,5670,0.18041798386957764,0.4274866629002951,0.032138610222519154,0.214659396641719,12334,0.1848419734329354,0.4435889022037384,0.07041095331442167,2.190852461475933,439
1165,10152,0.19908571573445338,0.6925441573367676,0.18471331971714847,0.2145718676593435,6417,0.19221953183112755,0.6891150968252143,0.11870913443489275,1.556016060570776,434
1166,7109,0.11497586064379009,0.8495374598241674,0.04096677244977654,0.2145542398264344,18096,0.11598276315851765,0.8907391191223586,0.052103681474012974,1.2718522441056295,438
1167,2000,0.13119812990218727,1.078863298195304,0.010391192358906514,0.21454439801643893,8520,0.1348898983092494,1.0866248238458127,0.06782427925938248,6.527093033866207,427
1168,4548,0.09735441352350171,0.45485760339342785,0.04737615119459705,0.21450934395777657,6558,0.09625781799241902,0.4950296635120186,0.02556286765985659,1.8533191121196313,451
1169,1836,0.1626193809810363,1.0043655613271705,0.012565131147179746,0.21450625895966055,18702,0.1631427863037062,1.0023947480487905,0.022322763000376045,1.7765642665326584,431
1170,18702,0.1631427863037062,1.0023947480487905,0.022322763000376045,0.21450625895966055,1836,0.1626193809810363,1.0043655613271705,0.012565131147179746,1.7765642665326584,435
1171,12827,0.17078582225551808,0.7408260894595811,0.014949020462209176,0.21449148324846715,10723,0.1906603854612997,0.6393774648822538,0.24093493176336486,16.11710495496635,438
1172,16540,0.1932959202153614,0.7112186085688912,0.51194955145811,0.21448729806868394,4581,0.1655754662643122,0.905014813274453,0.17586801889542744,2.910987197521793,432
1173,4581,0.1655754662643122,0.905014813274453,0.17586801889542744,0.21448729806868394,16540,0.1932959202153614,0.7112186085688912,0.51194955145811,2.910987197521793,431
1174,10985,0.12760192708499302,0.60337590279544,0.05819422156676556,0.21447419468344803,17758,0.12634778802271845,0.6357325450343719,0.03725765757561928,1.5619398897703858,446
1175,5718,0.16141716207075574,1.1776200285931901,0.5271318467744603,0.214378742271285,8730,0.18099725400817418,0.9987332443316665,0.8209149552412783,1.5573237706362988,451
1176,8730,0.18099725400817418,0.9987332443316665,0.8209149552412783,0.214378742271285,5718,0.16141716207075574,1.1776200285931901,0.5271318467744603,1.5573237706362988,456
1177,10399,0.18371260052942445,0.6679521119260704,0.6200732741887008,0.21436739777311378,11713,0.14094868138326955,0.9367527825091561,0.04436961229472283,13.975179004718285,442
1178,7197,0.15913772078099647,1.1243908822888424,0.11721180379078337,0.21433252069826725,13654,0.1536026147118379,1.1876659374439433,0.03466361173473588,3.3814077046485953,439
1179,9130,0.16465511536461142,1.0784280494064111,0.17867663048931973,0.21432631187430684,8646,0.1852293973339913,0.9143061202604388,0.43653235294035564,2.4431418465015717,428
1180,13279,0.13725515926492343,1.1542474816094472,0.2013314155914673,0.21415863939758675,17316,0.17261857861798305,0.9054490365261463,0.7180764308661077,3.5666387620459408,439
1181,11495,0.179173146058777,0.5298280377023667,0.09059418231728074,0.21406404641510324,14352,0.17198491238283448,0.5250526884306188,0.017627657422231182,5.139320565818778,437
1182,14352,0.17198491238283448,0.5250526884306188,0.017627657422231182,0.21406404641510324,11495,0.179173146058777,0.5298280377023667,0.09059418231728074,5.139320565818778,433
1183,16082,0.1251489394861633,0.4878292593180773,0.018784630545705096,0.2140319890604538,12753,0.12498917346657697,0.5294146711108888,0.01053906124650507,1.7823817611776755,453
1184,14999,0.12729686295267034,0.49335608347025606,0.5677068610641346,0.21402099606142622,5543,0.1306308610037329,0.4449003163120363,0.6092398332266379,1.0731591865644394,436
1185,5543,0.1306308610037329,0.4449003163120363,0.6092398332266379,0.21402099606142622,14999,0.12729686295267034,0.49335608347025606,0.5677068610641346,1.0731591865644394,434
1186,2461,0.18076936199296684,0.4064211850688771,0.029728036231188793,0.21400655938322066,15272,0.17972542266608887,0.43595855674606176,0.01799293447167272,1.6522061077914387,450
1187,15272,0.17972542266608887,0.43595855674606176,0.01799293447167272,0.21400655938322066,2461,0.18076936199296684,0.4064211850688771,0.029728036231188793,1.6522061077914387,449
1188,18240,0.14246469433580367,1.11333866945166,0.3479504598089736,0.21400496089813745,17660,0.14980420700965502,1.0821987021649901,0.45018921694608505,1.2938313609162666,428
1189,14137,0.12623562149320175,0.4315805169672319,0.02154781490775155,0.21392275487037415,2664,0.1300373811508751,0.42361625920027407,0.06818424265998312,3.164322830499844,445
1190,2664,0.1300373811508751,0.42361625920027407,0.06818424265998312,0.21392275487037415,14137,0.12623562149320175,0.4315805169672319,0.02154781490775155,3.164322830499844,442
1191,2908,0.1965383562364046,1.0790738024363247,0.034821533420895764,0.21391762433690847,13506,0.19889218842719242,1.0730268915724337,0.057354289935893685,1.6470925976360486,426
1192,5665,0.19472443334474232,1.0063206918217555,0.5635209409044196,0.21383114526947566,13177,0.16797137847116375,1.141774589799415,0.24485234790682295,2.3014724821787866,448
1193,5678,0.1481165096271524,0.7262037947474447,0.44430191322580503,0.21382475747678678,8959,0.12073019455665773,0.8844476034319508,0.022000268754985623,20.19529480180186,437
1194,11777,0.16125342673912127,1.1876339596620435,0.058386491630277475,0.21368245771043923,11855,0.1739643799971665,1.1329472910271456,0.21346607967040354,3.6560867712713616,440
1195,10659,0.11004996985840626,1.0296429234358686,0.592848638153361,0.21365381871523254,5981,0.10159083530486551,1.1161706100954598,0.4157487254969991,1.4259782455006953,441
1196,4635,0.09456914497074617,1.1694318595587103,0.6168877954420953,0.21363280083521227,7042,0.10822406978479784,1.0527797879582699,0.9618829665537689,1.5592510885459023,450
1197,7042,0.10822406978479784,1.0527797879582699,0.9618829665537689,0.21363280083521227,4635,0.09456914497074617,1.1694318595587103,0.6168877954420953,1.5592510885459023,462
1198,17740,0.15684218710097925,0.5405611349784524,0.018781781239479958,0.2135796834672795,1228,0.16016110081261137,0.5530636398708176,0.053797369784380246,2.8643380038574993,426
1199,18498,0.1948278230878362,0.5600001714328863,0.2180799773503469,0.21357218293051952,8189,0.17564207003475424,0.6526911806332609,0.012847361804147682,16.97468948682844,441
1200,4789,0.08319288092558437,0.8316947664487582,0.855011442660072,0.21356375241175993,19358,0.05794340910558977,1.1753782047270431,0.024487753483223792,34.91587920655229,435
1201,2169,0.09400776654643488,1.0767596740990757,0.49109095888587545,0.21352865025654427,15515,0.08626376209176156,1.1689475341773026,0.2990763095694226,1.64202560742071,454
1202,1251,0.19639628364872752,0.41664858104597513,0.012638050510542741,0.21349863554760182,6917,0.1993374700362276,0.41224188745235446,0.03528350349904242,2.791847007543505,397
1203,9368,0.18198676345526843,0.4888711499986916,0.21748296521136729,0.21347059134459623,10766,0.16803622121677292,0.5422305810950642,0.07202889364403245,3.019385057976461,439
1204,13294,0.1602881264424082,0.6215930618123099,0.06681622850791545,0.21341751150422417,13226,0.17433740410254334,0.5369516709392712,0.22964319765670935,3.4369374444638767,424
1205,5869,0.18571869267925661,1.1758209390965577,0.3095024183429361,0.21338254726987815,12403,0.19715146938716993,1.0666204491156037,0.4458980403167809,1.4406932349805264,448
1206,14910,0.13867162364890884,1.1438130169527363,0.5537032428606915,0.21330065187167319,7437,0.135774268220317,1.1814829617705933,0.5064023309486166,1.0934057942100475,445
1207,8387,0.19296095758047732,1.1639233176144974,0.0132457876076825,0.21329475522590563,15743,0.19435386835361507,1.1719939326142217,0.028916128432111873,2.1830433409139554,447
1208,4291,0.06364052181919849,0.5441777087309605,0.11727677171900845,0.21329370914797782,15332,0.060158764341582315,0.5097257203514581,0.020464157784395996,5.730837934040582,440
1209,6838,0.17811117038363194,0.9450674735326209,0.0862920249284536,0.21326740685638818,15132,0.18350332311046808,0.9517454469468318,0.142730841509584,1.6540444105689365,419
1210,17959,0.16038609161991163,0.598450183395826,0.03888134331372099,0.21326440986600376,121,0.1733218604217136,0.5737913254897605,0.18500737291899919,4.7582556864415535,427
1211,14233,0.17928194017816257,0.7943774267330868,0.05947980869725966,0.21324453955157532,2620,0.18312501540691978,0.7851802907032726,0.10494405500176433,1.764364366669513,440
1212,8753,0.1554028677578167,0.824542349213659,0.14656848320131127,0.213222228718092,13816,0.14674539542951193,0.8712794687081848,0.02303635640181161,6.362485483589103,439
1213,17998,0.07372854474229736,1.1414017080265602,0.6158955780116554,0.21321845111356016,7659,0.07669220509815866,0.9772633936027092,0.7440697748013181,1.208110272854138,450
1214,18031,0.1572237938146718,1.0102672561805883,0.060991042049491094,0.21321236366738375,14758,0.15411438832582675,1.0239740192838354,0.021245713289063616,2.870745793264878,442
1215,1506,0.1721064953330521,0.684262779156807,0.0267674695807415,0.21312475829957536,2624,0.1738952220117691,0.7011163489753203,0.046026616785567964,1.7194982382153494,438
1216,2911,0.1151899321411122,0.4674144540988796,0.030698273772503722,0.21307696050711358,2612,0.11435987219661749,0.5023618021677653,0.015403442959527695,1.9929488396303967,445
1217,5428,0.19849646724463849,1.1922987696218994,0.05500095344187194,0.21307390512344745,159,0.1997716669857702,1.1858133182213093,0.07135622533921887,1.297363425065569,442
1218,3588,0.13816554738860415,0.42637159882587494,0.013691014463395173,0.21301554542602816,17497,0.13868383286643426,0.43083542864999913,0.021797109274656102,1.5920740813570609,444
1219,9210,0.08227863422944555,0.7685147686929416,0.010363784625863888,0.21299571485339697,15099,0.10403449546305231,0.5981136498779405,0.4814835941178436,46.45827865973323,433
1220,7647,0.09870095659308867,1.135307634936055,0.8414457480667601,0.2129687484764027,4715,0.09930355092112353,1.0391985618186237,0.8907404609473399,1.058583352514212,458
1221,7414,0.137830592506891,0.45083705595395046,0.07017005743424523,0.21291687738225562,7817,0.15170466258521864,0.4105057673604756,0.22652146453899483,3.228178411443698,452
1222,4158,0.12063459361809949,1.025712193234377,0.9000617040298188,0.21290542816958258,18082,0.10964900901626418,1.090809138585059,0.6567977562790362,1.3703787740216236,461
1223,18082,0.10964900901626418,1.090809138585059,0.6567977562790362,0.21290542816958258,4158,0.12063459361809949,1.025712193234377,0.9000617040298188,1.3703787740216236,454
1224,17374,0.17980066793377425,0.7264116466595962,0.08846851598859574,0.21284682616325828,9463,0.1920033335648723,0.6407335725855635,0.22243940505267498,2.5143340833404406,439
1225,9463,0.1920033335648723,0.6407335725855635,0.22243940505267498,0.21284682616325828,17374,0.17980066793377425,0.7264116466595962,0.08846851598859574,2.5143340833404406,443
1226,4247,0.08534887991379553,0.4272173107138681,0.02237935006176218,0.21283575321202647,12798,0.08753368163850868,0.43688674010768036,0.0663045660804235,2.9627565544771044,443
1227,11061,0.16427117449703754,0.5144345052234324,0.04844069968423669,0.2128302732377814,13036,0.16144415547021,0.49236831117922836,0.020086895192381132,2.411557347230548,442
1228,13036,0.16144415547021,0.49236831117922836,0.020086895192381132,0.2128302732377814,11061,0.16427117449703754,0.5144345052234324,0.04844069968423669,2.411557347230548,442
1229,11420,0.19067783695491397,0.973044211340906,0.022251809674318005,0.21282475406631116,12724,0.19470836291350035,0.9329821888089179,0.06923779483729026,3.11155792947489,423
1230,12795,0.14241679130150361,0.47695377999075106,0.01903626915877716,0.21281177458128242,3961,0.14409636716942997,0.4718547725386208,0.04260421283475869,2.2380547616450843,438
1231,9518,0.170068667362472,0.7092827267963446,0.06625532316647183,0.21271759808435006,1781,0.18898754553915365,0.6134687895216233,0.27371806496796686,4.1312614879294784,432
1232,12452,0.06909346899327608,0.5032218095909247,0.28209920363307417,0.21270576688637996,18080,0.05999624503175739,0.6510009784965155,0.016049672178066132,17.576633373147505,439
1233,4502,0.15656549356731608,0.9146939686931732,0.3949172761423339,0.2126740808643794,10408,0.1308496699386532,1.058958309895365,0.02028988000217046,19.46375612374684,433
1234,8473,0.162797247168819,1.1773484113177766,0.02340591969973586,0.21262138771975506,9987,0.18808904132644833,1.0238926806453343,0.3301218723623565,14.104204261030683,444
1235,13759,0.13749887324424126,1.1946338349022039,0.4770269589936312,0.21255086265477888,13711,0.1385624976351221,1.1470459253440093,0.5052823000123317,1.0592321680902688,449
1236,10738,0.11829257687914861,0.8170287539014589,0.012768572422470743,0.2125480686260586,2655,0.12386459722726223,0.8082806855963838,0.108021895459732,8.459982203619719,444
1237,3888,0.17941678470625083,1.116070397646976,0.02083158370163311,0.21254204045511538,19838,0.18355152980851908,1.1276334498487302,0.06653810867295751,3.1940974640224398,429
1238,7803,0.12721080066822305,0.49549333120002453,0.06477158166229348,0.21252707567201215,9906,0.12906201857384997,0.44755481305097294,0.09330665594544366,1.4405492895314267,450
1239,5549,0.12677624309399824,0.8204918225187954,0.013145305337119188,0.2125160500892808,16166,0.14956555514839334,0.6448402493398271,0.3531758297054095,26.867069318513714,450
1240,2894,0.05624888206780956,0.8121141211680627,0.9824641895077362,0.21239711149300441,18450,0.05460558265309941,0.7382438679201019,0.9263176164161173,1.0606126582249915,383
1241,8863,0.15265452746062552,0.6864949421675722,0.07751875595574519,0.21229059831010738,16220,0.1515309260727596,0.7250488026669099,0.05597323558693191,1.3849254048455173,443
1242,16220,0.1515309260727596,0.7250488026669099,0.05597323558693191,0.21229059831010738,8863,0.15265452746062552,0.6864949421675722,0.07751875595574519,1.3849254048455173,444
1243,11344,0.1917492733726337,0.5779110086781123,0.012101571808506916,0.21226941394180657,8178,0.19367456257411186,0.5415609283985788,0.0355501241046928,2.9376451809096813,403
1244,8178,0.19367456257411186,0.5415609283985788,0.0355501241046928,0.21226941394180657,11344,0.1917492733726337,0.5779110086781123,0.012101571808506916,2.9376451809096813,400
1245,5032,0.1724778414370058,0.7252972567806453,0.017547763804014644,0.21221135485956935,3244,0.1724012451183524,0.7527566680365674,0.010413854307780475,1.6850402632293626,433
1246,1930,0.1346270673167716,0.6124594753292273,0.0412519187436643,0.2121653674367233,16219,0.14507534374052933,0.5418594701803088,0.18785400976796768,4.553824779285432,433
1247,7694,0.13319866013239623,0.7954108770069168,0.01048466622302387,0.2121166666422417,15798,0.13446942373671453,0.8299129401372032,0.023928607663453793,2.28224791848,435
1248,16328,0.0929112909840242,1.0383332749543221,0.623217496831244,0.212066212735702,7689,0.0975877821953111,0.9410335020682885,0.7643031446822575,1.2263826811159264,442
1249,1947,0.1940472020798235,0.7774132616302969,0.04942863135468142,0.21206369741240452,16086,0.19127840895097376,0.818159313403011,0.01500518753312802,3.294102872460228,425
1250,10670,0.1977351131112995,0.45144964273820165,0.10073864698450238,0.21201994295152216,2604,0.18822369966870228,0.4978624077588929,0.013252223340972674,7.601641203332487,424
1251,9124,0.1872226765571196,0.5302397726015533,0.5754390177955154,0.21200652196859615,15754,0.14238624199225253,0.8077203689048966,0.011894767672724522,48.37749114806459,448
1252,4440,0.09300042448771137,1.1243090014702801,0.470730402261172,0.21200565876792796,16605,0.09175430775516503,1.1852051158303345,0.4361972248527537,1.0791687233225191,451
1253,16605,0.09175430775516503,1.1852051158303345,0.4361972248527537,0.21200565876792796,4440,0.09300042448771137,1.1243090014702801,0.470730402261172,1.0791687233225191,458
1254,17848,0.1993480527611105,0.7741455488914915,0.030366425987813833,0.2119946037226752,6689,0.1978593800463696,0.7518867250024854,0.01805689479033563,1.6817080866011624,404
1255,13699,0.08195195765522117,1.1395419686098212,0.5819374076339451,0.21198467531978296,1417,0.09312648610725063,1.0180277797149095,0.9020873104701843,1.5501449101509255,450
1256,9297,0.18615970790365421,0.6869977312586342,0.01151114930578711,0.21196094532860624,6085,0.18693948818124895,0.6559239337989623,0.023618106656446623,2.0517592143968515,434
1257,6085,0.18693948818124895,0.6559239337989623,0.023618106656446623,0.21196094532860624,9297,0.18615970790365421,0.6869977312586342,0.01151114930578711,2.0517592143968515,432
1258,4578,0.13709449042085722,0.5247993816566597,0.0302096235277837,0.21183251939164918,13749,0.13582563504934267,0.5130591676976985,0.017513471877328417,1.7249363084249867,447
1259,13413,0.11071733753660677,0.9558730383513948,0.7993360757413235,0.21182863323315806,2864,0.09461286764071367,1.117813872561237,0.4258026775102229,1.8772453015449453,451
1260,6001,0.19608477487394071,1.0056603539676447,0.024395864903728113,0.21182758163236334,19207,0.19952840860228654,0.9867494182113582,0.06028082152286669,2.4709442260296637,432
1261,8220,0.13700339279708793,0.5718012974487074,0.0224830437897402,0.21178336902927877,13081,0.13733646853127904,0.608379387088865,0.02185559007035634,1.028709072478208,445
1262,6670,0.10566433137567652,0.5180666930892336,0.43872572014233335,0.2117706446759129,7848,0.09369342660458727,0.6280080317038512,0.21266484261543,2.0629913000509346,420
1263,71,0.05012215347947492,0.4368538769675725,0.014133054124965112,0.2117502577267132,0,0.05,0.4,0.01,1.4133054124965112,448
1264,10107,0.17634343726695745,1.0308638083438553,0.4356130418618621,0.21163878981529893,6108,0.16290611623024898,1.0885172200681956,0.26730209989013354,1.6296656181934512,439
1265,7468,0.1938593602957544,0.9451492107272803,0.21743027808523085,0.211556654337475,15219,0.18673722058301395,0.9477137481978873,0.14523171315128286,1.4971267181758108,425
1266,14287,0.18880242020480226,0.8008167638527532,0.3510720350913022,0.21151823609098958,6353,0.16153571495015845,0.9787836366526724,0.01822627772557166,19.261861383728636,436
1267,6876,0.1121451671952981,0.4478354919306154,0.01615988853429954,0.21142649084301943,19180,0.11192198520976462,0.4145704279936782,0.015398466997526518,1.0494478792528716,463
1268,19180,0.11192198520976462,0.4145704279936782,0.015398466997526518,0.21142649084301943,6876,0.1121451671952981,0.4478354919306154,0.01615988853429954,1.0494478792528716,466
1269,8376,0.1302645340831586,0.9784628462587409,0.05887186713367964,0.211391617466674,9335,0.13016915982840266,1.0239475760740562,0.050314873713385506,1.1700688641104087,433
1270,17989,0.12394730141812614,0.5883478332269756,0.010312771916114242,0.21135059042384102,5847,0.13844169114623733,0.4726615955213113,0.21659046355256162,21.002157840233796,444
1271,14214,0.16546687098511131,0.4036966699694065,0.011418891324931797,0.21131901364028705,8685,0.16660098794009742,0.43169998676334825,0.01932993801939696,1.692803396525224,458
1272,18347,0.14715237721242408,1.1775768590124511,0.012461758117304003,0.21130297837555023,4068,0.17063902687076504,1.0742917761166533,0.3185815351315883,25.564734296135637,427
1273,13711,0.1385624976351221,1.1470459253440093,0.5052823000123317,0.21127258701006127,8733,0.14654978274666286,1.070094956710268,0.6439836229111892,1.2745026352505766,442
1274,8733,0.14654978274666286,1.070094956710268,0.6439836229111892,0.21127258701006127,13711,0.1385624976351221,1.1470459253440093,0.5052823000123317,1.2745026352505766,448
1275,17044,0.1341441461113338,0.48436224587452315,0.2667247543943397,0.21126248427180838,13592,0.12555856985396208,0.5725572979233717,0.14681344558942466,1.8167597206338744,443
1276,10419,0.17138114875887067,1.1194727704094507,0.2932658236299947,0.21122006409549587,8363,0.1770142282153055,1.1069821099750663,0.36097467528828925,1.230878766643197,438
1277,8091,0.11445602185847938,0.5273224114789823,0.030723934716513024,0.21121760699526262,6502,0.1164754129305178,0.5588310040470366,0.05823182673980166,1.8953245174194475,445
1278,12657,0.189711457843542,1.1947238542856644,0.07867875996036866,0.2111516278784561,6064,0.19173367686245307,1.151516131370101,0.10593036363105252,1.3463654445546775,448
1279,2866,0.05029681394179796,0.5109571836723948,0.1425839126955226,0.2111275623393005,4557,0.050361099318019846,0.5901308595888308,0.13621053218796988,1.04679065858694,420
1280,19059,0.1163762060518009,0.47470844162612247,0.015849081597666518,0.21110104106995115,4338,0.11665363901709914,0.5155454667871114,0.01418495004364483,1.1173167017790981,439
1281,1542,0.07685261421457194,1.1257637918938626,0.013068488698933662,0.21108547892368285,3411,0.1147078030322455,0.6816150119459411,0.9604379666847226,73.4926577059435,435
1282,9389,0.16698038343393945,0.7335008306404951,0.28815577468432074,0.21102639971018095,1058,0.15878111560628627,0.7679533503016456,0.18957853306663228,1.5199810338391053,442
1283,14924,0.16243567012304838,0.6776081718149564,0.3900636122743944,0.2110041366502561,11864,0.13544975001807452,0.8504252711995879,0.010051895028044528,38.80498266109296,446
1284,9991,0.15419417529811372,0.8927037763686514,0.015555996475138242,0.21100387384403882,3612,0.15477500007026296,0.9280213493628503,0.01689380068280411,1.0859992614297618,435
1285,16718,0.05601067481434011,0.5194606307324461,0.5178617025579321,0.21100062565167993,13273,0.05716687035981608,0.48062759493415225,0.5470563015256155,1.0563752809359706,389
1286,4954,0.11979921427266689,0.6806239110341364,0.05427418923988653,0.2109501336804856,3463,0.1373909729685303,0.6032277507772058,0.31865037985709493,5.871121878001565,445
1287,7195,0.053230719629166624,0.42100859576556987,0.023417442444902577,0.21081984975811727,19432,0.056090291299918105,0.44294980002669965,0.1115035387732509,4.761559211071002,440
1288,8669,0.13498733959948372,1.1466420833845516,0.28641886593447247,0.2107441868565962,17184,0.15917476591171095,0.9285813697012535,0.6638056296657124,2.317604420016031,433
1289,5397,0.17997087972731995,1.1679372562059989,0.13732014400146292,0.21073230353880884,2564,0.17460741366882565,1.1783800525429893,0.0784644901418726,1.7500928605178305,441
1290,655,0.1669006618669744,1.0776811759933462,0.011117918428379857,0.2106841500535564,19280,0.18105981788057118,1.0160335144457262,0.18049753252378054,16.23483151873451,430
1291,15015,0.05417799535059585,0.4420248812497913,0.7174085995556517,0.2106248875884197,4320,0.05171591834658814,0.4133099639662242,0.5964573210649651,1.2027827880035575,387
1292,4320,0.05171591834658814,0.4133099639662242,0.5964573210649651,0.2106248875884197,15015,0.05417799535059585,0.4420248812497913,0.7174085995556517,1.2027827880035575,388
1293,7770,0.16508629943525793,0.4120004863901392,0.0941411169288677,0.2106120971279801,16751,0.15892690689879907,0.4072757755885827,0.03541929788503771,2.6579046607424717,451
1294,16579,0.1956414909389299,0.9866248235207952,0.16634329930535527,0.21058570930328735,17454,0.18927531788553897,0.9807010061495323,0.1020345315066012,1.6302647432118955,434
1295,7110,0.17325947997640953,0.553116869476719,0.08103319027037066,0.21057740190271063,1998,0.1762285357934142,0.573510303963599,0.10983194512931971,1.3553945582404048,437
1296,2228,0.13276494399134114,0.4519782763888411,0.08982304072887758,0.21050407158092813,9115,0.12980817811982676,0.4681160286074175,0.053305288947991365,1.6850680767628081,446
1297,14313,0.11482291703527343,0.40505154131435095,0.013717463634467623,0.21044567509857262,7767,0.11538980886139659,0.43195278006763793,0.02041932798980392,1.4885643974660625,457
1298,7767,0.11538980886139659,0.43195278006763793,0.02041932798980392,0.21044567509857262,14313,0.11482291703527343,0.40505154131435095,0.013717463634467623,1.4885643974660625,451
1299,16941,0.05355096970189068,0.6679164730511662,0.9078733417415312,0.21039999373419926,13955,0.052218859112788445,0.8271934800285639,0.8056695416474712,1.1268557327922175,389
1300,15914,0.18268916166037003,0.6346583195205917,0.0946540809677589,0.2103869369983321,8832,0.19479734805733517,0.6096940670037024,0.21798684501036483,2.3029841162856526,432
1301,16152,0.12050600975399428,0.5798273427492643,0.2062237499173231,0.21034735116456987,1769,0.11097579716832409,0.6228176622684821,0.04617225237350085,4.46640004150369,442
1302,1298,0.12415813146485165,1.040447137951845,0.6040899126807885,0.2103325505779665,11480,0.10607426832304515,1.1664375015635031,0.26239549889884833,2.3022114145092902,434
1303,385,0.1681608567454707,0.5453042746237734,0.24356640414093103,0.21026102579296146,4829,0.15325873890761282,0.6492573400254776,0.06409690104437271,3.799971608179871,436
1304,11072,0.1546343931290915,0.6980952281883899,0.018457646481245267,0.21018467056075033,11410,0.17128708856060115,0.6187651133447226,0.22477023521065514,12.177621639846835,432
1305,10842,0.0876890030567048,1.143198755728198,0.5123702301603614,0.2101767782086224,14554,0.07941174178488487,1.1910048444728236,0.31070334889343565,1.6490656827007457,444
1306,16606,0.08888084368662688,0.6644122882572502,0.2522479413100023,0.2101295306628024,10364,0.08576385426216404,0.7375155782231142,0.17924534812400905,1.4072774772123353,439
1307,17680,0.1589549059377438,0.595782539664734,0.011000595056239857,0.2101049584706594,8235,0.1644804475163762,0.5687521251364035,0.08105658840839325,7.368382164237161,434
1308,10656,0.0934796541114363,1.0916642907476533,0.4804377251718957,0.21008430273319922,8234,0.1057377321519791,0.8529200416731451,0.810348567753594,1.6866880457059437,451
1309,14542,0.1590282183302686,0.4903920682793802,0.6594829297665459,0.21001128019858692,2127,0.11701876805881402,0.7889264891494858,0.029201374964245533,22.58396841155677,445
1310,4682,0.18561817764578525,1.1380415319928954,0.8266727314654019,0.20993846891363932,4312,0.1856753712125377,1.0812443140087917,0.846342750288875,1.0237942030440572,467
1311,9350,0.10090377232669118,0.6325578796582577,0.029657486491680447,0.20992034299114262,4315,0.0997614530765949,0.5916750422012588,0.014372085425624471,2.0635478855979468,428
1312,2053,0.15674740005906246,0.6987051139635809,0.1710642386022704,0.2099048510314239,12166,0.14729389010856764,0.7425135407446684,0.04792549234516684,3.569378846861691,445
1313,19440,0.11313578183051638,1.1935678673980252,0.2878372852949775,0.20990200713009066,938,0.14033175674106557,0.9539087517517286,0.7874278716363005,2.735670157635552,446
1314,2488,0.12979922537495564,0.7413616627748267,0.09785717898469112,0.20983731208861353,921,0.1295011158369177,0.7053096466421123,0.10010711525676448,1.0229920410072861,443
1315,14579,0.17074798590764056,0.8676322304096415,0.04356599671137687,0.20980139502664608,3048,0.17226316129033353,0.8716589574735661,0.06305971642330511,1.4474526278159874,437
1316,159,0.1997716669857702,1.1858133182213093,0.07135622533921887,0.209732979988838,18115,0.19985427152467183,1.1526637779807327,0.07849139241430841,1.0999936171114688,443
1317,18423,0.13083526984314592,0.7586185161617626,0.9309796828897225,0.20955779629295615,19596,0.08952355469963227,1.1581315760812254,0.035104820475024216,26.51999555309164,441
1318,12483,0.16736817908220153,0.6139269912948123,0.08945261582418845,0.2095487687225676,13817,0.17394372232701072,0.5678683115607985,0.16281858295304308,1.8201656983743129,421
1319,5413,0.14279232197021918,1.1472231706385148,0.26438870118727004,0.20952136792842752,11210,0.15954951893316976,0.9826945146260716,0.5169356055789065,1.9552106548333703,437
1320,15228,0.18173383359192574,0.4327685874767961,0.2263766575924679,0.20950450328238768,18405,0.161114978682813,0.4764453105638115,0.024094572718543733,9.39533812186025,433
1321,18405,0.161114978682813,0.4764453105638115,0.024094572718543733,0.20950450328238768,15228,0.18173383359192574,0.4327685874767961,0.2263766575924679,9.39533812186025,434
1322,736,0.08558942535012526,1.0630171217920772,0.6563566452886685,0.20940279784614918,7176,0.07215354417370066,1.1811594437002362,0.28625024742488414,2.292946997228029,449
1323,3076,0.19064421978477014,0.9082144645300002,0.020870459898286196,0.20931672248652503,16364,0.19390298048215332,0.8663193433472836,0.06314565445262878,3.0255995680197763,427
1324,5572,0.14467605707948333,0.9939269132704146,0.557809868839059,0.2091563940220782,9669,0.12806444294557567,1.105593665460368,0.29466011072108744,1.893062035013819,437
1325,15748,0.18939291614166848,1.1551126854760079,0.16297515745051566,0.20901672543853858,15883,0.17635810330792007,1.1788558200514747,0.018635038075829263,8.745630504608627,446
1326,12436,0.17253701216494496,0.9496740768426549,0.011802997177150124,0.20900230225293048,17181,0.17402340468780636,0.9166434631729825,0.033071568985702085,2.8019636444314844,430
1327,6496,0.19680240869196985,0.9965985945638042,0.028453971681776918,0.20890264085654983,19207,0.19952840860228654,0.9867494182113582,0.06028082152286669,2.118538044426079,437
1328,9453,0.18845508598309302,0.6278663289606238,0.05112482564529815,0.20889122268573634,10114,0.19422187060486296,0.5747930617269881,0.11368750633447725,2.2237240890215704,430
1329,14670,0.10825167759022272,0.7712083644249892,0.03613808594708086,0.20888495395324405,1580,0.1069056780506811,0.786834748112915,0.012154634418169849,2.973193985419946,436
1330,11626,0.19210878379970886,0.7349360599738577,0.040486079873881316,0.20887449278774836,12759,0.19534431194303176,0.7235448310859799,0.07721529575801972,1.9072060322598294,422
1331,15264,0.18484644523879545,0.9936848268947691,0.02937693090064512,0.20885937831775964,17903,0.1885538303599284,0.9467007625271411,0.07816310733719506,2.6606968441171843,417
1332,14381,0.09764504399556437,0.5811086090958963,0.044233610767993675,0.20882532897911574,910,0.11509768641461086,0.5019920101352536,0.34722349383043033,7.849765999244911,445
1333,14705,0.1747321135532527,0.5805672983198138,0.019933723961971447,0.20880061101047617,14647,0.1893238681852713,0.5431496388074153,0.1719038024620894,8.623767580510235,431
1334,2832,0.08970295348818899,0.42713575618819666,0.03403116676348069,0.20879137949809132,2284,0.09370314902916158,0.43904583429166716,0.10250141994575566,3.0119866491251583,447
1335,13306,0.1960549403539092,0.5033874659365385,0.23971063102634455,0.2087527501871004,15395,0.19035683465130598,0.5060824029991144,0.18603811080036728,1.2885028234003724,425
1336,18517,0.07628438945818053,1.0872036439109234,0.8697355254595179,0.20874059848328935,13559,0.06931789110146044,1.1436334696210646,0.6411518721031119,1.3565202930884441,430
1337,13700,0.15127102335294038,0.4178493408695491,0.013847537017024144,0.20870525802084264,10076,0.15281884193721118,0.43355551380466933,0.030518464168502096,2.2038911418675204,442
1338,3552,0.18713119380810078,0.4842406078918605,0.17130684598193646,0.20855676722779062,10246,0.17354396463178973,0.5331975727548306,0.037550812109287485,4.562001095565306,436
1339,11148,0.1501903961343068,0.45200009733450347,0.16506447608630578,0.2084421290715352,1302,0.1381514926083691,0.5416013518771263,0.013401439098533502,12.316921703160112,434
1340,7278,0.19042004508258953,0.40974194347326204,0.13444240008670846,0.20837893812317368,2860,0.18283374788806195,0.4599157773296897,0.06840683485389179,1.9653357792954484,446
1341,11475,0.05155723449359557,0.9298769407714756,0.656728878911943,0.20835240616309697,6382,0.05093440421712547,0.8664850950275158,0.6506007148493813,1.0094192396698802,385
1342,17316,0.17261857861798305,0.9054490365261463,0.7180764308661077,0.20830903282154312,15919,0.18697593559550763,0.7460362721058544,0.9645302804213456,1.3432139518323665,440
1343,19135,0.15202595548308134,0.8898495033613425,0.9115656658424444,0.20827160501137215,13655,0.11892433307759458,1.1589904670722146,0.3118900830012796,2.9227144931014184,447
1344,12907,0.08210573259429374,0.4497062680132061,0.018917044065721846,0.20820477469436374,14821,0.09069528356516468,0.41367573526529994,0.17837555862621188,9.429356827974663,453
1345,4406,0.1577813694879855,1.0390124053399308,0.5480718668470259,0.20804517426440122,7112,0.14163933264401043,1.1631067890946571,0.30544404121225693,1.79434460293224,455
1346,8343,0.1978960936077856,1.0027845016840748,0.01071057654364425,0.207944426604381,18999,0.19866056218209877,1.0125332580595705,0.019176521789981367,1.7904285275250549,430
1347,18999,0.19866056218209877,1.0125332580595705,0.019176521789981367,0.207944426604381,8343,0.1978960936077856,1.0027845016840748,0.01071057654364425,1.7904285275250549,436
1348,7800,0.19642495898657214,0.7752857623281297,0.1057757308317496,0.2078950634044736,5681,0.1886833509637848,0.7950655648338132,0.02121565023385314,4.985740699239405,435
1349,17700,0.10590563099777042,1.0989689876481288,0.5514699417152853,0.20783964362577567,6638,0.12260555404955263,0.8230702107546022,0.9741283513532883,1.7664214813292844,446
1350,17201,0.16513088941747833,0.5698929795654664,0.06120989396636907,0.2076933345784376,6432,0.1817822964323726,0.5011990912886075,0.23932135023178033,3.9098474890884822,431
1351,15612,0.19913857690492587,1.1548954597672236,0.014657471643449597,0.20764338473542215,8857,0.19986686581315882,1.1809653966838578,0.01900900776872159,1.29688177000272,435
1352,8857,0.19986686581315882,1.1809653966838578,0.01900900776872159,0.20764338473542215,15612,0.19913857690492587,1.1548954597672236,0.014657471643449597,1.29688177000272,442
1353,17803,0.19124818101275037,0.7932896300221923,0.020829974388804937,0.20763243194341915,15018,0.19265835629078404,0.7608326270902697,0.04213121996543068,2.0226246647751083,424
1354,15018,0.19265835629078404,0.7608326270902697,0.04213121996543068,0.20763243194341915,17803,0.19124818101275037,0.7932896300221923,0.020829974388804937,2.0226246647751083,422
1355,13768,0.12186963903704504,1.1921771395332765,0.15782098760212052,0.20759270847083047,10979,0.15325155615952543,0.9779159442208205,0.6614921815911358,4.191408200148963,443
1356,4091,0.16355874946118262,0.40761908297764093,0.10454971413862962,0.20750064823550723,6084,0.15452173816971068,0.4080911700174915,0.015163662741187255,6.89475332728508,437
1357,10946,0.1694235687580835,1.1299987138946013,0.274014592929342,0.207480669188185,8363,0.1770142282153055,1.1069821099750663,0.36097467528828925,1.3173556613511126,442
1358,8363,0.1770142282153055,1.1069821099750663,0.36097467528828925,0.207480669188185,10946,0.1694235687580835,1.1299987138946013,0.274014592929342,1.3173556613511126,449
1359,11493,0.17699302733260563,1.1649230489330158,0.22817806656502299,0.20740705112872931,13217,0.1891834337687492,1.0926439578038165,0.3673471472801356,1.6099143656099575,443
1360,2502,0.0649928950730371,1.0615568928529089,0.5957021887438679,0.20739979912216247,3902,0.07467201444059443,0.9082760226822721,0.9608508968311451,1.6129719094322128,406
1361,4421,0.1372243399176559,1.0551497636728917,0.5824651422737425,0.2073866894712342,17751,0.12283444633751078,1.133392807636209,0.3439579988795787,1.693419383096441,434
1362,12888,0.14867976218812473,0.913481735362823,0.11375698532256721,0.20729194385296212,7992,0.1427784751900426,0.906611823177531,0.03434280087577642,3.312396846548568,423
1363,12542,0.16486452462984835,0.9901202519109193,0.12448495334372053,0.20721905030957835,15161,0.18136402974863475,0.8961918419964156,0.322773391484002,2.5928707270571016,430
1364,14919,0.16129132027400983,0.772465347595928,0.9823542029945711,0.20714385545704445,4143,0.12921754984497014,1.1137325198775225,0.3904274799624012,2.516099028401314,445
1365,14131,0.09881867831688695,1.074335085751581,0.43129421475153573,0.20706015524654428,15803,0.10408224565148011,0.9474810019370707,0.5605226110551462,1.2996293293153902,442
1366,6287,0.17482676722265766,1.1912547946252918,0.40969363158312505,0.20699793987239776,5036,0.18873382080910406,1.1312902700073133,0.5787763463885345,1.4127052552709825,458
1367,16696,0.09950828846286099,0.46733951753788644,0.028870609118552732,0.206945509812122,10113,0.09920340998968896,0.5160041779507599,0.0164600439958802,1.75398128496976,452
1368,14167,0.12255272355321566,0.4138212006593837,0.02371351257062449,0.20667669071721495,10153,0.12391390171439008,0.41153991674613455,0.03914236207621346,1.6506353480800526,450
1369,10153,0.12391390171439008,0.41153991674613455,0.03914236207621346,0.20667669071721495,14167,0.12255272355321566,0.4138212006593837,0.02371351257062449,1.6506353480800526,444
1370,2881,0.19436668511472943,0.6618172529971458,0.029477323359481427,0.20658214295938698,13209,0.19449574469560543,0.6412245065180948,0.035708185321251425,1.2113781460339352,408
1371,13415,0.057409585637456115,0.7198201556805118,0.800863923623793,0.20655644429182485,15781,0.0503587069113973,1.0033251649250055,0.451595147145006,1.773411270441836,379
1372,15781,0.0503587069113973,1.0033251649250055,0.451595147145006,0.20655644429182485,13415,0.057409585637456115,0.7198201556805118,0.800863923623793,1.773411270441836,382
1373,13337,0.16280777554263773,1.187959803801351,0.04683438363358155,0.20655581397959538,4573,0.18619557366675693,1.0447824325877577,0.3309806604669893,7.06704422666229,445
1374,17299,0.18027255803960462,1.1143362912666626,0.04611158646885521,0.20648337175153278,14936,0.19562996775638564,1.0074243676521564,0.2248683887061593,4.876613578629319,433
1375,15633,0.1690852571276525,1.0898133710877358,0.06509095607650026,0.20647738065412968,2528,0.17246877989244958,1.0495188098369184,0.10904908409548475,1.675333881519904,432
1376,8102,0.18948340999506685,0.8534515239743303,0.07542425645564178,0.20646718752465895,4503,0.18347360506315297,0.8531866204665499,0.012480397373539025,6.043417865488523,431
1377,716,0.12781941736350505,0.7218052871192544,0.01647254970811308,0.20635671529952535,19,0.14772340611337212,0.5759170692201804,0.30762036584563335,18.6747268210776,432
1378,13577,0.1386442349296122,0.4889573182478425,0.18029303040618005,0.2063514371463604,10339,0.12826691414950891,0.5254341786834962,0.043903976894217094,4.106530732752999,435
1379,4988,0.18359723815599138,0.9350283159831104,0.07474635508713988,0.20632311485196766,2318,0.1892398158284892,0.9435922240618345,0.13290482590664077,1.7780776835432215,425
1380,9934,0.17337811183347554,0.745328489232468,0.041501885105707265,0.2063029130562614,10521,0.17263502125026892,0.767795084339921,0.027213140203645392,1.5250678457221116,440
1381,14045,0.1221730810456355,0.5771682701371318,0.8349004273859646,0.20627685899088594,4724,0.08571068671183726,0.8939763285771871,0.039856898223574716,20.9474511213252,420
1382,5429,0.17702352011129086,0.7706338792798308,0.21704380133313234,0.20625353790134637,9999,0.1838441448624336,0.7324230080605016,0.2921093127916503,1.3458542054527636,442
1383,16028,0.057645183646574435,1.1108667399102412,0.971410121382814,0.20624837402644622,8510,0.05295604553548989,1.1417066036328682,0.7498409215505561,1.2954882741983282,387
1384,3169,0.1699873779290676,1.1905288214544547,0.1496189373541205,0.2062254748042178,15521,0.16290067858572027,1.1890337771295039,0.06713495237054302,2.2286295300891457,433
1385,19833,0.14723781283236384,1.1203877835722917,0.6850143307500783,0.20613429124102495,6424,0.16175543601099096,0.9836837531120569,0.9459162748595511,1.3808707824021578,454
1386,992,0.14035221385029975,0.408647701492622,0.07186530830540933,0.20610345234011415,377,0.13852683038598612,0.45045946135795106,0.04723190261073623,1.5215416769824068,456
1387,2475,0.1754174330674627,0.4022428094879641,0.9151806963328475,0.20596536726607015,3221,0.11463363819060211,0.7342493511052257,0.011132673983557013,82.20672748385263,435
1388,1222,0.14159635789184727,0.5346830354172305,0.01965891430930087,0.2059615991016529,16349,0.14107453878229761,0.5120576655025372,0.014423759259714494,1.362953579252265,434
1389,14344,0.08648875715916783,0.5303384648121899,0.05703759249707511,0.20592929763565607,6866,0.08744518484143377,0.5743492304481961,0.07067628328224454,1.239117574709501,440
1390,12670,0.19994518621295432,1.1434889227585097,0.181504114095392,0.20589149102282436,10881,0.18744277025188955,1.1717573902813931,0.05136584059319418,3.533556776240916,448
1391,14820,0.06813986383190172,0.47545359834402817,0.05825102466132059,0.20569848711657543,9777,0.07113590668798643,0.46508281950726976,0.1277140951661579,2.1924780878740773,440
1392,12668,0.12875835777751798,0.5647334341330641,0.017933155449370453,0.2056214454444837,6649,0.1301514448482266,0.5462707408426668,0.04325038970247482,2.4117556904350113,438
1393,7615,0.06339490678522786,0.5069435058365801,0.016617741549153204,0.20549659588160465,12394,0.07050211097167919,0.436335731263227,0.2048069161777291,12.324593902964239,440
1394,3639,0.14558918444565863,0.6408707397710266,0.01675249527942936,0.205477712607621,12400,0.15210898634129214,0.5813223050785955,0.1089938467245297,6.506126096830774,420
1395,3923,0.10153210951720254,0.43282719523999746,0.017134110909787063,0.20544004437128324,2085,0.10177862585088363,0.4403400632296723,0.023264704034873133,1.3578004810033215,451
1396,2085,0.10177862585088363,0.4403400632296723,0.023264704034873133,0.20544004437128324,3923,0.10153210951720254,0.43282719523999746,0.017134110909787063,1.3578004810033215,448
1397,11217,0.1871039052695297,0.49963215645505754,0.011687425219705196,0.20537552036625617,17400,0.1927225559881982,0.4550040627124151,0.06729560340290867,5.757949431791627,432
1398,4484,0.14822015405617772,0.9464815344858032,0.0913159440403709,0.205359191765669,9438,0.19360476464654258,0.6480208362640918,0.6781140924239233,7.426020719055679,440
1399,8354,0.19734417962496892,0.5379448217617857,0.4976176972593511,0.2053529247717537,17364,0.1576925642996666,0.7465337227893233,0.04596595692520908,10.82578783400554,444
1400,9737,0.12409139249448563,0.9268555321524201,0.010933859865612017,0.20531416769838834,14950,0.12620555684408197,0.8870942355831679,0.04918512489710923,4.498422835269814,444
1401,2718,0.07593081314141018,1.019240951367197,0.7734283252303027,0.2053104963050823,10448,0.07977116537973128,0.8850593545957854,0.9301657710995606,1.20265283899783,437
1402,13686,0.05474878623731551,0.552537760249456,0.021752578685290985,0.20527438047150684,11842,0.05477451798684029,0.5912753064473524,0.021691416060170096,1.0028196695389193,431
1403,9243,0.13312946172663864,0.4285524329002369,0.05714141915195743,0.20527110370872376,14183,0.1320840166598166,0.4686990812219186,0.04087806108218567,1.3978505251771642,452
1404,2393,0.15665885503467664,1.036632212685099,0.5871435347854667,0.20520596437488756,19888,0.1760867508067105,0.8480734653182724,0.9162654694968102,1.560547660346119,438
1405,15942,0.18786925935518672,1.1789727477814353,0.5614879003410477,0.20520328269916457,4030,0.18259692912772219,1.1728885535385785,0.503205474430319,1.1158223208455957,466
1406,2765,0.1889333629636612,0.6138858115969016,0.06525300891310683,0.20512773669702658,2666,0.1983550844862806,0.6061150106976291,0.15601313423530286,2.390895635832753,434
1407,10540,0.13212278838640423,1.1863373813467808,0.013475202516413586,0.20509785137582548,19660,0.1371561627717316,1.1140596442408683,0.10089142623947334,7.487191833783698,430
1408,847,0.15600135836705542,1.1238026233506373,0.6665221833106899,0.2049307168078226,1631,0.1663580223685312,1.0780231491961787,0.8278272297570037,1.2420100192991232,458
1409,651,0.12738237283201714,0.6271649425746788,0.17031532891845141,0.2049034661800484,727,0.11757614853447004,0.6641171816899017,0.011097117253286319,15.347709232144407,441
1410,1201,0.17328006544381097,0.4863291598160681,0.01791505071818186,0.20487556949169053,639,0.17614397680892757,0.5063855594202034,0.04401440987939434,2.456839814286678,432
1411,203,0.19091188486254967,1.1325590131355663,0.364420852597976,0.2047728437981655,8563,0.1964801327087331,1.0693397848849544,0.4309655152294231,1.1826038827280234,449
1412,8563,0.1964801327087331,1.0693397848849544,0.4309655152294231,0.2047728437981655,203,0.19091188486254967,1.1325590131355663,0.364420852597976,1.1826038827280234,436
1413,11468,0.1590995569961866,0.522116388992389,0.06248802328701887,0.20466685211268365,4981,0.1803513917312729,0.43241639209326976,0.2743381703050358,4.390252017493827,423
1414,2507,0.19590810641404238,1.0763056672915943,0.2770199365914629,0.20458614131203728,9363,0.1737753853217715,1.1705290235864871,0.02366159673446916,11.70757576930185,431
1415,845,0.15389827878590756,1.0006131320588252,0.6780642321534897,0.20452654660521064,10394,0.13353046924108491,1.1291629515876092,0.356088342977901,1.9042022731858164,440
1416,4914,0.18842957636716645,1.1833778582733845,0.15326651971045444,0.20442395946600478,7498,0.1918689454509755,1.1635763155418317,0.18919361794856193,1.2344093041714503,445
1417,2244,0.1711517285477685,0.6649221033315568,0.012876515475596234,0.2043234760438618,5894,0.17816091944774703,0.6212088482275478,0.09376355661543638,7.281749227354131,436
1418,14714,0.16438425761427017,1.1810650682383415,0.7661868499755402,0.20419451280525905,11159,0.17511611496760143,1.0279616493702508,0.9713318723188537,1.2677480334592828,467
1419,6426,0.14385184508209165,1.1934175421165727,0.5085581890556323,0.2041613596525543,3927,0.15238428096333534,1.1006736948378935,0.6536281225227677,1.285257295210452,462
1420,6407,0.1520414594669449,1.194404566673731,0.19945196603605914,0.20409954612352024,10494,0.15387298877650366,1.138215448337986,0.23233795819802217,1.1648817648456649,448
1421,4377,0.11029351914675589,1.1888549654972151,0.39381656282105626,0.20394762620221998,11968,0.12719741841290103,0.9679079200809819,0.7474705986514771,1.8980171714898528,446
1422,10339,0.12826691414950891,0.5254341786834962,0.043903976894217094,0.20388687502203018,4973,0.1381209614737408,0.44138142202098596,0.17533080696478107,3.993506269084137,439
1423,260,0.1774599012991771,0.8836445187697896,0.7290627920011707,0.20388059971666503,9478,0.14189085972669818,1.1727929569919455,0.2085507193082046,3.4958536437543164,445
1424,16651,0.09552036018701712,0.8543278344218705,0.2396462523614551,0.20387890493408053,15084,0.08592293790215944,0.8910873472782657,0.025065939141454652,9.560633296405095,433
1425,19982,0.17732450231475283,1.0053348752861933,0.09138346465662345,0.2038289002720259,74,0.18417172763438766,0.9604754167903172,0.1754116027305126,1.9195114060254532,419
1426,19521,0.05034413770411673,0.564142020826794,0.0660665001374115,0.20381521230738012,3328,0.0598702591938344,0.4031605637111374,0.3547803757173399,5.370049495272693,438
1427,7193,0.1816289158513481,1.1826554530093945,0.15893926318280716,0.2037709382251522,3869,0.17125627298944096,1.1937968347398678,0.04033603630750021,3.94037882084248,445
1428,6869,0.15964621445980978,0.7593581856615896,0.019836353289428333,0.20374057563624734,11961,0.16137205681179245,0.7161259278296552,0.048079174994994534,2.423791021135828,446
1429,2271,0.15158037009712438,0.7145059451105038,0.0568541477795989,0.20367710939971814,5947,0.17056802850053818,0.6091415712328289,0.28916668733318573,5.086114182102788,437
1430,12305,0.06968807028556254,1.1519623521280233,0.6258468453678776,0.20366104102430893,961,0.0701869924542386,1.077900062429638,0.6651705211984809,1.0628327459372084,432
1431,961,0.0701869924542386,1.077900062429638,0.6651705211984809,0.20366104102430893,12305,0.06968807028556254,1.1519623521280233,0.6258468453678776,1.0628327459372084,420
1432,16503,0.15811480922584195,0.5840710005922545,0.016662177840709884,0.2035752172190883,7436,0.15925726704211918,0.5537447386381761,0.03626253086908692,2.1763380042966807,431
1433,834,0.1519114021595425,0.534208102580321,0.49626473261188225,0.20353988997849967,17009,0.11905441945961821,0.6996451078013936,0.016157970616305996,30.713308273445623,438
1434,1914,0.1547851703560242,0.9241454971071601,0.21301943458952002,0.20352803344352574,13013,0.1909092262657645,0.6727982232459708,0.6883688313516256,3.2314837032502925,427
1435,10251,0.16451524500530643,0.6676559256695251,0.05334181621202339,0.203481225531301,14675,0.1640346798228961,0.7033543315154624,0.04167994849625034,1.2797956364274823,425
1436,405,0.12807910862001293,0.589186661132123,0.3815686998276887,0.20341430973849578,1580,0.1069056780506811,0.786834748112915,0.012154634418169849,31.392856971270582,424
1437,15292,0.170995310695502,0.43581512590182975,0.0974165862130597,0.20335701859895805,12192,0.16463756065779817,0.484935976092793,0.028153320955959564,3.4602165181666895,442
1438,9495,0.13900801299249133,0.55995438546602,0.061160875255946205,0.2033255552430173,14021,0.13515523152110578,0.5439494261840465,0.010897232979010556,5.612514238591554,440
1439,12496,0.12224920729628254,1.1403806515937185,0.03291359144083846,0.2033146372866055,7067,0.13560622738098885,1.0556369562394778,0.25389131701562895,7.713874600163086,424
1440,4529,0.12855178120247357,0.44440609669638903,0.11847684472630898,0.20326500133117664,4097,0.12096147945649349,0.47010249859049413,0.016468650278883754,7.194083468893685,445
1441,4281,0.09884360027555211,0.862528521267329,0.26945611490891797,0.20314728395038673,18536,0.10105473178494093,0.8982336957129415,0.3069650663549657,1.1392024503089364,427
1442,14711,0.1440815832288353,0.9129805097025787,0.01611161466208873,0.20307398990983438,16169,0.14477269195709422,0.901143280186959,0.024984903631654547,1.5507386538014105,434
1443,18167,0.09916406267799246,0.4147223448365524,0.01856269247269104,0.20305952010926354,10341,0.0986257446186616,0.42350256011362863,0.011549119135633848,1.6072821013177876,443
1444,10341,0.0986257446186616,0.42350256011362863,0.011549119135633848,0.20305952010926354,18167,0.09916406267799246,0.4147223448365524,0.01856269247269104,1.6072821013177876,443
1445,15293,0.15566222126107365,0.7346667529912136,0.17179355292449316,0.20296094971022902,8296,0.1457503411003645,0.8204624015020969,0.03228114267867703,5.3217928074761,447
1446,6609,0.14896137014321142,0.6636214208097049,0.1566370986499087,0.2029457541219083,10822,0.16345332309206068,0.5667608738846623,0.33506683292350314,2.139128187457004,425
1447,4827,0.13635625311826305,0.4707901804841402,0.027635942581518108,0.20293141523818617,8286,0.138799859168086,0.4372947329000745,0.06286895157959528,2.274898038818466,449
1448,17720,0.19138108815205518,0.7163141237911395,0.2655517832345337,0.20291437215368538,17206,0.16902255571775213,0.7999804137302695,0.010998509500623565,24.144342760214748,443
1449,10466,0.184631948007557,0.9289118704206193,0.6370778306533226,0.2029060299780641,19041,0.186539935782367,0.872295368280862,0.6730683661727462,1.0564931532502322,442
1450,19607,0.19586802450825375,1.1691536099261355,0.0398678878175194,0.2028698344654436,7111,0.19393239045913385,1.173369891634668,0.016602213096773275,2.4013598419157702,446
1451,7904,0.1638196459252878,0.42143105596434577,0.012163656113970474,0.20285607713287848,6050,0.1663256840759047,0.4088950097832772,0.040122983977148516,3.2985957183601706,447
1452,8085,0.15528213406238467,0.8709062454816825,0.010848300127135172,0.2028474437123567,16124,0.1586488996232393,0.855952048342345,0.05919137553152028,5.456281153529589,449
1453,14399,0.13214043898627514,0.6503195794599177,0.1824164102969332,0.20279369577934192,4741,0.1291230991926478,0.7048963972618846,0.1337941953096395,1.363410496806438,439
1454,16360,0.17560325129693738,1.0396132128194866,0.3703379619326706,0.2027480748909132,9997,0.1560352633293223,1.1915672701681395,0.11332426526269383,3.2679493758393265,435
1455,9997,0.1560352633293223,1.1915672701681395,0.11332426526269383,0.2027480748909132,16360,0.17560325129693738,1.0396132128194866,0.3703379619326706,3.2679493758393265,442
1456,17192,0.06452143806150915,0.4933885363887165,0.951925179620704,0.202725264564653,4269,0.0577828432260822,0.5245315246970744,0.653328289777003,1.4570395841049826,384
1457,1728,0.1404601782356053,0.9402495893714982,0.4053119433104434,0.2027096528816603,4826,0.13403264302974288,0.9489771249139183,0.3125386360753353,1.296837883469696,433
1458,11233,0.08695953844246862,1.072190454879665,0.8467103579784498,0.20270707341136085,5045,0.08165110285182654,1.082964762633122,0.6938266480507513,1.2203485702908827,460
1459,5045,0.08165110285182654,1.082964762633122,0.6938266480507513,0.20270707341136085,11233,0.08695953844246862,1.072190454879665,0.8467103579784498,1.2203485702908827,448
1460,12257,0.09233550606747798,0.5732182927984926,0.022696695569449615,0.2025922557947999,10078,0.09505625044656954,0.5304507294983305,0.0782318089588985,3.4468369511992174,434
1461,11960,0.19916106043458354,0.5145332277326906,0.2883887833734835,0.2025754148914955,18671,0.17848043588849105,0.5712297597126221,0.08700411413373475,3.314656855539023,429
1462,4170,0.11196585874307757,0.5126712108966449,0.03504743760432249,0.20247800383355677,2021,0.11011659388291942,0.48346724439697125,0.01048248633122062,3.3434279327356333,441
1463,11549,0.19805925210184167,0.7652301063190972,0.05628745558262831,0.20245161017705998,3542,0.1951175363873292,0.7766974674709235,0.02245866526025957,2.5062689581214124,409
1464,17704,0.11155403959447258,0.42935914409179404,0.2543850187851544,0.20242786778749955,3105,0.1211424317100685,0.41029816497900407,0.39126823632891666,1.5380946495885024,437
1465,8903,0.055173859133683195,0.4801815072343566,0.6619799550580505,0.202405198109823,5444,0.060372564845698896,0.4495381041420011,0.8883901862618868,1.342019768837233,387
1466,13947,0.14603874870823225,0.6151987325137946,0.21491143872191612,0.2023424931969935,4727,0.13192454895812472,0.6699307745513671,0.014217197738992358,15.116300882029368,433
1467,536,0.15215662249986306,0.6697653170201491,0.0869015436514806,0.20227104215083927,9419,0.1704605533435673,0.5464958471958161,0.30687564730504696,3.531302603044365,430
1468,15077,0.18806926587856293,0.7133612213324291,0.0413681686972352,0.2022214762223009,1392,0.19029496605727103,0.7300672288670201,0.06043662272458228,1.460945084780161,429
1469,12362,0.18554552344916198,0.4958036374641089,0.14569913692231912,0.2022027426711978,10770,0.19330540182037054,0.45700114814037723,0.21316430109559678,1.4630443638746287,433
1470,5050,0.08790093370864009,0.47770776262030235,0.06526881351066864,0.2021532479001523,6932,0.10217287444313038,0.42472802089844525,0.3176921810198795,4.867442258130684,441
1471,7081,0.1606353134345782,0.6230346463277215,0.023017611187619524,0.2019368116615867,13557,0.1668000598123044,0.5649848012988241,0.10187757977444435,4.426070930820189,431
1472,12822,0.17186536150887677,0.6370549433280366,0.05107202339681927,0.201807351980348,18908,0.17639540123686898,0.6467091925397764,0.09995884774858574,1.9572133841638846,430
1473,19579,0.13249628337706967,0.9647701458761341,0.907174720344233,0.20179824339116215,15716,0.13373190534093693,1.0150135909403404,0.9121575183710253,1.0054926552901535,455
1474,15716,0.13373190534093693,1.0150135909403404,0.9121575183710253,0.20179824339116215,19579,0.13249628337706967,0.9647701458761341,0.907174720344233,1.0054926552901535,455
1475,7513,0.12910364318076814,1.0948939622769918,0.45470801443777004,0.20178599625633112,10654,0.1561018751319403,0.878933509970387,0.9449795849619174,2.0782118523473803,442
1476,13084,0.06149120684828125,1.1102196286165822,0.7477830542492907,0.20178402454487257,954,0.05263610112334968,1.1900496136844587,0.40553342524012154,1.8439492473561674,390
1477,16364,0.19390298048215332,0.8663193433472836,0.06314565445262878,0.2017489346081334,10281,0.18968106328380235,0.9105736260907499,0.0127214900945741,4.963699533874676,428
1478,10281,0.18968106328380235,0.9105736260907499,0.0127214900945741,0.2017489346081334,16364,0.19390298048215332,0.8663193433472836,0.06314565445262878,4.963699533874676,436
1479,9872,0.19885912548735013,1.1225689494770106,0.0231454032332505,0.20171823559532695,1079,0.19993714831153275,1.08642168303535,0.040446754217305564,1.7475070021333687,442
1480,10480,0.08473108295348933,0.9958881717396505,0.913286971090287,0.20170895590337254,17671,0.0825130184944818,1.1055527704725323,0.8189202869388755,1.1152330521742895,449
1481,2198,0.13719497605864828,0.557577987163866,0.020343823089956425,0.20170418257575576,5342,0.13884602650865013,0.535583359685972,0.04300262748447832,2.113792835020688,447
1482,10986,0.18248681858164428,1.1143672926037507,0.4907018834622232,0.20170052463782412,14616,0.17346326929662156,1.139631655935902,0.3829326586821463,1.281431270842665,454
1483,11990,0.06702807039573866,1.0723030810940188,0.6881071553825079,0.2016803307986467,16116,0.05617434120676436,1.1949123787236884,0.29896154043776507,2.3016577797094655,397
1484,10174,0.18275990271552478,0.40970231383247796,0.4062035341353303,0.20166590616982424,1029,0.15439209312191654,0.5353558641712166,0.11890685028145334,3.4161491383704443,440
1485,19155,0.09372016110074441,0.4260308313492129,0.11982271518876536,0.20163917584800123,2447,0.08923553636600504,0.5019227277036502,0.032998353339919635,3.6311725604747154,437
1486,16014,0.1540575973616206,0.7004489476069493,0.035195773302828894,0.20160671457699839,541,0.1644167742849567,0.6741065349084243,0.1616371044842319,4.592514649230343,448
1487,541,0.1644167742849567,0.6741065349084243,0.1616371044842319,0.20160671457699839,16014,0.1540575973616206,0.7004489476069493,0.035195773302828894,4.592514649230343,443
1488,14275,0.12682676550981367,1.0884218198345912,0.973950131441794,0.2015568190427504,10740,0.12147294231795669,1.1407631226196853,0.8547722085524103,1.139426529895276,470
1489,15826,0.1608581598831324,0.687576385034089,0.07432320276084338,0.2015326769561385,16476,0.1974642573549012,0.5204429416411406,0.4767104024092841,6.414018566224051,432
1490,16476,0.1974642573549012,0.5204429416411406,0.4767104024092841,0.2015326769561385,15826,0.1608581598831324,0.687576385034089,0.07432320276084338,6.414018566224051,433
1491,761,0.08245605563793046,1.1710424635818644,0.43905525211597524,0.20142252299369282,13061,0.09119333024381973,1.1209754937860097,0.6562580221426786,1.4947048668246652,438
1492,3717,0.13135015408518927,0.41276033632551007,0.012306444374464747,0.20141445843599573,19405,0.13402779203256876,0.4262136695824681,0.04546777291491142,3.6946311648923356,463
1493,17543,0.13354704181472227,0.4378858377755346,0.010436271974636355,0.2014118610778147,4704,0.13707563867522335,0.44438158252516574,0.051432609477512894,4.92825499397787,451
1494,7247,0.18360004964849708,0.5144785902406158,0.011025271740912947,0.20138854262565115,6570,0.19026139256252173,0.5160899044036886,0.07359839356473707,6.6754267191098515,441
1495,1109,0.19545000945844482,1.0430848050527128,0.39614690239740263,0.20134682799595663,4129,0.18538983870635284,1.0786541732777555,0.2841659230939355,1.3940689935099997,440
1496,6929,0.08658635227420405,0.4159968749784637,0.07163508503914584,0.2013364433857424,11517,0.08331757236845172,0.43503568364574596,0.010489673031697606,6.829105618705134,441
1497,14572,0.19722245363246893,0.8239746522835143,0.3448283111842234,0.20131541123510932,6949,0.16890608200477952,0.9576711509560809,0.022115663959749537,15.592039733096426,427
1498,3141,0.15416951654854688,0.4553438714377215,0.1864614797731335,0.2012443339367933,10351,0.13968882326888996,0.48597310182667813,0.01767458755325603,10.549693406496683,437
1499,8323,0.1279368566106216,0.9968911258629384,0.011494726673631517,0.20118179348433043,6896,0.13635100233034764,0.9605031526718012,0.14733673683584422,12.817767748565029,431
1500,8642,0.16295234683469972,0.8519835846084218,0.9780529534292046,0.20116665694496252,17073,0.15718993086016494,0.8564978792025366,0.87762522117737,1.1144312285340965,461
1501,724,0.16804721808459655,0.5701020971287456,0.06900709485019016,0.20115931455026057,6222,0.1652317300681011,0.6076085676190984,0.03072948362860408,2.2456314490737466,429
1502,8663,0.09323206253577321,0.7936482500335138,0.09434284043900118,0.20111255461525426,14258,0.13946007141079428,0.4055436765513672,0.9952907614485648,10.54972223453549,431
1503,8627,0.18872598916075767,0.5513449722548962,0.025584153282708536,0.2010693774403055,13268,0.18790926118768336,0.5406315749542101,0.021079025478153515,1.2137256207230347,426
1504,7437,0.135774268220317,1.1814829617705933,0.5064023309486166,0.20104553595416907,9085,0.1370390676550139,1.1427019356728696,0.5368140135356798,1.0600543890271883,446
1505,9085,0.1370390676550139,1.1427019356728696,0.5368140135356798,0.20104553595416907,7437,0.135774268220317,1.1814829617705933,0.5064023309486166,1.0600543890271883,442
1506,707,0.09223769515548083,1.1172938051297203,0.7055086142391122,0.20102384289406536,11342,0.08282995372815366,1.1996838752171815,0.46548090454480134,1.5156553305425846,446
1507,3820,0.1944682328452455,1.0561385461277206,0.03864341413978085,0.2009288509482014,14979,0.19732989338214513,1.0429429597181894,0.07255813176705593,1.877632537968795,435
1508,14979,0.19732989338214513,1.0429429597181894,0.07255813176705593,0.2009288509482014,3820,0.1944682328452455,1.0561385461277206,0.03864341413978085,1.877632537968795,438
1509,18613,0.1339555365451907,0.48510371419556086,0.26335445024446846,0.20091684142744412,10514,0.12632773180517498,0.5658832299836927,0.1577180752269832,1.669779762817017,446
1510,17869,0.18621411836283036,0.543006512330251,0.17423480472520203,0.20091310417671762,19882,0.17070625852758975,0.5981718569984932,0.010872468451484164,16.02532171076733,447
1511,3199,0.18763273188714463,0.9330254326637033,0.18280850184624642,0.2008163984350216,4629,0.1727278669274042,0.9888419793845042,0.011685123688351486,15.644550004077594,438
1512,15726,0.1274733024422996,0.4897060523646473,0.021696620611693262,0.20080501107231313,9115,0.12980817811982676,0.4681160286074175,0.053305288947991365,2.456847538702078,434
1513,19097,0.13362828550786376,1.0439723875740214,0.016521445751772824,0.20080475077964152,8823,0.14251054735720836,1.0210750138288214,0.14655086721871116,8.87034158030544,434
1514,6894,0.1286491885071814,0.9007583822223373,0.6467461125267665,0.20067479004560104,15320,0.09638114908883286,1.1592025632076683,0.019610761442981146,32.979143334500264,435
1515,3568,0.1238742114695943,0.4976887418008898,0.012513600118260339,0.20066920436535388,5470,0.12887954968719018,0.43709293706315017,0.08691880451280284,6.945947104859735,452
1516,12906,0.14661355806033588,0.7557794629553842,0.5479621663362502,0.20062952088266237,2275,0.11559492514706576,0.9775948034733021,0.0422203200469253,12.978636015246302,432
1517,18381,0.18689906227901937,0.5636789829949004,0.05316929931669868,0.2004170291911849,18716,0.18438039041284682,0.5435003350056851,0.031038982164389915,1.712984628010715,427
1518,10591,0.13722964172104418,0.9577386064790513,0.14895851387525716,0.20040634391202103,18563,0.17672891669380253,0.6490678075692087,0.7206856958732385,4.838163842563338,429
1519,17009,0.11905441945961821,0.6996451078013936,0.016157970616305996,0.2003806726738912,13006,0.1645784010710628,0.4098636281904498,0.6378415604684817,39.47535093452867,429
1520,18518,0.15982236142192696,1.028516362552383,0.010917078391445446,0.20037677883831342,6950,0.16179037809509825,1.0558257946929708,0.03118639879430604,2.8566616155054367,437
1521,6252,0.19024733247264486,0.730099932337229,0.5936495387194173,0.20030372839043836,16599,0.14506471128486356,0.988156555204254,0.01080432210966515,54.94556092402689,443
1522,5020,0.11218061457910766,0.5324112018427787,0.027799443011029427,0.2002333615894769,10346,0.1163569286049621,0.5087463139021465,0.09284018433589052,3.3396418877549516,443
1523,15620,0.1512847961306969,0.4641778483010632,0.1070654407929095,0.2002314603797892,8278,0.15895217903002132,0.4602160446700737,0.1913933778500824,1.787629849862418,427
1524,4391,0.16372335422467754,0.563148200641463,0.11129756069785565,0.20009077229982042,9562,0.17265614810166657,0.512707207997289,0.2110729647496039,1.8964743110822788,419
1525,3621,0.09281320914829755,0.44915010784808745,0.0686934601606328,0.20005242568417778,3973,0.09110148242977145,0.48113100594398855,0.03687540663678347,1.8628529533857558,445
1526,3973,0.09110148242977145,0.48113100594398855,0.03687540663678347,0.20005242568417778,3621,0.09281320914829755,0.44915010784808745,0.0686934601606328,1.8628529533857558,448
1527,9014,0.09893149285004298,1.144058658789369,0.6971384943996052,0.20004454915890793,11504,0.10566677009639204,1.0549790815594307,0.8699855434777615,1.2479378924943987,449
1528,17473,0.1932602452779355,0.6824975107813233,0.04207112315165735,0.20002113087601603,5315,0.1916053369315337,0.7127457545366473,0.021742666681496298,1.9349569106654805,424
1529,14598,0.05020828152108293,0.5904137014634514,0.2253285026446425,0.19998441378180828,8402,0.05017960284646617,0.6619635587146857,0.22253633446025348,1.0125470215511603,408
1530,940,0.19007977703459672,0.702945686141268,0.8243311366183377,0.19996027909162806,6832,0.17777196585224314,0.7823267229241102,0.6495267723442595,1.2691257261701125,434
1531,5809,0.18312236301293777,0.7908504239542924,0.019301735329497215,0.19985749233783548,7923,0.19244804201050447,0.7725262945217255,0.11818883005992407,6.123223018155578,438
1532,7923,0.19244804201050447,0.7725262945217255,0.11818883005992407,0.19985749233783548,5809,0.18312236301293777,0.7908504239542924,0.019301735329497215,6.123223018155578,436
1533,10205,0.12159218093516198,1.1848261558512545,0.3570615779385608,0.19984585376337305,16147,0.14013463165922277,1.0270308700552921,0.6867352196958026,1.9232963223334223,439
1534,16414,0.1687477487529251,0.6982600515392905,0.3243424445587946,0.19982684975814136,13783,0.1470923182838294,0.8478060123548927,0.039261916192365506,8.260993757147876,455
1535,12192,0.16463756065779817,0.484935976092793,0.028153320955959564,0.19981053191486284,6937,0.17372616698404975,0.4725825135703996,0.12011196869803634,4.266351699180651,439
1536,1168,0.06055719396902971,0.4140851811775174,0.034674256822473784,0.19978186012391747,8614,0.059999186743576696,0.441921533935424,0.02061547418952371,1.6819529108912958,449
1537,4444,0.05891842163313217,0.40818196795987627,0.07660727067643243,0.19975447670503801,2504,0.05701706434629424,0.4447270560951339,0.015583550750928685,4.9159060024793835,444
1538,6872,0.08995049062859682,0.6004023924728616,0.0252783992625239,0.19973045269029868,11839,0.11274717265476289,0.40381809396471,0.4191497691539688,16.58134143704949,444
1539,3982,0.11311284430623031,1.1234047786931183,0.029707524512168553,0.19969735374463657,13303,0.11797119727068342,1.0410652208157285,0.1271952758161851,4.28158447749776,424
1540,12740,0.1851657315651956,0.9583018565396474,0.02252546926990818,0.1996582651319926,4652,0.18653053991421842,0.9303525482112315,0.043853722957074216,1.9468505819613933,430
1541,4383,0.12658617572647324,1.1910848121169746,0.028951483751820408,0.19964378216258932,7305,0.14266240214569717,1.1087683978729972,0.2744695807112432,9.480328644433817,431
1542,7305,0.14266240214569717,1.1087683978729972,0.2744695807112432,0.19964378216258932,4383,0.12658617572647324,1.1910848121169746,0.028951483751820408,9.480328644433817,429
1543,12360,0.06795014775150648,0.4411791334888129,0.1343932261206013,0.1996319414838553,16259,0.07007099236091877,0.4817241877755162,0.18635286720545519,1.3866239585485247,452
1544,19388,0.19748689344142156,0.8509346270344698,0.40492324303652505,0.1995383449177301,16671,0.16994141513878613,0.992599596429261,0.09018944191330333,4.489696736628738,433
1545,10468,0.1900467031086484,1.0567060546802667,0.09047291762771133,0.19952117361231977,5634,0.18357470663716685,1.0972165923570278,0.01621391104970938,5.579956455313906,432
1546,2481,0.1853665998877947,1.047515327308529,0.026627067405293827,0.1994687330297473,6703,0.18646805699631597,1.0689234884979708,0.03658425998337921,1.3739500271105995,424
1547,9221,0.1344476454130471,0.8378652353765232,0.8746587344297851,0.1994613780055682,5515,0.10320083197705746,1.1235673925944258,0.24668974317544448,3.5455820869201373,439
1548,3202,0.05674813066666147,1.1666345571924777,0.4646198953990874,0.19944384180599242,11382,0.05792498733482537,1.0260523661326455,0.5361960509940615,1.1540531438790271,388
1549,2993,0.1677787979311236,0.5311263706456686,0.04582779099277665,0.1993883057206788,1052,0.16677704011479716,0.5286634031716813,0.03308704577775894,1.385067476274416,436
1550,14873,0.07693228267274177,1.1117597329395519,0.6196470587553149,0.19928080766264972,7495,0.0824410544668806,1.08005936491216,0.7769089695895096,1.2537927173415246,445
1551,12329,0.05944125531353042,0.41530820034681476,0.9047139711064066,0.1991722369178023,19605,0.05522625942906581,0.501512776691271,0.7370038831407016,1.2275565866098528,382
1552,5865,0.11484061678432327,0.9605631415783195,0.8571716597946532,0.19916350793358742,2635,0.11744820941426039,0.998562716841828,0.9032742260590444,1.0537845199821885,453
1553,2635,0.11744820941426039,0.998562716841828,0.9032742260590444,0.19916350793358742,5865,0.11484061678432327,0.9605631415783195,0.8571716597946532,1.0537845199821885,465
1554,2188,0.07048178945144368,1.1322177913647797,0.6335445487859966,0.19912287694588607,6743,0.07686664007197147,1.0090173069981354,0.8585708218660604,1.3551861877925726,432
1555,15619,0.17347182986953502,1.1227419785992883,0.45933040290511074,0.19910535557996628,8657,0.16648209558075522,1.1268143483024429,0.3775637254522601,1.2165639121049234,451
1556,10420,0.18478661128214735,0.8780322874240882,0.015620765316634644,0.1990775284366951,12710,0.19536591615670906,0.845982454457612,0.133281555246224,8.53233196610999,425
1557,1878,0.19274186437377339,0.7788011302699596,0.2093808356124437,0.19907393712468355,588,0.18778063668582273,0.8351992886641659,0.15097245672300516,1.386881025567482,439
1558,5910,0.19197272124636588,0.6660733516198272,0.014244192369798781,0.19902267967093262,11128,0.1935542320227867,0.630990777365217,0.03540451749793262,2.4855405332069913,404
1559,2405,0.1905278556626066,1.013237643299352,0.021655113078936014,0.1989415159900845,19017,0.19026876087097228,1.0341052032399138,0.01345735197140834,1.609165987851454,425
1560,14737,0.07880575387620238,0.9496153798036934,0.7034011094758307,0.19893334200961169,16596,0.058970052266980724,1.191775039416387,0.0719301658718645,9.77894463261576,439
1561,14992,0.1350341659924816,0.9103490559560009,0.2408065686561562,0.19890889245781715,2358,0.12905711562822442,0.9144549099300121,0.1505175926427685,1.5998566308967974,436
1562,7277,0.08696410667628665,1.156739776544475,0.03975669385861448,0.1988616177663681,6260,0.08896497495650502,1.1319106372395922,0.08518979690163775,2.142778702992649,435
1563,9379,0.15037364777222734,0.6858371519482047,0.13695027169829857,0.19885288889490882,6572,0.1436528512169615,0.7378003768504104,0.04377609785457681,3.1284257485270666,440
1564,6572,0.1436528512169615,0.7378003768504104,0.04377609785457681,0.19885288889490882,9379,0.15037364777222734,0.6858371519482047,0.13695027169829857,3.1284257485270666,440
1565,19238,0.08572946416313887,1.1082262785994264,0.3661276728229578,0.19874996466474043,12272,0.07466166546072514,1.1871570756403744,0.08679312040048501,4.218395088614787,439
1566,4813,0.18404105022379286,1.0344457368129871,0.10266965361560135,0.1987254591353211,16829,0.17669000627469522,1.0833269448011813,0.010449932468411317,9.824910727983873,426
1567,121,0.1733218604217136,0.5737913254897605,0.18500737291899919,0.19872279083085073,12287,0.1590495257109607,0.6411390338883782,0.014463107849897617,12.791674848798754,426
1568,712,0.17934782909992109,0.42764643629451077,0.010952697704767977,0.1986972136867515,10506,0.18186717708266015,0.4318878843203131,0.031795645130614066,2.902996685170325,441
1569,326,0.18755490298712219,0.6386546818649624,0.01676712593470222,0.19858264163882636,7369,0.18848033548308135,0.6219396539897617,0.03087436041784987,1.8413627080804884,426
1570,7369,0.18848033548308135,0.6219396539897617,0.03087436041784987,0.19858264163882636,326,0.18755490298712219,0.6386546818649624,0.01676712593470222,1.8413627080804884,426
1571,19190,0.15582913486360656,0.8990215331054636,0.09420141932319315,0.19858109455829193,19805,0.17588231898554502,0.7887859014952792,0.3489697730939705,3.7045065308060736,442
1572,11480,0.10607426832304515,1.1664375015635031,0.26239549889884833,0.19857524804183982,1289,0.09965822071199362,1.1916014537254802,0.13419878771153043,1.9552747336502443,436
1573,15939,0.05172077317614041,0.9655835235278071,0.3038409259812783,0.19845898896351122,13001,0.057049131708133735,0.8467199821167224,0.5140257455552937,1.6917594096160906,384
1574,261,0.08412813111606474,1.1843118945702609,0.8709129401149955,0.19835247712540213,14211,0.07845545571079048,1.181465061361223,0.7116350158807295,1.2238196837983604,467
1575,14211,0.07845545571079048,1.181465061361223,0.7116350158807295,0.19835247712540213,261,0.08412813111606474,1.1843118945702609,0.8709129401149955,1.2238196837983604,466
1576,4386,0.1336193542143267,1.178464885388638,0.759273999335668,0.1983413182115515,1151,0.1270400812109438,1.1893059552783836,0.6440556083280257,1.1788950977490131,474
1577,4051,0.18111483028775255,0.6752797963344879,0.03962584471956156,0.1983088523657025,16857,0.17835887619828866,0.6632584863674765,0.013240853534632694,2.9926956457841976,436
1578,12580,0.16173538130842946,0.7533212178254138,0.03863112480156504,0.19829099861273494,14122,0.1658985999441689,0.749540195743993,0.09115955053346128,2.3597436264596725,447
1579,15621,0.12600864009326623,1.0783741774763875,0.5283689403353251,0.19826906715925863,18130,0.13672428941831744,1.0264398798782526,0.7163432669246224,1.3557633922804033,449
1580,16356,0.18719509373865878,0.5019009991774812,0.2371454534248874,0.19824663733259315,2828,0.16848026957952708,0.5516590998292062,0.04547904152830763,5.214389869612366,430
1581,14084,0.12154288251520078,0.40071672249045237,0.18945431813563313,0.19813671629261767,5316,0.11175037860860668,0.47335815841563267,0.05091654315130676,3.720879431516765,453
1582,18751,0.16469106637874714,0.9535337678805237,0.06877962916648767,0.19810586338196295,9188,0.16209709938091363,0.9307323155608819,0.040704187412359635,1.689743329591762,441
1583,404,0.09731064615784923,0.401990387205606,0.15333740190247439,0.19809607829566858,18424,0.09099355444967566,0.43648305834050544,0.04291872547671464,3.5727389431838303,451
1584,16739,0.17455740772362166,0.8917571710941146,0.018977754183869513,0.19799001822192092,9731,0.1805266621995108,0.8725029805548736,0.09170028375620383,4.831988172454365,431
1585,8971,0.1945410754762189,1.017078385966633,0.010350492448690116,0.19797476147406368,97,0.1948894430222205,1.0307291443423214,0.013755083424568066,1.3289303376390378,437
1586,97,0.1948894430222205,1.0307291443423214,0.013755083424568066,0.19797476147406368,8971,0.1945410754762189,1.017078385966633,0.010350492448690116,1.3289303376390378,427
1587,13195,0.1536374951189148,0.5442320756402896,0.02717485533956796,0.19793644526763693,10291,0.16744312696280805,0.506304453188737,0.18517636929741413,6.81425409568926,437
1588,11728,0.14258187563755853,1.1692363295597308,0.22440744019347383,0.19788817072097686,8882,0.17601393400803916,0.8834523478571561,0.7160885678584389,3.1910197239497053,443
1589,6959,0.1318119184327181,0.7400239943082305,0.12102558619806929,0.19786763590154005,15142,0.12820316735849757,0.7602154573313431,0.06714311079197438,1.8025019212028448,446
1590,207,0.1864950960897172,0.7145418384751117,0.04230535952563211,0.19781913230388948,15348,0.1838963991760738,0.7229282858060851,0.015590946617017692,2.7134567621093217,433
1591,2087,0.19845258505700641,0.48937026552501084,0.045418976279952346,0.19778861646933724,13014,0.19575636334030816,0.47131207279404325,0.023367350051658672,1.9436939224834522,399
1592,2395,0.06555693084686877,0.8593867661689492,0.295035175917056,0.19777735107047142,18542,0.06187365843432069,0.8707185520144547,0.1761695668166989,1.6747227188452734,412
1593,18119,0.1886032989824511,0.6372817537178073,0.18667747879730107,0.19768455305854635,14392,0.1837231932155175,0.6873718226499552,0.13069647505805326,1.428328336432807,444
1594,9797,0.17241383747722372,0.7688759732142064,0.057858020295230364,0.19760806620700685,17206,0.16902255571775213,0.7999804137302695,0.010998509500623565,5.26053282873921,442
1595,9475,0.14898859888041702,1.1454685417443145,0.26071367513661275,0.1974975618845171,4931,0.15497732889072258,1.0594713399591846,0.35291264717375215,1.3536407209511643,429
1596,4860,0.10309400173354868,1.114193621011085,0.4784091680434658,0.19744204540232646,12370,0.1208110597368846,0.8419464638632047,0.9026896623333232,1.886856947213247,435
1597,12448,0.08166887226794796,0.9840435683456752,0.7659907428991486,0.19739519169085074,7494,0.0867283020099999,0.9624222013556727,0.9160739666277469,1.1959334693270027,445
1598,11461,0.0767479373290415,0.8487883698898762,0.244059119898835,0.19719744884929083,8420,0.06847710195226785,0.8874397395772404,0.016073476781588658,15.183965685531843,432
1599,3133,0.10879606752357227,1.1304465178114453,0.3860026325167808,0.1971645559798206,16180,0.12496036595261065,1.0114378004962443,0.6995411485080189,1.8122704084864176,455
1600,3861,0.18778640537111224,1.1741881241747638,0.23499258122993302,0.19713410050107508,1813,0.1777369471777882,1.199105612113494,0.12234193844568579,1.9207851715890454,433
1601,13236,0.1895704991776067,0.4569368039053345,0.03382991784531345,0.19711134963549878,4609,0.1974687801330523,0.4066904459469336,0.102936874129885,3.0427763555490017,428
1602,4609,0.1974687801330523,0.4066904459469336,0.102936874129885,0.19711134963549878,13236,0.1895704991776067,0.4569368039053345,0.03382991784531345,3.0427763555490017,436
1603,5591,0.19125867768301236,0.43759941984705397,0.155639216028868,0.19704725017082528,16137,0.17744419297335523,0.513005638143629,0.023195977919878766,6.709750137134181,438
1604,6061,0.1683799685237608,0.8731377578311487,0.011227838854037981,0.19703749689908048,11691,0.16892933681370698,0.8711529479600746,0.015654544624024033,1.3942616052415138,432
1605,6777,0.17954264897654643,1.0642192681539608,0.2273076611495432,0.1969544405960066,3278,0.16186721506223956,1.120062901724065,0.012321150544546442,18.448574289204963,440
1606,3278,0.16186721506223956,1.120062901724065,0.012321150544546442,0.1969544405960066,6777,0.17954264897654643,1.0642192681539608,0.2273076611495432,18.448574289204963,435
1607,6779,0.09358688876880643,0.582393626829607,0.020402904115963925,0.19695174248916725,3920,0.09982791002344904,0.5237483401832028,0.14091669004189936,6.906697656420458,439
1608,12410,0.16569382663913826,0.8333785161712441,0.015339964392230213,0.19691798000471752,6535,0.16857302666650958,0.7960798309985615,0.05771292394755978,3.762259316377014,443
1609,3587,0.1900022752896185,0.5163252057295037,0.07089475817213539,0.19690419209416563,18616,0.1842894616510372,0.5614188346693456,0.010332926017939838,6.86105349530706,435
1610,9902,0.1893322744244006,1.0237046882569065,0.13658150691056065,0.19682080020738071,4049,0.18250555929556678,1.0651080786186133,0.059273677217462344,2.304252297516021,426
1611,19703,0.1178735830155339,0.949936955563215,0.012827300739025072,0.1968003739329924,6696,0.1739079604870425,0.5500485585008751,0.9095037150786849,70.90374924411502,436
1612,4703,0.18620540259072615,0.5435924592488803,0.29606317710503327,0.1967250589916215,19110,0.16123041762715257,0.6385871634333911,0.023428252584775135,12.637014904706556,434
1613,3432,0.12266757546501116,0.5505256679858133,0.014690007604971434,0.19663176352280612,19496,0.12319065202913064,0.5157760901312631,0.02608191378525766,1.7754867449102576,431
1614,19559,0.08855763999927779,0.7211764079318081,0.02047639996382363,0.19658130561602236,19642,0.08923028064825494,0.7477645776924462,0.027941007614093284,1.364546876572915,439
1615,1601,0.19089374851772806,0.5443652839366833,0.0410830824213912,0.19654442593622293,18584,0.1883539908191304,0.5773041219339976,0.010108264107962488,4.064306391542462,421
1616,9772,0.06633390452542885,0.5472580633478598,0.017816841526554418,0.19651592343776508,10465,0.07026324156084093,0.5570488053751762,0.1241454048932624,6.967868278349712,443
1617,988,0.17507956630523075,0.9551207387338569,0.44884573141130957,0.1965062101815931,7273,0.14979958184905828,1.1389881088157185,0.10944473842290178,4.101117494355368,433
1618,11038,0.16197742765525042,1.02718743031341,0.8551913220369598,0.19649345975717902,8667,0.15113084488572795,1.1503711594076427,0.6650835461202449,1.2858404436941882,460
1619,11979,0.19255900083579103,0.6673725733130775,0.03998735488705889,0.19643519830436776,7802,0.1907428373388419,0.7034570865428045,0.015242301767337676,2.6234459530742744,426
1620,18194,0.1478335478988474,0.7441242549238691,0.26000834569588144,0.19639480400068896,7998,0.1330010728109643,0.8565996848060307,0.04053589539597486,6.4142741428551195,455
1621,10564,0.08519940688355565,0.974270126102197,0.9673391151692493,0.19626726480316598,2861,0.07849188632807996,1.0111896592744194,0.7553603215507392,1.2806326829337846,459
1622,2861,0.07849188632807996,1.0111896592744194,0.7553603215507392,0.19626726480316598,10564,0.08519940688355565,0.974270126102197,0.9673391151692493,1.2806326829337846,453
1623,16607,0.17944267036860523,0.7163913735807838,0.06171012779069309,0.19618760220376524,8393,0.17502593904031194,0.7428339510203581,0.01065098791883103,5.7938407461329575,439
1624,16849,0.08486359368991522,1.148996572945377,0.46446543378276023,0.19614610257967355,10912,0.09890401953638366,1.0148005542715566,0.8336670951266797,1.7948958835042232,450
1625,11980,0.16255236043549304,0.887741407765211,0.061276108608853845,0.19610536617238736,7376,0.1594584427123424,0.9349551396959697,0.01357343762463387,4.51441339352725,435
1626,14908,0.15413116091978485,0.8124081596643484,0.5506558772494541,0.19593758765839153,2125,0.12835091577964963,1.0272100959059727,0.15223080745184897,3.6172433587309722,429
1627,7107,0.1658257960094014,0.9748869546053055,0.11617939696544864,0.19584919940328252,7911,0.19082848869924274,0.8085285202622166,0.4156708541199025,3.5778362168941333,423
1628,17485,0.11199172334797379,0.416991151176981,0.1506901605004481,0.19584504938843883,13917,0.10464501617103417,0.4934825112436068,0.03269226757068219,4.6093517427217,440
1629,11855,0.1739643799971665,1.1329472910271456,0.21346607967040354,0.19583082739310018,7939,0.1579833614727877,1.181874244404888,0.013807060691380069,15.46064614633535,439
1630,1106,0.06958429181989467,1.1110005975172117,0.6764467937429337,0.1957864826783466,18662,0.07015500106310572,1.01198049112585,0.7154323804520077,1.0576328945154103,413
1631,1824,0.10166135762760452,0.8270553465345711,0.04462360911946775,0.19578140602147337,13999,0.1065450668109929,0.7464307907417576,0.15022113926160063,3.3664049642292224,444
1632,11379,0.05187736023001436,0.954269076227539,0.3115069684983852,0.19577231780142615,13001,0.057049131708133735,0.8467199821167224,0.5140257455552937,1.650125992471845,385
1633,3354,0.07144367043075497,1.1005553017474186,0.37531652550900757,0.19575867346499035,2713,0.07531526274573017,1.1143109155808948,0.4751140486383217,1.2659022887254108,437
1634,2713,0.07531526274573017,1.1143109155808948,0.4751140486383217,0.19575867346499035,3354,0.07144367043075497,1.1005553017474186,0.37531652550900757,1.2659022887254108,437
1635,4817,0.17479204921199082,1.1002995681424639,0.031010404837244314,0.19575679034348556,7663,0.18442809986821046,1.0864880190692716,0.13890056455430302,4.479159987859294,425
1636,7663,0.18442809986821046,1.0864880190692716,0.13890056455430302,0.19575679034348556,4817,0.17479204921199082,1.1002995681424639,0.031010404837244314,4.479159987859294,429
1637,1392,0.19029496605727103,0.7300672288670201,0.06043662272458228,0.1957458737919615,19786,0.18858810176613633,0.7479113590497437,0.037808154047126806,1.5985076301067151,433
1638,3735,0.0679426316043853,0.714819777670636,0.6305973753091635,0.19574586137832686,2448,0.0520178495193964,0.9028662336233746,0.06305184200762098,10.001252227221912,401
1639,18675,0.17269524825301702,0.4112844106025048,0.26152113068645233,0.19571334108844957,142,0.14969410350596823,0.5255378566597362,0.017597799343980508,14.861013333232947,431
1640,142,0.14969410350596823,0.5255378566597362,0.017597799343980508,0.19571334108844957,18675,0.17269524825301702,0.4112844106025048,0.26152113068645233,14.861013333232947,433
1641,2639,0.13387758082535073,1.1083748768508146,0.5862787905040029,0.19560166694916153,9378,0.12659554453986377,1.1220127604596923,0.46862712976402293,1.2510560171777152,453
1642,912,0.059699654864593624,0.592889760584611,0.9667255701480946,0.19549747810963738,1870,0.05485142238921627,0.7942513658173219,0.7099935890256281,1.3615976046696379,386
1643,10488,0.1317924386558546,0.5634349822702026,0.011999693253602076,0.1954801706347183,4658,0.13225061335153254,0.5422456077559695,0.023983482326511228,1.9986746177292367,428
1644,9796,0.07850000986197987,0.6615261013661627,0.018571547633066014,0.19540682871466583,1575,0.07865047577285131,0.711608219504759,0.015802276190893944,1.1752450981566733,446
1645,8427,0.07947416342918684,1.0858269578055784,0.9453824503339081,0.19534095796132442,17379,0.07218167685895145,1.1639128154660838,0.6899560865116031,1.3702066969417328,447
1646,10973,0.1926102689175151,0.9010737707168797,0.07536774382947524,0.19533699838477703,6632,0.188773970293301,0.9444367296670506,0.026653417796076783,2.8276952849389883,433
1647,11870,0.1961745150604941,0.9495240400005062,0.09120758145665624,0.19531914160785444,9454,0.1907079126258393,1.0018847236517998,0.0250398509382358,3.6424969813770915,426
1648,18851,0.16398474453742085,0.751287132853121,0.10113219593741483,0.19530278641287582,12709,0.18076227257061056,0.6843401143456144,0.29786072801833796,2.9452611530621526,438
1649,12203,0.16866054307379658,0.9566345809775414,0.0752156048338958,0.19528334361395489,19526,0.16462254563068374,1.003844339483006,0.01698439828732929,4.428511599966906,434
1650,6064,0.19173367686245307,1.151516131370101,0.10593036363105252,0.19518709212756438,12974,0.19188228670739743,1.1180897973203026,0.11356875433989701,1.0721076606085147,442
1651,6686,0.17686411073445762,0.4753817674352184,0.18701098260538485,0.19516654338152747,15828,0.16697107854479978,0.5419150374700719,0.08215902076989816,2.276207540607676,439
1652,11024,0.17211403327777067,1.036645010718614,0.015298411195849794,0.19513565404343763,10137,0.17134549053565284,1.006815045358671,0.011648570030128274,1.3133295465693593,428
1653,10137,0.17134549053565284,1.006815045358671,0.011648570030128274,0.19513565404343763,11024,0.17211403327777067,1.036645010718614,0.015298411195849794,1.3133295465693593,429
1654,2237,0.14052368805424875,1.1680242990056726,0.09554789823744309,0.19511508148873175,17908,0.15261299832335679,1.0699931889689736,0.27498485443410214,2.8779791026982706,439
1655,17029,0.12610979033161424,0.48882166141204747,0.151009103489383,0.19508888268811375,5522,0.11735409346751216,0.5667214113514032,0.012916518722921377,11.691161274082736,435
1656,1863,0.11443426066828818,0.6033391724688963,0.11565371040336088,0.19497913383243512,10695,0.10903941959367097,0.6817138962083336,0.012047911978422914,9.599481686991881,435
1657,410,0.09044795604762568,0.6274277850409393,0.4496699216215784,0.19495361328483773,1994,0.07270068867782717,0.778265285939941,0.010724973124700516,41.927370483190366,428
1658,13524,0.14870358002020315,1.0854135395232225,0.03663210081281829,0.19489783467321772,8975,0.17407664446487592,0.9700035878328498,0.364114898709066,9.939776606578212,431
1659,17849,0.11820868788098347,0.4739687808164488,0.08410328720050564,0.19488413886486783,7267,0.12853228778960032,0.4211899019121272,0.2187290876376126,2.6007198400718106,446
1660,15623,0.06932345807205019,1.151212437586373,0.3262333403852914,0.19488274194126307,2493,0.08306020944192183,1.0093916810049939,0.7333308941984203,2.2478723153566538,432
1661,2493,0.08306020944192183,1.0093916810049939,0.7333308941984203,0.19488274194126307,15623,0.06932345807205019,1.151212437586373,0.3262333403852914,2.2478723153566538,437
1662,13720,0.19777317825377694,0.940982224475933,0.044708393967058495,0.19484431402772695,502,0.19613264114098627,0.9440762878674824,0.02509663942973416,1.7814494284078766,435
1663,502,0.19613264114098627,0.9440762878674824,0.02509663942973416,0.19484431402772695,13720,0.19777317825377694,0.940982224475933,0.044708393967058495,1.7814494284078766,430
1664,109,0.1873432358893798,0.8113720341258133,0.015377852463947945,0.19479839037859797,5148,0.19711051482630698,0.7836045608729238,0.1180339072939268,7.6755780802714275,437
1665,12572,0.17806550732487997,0.767698043902822,0.023288115394002464,0.19478616539332175,6027,0.17818820529765156,0.7982166663290531,0.019832632611729933,1.174232178345743,444
1666,16645,0.10949723677491863,0.45156483320426605,0.07386180809798565,0.19475626221996845,398,0.10583214031937507,0.44853013084654825,0.014519702426497668,5.087005637470356,448
1667,2061,0.17349061365908816,1.1888833746757683,0.17259855450647613,0.19472170591268173,12403,0.19715146938716993,1.0666204491156037,0.4458980403167809,2.5834401776525318,451
1668,12403,0.19715146938716993,1.0666204491156037,0.4458980403167809,0.19472170591268173,2061,0.17349061365908816,1.1888833746757683,0.17259855450647613,2.5834401776525318,440
1669,7995,0.06362093018421323,1.0424397665775906,0.28425398950430897,0.19468266013319013,18587,0.05726441530219947,1.1564811427589954,0.053687773385281155,5.294575870457668,435
1670,8248,0.1448681073032183,1.1434278217526574,0.03240279074055729,0.19466532254591107,8360,0.1779858334348039,0.9190029659560535,0.47918765233677835,14.78846856659782,442
1671,1833,0.09812973951161738,0.43175435369668175,0.08681754151669442,0.1945875915102972,16126,0.09387377387588311,0.4331893506245225,0.01637582239613657,5.3015683375496705,456
1672,9316,0.19495055807168576,0.9802189420084481,0.018534475193572326,0.19458427797395425,15833,0.19528938684181396,0.9586539245629722,0.024010887865189262,1.2954716879988126,434
1673,15833,0.19528938684181396,0.9586539245629722,0.024010887865189262,0.19458427797395425,9316,0.19495055807168576,0.9802189420084481,0.018534475193572326,1.2954716879988126,429
1674,4935,0.09604239387660021,1.126021235552881,0.036382588852870046,0.19457518676313082,6902,0.12455218013397032,0.899338147485748,0.5949719642886314,16.353205834105918,443
1675,8156,0.16501533024577514,0.6092701356948566,0.040629271289341636,0.19456413505086886,11235,0.16596847197798564,0.5800444803390655,0.056971647631410674,1.4022315887894394,427
1676,5568,0.18184883267712731,0.7824220871031592,0.018271874941245186,0.19454966359437098,8013,0.1837739756717358,0.7641104302697908,0.04444141635810806,2.432230764550071,434
1677,11330,0.1940429111443689,1.002263424101224,0.04768805069570269,0.19447762494046827,11435,0.1907496643428832,1.0259029971752054,0.011107685587423002,4.293248158707235,433
1678,10400,0.08161870123628173,1.1482538467348662,0.3492576423698083,0.1944526646493815,13351,0.09237915805440958,1.0725461034405912,0.6157559996355509,1.7630423072705832,435
1679,16354,0.07730620644716893,0.41987965165622443,0.08047491219343161,0.19444250628913698,11492,0.07462395030755337,0.4122214714833713,0.021231612886022603,3.7903343766412876,449
1680,8946,0.09499762947299484,1.1699054617472022,0.18416607922940934,0.19433163589455135,8904,0.11737050513617266,0.9851584527753662,0.644970167735598,3.502111628994289,436
1681,18930,0.14490977219613663,0.41755861429980734,0.0236068968133534,0.19428940270640438,7489,0.1448048220645367,0.4461874690324225,0.01781354140454521,1.3252219913627052,454
1682,15373,0.1743559868303129,0.8556379037644024,0.0407788473146574,0.19423934015111916,17053,0.1722966885501386,0.8325880073690684,0.02082323038396457,1.9583343488366787,444
1683,15881,0.09439224153220328,1.113031481595091,0.6699458765174888,0.19422628591043362,11720,0.10637710705433584,1.007031755498733,0.9863686041497849,1.47231088170454,446
1684,11720,0.10637710705433584,1.007031755498733,0.9863686041497849,0.19422628591043362,15881,0.09439224153220328,1.113031481595091,0.6699458765174888,1.47231088170454,458
1685,6194,0.18994306089601326,1.0066024966094513,0.011875312225421859,0.19417420319013726,16327,0.1957670407950045,0.9996944661850103,0.07593699022466334,6.3945257845181205,435
1686,6699,0.17063034477341615,0.8122937877802647,0.27024487831142635,0.19402776111327824,6006,0.1627268915118011,0.8595910445067746,0.17404667305103963,1.552714990605861,450
1687,8461,0.12841787252291226,0.7335553350028646,0.10947731417431619,0.19402212279472125,1103,0.17079220071053236,0.48269928749168317,0.7013234393858666,6.406107463224558,441
1688,10290,0.18959543943930712,0.42358962800217054,0.08340048087531701,0.1940017485961116,3525,0.18391438942954608,0.4631295769613929,0.028541435255873347,2.9220843355505255,438
1689,3525,0.18391438942954608,0.4631295769613929,0.028541435255873347,0.1940017485961116,10290,0.18959543943930712,0.42358962800217054,0.08340048087531701,2.9220843355505255,433
1690,15367,0.14559569555193141,0.9338756640904592,0.03083670090020429,0.19396055384821095,16169,0.14477269195709422,0.901143280186959,0.024984903631654547,1.23421332156494,436
1691,16169,0.14477269195709422,0.901143280186959,0.024984903631654547,0.19396055384821095,15367,0.14559569555193141,0.9338756640904592,0.03083670090020429,1.23421332156494,435
1692,5948,0.1621821190739134,1.0922475772420763,0.9333734696789973,0.19393100620879192,83,0.16106976747453078,1.0419325748831638,0.9345891372289894,1.0013024449370842,461
1693,83,0.16106976747453078,1.0419325748831638,0.9345891372289894,0.19393100620879192,5948,0.1621821190739134,1.0922475772420763,0.9333734696789973,1.0013024449370842,461
1694,17186,0.19448727324142046,0.7750189368891414,0.02476774656386035,0.19392539690442384,1094,0.19631286166224948,0.7607053014083989,0.043529422160253815,1.7575043433208173,401
1695,17351,0.08865796872876962,0.4985964191930533,0.025716921399262706,0.19390466555199037,1407,0.08869590890227422,0.5186971035126715,0.02047210230184243,1.2561934783292021,434
1696,12314,0.10377932715529611,1.1004087334252102,0.9366376018294789,0.1938853381661355,16304,0.1062115387387933,1.1563996715855138,0.9734980466903255,1.0393540092655358,472
1697,16304,0.1062115387387933,1.1563996715855138,0.9734980466903255,0.1938853381661355,12314,0.10377932715529611,1.1004087334252102,0.9366376018294789,1.0393540092655358,478
1698,11205,0.11990136322674384,0.5294683667535824,0.0184445203457833,0.19385250512266528,9055,0.12256466097197909,0.48110382208774216,0.06233319617200681,3.3794967287537587,445
1699,3869,0.17125627298944096,1.1937968347398678,0.04033603630750021,0.1938406124413963,13857,0.1700052199140829,1.1692734116365084,0.03090825418283529,1.3050247376929034,443
1700,11649,0.10217866960823967,0.47608231089668185,0.21802458795299332,0.19384051142933237,15098,0.09085751795953967,0.5096907129181266,0.012533134389530944,17.39585495349922,437
1701,14599,0.19706764216579947,1.153678319176709,0.03096492661648558,0.19379595394236213,135,0.19711825223963747,1.1219806052234218,0.036915173965035554,1.1921608735666143,436
1702,4083,0.18671574105499694,0.9078717885399588,0.9647424415260282,0.1937485244894099,10093,0.1522550177566836,1.1610974288785032,0.4397187165466662,2.1939990389825548,448
1703,10093,0.1522550177566836,1.1610974288785032,0.4397187165466662,0.1937485244894099,4083,0.18671574105499694,0.9078717885399588,0.9647424415260282,2.1939990389825548,448
1704,9829,0.1945062726605663,0.4332479090403651,0.010589124200316099,0.19374004269226425,4387,0.19678424661860922,0.44794222895356,0.029376289731974578,2.774194463702452,397
1705,4387,0.19678424661860922,0.44794222895356,0.029376289731974578,0.19374004269226425,9829,0.1945062726605663,0.4332479090403651,0.010589124200316099,2.774194463702452,394
1706,14121,0.10779802138201855,0.5560868191571432,0.022502839004296126,0.19371383165861886,8889,0.10862033313103961,0.5245109910813973,0.04321070206427139,1.9202333561566087,437
1707,8889,0.10862033313103961,0.5245109910813973,0.04321070206427139,0.19371383165861886,14121,0.10779802138201855,0.5560868191571432,0.022502839004296126,1.9202333561566087,445
1708,1256,0.05798847865070081,0.4193355304064259,0.020886863276659697,0.19364049045517132,354,0.060613804711750256,0.45842662183537575,0.09164509493872482,4.387690661102514,450
1709,6725,0.19508127010795828,0.7975594793547592,0.15856427364808032,0.19355657379311683,17642,0.18731877256824814,0.8603949642291389,0.06859392439620624,2.3116372921338515,426
1710,228,0.05237000402645962,0.92649266320301,0.7464978346533779,0.19353265172483972,11783,0.05682927203968304,0.9343793491957866,0.9471189252725867,1.2687497288084746,386
1711,13715,0.14953923704598554,0.5440687800286773,0.49133303969574166,0.19351680645666372,268,0.13067662287316867,0.6434145029665684,0.22853838726778408,2.149892827938943,437
1712,16585,0.17592095113573997,1.1465076331516588,0.365166024175507,0.19350972449589138,9529,0.1892557893325496,1.1003459377774798,0.519743700920205,1.4233079380638232,446
1713,17931,0.10095846095464514,0.6389512231945322,0.28736529182714526,0.19333376849889852,12094,0.09050825363628259,0.6871884293917554,0.0734724915064311,3.911195686102355,433
1714,3288,0.1166069114447325,1.0360231542963847,0.049414774751264906,0.19332144294261522,11887,0.17223541841628137,0.6395249652002967,0.975817441039535,19.747483337755302,426
1715,15841,0.163856837216173,0.9743159213399625,0.08793657161424388,0.19330791514065968,161,0.15880380731651317,1.034530276938035,0.014869215860562307,5.914001951338838,426
1716,161,0.15880380731651317,1.034530276938035,0.014869215860562307,0.19330791514065968,15841,0.163856837216173,0.9743159213399625,0.08793657161424388,5.914001951338838,433
1717,10086,0.14611215668535593,1.1027264254202551,0.24252528843199153,0.19327186444143257,10565,0.13546846166768178,1.1741483086105489,0.08600357827001845,2.819944161748184,437
1718,6216,0.14554942518081943,0.6805452254319543,0.016916747416286675,0.19326679163924937,14151,0.15001304854132713,0.6235485677309547,0.08312457118180572,4.9137442994376785,433
1719,1195,0.18926792384952518,0.8459478341137516,0.09617076338863609,0.19325429100558342,11636,0.19877330337856475,0.8125674338794509,0.19431765678149054,2.020548136820258,426
1720,7359,0.18097451643355006,0.8404614771486105,0.1482813860424902,0.19311002462993135,1770,0.16985039209107872,0.8609439549691544,0.019681136337378963,7.534188245059308,436
1721,15312,0.1800373342923064,1.0306573700995618,0.44938769837919895,0.19308748155796857,7528,0.17448153774565478,1.1068882725973639,0.37391626040932946,1.2018404813079009,444
1722,2706,0.0680559030782926,0.41054944950483346,0.03138258383792535,0.1930643151581655,15731,0.07040185447591778,0.43238712038083243,0.08197214306774663,2.6120265778971516,453
1723,4099,0.0613451338429448,0.6505266998486106,0.42838822059015497,0.19305909026695156,1882,0.05009783992705826,0.7491753595094813,0.023756775438029426,18.03225449125552,414
1724,340,0.14042944054450696,0.49340206977307616,0.25779643691589393,0.19305862185336384,2865,0.1486039962180472,0.4750573304296378,0.35625087794343524,1.3819076873419398,432
1725,11300,0.17243493746674798,0.710539508462606,0.5967990412547688,0.19301422671342536,3933,0.1360657091014042,0.9900297228201316,0.07840725202553443,7.611528600191379,435
1726,15480,0.16206778809753628,0.8274732607797233,0.20778874904493763,0.1929400544284509,8942,0.17209004621191393,0.7398256643129015,0.33722326010950293,1.6229139530387808,435
1727,16418,0.11064017434538292,0.5751199451459919,0.05339987461104468,0.19293836417726376,16393,0.10984860948514424,0.6019092332353277,0.03346863743345031,1.595519827098609,447
1728,18669,0.18239329556997963,0.9076911181021082,0.01692096883560429,0.19293647476225675,6183,0.1996075479804314,0.8001657230150039,0.21047274861690893,12.4385755131256,422
1729,6183,0.1996075479804314,0.8001657230150039,0.21047274861690893,0.19293647476225675,18669,0.18239329556997963,0.9076911181021082,0.01692096883560429,12.4385755131256,421
1730,11882,0.16467118590961638,0.8671926532412753,0.022980694069267633,0.19291909349644953,11256,0.19739287213626183,0.7276732558318226,0.39837196056869806,17.335070880276234,440
1731,3180,0.14547109928451885,0.9985364732669798,0.07627466217713687,0.19285563229747182,5207,0.14125695002625466,0.9865393178113427,0.017945481579068872,4.2503547113553966,433
1732,9385,0.18810510928924573,1.1969907275861829,0.15784013586158682,0.19284261506741404,12119,0.19835832085273203,1.1623850194539167,0.26832692097086114,1.6999917005023513,451
1733,12119,0.19835832085273203,1.1623850194539167,0.26832692097086114,0.19284261506741404,9385,0.18810510928924573,1.1969907275861829,0.15784013586158682,1.6999917005023513,461
1734,2883,0.06963930923292355,0.5404385427772129,0.8717662088299347,0.19270768634906973,19724,0.06420068702893245,0.5613820624378462,0.6630719410995423,1.314738499391671,402
1735,8773,0.15690739535824427,1.1140877743893496,0.019828800006914647,0.19259910925632287,2926,0.18806350841969405,0.9072247430441682,0.41036503089193854,20.695404197371357,430
1736,2926,0.18806350841969405,0.9072247430441682,0.41036503089193854,0.19259910925632287,8773,0.15690739535824427,1.1140877743893496,0.019828800006914647,20.695404197371357,432
1737,19152,0.1753685808451959,0.7968020401305431,0.5303872233521436,0.1925918960934391,15591,0.13833779495497497,1.057364998806431,0.01377997359965289,38.489712590269676,436
1738,8189,0.17564207003475424,0.6526911806332609,0.012847361804147682,0.1925537455638668,792,0.19583714532130553,0.5963686802186347,0.22294491171868688,17.353361345105938,440
1739,792,0.19583714532130553,0.5963686802186347,0.22294491171868688,0.1925537455638668,8189,0.17564207003475424,0.6526911806332609,0.012847361804147682,17.353361345105938,434
1740,2768,0.08617552713169985,1.1985169147801296,0.03650436221071682,0.19255207736627009,8569,0.09160090649141825,1.1270152834714664,0.1652077342105057,4.525698415352799,433
1741,7426,0.17069664927731829,1.1891639384995405,0.03553527484323957,0.19251701358209705,8251,0.17213777598510277,1.1516565654920776,0.059780488274134846,1.682285800176042,437
1742,16402,0.1837821953131642,1.0887553902291955,0.010504691156048098,0.19242141789948,11686,0.1850150253533227,1.0911964605779048,0.02145570115849669,2.042487574338968,436
1743,2006,0.16681010494534887,0.7762076086492979,0.2278266498322843,0.1923741662851978,1576,0.19285185649961978,0.6569102768954449,0.5333582840126656,2.341070653522316,448
1744,13169,0.17500618152219183,0.9989285741122692,0.030078629502264947,0.19233272737020954,17240,0.17892510171801984,1.0067300370100687,0.07486647844296808,2.489025586665462,431
1745,17240,0.17892510171801984,1.0067300370100687,0.07486647844296808,0.19233272737020954,13169,0.17500618152219183,0.9989285741122692,0.030078629502264947,2.489025586665462,428
1746,8095,0.1989437472192509,1.0652334565354051,0.08924899076463237,0.19230347888582108,9501,0.19595170854296795,1.094793928721725,0.055979572700988474,1.594313540786574,435
1747,3915,0.11635155587083972,1.1076966077138155,0.5115694581108633,0.19223228853736157,7391,0.12456904114723336,1.0766926763690123,0.6643173927485366,1.29858689219201,450
1748,11959,0.166886192384378,0.6444514178028985,0.028691268747018536,0.19220992083353514,11581,0.1662529732150504,0.6634547540252431,0.020281042894748007,1.4146840917361525,430
1749,14949,0.12055106219516763,0.7813494683529971,0.12860469311613984,0.19216799209973623,19549,0.17485925630126986,0.4248127627833314,0.9699167612976425,7.541845774024232,436
1750,3443,0.1333273602402834,1.1921429224812135,0.3627105999442301,0.19199288822569174,17342,0.16278541866419097,0.8905754082002559,0.8688299041601651,2.395380516295237,449
1751,1597,0.08402284882223152,1.0696347762783898,0.03949410823080312,0.1919760864498307,3390,0.10584904854164444,0.8584470105801281,0.530596057665356,13.43481550626637,430
1752,4501,0.10927894464283958,0.9700536075054452,0.05124219978086672,0.19192997749023094,11916,0.12839968524366507,0.8600795227366431,0.3858255573899588,7.529449536513103,438
1753,11131,0.12245018174471446,0.8697991291136948,0.24344612135410004,0.19192845459699223,7170,0.11031082591676822,0.9417190195545079,0.029800468665505026,8.169204454019091,426
1754,2853,0.11430998182125125,0.7568562218222608,0.012669369702588133,0.19189538564660177,8016,0.1337707230196394,0.5868456728642062,0.33116771781927995,26.139241777089204,444
1755,5883,0.08947786778765285,0.8638493561867717,0.7937187045523317,0.19187586467852955,18562,0.07945042485934564,0.9549542083677776,0.5086806366381036,1.5603477848067098,441
1756,12709,0.18076227257061056,0.6843401143456144,0.29786072801833796,0.19179299992892557,8735,0.1600423738648892,0.8166768320161497,0.043722081790738845,6.812592534910596,443
1757,549,0.14375382334701262,1.0686106570308733,0.05439516683082845,0.19167621565588197,19417,0.14844513102284734,1.0428695150131961,0.11972405530742522,2.2010053885811716,421
1758,8756,0.09866285683665683,0.45458335730257654,0.3424464645887962,0.1916186037299679,5747,0.08568471009257145,0.5903289156514576,0.08709037606619265,3.932081592213143,441
1759,7902,0.1808607475122293,0.4100575491726907,0.3889110944320553,0.19159963586660836,11678,0.15160831667558217,0.5359783710177853,0.09265874105000471,4.197241296664861,440
1760,11678,0.15160831667558217,0.5359783710177853,0.09265874105000471,0.19159963586660836,7902,0.1808607475122293,0.4100575491726907,0.3889110944320553,4.197241296664861,438
1761,12340,0.12761590823739666,0.4123349956914242,0.11101018876657472,0.19157220407825318,2336,0.1251212847197848,0.4571507599457635,0.07696837714069092,1.4422830893739462,452
1762,3920,0.09982791002344904,0.5237483401832028,0.14091669004189936,0.19153148900145173,13441,0.1162046939747971,0.4068330327103945,0.3906447687835405,2.7721682127744303,445
1763,2766,0.16378261562616406,1.0942525458962433,0.844687971469681,0.1914613512726467,17441,0.1698487469622818,1.0694775684248494,0.9461906324602117,1.120165865288605,468
1764,18403,0.18026729881050202,0.8164182612260722,0.14678132853255188,0.19145235454242598,13536,0.19382608097784632,0.7308703173896611,0.2961803553182867,2.017834000273423,441
1765,8651,0.16225382977081299,0.7002915586524603,0.01190510610962985,0.19142388248206252,4307,0.1657908323687703,0.6535834600729215,0.061840153566249806,5.194422712135954,438
1766,11085,0.14264117032506446,1.171539101131387,0.015291876199025126,0.19132134101458986,12665,0.14852351761611882,1.1054088960283666,0.1060753839259939,6.936714798459873,431
1767,18910,0.16759078926313287,1.146864236761345,0.3126476727102808,0.19131209237800298,14616,0.17346326929662156,1.139631655935902,0.3829326586821463,1.2248057225648887,445
1768,16998,0.18903448342789675,0.6771325731584301,0.3289384166641275,0.1912596334123044,8045,0.16313147597425678,0.8308076305160904,0.024446122426610848,13.455647931553402,444
1769,8045,0.16313147597425678,0.8308076305160904,0.024446122426610848,0.1912596334123044,16998,0.18903448342789675,0.6771325731584301,0.3289384166641275,13.455647931553402,444
1770,1416,0.1940933190638794,0.9455794780132203,0.09356090763491182,0.19125855525824034,14957,0.19839978983817447,0.9509557906623091,0.13729993918236452,1.467492595498632,426
1771,6255,0.17424741425488563,0.9863890171134576,0.1062900327275815,0.19124739183019232,1297,0.18173752747781835,0.9723829597049547,0.19266140004591384,1.8126008159175173,427
1772,1531,0.1246195414490333,0.9829627192482407,0.6161148597512108,0.1912453872551546,6231,0.12045341251791265,1.0435707998391184,0.5270475399881921,1.1689929522581857,440
1773,17414,0.14683484643108596,0.7075745860253624,0.49493354511084003,0.1912108833454749,19006,0.14050793135080375,0.7172606159318275,0.4045157028846636,1.223521217053857,442
1774,19932,0.05607166752461374,1.171098230210506,0.5424526984500067,0.19107978345838986,954,0.05263610112334968,1.1900496136844587,0.40553342524012154,1.337627590447849,383
1775,10858,0.1258771503885185,1.0622720054104806,0.1034988078514904,0.19104653993149073,16906,0.12909939448566166,1.0198850882626984,0.15735079515154038,1.5203150492063808,427
1776,16906,0.12909939448566166,1.0198850882626984,0.15735079515154038,0.19104653993149073,10858,0.1258771503885185,1.0622720054104806,0.1034988078514904,1.5203150492063808,425
1777,17640,0.1402465577435162,1.0140263193987296,0.7710072255857758,0.19101186774260145,8723,0.13073460260677133,1.0907011273616003,0.5988190504700469,1.2875462545497989,454
1778,9056,0.1056065394567613,0.5918284523241478,0.01449518727305332,0.19084320168443727,4699,0.12991648507960357,0.4124577174505511,0.3773870928279643,26.035337503333277,439
1779,6487,0.0969068424392491,1.0176592347986142,0.04550434821307213,0.19081383220926912,1159,0.09899132767365193,0.9513685765221821,0.10004181676771105,2.1985111466550316,429
1780,10697,0.05106332836490971,1.1045214699657815,0.5359543322100642,0.19071598491276573,9026,0.05369118168151398,1.1347939745046451,0.6291744217707207,1.173932896812782,387
1781,4253,0.13280684738269574,0.5999620155025585,0.3842634053797341,0.19069274140508088,18153,0.1343540182234986,0.5534472785154427,0.40602793009141075,1.0566395977524028,447
1782,7691,0.06961934251854679,0.7256405196651581,0.014441398539615225,0.1906841966303475,5248,0.08550226827008445,0.5845302364262867,0.41829396017729426,28.964920470122227,428
1783,15664,0.07323718816378705,1.0623847362509635,0.895120114398643,0.1906662577414762,5996,0.07011151533564379,1.192680481652344,0.7587189815616906,1.1797782000342136,414
1784,5996,0.07011151533564379,1.192680481652344,0.7587189815616906,0.1906662577414762,15664,0.07323718816378705,1.0623847362509635,0.895120114398643,1.1797782000342136,409
1785,12499,0.17471495464596615,0.7088615443943314,0.9941696960103288,0.19065105808143953,11556,0.11643605313743022,1.170715951329902,0.015260480083599134,65.14668546232636,442
1786,19014,0.16252515320512792,0.886257432184758,0.16177528000055588,0.19064637182520458,1487,0.15185327413174293,0.9718695406844565,0.014547805044288178,11.120253502714679,436
1787,10654,0.1561018751319403,0.878933509970387,0.9449795849619174,0.19060048984624728,18618,0.14025574838131905,1.0718117832236715,0.6315883177726015,1.496195477925464,448
1788,18618,0.14025574838131905,1.0718117832236715,0.6315883177726015,0.19060048984624728,10654,0.1561018751319403,0.878933509970387,0.9449795849619174,1.496195477925464,444
1789,14341,0.15571950004991858,0.6299883696454267,0.034951791866277226,0.1905352140264516,2047,0.15455971312775446,0.6577058898969974,0.014305309159324743,2.443274135288039,428
1790,17565,0.1921693499171102,0.7111012600101528,0.07730074649730592,0.19050106633851488,14859,0.199341581420783,0.7066444237485866,0.1491134165922279,1.929003578218029,430
1791,9184,0.1600904801147977,0.40855892327885424,0.18932355391347275,0.19048233213812887,10739,0.1473095102424356,0.4892950800649857,0.05117781306551499,3.6993287241702033,449
1792,3983,0.11457837837955782,0.9711098924788673,0.012682585103428715,0.19045294658131232,8034,0.14523349464900612,0.7519239436131884,0.5207998179230261,41.06416899045517,433
1793,16531,0.1845375282027656,0.8986826906416105,0.12641901735034305,0.19045130359014945,19058,0.17638987730587968,0.9648998413012317,0.024667099658243586,5.125005335116268,426
1794,6975,0.17562057890511845,0.5844667950470649,0.5950817161009087,0.1904324498424392,8380,0.1832178650023526,0.562448887844919,0.6920666580586334,1.1629775194458822,436
1795,8705,0.16752342499118303,1.1514784999261336,0.17368109171909776,0.1903511737302263,10080,0.16040868478052284,1.155897177413975,0.08910350465178479,1.9492060654386263,428
1796,19453,0.0614539611172074,0.9182199104753775,0.020805413777800978,0.19030432474692385,12686,0.061099093080188786,0.8532578162306681,0.018828068851933746,1.1050211225281423,418
1797,15599,0.13810105153348834,0.5198047485748599,0.15875843318377633,0.19029851208535267,11013,0.14420157504685382,0.46040931253843714,0.23388762466620977,1.4732296103947122,433
1798,305,0.1509668919203975,1.1327545562686425,0.14572354646375496,0.19029002437053635,13049,0.16192169218081853,1.032580375110896,0.2968674923327275,2.037196455457978,427
1799,18352,0.19825262440956132,0.4668071221621634,0.6724435919064136,0.19021748451908646,3090,0.14593527349396793,0.7061496722556916,0.05805596218081452,11.582679308838204,440
1800,12992,0.16715002116239835,0.5280526104988637,0.03082423794783541,0.1901521855429877,6097,0.1827206037607425,0.47886106077007884,0.18801388124045262,6.099546777397481,433
1801,2631,0.061899813948927344,0.43008621080948123,0.012271381369436413,0.19009442946980018,18301,0.06274567574385742,0.4837121252046333,0.029063241420696936,2.36837569836131,448
1802,10615,0.1781189494594519,0.40165598838097466,0.011684024103621519,0.19007821358665933,3326,0.1797163153101709,0.4240121437675791,0.023599608338388638,2.0198185256288395,459
1803,3326,0.1797163153101709,0.4240121437675791,0.023599608338388638,0.19007821358665933,10615,0.1781189494594519,0.40165598838097466,0.011684024103621519,2.0198185256288395,454
1804,832,0.09478822888756158,0.4239812162298834,0.15123081651775658,0.1900518305110013,10635,0.08785295573356788,0.4290371147510661,0.02655687669120793,5.694600998310313,442
1805,2712,0.09644041562135607,0.618191869564919,0.1930238563255981,0.1900517031074537,7693,0.08874610246552796,0.6947147644091848,0.022068158083019193,8.746713504564042,436
1806,15007,0.0721696134839091,0.4956613791032997,0.1776384840822852,0.19002305133285813,10465,0.07026324156084093,0.5570488053751762,0.1241454048932624,1.4308905290132568,440
1807,13642,0.14760363613553468,0.7069750381062039,0.019698678189313954,0.18999925051040525,251,0.14962975853190635,0.7284413250738063,0.04209389858623063,2.1368894999800307,431
1808,2386,0.0685585208454807,0.4391471538631241,0.05310269017677192,0.18997467391826728,11987,0.07245859668646691,0.46130553679018693,0.1439070455675501,2.7099765584097972,450
1809,7267,0.12853228778960032,0.4211899019121272,0.2187290876376126,0.18996194160649266,1341,0.12017821245406708,0.49822968364917036,0.10882672325823321,2.0098839796783534,450
1810,3825,0.1671419313703444,0.9071159342851988,0.031526695817478974,0.1899117808629339,19851,0.1735608191879974,0.8963269482902456,0.11018846251879763,3.495084393135393,435
1811,10024,0.1683072534094896,0.6352660833906248,0.01727697612199218,0.1899098641417569,9645,0.1675567741113771,0.6110329596041588,0.011640602199143243,1.48419951360109,432
1812,17524,0.18009249784395687,1.1058577493444313,0.3365477057321035,0.18990709392299288,19735,0.1860784350810516,1.0886159245417175,0.40172235265665884,1.1936564885586687,449
1813,8967,0.1317513284278996,0.8906855786776826,0.06488138514177434,0.18987419674756228,844,0.1302216581800042,0.9394908429918791,0.03364221321383952,1.9285706540580347,434
1814,948,0.06463661388989812,0.646620792280583,0.03995354877140593,0.1898727071920783,1925,0.06406698087989005,0.7183514988218894,0.010804622616307245,3.6978199230304143,435
1815,7909,0.19500147708085241,0.9552105549156878,0.05504517443666927,0.18985518328117537,13616,0.19308271075682565,0.9462721135568513,0.03476942040295524,1.5831490372497175,426
1816,19412,0.19181149999177521,0.8580879951878253,0.015754123206630645,0.18983766091069537,13723,0.19315889905226924,0.8358571405515922,0.0318051775651703,2.018847837357527,434
1817,15641,0.1969930562587749,0.766000490835081,0.1166405588999732,0.18979879332518768,5787,0.18896232560996068,0.785274346628039,0.03013069647789612,3.871153757947172,434
1818,5787,0.18896232560996068,0.785274346628039,0.03013069647789612,0.18979879332518768,15641,0.1969930562587749,0.766000490835081,0.1166405588999732,3.871153757947172,435
1819,17176,0.13178467972974028,0.47782501554661627,0.3884641565424052,0.189784297227759,6506,0.14571728637707232,0.42299463749081245,0.5800957046938197,1.4933056111458658,427
1820,7067,0.13560622738098885,1.0556369562394778,0.25389131701562895,0.18974287239087992,15624,0.12048163774906842,1.1273955992324731,0.010781555572886315,23.548672109442187,435
1821,19802,0.062035873033314426,0.6103893778396103,0.6976256530233611,0.18972299979697813,14721,0.0617008194281177,0.694267994385277,0.6804391262835339,1.025257993075292,390
1822,3530,0.18433139376963542,0.5057726340105267,0.11689276503821759,0.1896725638193222,394,0.18215212193493496,0.5298687999692018,0.09231125136236479,1.2662894643184814,441
1823,19247,0.1637745745640481,0.9859969151050431,0.024137002347315497,0.18964294326559236,11490,0.16486102991705195,0.9591474623058734,0.043962497112910996,1.8213735276783647,432
1824,8453,0.14636279511522263,0.9945611852605795,0.037752818709909625,0.18962404866460944,3333,0.15279030110788525,0.9255512406248184,0.13557812383272938,3.591205331567518,426
1825,1369,0.1745941041350651,0.909359111836234,0.010735607228299011,0.1895576388803545,13024,0.17501313607503544,0.876388978436063,0.020852237885073358,1.9423435900399704,430
1826,13024,0.17501313607503544,0.876388978436063,0.020852237885073358,0.1895576388803545,1369,0.1745941041350651,0.909359111836234,0.010735607228299011,1.9423435900399704,429
1827,5760,0.14656572410581542,0.5988260410736311,0.8230439971106924,0.18943737848414033,18148,0.11041798933107043,0.8969982105109806,0.17754598186053178,4.635666707215152,441
1828,86,0.1447958349152043,0.8238707474721094,0.013889502571567446,0.18941387213975372,18404,0.15231088337058768,0.817955463668955,0.11484777541109192,8.268674476952937,445
1829,8321,0.13076237692719153,1.1008758503426663,0.31536567595827253,0.18936422483842058,4132,0.14635288755979023,0.9323733715111954,0.5727106681976504,1.8160209301706896,439
1830,11011,0.16139754948228333,0.7738000073666944,0.30188240533345706,0.18933621655061264,6634,0.15824615171850337,0.8294194594005304,0.25574502376590424,1.1804038291270316,441
1831,7361,0.17144915926735038,0.9720015961631662,0.38728724946670545,0.1893264381772932,7655,0.16123993694516614,0.9995513346718877,0.2624573879279708,1.4756195378009063,426
1832,745,0.14785915587507992,1.0450957037327675,0.14218340610564195,0.1892832938489141,17148,0.1412756384030839,1.0505648779975498,0.052444775136448574,2.7111071738932093,430
1833,16350,0.07695867653308397,0.5297058926856353,0.010636770812236986,0.18928324705906874,1649,0.07766035035569194,0.5076819719642931,0.026681259749645622,2.508398481139632,447
1834,9398,0.19195997047359437,0.8344052749060257,0.13273204771930044,0.1892599239782176,13744,0.1964321237597217,0.823771632876434,0.18107897353431948,1.3642445561998886,420
1835,4403,0.16226283249217702,1.1936232665367568,0.05075525145288443,0.18919653709734052,7997,0.16943375142310785,1.1223685627667386,0.14795561417039607,2.9150799165627563,436
1836,9631,0.15137505796704578,0.6353240768364241,0.11809029634696469,0.1891529794484162,6281,0.14350977359269626,0.6449643159559242,0.014300792823102825,8.257604862031894,446
1837,4261,0.10451940513461852,1.089491216159756,0.08388812959475617,0.18912782703425382,11075,0.10574687190766884,1.0934294667215707,0.10974233560426488,1.3081986227897118,428
1838,19141,0.1102297374480229,0.4983565909144603,0.7472517055628203,0.1890559993589185,9931,0.07775602512291169,0.7801267002601056,0.015079160675480001,49.555258521644056,429
1839,9194,0.08387495863221879,1.1939679727973302,0.6058457638948244,0.1890162230265148,17810,0.0847806564194012,1.1257134277243246,0.6403829491060142,1.0570065638309647,462
1840,17810,0.0847806564194012,1.1257134277243246,0.6403829491060142,0.1890162230265148,9194,0.08387495863221879,1.1939679727973302,0.6058457638948244,1.0570065638309647,448
1841,15506,0.18557972963835362,0.9305843237357784,0.2928199327030047,0.188999869069724,8787,0.16359977523289237,1.070573381005195,0.02055785789081933,14.243698650809888,429
1842,14985,0.05009037102641349,0.4732771751692124,0.22066846882258698,0.188966113591671,3286,0.055195756166451095,0.42606665286046463,0.38983249100446693,1.7665980694227974,414
1843,3286,0.055195756166451095,0.42606665286046463,0.38983249100446693,0.188966113591671,14985,0.05009037102641349,0.4732771751692124,0.22066846882258698,1.7665980694227974,410
1844,13689,0.06723332817440855,0.5212373851658204,0.020545218254964834,0.18892283110479374,9777,0.07113590668798643,0.46508281950726976,0.1277140951661579,6.216244265757326,447
1845,16073,0.06424978538296086,0.40872616733733524,0.05184652808904029,0.18889379065549822,12064,0.0637394228722497,0.44762621303998607,0.03883002591316833,1.3352174475747056,455
1846,6326,0.06902389846469359,0.40600431120453656,0.012312466864096348,0.18889224667407647,13182,0.06982620473376745,0.4156318815667036,0.03341563892161616,2.713967825493811,461
1847,17366,0.10021584415358128,0.467861497257224,0.2605516743925357,0.18882021998520604,8406,0.08832240523156104,0.5447200947427021,0.03922102992506764,6.643162479168026,445
1848,16299,0.09661233529592932,1.1543756440628579,0.030634631010135565,0.18876510372122898,12687,0.13615541053108496,0.7306472325633419,0.8269130704463497,26.99275438221413,429
1849,16230,0.19432382932939085,0.729618808402074,0.021819987604900632,0.18872681429666086,11506,0.1964552729632118,0.6975154223512101,0.04727804313057035,2.1667309801748926,402
1850,2808,0.13967988616525623,1.119422681050445,0.05237091824390222,0.18871279001734245,5845,0.17047832903535118,0.897209357041928,0.48554113288143413,9.27119762575421,442
1851,2397,0.17960325679191103,0.4134969765370018,0.011436677687793441,0.1887105455237641,10646,0.18580124679147658,0.419623845419377,0.06629484931356479,5.796687737761675,437
1852,10904,0.18531677205122088,1.019610124510764,0.0115100047603034,0.18862723074292187,3705,0.19451329251612653,1.0115093558203592,0.10987131201290949,9.54572255190043,432
1853,19769,0.12967363899858791,0.7678187686493327,0.04502905030780207,0.18862053379414825,3212,0.13167639667191414,0.7419380468273291,0.08175106970025695,1.8155184073711665,440
1854,3212,0.13167639667191414,0.7419380468273291,0.08175106970025695,0.18862053379414825,19769,0.12967363899858791,0.7678187686493327,0.04502905030780207,1.8155184073711665,440
1855,4850,0.17791111122498937,0.8467632044709759,0.08798944171324401,0.18858273583165447,11170,0.17359217137183292,0.8950458880821703,0.03219321615383415,2.733167176985038,436
1856,15155,0.09399327390912918,0.9579344812616206,0.011283259139267648,0.18852045258326702,17424,0.0940529115167685,0.9214761718532185,0.016182504493439637,1.4342048067585178,438
1857,14813,0.183479869791926,1.105381728117746,0.021628753296272996,0.18851536925573356,11872,0.1906242890957453,1.103142516876919,0.09752034316389921,4.508828679492296,428
1858,13852,0.1388676398849276,0.46133973797623745,0.06906770525902028,0.18850127420619248,8358,0.13454349963963913,0.4647633181466893,0.01669616808042778,4.136739934954624,445
1859,7149,0.11623427416465223,1.0534049491740305,0.5031023195505494,0.18850070923872525,7692,0.10610708736392334,1.1066482650215077,0.3102462042029872,1.6216228038728258,445
1860,13350,0.08132447878416574,1.178136488604792,0.7507004853315755,0.1884921706476243,3657,0.08577046369002948,1.1305500428908808,0.882765365535308,1.1759221990450706,455
1861,3657,0.08577046369002948,1.1305500428908808,0.882765365535308,0.1884921706476243,13350,0.08132447878416574,1.178136488604792,0.7507004853315755,1.1759221990450706,453
1862,13206,0.1702126038068721,0.9519866672550423,0.01783161163828657,0.18848832305708327,10835,0.18240453408741403,0.8682579760763025,0.16973539787622682,9.518791756982019,427
1863,5644,0.1864824627028212,1.1227987374308555,0.03255523023012295,0.1884868288143733,8112,0.18564767830105805,1.1438832191476882,0.017991140932662786,1.8095144911582104,438
1864,13271,0.1037444970668396,0.4147732305192805,0.0137605270513702,0.18848504253701073,11406,0.10900191805595322,0.4047611203195695,0.09065296983035549,6.587899539889263,460
1865,11406,0.10900191805595322,0.4047611203195695,0.09065296983035549,0.18848504253701073,13271,0.1037444970668396,0.4147732305192805,0.0137605270513702,6.587899539889263,458
1866,16161,0.15653804080433784,1.1072923474117582,0.36993485372868273,0.18847429413357078,4299,0.14535397880528508,1.1425258484878558,0.22019421634124356,1.6800389214373381,435
1867,12441,0.13219548235566686,0.651241639326958,0.013239689206710772,0.1884692336787486,14112,0.1791097352803943,0.428785057737314,0.5914296948074494,44.67096512414149,428
1868,15501,0.18260664672481036,0.9253566123754654,0.017432833365330233,0.18833221182545146,9111,0.18224048211943195,0.9399968867399632,0.012930682124837023,1.3481758500462677,418
1869,15736,0.16364366774165806,0.9530592284853553,0.1329406142900909,0.18832410861659202,14108,0.15482061444797326,0.9674955924701403,0.021154839148879574,6.284170413894726,436
1870,14108,0.15482061444797326,0.9674955924701403,0.021154839148879574,0.18832410861659202,15736,0.16364366774165806,0.9530592284853553,0.1329406142900909,6.284170413894726,439
1871,15923,0.16148076895413233,0.588156236638847,0.012689290019337976,0.1881897276133476,15828,0.16697107854479978,0.5419150374700719,0.08215902076989816,6.474674362765061,441
1872,15828,0.16697107854479978,0.5419150374700719,0.08215902076989816,0.1881897276133476,15923,0.16148076895413233,0.588156236638847,0.012689290019337976,6.474674362765061,426
1873,12885,0.0930722390418732,0.7849859123475253,0.20088219168837823,0.18818414004222853,15084,0.08592293790215944,0.8910873472782657,0.025065939141454652,8.014149821187207,429
1874,9527,0.11339928871948546,0.9737618315016842,0.03957747678534536,0.1880555334006328,14972,0.11194808114976304,0.9708787305885829,0.010750639124867574,3.681406875038499,431
1875,13408,0.12492402790624478,0.4008608671224918,0.1401386020729474,0.18801812601725415,8541,0.11946278854157555,0.4423432296906123,0.07109091457107561,1.9712589564850649,463
1876,9888,0.19500565360272198,0.7098066468527086,0.045695035053828284,0.1880159923959702,1000,0.19312878988518534,0.7414731322226973,0.022608527601222363,2.0211415736493037,407
1877,10955,0.1307845467801566,0.8590826371715486,0.05365973716446258,0.1879951902213277,16334,0.14908264397604462,0.7195003389079321,0.3295936788149744,6.1422902204086,432
1878,6191,0.18088288647558942,0.501658642520207,0.01644787169719391,0.1879828884442984,13807,0.19597395419680852,0.4263096130299723,0.15633947347173305,9.505149137222743,435
1879,1174,0.17145795713860867,0.8613443363527242,0.457070903432001,0.18794185317534326,172,0.13881175919838917,1.0481866666128834,0.010763169278884968,42.46620039031405,443
1880,172,0.13881175919838917,1.0481866666128834,0.010763169278884968,0.18794185317534326,1174,0.17145795713860867,0.8613443363527242,0.457070903432001,42.46620039031405,437
1881,18772,0.17739797230370308,1.061289474265021,0.7109652050569113,0.18793124957865928,16431,0.15950450684303089,1.1586835050855766,0.4651635230587684,1.5284199422642357,469
1882,16431,0.15950450684303089,1.1586835050855766,0.4651635230587684,0.18793124957865928,18772,0.17739797230370308,1.061289474265021,0.7109652050569113,1.5284199422642357,458
1883,16862,0.07014076305863506,0.6243779534077515,0.09280334083348092,0.18790260361809114,1517,0.08573256523564016,0.4798917423084793,0.4648945531013771,5.009459238493878,437
1884,3541,0.17314546499910016,0.8686407101952691,0.03279417041421086,0.18786313085009085,3164,0.17593311515422827,0.8243414611822284,0.07178409568764144,2.188928543730897,440
1885,137,0.13075716442323582,1.073079214137131,0.5331995277604601,0.1878569159361872,14429,0.14205837997930104,0.9895472546362504,0.7303902233212108,1.3698253379724272,455
1886,4543,0.145989378415127,0.8870471096758707,0.08481315100915679,0.18784537874968804,12046,0.1985306896643218,0.5717189148386008,0.7610200530828852,8.97290153741278,435
1887,10114,0.19422187060486296,0.5747930617269881,0.11368750633447725,0.18783069554822518,3537,0.18612977050702267,0.5988755053395047,0.0337528649847328,3.3682327821919924,427
1888,3537,0.18612977050702267,0.5988755053395047,0.0337528649847328,0.18783069554822518,10114,0.19422187060486296,0.5747930617269881,0.11368750633447725,3.3682327821919924,432
1889,19069,0.1644741669823299,0.9111420576245478,0.19146502787684852,0.18782854003460348,6412,0.15331230857979194,0.9741325117769309,0.04023132853181095,4.759102790390253,435
1890,7088,0.16319925851954642,0.5566886755571718,0.18519679381392998,0.18779292258546817,9392,0.1500306782562332,0.615639502047815,0.021194899027255472,8.737800240320896,433
1891,4146,0.1698345018500516,0.4998111417285218,0.03197739091483159,0.18770976294410513,2602,0.1764235345076725,0.5026088674270881,0.09814246712030543,3.069120535246217,435
1892,8204,0.1280744091891155,0.4353912155890896,0.08753901998949302,0.18760652796490435,19690,0.1281935296062623,0.4685723736170773,0.08693650898909014,1.0069304715292686,438
1893,3924,0.1936335758666169,1.1188021972813011,0.1010103201235243,0.18758450082363468,12799,0.18800973902807983,1.155273675372593,0.038136205261271094,2.6486725522768384,427
1894,18368,0.05403413465607294,0.9955624345888,0.6992078821223573,0.18757884953142645,1204,0.055260679633031606,1.0815029425504368,0.7317233400152734,1.0465032771001086,381
1895,18279,0.11974139466650185,0.9112403957216566,0.03360132554605367,0.18756586925940763,16344,0.11963035949995922,0.9478525682632136,0.0239710585733563,1.4017455859626224,447
1896,5463,0.18164325017430355,0.5115186990409641,0.09386629929169397,0.18749864693527069,18485,0.17440835532474736,0.5622310109435738,0.015215320519372607,6.169196315791084,435
1897,6108,0.16290611623024898,1.0885172200681956,0.26730209989013354,0.18748032371827061,4285,0.19088322064120278,0.9259051216822711,0.6180680626492245,2.312245444024805,433
1898,13182,0.06982620473376745,0.4156318815667036,0.03341563892161616,0.1874603727609044,18231,0.06896242244347597,0.40732320716574577,0.01779205496293394,1.878121385710123,456
1899,3104,0.14823845697682153,1.1562024498227288,0.1649931864293924,0.18739783170936297,12310,0.16832925574345234,0.9944319398198029,0.44372347266115264,2.6893442224115165,444
1900,18034,0.1002023640645133,1.1386447386697154,0.2729833732207531,0.18734645956697923,8919,0.10603189924599862,1.112278245278722,0.3847501229284822,1.4094269493012193,445
1901,2872,0.10648616543730197,0.6230463460679417,0.047388947563300345,0.18733309759447925,9063,0.11175601881742173,0.5530060201758351,0.14611336155728114,3.0832793102676206,433
1902,13259,0.06567884796133822,1.0916337752160257,0.10609728020478344,0.18732364700851886,18562,0.07945042485934564,0.9549542083677776,0.5086806366381036,4.794473860746239,430
1903,6485,0.1755533732677605,0.6822081346399422,0.23442959336598265,0.18731893405687636,12402,0.16072123488664028,0.7369780571674027,0.05654786417594435,4.1456843115519435,434
1904,9810,0.19471891482890308,0.8464644921563619,0.02348169151349928,0.18731203902970026,8170,0.19987723855605055,0.8165775797725064,0.08241221341419977,3.509637002377882,416
1905,8170,0.19987723855605055,0.8165775797725064,0.08241221341419977,0.18731203902970026,9810,0.19471891482890308,0.8464644921563619,0.02348169151349928,3.509637002377882,414
1906,9672,0.19627684548678337,0.4896388119250381,0.05810865376463722,0.18729708315874152,1331,0.1926494946578063,0.47669154523671975,0.026511871185499032,2.191797529418459,407
1907,521,0.0656549255103592,0.6078657046693241,0.3931512176457546,0.18726020940041133,18387,0.056862956512459574,0.666894347673956,0.11258287595536791,3.492104943220802,420
1908,250,0.16852268076099736,0.8497591309691508,0.6659489691710604,0.18724490678909528,11266,0.14781968493914224,0.9713103666407289,0.36812486185124177,1.8090301367370523,425
1909,7087,0.12371799483719069,1.14058807486561,0.45478274722862533,0.18723536732049736,12065,0.14598483430282103,0.9539359266142835,0.8636094566151538,1.8989494695606952,440
1910,16071,0.1890454280338672,0.6355253201998693,0.13364490313165633,0.18722313806529614,17284,0.18147673090235505,0.6687935083211526,0.04965934194187774,2.6912338727338945,430
1911,2969,0.16037690359775694,0.4891415337524079,0.149312196884763,0.1872223022924264,4152,0.18007270936997538,0.40422573245005433,0.33754108178978526,2.2606397121749846,430
1912,9570,0.14988195547277477,0.9525637102224643,0.2875464972764918,0.18722063095974437,1431,0.15634447859401962,0.9290054548916445,0.3769279884648702,1.3108418709146479,424
1913,1431,0.15634447859401962,0.9290054548916445,0.3769279884648702,0.18722063095974437,9570,0.14988195547277477,0.9525637102224643,0.2875464972764918,1.3108418709146479,427
1914,14537,0.19681504157948876,0.7099376879430785,0.3223986697124471,0.18718308578284665,1749,0.17505782735222708,0.841799348058037,0.07903194712866733,4.079346155897798,440
1915,17544,0.15352877150624872,1.1351863951453827,0.08056486280050343,0.18713824474430155,5526,0.14897490410610473,1.125323159135926,0.02282338967631738,3.5299253942152733,428
1916,18974,0.12835609631607975,0.449434329740743,0.5976820226704794,0.18710096483999297,16294,0.09540797645020885,0.7253465722727173,0.01726481320281174,34.61850502808459,442
1917,6591,0.16692262633842986,0.42584677135924504,0.013769768666359674,0.18697522427165042,4464,0.16734949670097377,0.42061008795949595,0.020513436927878475,1.4897444848143284,440
1918,17196,0.1701637046780871,0.44974867981865657,0.037483495811112134,0.18691065881091698,1715,0.1840570603181808,0.41916940990985263,0.16756975742443658,4.470494381550182,441
1919,1715,0.1840570603181808,0.41916940990985263,0.16756975742443658,0.18691065881091698,17196,0.1701637046780871,0.44974867981865657,0.037483495811112134,4.470494381550182,442
1920,4296,0.19702457182942057,0.6611997737552647,0.23581408639095425,0.18689317029851907,17197,0.1760678068978927,0.7246409133235595,0.012314609452918105,19.14913236124391,432
1921,6249,0.12751303461686028,0.5458999116324879,0.03649860540014073,0.18686099241812165,15600,0.14570419555158132,0.4729561682945299,0.2762165897585875,7.567866956295335,433
1922,18996,0.05121014261167144,0.5671881873453672,0.3903001987978368,0.18678694924829697,3175,0.06370695251703307,0.40659725809641634,0.8778598844095356,2.2491914867413105,390
1923,12474,0.053080324488619136,0.4032393319547552,0.034732076817750424,0.18675617209033057,5907,0.0537796879554829,0.40573463323340264,0.059727542753238425,1.719665169078333,454
1924,14078,0.13896999201397692,1.1384373517652722,0.44231288315314077,0.18663931636046024,1430,0.12872735116970568,1.199804668565371,0.28433817160540625,1.555587421329296,448
1925,1430,0.12872735116970568,1.199804668565371,0.28433817160540625,0.18663931636046024,14078,0.13896999201397692,1.1384373517652722,0.44231288315314077,1.555587421329296,451
1926,8223,0.15376972301752262,0.9909880596303987,0.6218516198590383,0.18660142863161608,15109,0.14484489380132104,1.0452284083984464,0.4871852404084632,1.2764171988003348,448
1927,15109,0.14484489380132104,1.0452284083984464,0.4871852404084632,0.18660142863161608,8223,0.15376972301752262,0.9909880596303987,0.6218516198590383,1.2764171988003348,446
1928,12953,0.1796705073727553,0.6753143526668252,0.13570754749437677,0.1864605167422249,9515,0.17081161290521235,0.7310423287936697,0.028183075466451796,4.815214281916059,433
1929,9515,0.17081161290521235,0.7310423287936697,0.028183075466451796,0.1864605167422249,12953,0.1796705073727553,0.6753143526668252,0.13570754749437677,4.815214281916059,431
1930,6761,0.0976909850385192,1.0807530975763782,0.18091075165370601,0.186454167256948,19695,0.09227368562235175,1.1616117332473554,0.05828962827420258,3.103652519495861,431
1931,8537,0.10621538505050501,0.5575504070840608,0.03964413384524679,0.1863964411884358,13112,0.10578685271467517,0.5966041366556573,0.027827789329651072,1.4246239029488827,434
1932,3664,0.1545041617639445,1.024280088376548,0.9484943141708316,0.18628052313947374,16133,0.14200110952872635,1.0965054612271985,0.7240486196584897,1.3099870484087184,464
1933,14917,0.07977518602043183,1.0399580547050946,0.945624418526627,0.186212886734779,6743,0.07686664007197147,1.0090173069981354,0.8585708218660604,1.1013936118529628,442
1934,12739,0.19033692429810983,0.8332682968003398,0.4776848376256558,0.18619884802915984,7760,0.1573325530491156,1.046774505013582,0.06508070976376117,7.339883651540085,425
1935,7760,0.1573325530491156,1.046774505013582,0.06508070976376117,0.18619884802915984,12739,0.19033692429810983,0.8332682968003398,0.4776848376256558,7.339883651540085,426
1936,4425,0.1267428236174798,0.48823784937018205,0.07030940961671611,0.18611033424410403,11883,0.14638977034545111,0.4203876122983723,0.31179216882118743,4.434572420973062,444
1937,6459,0.12862448998315856,0.4190789240830652,0.02480407248593229,0.18609379057342515,13812,0.13177043178828113,0.4265007232521343,0.06168608005659805,2.48693355059269,451
1938,2943,0.18956339153553647,0.6057939417987622,0.03329924651573328,0.18604035967260005,3501,0.18792366947979566,0.6187215824884776,0.01268695706264211,2.62468347227137,432
1939,10317,0.12992600638296786,0.8545501250225505,0.8392732623150606,0.1860155412724577,15581,0.09847567723925729,1.1422582676894208,0.1950045794518103,4.303864374233645,458
1940,17227,0.15396519803949665,0.5038487534205061,0.04866579210455458,0.18598992550990032,19380,0.15967528785402746,0.465929130030037,0.11265528497005217,2.3148762220497976,432
1941,5119,0.06516142360393742,0.49574168348212044,0.16894921176717054,0.18596155199203815,13366,0.06856797682463589,0.43859177918483794,0.24865421264054963,1.4717690011079827,435
1942,9704,0.15891925609396312,0.7589046148282141,0.027109588449390553,0.18589496614983828,12561,0.17450727155184861,0.6785078560738013,0.2203994994383971,8.129946341673508,435
1943,16661,0.1944760949320597,1.1799535636936547,0.20885405826820877,0.18586163515327095,4375,0.18875976084073604,1.1832925590265084,0.1520660780731065,1.3734427882581492,455
1944,6986,0.19696366101715745,0.5107947682981453,0.9501739222531882,0.18585814923587646,11512,0.1329628619343013,0.9332777473960913,0.03718836329639477,25.550302245899132,436
1945,11761,0.19872806672582716,0.7322284777235545,0.03169009643943864,0.18581757423181097,6689,0.1978593800463696,0.7518867250024854,0.01805689479033563,1.755013628168213,400
1946,6689,0.1978593800463696,0.7518867250024854,0.01805689479033563,0.18581757423181097,11761,0.19872806672582716,0.7322284777235545,0.03169009643943864,1.755013628168213,401
1947,8356,0.17838458321730594,0.9551960191287562,0.28222515363583195,0.18578967536816848,5875,0.1576405881260958,1.0806215203441538,0.016114258372693722,17.514002016628588,430
1948,3655,0.17369137252156355,0.8963927223384061,0.8156969485412645,0.185655645618837,17660,0.14980420700965502,1.0821987021649901,0.45018921694608505,1.8118980149605692,449
1949,9590,0.13052323025325815,1.109417828262489,0.6174213672644759,0.18557715610189565,10218,0.12767873497265558,1.1843437161363601,0.5518792007492008,1.1187617986441574,451
1950,9138,0.19593618336294166,1.133304611168272,0.016961017715754378,0.1855275466244797,15403,0.19694084788488225,1.1528548615074792,0.02272535295073326,1.3398578629880584,433
1951,15403,0.19694084788488225,1.1528548615074792,0.02272535295073326,0.1855275466244797,9138,0.19593618336294166,1.133304611168272,0.016961017715754378,1.3398578629880584,436
1952,2464,0.17580427002789895,0.9247342230165774,0.6877497190950784,0.18552064745550376,627,0.192613385708927,0.7625291788432089,0.9634799302482059,1.4009165013050466,444
1953,627,0.192613385708927,0.7625291788432089,0.9634799302482059,0.18552064745550376,2464,0.17580427002789895,0.9247342230165774,0.6877497190950784,1.4009165013050466,443
1954,6056,0.1976894948381031,0.8217360321911114,0.11991710457638438,0.1854484636915875,12811,0.18890982199468548,0.8471866399739736,0.024025750894930836,4.99119070620538,434
1955,76,0.17544663450473608,0.5106202047453244,0.042747070352589255,0.18541476629531284,10770,0.19330540182037054,0.45700114814037723,0.21316430109559678,4.986641174175462,426
1956,10770,0.19330540182037054,0.45700114814037723,0.21316430109559678,0.18541476629531284,76,0.17544663450473608,0.5106202047453244,0.042747070352589255,4.986641174175462,430
1957,10893,0.10676979678199724,0.9128299813514619,0.037048102678905,0.18539216787557133,8560,0.14119662405836256,0.6012065889540827,0.6412944666904444,17.309778917655457,443
1958,3589,0.12361105544506744,0.8040515452095005,0.014261969441756325,0.18539014946741422,6555,0.1496331837785035,0.6063582309536385,0.4074721804332715,28.570540842716344,440
1959,3437,0.13080551537255589,0.6089063027967169,0.1698325056610319,0.18538443828987433,4219,0.1400224988954811,0.5461946540988227,0.29564249601722725,1.7407886368190262,433
1960,8735,0.1600423738648892,0.8166768320161497,0.043722081790738845,0.18537710754026956,7987,0.161316910742563,0.8388594455767882,0.05468215660729589,1.2506759597819195,442
1961,3384,0.1446615331202089,0.45567222704254295,0.11114838754406042,0.18535057754095854,4490,0.14158769825416506,0.4997282182026475,0.07225131193666799,1.5383580528127674,442
1962,4524,0.1607551620107041,0.48208279876728105,0.18265477511478911,0.18532933015365838,4993,0.15065012914472092,0.5303789709681286,0.06417702757960494,2.846108366240939,428
1963,16009,0.18547409985378627,0.8342100244880178,0.455093923147266,0.18531120423756905,7364,0.15459920628001228,1.04527719257831,0.06112025653217819,7.445877176704439,423
1964,1326,0.143072878502896,0.6845035763483913,0.050431919385576986,0.18527095216687128,11952,0.17636063592165446,0.5412829725698378,0.4586498634676528,9.094436005123017,431
1965,13013,0.1909092262657645,0.6727982232459708,0.6883688313516256,0.1852522501292891,16309,0.14093060089513584,0.9706707303453459,0.02481906633406649,27.735484570053107,425
1966,15847,0.18160394406708757,0.8074695645333445,0.2366637623249336,0.18522541773855802,12247,0.1656331239245693,0.9108318875226333,0.042372337123053536,5.585336528349574,436
1967,5148,0.19711051482630698,0.7836045608729238,0.1180339072939268,0.18522420241656842,12811,0.18890982199468548,0.8471866399739736,0.024025750894930836,4.9128082535322815,430
1968,11686,0.1850150253533227,1.0911964605779048,0.02145570115849669,0.18511661452754824,17653,0.18645327077664314,1.1163766451435626,0.03319809791432488,1.5472856220864206,429
1969,17653,0.18645327077664314,1.1163766451435626,0.03319809791432488,0.18511661452754824,11686,0.1850150253533227,1.0911964605779048,0.02145570115849669,1.5472856220864206,438
1970,3618,0.11742265093479856,0.9230823126437926,0.09450081887456238,0.18510686841987506,19226,0.12296553120745324,0.8399856926570485,0.19801400684487533,2.0953681587427653,441
1971,15193,0.12369896391059232,0.9929571354257016,0.06894246976221485,0.18509018574991598,1937,0.12028809892715876,1.016110043783336,0.011560517537073224,5.963614478428361,427
1972,15126,0.13657389237539636,0.9966809187803913,0.10963727647707813,0.1849965890493269,12633,0.130388745320085,1.0082014612126826,0.016939176804452206,6.472408768309309,440
1973,10648,0.19271363541471664,0.4465477387727492,0.9996152070709166,0.184990584343465,1240,0.18709654158193023,0.4607121063756751,0.9049377793675015,1.1046231352718958,451
1974,1794,0.18114486442344796,0.9345011064098651,0.04516029670642585,0.18490771689913674,13253,0.19532683961361363,0.8763090421008994,0.20047407676646625,4.439166511010563,428
1975,2086,0.19675224257500556,0.7067132732921846,0.37352811110547096,0.18481280240582101,19693,0.16655652350539246,0.8774167781986308,0.023053746600490907,16.20249053563888,431
1976,8782,0.1410232301745858,0.46458507643334457,0.02941446745570533,0.1847764608312715,7880,0.1427692269117672,0.4267259427623249,0.05331373099881193,1.8125002969744746,438
1977,8973,0.13470502977668092,0.8812315125479788,0.03978488337174906,0.18471183520234344,8024,0.1356602293292568,0.8402851007442766,0.059770312325451595,1.5023372512358308,440
1978,10877,0.08828356746191192,1.0274779701843149,0.011873324457821032,0.18471097644607026,210,0.08878630151422189,1.0042687513383834,0.023763858910949447,2.0014494672800796,432
1979,210,0.08878630151422189,1.0042687513383834,0.023763858910949447,0.18471097644607026,10877,0.08828356746191192,1.0274779701843149,0.011873324457821032,2.0014494672800796,431
1980,16543,0.12636603552228798,0.83201804752506,0.024546689866953963,0.18470725280802858,15532,0.1571173141385101,0.6253639594127498,0.4726348680793269,19.254525585366714,449
1981,15532,0.1571173141385101,0.6253639594127498,0.4726348680793269,0.18470725280802858,16543,0.12636603552228798,0.83201804752506,0.024546689866953963,19.254525585366714,442
1982,5863,0.1618519205179838,0.9750261666408668,0.19388397657951015,0.1846954905072866,10309,0.15045073965591288,1.0310958303617404,0.0380092772323356,5.100964572264147,425
1983,16107,0.13820333716682998,0.5100196414252852,0.06031750185639992,0.1846095681620221,7510,0.13954020748095652,0.4828798873719373,0.07798807584438074,1.2929593143636784,445
1984,2776,0.19365029436961945,0.6284765042332259,0.020253520737960874,0.1845787609857831,12602,0.19941904398560695,0.5839715513371804,0.08280649868290385,4.088498970339555,402
1985,12602,0.19941904398560695,0.5839715513371804,0.08280649868290385,0.1845787609857831,2776,0.19365029436961945,0.6284765042332259,0.020253520737960874,4.088498970339555,401
1986,7941,0.1626948387858757,0.7910800221078398,0.07573724308379114,0.1845752148545384,18937,0.1585459834353985,0.843966979532078,0.015762488825672348,4.804903839832576,439
1987,14160,0.1197007437972575,1.1175285512732418,0.012008231367393781,0.18452715630243857,6953,0.1315239700474373,1.0015574179635511,0.21900233975951466,18.23768488956472,430
1988,8633,0.12754710135750297,0.565991483627458,0.060733731028302027,0.18450412491853438,10185,0.1288028584145552,0.5623577256854131,0.07653864525662042,1.2602328880627023,446
1989,10865,0.12295095500064583,1.1029450009783082,0.30499118316714524,0.18448845730294836,1435,0.14913042173063482,0.9069771812555588,0.7501046215647876,2.4594305113197503,439
1990,10990,0.19960109217005834,0.49861685429343405,0.042987119741039005,0.18444306757018186,9756,0.19750380511210508,0.5295560084805155,0.019153927978969996,2.2442978687314996,396
1991,11471,0.06528206781930285,0.5734540152215309,0.15584406020558153,0.18434252857633923,15908,0.061075665286836806,0.6379474489943611,0.01905206805098347,8.179902559057721,430
1992,7686,0.18909846945343406,1.024365708029301,0.023104004904065018,0.18433772325224684,19568,0.18836452362806477,1.0388799947077825,0.010640923078647706,2.1712406652413443,428
1993,18463,0.16764337707397586,0.6176182445892583,0.5905340686156336,0.18433443811511668,13170,0.1922234811140614,0.47642734208536763,0.9369813644830736,1.5866677542916416,439
1994,16379,0.13771768593236955,0.47372810665047316,0.015392275751779008,0.18428824141250225,6486,0.1384995370189096,0.4614570505026975,0.029001838300269103,1.884181310675722,436
1995,14815,0.18955424694432044,0.4503232043828578,0.10755071278428249,0.18428054677470607,140,0.1821691183579125,0.4492545081729381,0.040837144661309215,2.633649185717444,443
1996,4692,0.1862581193596119,1.0089100133898818,0.03457030064982552,0.1842198674625819,11877,0.18467707876412603,1.0456798628401396,0.01088214444047505,3.176791195790853,426
1997,1228,0.16016110081261137,0.5530636398708176,0.053797369784380246,0.18420739564721522,8636,0.18798775614022112,0.4652310099460871,0.3399106027918298,6.318349840413961,424
1998,3101,0.10670161932584396,0.6823088766946345,0.764604785468396,0.18417366179210215,16965,0.07936410807951993,0.9452012423095919,0.104503888132116,7.316519979637185,430
1999,903,0.1513854713822818,0.4918927023255109,0.10178430553254518,0.18412896278755767,9268,0.14891687535979659,0.5290611907862839,0.07070164298897248,1.4396314035929934,431
2000,1196,0.10303694065712093,0.6488872409038725,0.1290641501803901,0.18411445980832644,10378,0.12454768843115611,0.4592077034935826,0.4844015292692975,3.7531842002001348,440
2001,5091,0.1831588206091253,0.7980534778732772,0.06036028555923058,0.18405047515380213,18223,0.18124681459919734,0.7834292837466114,0.04057640029797757,1.487571226524968,449
2002,11328,0.19032344890934405,0.6753257845160401,0.21562362365326987,0.18404697550729315,14837,0.17999823513695934,0.7364100677013219,0.09968868311186772,2.1629699272012988,433
2003,14837,0.17999823513695934,0.7364100677013219,0.09968868311186772,0.18404697550729315,11328,0.19032344890934405,0.6753257845160401,0.21562362365326987,2.1629699272012988,430
2004,12241,0.14331590899595165,0.5386452397162736,0.010615063142768688,0.18394725870858622,2582,0.14600459195437823,0.5173764393589682,0.045194400075974486,4.257572420260384,428
2005,2582,0.14600459195437823,0.5173764393589682,0.045194400075974486,0.18394725870858622,12241,0.14331590899595165,0.5386452397162736,0.010615063142768688,4.257572420260384,427
2006,17116,0.1903743474564692,0.5318680375130564,0.2457851719487663,0.18392722177579884,11224,0.16829645668838628,0.6112764670328871,0.014832532486929416,16.570681518166555,426
2007,119,0.19622754448524393,0.5026783418649496,0.7858503437085409,0.1838939109294834,2079,0.1389091087014656,0.8524218164135239,0.03697247347824809,21.25501135786541,441
2008,13110,0.18915659446419586,0.8720819227889727,0.03967473584036962,0.1838909164151367,10486,0.1943134228344195,0.8731787284416441,0.09427258202257503,2.376136350393827,430
2009,6895,0.1518984324036758,0.40494690216010765,0.04111605832632277,0.18387627317261473,7421,0.1506905372674127,0.43835912887942985,0.02435722858990433,1.6880433738411726,465
2010,15331,0.05996772748262615,0.9222850632013065,0.8927530537549285,0.18383973017670596,18988,0.06028723039701482,1.0303996767424985,0.8689875299491922,1.0273485211083822,385
2011,3176,0.18662372362602636,1.140014952017649,0.07725483911493185,0.18381731418273092,1019,0.1821616651842699,1.1890905669611276,0.02086721151766036,3.7022119150682617,439
2012,17438,0.1946390914285076,1.0582902912682948,0.13480544909601308,0.18375828289246043,5729,0.18456569057469585,1.082511785738451,0.023078475918723015,5.841176409168711,433
2013,4288,0.17636908857134997,1.1447429424045907,0.021769207120735837,0.1837227609807966,19952,0.17573636082571592,1.168697044158206,0.012167000329036818,1.7892008327461897,436
2014,10246,0.17354396463178973,0.5331975727548306,0.037550812109287485,0.1837202473206707,11994,0.17208314533952168,0.5458171715198556,0.022275270716992618,1.6857623229980307,435
2015,16792,0.13363460553014594,0.9582642763922231,0.25233509795361025,0.18364658519248478,3851,0.11944540030039694,1.0418189225132446,0.020058332144506138,12.58006379272782,433
2016,5806,0.1995128359475427,0.8310295390145395,0.04969157534319418,0.18364102021245246,9536,0.19636344549745555,0.8453100093541492,0.01325797110463768,3.748052771499246,414
2017,9536,0.19636344549745555,0.8453100093541492,0.01325797110463768,0.18364102021245246,5806,0.1995128359475427,0.8310295390145395,0.04969157534319418,3.748052771499246,410
2018,5875,0.1576405881260958,1.0806215203441538,0.016114258372693722,0.18362011554639698,3634,0.16960163815883147,1.0437195245950437,0.16930414101297026,10.506480478174728,430
2019,18492,0.1386796544040823,1.1392626958110044,0.2515555081687851,0.18359066132973764,7177,0.12614837805017837,1.1958855090037037,0.05930303626878937,4.241865577145439,437
2020,10976,0.1431993966989186,0.8663875088778692,0.014607678376544943,0.18358816048960544,19004,0.14633314650766624,0.8144622796634327,0.06667409153978285,4.564318149750558,441
2021,3280,0.13629805378270352,0.5741012664337987,0.37092050383898434,0.18356447028891068,13438,0.11510845288610905,0.6991537464178268,0.03695699570650208,10.036543738151474,442
2022,6238,0.14381970995044938,0.743006761302212,0.1962934115875828,0.18351568466860144,831,0.18537051121335824,0.5157179787197176,0.7383449529392213,3.7614352258062635,452
2023,9054,0.1816885609152859,1.0521020655006676,0.27379689468537877,0.1835141430861991,1486,0.17098508990062594,1.0772155699907198,0.15092442716511928,1.8141324093669113,431
2024,14775,0.14789307411830363,0.8188453672082681,0.13940606938583822,0.1833947652385194,5647,0.1741117887154012,0.6403459191899684,0.4782847216710232,3.430874450288536,435
2025,1238,0.09128360862757798,0.8221137105579182,0.9467272262305434,0.18337718164031253,15496,0.07419341648308964,1.181797321865366,0.39466646106743897,2.398803343131735,442
2026,2850,0.15691631121103988,0.7202583066480024,0.2202945949830729,0.18336286569871485,9834,0.14257756087900708,0.8038355995538948,0.02482452655749487,8.874070346230345,432
2027,4938,0.16355354103468656,1.1814158537728272,0.12885404306542178,0.18332890336473517,15086,0.16473717144419137,1.151073066325911,0.14977839122660302,1.1623879830496087,434
2028,7609,0.1909670869594206,0.42756044598830273,0.09992631221987404,0.18328873344724003,8259,0.1831066698112252,0.467102073804398,0.025456421787784827,3.92538719906909,429
2029,8259,0.1831066698112252,0.467102073804398,0.025456421787784827,0.18328873344724003,7609,0.1909670869594206,0.42756044598830273,0.09992631221987404,3.92538719906909,431
2030,17993,0.16544584565007386,0.793393060210829,0.01715059739946529,0.18321207943455975,7604,0.1692773429115896,0.7733818482868049,0.06357504166225342,3.7068703894964914,437
2031,17154,0.18033045805376935,1.1555417223065807,0.07251603500949136,0.18317033433747149,8673,0.17650087009246462,1.1693309280276991,0.024735431986549455,2.9316664066721723,440
2032,8673,0.17650087009246462,1.1693309280276991,0.024735431986549455,0.18317033433747149,17154,0.18033045805376935,1.1555417223065807,0.07251603500949136,2.9316664066721723,439
2033,4132,0.14635288755979023,0.9323733715111954,0.5727106681976504,0.18315567771528593,11428,0.12987037498979484,1.0346882333458918,0.31271432060441506,1.8314181042003888,439
2034,11428,0.12987037498979484,1.0346882333458918,0.31271432060441506,0.18315567771528593,4132,0.14635288755979023,0.9323733715111954,0.5727106681976504,1.8314181042003888,427
2035,16363,0.1788718837052204,0.5916072506616037,0.010278528503175692,0.18313728330248782,9844,0.18967007460128588,0.5666423446803409,0.12354511157063848,12.01972748652373,436
2036,9280,0.1881773790078593,0.8635394423861436,0.02484172634520834,0.18313245535965847,16253,0.1917247683143704,0.8750543126212132,0.06125777300605794,2.465922543175982,435
2037,8406,0.08832240523156104,0.5447200947427021,0.03922102992506764,0.18312983670801616,12690,0.08885225469852101,0.49958628684881334,0.054135865970512766,1.3802765015079956,435
2038,1390,0.10744147596946903,0.4481080853820979,0.037494811382911525,0.18311659140918252,398,0.10583214031937507,0.44853013084654825,0.014519702426497668,2.582340207915386,453
2039,398,0.10583214031937507,0.44853013084654825,0.014519702426497668,0.18311659140918252,1390,0.10744147596946903,0.4481080853820979,0.037494811382911525,2.582340207915386,456
2040,19449,0.1505667464681962,1.172302825884315,0.24300213432643308,0.1831016253797631,16104,0.13973145192422767,1.1991296606887347,0.09301414572180854,2.612528798073535,439
2041,15086,0.16473717144419137,1.151073066325911,0.14977839122660302,0.18308162477718956,15258,0.191398334064191,0.9589793910864277,0.47714866686358964,3.1856976360608718,437
2042,15258,0.191398334064191,0.9589793910864277,0.47714866686358964,0.18308162477718956,15086,0.16473717144419137,1.151073066325911,0.14977839122660302,3.1856976360608718,435
2043,16204,0.1358350276554021,1.170645825260804,0.0323868834265401,0.18307790131421742,17908,0.15261299832335679,1.0699931889689736,0.27498485443410214,8.490624145970159,440
2044,3094,0.11856821435980024,0.7594349907680651,0.053244551392013194,0.18302713770453927,5461,0.15786679555437394,0.5039674478140075,0.6358965714760177,11.9429416691715,443
2045,5461,0.15786679555437394,0.5039674478140075,0.6358965714760177,0.18302713770453927,3094,0.11856821435980024,0.7594349907680651,0.053244551392013194,11.9429416691715,441
2046,18927,0.0853722454282434,1.192508020487407,0.252838822687721,0.18299308918258128,15540,0.10414796368456701,0.957855528754465,0.7128575354385541,2.8194148662011376,442
2047,5239,0.09793025503552005,0.9304845092738128,0.9682119019190475,0.1829472907292275,2896,0.07834960485808694,1.1823197590085965,0.4008321304750978,2.415504717078061,463
2048,2896,0.07834960485808694,1.1823197590085965,0.4008321304750978,0.1829472907292275,5239,0.09793025503552005,0.9304845092738128,0.9682119019190475,2.415504717078061,449
2049,12392,0.16915068095377023,0.9263873257570916,0.01453719504793622,0.18293881957551622,11914,0.1711083440937119,0.947354751344268,0.03361901641473597,2.312620578032948,431
2050,3937,0.12930896558181623,1.168444636460062,0.6259815703455649,0.18290462715114314,19216,0.14236368630121632,1.0875691742635536,0.8658635601457186,1.3832093485878987,472
2051,19216,0.14236368630121632,1.0875691742635536,0.8658635601457186,0.18290462715114314,3937,0.12930896558181623,1.168444636460062,0.6259815703455649,1.3832093485878987,473
2052,14103,0.19621226197446168,0.7613804914787781,0.05833275287555742,0.18277320526425878,7094,0.19258663386172475,0.7728975799277298,0.02159025272509918,2.7018096368897164,415
2053,7094,0.19258663386172475,0.7728975799277298,0.02159025272509918,0.18277320526425878,14103,0.19621226197446168,0.7613804914787781,0.05833275287555742,2.7018096368897164,416
2054,9908,0.16505082907689422,1.1591158719508652,0.30626871421992363,0.182690932571848,2482,0.1938284618727411,0.9386792407533444,0.6841595378910742,2.23385382223467,435
2055,13847,0.178772531495341,0.4361304808692529,0.011505994078817467,0.18266767611426574,140,0.1821691183579125,0.4492545081729381,0.040837144661309215,3.549206125222191,452
2056,140,0.1821691183579125,0.4492545081729381,0.040837144661309215,0.18266767611426574,13847,0.178772531495341,0.4361304808692529,0.011505994078817467,3.549206125222191,446
2057,7862,0.13210545212262448,0.4755647964988669,0.03144795347761182,0.18266589390022545,12051,0.13260712525975532,0.48528137583805997,0.03905446573173347,1.241876224458829,432
2058,13266,0.188650759459985,0.47159587748936016,0.6168153372602634,0.18266572424492075,19653,0.1483881141010049,0.7020642786313597,0.1398590012145963,4.410265566774903,443
2059,1714,0.14757430313532788,0.5485786285008861,0.6213424128148992,0.1826294999959397,2335,0.11678884800183578,0.7594557236315671,0.13264574655649375,4.684224175633629,446
2060,14793,0.10086766615498424,1.1377649232757578,0.5005104282309797,0.1825443076458386,15125,0.09446871170951221,1.178066912901647,0.35934276176218427,1.3928496173862581,448
2061,3967,0.18943710455143337,0.9260010150820143,0.015411302619300292,0.18252869949412065,12724,0.19470836291350035,0.9329821888089179,0.06923779483729026,4.492663374903854,433
2062,9435,0.13542367360752272,1.0068467506092342,0.07184983771815309,0.18249057963301862,9001,0.175996843748512,0.7486850380679826,0.6429670138692478,8.948760836335197,421
2063,13546,0.19648568886764378,1.0581614364594323,0.012975011791216691,0.18245407235916986,6043,0.1968693107801769,1.0713806266406132,0.016587974384107255,1.2784554381165436,433
2064,6043,0.1968693107801769,1.0713806266406132,0.016587974384107255,0.18245407235916986,13546,0.19648568886764378,1.0581614364594323,0.012975011791216691,1.2784554381165436,434
2065,4066,0.16517383414465803,0.9868820062270479,0.032990541475580726,0.18234901922877295,16671,0.16994141513878613,0.992599596429261,0.09018944191330333,2.733796957532833,446
2066,3058,0.07855691057484457,1.0918531066767139,0.04141094450042631,0.1823230776235749,3604,0.07868577810784147,1.0347632519662486,0.05290134160239246,1.2774724711204755,426
2067,8176,0.14502913082613944,0.962487779448477,0.28181228914599865,0.18230916837377759,6237,0.16380604527108555,0.8272435621858816,0.5541097135814554,1.9662368708640223,432
2068,9614,0.15803729526691213,0.48984901406350767,0.011869341668090078,0.18229390029221845,41,0.17758180724034522,0.40392971665974536,0.20753691678189184,17.485124498508693,448
2069,14112,0.1791097352803943,0.428785057737314,0.5914296948074494,0.18224099548629508,13517,0.1572288454335406,0.5557064295807596,0.34658409215188396,1.706453666512387,431
2070,13534,0.06394121550128791,1.0899965703688803,0.14026460007786362,0.18219126482827294,13639,0.09094061740430197,0.7034346956977047,0.9923297254501962,7.074698283810274,445
2071,3723,0.0995267316381127,1.1375083114205067,0.5834613667916116,0.1821897344456709,18786,0.09826207456023939,1.0850877747567447,0.5690425458909323,1.0253387396158653,445
2072,18786,0.09826207456023939,1.0850877747567447,0.5690425458909323,0.1821897344456709,3723,0.0995267316381127,1.1375083114205067,0.5834613667916116,1.0253387396158653,438
2073,642,0.18702165338528448,0.5382193013730684,0.13860123521082976,0.18218641001161412,394,0.18215212193493496,0.5298687999692018,0.09231125136236479,1.5014554906937092,438
2074,394,0.18215212193493496,0.5298687999692018,0.09231125136236479,0.18218641001161412,642,0.18702165338528448,0.5382193013730684,0.13860123521082976,1.5014554906937092,441
2075,5928,0.05304173223778496,0.7312714088828036,0.7241148931585998,0.18217829259071044,8029,0.05436099524532114,0.7655776599412065,0.7714312612679196,1.0653437300577056,384
2076,8029,0.05436099524532114,0.7655776599412065,0.7714312612679196,0.18217829259071044,5928,0.05304173223778496,0.7312714088828036,0.7241148931585998,1.0653437300577056,381
2077,5569,0.18233461298136738,0.44297899696056436,0.44673640636628525,0.1820645486687179,13052,0.14414730611616733,0.6416416295834831,0.013553593022644573,32.96073636119245,429
2078,14721,0.0617008194281177,0.694267994385277,0.6804391262835339,0.18202956178883314,18464,0.0513086267458301,0.8382956235425024,0.277606223176987,2.4510946422469857,394
2079,18464,0.0513086267458301,0.8382956235425024,0.277606223176987,0.18202956178883314,14721,0.0617008194281177,0.694267994385277,0.6804391262835339,2.4510946422469857,395
2080,13753,0.09549169837281352,0.4605409118737865,0.618504568083769,0.18195060892031742,2791,0.08406088756567615,0.5898039954194748,0.3618019468593463,1.7095114425247084,435
2081,9396,0.09087749729864339,0.5139220115098934,0.04956875735719901,0.181928475274621,9260,0.09550597862166457,0.4957123790402309,0.14103138551359895,2.845166855753679,444
2082,12546,0.19419708020457083,0.7595136558797753,0.4680369401765108,0.18191097129397307,10802,0.1968380032728061,0.7216305266117251,0.5026095340432958,1.0738672333293748,450
2083,8612,0.17260121477389373,0.7663781109663097,0.03992861839701541,0.18189257006557633,11620,0.17989581647669484,0.7116787790234055,0.1269883434282846,3.1803841086015825,443
2084,12687,0.13615541053108496,0.7306472325633419,0.8269130704463497,0.1818030015856583,8250,0.11570866323189748,0.9017220871604695,0.42410271678000133,1.9497943251217176,428
2085,17981,0.16080700938242604,0.5224509067763328,0.8496105221906055,0.18180049744752763,17462,0.11084938753462006,0.8494569984593403,0.026929674941188222,31.54923050672063,438
2086,1240,0.18709654158193023,0.4607121063756751,0.9049377793675015,0.18173456981205643,11346,0.13001901864211846,0.8368635552328185,0.08868480978999248,10.203977225755047,443
2087,16828,0.08326804739651766,1.139642480483142,0.011879340300800793,0.1817126948984891,7242,0.08600868892012953,1.114141754973728,0.08537306135683552,7.186683704235704,432
2088,15348,0.1838963991760738,0.7229282858060851,0.015590946617017692,0.18165517254739325,18654,0.1961781402292473,0.6448165179581282,0.15046917601952717,9.65106094682464,426
2089,18654,0.1961781402292473,0.6448165179581282,0.15046917601952717,0.18165517254739325,15348,0.1838963991760738,0.7229282858060851,0.015590946617017692,9.65106094682464,422
2090,8254,0.19391305826039956,0.7191417127286991,0.05889012346061641,0.1816179685491061,15882,0.19784048684163635,0.675962995103721,0.10380716953589074,1.7627263017255046,427
2091,19067,0.08185974981315274,0.6936436842736714,0.012090728915277855,0.18159636757978143,8810,0.0921364264188336,0.5566676718321919,0.24975895145277738,20.65706320957885,432
2092,8810,0.0921364264188336,0.5566676718321919,0.24975895145277738,0.18159636757978143,19067,0.08185974981315274,0.6936436842736714,0.012090728915277855,20.65706320957885,433
2093,18718,0.15200135334957243,0.9371237552347901,0.15266323912264446,0.1815694898845992,3054,0.14294326415113423,0.9667083480814519,0.02378403263558859,6.418728121580652,432
2094,510,0.14169447504464783,0.8233128852879402,0.036242482352677255,0.18154312984977775,16559,0.1404967592086615,0.8305772441260236,0.02059963974376921,1.7593745717635452,435
2095,10492,0.08273079258213079,1.1372821694123463,0.610837023983216,0.1815402937311828,6420,0.08129800619678501,1.0898479906797565,0.5874968982398897,1.0397280833537201,454
2096,5478,0.15870095535945067,0.8337332502580856,0.1706434279298537,0.18148852222699927,11398,0.19751236081989526,0.6280859443491852,0.6443127147253185,3.7757839404760185,436
2097,2626,0.13138353063512204,0.6882569042676765,0.08347200583836463,0.18148728481113538,16437,0.1342713704413085,0.6931884104597172,0.12223576952814538,1.464392382816857,433
2098,816,0.05444521417448111,0.7741000876767425,0.05699701663368793,0.18148199273422652,12968,0.055496874472567376,0.7884236853582869,0.08719768070114864,1.5298639446614595,418
2099,7550,0.16432431838177444,1.0460573236914976,0.5597003892245871,0.1814409583801359,17403,0.17833114094738034,0.9484679100862563,0.7621410389060052,1.3616946737555082,447
2100,8534,0.16574066659436615,0.6029930747243231,0.04746145690563707,0.1814300379820927,5442,0.17520679170210834,0.5451273882229339,0.15365320553152229,3.2374312873921207,433
2101,19050,0.09051561280228133,0.6799316377456072,0.01758875260878584,0.18142595703129497,19853,0.09606303250083212,0.5984270271260136,0.1391233853421332,7.909792606477336,427
2102,245,0.05668130957213655,1.164722750429889,0.5865479238107061,0.18142165540612942,8475,0.06287469439600345,1.0230119295417093,0.8495112180492597,1.448323629772865,380
2103,8475,0.06287469439600345,1.0230119295417093,0.8495112180492597,0.18142165540612942,245,0.05668130957213655,1.164722750429889,0.5865479238107061,1.448323629772865,379
2104,3996,0.07946311656828942,0.412808265994179,0.06117709474901478,0.18134684383918567,5702,0.07713489806414336,0.4529034484251996,0.011007566895082397,5.557730907485604,459
2105,7985,0.178083964377372,0.6907901094788229,0.08973910081072398,0.18134025883092944,4084,0.18499433084989858,0.6844481964831746,0.16404508348309557,1.8280223670738174,435
2106,12261,0.1543730409268066,0.5237957035431019,0.023973327614493126,0.18133303881601545,10840,0.15638126293799343,0.5184070102375005,0.0458633047524865,1.9130971507167716,443
2107,9074,0.18037270457846644,0.40064749526334226,0.03492106934063799,0.18131188476373603,7741,0.17983311605239205,0.42330751147986995,0.02689050944808218,1.2986391874821304,452
2108,7741,0.17983311605239205,0.42330751147986995,0.02689050944808218,0.18131188476373603,9074,0.18037270457846644,0.40064749526334226,0.03492106934063799,1.2986391874821304,445
2109,3225,0.12311710492743425,0.8617437370153513,0.05996154887740169,0.18127497798282483,11160,0.17682852410606165,0.4897947711301081,0.8701763604150904,14.51223953861276,433
2110,8084,0.1923839049595285,0.5262516277882838,0.38084755923831526,0.18123242866069875,16618,0.16635265300130814,0.6155426354288864,0.10846989259361647,3.5110900373540925,436
2111,10821,0.17025265782963883,0.5096441508486319,0.024627625081070317,0.1812245725495141,37,0.1877927390346178,0.4474941314166584,0.1972886831019899,8.010869194757765,438
2112,15036,0.07128796579052431,0.567148758159346,0.9327908150108956,0.1812092344110974,15816,0.05048776665669013,0.9891414262667553,0.10800238784225671,8.636761035073471,398
2113,8510,0.05295604553548989,1.1417066036328682,0.7498409215505561,0.18120604582658412,18427,0.05102521917911685,1.0602879658350606,0.6885631111711519,1.0889937456498056,384
2114,6795,0.1584980635724341,0.9373137239948771,0.6113591485524438,0.18119036938014776,17301,0.17386141609605157,0.8451115022978439,0.8503920357892918,1.3909860313742295,426
2115,17857,0.1924433528760771,1.1395136329443791,0.039661157111387395,0.181159903194999,8316,0.1913181071154328,1.1300679440579873,0.027418518842703427,1.4465098329679453,440
2116,8316,0.1913181071154328,1.1300679440579873,0.027418518842703427,0.181159903194999,17857,0.1924433528760771,1.1395136329443791,0.039661157111387395,1.4465098329679453,435
2117,16362,0.16882504932069353,0.8825924066089643,0.05150629107092732,0.18115937682464728,11014,0.1662095016691013,0.9020334130299964,0.014473637663490826,3.5586279184568705,430
2118,12927,0.12127335285840392,0.4433626870346341,0.04510729534436136,0.18114777441549268,1042,0.12011527655602593,0.4830578383708143,0.023422203770996613,1.925834809797748,453
2119,13739,0.11841461258165568,0.48406201282086986,0.015564088620574111,0.18107552666422483,10850,0.12725919052282764,0.4729747449879914,0.14045644250121958,9.024392364070115,444
2120,17951,0.17079705565898254,1.196959725897425,0.012691381776548022,0.18098862498454898,10928,0.1719653200898994,1.1679809873364844,0.029834090464334495,2.350736191662275,449
2121,4191,0.18452073756938697,0.6998273598439411,0.030967939110416978,0.18096481790314153,5407,0.18871333992378353,0.6973289661321691,0.07322771276738398,2.3646298355950877,428
2122,11158,0.17904382576777617,1.1876937616881387,0.07670172411007276,0.18096323053772267,18401,0.17377180307337656,1.1884730455575299,0.01815867782885795,4.22397075563385,443
2123,8727,0.1701991199782904,1.1607524668332934,0.314034649427792,0.18087637175920926,7528,0.17448153774565478,1.1068882725973639,0.37391626040932946,1.190684725684407,444
2124,10179,0.19014882881162593,1.192446808830246,0.18531894171052368,0.18081092645126526,4358,0.19603911079239483,1.136802474349556,0.2522196660091354,1.3610031639567293,458
2125,6084,0.15452173816971068,0.4080911700174915,0.015163662741187255,0.1808087252609197,7413,0.15428746733014367,0.4022246722731682,0.01160828407501613,1.3062794331354426,436
2126,7413,0.15428746733014367,0.4022246722731682,0.01160828407501613,0.1808087252609197,6084,0.15452173816971068,0.4080911700174915,0.015163662741187255,1.3062794331354426,439
2127,18115,0.19985427152467183,1.1526637779807327,0.07849139241430841,0.18079137760097597,7111,0.19393239045913385,1.173369891634668,0.016602213096773275,4.7277668318547015,444
2128,3934,0.05471159740032858,0.953004621792151,0.2865312522436147,0.18078223840433,13944,0.07082672880777532,0.6176859884740631,0.9345188212875257,3.261490025852324,400
2129,3217,0.19302977348388334,1.0967180312453533,0.010427744438335001,0.18075232094390886,17018,0.195675685107912,1.057606522155679,0.04440309070990065,4.2581682906097855,436
2130,19630,0.10397602919814422,1.1697376065958456,0.14195664377210804,0.18074987783333682,7718,0.11489115953897616,1.0215024992979997,0.3622338472734864,2.5517216922584,440
2131,6814,0.052274281434085614,0.6571796872033264,0.2234404534023937,0.18074478517308243,6780,0.0517814092995657,0.7445780575707772,0.19428512990614463,1.1500646164239818,410
2132,17254,0.0588670590706442,0.5537845042171389,0.6600516852119119,0.1807099152970478,19948,0.05187111421068374,0.7243801190153695,0.3852017232774275,1.7135221504098352,387
2133,2985,0.14058554071723,1.1381268234931947,0.028766269320616017,0.18070682928826806,9699,0.1408818850960764,1.1702020132431603,0.026546203762738963,1.0836302462574028,447
2134,13596,0.1369565680167952,0.5967356464656269,0.6761411208849007,0.18069473919931758,2899,0.1043721409899441,0.8518650983691158,0.09482833399663668,7.130159229718005,439
2135,6570,0.19026139256252173,0.5160899044036886,0.07359839356473707,0.18066869668879582,18616,0.1842894616510372,0.5614188346693456,0.010332926017939838,7.122705943791418,434
2136,5647,0.1741117887154012,0.6403459191899684,0.4782847216710232,0.1806662876939923,6695,0.13938808209112846,0.8487440549503318,0.013368606681552958,35.77670680752375,433
2137,14783,0.09738359199092317,0.9294960931035214,0.05316044950385154,0.1806082878214209,11945,0.1010454759104287,0.917052079704318,0.131417923497683,2.4720995537887918,440
2138,8456,0.19267994563253127,0.5503652578271546,0.2731072412161886,0.18059980568492565,5171,0.18390938668122292,0.6144132013543971,0.18362007595632684,1.487349571084732,441
2139,7742,0.1254783443794072,0.5463384841443291,0.05172368416010974,0.18052956461197298,19147,0.132543481688373,0.48583877485113847,0.15136501900767968,2.926416040650391,435
2140,11065,0.18627193926820473,1.1929773273425568,0.13484187143843876,0.18051966871689892,12983,0.19277289730805802,1.1292402935885355,0.2116617156109922,1.5697031890248208,441
2141,6207,0.10123245542342302,0.6018711834075827,0.1351024643357306,0.1805186679968549,12147,0.09508751580572086,0.6059521261134919,0.01827988900509952,7.390770496365772,432
2142,16345,0.15019854455253118,0.9956826648656422,0.2448452377372566,0.18048422494678076,19629,0.15992065939077454,0.8930329201408105,0.38361959882068913,1.5667839912506334,430
2143,8841,0.06548649729166489,0.5091739296056094,0.05411482452082197,0.1804232001424298,18074,0.06895781124026587,0.4748319603247322,0.1418645643071495,2.6215471557625345,454
2144,17533,0.15650600993066466,0.43738067286188764,0.27482901975778107,0.1803512859152283,4397,0.16159875536132945,0.4198243466581923,0.3284029344911724,1.194935435786979,445
2145,12845,0.08138852556488617,1.1943322582100602,0.10028910704126137,0.18031961488585324,231,0.10924414386648498,0.9094488698378346,0.7581520105897789,7.559664583291751,442
2146,231,0.10924414386648498,0.9094488698378346,0.7581520105897789,0.18031961488585324,12845,0.08138852556488617,1.1943322582100602,0.10028910704126137,7.559664583291751,445
2147,4046,0.16628027320876393,0.9755970734708459,0.2183725741716677,0.18031604491387643,4019,0.15359575530006112,1.060887621667264,0.04609841436826076,4.7370951292853904,420
2148,18984,0.13387248434066468,0.7903867383060842,0.016265695141117392,0.18027923586853148,18560,0.1339035775013035,0.8202900617451057,0.010202781084860186,1.5942413157579074,440
2149,12769,0.1456502596583542,0.7770322185863099,0.15448371560431723,0.18018331417845382,7537,0.13641088326642806,0.8662653477932609,0.011385703323672858,13.568218950788811,439
2150,18920,0.17155047032326584,0.4418697151061736,0.04913810654857394,0.18013018404448966,73,0.17531245662012396,0.45294624097602254,0.08366784296236403,1.7027079152847862,444
2151,5747,0.08568471009257145,0.5903289156514576,0.08709037606619265,0.18011048756990392,5986,0.08288296510991816,0.6506596958347115,0.01290277706454523,6.749738884158751,440
2152,9405,0.17937374937860717,0.9692543447118936,0.030930235108716696,0.18007576078376236,15531,0.18208171140133783,0.9728914987100153,0.0586164469963826,1.8951180548855069,428
2153,14635,0.10943440193829705,0.6973656452462513,0.0652319388512312,0.1800670299786848,4669,0.1219337661957609,0.6091842139333516,0.2816158990997551,4.317147459651812,432
2154,4669,0.1219337661957609,0.6091842139333516,0.2816158990997551,0.1800670299786848,14635,0.10943440193829705,0.6973656452462513,0.0652319388512312,4.317147459651812,431
2155,16137,0.17744419297335523,0.513005638143629,0.023195977919878766,0.18005945382248303,15200,0.1876684359932808,0.4711666707533428,0.12625790063693812,5.443094534450997,438
2156,5204,0.10600288588055991,0.4302834811777905,0.036836129360421035,0.18005795147500422,3063,0.10528968097630495,0.41285139752894057,0.025503196884094696,1.4443730144040972,451
2157,18546,0.13781012581676402,0.43716244195032605,0.02141670784031332,0.18001989368866683,2441,0.13763325879641555,0.4693378851999317,0.015097087319169368,1.4185986599626856,454
2158,3989,0.08809513858665564,0.44213437604806527,0.11672759102781256,0.1799246726080026,1900,0.09471543074512526,0.4209164436533563,0.23089707866427983,1.978084843790396,447
2159,19108,0.19474245025976678,1.0208073094192387,0.24568260211704107,0.1798654354131543,14129,0.18805305822632912,1.029315530417605,0.17494544929308192,1.4043383415218471,429
2160,3749,0.18157026976568985,1.1005091878319393,0.010978625454674215,0.17986223097324938,9963,0.18465176348226758,1.0916974398654733,0.04447636602933223,4.051178010667642,430
2161,17834,0.19981349900426115,0.831479658578443,0.36892235697924514,0.17984567523573508,320,0.16918293638014686,1.005940860728074,0.012470016606190452,29.584752661524295,430
2162,320,0.16918293638014686,1.005940860728074,0.012470016606190452,0.17984567523573508,17834,0.19981349900426115,0.831479658578443,0.36892235697924514,29.584752661524295,424
2163,18887,0.18974420304006695,1.0266231742007985,0.14049931213678454,0.17980718467837406,4049,0.18250555929556678,1.0651080786186133,0.059273677217462344,2.370349179136008,427
2164,11470,0.10420544147796058,1.1032871260067285,0.5868997425942201,0.17978324402420684,14459,0.1022287283981323,1.1963952508851345,0.5269635304612603,1.1137388237863377,447
2165,18692,0.1837048803914192,0.9667438379545076,0.031280165429764584,0.1797712427609569,11467,0.1818944937042184,0.9503178698992306,0.015206297535408196,2.057053359434013,418
2166,15252,0.1415704881717112,0.5809875939592993,0.23924495917548214,0.17976135516301045,14230,0.12951336650299247,0.6775161810920616,0.06459311636871244,3.7038770170155066,428
2167,14230,0.12951336650299247,0.6775161810920616,0.06459311636871244,0.17976135516301045,15252,0.1415704881717112,0.5809875939592993,0.23924495917548214,3.7038770170155066,433
2168,5762,0.16770347752120296,0.9364418713983547,0.028615098875516512,0.17974031895814385,7340,0.17085217958733645,0.9110969700236297,0.06801815929425742,2.3770024206505442,432
2169,7340,0.17085217958733645,0.9110969700236297,0.06801815929425742,0.17974031895814385,5762,0.16770347752120296,0.9364418713983547,0.028615098875516512,2.3770024206505442,433
2170,17232,0.09135211113510953,0.5076302105282668,0.0329760352158971,0.17971385458403788,13326,0.09042346086683252,0.507113288403853,0.01158559122229492,2.8462971447187893,439
2171,2589,0.08354304413966465,0.41439887203160686,0.0384862572341632,0.1795611301994021,4174,0.08241244301123879,0.4636809978638703,0.011285645498309328,3.41019547707118,459
2172,4648,0.08761919470278622,0.4904958558331295,0.05700405975245752,0.17954826131350454,2094,0.08918865070043608,0.5238534447745974,0.08494536403064096,1.4901634094048688,440
2173,1946,0.11789139803130966,0.9084260382263551,0.24724649471352986,0.17952899580121878,5222,0.10916957008875847,0.9759778943948102,0.0894313404695954,2.7646515574435337,434
2174,2199,0.1484615010441493,0.9801081979477547,0.011914803949590406,0.1795109302731739,8055,0.18009756534043597,0.7769937730171249,0.4255321823617449,35.714576938244406,414
2175,14093,0.08716621122502512,0.4945366428145514,0.02844273340587089,0.1794891384271286,11657,0.08739727306421448,0.507209986630831,0.03454888263617327,1.2146822228078122,448
2176,4315,0.0997614530765949,0.5916750422012588,0.014372085425624471,0.17942290889500745,12641,0.09967321379797946,0.5507386935307836,0.01920351533460038,1.3361676309244441,436
2177,10470,0.07333760808449373,1.0479207416451233,0.010123435971000365,0.17930760309673413,14653,0.07349162342349613,1.0167111047937851,0.023543498312186373,2.3256430306497884,429
2178,18421,0.16422993141645426,0.8880328873015102,0.4248237161595272,0.17929882023318328,4540,0.1853426396986489,0.761824710407818,0.7080951938136435,1.66679770191489,425
2179,6676,0.1565928603742579,1.037513742194629,0.03035954613742455,0.1792986302979039,17676,0.15554530636892538,1.053060143424498,0.016402999959127175,1.8508532715402153,429
2180,361,0.050055171612814385,0.8339999309593145,0.2001513449276107,0.17929116806340828,16772,0.06669979165097434,0.5044518492481185,0.8460779846081714,4.227191103383166,398
2181,7824,0.13040126769338395,1.0708590320107496,0.01760100467805094,0.1792718291490424,6837,0.13159544308424276,1.0442679271126623,0.03821400432579408,2.1711263092525774,428
2182,2735,0.11156079745761921,1.106479127091868,0.021093733996831277,0.1791976212423586,16139,0.16194477164081764,0.6763146753565354,0.8981251856924095,42.57781888343367,432
2183,527,0.18327916219505908,0.6260108287282428,0.4451391389553771,0.17919208675265252,592,0.1902041591278567,0.5812311556745694,0.5260001580804287,1.181653357453157,441
2184,8389,0.09872429179921888,0.9464438290546999,0.18744157085055727,0.17917648509308134,15379,0.0926098266538899,1.035290210568065,0.04414846194025462,4.245710102069214,443
2185,15303,0.1894649988841245,0.5662878346403656,0.019524482937307765,0.1791474657899261,8611,0.1910685830235806,0.5491806673624152,0.03594780879314311,1.8411657255441747,415
2186,2967,0.17100747071435868,0.8556657983701526,0.22268891626617138,0.1791439626871295,3612,0.15477500007026296,0.9280213493628503,0.01689380068280411,13.181694305938057,431
2187,2864,0.09461286764071367,1.117813872561237,0.4258026775102229,0.17914152278342474,8132,0.09888691540523376,1.10595167534449,0.5206661079786334,1.222787303788462,457
2188,16732,0.07821253317920757,1.1233172071306583,0.7829133666418272,0.17913752507824005,14920,0.07526949831407329,1.185320422203191,0.6741579807994557,1.1613203268963799,463
2189,14920,0.07526949831407329,1.185320422203191,0.6741579807994557,0.17913752507824005,16732,0.07821253317920757,1.1233172071306583,0.7829133666418272,1.1613203268963799,456
2190,1642,0.16706300599891438,0.46408472960018177,0.01849693000248368,0.17910693013354284,14005,0.16860161306084215,0.48547080853700436,0.03130842175388446,1.6926280063600019,446
2191,9134,0.19352666464568774,1.1346853211879724,0.07385277990836026,0.17910362911187713,15005,0.1884624085045229,1.1284653267915727,0.020414239581647946,3.617709080614134,444
2192,8244,0.1855001818251621,0.9898757777266027,0.19935585511512194,0.17908308950262078,18106,0.17584098304327134,1.0692568726653673,0.08132815298563863,2.451252706431502,417
2193,11810,0.13242495962450415,1.0821385699561061,0.6354240109283085,0.17898248428119737,18130,0.13672428941831744,1.0264398798782526,0.7163432669246224,1.1273468654073941,457
2194,18354,0.13983339159130106,0.8618342578208854,0.40072014257046956,0.1789705407027368,4787,0.11770951678905978,0.9902307767149949,0.04060936826649772,9.86767732856015,437
2195,8124,0.11653093324934495,1.0048839925256416,0.6480785600537883,0.17895764572880987,10003,0.10599852056411503,1.1524233541127042,0.4169641666912845,1.5542787889819276,446
2196,5820,0.12184185239561748,1.0064238908958343,0.01099502457365124,0.1789538766057155,4108,0.13205653399842676,0.933405118166417,0.18544583268257872,16.866340901773505,432
2197,1382,0.11948782148252071,0.6716412999177261,0.22829639438600838,0.1789348948203281,3602,0.1166892930548998,0.7260665681829592,0.1753698008476417,1.301799929534894,441
2198,8310,0.1563076691600916,0.9716348949327595,0.02445162044839935,0.17891104481399886,18874,0.17297774128576368,0.8866092752186643,0.23531463852268275,9.623682774696714,425
2199,12299,0.09743706130506269,1.0883985858025471,0.3991027216261889,0.17890620506154553,15803,0.10408224565148011,0.9474810019370707,0.5605226110551462,1.4044569998701932,441
2200,1746,0.18546805705952984,0.631304987650835,0.2314843863190731,0.17878974937648115,5498,0.1988763079660757,0.5470393582054971,0.36547171857639377,1.5788180118232054,433
2201,14403,0.08544500988048526,0.7785353316693903,0.16334257469548638,0.17874527664964646,14307,0.11659660917230635,0.5170498250048167,0.8578296131624237,5.251720898618405,433
2202,15721,0.1408218996680781,0.4667832500617618,0.17020615033828954,0.17873173985144056,17822,0.12926429761306993,0.49059641415752775,0.022261607248672273,7.645726044710495,438
2203,4375,0.18875976084073604,1.1832925590265084,0.1520660780731065,0.17871200980161875,7498,0.1918689454509755,1.1635763155418317,0.18919361794856193,1.2441539911196118,444
2204,15985,0.05661108352574884,1.1667626910577027,0.759660247496022,0.1786850379450827,1204,0.055260679633031606,1.0815029425504368,0.7317233400152734,1.0381796041659208,383
2205,1204,0.055260679633031606,1.0815029425504368,0.7317233400152734,0.1786850379450827,15985,0.05661108352574884,1.1667626910577027,0.759660247496022,1.0381796041659208,383
2206,19757,0.10971291666362423,0.43749439249932065,0.0859122766048236,0.17866628940514534,19386,0.10500651863440022,0.4777329827644353,0.010137208413576184,8.47494429430554,448
2207,12019,0.14827012476702023,0.6390575929747144,0.9633445335116708,0.17863448955124558,475,0.11859006844712633,0.9441808641553445,0.38608395938331014,2.4951684992311414,424
2208,8027,0.10849312885002088,1.1730603375705775,0.011898913420472983,0.1786138985108231,4110,0.16032000270068442,0.7523625349208459,0.9276981127070975,77.96494351416344,432
2209,4110,0.16032000270068442,0.7523625349208459,0.9276981127070975,0.1786138985108231,8027,0.10849312885002088,1.1730603375705775,0.011898913420472983,77.96494351416344,439
2210,5110,0.1167143585132142,0.5782256361743908,0.017642395116926297,0.1786065696184562,7388,0.11640468275123621,0.5594938177609413,0.013358872378330553,1.320650023241786,447
2211,2519,0.146197055390853,0.9667866128162989,0.01882077332381177,0.1785957574031165,13379,0.1595364968021592,0.9012973349054589,0.20421219507162797,10.850361542437879,433
2212,563,0.09021680297983853,1.1251474100742231,0.5084937177476777,0.17858524583308463,19123,0.09413662051304816,1.0055377060567783,0.6216089031556558,1.2224514904707386,441
2213,11699,0.06148482972375248,1.036991902183046,0.9717335285996965,0.17855600351165707,9026,0.05369118168151398,1.1347939745046451,0.6291744217707207,1.5444580945692177,384
2214,9026,0.05369118168151398,1.1347939745046451,0.6291744217707207,0.17855600351165707,11699,0.06148482972375248,1.036991902183046,0.9717335285996965,1.5444580945692177,385
2215,5509,0.06161522636232705,0.5659588975002087,0.014010993428566427,0.1785549529477677,2323,0.061720554088370086,0.5510673287442559,0.023868193679157115,1.7035332862617192,436
2216,10610,0.09519901502328024,0.9616617234263038,0.10537095655393452,0.17849310522291506,2117,0.09529792718991598,0.9983128358261603,0.10382474361519173,1.0148925283598442,427
2217,3393,0.16479650555133898,0.6398291249295041,0.49346162578543834,0.1784661883702251,19603,0.15242816626905753,0.6834367440839119,0.33335636586614587,1.4802825933841033,431
2218,5221,0.15432295067279767,0.8440185616071652,0.15727378640555445,0.1784333729553869,12002,0.144821844164284,0.867732965981894,0.027040928740142495,5.816138488323448,434
2219,19004,0.14633314650766624,0.8144622796634327,0.06667409153978285,0.17841563136182173,15754,0.14238624199225253,0.8077203689048966,0.011894767672724522,5.6053294502481865,437
2220,4497,0.05060794372246916,0.41803843631104887,0.023021597306388603,0.1783172458611636,0,0.05,0.4,0.01,2.30215973063886,453
2221,0,0.05,0.4,0.01,0.1783172458611636,4497,0.05060794372246916,0.41803843631104887,0.023021597306388603,2.30215973063886,448
2222,9550,0.16919032886338448,1.1050584966862953,0.03829735178365379,0.17825538047243492,18549,0.16746698207696842,1.1431083107654292,0.010403665403990668,3.6811402805172473,429
2223,8640,0.13686246999517343,1.1661170514652204,0.3059442436980905,0.17824484189227555,4449,0.17357522371834666,0.8231744689520741,0.899889541327385,2.941351438582407,441
2224,7880,0.1427692269117672,0.4267259427623249,0.05331373099881193,0.17821751319025614,9914,0.140833872192428,0.45120205958557646,0.030015605703005436,1.7762004047605702,444
2225,10809,0.13595017099347398,1.091056686486525,0.035880993666474466,0.17821240444415956,6134,0.13456926788995868,1.1049459747789871,0.01545783550134646,2.3212172016806,435
2226,4196,0.1883169684468876,0.6500744817599987,0.3589369353679324,0.1781779701494794,9752,0.16200217616943924,0.8036043658531637,0.05133013845299694,6.99271317369641,448
2227,1358,0.19375297007277403,0.7427266907662133,0.010941937077166123,0.1781471675044352,3769,0.19870542731163915,0.7139456906707224,0.06338275242994817,5.792644573163988,409
2228,10328,0.1296262970590962,0.5997673907639377,0.022036083710425813,0.1781347025248215,4651,0.1338314997127904,0.5974962869804121,0.08418512881761303,3.8203307776409914,433
2229,9768,0.13452159628234772,1.1774945104327013,0.3555314008112183,0.1780954100248302,18109,0.1584278042922586,0.9307784883592475,0.7512096005362288,2.112920543226812,444
2230,11441,0.18860751942046483,0.6034982665399253,0.6965709321844799,0.17808718494722303,19021,0.17929500036845375,0.6819991771343857,0.5716270277221934,1.2185759217162284,441
2231,1069,0.10616868992053356,1.0018170333294598,0.9679000929411725,0.17807700945746346,5861,0.10005405562728972,1.0469178907818142,0.8092760535137906,1.1960073311679658,458
2232,17479,0.12716088285424632,1.0483560614218526,0.05590556133485867,0.1780769138695666,14090,0.12907878145430593,1.0450324724934013,0.08362972869033237,1.4959107232536974,432
2233,15389,0.15211844567234356,0.40567943747219704,0.9481711092820908,0.1780609556989669,12915,0.10023067022031937,0.8093193619260515,0.030347686354208658,31.243604478289896,436
2234,14656,0.1931923272476152,1.061654267308506,0.07561734394246748,0.17802717942491147,6692,0.18888003371565038,1.0966674331697952,0.026038213140323126,2.904091134631871,432
2235,6692,0.18888003371565038,1.0966674331697952,0.026038213140323126,0.17802717942491147,14656,0.1931923272476152,1.061654267308506,0.07561734394246748,2.904091134631871,431
2236,8954,0.12818397601313591,0.9934074857166911,0.4859657853837309,0.17799685059355694,1469,0.10296522771080961,1.1857601472525778,0.017954210865501967,27.066953208034754,439
2237,9548,0.18211909079790273,0.9801227193883959,0.8408923905357334,0.1779260867507417,9824,0.1579612554949223,1.133037085866622,0.48844535809438505,1.7215690078750692,450
2238,9552,0.1839541637244031,1.121888274019227,0.01990626143471074,0.17790345012075068,6522,0.19698829542766866,1.0600301347940495,0.16813507447230464,8.446341118534988,442
2239,17839,0.16975948772658556,0.719559001294225,0.0603400115036663,0.17790253609966375,1781,0.18898754553915365,0.6134687895216233,0.27371806496796686,4.536261398480767,440
2240,16716,0.057123174898748554,0.4511008022170091,0.3082876647165417,0.1778992096771437,7020,0.05497058714174378,0.5446821283304127,0.2463503895228386,1.2514194327586439,437
2241,5099,0.06729653216572709,0.737031097773653,0.9395074371220907,0.17784183616268817,14159,0.057853334194876496,0.9520029611928282,0.5216904107322597,1.800890753969142,391
2242,14159,0.057853334194876496,0.9520029611928282,0.5216904107322597,0.17784183616268817,5099,0.06729653216572709,0.737031097773653,0.9395074371220907,1.800890753969142,387
2243,1274,0.07773810074560181,1.0885866203847172,0.9347721139379612,0.1778206826190419,4284,0.07118086171532928,1.1540543742898046,0.7026938597717168,1.330269364018122,427
2244,17923,0.15216875298768487,1.1370845194851515,0.0814654063500826,0.17780256395185176,13447,0.175752189487223,1.012112015703686,0.38207805218871205,4.690065014182853,420
2245,8606,0.13313239147124928,0.47855162192736644,0.1833351640073833,0.17779782271206582,6798,0.12190535806740364,0.503460624394849,0.028711878007731388,6.385342120707525,441
2246,9760,0.1634433716119792,1.1462616543915949,0.4538712498937933,0.17778349541695332,13429,0.15547885789125743,1.173457505594151,0.3485834985777195,1.3020445653499546,454
2247,8004,0.13669341811282482,0.9590315559100374,0.30862169782463345,0.1777731140508055,14066,0.1186990691957575,1.0658721448208182,0.010756030711316098,28.69289853365162,427
2248,10463,0.16972708537919856,0.8222437232502882,0.4429963812003732,0.17772222083194184,15107,0.13889539082496624,0.9902503587878324,0.0190561758225433,23.246866807154042,433
2249,6698,0.09906958324370788,0.9161311496988574,0.5426102026489596,0.17767611759572507,14795,0.11575183535904643,0.6759457254064857,0.9726440652386258,1.792528154631614,435
2250,352,0.18785150722903676,0.9757944014979602,0.010794123919680633,0.17765667459133103,6632,0.188773970293301,0.9444367296670506,0.026653417796076783,2.4692525298399004,433
2251,2987,0.13104875334006388,0.8746381259558514,0.05431728087893166,0.17761482746858978,5912,0.13277491056023807,0.8634835171347572,0.07942066613140389,1.4621620384206164,440
2252,9935,0.14478209422633687,1.1613431650387886,0.08582942104333477,0.1775978590400058,3806,0.15232354433236875,1.0946581228749546,0.19826211965183327,2.309955225629821,447
2253,3806,0.15232354433236875,1.0946581228749546,0.19826211965183327,0.1775978590400058,9935,0.14478209422633687,1.1613431650387886,0.08582942104333477,2.309955225629821,438
2254,11571,0.15306674406048387,0.6351328113545421,0.029600607348197448,0.1775697441659551,18642,0.15601434393885916,0.6116065978600864,0.07134427370376052,2.4102300626647475,438
2255,9067,0.16883265807981657,1.0413679066440509,0.10058832778543975,0.17756281630312942,6456,0.18586870819487905,0.9201258918330396,0.30869108536034356,3.0688559215220086,427
2256,143,0.18352385193523313,0.71232869580848,0.12090060701963037,0.17751439759458604,3758,0.17883350225816058,0.7081816806080522,0.070749928976228,1.7088442175009535,437
2257,3758,0.17883350225816058,0.7081816806080522,0.070749928976228,0.17751439759458604,143,0.18352385193523313,0.71232869580848,0.12090060701963037,1.7088442175009535,434
2258,8142,0.07384231267052715,0.5989382194590616,0.1324967904744697,0.1774912765840867,2998,0.0859922585857554,0.5268438551158846,0.4197352278050931,3.1678897753072013,435
2259,16298,0.10314388249342143,0.941950521370145,0.11759685440646139,0.1774729249773074,4941,0.09900470491967409,1.0100727380236847,0.022293113903526725,5.27503043833898,430
2260,16776,0.15196327004798085,0.43744563702217104,0.28801709229361344,0.17746211696204212,14722,0.14471640884706216,0.46798820565005833,0.21015033677089606,1.3705288162712153,439
2261,9964,0.08907972159519706,0.7943549038280457,0.9363444392206991,0.17746208669065122,1133,0.07233818792192717,1.0233147576543429,0.4038270708988987,2.318676747292953,438
2262,2255,0.1876446188406718,0.826813307860909,0.041113956750716156,0.17744023944798795,10323,0.18507386434017287,0.8270843838350148,0.01139168179153385,3.6091208921646247,431
2263,7328,0.11006394335855477,1.1502115762299485,0.035398602241329624,0.17742275773740182,8924,0.10926401473537761,1.1986537740063121,0.011916737080626029,2.970494523948162,435
2264,12517,0.190399255669023,0.9065192630782001,0.05651601019471462,0.17742177268078718,17807,0.1874959218852602,0.9238665968550585,0.020563261448268803,2.748397200361066,427
2265,10430,0.1838535735593197,0.7097322032081774,0.03161726585211296,0.17741106138887572,5596,0.18776712427942588,0.7195990977293697,0.0717494568977141,2.2693125089726607,433
2266,5596,0.18776712427942588,0.7195990977293697,0.0717494568977141,0.17741106138887572,10430,0.1838535735593197,0.7097322032081774,0.03161726585211296,2.2693125089726607,435
2267,11523,0.13721117617568268,0.8538687806423493,0.6452608859536474,0.17740446395467607,16524,0.1069285241615182,1.1506293447122153,0.08649397177082488,7.460183325415277,440
2268,8066,0.12953431674999494,1.1599416830574092,0.43264487397295026,0.17736537288344473,17754,0.157149471685344,0.9113953869351247,0.9239979632096207,2.135696084237879,443
2269,16898,0.05275352541850408,0.9117960256514213,0.13995264656518178,0.1773553939567656,6296,0.05772108651232005,0.7501597423064366,0.335840009994477,2.399668875415388,409
2270,19271,0.19811296046426324,1.1889668341157957,0.01471132657831357,0.1773522444699867,5952,0.19815167159944025,1.1672564572552786,0.020106538485568412,1.3667386403621884,443
2271,5952,0.19815167159944025,1.1672564572552786,0.020106538485568412,0.1773522444699867,19271,0.19811296046426324,1.1889668341157957,0.01471132657831357,1.3667386403621884,444
2272,17581,0.1714022439828059,1.0655173410464993,0.4800095693836763,0.1773412809858213,5384,0.17449899332261087,1.0069993289409678,0.529722546202577,1.1035666369791988,442
2273,17052,0.11456488252601034,1.1462835416186108,0.3028725749510344,0.17732439402427025,19813,0.11324550583118226,1.1949795312033165,0.2744021270493517,1.103754472342564,437
2274,8034,0.14523349464900612,0.7519239436131884,0.5207998179230261,0.177302562998094,16026,0.1236591080953992,0.9593858003286916,0.1694039727769451,3.074306991659312,429
2275,706,0.05330902232514988,0.4414880783918837,0.012457737403460754,0.17727555753351923,16178,0.0538935365332482,0.44111076628945195,0.03533105954465651,2.8360735501489667,439
2276,6500,0.13225536372810023,0.9917631852213449,0.10429074615387128,0.17727456688022922,9943,0.12695931555190593,1.0532254423701808,0.013838306210482739,7.536380866819479,432
2277,3377,0.16712307409988708,1.1206781379378152,0.500251217257748,0.17724895130387308,13429,0.15547885789125743,1.173457505594151,0.3485834985777195,1.4350972415471728,447
2278,17467,0.13429054481775898,0.4658614060646452,0.2668173480471276,0.17722013919039642,5725,0.11666009764234918,0.5548870592137967,0.017125074299470685,15.580507469995304,441
2279,9922,0.19347856605669927,0.8810704543404948,0.1686713750723704,0.1772137942702321,16004,0.18200733789486384,0.9057634174440802,0.04491304371275215,3.7555097835526916,436
2280,603,0.06737179342870817,1.0436416204691774,0.7632574424317653,0.17720523486948056,3416,0.07123204882774216,0.8914460548107423,0.9422229888939996,1.2344759926507152,403
2281,11661,0.11816739928223945,0.9603489337694664,0.09744791910760674,0.17705176808877904,6473,0.12270487678092745,0.9615241489724189,0.16958175997505934,1.740229668606868,440
2282,18173,0.14073210267662978,1.0135246982663126,0.10933453853774061,0.17701618082534498,522,0.13796418365232282,1.0396493058228575,0.06300205530608768,1.7354122497520486,433
2283,10447,0.1775151245299687,0.9158579067769249,0.01583241078994864,0.17700171094838021,14473,0.17989143669562158,0.9348528571986028,0.03947414785729342,2.493249346609549,434
2284,19398,0.16977478609514873,0.9000642714655834,0.21075126669970992,0.17696154214214616,15087,0.15558278385381058,1.0062295787087243,0.020465551395277587,10.297854312801006,437
2285,19251,0.13274862003247526,0.5041038435049782,0.023807078018498396,0.17695121547202247,19509,0.13141103764047585,0.48008587372609735,0.010056628277821581,2.367302177311397,454
2286,16975,0.18398675993889346,0.8708065316315698,0.0591463477179288,0.17693336607608137,15245,0.1815894190617247,0.909633052347323,0.02592856714693892,2.281126734953864,433
2287,15245,0.1815894190617247,0.909633052347323,0.02592856714693892,0.17693336607608137,16975,0.18398675993889346,0.8708065316315698,0.0591463477179288,2.281126734953864,432
2288,13209,0.19449574469560543,0.6412245065180948,0.035708185321251425,0.17693174780252122,12548,0.1988738436555516,0.599484780745024,0.0839795658807573,2.351829563032361,398
2289,12548,0.1988738436555516,0.599484780745024,0.0839795658807573,0.17693174780252122,13209,0.19449574469560543,0.6412245065180948,0.035708185321251425,2.351829563032361,403
2290,14680,0.09623467048871877,0.488981502693958,0.04335230916023312,0.17691827831736828,15858,0.09473377309272568,0.4696955918271551,0.0204392757829788,2.121029610860067,441
2291,15190,0.08259569042055583,0.8887500967353203,0.8080285328689794,0.1768628970787788,9433,0.08554621545350588,0.7959536444447934,0.9189398725497194,1.1372616623907317,440
2292,9216,0.1009161712299578,0.4789994755660899,0.014112955241605815,0.1768217942143149,11048,0.10198734581834644,0.4796871070725338,0.035231210463547845,2.496373711983737,450
2293,182,0.18794905559099312,0.5871738949172731,0.021506602475304785,0.1767830018750363,6804,0.18700816979394508,0.5739473186844481,0.012649997116286006,1.7001270654533591,435
2294,11581,0.1662529732150504,0.6634547540252431,0.020281042894748007,0.17663768874542063,5498,0.1988763079660757,0.5470393582054971,0.36547171857639377,18.02036120494753,425
2295,5498,0.1988763079660757,0.5470393582054971,0.36547171857639377,0.17663768874542063,11581,0.1662529732150504,0.6634547540252431,0.020281042894748007,18.02036120494753,429
2296,17898,0.12627069430265486,1.1023327847292133,0.5489522910234083,0.1766363958735221,3939,0.12625954900690972,1.048270826230338,0.5599865680139517,1.0201006119675216,449
2297,910,0.11509768641461086,0.5019920101352536,0.34722349383043033,0.1766340573468998,366,0.10763605258967592,0.5859024964379116,0.2258500639426625,1.537407108809061,443
2298,13780,0.1669860656437186,1.0688857374899534,0.012955005040665908,0.176601271580295,19280,0.18105981788057118,1.0160335144457262,0.18049753252378054,13.93264857537274,426
2299,19280,0.18105981788057118,1.0160335144457262,0.18049753252378054,0.176601271580295,13780,0.1669860656437186,1.0688857374899534,0.012955005040665908,13.93264857537274,425
2300,16421,0.1264477968578871,0.9522508330201752,0.43330991809777786,0.17659837967920716,6934,0.11688288121357476,0.9921062021809598,0.27100915793875424,1.5988755560640582,435
2301,4407,0.15134094843291723,0.9841573173345509,0.03469691288262999,0.17658624506907225,18484,0.15563433020914968,0.9951104775837917,0.08902202598252529,2.5657045133571983,431
2302,16671,0.16994141513878613,0.992599596429261,0.09018944191330333,0.1765118271189922,4028,0.16433006707997777,1.037807143100923,0.016975924401601,5.312785317587628,438
2303,18719,0.18766022914304553,0.8053950198279791,0.14371904196333452,0.17650479535153119,403,0.1771481752349489,0.8730800272647106,0.020710162774312778,6.939541882384047,438
2304,12990,0.17572092127360012,0.4572455354979385,0.20323431178774115,0.17648349592414833,11409,0.16667459041392174,0.5108157771825338,0.11346434549116881,1.7911733497247322,437
2305,14404,0.09130210343680853,0.6946001160813722,0.011538704281940272,0.17647667014330917,3663,0.13043938354564688,0.4225823792935959,0.7248776448682979,62.821407599710774,432
2306,838,0.1986904208935507,0.7989410453830283,0.014161430328534456,0.17642815751552907,16602,0.19923301455986597,0.7943047301137348,0.018439203158005648,1.3020720880751522,403
2307,11987,0.07245859668646691,0.46130553679018693,0.1439070455675501,0.17640092867234408,3881,0.06747512793794151,0.5360522165219747,0.01630849815162066,8.824052603105535,455
2308,14448,0.11020376675911836,0.5223085227777353,0.023527439086480716,0.1763940952580591,8564,0.11139071094501851,0.5352987541184707,0.03888860896177199,1.652904458442231,443
2309,3741,0.11178874647321232,1.1582717324340903,0.34019328584632197,0.17637095978988965,5667,0.1274938027426864,1.0354304307172395,0.6356042887433369,1.868362237550047,449
2310,2885,0.18049456477239245,1.0714670846188532,0.041981816068434805,0.17636226258678672,1679,0.1952013600307969,0.9933369571151621,0.21112785973827505,5.029031126097887,428
2311,1679,0.1952013600307969,0.9933369571151621,0.21112785973827505,0.17636226258678672,2885,0.18049456477239245,1.0714670846188532,0.041981816068434805,5.029031126097887,428
2312,13625,0.12049808965065283,0.5585569995971544,0.11365149899047114,0.17629594849499514,10219,0.11536144417630277,0.6264437564491021,0.023469654685899653,4.842487054517759,437
2313,6349,0.15678890540626883,0.5388901177151223,0.01589199001467717,0.17627350991059793,4636,0.15779394712957667,0.5199187859952786,0.02852728085858528,1.795072916119296,422
2314,4636,0.15779394712957667,0.5199187859952786,0.02852728085858528,0.17627350991059793,6349,0.15678890540626883,0.5388901177151223,0.01589199001467717,1.795072916119296,430
2315,17291,0.16050253350842547,0.9924869840931819,0.053213139761471774,0.1762673310318448,13090,0.18341032803009977,0.8936413266252132,0.3316077238795902,6.231688740149968,432
2316,13090,0.18341032803009977,0.8936413266252132,0.3316077238795902,0.1762673310318448,17291,0.16050253350842547,0.9924869840931819,0.053213139761471774,6.231688740149968,434
2317,11253,0.11399949591931337,1.1869488566478226,0.334924172546693,0.17625432982569297,5299,0.11626437814660553,1.1239270946380224,0.3868367926037717,1.154998128867039,443
2318,13816,0.14674539542951193,0.8712794687081848,0.02303635640181161,0.17621455637769057,9610,0.159406517230465,0.8332385812044671,0.1917374272902647,8.323253206621956,430
2319,9856,0.16511679238641905,0.7891770992620326,0.02771261504132618,0.17618687489038268,232,0.1642810560737601,0.822495488110021,0.011422148544613549,2.426217355962761,443
2320,7175,0.18142651355930012,0.43515768334389243,0.775463428481092,0.17618562871102875,13631,0.12516033526573028,0.723470074484843,0.014205000571271132,54.59087626152061,445
2321,8751,0.11933108754445454,0.8006000782667779,0.011852669134135234,0.17615707554934,6074,0.1293321758457076,0.7702967101229221,0.17343571567046642,14.632629470013484,433
2322,6908,0.0859012633666173,0.4269882604378542,0.01119297595526933,0.1761559205747478,3533,0.08664431772648482,0.4633487329779865,0.01990837592799483,1.7786490391433871,454
2323,3533,0.08664431772648482,0.4633487329779865,0.01990837592799483,0.1761559205747478,6908,0.0859012633666173,0.4269882604378542,0.01119297595526933,1.7786490391433871,452
2324,9927,0.11732985124306736,1.1383010687432744,0.044202658015804995,0.17615381400194427,13477,0.11836548844096076,1.0904194652249184,0.07035827809972402,1.5917205267286614,435
2325,6278,0.17742635837635218,1.001239086267993,0.07414990012188036,0.17613166388715276,4145,0.17258271200169484,0.998643804315707,0.01743867958524804,4.252036386092341,426
2326,18828,0.14064316373089808,0.7654150744561781,0.0843770634902966,0.17611780685427728,19495,0.14080914328041455,0.7962997561575327,0.08098061093019882,1.0419415526887708,443
2327,16092,0.12742042881734295,1.0106219414025608,0.4944986612688253,0.17611293424848545,19019,0.12173028680047376,1.0191452703922614,0.3991355537656667,1.2389241113788287,441
2328,9060,0.1677134345658225,0.5527113366866381,0.03369801713009179,0.17607382309753739,16709,0.1661179057238243,0.5864004580102947,0.011195090000760756,3.0100711229478154,436
2329,16709,0.1661179057238243,0.5864004580102947,0.011195090000760756,0.17607382309753739,9060,0.1677134345658225,0.5527113366866381,0.03369801713009179,3.0100711229478154,438
2330,11517,0.08331757236845172,0.43503568364574596,0.010489673031697606,0.17603232598261684,1307,0.08391742945178138,0.4368271224327166,0.025309600130788548,2.4128111576317215,446
2331,9914,0.140833872192428,0.45120205958557646,0.030015605703005436,0.17601078929500602,19403,0.13941157487024475,0.433297019208882,0.016431370411299065,1.8267256444030464,436
2332,1018,0.13918470714008924,1.1631262096839339,0.22945990178535056,0.17597812814885055,12102,0.12966390712499665,1.187244963909388,0.08819612982218365,2.6017003495275293,439
2333,13129,0.12355376264306087,1.0629208940870511,0.018943612193681895,0.17593662291603437,16896,0.1258776130771075,1.048418906996475,0.05625743203889678,2.9697309818060913,426
2334,13579,0.05398424051164264,0.446077850741437,0.793553735025235,0.17592168330051172,6373,0.050219335944945355,0.5250937198428672,0.637691956244693,1.2444154693410234,384
2335,6373,0.050219335944945355,0.5250937198428672,0.637691956244693,0.17592168330051172,13579,0.05398424051164264,0.446077850741437,0.793553735025235,1.2444154693410234,386
2336,6735,0.1434942808591294,0.6400519329855953,0.034431930901452364,0.1758549860609003,19530,0.15943328319225653,0.5321631856554513,0.23873569188851265,6.933555151809468,435
2337,19530,0.15943328319225653,0.5321631856554513,0.23873569188851265,0.1758549860609003,6735,0.1434942808591294,0.6400519329855953,0.034431930901452364,6.933555151809468,441
2338,2060,0.13795581953214187,0.4787008492698242,0.09841232801103977,0.17585495624306913,14260,0.13487643676468947,0.46181945757950826,0.0613898612959282,1.6030713530471383,437
2339,7699,0.19232764251698775,0.7059476096430013,0.03808745894060866,0.175846358997787,4241,0.19627105864555727,0.6926905050458246,0.08138582916159058,2.136814358986218,430
2340,4241,0.19627105864555727,0.6926905050458246,0.08138582916159058,0.175846358997787,7699,0.19232764251698775,0.7059476096430013,0.03808745894060866,2.136814358986218,436
2341,14571,0.050446433607204695,0.7465779462801838,0.27494539936862256,0.17582228773586864,10541,0.05575185718305329,0.5785260787818052,0.4881671331584843,1.7755057341548488,399
2342,19134,0.11823241086971677,0.4927532670473158,0.08718430756024972,0.17581440009992189,16322,0.1150182092987121,0.5400945825412407,0.03124253920878615,2.790564076038077,437
2343,16386,0.15041327374940106,1.164371387226775,0.019871709595127213,0.17573554776356562,6705,0.19380312552785245,0.8992328918703534,0.5739905597037238,28.884810184850597,430
2344,19888,0.1760867508067105,0.8480734653182724,0.9162654694968102,0.17572319029765093,1888,0.16363248217688628,0.916016119094687,0.7131694132145473,1.2847795383804048,438
2345,1888,0.16363248217688628,0.916016119094687,0.7131694132145473,0.17572319029765093,19888,0.1760867508067105,0.8480734653182724,0.9162654694968102,1.2847795383804048,433
2346,11391,0.09178754294969185,0.7162676615015109,0.07507196534862395,0.17572240695463634,7842,0.11586886202914456,0.5032877402259939,0.5326554945001329,7.095265083664103,424
2347,11037,0.17797085758704018,0.7627824672582153,0.15922850178758047,0.17567429267683332,3205,0.1863270549727713,0.7184069743518602,0.25067643167865905,1.5743188491032536,430
2348,3205,0.1863270549727713,0.7184069743518602,0.25067643167865905,0.17567429267683332,11037,0.17797085758704018,0.7627824672582153,0.15922850178758047,1.5743188491032536,426
2349,4974,0.14987141198899293,0.6753769914995191,0.0817547880683404,0.17566732794250095,8075,0.15311662549032784,0.6885734051231963,0.12012850757182729,1.469375805505233,429
2350,10872,0.13390098219490432,0.6087517010208546,0.04178836982849989,0.17566043035113008,1017,0.13643119330784342,0.627988870279842,0.07428994623081757,1.7777660754823565,434
2351,17127,0.09390233743340931,0.510859785689242,0.029425174294459896,0.17562350138543986,13441,0.1162046939747971,0.4068330327103945,0.3906447687835405,13.275869324488255,451
2352,13441,0.1162046939747971,0.4068330327103945,0.3906447687835405,0.17562350138543986,17127,0.09390233743340931,0.510859785689242,0.029425174294459896,13.275869324488255,454
2353,4108,0.13205653399842676,0.933405118166417,0.18544583268257872,0.1755682753891555,6236,0.12811426798466435,0.9332070510349205,0.12822090327553126,1.4462995342037015,428
2354,12921,0.08374346605102229,0.5049036126849934,0.013739763739031104,0.1755401933511122,15470,0.0840101792421036,0.5192860636088457,0.020451302594959312,1.4884755650391912,441
2355,15630,0.1963044936135191,0.46107729323871194,0.6238718068469586,0.17548076004048727,14941,0.15548571267078332,0.6746564596679865,0.16155340427201675,3.8617063481776577,445
2356,19358,0.05794340910558977,1.1753782047270431,0.024487753483223792,0.17547291244260443,19259,0.05752196986122281,1.1148728821057063,0.017343873579975678,1.4118964469099948,429
2357,4946,0.11526346395850254,0.5682058802123595,0.01579458374154232,0.17546504020082543,8999,0.11879860427601,0.5708558858091569,0.06945074679236331,4.397124224913668,440
2358,4820,0.17361782330711223,0.8281998870535138,0.015576772585564317,0.17545774133302905,17296,0.1769188574716663,0.8295292643002362,0.05486979566869795,3.522539432818594,438
2359,4420,0.05083145665598498,1.1926665665792213,0.08589312177695213,0.17543301553378088,6032,0.05628648277095809,1.1253723304482706,0.2898538794758312,3.3745877839732707,404
2360,7517,0.18737817793087824,0.9672793975481255,0.42540714465811946,0.17542344348962494,10080,0.16040868478052284,1.155897177413975,0.08910350465178479,4.774303169337776,435
2361,15167,0.19335025186231752,0.5081280683441184,0.04744106273463952,0.1753864461087479,13793,0.19017456316938408,0.5004911491070958,0.017732825863566434,2.6753244575705857,412
2362,13793,0.19017456316938408,0.5004911491070958,0.017732825863566434,0.1753864461087479,15167,0.19335025186231752,0.5081280683441184,0.04744106273463952,2.6753244575705857,413
2363,19158,0.19169632865860586,0.8137385020453634,0.010815659996100777,0.17536335697913583,1264,0.19294932614956806,0.806344726411415,0.023159450703114294,2.1412887157569354,424
2364,1264,0.19294932614956806,0.806344726411415,0.023159450703114294,0.17536335697913583,19158,0.19169632865860586,0.8137385020453634,0.010815659996100777,2.1412887157569354,419
2365,1725,0.08590344548817255,0.9130607716360238,0.027899648357163843,0.1753567301722654,13622,0.1101443261599859,0.6958935223225908,0.5579247052158599,19.9975533050975,436
2366,16358,0.1616489476103249,0.5611602623025027,0.18114419464756817,0.1753087673335201,8078,0.17084278965535069,0.5288399234342271,0.28014718000786343,1.5465424136440817,433
2367,12713,0.09253446800327475,1.1171788496265007,0.7143192529592627,0.17528204999559002,11342,0.08282995372815366,1.1996838752171815,0.46548090454480134,1.5345833652570624,445
2368,14639,0.05666724430244406,1.0839221538787545,0.3260354824287378,0.1752303302120836,13026,0.05556298191886095,1.1637352483035694,0.269637758086335,1.2091610787104412,405
2369,6694,0.13035797143743116,0.6582483948538413,0.0591101249041705,0.17519926672141045,4639,0.12763530988131025,0.6858950246734596,0.01135444390644519,5.205902234509034,424
2370,7638,0.18808135613496557,0.9654137519917727,0.0363917910966949,0.17519877213788573,11781,0.1867670108628931,0.9992769782997217,0.016493167909111244,2.206476724013169,422
2371,16743,0.1466673187235534,1.190354518633007,0.3464951565174639,0.1751909209152464,5741,0.18029074869413864,0.9127361145710674,0.8516825465912092,2.4579926459903723,456
2372,6468,0.1931409627293515,0.733145761447052,0.11350725176621328,0.1751323808946877,5059,0.18696795593163662,0.7322840502781018,0.0505198269959237,2.2467862325690833,435
2373,4511,0.1330388732428605,0.47155523074877204,0.0391532380028167,0.1750840566748276,14260,0.13487643676468947,0.46181945757950826,0.0613898612959282,1.5679382964829573,436
2374,7222,0.06811424603366031,0.8860960807607361,0.817230764635726,0.17507880453676963,14060,0.06513786487034696,1.0356419646871533,0.6770769203515317,1.2069984075242557,396
2375,5417,0.1939722559388949,0.7982989602585484,0.0904473655880553,0.17506674917746853,7503,0.18731045610463493,0.8080323887348663,0.021171618932397888,4.272104361827907,433
2376,1830,0.17930099665244226,0.40326688826150875,0.06609626157992449,0.1750221003538001,5827,0.17612092656769318,0.430475481269799,0.034199867902573816,1.93264669232685,447
2377,5827,0.17612092656769318,0.430475481269799,0.034199867902573816,0.1750221003538001,1830,0.17930099665244226,0.40326688826150875,0.06609626157992449,1.93264669232685,441
2378,11724,0.17445080141238306,0.5750611269100787,0.20201144926582862,0.1750021758004033,18905,0.15985459294038695,0.6707789214112546,0.027484462115251088,7.3500237486449755,423
2379,6964,0.16725767019299342,0.46557889776493633,0.011483563826640513,0.17489820745108398,11192,0.16958192260258984,0.4838272032684776,0.0330998943616541,2.8823712622092326,436
2380,5279,0.16798754604737043,1.0226733253173155,0.03419443996462395,0.17484940257908058,11000,0.17147938473593527,0.9913551436512961,0.08266968124243419,2.4176351865379453,440
2381,15572,0.1655527020224265,1.1865299231851996,0.12531083842485197,0.17482681901106045,16164,0.17123797359940895,1.127871329142566,0.19941869957190192,1.5913922696438738,438
2382,8820,0.16585365217454096,0.41609499322799254,0.10229436097377792,0.17482397000187494,13779,0.15697778011143398,0.4311520899500961,0.013627411551724576,7.506514394572046,449
2383,7593,0.19400738019190844,0.7571479643005405,0.018935744722230002,0.1748143532373364,1094,0.19631286166224948,0.7607053014083989,0.043529422160253815,2.2987964190894252,403
2384,1094,0.19631286166224948,0.7607053014083989,0.043529422160253815,0.1748143532373364,7593,0.19400738019190844,0.7571479643005405,0.018935744722230002,2.2987964190894252,406
2385,476,0.07998740251960486,0.8091705532400084,0.08378814298036517,0.17477590574556215,13923,0.0957812312621335,0.6041390253998498,0.45367125648165135,5.414504252564282,430
2386,19884,0.10254866641775856,0.7821654680891381,0.049337468427368594,0.17477452055909318,13334,0.14140048953856058,0.5005924606950534,0.7283525609964221,14.762665864557993,439
2387,7436,0.15925726704211918,0.5537447386381761,0.03626253086908692,0.17476127803007718,18210,0.1583567903989929,0.5600596743578378,0.026958851402413317,1.3451066711930002,433
2388,17348,0.15489538106267436,0.7754396878534782,0.7546892482651354,0.17473463523519175,3447,0.13122069654593332,1.0122974120686625,0.3542545414094096,2.1303587111758326,442
2389,3447,0.13122069654593332,1.0122974120686625,0.3542545414094096,0.17473463523519175,17348,0.15489538106267436,0.7754396878534782,0.7546892482651354,2.1303587111758326,440
2390,8315,0.10458022430824448,0.5044194000908993,0.01265699337666247,0.17473051662164027,18027,0.1059452635532135,0.4653948281549628,0.03907484904224796,3.0872141494753333,447
2391,5712,0.19110856863192993,1.1976758749616758,0.1449370659853393,0.1746891151385963,2150,0.1873381326388247,1.199796629357313,0.10368947909766565,1.3977991523018678,453
2392,2150,0.1873381326388247,1.199796629357313,0.10368947909766565,0.1746891151385963,5712,0.19110856863192993,1.1976758749616758,0.1449370659853393,1.3977991523018678,449
2393,10579,0.1937927659342913,0.8891649151378029,0.043283490942202296,0.1746825071987246,15785,0.19208019694111733,0.8837865196403814,0.028140322172666106,1.5381306111784816,419
2394,15785,0.19208019694111733,0.8837865196403814,0.028140322172666106,0.1746825071987246,10579,0.1937927659342913,0.8891649151378029,0.043283490942202296,1.5381306111784816,413
2395,4337,0.18288677470775,0.7340324490324406,0.03225638069448188,0.1746527815163639,18866,0.19160995093345218,0.6754283790556381,0.12950043476936043,4.01472304025461,437
2396,12384,0.13065755292995307,0.6347111176183895,0.06250609928914815,0.17462547568547443,8515,0.1301661093128998,0.658351211145536,0.049824146163572246,1.2545342791011642,424
2397,14113,0.18143209419497613,0.6375716588678056,0.13793068141777418,0.17462303702171758,14693,0.17090293377860089,0.6566778976737011,0.02229498048638334,6.186624899807172,440
2398,9919,0.13876603603087106,0.49826045458214274,0.14840688863115545,0.17457414999423984,3029,0.13608604526960952,0.48034365889518754,0.11576868647936824,1.2819259952267303,443
2399,9361,0.12444058604434859,0.7585459440788316,0.03405543684660378,0.17456155993696215,11981,0.15822428548101325,0.5269262481656468,0.5188770006052036,15.236245623346019,445
2400,9721,0.14406807419342635,0.4213264240153018,0.8787796599570636,0.17452927853702657,10252,0.13273736382252535,0.5168596918750394,0.6816658051558452,1.2891649446258397,431
2401,1171,0.12095247410500928,0.7538257499110508,0.010772595160007805,0.17451876599676097,8279,0.12298405982641895,0.7215879377181018,0.0467102393512553,4.336024760743117,441
2402,13581,0.18495885315232563,1.0086323728755158,0.036345280536690526,0.17450655287088013,3330,0.18367603787208764,1.0428281098485193,0.016524008569012337,2.1995437962220166,419
2403,3330,0.18367603787208764,1.0428281098485193,0.016524008569012337,0.17450655287088013,13581,0.18495885315232563,1.0086323728755158,0.036345280536690526,2.1995437962220166,425
2404,10169,0.1740406580750055,0.444564866072026,0.46701537672490795,0.17450643870138283,5628,0.1580048671121576,0.5448470784248362,0.2958228035072053,1.5786997188454843,436
2405,17151,0.07635976855800924,0.5035806888263407,0.3332156095084953,0.17447616274891525,3674,0.08414477653960095,0.4026143226454365,0.4965226012027371,1.4900940623253673,444
2406,7536,0.18651996573901775,0.6580703872481555,0.012590714473946418,0.17446707404719103,351,0.19180204771306425,0.6131795737293122,0.0734214681717703,5.8313980770272495,442
2407,351,0.19180204771306425,0.6131795737293122,0.0734214681717703,0.17446707404719103,7536,0.18651996573901775,0.6580703872481555,0.012590714473946418,5.8313980770272495,432
2408,14859,0.199341581420783,0.7066444237485866,0.1491134165922279,0.174418855724454,19786,0.18858810176613633,0.7479113590497437,0.037808154047126806,3.943948609772437,439
2409,19786,0.18858810176613633,0.7479113590497437,0.037808154047126806,0.174418855724454,14859,0.199341581420783,0.7066444237485866,0.1491134165922279,3.943948609772437,435
2410,7326,0.13169945983992537,0.46441704533233513,0.026569221670209597,0.17441230210658906,10343,0.13083456675992677,0.445281197417102,0.019266205238662966,1.3790583740326356,429
2411,241,0.15759559807662452,0.9638095460255821,0.07751545096572526,0.17440765014224793,15276,0.15469646891250977,0.99312433823193,0.033226563092937825,2.332936173654412,431
2412,8274,0.09864491147729616,0.5536984888616431,0.0102258038768487,0.17439173999436872,18212,0.1034817537533502,0.4825167971009765,0.10393539065685987,10.16403129852416,443
2413,5477,0.1866179543852297,0.8383521209920077,0.271746890302312,0.17437961756246012,1330,0.1823857509880883,0.8542544022819045,0.2227583655577096,1.2199177778215071,427
2414,14171,0.12031905441520556,0.9116813231064973,0.9418747930937852,0.174352467624031,2185,0.10419050157529727,1.1197572682958823,0.5474035499123645,1.7206223694467688,449
2415,2185,0.10419050157529727,1.1197572682958823,0.5474035499123645,0.174352467624031,14171,0.12031905441520556,0.9116813231064973,0.9418747930937852,1.7206223694467688,452
2416,10098,0.166952695306599,1.0731336665868634,0.07688376933579459,0.17433427252316389,189,0.1640470153599415,1.0942315555070272,0.04037550165448609,1.9042183052913744,431
2417,17770,0.13764435910408584,0.4851520894469661,0.4681993710058618,0.1743026950347846,10467,0.13106019813127945,0.49119877161507636,0.3732329156943802,1.2544428728500578,430
2418,14886,0.06875878885519673,0.6364701620818688,0.8011826455691604,0.17429919705570254,10282,0.0531435194820887,0.8601228834300116,0.2197595018158697,3.645724707914786,398
2419,16931,0.1986135889224846,0.7774513987800178,0.03727658381585933,0.1742816509585,5382,0.1971978187135774,0.7872965490322235,0.023328862179163568,1.5978740638775482,406
2420,5382,0.1971978187135774,0.7872965490322235,0.023328862179163568,0.1742816509585,16931,0.1986135889224846,0.7774513987800178,0.03727658381585933,1.5978740638775482,404
2421,6394,0.19105324369539933,0.7579945832150206,0.5395444171038283,0.17427819311926795,13139,0.1568599250398005,0.9879579569505252,0.10972018698643994,4.917458053279742,435
2422,15665,0.1527094485014068,0.9498360077959943,0.01342527416033741,0.17427228689294513,5391,0.1553270816317538,0.9149094813848256,0.05542469422334813,4.128384535124844,428
2423,2978,0.17948493437137014,0.5083666338315038,0.2974453256213134,0.17427170636482772,17437,0.15771174651852693,0.6332977539720406,0.05251239159908348,5.664288305362668,441
2424,11295,0.08704722347759034,1.1989836962790519,0.4763312249895127,0.17425215862635876,3952,0.09225393315804868,1.0819932280843556,0.6178431909151925,1.2970873176092863,448
2425,1590,0.09599360651601624,0.9669318894331794,0.010447137523679309,0.17422885339128055,2565,0.09706035685403251,0.9391748261513806,0.04069013761055642,3.8948599574121454,437
2426,1345,0.18641069647119757,0.40133566471996274,0.6914520145734201,0.17417985113756715,11838,0.13143546319581945,0.7044674814730306,0.012327091544391575,56.09206454607764,445
2427,15166,0.15945173760335507,1.1302357269367906,0.022099046874710607,0.1741133499110035,18075,0.17339901443198388,1.0913735726315208,0.19486567463048227,8.817831634787828,434
2428,19690,0.1281935296062623,0.4685723736170773,0.08693650898909014,0.1741080547119965,7858,0.12414900223552493,0.5215623930694928,0.025570878841661593,3.3998248369722837,439
2429,4576,0.16752994492011994,1.0590764718672885,0.15029299867492676,0.174075310666444,12023,0.18193085455113528,0.994451738640933,0.32348569332655935,2.152367017616278,432
2430,15989,0.05090440098222173,0.5375772393000391,0.6129593035870198,0.17404210588647795,3053,0.05219625263043398,0.4440384982537633,0.6524879234943496,1.064488163693755,386
2431,3053,0.05219625263043398,0.4440384982537633,0.6524879234943496,0.17404210588647795,15989,0.05090440098222173,0.5375772393000391,0.6129593035870198,1.064488163693755,388
2432,433,0.07479122144836226,1.141909015031981,0.23602465375198148,0.17400749143143665,14682,0.06695220167054282,1.1777084343318756,0.01406081094904225,16.785991548237,442
2433,5908,0.06583346211223516,0.5000450386763612,0.052389364249560186,0.17399114299454035,11759,0.06535074680507633,0.5219896917492293,0.032663921990275936,1.603890808493742,442
2434,15566,0.08486965257560464,0.4171414051012172,0.27409881247303497,0.17398033737958277,18526,0.07272320522635356,0.4854281931896935,0.01344025812822952,20.393865196482047,448
2435,10850,0.12725919052282764,0.4729747449879914,0.14045644250121958,0.17397538284135894,8258,0.1237925000831543,0.4780821781081954,0.09543043588998826,1.4718201922826495,443
2436,15051,0.11157578826185757,0.8596172848323775,0.22372909365086874,0.17396646066178623,2657,0.10595058007345567,0.864573882439732,0.12319413513369394,1.8160693559646428,436
2437,19586,0.06201186183146778,0.9341897569728352,0.6675167264882612,0.17395968680983195,12073,0.06934065438185907,0.7630191753269975,0.9876272186695076,1.4795542635542869,396
2438,2163,0.19902840999255694,0.7747733933980632,0.019082010854948483,0.17395953480976065,14345,0.1987453900307949,0.8015538143952976,0.011387712476159384,1.675666723663546,401
2439,7156,0.19838539024645163,0.4676226768189731,0.01883792382662081,0.17394925163920344,5363,0.1997674570156871,0.4457467317784893,0.03448507912481401,1.8306199474106284,396
2440,1604,0.08630946293025385,0.9239898375145076,0.24884919405351175,0.17388154374440068,3604,0.07868577810784147,1.0347632519662486,0.05290134160239246,4.704024255639247,434
2441,16971,0.12737666913661858,0.6533760631414715,0.026061716956019925,0.1738784251520042,16987,0.12784169948435686,0.6848778533270597,0.0277820792648119,1.0660110886667653,437
2442,8198,0.1766092112999249,0.950980082601848,0.011925187180835236,0.17384499348085486,5784,0.18003067338888656,0.9646209625708383,0.04893210379902343,4.103256666500076,430
2443,11531,0.11187941835066852,0.5746587031121007,0.011123788163381651,0.17382489873465468,15225,0.11412514960115039,0.5380163232137791,0.051088433938483856,4.592719061898504,445
2444,2042,0.06633774009644341,0.6319361537978966,0.011563595448022044,0.17374241186161296,18540,0.06646776734362653,0.6754418904036837,0.01082321021660347,1.068407174636854,431
2445,17404,0.1475018780517251,0.6845591007206251,0.21563028952942825,0.1737154208064649,15680,0.13399927135197826,0.7531222630519061,0.018896551457267013,11.41109212530436,442
2446,14468,0.14153780133025257,0.5913133967406694,0.026123693720379676,0.17368879192848166,7460,0.14334171211142188,0.5716513710450701,0.054754598235651736,2.09597459003037,435
2447,14803,0.07410005761308046,0.47832050759102357,0.043658124657178735,0.17367197010654592,18526,0.07272320522635356,0.4854281931896935,0.01344025812822952,3.2483099833834665,444
2448,18526,0.07272320522635356,0.4854281931896935,0.01344025812822952,0.17367197010654592,14803,0.07410005761308046,0.47832050759102357,0.043658124657178735,3.2483099833834665,453
2449,15132,0.18350332311046808,0.9517454469468318,0.142730841509584,0.17359848269724748,13756,0.17310164183238658,1.0250077974734597,0.013130198862891691,10.870424964618556,428
2450,10070,0.18690952662403099,0.8203953884930786,0.048979880164584516,0.17357099974975773,12669,0.18389993886505962,0.8057057663819494,0.019068809909074173,2.5685861046460334,433
2451,14077,0.17089654888055122,0.7511569676303917,0.5955812879459914,0.17353184528149912,7444,0.1318879003744004,0.9945381880718691,0.03425623462881936,17.386069846828292,435
2452,899,0.18342227337721162,1.0781505780166802,0.02159664045549467,0.17349481815833503,4867,0.18818981560767528,1.0417521637110272,0.07763050715935593,3.59456403968632,434
2453,4867,0.18818981560767528,1.0417521637110272,0.07763050715935593,0.17349481815833503,899,0.18342227337721162,1.0781505780166802,0.02159664045549467,3.59456403968632,434
2454,10549,0.09494825072550256,1.146690584827819,0.7787545925552674,0.17345572124810021,8303,0.0879981168862598,1.184741373287896,0.6049553685229613,1.287292638557202,447
2455,5375,0.05127313139216774,0.7070717685824226,0.338124699053086,0.17344248472897036,8880,0.05817783492612511,0.6227396252597625,0.6027446465940312,1.7826105229284048,395
2456,14347,0.1261668282894482,0.5464377375763554,0.03507647868370571,0.1734410718226868,14932,0.1288432950876763,0.5620459545317418,0.07249785377865638,2.0668509639291197,436
2457,7351,0.10465254533481666,1.0502713296947126,0.3109547724889227,0.17343787182338774,9977,0.09272865393467634,1.1487694750246287,0.061406464068042815,5.063876860656922,440
2458,1460,0.18865510367685023,0.6493204112290536,0.15149538067435808,0.17343060127547302,13150,0.18369084838829852,0.6972311930318426,0.09527402562530443,1.5901016009354123,434
2459,18547,0.11683372086881386,0.9923983002777625,0.7424686368501818,0.17342128852696925,19846,0.10312148711373217,1.0991900350102803,0.45052891483951646,1.6479933082977762,435
2460,15158,0.11927541450450652,0.7439425679342211,0.01855356361439603,0.1733528748574354,17510,0.17443876230051805,0.44107593604600687,0.8144169748088603,43.89544735098438,441
2461,12292,0.15639923321068366,0.46091328832716777,0.02242915131141737,0.173301572174703,9560,0.16450186222564797,0.42737118670103036,0.11039283963794633,4.921846489204957,438
2462,9560,0.16450186222564797,0.42737118670103036,0.11039283963794633,0.173301572174703,12292,0.15639923321068366,0.46091328832716777,0.02242915131141737,4.921846489204957,438
2463,18094,0.07075973733280132,1.0005043577315786,0.1218461600422682,0.17329643819097246,11486,0.0676568694136955,1.0445515367231824,0.020436029618942562,5.962320583511318,429
2464,11486,0.0676568694136955,1.0445515367231824,0.020436029618942562,0.17329643819097246,18094,0.07075973733280132,1.0005043577315786,0.1218461600422682,5.962320583511318,429
2465,1260,0.18115458315152955,0.8735509847827506,0.015224097176184722,0.1732891728139482,13744,0.1964321237597217,0.823771632876434,0.18107897353431948,11.8942339528405,431
2466,13744,0.1964321237597217,0.823771632876434,0.18107897353431948,0.1732891728139482,1260,0.18115458315152955,0.8735509847827506,0.015224097176184722,11.8942339528405,423
2467,18950,0.11474686506353976,0.613080888550823,0.01816323529337773,0.17321414957068726,15465,0.11963759425204909,0.6096035937425088,0.0989867036944958,5.449838759209715,441
2468,16860,0.17294538409789362,1.111317386627018,0.10648016298702612,0.17319471462173988,2683,0.16917651658075894,1.0979280137527083,0.06449757492317676,1.6509173114470572,434
2469,3228,0.1730730980675788,0.5592564542829637,0.04911593252499363,0.1731557321602284,1101,0.17010849633439706,0.5451606507644458,0.018794094407082743,2.6133705333779638,431
2470,9494,0.15983637860988992,0.698131724286422,0.47886834708669895,0.17311677126279004,17177,0.17652305845856064,0.5872769501213032,0.7071279296275383,1.4766645862678267,434
2471,8520,0.1348898983092494,1.0866248238458127,0.06782427925938248,0.17302380185255872,1278,0.1310575240989877,1.0734153704715563,0.010929998731928752,6.205332765616335,426
2472,1278,0.1310575240989877,1.0734153704715563,0.010929998731928752,0.17302380185255872,8520,0.1348898983092494,1.0866248238458127,0.06782427925938248,6.205332765616335,431
2473,2921,0.18280893282941746,0.8726985454555345,0.03838671452035241,0.1730048425459976,5277,0.18169999538264442,0.9014496255818211,0.020153071889707077,1.9047574846372641,431
2474,7700,0.19391777972206337,0.7496419462683692,0.40010059679491977,0.1729881574315176,11695,0.1843091750944545,0.8049584830293532,0.2947387297048841,1.3574754739410475,425
2475,16942,0.06083406786304607,0.48608840170450707,0.4217788797796726,0.1729652081335461,11840,0.05406011288468691,0.5738642618509224,0.1995431899968673,2.1137222462279683,428
2476,1748,0.1309458594101323,1.0460080136985042,0.10622610917987624,0.172908161952922,2775,0.12780019262219322,1.0562955340723525,0.05875610187170194,1.8079162128867634,428
2477,13955,0.052218859112788445,0.8271934800285639,0.8056695416474712,0.17290681195836402,8831,0.051174281441978754,0.9597687294485507,0.7203595064186439,1.1184270277114223,384
2478,7879,0.1401610341430471,0.7975603258058902,0.042729945624074755,0.17286582864131392,1933,0.14686049041443291,0.7526347356505159,0.13830695535441156,3.236768812466898,443
2479,17301,0.17386141609605157,0.8451115022978439,0.8503920357892918,0.17279782316032244,13682,0.1587579176898345,0.9658438910044853,0.6039676188019258,1.4080093192350136,433
2480,17724,0.15082273391128415,1.1345592196126502,0.32285624646578165,0.17279427314544113,6596,0.16912487850614674,0.9980168267849394,0.5778471884507307,1.7897971458699176,442
2481,13926,0.1960996518785864,0.883050370379143,0.1802208297269748,0.17278024002162307,2256,0.18592094451853008,0.9471999286417185,0.06368730866526683,2.8297761909550108,423
2482,15829,0.0942391625176019,0.7231941593031984,0.02621426651377155,0.17277463358930634,8897,0.09394866914433708,0.7666660487500196,0.013980989257827696,1.8749936810869567,433
2483,13547,0.19611069240869172,0.825403205898692,0.02425599378318745,0.1727473231691917,11157,0.19777104868312717,0.8372911424099904,0.04058390427003178,1.6731495164779309,414
2484,11157,0.19777104868312717,0.8372911424099904,0.04058390427003178,0.1727473231691917,13547,0.19611069240869172,0.825403205898692,0.02425599378318745,1.6731495164779309,416
2485,11098,0.16800868989220147,0.471892651179482,0.020928574502540865,0.17273880749189366,15283,0.1691006384986038,0.4899671889064101,0.0288348171999024,1.3777726331242324,439
2486,10756,0.18476730663673163,0.7280393838379247,0.3252827661047213,0.17273166117897573,18514,0.16198770940466073,0.8173693994617601,0.05816533629233721,5.592381766175304,437
2487,1340,0.1494717962119252,0.5345323609792165,0.271391013784585,0.1727195108277535,15134,0.13705775369770162,0.5952217727783422,0.11238013908464758,2.4149375147166032,440
2488,15156,0.16978717322232098,0.6645557375807121,0.16476563091672666,0.17268228163378893,9317,0.1570343460120846,0.6996940666240726,0.01096093198129918,15.0320822351456,437
2489,11977,0.17506692194998985,0.6877447809608487,0.021365090348005062,0.1726481391311336,17572,0.17447000483104474,0.6990154010042828,0.010795169022120807,1.9791343983799616,427
2490,17572,0.17447000483104474,0.6990154010042828,0.010795169022120807,0.1726481391311336,11977,0.17506692194998985,0.6877447809608487,0.021365090348005062,1.9791343983799616,429
2491,1423,0.18027984237597616,0.9293821553629763,0.2989221958791705,0.17264704078930207,14946,0.16036273645346505,1.0675486778059673,0.047448757717190176,6.299895092319229,438
2492,14946,0.16036273645346505,1.0675486778059673,0.047448757717190176,0.17264704078930207,1423,0.18027984237597616,0.9293821553629763,0.2989221958791705,6.299895092319229,433
2493,19015,0.16219825818191663,0.8205553162739831,0.024858256233468698,0.17262871053114284,10934,0.168325496718996,0.795769504854442,0.10426622283290743,4.194430287210786,439
2494,3770,0.1589638610663374,0.6051639779883421,0.32259478749798925,0.17258547996113352,13805,0.16683859034231358,0.5568864851570091,0.41948426736527866,1.3003442201244289,424
2495,285,0.07125916336645344,0.7476674764789972,0.2854095100140041,0.17254084530194239,15737,0.06338290843189309,0.9099570216637853,0.03122414479581447,9.140667002423799,417
2496,9139,0.15577405203460704,0.5424345028270631,0.19238531029688472,0.1725362409866628,7497,0.14196244231839172,0.5939411306051007,0.015400374064666317,12.492249181030083,433
2497,7497,0.14196244231839172,0.5939411306051007,0.015400374064666317,0.1725362409866628,9139,0.15577405203460704,0.5424345028270631,0.19238531029688472,12.492249181030083,433
2498,13513,0.17519921623329482,0.958578617955457,0.12071301365844743,0.172527978767792,13953,0.18986360099007277,0.8522367789289826,0.29397256991287585,2.4353013896634153,429
2499,2473,0.07100292043165468,0.4311059808389231,0.023504382949088947,0.17249341802299334,10844,0.07115777513698007,0.46668181386968927,0.020311227076413547,1.157211371851751,456
2500,10271,0.16405749844312756,0.46280745777519516,0.016485499531317317,0.17248340040787236,19476,0.1654349478871453,0.47516754647238046,0.030774565901183493,1.8667657502717099,446
2501,15149,0.1433956866465531,0.6519587489867518,0.26772436713459963,0.17248316867487754,4808,0.15966306416087156,0.5425171862520728,0.4786201512154324,1.7877347375511918,448
2502,4808,0.15966306416087156,0.5425171862520728,0.4786201512154324,0.17248316867487754,15149,0.1433956866465531,0.6519587489867518,0.26772436713459963,1.7877347375511918,446
2503,2564,0.17460741366882565,1.1783800525429893,0.0784644901418726,0.17246945353438756,1812,0.17897566723376412,1.139180618164544,0.13190400874421004,1.6810662824127551,445
2504,7330,0.18269102510498164,0.9554846764875112,0.3837307420796921,0.17245441319201388,5017,0.16969861167264372,1.002749934507053,0.23214020235728744,1.6530128697358994,437
2505,17971,0.09708464424708325,0.7786875536612486,0.02291309566569746,0.17244288390834075,18668,0.10006115723678186,0.7367771146345694,0.09179575058556214,4.006257029816662,432
2506,2809,0.07600983135614964,0.7720537036517388,0.011744964256287398,0.17241353594757267,1154,0.0926582386869321,0.6472510194697773,0.4097332498677966,34.88586605518661,417
2507,15814,0.14528590556746918,0.6247436483423707,0.014366240483668507,0.17235099624054767,16081,0.1572004684996352,0.5834891203540336,0.16460943813137124,11.458073413047671,421
2508,7273,0.14979958184905828,1.1389881088157185,0.10944473842290178,0.1723471383721762,2632,0.15631632934367767,1.097696693337581,0.197019691316951,1.8001750852165568,439
2509,14258,0.13946007141079428,0.4055436765513672,0.9952907614485648,0.17233491368473022,3364,0.09551514598661409,0.7345048716464633,0.1433626661098796,6.942468276125174,433
2510,15903,0.1431058419976162,0.7072177024120443,0.013201301617755627,0.17230524382625115,1557,0.16217159701344303,0.5925072668793158,0.26474982292347754,20.054827212446348,442
2511,3492,0.18480391416277475,0.465133785162918,0.07795741810922768,0.17228943732477708,16079,0.19370602038658563,0.4158639959853971,0.15439258614148302,1.980473313330625,432
2512,10438,0.13741250728685445,1.1961330554518383,0.15519312039182204,0.17228792360498882,5722,0.15322119497684342,1.117444928136143,0.38143709391265174,2.457822182772167,437
2513,6115,0.17321268660474712,1.1971925854909617,0.046310183039894544,0.1722837262736694,15565,0.17003040530839722,1.1940207753569054,0.01112765080990859,4.161721447860114,439
2514,15565,0.17003040530839722,1.1940207753569054,0.01112765080990859,0.1722837262736694,6115,0.17321268660474712,1.1971925854909617,0.046310183039894544,4.161721447860114,442
2515,18353,0.15304737976960148,0.42978263082590057,0.055291355380342445,0.17227071247286327,2452,0.15110788452373142,0.4623124197749337,0.029844322375252804,1.8526590982742688,457
2516,6866,0.08744518484143377,0.5743492304481961,0.07067628328224454,0.1722515422180071,6086,0.08504398895386511,0.5872156640788058,0.013585207704254894,5.20244407158447,435
2517,11967,0.1280069293824027,0.45418420596156184,0.057768451551238845,0.17224392682515743,6995,0.13122919183938464,0.41117940276045956,0.10087302351575922,1.7461611105550916,449
2518,6424,0.16175543601099096,0.9836837531120569,0.9459162748595511,0.17223954651845738,645,0.15664596701192668,1.052951114377627,0.8389196555783828,1.1275409612466414,461
2519,645,0.15664596701192668,1.052951114377627,0.8389196555783828,0.17223954651845738,6424,0.16175543601099096,0.9836837531120569,0.9459162748595511,1.1275409612466414,459
2520,17211,0.18923429922255341,0.7973109204419153,0.012776976162790358,0.17220312383889552,6724,0.19028502738277858,0.7910559917908192,0.022948336846858965,1.7960694732835196,425
2521,6724,0.19028502738277858,0.7910559917908192,0.022948336846858965,0.17220312383889552,17211,0.18923429922255341,0.7973109204419153,0.012776976162790358,1.7960694732835196,425
2522,14334,0.1150063565870753,0.6108526257522016,0.01623526939371692,0.17215453361886743,11723,0.12290939165652165,0.5281369832250495,0.14758476637451493,9.090379888099086,443
2523,7733,0.18102767059586244,0.8869106941762341,0.6482189315103964,0.17215421861513078,10915,0.1591966614322069,1.0756366634496723,0.3439008613633741,1.8849005755338089,439
2524,7431,0.07489025272452011,0.44946441573749374,0.03205151726607192,0.17214402482508914,7074,0.07666100283463728,0.46807614042667217,0.07231685260431184,2.2562692431681763,447
2525,1190,0.18532736359289337,1.0028894504579604,0.016799104696828958,0.1721249980174541,14365,0.18659758505442103,0.9821323333084985,0.03594126424461478,2.1394749835328515,430
2526,8337,0.14738030639852429,0.9457956493722389,0.01376348393841561,0.17210289671522355,2224,0.16178452544257582,0.8950088857637475,0.20530462003858055,14.916617112150623,441
2527,4260,0.1849123841857876,0.9947558421514736,0.044334500205990286,0.1720812498849736,5340,0.18176880627290543,0.9808262855405775,0.011225306791025666,3.949513454851367,429
2528,9363,0.1737753853217715,1.1705290235864871,0.02366159673446916,0.17201847539618279,12267,0.19482022969454577,1.0540251227852964,0.2693017776003348,11.381386498233569,432
2529,12267,0.19482022969454577,1.0540251227852964,0.2693017776003348,0.17201847539618279,9363,0.1737753853217715,1.1705290235864871,0.02366159673446916,11.381386498233569,432
2530,7953,0.06464970412592401,0.9951213606425405,0.7400550353924629,0.17201332899567068,13967,0.06253590699817023,1.0954125552432776,0.6347420395226434,1.1659146382505559,393
2531,3497,0.11751073762708959,0.6420623125460079,0.030198343620022938,0.17199565934257757,14065,0.1206555489894766,0.6575586886986267,0.0779445786561294,2.5810878780930366,435
2532,18252,0.10616725269473096,0.522421663012442,0.02497082184121768,0.17199034911397,8299,0.1125793720633991,0.5117322038484394,0.1285658180620647,5.1486418380451395,441
2533,12583,0.1981438674176117,1.0842316763401851,0.012072761510176645,0.171965051116646,3725,0.198117853761914,1.0617732798898611,0.0167343350171299,1.386123216550233,439
2534,8217,0.16934461119972782,0.8233968594017678,0.772864995806163,0.17195600570094816,16808,0.1254875067569044,1.1938849270674443,0.08231823324408583,9.388746154384814,428
2535,19333,0.151448055407391,0.9114210558999819,0.015408675870774057,0.17190040494550926,6650,0.18585406650678415,0.7174578579663589,0.4482179640924351,29.088674968014548,440
2536,2274,0.10939094485358353,0.7509340965441912,0.011312136757473305,0.17188625340808295,16534,0.12404802321860574,0.6693861254468032,0.26162617767017965,23.127918560331906,431
2537,12586,0.15886537409206297,0.5775175755375838,0.3397803827503543,0.17186459756998654,9680,0.16437945916234625,0.5433922040527546,0.4077722658658624,1.2001053814971523,429
2538,4266,0.06711690721095853,1.1259727872883554,0.3420080720607527,0.17180161883036738,8531,0.06284564378710651,1.1359104505765316,0.20946093268554353,1.6328012468759394,436
2539,19557,0.18787856571161987,0.5847209525974748,0.5038850364880705,0.1717931513298321,16348,0.14764658227316815,0.7890060901446978,0.014019680892885744,35.94126288165131,432
2540,2208,0.19116613046649794,1.1082576668693696,0.020150345010433775,0.17175448026990647,5713,0.189952101222581,1.0860507038449083,0.011473384383941415,1.7562686245077752,428
2541,115,0.17093892288138654,1.0813458684776154,0.035909482827890506,0.17174359198847397,10538,0.1740842985248927,1.062074667688424,0.07360429797402296,2.049717572564295,433
2542,4688,0.16167769640693863,0.8297664887925584,0.14969840270777074,0.1717283845690791,9142,0.1601808629492959,0.8685659072951258,0.1250728074615798,1.1968900814332122,437
2543,18933,0.18480752866948208,0.9466686978941505,0.01909236032572728,0.17169960495692707,13128,0.18856687475805795,0.9428944208871047,0.058512383857708794,3.064701422948862,428
2544,13128,0.18856687475805795,0.9428944208871047,0.058512383857708794,0.17169960495692707,18933,0.18480752866948208,0.9466686978941505,0.01909236032572728,3.064701422948862,424
2545,9773,0.1504204618493511,0.40053358567840797,0.10669807763173425,0.17167355435415316,3352,0.147907206908387,0.4072199698776314,0.07861998489746731,1.357136837038129,440
2546,3352,0.147907206908387,0.4072199698776314,0.07861998489746731,0.17167355435415316,9773,0.1504204618493511,0.40053358567840797,0.10669807763173425,1.357136837038129,442
2547,17580,0.07661537434700633,0.40081860653830786,0.010040819523320824,0.1716557724279455,15041,0.07724881597073291,0.4403625176532785,0.019529486251350425,1.9450091903346345,465
2548,5986,0.08288296510991816,0.6506596958347115,0.01290277706454523,0.171626244681192,10057,0.09144289976347922,0.5843579157300122,0.2013068155293866,15.601820795815001,440
2549,19696,0.19833171817769052,0.6379864813355872,0.15976572552984114,0.17161728616146527,7025,0.18693133609954182,0.6951903970175998,0.041350875485107866,3.8636600472311473,435
2550,1516,0.10796426597134148,1.0357151814239178,0.5172361671172698,0.17158461216680249,9671,0.1003129304205134,1.1793421665430277,0.3425512144664831,1.509952804934162,438
2551,9671,0.1003129304205134,1.1793421665430277,0.3425512144664831,0.17158461216680249,1516,0.10796426597134148,1.0357151814239178,0.5172361671172698,1.509952804934162,440
2552,19718,0.12591530857371436,0.6310110265633964,0.017900480094225634,0.1714601734499127,18256,0.12758507528808063,0.587947100701776,0.049533516792448835,2.76716135722122,436
2553,6972,0.14306362917079282,1.1437297387754648,0.07764609017705176,0.1714549272489718,19454,0.14925916793499072,1.1362898403656492,0.16375189844829674,2.108952274028261,432
2554,4340,0.15681881889893778,0.47513068682749854,0.011091915861622684,0.17145303888733945,13886,0.15959536149721848,0.4850275052688305,0.041761008020698674,3.7649950235548646,453
2555,19257,0.11899352707960921,0.5344651300124037,0.15899669567887034,0.17143851724794512,19881,0.11068445743903388,0.5721886443080346,0.021152316627971516,7.516750929712135,440
2556,379,0.16409614210953233,1.0496546042456232,0.014807230849424598,0.1714026734205122,1993,0.16537480041048191,1.068486850153012,0.02609887915801418,1.762576637280452,434
2557,17401,0.1369461509631197,0.44872375004916126,0.1218271924005459,0.1713908840943353,17822,0.12926429761306993,0.49059641415752775,0.022261607248672273,5.472524559421105,445
2558,17822,0.12926429761306993,0.49059641415752775,0.022261607248672273,0.1713908840943353,17401,0.1369461509631197,0.44872375004916126,0.1218271924005459,5.472524559421105,439
2559,3505,0.09989552502131635,0.5436534868927032,0.05494374971495442,0.17128945382510505,10924,0.09870808604972056,0.5679562398429868,0.032301213496813946,1.7009809777076592,442
2560,12237,0.07998043606542332,1.1404532570327213,0.022611233021092563,0.17126862785192812,657,0.09664072007555952,0.99623137508306,0.4165412470254343,18.421872289621263,429
2561,6691,0.10090114044011149,0.5203902351927558,0.10465059342198775,0.1712676661890084,3716,0.09766476227328112,0.5807793313352968,0.039430096703401134,2.6540790454861063,442
2562,234,0.08049925128140789,0.7169638716903051,0.010608744948423931,0.17126750400059587,17542,0.0969718138179616,0.532957786787792,0.3750446955816875,35.352409489060754,434
2563,8128,0.18816585593861707,0.5110030453075485,0.08749349253134042,0.17124585464581166,7179,0.18148478445346305,0.5232223879096456,0.023098093431631852,3.787909716025385,431
2564,8255,0.15605306357281273,0.6948717714062268,0.8605130514695237,0.17124076486759557,11236,0.1139767395327707,1.0623495793990818,0.12538119087516364,6.863174974357179,437
2565,1695,0.1661597197940144,1.0461658430092857,0.014129227273278935,0.17117705665774766,7596,0.16599856110057545,1.037793906998595,0.011406019131731605,1.2387518476074928,432
2566,7596,0.16599856110057545,1.037793906998595,0.011406019131731605,0.17117705665774766,1695,0.1661597197940144,1.0461658430092857,0.014129227273278935,1.2387518476074928,436
2567,2537,0.09991138686288044,0.6423060874996913,0.06467584862687889,0.17117091182774324,4908,0.10304572393021685,0.6145547888006152,0.1291119219264221,1.9962926605150715,436
2568,6105,0.1132221706946003,0.4874038208645944,0.02714814985257758,0.17115010664011304,13583,0.11994408206451482,0.4441426672631569,0.12571284580920114,4.630622951908649,455
2569,2477,0.1854591243133299,0.6329698097236953,0.06955941974711578,0.17113321060157105,17961,0.18883464681990808,0.5937382151670056,0.10839146613302085,1.5582571925855548,427
2570,997,0.05466045564623038,0.684160754680955,0.24221587771807454,0.17113250797516505,6389,0.05106536896561867,0.6710861813944327,0.11342382602185194,2.1354938041978047,406
2571,18861,0.1496496351708887,0.6632020300345057,0.5805711929084962,0.17109223590993686,18791,0.12558393125348682,0.8651628156858264,0.19802929751220533,2.9317439399223915,443
2572,6979,0.1304690659420985,0.7977399547539982,0.2757573435280887,0.17106614398194836,19926,0.11528331314371756,0.8940848268452835,0.016186507120024615,17.036247627936014,436
2573,1126,0.17575539218692454,0.7882330944830269,0.09702669919567763,0.17102744129917083,12232,0.16888613870870486,0.8101205512008001,0.016588819862215318,5.848921140959355,451
2574,12232,0.16888613870870486,0.8101205512008001,0.016588819862215318,0.17102744129917083,1126,0.17575539218692454,0.7882330944830269,0.09702669919567763,5.848921140959355,445
2575,15596,0.12336099418380715,1.0373927687109235,0.024916473537949818,0.17100422318597797,11311,0.1277720462499279,0.9892004933204107,0.10560313616529496,4.2382858073576415,425
2576,4114,0.06892537356278938,1.1766738246371689,0.6997876940465911,0.17097502253093685,4694,0.06903822108436003,1.0824059827077055,0.7312843918383968,1.045008933509066,419
2577,16513,0.09754470461074455,0.9964311650953045,0.8653410250223319,0.1709662493552574,17057,0.09568493870248995,1.081430657596397,0.7895215165018886,1.0960322257667843,445
2578,16801,0.10517231219630307,0.8277541367715551,0.09639858515554388,0.17096052685535656,11811,0.10878909731574324,0.7570222722096174,0.17268232430457442,1.791336709205254,429
2579,10732,0.1554083700863863,0.4243631018581663,0.19294948042429488,0.17094066789967285,13295,0.1402815071595629,0.5007837092332595,0.015843547754364917,12.178426411542645,435
2580,17442,0.1520767178073833,0.8351218923729029,0.013172039499921568,0.1709332438064682,7496,0.17350334029453146,0.7311288418751825,0.2866067603917297,21.758723119030755,446
2581,15955,0.10067788263642902,1.0648943365198975,0.028796398968433546,0.17091601918425822,827,0.10041032813183078,1.0928687461575537,0.015999053730516286,1.7998813838288357,435
2582,14145,0.1620936636279504,0.8274089728145853,0.9692551621928065,0.17090340782092645,11064,0.15053296799513616,0.8977425329190563,0.7560488132146895,1.2820007719760476,453
2583,13742,0.1965821645159383,0.6558506394051146,0.057885988679044056,0.1708955762810225,2558,0.19809841686103563,0.6723388546141195,0.07103246097319614,1.2271097478708415,406
2584,15561,0.06979797711895476,1.1079829486456112,0.5028623952927948,0.1708763027935183,17702,0.07995987003480674,0.8929249790548177,0.8683497455693417,1.7268138435043243,446
2585,10337,0.08196691816643978,0.5348264484888988,0.03411660513206584,0.17085150921341716,16493,0.08312040222133266,0.56668754240945,0.05394506933020251,1.5811968723552774,433
2586,19774,0.1228133424204619,1.1905856447980918,0.20763267493549542,0.17084835869863294,7410,0.15498695497765716,0.9498809540617705,0.7350097691095986,3.539952318862827,436
2587,13548,0.07523852304914849,0.6788417013068958,0.016645845063908402,0.17075892595026596,10607,0.0983324941326518,0.4318251435436471,0.5219821998856055,31.358107556664073,423
2588,88,0.10865595400114844,0.7256138252683426,0.1107345316437557,0.17075495174731925,1021,0.11566550604509991,0.6339557901557642,0.2395074111422505,2.162897224442781,440
2589,8125,0.1992489606531171,0.6802662197652133,0.1856820544939891,0.1707466155019035,15746,0.18286487658872624,0.7240164566268512,0.014823039244205702,12.526584557655534,432
2590,17589,0.17030925018144366,0.9751129486496876,0.34060677091418534,0.17072631116891823,11034,0.1755116652282463,0.9087243193922845,0.4122141966767266,1.2102348863187529,426
2591,5811,0.12489778883220118,0.9449611420944642,0.11426466786046678,0.17071498755168457,15468,0.11936709198910894,1.0117479328431414,0.01423327334179454,8.02799645004641,445
2592,4426,0.1897335946500716,0.688694382376345,0.06640581602757618,0.17065321281913137,13970,0.19345602895476283,0.6992388803829673,0.10231748210776297,1.5407909762794547,428
2593,13970,0.19345602895476283,0.6992388803829673,0.10231748210776297,0.17065321281913137,4426,0.1897335946500716,0.688694382376345,0.06640581602757618,1.5407909762794547,433
2594,16546,0.14671706255474345,1.1604041027054466,0.020968440126049624,0.17064108208777426,9763,0.18208783129244083,0.9763746050838791,0.4787469760905071,22.83178783030921,436
2595,14719,0.15292351686905492,0.7636354435184431,0.6627908087863232,0.17062575842512337,6593,0.16218595398358007,0.7210072647332768,0.8130019571612763,1.2266343262212913,433
2596,18303,0.09435816487734255,0.4574323123707053,0.07956917345468664,0.17062175026899556,13542,0.09621504297086242,0.4254955371852477,0.11025279716573351,1.3856219988073735,443
2597,1122,0.19236096587358548,0.490108027143028,0.020610763298775432,0.17061646340119838,1331,0.1926494946578063,0.47669154523671975,0.026511871185499032,1.2863119527006652,403
2598,13886,0.15959536149721848,0.4850275052688305,0.041761008020698674,0.17054558244096615,11774,0.17098084656165274,0.46488541915471526,0.16127551908478668,3.8618684444793843,447
2599,6071,0.12149568573686155,0.5602763404188431,0.01871438101662227,0.17053297832706835,8445,0.1214212280479043,0.5920676263713076,0.01352740592680541,1.3834419635133846,438
2600,11891,0.08794922374880293,0.4584782045292619,0.11539057299729377,0.17046237004600465,9594,0.08580982875596055,0.45346321340265217,0.07708479699045581,1.4969303611395741,449
2601,12743,0.06131856244248209,0.842259032763462,0.47983672071094524,0.17030923590903585,12351,0.0520796017911168,1.0775831014511579,0.11563136901993509,4.149710625913461,402
2602,4049,0.18250555929556678,1.0651080786186133,0.059273677217462344,0.17030669528146858,2088,0.19309843659788528,1.0446862521726556,0.17445475088256704,2.943207829717231,427
2603,614,0.0868030399358888,0.8477373529618553,0.10654684598819346,0.17030598720141166,5899,0.08390692822984662,0.9251280129756912,0.026141724472064306,4.075739001153197,438
2604,12251,0.11572304006750889,0.5142847383586564,0.056693932277763835,0.17029684668003953,18685,0.11266450366556537,0.4983034071148518,0.010281219792902722,5.514319644921947,447
2605,18664,0.14324530366484656,0.5563935495120907,0.3088725936637475,0.17027298827705492,12,0.12320299496791423,0.7043471430973834,0.012071334531704997,25.587278096924816,438
2606,15351,0.1955251873448116,1.1147081407873076,0.025385554802652487,0.1702422854574443,3534,0.19439383175389496,1.128701245991294,0.013084660262688917,1.940100414761225,435
2607,1142,0.19376942913197265,1.0695036855000652,0.488088433031038,0.17022136799431214,19735,0.1860784350810516,1.0886159245417175,0.40172235265665884,1.214989481673662,463
2608,14563,0.18691461759245598,0.8237225881606283,0.20574159294456096,0.17011119421027335,17915,0.17386541071485487,0.8605332831164878,0.05951725333713203,3.4568395113791563,443
2609,10731,0.057454707997742945,1.1647861807984137,0.6470642446534336,0.17010143740199396,19352,0.05935400157107773,1.006691720089881,0.7616538732767282,1.1770915787267284,381
2610,9097,0.1509451022283038,1.1858609151261814,0.08934865255458914,0.17009169865551949,4667,0.147233120570813,1.1796116112074273,0.038957430530913766,2.2934944973767863,441
2611,7073,0.190732899007852,1.1224258333535464,0.0400933732718306,0.17007610828264796,17881,0.19204761840589268,1.1365185896188577,0.053096738130478514,1.3243270345572047,440
2612,17881,0.19204761840589268,1.1365185896188577,0.053096738130478514,0.17007610828264796,7073,0.190732899007852,1.1224258333535464,0.0400933732718306,1.3243270345572047,442
2613,14894,0.13950221858644812,0.9913919007330779,0.9895426175722607,0.17007413744452204,7893,0.11798166633843508,1.1813512244336062,0.5477722634996326,1.8064854384013995,474
2614,7893,0.11798166633843508,1.1813512244336062,0.5477722634996326,0.17007413744452204,14894,0.13950221858644812,0.9913919007330779,0.9895426175722607,1.8064854384013995,465
2615,7366,0.12161060062065379,0.7432375629822849,0.0282618732477477,0.1700612763081781,19731,0.12039493655335542,0.7312095583804814,0.012572911958667896,2.247838316267193,445
2616,6417,0.19221953183112755,0.6891150968252143,0.11870913443489275,0.1700184201356547,15746,0.18286487658872624,0.7240164566268512,0.014823039244205702,8.008420707736837,433
2617,15746,0.18286487658872624,0.7240164566268512,0.014823039244205702,0.1700184201356547,6417,0.19221953183112755,0.6891150968252143,0.11870913443489275,8.008420707736837,427
2618,1108,0.18622584422483407,0.5819332069568218,0.019457122188076374,0.16999774923257915,4031,0.1904571805384362,0.5589732646881449,0.06611771903363134,3.3981242649619223,429
2619,3571,0.16317419592932325,1.0934863752102733,0.015089322095964296,0.16999762344467273,11560,0.1632317668451827,1.1192506737816423,0.010243361265373098,1.4730830735192948,434
2620,12641,0.09967321379797946,0.5507386935307836,0.01920351533460038,0.16998477066458437,10113,0.09920340998968896,0.5160041779507599,0.0164600439958802,1.1666746054510455,439
2621,2141,0.16168569962402782,0.5177302313657162,0.4213857980018355,0.1699724052138811,16105,0.13811084984317387,0.6709785837829161,0.11606588241087008,3.63057419845516,435
2622,11134,0.1372445576268232,1.0608376461744262,0.06994457806151107,0.1699712010051143,8211,0.133861875439664,1.1152326788535585,0.010104783309703179,6.9219275582432696,437
2623,15605,0.15704015731779458,1.0304386472562739,0.1326026534590334,0.16996409781627428,17709,0.15805513267821336,0.9927977702676228,0.15203528807461655,1.1465478563864993,435
2624,3487,0.18336645478228603,0.614232500980314,0.03892633019802658,0.1699450486192585,952,0.18524830215633653,0.5965044339303017,0.06240931810780809,1.6032674488018397,436
2625,952,0.18524830215633653,0.5965044339303017,0.06240931810780809,0.1699450486192585,3487,0.18336645478228603,0.614232500980314,0.03892633019802658,1.6032674488018397,436
2626,3986,0.12590279013446765,0.5311081303767418,0.039880379908693024,0.169940877877333,4788,0.12521224593948527,0.5562372980303532,0.02440695914414376,1.633975771957728,443
2627,9608,0.18185743304228152,1.191818778282694,0.4435768352789724,0.16993460285998502,6441,0.1996793281309937,1.0682171875717072,0.6621497823295958,1.4927510403313993,465
2628,5165,0.18440009729851947,1.1798938163247938,0.030107466427580876,0.16992161783533877,3516,0.19713426374685228,1.143970144032176,0.16967573633011707,5.635669701342932,443
2629,2091,0.19188828504173622,1.053795574060152,0.026028126296383305,0.16990570266507976,19676,0.19925215031275417,1.0498994480254613,0.10153202945332011,3.9008581830736055,426
2630,3711,0.053035211240730656,1.1274821443926148,0.8542715824474371,0.16989794814165143,14157,0.05441064483141584,1.069931584006077,0.9465475843406036,1.1080171736824036,384
2631,9967,0.13475844598519832,0.42382392227999455,0.13910222643009984,0.16980337476514948,4663,0.12653804079063402,0.4311880998382804,0.03757929554613384,3.701565567117468,447
2632,4390,0.05146735572748137,1.0169027629358043,0.5911355554885037,0.16980237809169177,11378,0.05597274622136482,0.9253809405658343,0.813953661174973,1.3769323357691392,385
2633,6163,0.05881456837105674,0.4932273585875155,0.10193706723090316,0.1697463238102179,3367,0.05765767331261517,0.4531347749047354,0.06888801243221988,1.4797504476007466,441
2634,10892,0.17325334669150946,0.6000323310058925,0.22868579358178462,0.16974144132255656,5142,0.15560901380275358,0.6613010533342889,0.021144876040375574,10.815187241822333,437
2635,11220,0.1494834261241862,0.680815777535391,0.4312003329209702,0.16972213701042616,13050,0.1605893565638981,0.6333825678117592,0.5855758912709045,1.3580135416505534,449
2636,16552,0.19569865766741407,0.9321945745527487,0.43543632019868056,0.16964053717881422,5588,0.1676136527958738,1.0642544907834213,0.10808653133438642,4.028590008606852,440
2637,6939,0.14816776186197267,0.4695005298243079,0.05912987281629257,0.16960608453869533,89,0.15483369619526924,0.4451236310328053,0.1320019477131281,2.232407096887184,449
2638,89,0.15483369619526924,0.4451236310328053,0.1320019477131281,0.16960608453869533,6939,0.14816776186197267,0.4695005298243079,0.05912987281629257,2.232407096887184,445
2639,4628,0.15314423834796,0.4989211159451476,0.04115558277158116,0.1696013342481849,10931,0.15073517560667132,0.5276614305553129,0.0101310074605592,4.0623386106271315,434
2640,2699,0.113129017048767,0.4360671474767635,0.20227154157078997,0.16959989917892096,2871,0.10529779515642587,0.5176801942536298,0.0786128393218408,2.573008980666513,451
2641,13183,0.1900696296700899,0.9270333759472391,0.6694402508818299,0.16956222596474965,17273,0.184081120126934,0.9527524173340313,0.5952204961711415,1.1246928746374156,439
2642,9102,0.18961483873205004,0.5728660964559581,0.1469221980925027,0.16954447077808385,9402,0.17913558592480544,0.6131222232095218,0.03496591793727877,4.201868755627954,426
2643,10733,0.19268846918534388,0.47528428839543424,0.11842160282328566,0.1695261124103953,4690,0.1822680042849088,0.5167275067624145,0.01536841419441234,7.705518690818567,427
2644,14789,0.14197687650707735,0.41426940146863406,0.09758873478956717,0.16947771270363648,19354,0.13614195426297243,0.4279348968403709,0.03108717779262161,3.139195698000266,458
2645,8445,0.1214212280479043,0.5920676263713076,0.01352740592680541,0.16945114294143937,4363,0.13155463538623774,0.5431844852251141,0.16346755285976197,12.084175912533288,437
2646,17403,0.17833114094738034,0.9484679100862563,0.7621410389060052,0.169439236045212,13020,0.19053965914037402,0.8507166616914292,0.9560023299948986,1.2543640628080683,448
2647,5834,0.07738916419704894,1.0068977210650134,0.029487713004727585,0.1694391218659666,13716,0.08739099030306584,0.8560137610788903,0.28954980191154783,9.819337358076094,426
2648,17913,0.10790537866090791,0.4029603745614383,0.03518769133027296,0.16942202316339247,1682,0.11167683765433614,0.41347503233726285,0.09020507407791242,2.563540563978588,460
2649,5415,0.09908572861595019,1.181713143057499,0.37399961905392815,0.16939425983120196,11988,0.11355021231642293,0.9682971333849567,0.7065841834970332,1.8892644470719333,440
2650,14022,0.08190939192179642,1.0095772598736317,0.7278851064127737,0.16938759326428343,11612,0.07518935591759905,1.0483185580175942,0.5327382469984134,1.3663090842714385,451
2651,11432,0.050852825234462044,1.0225158689811262,0.48336906577706923,0.16933739226340064,8752,0.05802783233962506,0.8805728178175838,0.8023694089282405,1.6599519202544395,384
2652,1255,0.12624713529113252,0.8696083519685076,0.015302464705637587,0.16932763827157585,18585,0.12928350457234655,0.845793464844224,0.06431040783559144,4.202617622238255,444
2653,15857,0.10554123061128884,0.7386716899835472,0.019306297031248334,0.16930500100918264,5510,0.10657390910522331,0.7214072785136221,0.04419736394226605,2.28927193395658,445
2654,10790,0.19611945007499082,0.5197033112284096,0.12383124819313567,0.16928897532694645,11865,0.18842262787672165,0.571853400252844,0.04627663274278744,2.6758914997426144,436
2655,165,0.17127407220859692,0.5508914159738363,0.18393039341272394,0.1692602952322481,7169,0.15670918167934467,0.6189680867071525,0.01019872653040001,18.03464313553958,422
2656,14769,0.052144303794761405,0.534635881054183,0.23423144464964088,0.16919907606618523,16516,0.05347081248168392,0.5146219117715845,0.2847266166340624,1.2155781093351974,415
2657,14795,0.11575183535904643,0.6759457254064857,0.9726440652386258,0.16918223552537331,5570,0.07809286018121844,1.0712012572946918,0.03953615748383643,24.601380790135508,434
2658,14556,0.06533603188372916,0.6285533373243934,0.807457295112985,0.16916772003016609,10149,0.061637862828372136,0.7705085119873618,0.6469830717581371,1.248034655557168,385
2659,5746,0.15614817470359577,0.6588815591298687,0.4244584485286206,0.16914112348897395,4716,0.15952770412868272,0.6074756859427617,0.4711983824962886,1.1101166300958112,437
2660,4700,0.14830289860021884,0.9445223731595107,0.1489820861085226,0.16908453863131034,10298,0.14542117535498322,0.9622659594517851,0.10517930043447847,1.4164582336362952,439
2661,17629,0.13912840387730782,0.5307998361786117,0.09758888551506648,0.16899235776457788,18967,0.13517989950427425,0.5714547163744886,0.042123627378481285,2.3167255905629682,438
2662,12954,0.18957843431656896,0.5878248106987027,0.8225023288325993,0.16896278452365165,2550,0.13996466182717687,0.9392934696363239,0.1273365652073569,6.459278428731161,437
2663,7815,0.16190388123855404,0.40377091374953744,0.01286495132339064,0.16893578076563917,10081,0.1624544034117222,0.4092448720237741,0.0160057345140164,1.2441348678028255,454
2664,9870,0.16753902011572874,0.9286670970921973,0.18912189339867433,0.16893090052033946,18023,0.15907758828416013,1.0009972567984624,0.07694631346397553,2.457842161433982,427
2665,17050,0.1314986809277513,0.6744394866889194,0.6960378196800877,0.1689123490460072,3895,0.0984487441795884,1.0041477388644635,0.049912001899603146,13.94529959107134,428
2666,14984,0.15004233571660458,0.5597743632082975,0.10076759783165994,0.1688861078801351,13246,0.1449326041229133,0.5549284916634727,0.0380137579293459,2.650819159183135,434
2667,5847,0.13844169114623733,0.4726615955213113,0.21659046355256162,0.1688689094489061,7858,0.12414900223552493,0.5215623930694928,0.025570878841661593,8.470200218526694,434
2668,7858,0.12414900223552493,0.5215623930694928,0.025570878841661593,0.1688689094489061,5847,0.13844169114623733,0.4726615955213113,0.21659046355256162,8.470200218526694,438
2669,19296,0.062386708293138145,1.0799565239651412,0.7542587021500862,0.1688621117349326,2585,0.05922944568046566,1.1951856743448226,0.604757306409921,1.2472089119975494,384
2670,2585,0.05922944568046566,1.1951856743448226,0.604757306409921,0.1688621117349326,19296,0.062386708293138145,1.0799565239651412,0.7542587021500862,1.2472089119975494,384
2671,17261,0.15059362456601486,0.605390848576563,0.2547729843176932,0.16878608088977184,8980,0.1345749720965174,0.7196628033848755,0.026636701931132448,9.564734589754883,438
2672,11347,0.1799817517108741,0.7401823795123261,0.3097614354470849,0.16878313388439528,7271,0.15728853760647682,0.8764338669910186,0.029209287382928897,10.604895332986526,444
2673,19511,0.1867705852959402,0.8473770899389141,0.030056164719074966,0.16874869702308107,1806,0.19213146807570142,0.8054436386834495,0.09429236917272216,3.1372056299944373,431
2674,3239,0.1070018598063057,0.9279846904809883,0.04224329233477485,0.16874553697458175,13422,0.11161495040987938,0.9160635616559916,0.13033386287695098,3.0853149854908355,434
2675,13422,0.11161495040987938,0.9160635616559916,0.13033386287695098,0.16874553697458175,3239,0.1070018598063057,0.9279846904809883,0.04224329233477485,3.0853149854908355,434
2676,7402,0.11883685490895671,0.8468819787236515,0.28790429429714987,0.16874159655978754,15209,0.1065175462423282,0.9671467321365058,0.05763156826558821,4.995600552988203,447
2677,5797,0.07527831905205223,1.1554882897741607,0.012285215156133482,0.16873535955214844,4604,0.08378716808196034,1.0099227674025184,0.24889295769764194,20.259552196233237,428
2678,14519,0.11789822250448957,0.9428746208319176,0.015033746604821431,0.16870524430107,6696,0.1739079604870425,0.5500485585008751,0.9095037150786849,60.49747537895846,437
2679,238,0.14413758252624034,0.6577437771088983,0.08765777665497858,0.16870266761477629,4224,0.15343695113286046,0.6061733581838045,0.2122014638220753,2.4207945024353204,437
2680,3370,0.14725071421121905,1.045972263660147,0.38245649329556564,0.16869065780215012,15152,0.16146951820719763,0.9644457369550014,0.5860127739004414,1.532233820508221,444
2681,8017,0.14812862520893327,0.5906707470498306,0.3710373894275936,0.16868772882072552,767,0.13872817104371757,0.6170315099968697,0.24586003499531972,1.5091407167279416,431
2682,14624,0.12619845175563393,0.6778771444392546,0.40126213763075064,0.1686822068179527,2973,0.10568686373385804,0.8350332730445846,0.03846067812147415,10.433048953619718,435
2683,2973,0.10568686373385804,0.8350332730445846,0.03846067812147415,0.1686822068179527,14624,0.12619845175563393,0.6778771444392546,0.40126213763075064,10.433048953619718,438
2684,6705,0.19380312552785245,0.8992328918703534,0.5739905597037238,0.16866986867712522,4166,0.16452842908555482,1.0521819755460635,0.21717397190351306,2.6429988578867945,437
2685,4166,0.16452842908555482,1.0521819755460635,0.21717397190351306,0.16866986867712522,6705,0.19380312552785245,0.8992328918703534,0.5739905597037238,2.6429988578867945,427
2686,19410,0.12530627540223532,0.5713977263293074,0.05681326568391026,0.16864868761692467,19424,0.13064362440278487,0.5582277684660915,0.136278355415798,2.398706600919661,428
2687,7453,0.15737509833770924,0.41871428806974315,0.02778790082987774,0.16864857508183598,18778,0.1629979864525692,0.42425101421933,0.0837420731099021,3.0136163801139686,453
2688,5028,0.19538572516271235,1.0348689356721357,0.0831980162690897,0.16864600576034533,8527,0.18934375273263593,1.0332130351277273,0.02078673191917313,4.002457750097314,434
2689,4460,0.19240154493199363,0.9992212551053842,0.2554843354386325,0.16862262166556521,10542,0.17395207362364584,1.079192206677679,0.04624175656552763,5.5249703820527305,423
2690,16794,0.14249898204992845,0.5040148329669937,0.7053961605781651,0.16859627131575292,13265,0.10262313811962988,0.8258656000954757,0.01021501023289643,69.05486578040878,429
2691,7505,0.0903310349010244,0.6803920732783673,0.014830706232649881,0.16853632819175493,11903,0.11799299248352883,0.4461092991243678,0.5253071850589417,35.420240736916156,429
2692,15845,0.15267203259506404,0.9161185787585827,0.025116378062966262,0.16851028114564034,2037,0.15734905016009038,0.916390286666669,0.08688217561743894,3.459184098902598,444
2693,19252,0.14423067416847768,0.6683853753646903,0.04693328677556496,0.16850567246293802,672,0.14680648931089407,0.6266382320527295,0.08575244013903537,1.827113463182403,439
2694,15838,0.16748050172539214,1.0709963452418432,0.014511331223814549,0.1684741832442832,1297,0.18173752747781835,0.9723829597049547,0.19266140004591384,13.276617911507469,428
2695,1297,0.18173752747781835,0.9723829597049547,0.19266140004591384,0.1684741832442832,15838,0.16748050172539214,1.0709963452418432,0.014511331223814549,13.276617911507469,430
2696,8991,0.07259628611376497,1.1548318949008403,0.10737097950217689,0.16847187383960596,2842,0.06998596973290298,1.1252585736372698,0.03794842290889361,2.8293924034722764,436
2697,11886,0.13979553324514554,0.6711429433942602,0.41001825006198567,0.1684210995430266,12010,0.11516129467876293,0.8482837165299744,0.011022971255424278,37.196708633366015,447
2698,18460,0.19671419799553758,0.5654510619886967,0.5274543380940867,0.168377202813357,11762,0.1790903823642433,0.6598724324375078,0.3363103228504945,1.5683560754944907,454
2699,17945,0.17805536822523493,0.9683967129313815,0.01023480564879574,0.1683519912884818,5597,0.1806529979600484,0.929320392244638,0.0459872779927691,4.493224353330062,434
2700,18497,0.147946466605268,0.9885437919919831,0.011394728029729255,0.16832293346767596,2224,0.16178452544257582,0.8950088857637475,0.20530462003858055,18.017509457262463,434
2701,2224,0.16178452544257582,0.8950088857637475,0.20530462003858055,0.16832293346767596,18497,0.147946466605268,0.9885437919919831,0.011394728029729255,18.017509457262463,437
2702,5236,0.08609042316247456,0.6819075278774037,0.01561798945424762,0.16826675725275253,2938,0.09010818363912991,0.6497386034889217,0.1046198679833054,6.698677079388856,437
2703,2771,0.1572838728518296,0.7426054707796497,0.733084807380412,0.1682663340548761,10433,0.12171685845205772,1.0668103595805207,0.14556260232410273,5.036216690796448,431
2704,1098,0.08305332721455347,0.4450636071778068,0.06532581388669166,0.16825927910768795,2206,0.08133964891745708,0.4220139316709078,0.03470673015896023,1.8822232341535206,449
2705,6561,0.14229333669736807,0.5203069632197039,0.023459905730207325,0.16822212004589454,2777,0.14562195601955186,0.4861842773245508,0.07003387010415,2.9852579507160315,442
2706,18143,0.15193409139340808,0.6337315544724297,0.8025508596193133,0.16821450557738388,14580,0.11196246702525377,0.9596614560120901,0.11090028336268415,7.236688990186624,438
2707,10284,0.16809211970330012,0.5489554686584315,0.19105651241681101,0.16815893693040973,19376,0.15399513589837732,0.6344377221703473,0.021218798030281923,9.004115697041325,430
2708,16443,0.11508918564598893,0.8080492224034529,0.01454949905260984,0.16814550875605533,17115,0.11661145683536302,0.7822537372081357,0.04259054393410346,2.9272859347321454,437
2709,1322,0.1012026187980685,0.4035120608460636,0.14137735445269645,0.16813714260718451,12606,0.09804346584703452,0.4319828085287573,0.09417275132564339,1.5012554317737044,455
2710,13811,0.15487269165273482,0.9384508308177942,0.8850261634179978,0.16813192979600847,19139,0.12757743720036946,1.1783167041802498,0.39944269469732924,2.215652395617376,446
2711,19139,0.12757743720036946,1.1783167041802498,0.39944269469732924,0.16813192979600847,13811,0.15487269165273482,0.9384508308177942,0.8850261634179978,2.215652395617376,439
2712,17115,0.11661145683536302,0.7822537372081357,0.04259054393410346,0.1681308653806703,1652,0.12128697943573159,0.7367018834269783,0.12365480021939008,2.903339304863307,446
2713,1020,0.15195129228142867,0.7753629569569719,0.014960389035159661,0.168078373015083,4783,0.1543272402802111,0.7715955546956569,0.0486164549799671,3.249678525452079,434
2714,17695,0.10488139268703109,0.9642361142821605,0.6143974893292935,0.1680777144760605,4027,0.1107506451323654,0.9453140886495373,0.743892985277614,1.2107682700488964,436
2715,12089,0.11677124962710528,0.4200005731128785,0.3135411864546864,0.16806610645043332,3884,0.09950605432299794,0.5010344297826974,0.04682030037613929,6.696693185131172,442
2716,3884,0.09950605432299794,0.5010344297826974,0.04682030037613929,0.16806610645043332,12089,0.11677124962710528,0.4200005731128785,0.3135411864546864,6.696693185131172,447
2717,1813,0.1777369471777882,1.199105612113494,0.12234193844568579,0.16804133809717275,5073,0.17073988965130132,1.1997404074905578,0.04228695783388914,2.8931364352637328,440
2718,13187,0.09668506076120334,0.5067269809611079,0.1299846497195926,0.1680393660720296,4401,0.09429919654471591,0.4877950099316539,0.08657600448451895,1.501393492267661,438
2719,3583,0.1976103653066651,0.7644329648537338,0.2695419650582691,0.16802498117992082,15898,0.187118726704822,0.8346056971263426,0.15299674179634878,1.7617497071738402,432
2720,15898,0.187118726704822,0.8346056971263426,0.15299674179634878,0.16802498117992082,3583,0.1976103653066651,0.7644329648537338,0.2695419650582691,1.7617497071738402,432
2721,6483,0.16411045864811002,0.9062317233385181,0.08327524834079507,0.16799719787093761,10631,0.18325755945577488,0.8156018398506414,0.3138953504023227,3.7693715318354797,439
2722,10631,0.18325755945577488,0.8156018398506414,0.3138953504023227,0.16799719787093761,6483,0.16411045864811002,0.9062317233385181,0.08327524834079507,3.7693715318354797,437
2723,9241,0.17770548379502638,1.1370338348987097,0.02418414820662606,0.16793753269021727,19523,0.1781495652906881,1.108482893578339,0.034870188415118165,1.441861343107561,428
2724,4354,0.09689084491535788,0.8058557620322297,0.011433145986455617,0.16792198330753175,1632,0.0967830163862378,0.7748729094070215,0.01238691866199788,1.0834217175808092,434
2725,9984,0.16267195350825864,0.40756126504808526,0.1083269576713984,0.1679112988549531,10187,0.15414288943137944,0.42339805391980856,0.022993257381078176,4.711248862048742,435
2726,13690,0.1054477337545871,0.8279525671051255,0.442226953464512,0.1678669050362051,9498,0.08835080261825932,0.9979457183750532,0.07035017488210596,6.28608179305316,434
2727,14292,0.176573358912959,1.1669955772185308,0.010622507137876427,0.16784161964232922,5921,0.17939814367232115,1.1797192881020218,0.04196721620477606,3.950782584568433,437
2728,5921,0.17939814367232115,1.1797192881020218,0.04196721620477606,0.16784161964232922,14292,0.176573358912959,1.1669955772185308,0.010622507137876427,3.950782584568433,439
2729,6474,0.09298989725679382,0.5334316401140461,0.08172790654201002,0.1678028108390325,18036,0.09439602436036515,0.5154590206753417,0.10712238764741078,1.310719828512277,433
2730,2784,0.11405470603016611,0.705596782851287,0.17652437132961854,0.16778406065309376,19845,0.10524103427448259,0.7885512929977563,0.010443296261476297,16.903127796995438,442
2731,5939,0.1626746113517089,0.6888611217918419,0.07140512040284969,0.1677610127023543,16993,0.18242084232414713,0.5794402257093998,0.295125967006227,4.133120500899666,434
2732,6634,0.15824615171850337,0.8294194594005304,0.25574502376590424,0.16770785925538217,11950,0.15828902193781275,0.7986772496649535,0.25967947448508205,1.0153842708696423,449
2733,11950,0.15828902193781275,0.7986772496649535,0.25967947448508205,0.16770785925538217,6634,0.15824615171850337,0.8294194594005304,0.25574502376590424,1.0153842708696423,442
2734,11334,0.11170284336699832,0.8054216535789618,0.12087193648514626,0.16768015366114714,18393,0.11212577823684662,0.7638223259112866,0.13361920976406944,1.1054609833316411,437
2735,19978,0.070040303441865,0.5958450779737965,0.017890770952157208,0.16760837940267326,13894,0.09286288109362528,0.4299991835070797,0.538196842004251,30.082372830297572,448
2736,4285,0.19088322064120278,0.9259051216822711,0.6180680626492245,0.16760404113860236,19817,0.16505897128481678,1.111767154191785,0.2848120673321872,2.1700908547823152,441
2737,16947,0.162872088807758,0.4817001766186497,0.02386398585327283,0.16755602945996945,1490,0.16652063854900745,0.4857723205244242,0.06335128382066904,2.654681586310977,435
2738,9259,0.11886910469841666,0.6941074506238498,0.01368415645057332,0.167553422147795,13006,0.1645784010710628,0.4098636281904498,0.6378415604684817,46.61168284448826,434
2739,13637,0.10117480017259707,0.997962184402232,0.021998428484609776,0.1675385144223063,13098,0.11385601136547144,0.8522454084870215,0.27810428923589403,12.642007106573878,433
2740,15757,0.19220634769385148,0.8225837748096424,0.05259452811272978,0.16753737984958508,15775,0.18996689361834473,0.8057988454999889,0.03192658464858965,1.64735842219356,437
2741,3063,0.10528968097630495,0.41285139752894057,0.025503196884094696,0.16752983313450534,2460,0.10728198733753766,0.4340420327056239,0.05307517777844139,2.0811186150369334,458
2742,221,0.14527182624724674,0.6894513521160179,0.20358603334704706,0.16752549606543574,3342,0.1398059658014159,0.7498455584849826,0.12132163207060011,1.678068699476242,437
2743,18531,0.1632430957236479,0.8958667439558425,0.02453150217423975,0.1675185305079782,8284,0.16374898517695158,0.909531211112121,0.030326303308679622,1.2362187644801028,447
2744,11399,0.10357975887767612,0.44703317999619935,0.24183913471582333,0.16751278004346956,15098,0.09085751795953967,0.5096907129181266,0.012533134389530944,19.295981930731873,441
2745,6899,0.19307548749460074,0.4321514156237367,0.06107799739025691,0.16748461207367096,18086,0.18824385856736792,0.4410200514468503,0.016607387585028062,3.6777607000224477,425
2746,18086,0.18824385856736792,0.4410200514468503,0.016607387585028062,0.16748461207367096,6899,0.19307548749460074,0.4321514156237367,0.06107799739025691,3.6777607000224477,422
2747,8415,0.19901546881100762,0.5481107747551124,0.7396679840198344,0.16748365361015366,12768,0.14552601826667305,0.8727512810722848,0.059307247192163993,12.471797613927416,433
2748,15554,0.08107143540081567,0.577040286691825,0.7198413778253118,0.1674800801467079,17627,0.05871998462840501,0.9004307996626443,0.012934802166670846,55.65151817166016,413
2749,3561,0.19441120653599742,0.4549566702836244,0.012927829002996395,0.16746598592562809,13014,0.19575636334030816,0.47131207279404325,0.023367350051658672,1.8075231383585457,394
2750,4894,0.1521351734696833,0.8987528763053194,0.8423307909173717,0.16744616893694392,18494,0.13683383017653508,1.0645042754310814,0.556359307577184,1.5140050313627849,444
2751,8648,0.1787282310858737,0.544034224128775,0.03382457609954638,0.16744297687661014,17344,0.1770945864806015,0.5756090213258238,0.01215681691565654,2.782354652062279,435
2752,17344,0.1770945864806015,0.5756090213258238,0.01215681691565654,0.16744297687661014,8648,0.1787282310858737,0.544034224128775,0.03382457609954638,2.782354652062279,428
2753,12240,0.12703736789648234,1.0896818342819636,0.09379028499839612,0.16743528824998608,14398,0.16580868467181692,0.7681113364779389,0.6932604785209594,7.391602216933392,428
2754,6221,0.18485943001568383,1.075278588134776,0.15533379957079063,0.16743442408468107,17637,0.18851534290876426,1.0466204281929206,0.19624711340188272,1.263389641817437,431
2755,6801,0.18492368477413001,1.008403969671693,0.04916500525067449,0.16742994429229835,17454,0.18927531788553897,0.9807010061495323,0.1020345315066012,2.0753487360850307,429
2756,2098,0.12059814305704399,0.419778933819186,0.05824894768059866,0.1674291306777442,8775,0.11722817062829517,0.4038824407959739,0.013815860244533597,4.21609271153749,460
2757,13467,0.09476278784798949,1.0278336403964583,0.15538455117504466,0.16742810603779779,10829,0.09829097995257326,1.0176014370021176,0.23118403996112938,1.4878186937689493,430
2758,3725,0.198117853761914,1.0617732798898611,0.0167343350171299,0.16741099601457826,431,0.19988312993667506,1.0326479549041863,0.0407133580676095,2.4329235685752533,434
2759,5802,0.07871601676746431,0.4597427336931472,0.43932258462147294,0.16734800027389796,10910,0.06666895859577579,0.6311451192915701,0.1350219909323356,3.25371135166888,435
2760,13635,0.13118794936569894,0.6961228272297887,0.8030130519669303,0.16734199577291273,9836,0.11186701094316462,0.8684353754107337,0.41266664476056136,1.9459121839926192,436
2761,18969,0.1897828308774795,1.174507453099421,0.1033282217986374,0.16732788753621336,6541,0.1955768916113581,1.1296621780068916,0.16804319614273616,1.6263049263560652,447
2762,19612,0.09074168921446459,1.0312919515907462,0.7820963995905368,0.16731696984975292,127,0.08935175915052691,1.127059139582546,0.7221428864096087,1.0830216766089167,449
2763,127,0.08935175915052691,1.127059139582546,0.7221428864096087,0.16731696984975292,19612,0.09074168921446459,1.0312919515907462,0.7820963995905368,1.0830216766089167,459
2764,1491,0.10396846455545747,0.5388318495077052,0.06551859506519622,0.16731614087270372,10028,0.10326678086535204,0.572427939925431,0.050621348815482047,1.2942878172609655,442
2765,9099,0.16150800054473763,0.7165496012964591,0.031609950025649626,0.1672995320831136,8521,0.18539056997231096,0.5884732306878343,0.3044665925030211,9.631985885961992,448
2766,9946,0.16944323959479887,0.5401848184927207,0.08090732441943302,0.1672940634544105,5887,0.16584851710634485,0.5736471003382648,0.03600332333095512,2.2472182269315706,432
2767,5657,0.16183230751751826,0.7230685056148984,0.05631893008852951,0.16727905958906916,3909,0.15939030576801902,0.724123636261368,0.02832544455783161,1.9882805360227993,446
2768,11849,0.13226391635805007,0.9689758945721862,0.16660384673184112,0.16721832474755124,16896,0.1258776130771075,1.048418906996475,0.05625743203889678,2.9614548814928146,432
2769,15443,0.09725056365620352,0.9411744377949463,0.10536568584553717,0.16721346074235738,6065,0.1337194079532259,0.6035697486004674,0.8367611345016157,7.941495637662166,436
2770,4077,0.15492430914908184,0.6314141414602554,0.09873638256595658,0.16717252222165785,7984,0.17694227207961527,0.5048473858860899,0.3493659647785554,3.5383711221664065,437
2771,19391,0.14106523207160432,0.426852191257215,0.012666397815236681,0.16715245281718094,18186,0.14222567111695653,0.43608595504349557,0.023440275182827715,1.8505873196743359,458
2772,18393,0.11212577823684662,0.7638223259112866,0.13361920976406944,0.16711264461268244,16538,0.10595981091501985,0.817563708079228,0.011029904340731738,12.11426732602152,439
2773,7382,0.058485955336028995,0.650367597980674,0.21538410186104262,0.167022841694078,11161,0.056236311236726066,0.6221535927030724,0.14304757033971383,1.5056816508630084,421
2774,3566,0.16180640760021694,0.8164778395154284,0.7356334203602555,0.16702113146463582,5896,0.11767144685352462,1.18436653425348,0.013894912244783824,52.942646013213476,450
2775,5896,0.11767144685352462,1.18436653425348,0.013894912244783824,0.16702113146463582,3566,0.16180640760021694,0.8164778395154284,0.7356334203602555,52.942646013213476,440
2776,1967,0.11491819533373852,1.16616516585863,0.09084256399304626,0.16701239292663503,16318,0.12540861342915882,1.1272776137250673,0.26794362293487456,2.949538312848423,433
2777,11429,0.12170914810459879,0.7507486945605766,0.03485275422199264,0.16700830061021935,5635,0.12470230063192929,0.7509085639285151,0.08461739249511395,2.427853820566038,445
2778,8517,0.15799306370030242,1.0936672936659777,0.02239082519508602,0.16698127654682285,6612,0.1673918455108211,1.0768829571951066,0.13981460320257016,6.244280949201213,426
2779,16237,0.16568058243814315,1.0555512663817157,0.18481888305905023,0.16694949268009682,9784,0.1533628223994262,1.0891947887142988,0.02620288760940442,7.053378460193726,436
2780,19927,0.0540654485771313,0.5626440170799853,0.27661433399915664,0.16688248796335453,16055,0.05876346689839136,0.5478738204246127,0.4331700578132555,1.5659711178039537,414
2781,11544,0.11299305069533476,1.0113614089498917,0.28565323075709004,0.16685690983279913,1403,0.12560157943757588,0.8471003511093598,0.5267332840277898,1.8439605343574994,423
2782,5812,0.14697015969325897,0.9098148228744175,0.03134284465810336,0.1668490516572575,11878,0.14867607381719175,0.9024197829143626,0.05343330268423368,1.7048006735540218,444
2783,11878,0.14867607381719175,0.9024197829143626,0.05343330268423368,0.1668490516572575,5812,0.14697015969325897,0.9098148228744175,0.03134284465810336,1.7048006735540218,438
2784,438,0.155015349076074,0.5149227126431559,0.8468641967195276,0.1668078139795719,13219,0.10854104391202203,0.8733453017229742,0.055133219544229256,15.360325475644531,435
2785,5466,0.1427521836146853,0.843888906757756,0.017176670097237983,0.1668054327880416,16266,0.15384151484445313,0.8118145609440006,0.16982023226880957,9.88667950816129,430
2786,3795,0.13878635477630114,1.1273187932289468,0.2708002487133418,0.16680012123755686,19076,0.16138199004170387,0.9877753654020788,0.6022788564850868,2.2240705440512167,443
2787,11556,0.11643605313743022,1.170715951329902,0.015260480083599134,0.16678967756430854,12071,0.12664931521488704,1.0676152218279906,0.19727661388782675,12.927287530085337,432
2788,13329,0.18138623267660997,0.9041900050889478,0.08170411532969056,0.16678869794591655,5166,0.17851859084618021,0.9244472612019595,0.044582854578777836,1.832635350554315,422
2789,15425,0.1786845501922984,0.7525749382644707,0.15459412715141388,0.16678517403876342,8054,0.16668213686805167,0.8137855036584791,0.010825717923542783,14.280265590073864,450
2790,8054,0.16668213686805167,0.8137855036584791,0.010825717923542783,0.16678517403876342,15425,0.1786845501922984,0.7525749382644707,0.15459412715141388,14.280265590073864,448
2791,2632,0.15631632934367767,1.097696693337581,0.197019691316951,0.16674701870920122,3791,0.1438971367108985,1.1791971514223678,0.017717148303630265,11.120282335537114,441
2792,10448,0.07977116537973128,0.8850593545957854,0.9301657710995606,0.16674408670397756,3603,0.06079363152173133,1.1589398328833647,0.2760812122240935,3.3691744672018844,435
2793,14151,0.15001304854132713,0.6235485677309547,0.08312457118180572,0.16673021683647024,18010,0.14587859908331818,0.6148130607627613,0.03157006134126895,2.633018994902737,432
2794,1961,0.12606712820522087,0.6221729693482473,0.0153129347517485,0.16672749688060512,10248,0.12817221899428044,0.6383900371463258,0.04573749863685063,2.986853883879321,435
2795,17515,0.114018625307561,1.123762880786694,0.2074773776392732,0.1667027011004234,16011,0.15370026158340752,0.7888244081048468,0.9269102481972272,4.467524405522336,434
2796,11585,0.09904301752859201,1.1133889474434087,0.01264179266396002,0.1666819987538294,2903,0.09988905039442814,1.1433433526809837,0.02684025418548459,2.123136717943682,424
2797,18897,0.19596943878000966,0.6701234549052599,0.9237885923425846,0.16665861329394763,13044,0.13339701249319508,1.1136193508550964,0.01412092855794837,65.41981913948595,442
2798,18010,0.14587859908331818,0.6148130607627613,0.03157006134126895,0.16662074935616844,8192,0.14520239552554753,0.6062394049439139,0.026071995081841857,1.210880150988379,426
2799,1781,0.18898754553915365,0.6134687895216233,0.27371806496796686,0.1666006253727962,14239,0.16623573084793042,0.7078731669498272,0.01755733215524871,15.589957662567754,433
2800,14938,0.16983958617765726,0.9309288063211211,0.3249597317681268,0.16659524793133954,14008,0.15303246360423448,1.0037727329774788,0.10866990261089682,2.9903379313007834,435
2801,12643,0.17056205573567162,1.1774784958472,0.026355151514551124,0.1665800069446612,16038,0.17952477739390837,1.1125522240023784,0.1401705429080787,5.318525405960508,438
2802,9756,0.19750380511210508,0.5295560084805155,0.019153927978969996,0.16657968366442147,4697,0.19738752007296623,0.5445845943487595,0.014451011846434587,1.3254385355511096,401
2803,4697,0.19738752007296623,0.5445845943487595,0.014451011846434587,0.16657968366442147,9756,0.19750380511210508,0.5295560084805155,0.019153927978969996,1.3254385355511096,401
2804,12879,0.15293907521533767,0.538986255876169,0.8784461173607394,0.1665758622130268,16355,0.11238232597574253,0.8656865537230924,0.1713686353479487,5.126061228048721,442
2805,16355,0.11238232597574253,0.8656865537230924,0.1713686353479487,0.1665758622130268,12879,0.15293907521533767,0.538986255876169,0.8784461173607394,5.126061228048721,439
2806,3953,0.1455363963556488,1.1446012379203108,0.23465802755463774,0.1665699402104577,7308,0.1468906226819032,1.1011816315204315,0.26099557830641207,1.112238013019358,440
2807,16534,0.12404802321860574,0.6693861254468032,0.26162617767017965,0.1665606702235991,8344,0.10947335710888853,0.7383525225508827,0.013447740540956155,19.45502866250107,436
2808,856,0.1271210946512079,0.9722787921978175,0.04798408995432423,0.16655352459825218,4058,0.12510917045871273,0.9656848968165012,0.014501874097875988,3.308819924271181,423
2809,4058,0.12510917045871273,0.9656848968165012,0.014501874097875988,0.16655352459825218,856,0.1271210946512079,0.9722787921978175,0.04798408995432423,3.308819924271181,428
2810,9323,0.13331456907227918,0.9827904306773867,0.1957778735176187,0.16653709182392637,8562,0.17484425769678788,0.6705161918473722,0.8281807922016274,4.230206291044921,426
2811,18611,0.10261616137639318,0.7907372193043856,0.029674094524808323,0.16653104607495062,3103,0.10564817185822645,0.7418432338728955,0.09684389860528334,3.2635839494384333,438
2812,8543,0.17555974067328867,1.0697539349011653,0.5709166239815937,0.16649014439189752,16335,0.1873489122576824,1.009714040917536,0.726198583678173,1.2719871049009523,454
2813,2843,0.13677337633719255,0.7508041002726606,0.1005446822727583,0.1664453328033318,14294,0.1747060943110358,0.5260317080236312,0.6035068209524331,6.00237434054678,450
2814,1176,0.16630780525594085,0.6979081435239106,0.08703278567533473,0.16643487519626368,1862,0.18143854688277244,0.6039931417092466,0.26184238609409227,3.0085488366517827,436
2815,16404,0.14584306894087606,0.6254769114835106,0.01617813897704683,0.16642948091735307,2932,0.18738539873531196,0.4261057707819939,0.47493528696104437,29.35660817569138,427
2816,17778,0.0856368624445851,0.5337957797788635,0.030228375564429765,0.16638208664224463,15237,0.09108263480673331,0.45591151107654565,0.14458716877564076,4.78316039402987,444
2817,3720,0.16343583526802208,0.8344698407955011,0.011316524628021782,0.1663770302412098,15197,0.18936019769742463,0.6938758144158953,0.31477851277624735,27.81582889828192,445
2818,2441,0.13763325879641555,0.4693378851999317,0.015097087319169368,0.1663531105029245,6486,0.1384995370189096,0.4614570505026975,0.029001838300269103,1.921022094337649,437
2819,1398,0.18033540559864925,0.8843081417356149,0.4252556765968665,0.16632996955085266,11356,0.14895145184261008,1.0433582609104666,0.021187766207893696,20.07081220475397,430
2820,11356,0.14895145184261008,1.0433582609104666,0.021187766207893696,0.16632996955085266,1398,0.18033540559864925,0.8843081417356149,0.4252556765968665,20.07081220475397,422
2821,240,0.16951509850902927,0.6988887594476465,0.0495630253153639,0.1663252622405856,14053,0.1850038639967262,0.6478422550706797,0.2205704979984003,4.450303358096793,442
2822,18026,0.18496863656690277,0.9483241368317419,0.021434074840598248,0.16632087349966468,3392,0.184187971352189,0.9255855430708613,0.01615463307733256,1.3268066651834736,429
2823,3449,0.12662762600083705,1.1955983004324868,0.17818437817434293,0.1663001386171707,16226,0.13391970766664063,1.133050535995006,0.2996242486499379,1.6815405015852356,448
2824,14778,0.12136910739105573,0.6972582619495481,0.024851421160094797,0.16629347927391153,8279,0.12298405982641895,0.7215879377181018,0.0467102393512553,1.879580207922287,435
2825,8279,0.12298405982641895,0.7215879377181018,0.0467102393512553,0.16629347927391153,14778,0.12136910739105573,0.6972582619495481,0.024851421160094797,1.879580207922287,431
2826,9233,0.1613289223735787,0.6100795139830406,0.027373093667848916,0.16628039671234043,14048,0.16094082865698822,0.61350889790736,0.020199663634583087,1.3551262121506058,430
2827,15917,0.13025694028506402,0.671425822262251,0.011771351794132221,0.1662703846422417,1508,0.13092246804778013,0.6476050877152999,0.027472971331014975,2.333884146144514,433
2828,6320,0.12102790402276872,0.825395408450305,0.021724464088668884,0.16626606058218635,13463,0.1765029765703543,0.4802660869627559,0.8416423429350558,38.74168492718043,428
2829,13463,0.1765029765703543,0.4802660869627559,0.8416423429350558,0.16626606058218635,6320,0.12102790402276872,0.825395408450305,0.021724464088668884,38.74168492718043,432
2830,13414,0.1599372273788554,0.8918865318546392,0.18974451927884767,0.16620930941917889,17375,0.16576040836678751,0.8633457405786347,0.265722908839928,1.4004246860454654,437
2831,4148,0.12725549880411705,0.7196213029343488,0.05943633305979861,0.16620340923423246,12433,0.1356968285037631,0.6349427706542277,0.19179856698391293,3.226958278044261,447
2832,4839,0.1839741836267148,0.5466828115620808,0.16695807175243982,0.16620324653597543,13874,0.16950255832508748,0.6000539895004022,0.01224568566023629,13.634032130563298,432
2833,10263,0.12686192507414465,1.054939950531919,0.0521405882184387,0.1661205421843816,14970,0.1386030665688898,0.9677734446158143,0.24266093788758505,4.653973922790764,422
2834,11915,0.1317451363027617,0.91924563330159,0.015424453842338582,0.16609642467893915,2830,0.18996437374806546,0.5757041236029707,0.8361128019106969,54.20696320641519,434
2835,9739,0.06967465813952936,0.6850432796127709,0.20111690127361193,0.16609567484893298,18597,0.06490643423043997,0.7103800266014473,0.06601764724972393,3.0464112196069353,419
2836,13141,0.17507120895602674,0.5669520401594378,0.26219281852797166,0.16609238055856287,17500,0.1559597193530442,0.6378419040426155,0.04262024485333119,6.151837452606252,425
2837,15863,0.16947759869416185,0.8723528079978067,0.26257615497921294,0.16608426631138007,18981,0.1520664274696122,0.9908784227437601,0.02916754859742703,9.002338818503784,447
2838,18981,0.1520664274696122,0.9908784227437601,0.02916754859742703,0.16608426631138007,15863,0.16947759869416185,0.8723528079978067,0.26257615497921294,9.002338818503784,438
2839,4507,0.1323342896086332,1.0952872747939826,0.01316922400366577,0.1660485028065491,1361,0.13939467750200085,1.0892475465753249,0.11820492179818483,8.9758456356488,434
2840,14724,0.0871259606930238,1.0457063089629801,0.05629956271470831,0.16603771811092155,19182,0.08531778257739064,1.0406142711077577,0.01137864697292381,4.947825769502875,423
2841,2821,0.07574502987509123,0.547413781507668,0.024496849171129445,0.16601664488374845,10417,0.07501042223707845,0.5156405245599742,0.013488262618663425,1.8161604547374153,451
2842,10417,0.07501042223707845,0.5156405245599742,0.013488262618663425,0.16601664488374845,2821,0.07574502987509123,0.547413781507668,0.024496849171129445,1.8161604547374153,449
2843,14263,0.11649000049700867,1.166327839821217,0.21422964431498015,0.16596687414529343,13047,0.10902742583404185,1.1834314892552955,0.08319324068736172,2.575084736992639,439
2844,2296,0.16687102631515127,1.1572694341211278,0.16645547970471564,0.1659504274041867,17578,0.1787479277425572,1.056813288476556,0.317214581919784,1.90570224832795,430
2845,19726,0.14703545501570692,0.8772334365199441,0.03852514897256006,0.16590650690068967,17367,0.15122394607058787,0.8639045473940856,0.09867652583175875,2.5613535174657502,444
2846,17206,0.16902255571775213,0.7999804137302695,0.010998509500623565,0.16589504638837466,13072,0.17567657794599367,0.7572517155196996,0.09234177584363072,8.395844531333575,441
2847,13072,0.17567657794599367,0.7572517155196996,0.09234177584363072,0.16589504638837466,17206,0.16902255571775213,0.7999804137302695,0.010998509500623565,8.395844531333575,443
2848,4713,0.1423071185060539,0.9106465465810588,0.14300086930347528,0.1658902804847612,13407,0.1629612590768343,0.7437062454500414,0.43289132282929343,3.0271936453100508,438
2849,11709,0.14008810315268144,0.5137607158881531,0.027395781542661715,0.16586350455606577,5432,0.1598606625524096,0.4046863174957151,0.24789819333544724,9.048772452408816,436
2850,5432,0.1598606625524096,0.4046863174957151,0.24789819333544724,0.16586350455606577,11709,0.14008810315268144,0.5137607158881531,0.027395781542661715,9.048772452408816,439
2851,11883,0.14638977034545111,0.4203876122983723,0.31179216882118743,0.1658551422077259,19147,0.132543481688373,0.48583877485113847,0.15136501900767968,2.059869386369702,438
2852,10140,0.12968447145448414,0.8335823791487034,0.17357113757807108,0.16585510432312442,7660,0.1547396023525469,0.6892359191755617,0.5453262281761794,3.1418024666162916,439
2853,13034,0.08126925799958326,0.8947235207130854,0.012167952001575331,0.16583295595083353,7009,0.08418128843067532,0.832440124602063,0.09014010575301824,7.407993205540932,427
2854,18445,0.14522088521628423,0.9164470963567607,0.016706191835221547,0.1658204360198054,10311,0.15324483857917937,0.8776275542507646,0.13222983728331356,7.915019687762373,440
2855,3484,0.14777347261313725,0.5024229994864589,0.2957792106656817,0.16580708534768285,2095,0.13893829424673043,0.5186471957210003,0.18647297062164128,1.586177394394739,427
2856,9013,0.1576339825017613,0.7405905063654408,0.028700289736626965,0.1657848050684104,4131,0.1888973712591407,0.5902193089925853,0.39208757523451376,13.661450070106307,426
2857,3481,0.12844094773085735,1.1137831835943615,0.2622919694470154,0.1657798642991895,11269,0.12300172927074515,1.148059292934051,0.17544344707134546,1.4950228909966201,441
2858,16153,0.18989030330469103,0.9426592555043971,0.13644476037129494,0.1657738143388369,5599,0.17966237696637433,0.9847072463095979,0.021192016308170622,6.438498271572602,420
2859,6846,0.1547593432937288,0.9251719981679611,0.048756468293644974,0.1657686077593139,9142,0.1601808629492959,0.8685659072951258,0.1250728074615798,2.565255684810995,435
2860,297,0.1355248087223183,0.5258784236372127,0.01569527818046934,0.16573945483115965,8718,0.13727814715813888,0.5227561124563684,0.03732453423818749,2.378074081199328,450
2861,15751,0.11173466392472448,0.9265608882463475,0.13077947657642464,0.16572823203815118,15517,0.10609016416393252,0.9965490310134074,0.01804549098433996,7.2472107680481646,439
2862,16445,0.15559214037066244,0.7799946002354738,0.021450091322464927,0.16571160177742433,15335,0.1685315136302774,0.7157324741175345,0.18789322587243903,8.759553656336013,446
2863,17658,0.16379632387826742,0.9341404932589755,0.2082533061281027,0.16569550105889536,14512,0.17008755509074602,0.8652128412723961,0.2918041464506296,1.4011981460267062,429
2864,1544,0.08297384560002871,0.9392446074685262,0.02458259601402558,0.16568266529146505,9263,0.09102240922984853,0.829188062299944,0.22658508237718136,9.21729675124236,443
2865,1831,0.056296641287998876,0.5621538452062741,0.7068781611883855,0.16564905412592593,3044,0.060034707002834795,0.541414794593277,0.8859976960764143,1.2533952026285515,389
2866,2658,0.10227346969017825,0.412930431817624,0.4587363356184735,0.1656325611107594,18777,0.08205770540219798,0.6052498475270733,0.07013745454176548,6.540532995039119,433
2867,8953,0.06725050085569939,1.1811050068330573,0.01598793592453448,0.16563031780518775,18607,0.07694162177622932,1.056669256710947,0.29697073187706685,18.574676135732247,429
2868,964,0.10264349884604178,0.7493913998374246,0.09205274406802622,0.16562028409446897,4212,0.1428395505294307,0.45029140085217567,0.7901293047433965,8.583441077644546,437
2869,14645,0.1388403777291221,1.0892298200436228,0.6517124373046663,0.1655734460311951,16147,0.14013463165922277,1.0270308700552921,0.6867352196958026,1.0537396256176765,447
2870,18049,0.05364813257740415,0.6468831075759853,0.034124472740757236,0.16557179286806392,3907,0.06663431561762662,0.475432005093153,0.44719773693082066,13.104898069141482,427
2871,19770,0.08613724765191745,1.1855878383559357,0.16437395170868832,0.16557012948215938,12430,0.11519660463838914,0.785022055076956,0.8625704480430326,5.24761033653144,439
2872,17924,0.06640325867949295,0.8138650864365427,0.7246160405746275,0.1655688918002084,2510,0.05565883393349347,1.0263023966638478,0.3168354280045129,2.287042346048202,394
2873,4436,0.1821439023234359,1.078899933096786,0.012024892051369262,0.16554592090853681,7999,0.18361253948545603,1.075832727575498,0.030958932289742364,2.5745704957257476,432
2874,4597,0.17231014044808518,0.8692629740697684,0.031722889804742145,0.16552750934110336,2029,0.1771239373994613,0.8726228808316245,0.08529537999263295,2.688764501520364,441
2875,2029,0.1771239373994613,0.8726228808316245,0.08529537999263295,0.16552750934110336,4597,0.17231014044808518,0.8692629740697684,0.031722889804742145,2.688764501520364,434
2876,13606,0.19632301372117983,0.7567829608260523,0.01569653343228251,0.16549909786546288,4036,0.19558357426710454,0.7362153683057407,0.011063822548678786,1.4187260653558613,403
2877,9611,0.07704996682799516,1.159196900137891,0.47249256006817003,0.16549241866043604,12538,0.08584085395388893,1.0205041610644976,0.7404332893915491,1.5670792557764746,440
2878,2893,0.06680208036047638,0.7424242491554209,0.03432558063891089,0.16546318799728257,4379,0.07334151077605482,0.6125315882043109,0.22753539184343738,6.628741236368399,431
2879,12849,0.09297491456800014,0.7393401166755054,0.14022836696976132,0.16543259279745107,8479,0.1064717209945781,0.6338510000629264,0.40940249824782193,2.9195412247516583,436
2880,386,0.08646882560298404,0.6740471426230853,0.715309361797058,0.16542630710828515,559,0.08857310223988586,0.6135415720293248,0.786608508026535,1.0996759584557283,425
2881,15266,0.1962350812699145,0.8137006752449483,0.35006188402183325,0.16542002516613513,7918,0.16768204501561843,0.981438495989399,0.014046842150655365,24.921037786809677,437
2882,6257,0.07828129882594892,0.45094292421750043,0.0196192613348227,0.16541146071578217,14953,0.07941641849363788,0.4320278531198456,0.048693917353296506,2.4819444790649943,449
2883,11794,0.07367233895794228,0.8919490772259427,0.8376402171806019,0.16540902434584923,10969,0.06355708135300239,1.085501159698164,0.458320572779593,1.827629539081206,408
2884,1338,0.07838413297955849,1.0259307190232763,0.011281373436210735,0.16540894645074067,12970,0.08903466027128396,0.8719392912504706,0.28908542386370184,25.625020348657284,430
2885,1089,0.10317947491697707,1.039893142301209,0.04871990799291099,0.16538467766259132,5633,0.10245138655852816,1.0052655253298393,0.04123108440860539,1.1816305268639162,433
2886,5826,0.19399223873007215,0.8888768031494754,0.35489141988421025,0.16536951595514637,10036,0.16621288565251863,1.0495293206929075,0.026722947292520036,13.280399650511123,424
2887,18934,0.1869456561543299,0.8349191243165832,0.12960955173432426,0.16533983066301472,15698,0.19704733814246594,0.8098558481345658,0.23415725599322176,1.8066357985189323,437
2888,668,0.1501275572030054,0.7857103678588766,0.37954997073294733,0.16531802451682848,7166,0.12812084272595425,0.9544338118051154,0.045314428762097826,8.37591868862778,440
2889,18649,0.1110469158188983,0.8584061001501211,0.01143036586703698,0.1653048812927708,4681,0.11304366460245213,0.8088524434417599,0.054493552268372304,4.7674372721105485,432
2890,13684,0.058008970963256926,0.598966974265756,0.03207181844314786,0.16528233171268764,15544,0.05853284298532271,0.5385142382708877,0.05895106208480846,1.8380954042037907,431
2891,5217,0.14859712557561416,1.1054610440984791,0.3455035183571242,0.16522909775646344,3366,0.15287391429323827,1.0671412448417674,0.40573452688531636,1.1743282060182536,434
2892,14597,0.07231229728919851,1.1768076826866345,0.019449215242500654,0.16521308928649459,12930,0.09959178679100725,0.7866230839736452,0.7463372853161544,38.373645209357825,434
2893,9987,0.18808904132644833,1.0238926806453343,0.3301218723623565,0.16520112219744004,13380,0.16150024625700637,1.1364251923026845,0.011054974918546913,29.86183820358666,446
2894,13380,0.16150024625700637,1.1364251923026845,0.011054974918546913,0.16520112219744004,9987,0.18808904132644833,1.0238926806453343,0.3301218723623565,29.86183820358666,439
2895,3840,0.1359748444051175,0.519874800608711,0.7334483137925856,0.16516581742561703,19970,0.10010531937218825,0.8477878394859371,0.07340739833512713,9.991476750669879,437
2896,15405,0.1795501644791881,0.577159554994679,0.4212386223168577,0.1651489357381963,11284,0.1465589457243191,0.7440460305142654,0.013275843890933416,31.729705906269185,440
2897,15242,0.11496078396556232,0.4360198794254835,0.03783381637166807,0.16514188624248635,16747,0.11356146081830695,0.41021072319917823,0.0206844823770316,1.8290917646399205,449
2898,16747,0.11356146081830695,0.41021072319917823,0.0206844823770316,0.16514188624248635,15242,0.11496078396556232,0.4360198794254835,0.03783381637166807,1.8290917646399205,451
2899,16506,0.19566240388736122,0.6573169862320504,0.014521176550063929,0.16511594820598616,4103,0.1968104048194686,0.6771048635029897,0.02257041532053368,1.5543103716643618,396
2900,4103,0.1968104048194686,0.6771048635029897,0.02257041532053368,0.16511594820598616,16506,0.19566240388736122,0.6573169862320504,0.014521176550063929,1.5543103716643618,401
2901,5436,0.06865432354328353,0.9413490455573937,0.09838408339396389,0.1650579244210063,18280,0.07164929503372533,0.9394011004118131,0.17899155818650617,1.8193141818454728,433
2902,18763,0.17162445049801012,0.6917396448400074,0.20803863688085192,0.16504193337160103,15324,0.15736945681132475,0.744796626755279,0.032404504290569854,6.4200530585309386,441
2903,11582,0.19413065960352416,0.83877076477973,0.4279802887131905,0.16501475544275182,1975,0.15993487684508545,1.050780480057357,0.011417644141852108,37.48411523393003,429
2904,1975,0.15993487684508545,1.050780480057357,0.011417644141852108,0.16501475544275182,11582,0.19413065960352416,0.83877076477973,0.4279802887131905,37.48411523393003,434
2905,10278,0.16288492886939454,0.6591547042183762,0.06750016943178765,0.16500466717739523,18905,0.15985459294038695,0.6707789214112546,0.027484462115251088,2.4559392557415887,426
2906,18905,0.15985459294038695,0.6707789214112546,0.027484462115251088,0.16500466717739523,10278,0.16288492886939454,0.6591547042183762,0.06750016943178765,2.4559392557415887,426
2907,4870,0.052680614172549906,1.1805287645266682,0.1837928804330128,0.1650021397346811,14455,0.05095217194654503,1.131398539880005,0.12886742180227148,1.4262167882509247,391
2908,19366,0.19818047020381319,1.055224112869201,0.03898259153160041,0.16499734719886855,1609,0.19882271166379745,1.0264620370744943,0.05054658903753065,1.296645170359085,436
2909,1609,0.19882271166379745,1.0264620370744943,0.05054658903753065,0.16499734719886855,19366,0.19818047020381319,1.055224112869201,0.03898259153160041,1.296645170359085,440
2910,15777,0.09757129194056127,1.0785611803680344,0.04678701269261801,0.1649834629560448,12525,0.09634066471879951,1.096433642097848,0.021253719187519414,2.201356491060267,437
2911,15202,0.131732971548026,1.137452961377047,0.04481653940384053,0.16497893996606305,8502,0.16714643079763497,0.9222658975458451,0.5562549603958471,12.411823130372692,432
2912,8502,0.16714643079763497,0.9222658975458451,0.5562549603958471,0.16497893996606305,15202,0.131732971548026,1.137452961377047,0.04481653940384053,12.411823130372692,437
2913,2917,0.1409843357084542,1.171837498377077,0.018389090013058936,0.1649748769518273,12165,0.17693738921271612,0.9347554196645583,0.5109788492394781,27.787065530518834,441
2914,15239,0.10182814903397808,1.0082492277321018,0.9355418638489599,0.1649592636288561,5476,0.08817166928611482,1.1682417245111312,0.5649200551537052,1.6560606324985483,451
2915,15779,0.14311491368369433,0.4877208071736619,0.19689552376110972,0.1649434185865637,11889,0.1300422245550017,0.5559675235491627,0.019405947939320378,10.146143047315897,438
2916,3980,0.09189509549814259,1.0587451547504894,0.010354160910798034,0.16492323484874727,16888,0.10893335843507944,0.9283675996775363,0.36436560395530976,35.190258978429064,430
2917,12391,0.14901430713668892,0.6274902070353835,0.041506409751123234,0.16491902060358815,10796,0.14673352890787072,0.6149608201515261,0.01523110247676545,2.7251086921934844,436
2918,5305,0.15978346148251427,1.0492638476626983,0.7770668274249478,0.16490712256368364,3927,0.15238428096333534,1.1006736948378935,0.6536281225227677,1.1888515818838263,457
2919,12934,0.10055000403887916,1.0878048811365324,0.6263502056630351,0.16483008842683802,1539,0.09324977469726098,1.16278171881586,0.45081532881975533,1.389372023579664,452
2920,1539,0.09324977469726098,1.16278171881586,0.45081532881975533,0.16483008842683802,12934,0.10055000403887916,1.0878048811365324,0.6263502056630351,1.389372023579664,443
2921,15634,0.19309225516269846,0.957131039983701,0.024559500305312322,0.1648209912244207,16216,0.19561879271805344,0.9437008296775475,0.05114952876602764,2.082677909980269,416
2922,16216,0.19561879271805344,0.9437008296775475,0.05114952876602764,0.1648209912244207,15634,0.19309225516269846,0.957131039983701,0.024559500305312322,2.082677909980269,420
2923,12317,0.12167293941565357,1.1948312870550417,0.5323053835991435,0.16477253216071136,7445,0.1246424609147124,1.1101769470508556,0.6003034861420298,1.1277426541943314,451
2924,7445,0.1246424609147124,1.1101769470508556,0.6003034861420298,0.16477253216071136,12317,0.12167293941565357,1.1948312870550417,0.5323053835991435,1.1277426541943314,448
2925,14027,0.08278015532691152,0.6739945849311838,0.020500353753424308,0.16476323736814097,2610,0.08867384838346423,0.6605729373833484,0.15211050282158248,7.419896488184964,423
2926,4623,0.17399205359482922,1.1933475173492893,0.014668438553350774,0.16476322911720914,10148,0.18256813482164408,1.1497709405166827,0.11610503190984581,7.915295925163312,440
2927,10148,0.18256813482164408,1.1497709405166827,0.11610503190984581,0.16476322911720914,4623,0.17399205359482922,1.1933475173492893,0.014668438553350774,7.915295925163312,448
2928,5624,0.09489709012519268,0.8800689537511497,0.04945398060922457,0.1647359733646216,7024,0.10393877271095368,0.8353620548847538,0.232508099928141,4.701504248270192,431
2929,10074,0.13114623400946246,0.6119392698262087,0.015160355753159696,0.1647251235644697,10106,0.15544788693356332,0.4791788873505374,0.3318402698670167,21.888686206974732,439
2930,10106,0.15544788693356332,0.4791788873505374,0.3318402698670167,0.1647251235644697,10074,0.13114623400946246,0.6119392698262087,0.015160355753159696,21.888686206974732,437
2931,19753,0.0596811600597795,1.042229637626884,0.12595805443103072,0.1647010068537417,2964,0.08140107706565877,0.6903561783054604,0.8443214615827722,6.703195483581296,423
2932,3132,0.09890822812301303,0.6704389685312866,0.03247703123433334,0.16469416248352867,17445,0.12680593504378868,0.44369717549338256,0.49968512621898276,15.385800586684685,438
2933,8639,0.05457375420067921,0.4231912697173422,0.03267246937814048,0.16468346577532536,6819,0.054557199594203964,0.465695300088667,0.024261469128559164,1.346681406843594,449
2934,1303,0.10160190525469287,0.49930818364161317,0.07735360806426074,0.1646803275980527,11359,0.1068087203738762,0.43816740085493816,0.16205422597795752,2.0949795366149253,454
2935,18130,0.13672428941831744,1.0264398798782526,0.7163432669246224,0.16465068069844566,8723,0.13073460260677133,1.0907011273616003,0.5988190504700469,1.1962599826480538,461
2936,8723,0.13073460260677133,1.0907011273616003,0.5988190504700469,0.16465068069844566,18130,0.13672428941831744,1.0264398798782526,0.7163432669246224,1.1962599826480538,448
2937,1097,0.1911266481092353,0.495889907803648,0.15132430754088752,0.16465011668231277,10810,0.177097573249412,0.5256292499114606,0.014662097977627936,10.320781362379702,432
2938,304,0.14038770950563467,1.1846921158701376,0.08777882617298535,0.164612493177068,12322,0.182892541551388,0.9192214846844322,0.672287711624738,7.658882454179365,444
2939,12322,0.182892541551388,0.9192214846844322,0.672287711624738,0.164612493177068,304,0.14038770950563467,1.1846921158701376,0.08777882617298535,7.658882454179365,451
2940,13721,0.19480798511741454,0.9999426389719629,0.2124445346092949,0.16456315836991459,10324,0.17854414796776502,1.0737270756515538,0.02618807821469438,8.112261345320492,429
2941,8208,0.13916341993071218,0.7368204362664588,0.1830979054871996,0.16454858653773344,5,0.2,0.4,1.0,5.461558925751394,447
2942,18397,0.15155111501023472,0.4661629172509686,0.48409032932990065,0.16452466652980222,11289,0.12990405914951053,0.5569359391747348,0.20124302111283138,2.405501202739769,440
2943,17397,0.05710426146902974,0.5112033973705993,0.05558828980808335,0.16452078944649495,6455,0.05628117959174398,0.5727317125403357,0.01832208785501905,3.0339495284570317,441
2944,12582,0.17844262567525354,1.1067495043817557,0.013878779914803439,0.16452030089654632,11033,0.1783396317072209,1.1246482371419404,0.011310874491845,1.2270297866720974,434
2945,1356,0.08237687562629006,0.532879241951566,0.17910513093112898,0.16448070176819282,13483,0.07854210979072307,0.583237089427638,0.08557818646334349,2.0928829919508374,436
2946,9884,0.11072206827515153,1.1895697560430554,0.0259826279333622,0.16447679262801454,11219,0.11547300888853244,1.1728264762275589,0.11521290513945005,4.434228340371777,439
2947,9344,0.11237707761808421,0.6586063019428371,0.7700827822174552,0.16447395530817396,2147,0.07991584526162743,0.967210076165507,0.01185005733523364,64.985574367457,428
2948,3215,0.13689289174517438,1.173200981171914,0.011114816267340602,0.16445585078567693,4240,0.13981429714224675,1.1403599045578128,0.06144329620020305,5.528053250933706,429
2949,17729,0.19507508770498216,0.5756410353057234,0.016785611503944788,0.16443057684847492,11933,0.19486036717223454,0.5790089223720347,0.01243758036131404,1.3495881848655147,397
2950,11933,0.19486036717223454,0.5790089223720347,0.01243758036131404,0.16443057684847492,17729,0.19507508770498216,0.5756410353057234,0.016785611503944788,1.3495881848655147,401
2951,17535,0.19166737836418385,0.9159751266618318,0.12174087641598831,0.1644118157588724,5270,0.19771448400227948,0.8648548296146172,0.19120912411716545,1.5706238508075487,426
2952,19332,0.1536071116951191,1.1581929147280656,0.01943500915138093,0.16438257221440447,4513,0.16076966179225677,1.1347518226601458,0.11649750294549863,5.9942088032009515,434
2953,689,0.08653916001733761,0.614152753968859,0.18795483518540618,0.16422727948405783,9980,0.08642225387587221,0.6587063173305386,0.18001983965320853,1.0440784501724014,435
2954,17539,0.11630947695294984,0.7857288379204163,0.22703303828275714,0.1642223221876565,16970,0.10985243491370668,0.7993983168032166,0.11390661704412897,1.9931505664398887,436
2955,5602,0.05671396690587166,1.1952499916659833,0.04906887759973641,0.16422183038230456,8168,0.0633558043035113,1.0384606158594143,0.2886253985482059,5.882046068030632,437
2956,19199,0.17254859869036995,0.8712343780759432,0.07680633560578326,0.1642216707791846,10363,0.1704544435543875,0.8630056336886902,0.05229255510347295,1.468781463323108,433
2957,18232,0.191163824972511,0.9680976540577599,0.021632738289145106,0.1641916634451956,4198,0.1913495757739908,0.964272454107834,0.026198389656828528,1.2110528637964606,431
2958,4198,0.1913495757739908,0.964272454107834,0.026198389656828528,0.1641916634451956,18232,0.191163824972511,0.9680976540577599,0.021632738289145106,1.2110528637964606,434
2959,14911,0.08715087162508822,1.1842069607538752,0.21098619225819232,0.16418259944005703,990,0.09245515821581174,1.0999598943448123,0.34318232998307363,1.626562981728717,448
2960,2021,0.11011659388291942,0.48346724439697125,0.01048248633122062,0.1641770741547659,10446,0.11084323656654199,0.4962354339715914,0.022437554823601547,2.14048023671392,445
2961,15091,0.1212195158293886,1.0514789154889597,0.34456207711236625,0.16414500602881332,16176,0.12166790627718134,1.0928230197323165,0.34470748148391567,1.0004219976056796,442
2962,14325,0.11435054514431556,1.1441627483734365,0.05973922144265774,0.16414367802835514,1563,0.11767302792572747,1.1052471083053677,0.12038067079035196,2.0151027730735076,445
2963,2772,0.18987060417629759,0.9520492279097925,0.033739334689910215,0.16408802202608816,11092,0.1912023519654124,0.9237539007145357,0.053530524467354054,1.5865909911780927,428
2964,16657,0.13951647474475898,0.8058800593408579,0.1563977430339029,0.16408704518715164,4094,0.13168976232298168,0.8215287455782513,0.04063807089856036,3.8485523445317726,444
2965,16086,0.19127840895097376,0.818159313403011,0.01500518753312802,0.16408137079475626,13723,0.19315889905226924,0.8358571405515922,0.0318051775651703,2.1196121338005107,433
2966,13723,0.19315889905226924,0.8358571405515922,0.0318051775651703,0.16408137079475626,16086,0.19127840895097376,0.818159313403011,0.01500518753312802,2.1196121338005107,436
2967,7447,0.17670731151468316,0.4480058500182994,0.9949959319449803,0.16404624444907984,5213,0.12700472800044943,0.74914290972001,0.2260427364297365,4.401804489100522,439
2968,19629,0.15992065939077454,0.8930329201408105,0.38361959882068913,0.16400638051937635,19667,0.16475641884516357,0.8365097043848522,0.45460207604356534,1.1850335004809145,436
2969,14646,0.19338451430751286,0.6724402624547066,0.26529979023608563,0.16400294972901983,4153,0.17215440521167724,0.7889980723509789,0.02424592298133728,10.942037159826574,451
2970,11633,0.1657197029774618,1.0050067770016886,0.024401765776242455,0.1639388292011392,18346,0.1970349672606697,0.8405801893117903,0.38909948098139435,15.945546094874059,432
2971,9930,0.17519143276379134,0.7799242185764738,0.018792287225595238,0.16393468348049559,16312,0.17510677315605472,0.8061559011493551,0.013857634048810094,1.3560963696547368,437
2972,9970,0.16008311065822659,0.5648446632919677,0.010219609870789384,0.163933133099766,1091,0.17277406653034927,0.5311971049554984,0.15347350943929258,15.017550706897774,428
2973,201,0.18345066447518338,0.9202313598722635,0.36797442749984993,0.16390453864998927,13163,0.1707520066872654,0.9942421941439964,0.21775133199627814,1.6898837041609438,431
2974,15889,0.05525687424944593,0.8324018064985492,0.35025833512216364,0.16387362641108041,2914,0.06334656692203733,0.7521337042447549,0.6534998692396776,1.8657653614774048,390
2975,2914,0.06334656692203733,0.7521337042447549,0.6534998692396776,0.16387362641108041,15889,0.05525687424944593,0.8324018064985492,0.35025833512216364,1.8657653614774048,387
2976,11664,0.14292316432656657,0.5847757923006105,0.5953211347306773,0.1638484278345383,6143,0.11058030248088839,0.8466748619433744,0.05663136543629462,10.512215803808616,444
2977,10285,0.17262702536364488,0.6797909962139281,0.6340187811753902,0.16384587586728078,6135,0.13411496355941865,0.9680029922585333,0.08083807079725759,7.843071648326609,442
2978,13228,0.19913536711703506,0.7057963652461728,0.01028968923363163,0.16379678692766267,2155,0.199276065625417,0.683269550325549,0.014765536358907483,1.4349837029719654,404
2979,8191,0.1244154712480975,0.6576635057029975,0.012962338034895469,0.16379184056746293,8162,0.14096819870485605,0.5363365714097272,0.25718465954571895,19.84091595616168,439
2980,15588,0.1053294656530033,0.6857157701827353,0.6136353221195062,0.16376763959422297,2147,0.07991584526162743,0.967210076165507,0.01185005733523364,51.78332093761195,431
2981,2128,0.13830908411669074,0.8967824133323803,0.04355639206599807,0.1637587166939897,8940,0.13678953743319616,0.8852804011141656,0.02130473114648136,2.0444469243251513,444
2982,8940,0.13678953743319616,0.8852804011141656,0.02130473114648136,0.1637587166939897,2128,0.13830908411669074,0.8967824133323803,0.04355639206599807,2.0444469243251513,439
2983,17807,0.1874959218852602,0.9238665968550585,0.020563261448268803,0.16374966396194368,4527,0.19104757936713979,0.9349806365049723,0.056864638252685805,2.765351128552284,428
2984,3607,0.1611315888392006,1.1354120919724617,0.013622348950326466,0.16374195137365952,621,0.16538837783194138,1.1463598828370443,0.06439157471071941,4.7269068605951565,431
2985,12064,0.0637394228722497,0.44762621303998607,0.03883002591316833,0.1636743483876252,12394,0.07050211097167919,0.436335731263227,0.2048069161777291,5.2744470641281085,453
2986,7558,0.15280952083982963,0.7577869569146805,0.013625663394134707,0.16367192132448777,17636,0.1561644754300498,0.7360734154025674,0.062180674648927875,4.563497046000279,450
2987,2666,0.1983550844862806,0.6061150106976291,0.15601313423530286,0.1636114806553824,18720,0.19442747503113184,0.6291175397120625,0.11469817549723331,1.360205893066417,432
2988,8595,0.16911430094905525,0.8223397403682444,0.1377733606524306,0.1635894382637604,12377,0.16429591963471465,0.8210570205702965,0.08058132831994232,1.709742982957683,441
2989,9250,0.1080029890353503,0.6150847234739304,0.02388133843235728,0.16358159044754184,10089,0.11396954081861264,0.5777331742770926,0.1312872403457215,5.497482509934951,434
2990,18595,0.17242935183957953,0.9549735741262088,0.39769194598045815,0.1635688840533891,5786,0.1502210359292938,1.095719891123227,0.10221829717290164,3.8906140777102225,431
2991,6996,0.07385928946014142,0.9803060080246834,0.017145061854720287,0.1635497235839473,14320,0.07813536957993118,0.8807769204720737,0.1446187912018616,8.435011341883607,421
2992,9461,0.19965002292863943,0.520419658621901,0.10414921932435667,0.16352620052216746,8697,0.19204178561701912,0.5686911192618177,0.028687435584592982,3.6304820281772265,416
2993,8697,0.19204178561701912,0.5686911192618177,0.028687435584592982,0.16352620052216746,9461,0.19965002292863943,0.520419658621901,0.10414921932435667,3.6304820281772265,411
2994,15226,0.1564316992719882,0.5522326235506705,0.7728258434105579,0.16352265154641152,5378,0.11197762614403706,0.8972533368114014,0.03428906533668748,22.538550871017048,446
2995,4781,0.10995910917343661,0.6502235488073538,0.021073776184297253,0.1634985731780387,1304,0.1126398751063237,0.5991412577537563,0.07523816080813296,3.5702268141290845,440
2996,5328,0.1913070742168536,0.6538199222896794,0.019011994792834216,0.16344315300817344,2560,0.1932724111606644,0.6511912743550755,0.037413397743393986,1.9678838623233486,413
2997,2560,0.1932724111606644,0.6511912743550755,0.037413397743393986,0.16344315300817344,5328,0.1913070742168536,0.6538199222896794,0.019011994792834216,1.9678838623233486,408
2998,8428,0.10658457453814495,1.148143630744785,0.012498445284506611,0.16343854793699983,12446,0.1415055669363445,0.8173403028160227,0.6432063882028942,51.46291187114522,439
2999,9564,0.1014842952933668,1.0053175123261961,0.4661733079022826,0.1634270398519975,4811,0.08308289760643506,1.1878038862538265,0.044604423130673886,10.451279832418711,426
3000,17676,0.15554530636892538,1.053060143424498,0.016402999959127175,0.16342071816110454,5333,0.16244397948105088,1.0469302810890264,0.10532330581626664,6.420978240487116,426
