selected_rank,state_id,split,a1,a2,a3,m,gamma,recovery_alias_margin_grid_verified,recovery_alias_margin_grid_formula,global_alias_margin_grid_verified,grid_alias_trigger_verified,grid_alias_a1_verified,grid_alias_m_verified,grid_alias_gamma_verified,recovery_alias_margin_refined,refined_minus_grid_margin,alias_source_refined,alias_trigger_refined,alias_a1_refined,alias_m_refined,alias_gamma_refined,alias_delta_a1_refined,alias_delta_m_refined,alias_gamma_factor_refined
0,31949,val,0.19891051449812952,0.025,0.0,1.1944921992719173,0.3901147125165107,0.1408216688106085,0.14082166880510671,0.5223110165109253,a1_low,0.19305651698647822,1.2,0.3311311214825911,0.11638416186573873,-0.024437506944869777,continuous_direct_verified,a1_low,0.19390893226943504,1.2,0.3396433415107831,0.005001582228694484,0.005507800728082657,1.148601090724239
1,10352,test,0.05038373903371394,0.025,0.0,0.40472473874688153,0.1757632012313667,0.0306958672502535,0.030695867251018878,0.18290090548911095,gamma_high,0.0518010190024472,0.4,0.2187761623949553,0.030695865571189338,-1.679064162013466e-09,continuous_direct_verified,gamma_high,0.05180101894882301,0.4,0.21877616075037526,0.0014172799151090723,0.004724738746881507,1.2447210748192292
2,7474,val,0.19926910363137723,0.025,0.0,0.41356306672096255,0.011257337403990902,0.026876115388152332,0.026876115231368323,0.4741151600203089,gamma_high,0.19962138470497964,0.41600000000000004,0.013803842646028852,0.00035255886266434154,-0.02652355652548799,continuous_direct_verified,gamma_high,0.19955126582446522,0.4128015852556094,0.013654913116776985,0.0002821621930879925,0.0007614814653531532,1.21297893336093
3,13839,val,0.05233625643886626,0.025,0.0,1.1847228549420832,0.9523414721129707,0.010273900935907467,0.010273900994045473,0.19723518427245296,m_low,0.053076460116324206,1.1520000000000001,1.0,0.01027389715461684,-3.781290626100886e-09,continuous_direct_verified,m_low,0.05307646013880937,1.1520000027009576,1.0,0.0007402036999431122,0.03272285224112559,1.0500435287999048
4,19170,val,0.18450468755327165,0.025,0.0,0.44616137593984606,0.9457929851560812,0.01065335952392637,0.010653359693341123,0.02776521232962234,a1_low,0.17201365903974805,0.512,0.758577575029184,0.0030729424698299917,-0.007580417054096379,continuous_direct_verified,a1_low,0.17950468755327165,0.47211564821959,0.8693587845677603,0.0050000000000000044,0.02595427227974395,1.0879202027346206
5,47565,test,0.19993421602994205,0.025,0.0,1.0735736429691314,0.010110160035664666,0.0634927436745834,0.0634927436324127,0.3512489608265795,gamma_high,0.2,1.064,0.012589254117941675,0.045414517664258795,-0.018078226010324598,continuous_direct_verified,gamma_high,0.2,1.067149563640709,0.0121321920427976,6.578397005796432e-05,0.006424079328422483,1.2000000000000002
6,2419,val,0.11744924704544248,0.025,0.0,0.8201867155730724,0.27488672209002657,0.009792118745573097,0.009792118805689299,0.022544124666530937,gamma_high,0.12063901222003838,0.792,0.3311311214825911,0.0060267054495188295,-0.0037654132960542675,continuous_direct_verified,gamma_low,0.11488830343446144,0.8413647515319381,0.2290722684083555,0.0025609436109810396,0.021178035958865693,1.1999999999999997
7,29490,test,0.19895385717973113,0.025,0.0,0.7570904605090618,0.1604902733973737,0.009640463563990648,0.009640463261565022,0.019436393648219908,gamma_low,0.196170527691863,0.768,0.13182567385564073,0.005685061234946423,-0.003955402329044224,continuous_direct_verified,gamma_low,0.19636934969619915,0.768237691055466,0.13374189449781143,0.002584507483531978,0.011147230546404208,1.2
8,24785,val,0.12923249690793456,0.025,0.0,1.1951340198516847,0.9729257771192565,0.0628748709081843,0.06287487090862749,0.46985190828697876,m_low,0.12992280163878056,1.1600000000000001,1.0,0.04718282588934389,-0.015692045018840417,continuous_direct_verified,m_low,0.13002795772699297,1.1651340198516846,1.0,0.0007954608190584023,0.030000000000000027,1.0278276344583117
9,29532,test,0.11149642122909428,0.025,0.0,0.41259313076734544,0.5983452010923188,0.011672524152591676,0.011672524157772916,0.018221752604758706,a1_low,0.10587857934248895,0.448,0.5011872336272722,0.003391134137602655,-0.00828139001498902,continuous_direct_verified,m_high,0.10697158439418396,0.4425931307673454,0.5208395865787567,0.004524836834910326,0.02999999999999997,1.1488089932308598
10,43697,test,0.13396817133761946,0.025,0.0,1.198765619844198,0.11936738549098602,0.010317238862784437,0.010317238940938238,0.03078206165668698,gamma_high,0.13650900710523964,1.1840000000000002,0.15848931924611134,0.005734582413483385,-0.004582656449301052,continuous_direct_verified,gamma_high,0.13550554359769604,1.189328253368149,0.14324086258918323,0.0015373722600765805,0.00943736647604898,1.2
11,757,val,0.1782430004794151,0.025,0.0,0.8682512678205967,0.9745945954923767,0.009980564951446181,0.009980564848692915,0.028380104665518557,a1_low,0.17248838214833576,0.92,0.8709635899560806,0.0035433925704599144,-0.0064371723809862665,continuous_direct_verified,m_high,0.1747743836056107,0.8982512678205967,0.9118096785903982,0.0034686168738043976,0.030000000000000027,1.0688574802134587
12,4336,val,0.05139996488578618,0.025,0.0,0.5643781892955303,0.9911552572903989,0.01155704948671934,0.011557049505927945,0.26107530783280414,m_high,0.050121800937001096,0.6000000000000001,0.9120108393559097,0.011557034551064762,-1.4935654577691304e-08,continuous_direct_verified,m_high,0.05012180079756563,0.5999999955946766,0.912010831700503,0.0012781640882205472,0.03562180629914635,1.086780137734029
13,3213,test,0.19609295018017292,0.025,0.0,1.0445340752601622,0.07174055924461739,0.00984057884464389,0.00984057965563382,0.01722454224631593,gamma_high,0.19753603971711473,1.04,0.08709635899560805,0.0037259768695205924,-0.006114601975123298,continuous_direct_verified,gamma_low,0.19499666114831274,1.0489281343854722,0.059783799370514486,0.0010962890318601815,0.00439405912530999,1.2000000000000002
14,44918,val,0.15070472923107447,0.025,0.0,0.5454633310437202,0.19137418381576607,0.009630991462637755,0.009630991508509682,0.014016986874762992,gamma_low,0.1480483084508037,0.56,0.15848931924611134,0.0040477161563405445,-0.00558327530629721,continuous_direct_verified,gamma_low,0.148118388358948,0.558207957790983,0.1594784865131384,0.0025863408721264747,0.012744626747262733,1.2
15,14130,val,0.19903904930688443,0.025,0.0,0.7650709815323353,0.011583875229677135,0.01125335427498899,0.011253354354264113,0.0814394184948116,gamma_high,0.19997993771695677,0.76,0.02187761623949553,0.0026292501015774466,-0.008624104173411543,continuous_direct_verified,gamma_high,0.1999998749462727,0.7614607404973706,0.02182274102564419,0.000960825639388263,0.0036102410349647673,1.883889509594833
16,22631,val,0.08737952313385905,0.025,0.0,1.0956993706524372,0.2750644289434784,0.009864384172920961,0.009864384240434202,0.02021860737638949,m_high,0.0846842490384232,1.1280000000000001,0.20892961308540398,0.005915841297584892,-0.003948542875336069,continuous_direct_verified,gamma_low,0.08549713152657741,1.1173351459817518,0.22922035745289868,0.0018823916072816388,0.0216357753293146,1.2
17,30846,val,0.14294007821008564,0.025,0.0,0.6249974898993969,0.9981572503787616,0.011320842958695898,0.011320842969303942,0.02180560937122102,a1_low,0.13366423946894526,0.712,0.7943282347242817,0.0028944525246300708,-0.008426390434065827,continuous_direct_verified,m_high,0.13962343807980163,0.6549974898993969,0.9229983713927686,0.0033166401302840154,0.030000000000000027,1.0814290483227842
18,13561,test,0.16070285052992406,0.025,0.0,0.9905340872704983,0.25339850860499,0.011360572140344175,0.011360572059073816,0.027960417817598827,gamma_low,0.1566449108724697,1.016,0.19952623149688797,0.008413202799547093,-0.0029473693407970816,continuous_direct_verified,gamma_low,0.1575074842124649,1.0101161031101344,0.21116542383749173,0.0031953663174591473,0.019582015839636147,1.1999999999999997
19,16946,val,0.19973496757447723,0.025,0.0,0.48814407214522365,0.18959301395531558,0.009559692452824016,0.009559692294820132,0.01643729033766541,gamma_low,0.19540682609832735,0.504,0.1513561248436208,0.0044295590257543045,-0.0051301334270697115,continuous_direct_verified,gamma_low,0.19613994518592215,0.5004164612892331,0.15799417829609633,0.0035950223885550803,0.012272389144009466,1.2
20,14276,test,0.08863718775101007,0.025,0.0,0.6943028755486012,0.896084659554765,0.011349882532984041,0.011349882497919728,0.016075719841070566,m_high,0.08558370416706186,0.736,0.7943282347242817,0.0020584467684310976,-0.009291435764552942,continuous_direct_verified,m_low,0.0906864207097082,0.6643028755486011,0.9678998165930912,0.002049232958698133,0.030000000000000027,1.0801432724827682
21,32178,test,0.19776639603078366,0.025,0.0,0.6584050580859184,0.5975741371200262,0.01012867993018531,0.010128680265630822,0.04126714001732829,a1_low,0.18959635062403568,0.704,0.5011872336272722,0.005693044715204922,-0.004435635214980389,continuous_direct_verified,a1_low,0.19276086795879588,0.6858396499365027,0.5384535933977875,0.005005528071987786,0.027434591850584278,1.1097969155506457
22,31301,val,0.1672865103930235,0.025,0.0,1.0956350684165954,0.8582766403261513,0.0107325992385415,0.01073259968585058,0.41396489380991425,a1_low,0.16146619034814935,1.1520000000000001,0.758577575029184,0.003724841787756839,-0.007007757450784661,continuous_direct_verified,m_low,0.17048323696329254,1.0656350684165954,0.9147796637281351,0.0031967265702690373,0.030000000000000027,1.0658331134126082
23,30170,test,0.16300413124263288,0.025,0.0,0.7663770623505115,0.34367202810909486,0.012845226086399117,0.012845226072368855,0.028520648685993653,a1_low,0.15776821944023844,0.8,0.2754228703338166,0.008072894786732619,-0.004772331299666498,continuous_direct_verified,m_low,0.1678934417221704,0.7363770623505115,0.4061796610811166,0.004889310479537529,0.030000000000000027,1.1818816425530545
24,33265,test,0.1303363489918411,0.025,0.0,0.8980884350836277,0.8552453435220444,0.009677286254246579,0.009677286588113673,0.02364218275358203,m_low,0.13456893482468038,0.8480000000000001,0.9549925860214359,0.0030434597536825388,-0.0066338265005640405,continuous_direct_verified,m_low,0.13299891025870125,0.8680884350836277,0.9168862792113703,0.002662561266860153,0.030000000000000027,1.0720739798891838
25,37332,test,0.10543462564237417,0.025,0.0,0.5842566400766372,0.279734510201947,0.009747983060386097,0.009747983025038423,0.015513769722374775,m_high,0.10160417193767315,0.616,0.20892961308540398,0.004240249700666397,-0.0055077333597197,continuous_direct_verified,gamma_low,0.10288609926232935,0.6041705346646172,0.23311209183495588,0.0025485263800448243,0.019913894587979986,1.1999999999999997
26,27085,val,0.19998258464038376,0.025,0.0,0.9536352351307869,0.31737768381926373,0.01717579269420842,0.017175792656517638,0.03879987454376943,a1_low,0.193803992887307,0.984,0.25118864315095807,0.010804152133494066,-0.006371640560714353,continuous_direct_verified,gamma_low,0.1950564501668722,0.9793185740650301,0.2644814031827198,0.004926134473511562,0.02568333893424324,1.2
27,46357,val,0.17286289529874924,0.025,0.0,1.1807026647031307,0.15743189906526558,0.011923441056425545,0.011923441569565195,0.04281982376826565,gamma_high,0.17564671789993072,1.1680000000000001,0.19054607179632474,0.007311192812546269,-0.0046122482438792755,continuous_direct_verified,gamma_low,0.17070686876351096,1.1913299907173085,0.13119324922105466,0.0021560265352382757,0.010627326014177818,1.2
28,5521,test,0.12589838774874806,0.025,0.0,1.0766622334718705,0.3604793182414542,0.011363476645986428,0.011363476772200374,0.03276644534422679,m_high,0.12171538752228397,1.112,0.28840315031266056,0.007653868623344541,-0.003709608022641887,continuous_direct_verified,m_low,0.12924856269141966,1.0466622334718705,0.4179111720728742,0.003350174942671591,0.030000000000000027,1.1593208012919936
29,25334,val,0.1488973865285516,0.025,0.0,0.40686503499746324,0.45742758733460326,0.010234809035050089,0.010234809026568934,0.01995282292535607,a1_low,0.14361369887753508,0.43200000000000005,0.3981071705534973,0.00377149670334618,-0.006463312331703909,continuous_direct_verified,a1_low,0.14389142726592802,0.42926910423771014,0.40087178206639823,0.005005959262623594,0.022404069240246904,1.1410820312087655
30,28338,val,0.19837884395383298,0.025,0.0,0.5760747857391835,0.021464547527168695,0.011776256476811726,0.011776256130835812,0.030543242502575136,gamma_low,0.19794571904106176,0.5760000000000001,0.017378008287493755,0.0007564995326388034,-0.011019756944172922,continuous_direct_verified,gamma_low,0.19799650111895967,0.577398513904572,0.01763193047297882,0.0003823428348733171,0.0013237281653885047,1.2173679768113546
31,7099,test,0.08868919522501528,0.025,0.0,1.1803969994187353,0.9935906294043464,0.07303219053418349,0.07303219053216088,0.37016847572720396,m_low,0.08840768636958046,1.1440000000000001,1.0,0.05876004718343684,-0.014272143350746648,continuous_direct_verified,m_low,0.08849625998866453,1.1503969994187353,1.0,0.00019293523635074972,0.030000000000000027,1.0064507156226865
32,41072,test,0.050311748543754226,0.025,0.0,0.41519373878836635,0.5126851319432719,0.07108334617301768,0.07108334616941321,0.4065490951850013,gamma_high,0.053277748084918565,0.4,0.6309573444801934,0.056969069057921595,-0.01411427711509608,continuous_direct_verified,gamma_high,0.05292147333189064,0.4,0.6152221583319263,0.002609724788136411,0.015193738788366329,1.2
33,7466,test,0.1750008536502719,0.025,0.0,0.5312436372041702,0.39003860944780394,0.010313580697439628,0.010313580812734018,0.023993648480177026,a1_high,0.18127531837360233,0.504,0.4570881896148752,0.00504023035904401,-0.0052733503383956175,continuous_direct_verified,a1_high,0.18001127468698358,0.5084392117711639,0.44358652558212613,0.005010421036711676,0.022804425433006315,1.1372887576697408
34,20429,test,0.19950493141077463,0.025,0.0,1.1916985623538494,0.0401447901758618,0.009640997200359474,0.009640998027608774,0.009640997200360492,gamma_low,0.19713023722921608,1.2,0.014454397707459272,0.0024608313199861254,-0.0071801658803733485,continuous_direct_verified,gamma_low,0.19888116534681324,1.1938740201480353,0.03345399181321816,0.0006237660639613896,0.002175457794185931,1.2000000000000002
35,39885,val,0.19960220255889,0.025,0.0,1.0596159242093561,0.7539872956192915,0.01131525904631931,0.011315259098554823,0.3252747264232559,a1_low,0.19263312235313113,1.112,0.6606934480075961,0.005434703565666624,-0.005880555480652687,continuous_direct_verified,m_high,0.19551628819462974,1.0896159242093562,0.6990925630845257,0.004085914364260257,0.030000000000000027,1.0785228386532393
36,40521,test,0.15238823350518943,0.025,0.0,1.1876470357179643,0.3474331494868599,0.01193288614044708,0.011932886134498293,0.04438059471772636,m_low,0.15736030240997267,1.1520000000000001,0.41686938347033553,0.00969317733451957,-0.0022397088059275087,continuous_direct_verified,m_low,0.156482099636471,1.1576470357179642,0.4047648754511385,0.0040938661312815705,0.030000000000000027,1.165015128950575
37,28837,val,0.1640404112171382,0.025,0.0,0.8541928187012673,0.13771491699590205,0.009911296264761804,0.009911296272296675,0.01906366048737464,gamma_low,0.16077156298725384,0.8720000000000001,0.09549925860214359,0.004884045835198758,-0.005027250429563046,continuous_direct_verified,gamma_low,0.16224648542620276,0.8636475555355994,0.1147624308299184,0.00179392579093543,0.009454736834332067,1.1999999999999997
38,30443,test,0.10343100698664785,0.025,0.0,0.9348811373114586,0.5060742687582315,0.010247887736004126,0.010247887886306315,0.022969748379343118,m_high,0.09859098825038534,0.992,0.3981071705534973,0.0045156816846171404,-0.005732206051386986,continuous_direct_verified,m_low,0.10597670573455831,0.9048811373114586,0.5632553002266568,0.002545698747910455,0.030000000000000027,1.1129894068883053
39,46,val,0.1287775980308652,0.025,0.0,0.6827348247170448,0.4370706439266052,0.011232316756734317,0.01123231654856086,0.02545791886978588,a1_high,0.13560151163885675,0.632,0.5495408738576245,0.0054018487404834,-0.0058304680162509165,continuous_direct_verified,m_low,0.13267333516445545,0.6527348247170448,0.5013446081752096,0.00389573713359026,0.030000000000000027,1.147056237113462
40,41585,val,0.13142961305566134,0.025,0.0,0.9642108336091041,0.18080510505227038,0.010893029084545352,0.010893029273007412,0.021248967439993008,gamma_low,0.1287939823853441,0.984,0.13803842646028852,0.005662916777618829,-0.005230112306926523,continuous_direct_verified,gamma_low,0.12955473494827527,0.9772321033348165,0.150670920876892,0.0018748781073860687,0.013021269725712381,1.2
41,45738,val,0.1759555953089148,0.025,0.0,0.6489407084882259,0.19164320674900678,0.009659234535539104,0.009659234670838696,0.016684911287380057,a1_high,0.18142211622841817,0.624,0.25118864315095807,0.005253990706191004,-0.004405243829348099,continuous_direct_verified,gamma_low,0.1731210369471876,0.6622364769232854,0.159702672290839,0.0028345583617271908,0.013295768435059419,1.1999999999999997
42,461,test,0.19992232490330936,0.025,0.0,1.1086854778230189,0.1727102421004099,0.013628204035856548,0.013628204229628854,0.027153376787815,gamma_low,0.19550822297102682,1.1280000000000001,0.12589254117941676,0.008240398347306783,-0.005387805688549765,continuous_direct_verified,gamma_low,0.19719641911533767,1.1208096281720312,0.1439252017503416,0.0027259057879716886,0.012124150349012375,1.1999999999999997
43,27164,test,0.11448365678079428,0.025,0.0,0.5811280108988285,0.8932041389887542,0.009745560125355006,0.009745560028198642,0.01776270940636223,a1_low,0.10502763065409415,0.68,0.6606934480075961,0.002513825153772298,-0.0072317349715827085,continuous_direct_verified,m_low,0.11751017692251255,0.5511280108988285,0.9727692561550317,0.003026520141718267,0.030000000000000027,1.0890783122169112
44,22595,test,0.1077727692667395,0.025,0.0,1.199433045834303,0.20454108483564548,0.011703777567982267,0.011703777380575276,0.032035301411483245,gamma_high,0.11018393176768439,1.1760000000000002,0.25118864315095807,0.007052052454462318,-0.004651725113519949,continuous_direct_verified,gamma_high,0.10990377869448138,1.1808302079471122,0.24544930180277455,0.0021310094277418867,0.01860283788719075,1.2
45,7402,test,0.17269719177857043,0.025,0.0,0.6268518790602684,0.9690273352179455,0.016507590311905965,0.01650759007566617,0.023162908497416767,a1_low,0.16726984353873386,0.664,0.8709635899560806,0.003463039115408878,-0.013044551196497087,continuous_direct_verified,m_high,0.16864190572877244,0.6568518790602684,0.8949086861192307,0.00405528604979799,0.030000000000000027,1.082822583184582
46,16461,val,0.19797059162519876,0.025,0.0,0.8117275469005107,0.476773546428539,0.01358955408877996,0.013589554287051534,0.04432702394448818,a1_low,0.19267472860565588,0.8400000000000001,0.41686938347033553,0.007814860038281952,-0.005774694050498007,continuous_direct_verified,a1_low,0.19296707857069262,0.8401868748262518,0.4199134704862104,0.005003513054506137,0.028459327925741018,1.1354090305235773
47,21261,val,0.1970047235488892,0.025,0.0,0.9225485607981682,0.12715426962294923,0.009542263883620805,0.009542263776186721,0.0204055095293643,gamma_low,0.19407674754851253,0.936,0.09549925860214359,0.005530146774999754,-0.004012117108621051,continuous_direct_verified,gamma_low,0.19503001138997547,0.9311622346457359,0.1059618913524577,0.001974712158913733,0.008613673847567727,1.2
48,23257,val,0.15523786880075935,0.025,0.0,0.9099085681140423,0.5539705817874919,0.01137679136288401,0.011376791463596077,0.027196306592992235,a1_high,0.1621336521751694,0.8560000000000001,0.6606934480075961,0.005640776660070636,-0.005736014702813374,continuous_direct_verified,m_low,0.15898003460445426,0.8799085681140423,0.6116664993294092,0.003742165803694908,0.030000000000000027,1.10414978599721
49,6147,test,0.10975765101611615,0.025,0.0,1.1992002435028553,0.5103748008539905,0.011928683751112546,0.011928683748078973,0.024792935140890596,m_low,0.11282720237619635,1.1600000000000001,0.5754399373371569,0.0051701453728021625,-0.006758538378310384,continuous_direct_verified,m_low,0.11233334780831178,1.1692002435028552,0.564267601203698,0.002575696792195631,0.030000000000000027,1.1055945557255782
50,28606,test,0.14045801884494724,0.025,0.0,0.6843044556677341,0.16551378315764587,0.00965253575523807,0.009652535926134196,0.014378387202215567,gamma_low,0.13733339086907104,0.704,0.12022644346174131,0.0041886690443047716,-0.005463866710933299,continuous_direct_verified,gamma_low,0.1385339282763646,0.6956773184001166,0.13792815263137156,0.0019240905685826426,0.011372862732382472,1.2
51,38711,test,0.07244759486056865,0.025,0.0,1.1807489410042762,0.47414265523701987,0.009545392485879725,0.00954539256280878,0.019184878617707932,m_low,0.0748387888615351,1.1360000000000001,0.5495408738576245,0.006572110553894963,-0.0029732819319847623,continuous_direct_verified,gamma_high,0.07548219509407364,1.1284631337200408,0.5689711862844238,0.0030346002335049915,0.052285807284235375,1.2
52,31109,val,0.16991427587345243,0.025,0.0,1.0591006889939307,0.0952014347897928,0.00986791209750062,0.009867912235322084,0.016241519122777232,gamma_low,0.16714147460586176,1.072,0.06025595860743578,0.00439235541121984,-0.00547555668628078,continuous_direct_verified,gamma_low,0.1686479313745351,1.0651421513614856,0.07933452899149399,0.0012663444989173267,0.006041462367554873,1.2000000000000002
53,32053,test,0.18009608853608372,0.025,0.0,1.08511471003294,0.3346340630668068,0.014882952201167445,0.014882952386059833,0.040070282151814456,a1_low,0.17411901194110282,1.12,0.26302679918953814,0.010661792698564406,-0.004221159502603039,continuous_direct_verified,m_low,0.18499213159354433,1.0551147100329399,0.39274144719377596,0.004896043057460608,0.030000000000000027,1.1736445584601725
54,3137,val,0.14037275267764926,0.025,0.0,1.0423190161585807,0.7245899195842062,0.009468402405027613,0.009468402343495082,0.09460757948100944,a1_high,0.1458769234571267,0.984,0.8317637711026709,0.004013936128109639,-0.005454466276917974,continuous_direct_verified,m_low,0.14329004481927854,1.0123190161585807,0.7805067646796793,0.0029172921416292796,0.030000000000000027,1.077170332603523
55,16011,test,0.09920929856598379,0.025,0.0,0.9706468649208545,0.2101945673203856,0.009449979091089609,0.00944997895422573,0.016294614057532002,gamma_low,0.09715291065645765,0.992,0.16595869074375605,0.005083299862389549,-0.00436667922870006,continuous_direct_verified,gamma_low,0.09756557792396656,0.9862471502442741,0.1751621394336547,0.0016437206420172323,0.015600285323419616,1.2
56,21454,val,0.13284747623838486,0.025,0.0,0.5255235351622105,0.4228534426706927,0.009509288986053618,0.009509288896320982,0.02124325191705419,a1_high,0.1418164685610188,0.47200000000000003,0.5495408738576245,0.005038087618334817,-0.004471201367718802,continuous_direct_verified,m_low,0.13783370014540977,0.4955235351622105,0.4938719108924822,0.0049862239070249115,0.030000000000000027,1.167950549895598
57,5645,val,0.19714704030193392,0.025,0.0,1.1992485232651233,0.9565242140284331,0.03397504420473324,0.033975044240950936,0.6382325536276692,m_low,0.19965167764040997,1.1680000000000001,1.0,0.02866878402170702,-0.005306260183026219,continuous_direct_verified,m_low,0.19969106173996873,1.1692485232651233,1.0,0.0025440214380348103,0.030000000000000027,1.0454518404593933
58,20642,test,0.18264639908447866,0.025,0.0,0.4009287863969803,0.2928844902290552,0.011180383628320698,0.0111803838777109,0.019084286700068422,a1_low,0.17093548320508786,0.44,0.19054607179632474,0.0041484683906550255,-0.007031915237665672,continuous_direct_verified,a1_low,0.1775448710588644,0.4175941820924016,0.25008867350674524,0.005101528025614255,0.016665395695421303,1.1711225707355184
59,45174,test,0.14995355885475875,0.025,0.0,0.7769462116062641,0.7336789305430176,0.010079349200731128,0.010079349470728888,0.03344893431121208,a1_high,0.15954574175908545,0.696,0.9120108393559097,0.003973868442788412,-0.0061054807579427155,continuous_direct_verified,m_low,0.1534701376925887,0.7469462116062641,0.7974229994431156,0.0035165788378299367,0.030000000000000027,1.0868827851617862
60,36966,train,0.15616263160482052,0.025,0.0,0.6280685409903526,0.4815256915721663,0.014256577481608464,0.01425657754091457,0.02765700573208365,a1_high,0.16502319339150998,0.5760000000000001,0.6025595860743578,0.005616888440029462,-0.008639689041579003,continuous_direct_verified,m_low,0.16104005926196557,0.5980685409903526,0.5480861538913706,0.00487742765714505,0.030000000000000027,1.138228267949497
61,44328,train,0.07671453231014312,0.025,0.0,0.41859739124774936,0.6047092440469815,0.009669351352020135,0.00966935117979383,0.0132405914701955,a1_low,0.07013221597525945,0.488,0.4365158322401661,0.002489167590838773,-0.0071801837611813624,continuous_direct_verified,m_high,0.07363995463964797,0.44878358982421296,0.5269900995722908,0.0030745776704951544,0.030186198576463596,1.1474774280157598
62,24233,train,0.14646276747807863,0.025,0.0,0.868621689081192,0.2647438421209074,0.012711147598042523,0.012711147667576611,0.02374439358540436,gamma_low,0.1432537555835707,0.888,0.2187761623949553,0.007292333176938584,-0.005418814421103938,continuous_direct_verified,gamma_low,0.14340200366759154,0.8890429307195242,0.22061986843408954,0.0030607638104870882,0.020421241638332255,1.1999999999999997
63,43676,train,0.11383146829903126,0.025,0.0,0.7744211465120315,0.6536848440500737,0.010250352072675741,0.010250352000649115,0.02703588298415497,a1_low,0.1079282498065644,0.8400000000000001,0.5248074602497725,0.0035910037714372138,-0.006659348301238528,continuous_direct_verified,m_low,0.1166269428053085,0.7444211465120315,0.7161728630126283,0.0027954745062772346,0.030000000000000027,1.0955934951396362
64,20685,train,0.19908277923241258,0.025,0.0,0.9352145224809646,0.011469875614945108,0.011627096853341914,0.011627096729850676,0.09081927803187397,gamma_high,0.19932446846358037,0.936,0.013803842646028852,0.0007210235222203156,-0.0109060733311216,continuous_direct_verified,gamma_high,0.19929709390026995,0.9344169027015907,0.013803471497195024,0.00021431466785737374,0.0007976197793738704,1.2034543320774351
65,32989,train,0.18228177861310546,0.025,0.0,0.8625200107693671,0.24317378602671239,0.014809753524420948,0.014809753489680673,0.028930752916013085,gamma_low,0.17775845950629726,0.888,0.19054607179632474,0.008045388862976236,-0.006764364661444712,continuous_direct_verified,gamma_low,0.1787698747925176,0.8809546318398387,0.202644821688927,0.0035119038205878583,0.018434621070471557,1.2
66,24502,train,0.15213802419602873,0.025,0.0,0.4957867324352265,0.9317837897484909,0.00960660192832532,0.009606601696042221,0.02167094691919007,a1_low,0.14283342739958832,0.56,0.758577575029184,0.003179906924361053,-0.006426695003964268,continuous_direct_verified,m_high,0.14778013890212877,0.5257867324352264,0.8491995079898439,0.004357885293899966,0.02999999999999997,1.0972495638323363
67,41522,train,0.19972044844180348,0.025,0.0,0.6328756242990494,0.27557615643296907,0.014510121217750757,0.014510120677836622,0.025833219446799838,a1_low,0.19400178081660852,0.656,0.2187761623949553,0.007193170020330952,-0.007316951197419806,continuous_direct_verified,gamma_low,0.1950944008827942,0.6529027277180777,0.22964679702747423,0.0046260475590092776,0.020027103419028247,1.2
68,9485,train,0.19657086073420943,0.025,0.0,1.1895667709410191,0.09207487538743613,0.009909215098401368,0.009909215345313091,0.04131319198374959,gamma_low,0.19389412289990834,1.2,0.06309573444801933,0.005180670836027773,-0.0047285442623735945,continuous_direct_verified,gamma_low,0.19514584240072763,1.1951188292628825,0.07672906282286342,0.0014250183334817978,0.00555205832186334,1.2000000000000004
69,41525,train,0.18083150163292888,0.025,0.0,0.9566159255802631,0.5408655083439835,0.012363271186001478,0.012363271140606905,0.04737609220866694,a1_low,0.17436138383881059,1.0,0.4570881896148752,0.006572339161211847,-0.005790932024789632,continuous_direct_verified,m_low,0.18514885390202876,0.9266159255802631,0.5975760438117714,0.004317352269099878,0.030000000000000027,1.1048514549234683
70,25454,train,0.12503399839624763,0.025,0.0,0.40290319770574573,0.3094802149262692,0.010148729179029835,0.01014872909424892,0.012658871635034,gamma_low,0.1203832074132244,0.42400000000000004,0.25118864315095807,0.0037404026125782124,-0.006408326566451622,continuous_direct_verified,gamma_low,0.12088153769513749,0.4230836669598309,0.2579001791052244,0.004152460701110139,0.020180469254085176,1.1999999999999997
71,4658,train,0.19975611791014675,0.025,0.0,0.4369705058634281,0.4940674417521622,0.0150463099897643,0.015046310067296493,0.029635083190620228,a1_low,0.1823439498133926,0.504,0.3311311214825911,0.003737692965922671,-0.01130861702384163,continuous_direct_verified,a1_low,0.19473040132542913,0.4552865445108215,0.44843219233284365,0.005025716584717621,0.018316038647393396,1.101766220622819
72,11399,train,0.08144485405646265,0.025,0.0,0.9963114932179451,0.47113560629558465,0.009617938707635172,0.009617938719885736,0.020154893994872625,m_low,0.08612608137588734,0.928,0.6025595860743578,0.004062028435760506,-0.005555910271874666,continuous_direct_verified,m_low,0.08345733591617824,0.9663114932179451,0.5274325205587551,0.002012481859715587,0.030000000000000027,1.119491954144197
73,14313,train,0.14510265868157152,0.025,0.0,1.0700103327631951,0.15516640350178154,0.01036366631442453,0.010363666414205002,0.020607765961812536,gamma_high,0.14758630746626047,1.056,0.19054607179632474,0.0059057800573768734,-0.004457886257047657,continuous_direct_verified,gamma_low,0.14332828020180596,1.0807192549655926,0.12930533625148463,0.0017743784797655537,0.010708922202397497,1.2
74,15637,train,0.17275392608717086,0.025,0.0,1.1892157889902593,0.5304063351050138,0.01695479714101807,0.016954797366396324,0.031687292479896115,a1_high,0.17816393332179734,1.1520000000000001,0.6025595860743578,0.007026291708359062,-0.009928505432659007,continuous_direct_verified,m_low,0.17674205855613437,1.1592157889902592,0.584098605502129,0.003988132468963512,0.030000000000000027,1.1012285616582707
75,20914,train,0.19794151312671604,0.025,0.0,0.42432259395718575,0.023427824233778313,0.011855563658585646,0.011855563999667931,0.027324584509513892,gamma_high,0.1985923694261828,0.42400000000000004,0.028840315031266057,0.0005780728874213285,-0.011277490771164318,continuous_direct_verified,gamma_low,0.1974905665600768,0.42559258854196524,0.019523186861481925,0.00045094656663924315,0.0012699945847794991,1.2000000000000002
76,6754,train,0.18560681617818775,0.025,0.0,0.725599167495966,0.3303423410482881,0.015154679212201467,0.01515467919641592,0.032708922321312284,a1_low,0.17761628514407074,0.768,0.2398832919019491,0.007756835419681688,-0.007397843792519779,continuous_direct_verified,a1_high,0.19065145455516255,0.6994726394885257,0.3860221058261412,0.005044638376974803,0.02612652800744031,1.1685517048803444
77,8754,train,0.1997247360646725,0.025,0.0,0.586811637878418,0.010688684049485688,0.014452798348020228,0.014452798729491822,0.3510705744021932,gamma_high,0.2,0.5840000000000001,0.013803842646028852,0.004079223108263042,-0.010373575239757186,continuous_direct_verified,gamma_high,0.19997646792904103,0.5854058314285879,0.013306160053234945,0.00025173186436852624,0.001405806449830016,1.2448829052885328
78,39005,train,0.18302872087806465,0.025,0.0,1.0268652521073818,0.17240760326148968,0.012674511324602566,0.012674511194328872,0.024311498166622227,gamma_low,0.1800365289814462,1.04,0.13803842646028852,0.007297082728582256,-0.00537742859602031,continuous_direct_verified,gamma_low,0.18054189638980273,1.0391085526835022,0.1436730027179081,0.0024868244882619295,0.012243300576120442,1.2
79,25329,train,0.1296968519687653,0.025,0.0,1.1833337746560573,0.2416026048435969,0.01336435529912392,0.013364355360568484,0.040795748259395095,gamma_low,0.12708314499610485,1.2,0.19952623149688797,0.008843056811206519,-0.004521298487917401,continuous_direct_verified,gamma_high,0.13271304503869488,1.160303188547687,0.2899231258123163,0.0030161930699295902,0.023030586108370166,1.2
80,15907,train,0.11247765626758338,0.025,0.0,1.0812585346400736,0.2042029289385845,0.009479870043060876,0.009479870051538296,0.02122419485739682,gamma_low,0.1096767857443506,1.104,0.1513561248436208,0.005985216509037008,-0.003494653534023868,continuous_direct_verified,gamma_low,0.11066686780911597,1.0962287733424256,0.1701691074488204,0.0018107884584674105,0.014970238702352034,1.2
81,28834,train,0.18267363957129423,0.025,0.0,0.7306598715484143,0.8098249128521431,0.013685759456600593,0.013685759778870103,0.03150602022438391,a1_low,0.17277837102362106,0.8,0.6606934480075961,0.004126002213050289,-0.009559757243550304,continuous_direct_verified,m_low,0.18694268366942635,0.7006598715484142,0.8772977520874957,0.004269044098132113,0.030000000000000027,1.0833178112509756
82,21937,train,0.13323826137930156,0.025,0.0,1.1975615493953229,0.49459733294656766,0.009564723464780583,0.009564723457199933,0.027942385381026835,m_low,0.137946639649647,1.1520000000000001,0.5754399373371569,0.0062435272995767736,-0.003321196165203809,continuous_direct_verified,m_low,0.13640110330471444,1.1675615493953229,0.5486604086134057,0.0031628419254128848,0.030000000000000027,1.109307252719615
83,26190,train,0.1333767576608807,0.025,0.0,0.7989334061741828,0.4335400665199903,0.011263675025792761,0.011263675083119696,0.029240072271472184,m_high,0.12909102846846832,0.8320000000000001,0.3630780547701014,0.005964729105236596,-0.005298945920556165,continuous_direct_verified,m_low,0.13706282021323968,0.7689334061741828,0.4941781836137681,0.003686062552358982,0.030000000000000027,1.1398673889140574
84,17045,train,0.17317567593418065,0.025,0.0,1.1889666736125946,0.07998840814008097,0.01028315757564554,0.010283157903738842,0.021102759052966373,gamma_low,0.1705694762249667,1.2,0.04786300923226385,0.004202428230826588,-0.006080729344818951,continuous_direct_verified,gamma_low,0.1720874155269689,1.1936815907757985,0.0666570067834008,0.001088260407211744,0.0047149171632039355,1.2000000000000004
85,36786,train,0.1980093772057444,0.025,0.0,0.5516965024173259,0.4460224769426888,0.01588851839061671,0.01588851817826667,0.030486046380526433,a1_low,0.18533579494186112,0.6080000000000001,0.31622776601683794,0.005399721855442709,-0.010488796535174,continuous_direct_verified,a1_low,0.19300547458529424,0.5737959130116784,0.395473824425693,0.005003902620450168,0.022099410594352498,1.127817947472004
86,18033,train,0.13122196118347348,0.025,0.0,0.9339284799993038,0.35617098491665017,0.009863676745693415,0.00986367686907442,0.029850562783191235,m_high,0.1271311276917056,0.9680000000000001,0.28840315031266056,0.007391803899420325,-0.0024718728462730898,continuous_direct_verified,m_low,0.13482409834924314,0.9039284799993038,0.41520252472460417,0.0036021371657696533,0.030000000000000027,1.1657393283222337
87,2341,train,0.16354699414223434,0.025,0.0,0.9636513359844684,0.9374784823106427,0.010068382937552823,0.010068383216228764,0.02310609699934817,a1_low,0.15787988297991265,1.016,0.8317637711026709,0.00325198345670012,-0.006816399480852702,continuous_direct_verified,m_low,0.16666555074873976,0.9336513359844684,0.998689499018685,0.0031185566065054238,0.030000000000000027,1.0652932497791021
88,46457,train,0.1623525982256979,0.025,0.0,1.1087631367146968,0.23372344319592506,0.00987523600273535,0.009875236050588638,0.02874256636684213,gamma_low,0.15903895231940002,1.1280000000000001,0.19054607179632474,0.008780885134654862,-0.0010943508680804868,continuous_direct_verified,gamma_low,0.15936351536538376,1.1263848603899804,0.19476953599660424,0.0029890828603141295,0.017621723675283585,1.2
89,32490,train,0.1729419349692762,0.025,0.0,0.40781012549996376,0.5757822349309694,0.011972628289754081,0.011972628284285917,0.025865099340887203,a1_low,0.1601057453644041,0.464,0.4365158322401661,0.0033196054981406682,-0.008653022791613414,continuous_direct_verified,a1_low,0.1679137177060451,0.4285277506672362,0.521993294884692,0.005028217263231105,0.020717625167272435,1.103045270070297
90,35594,train,0.17779268231242895,0.025,0.0,0.6408206902444362,0.47032900020610885,0.013520463434882191,0.013520463318722111,0.0310691035220553,a1_high,0.18656868683119102,0.5920000000000001,0.5754399373371569,0.006339994897680372,-0.007180468537201819,continuous_direct_verified,m_low,0.18329554508052925,0.6108206902444362,0.5362242400147801,0.005502862768100303,0.030000000000000027,1.140104564634106
91,35641,train,0.15792520795948806,0.025,0.0,1.0410327702760696,0.5067938322172064,0.011058468751029572,0.011058468720358431,0.030842166476131836,m_high,0.15312418772427552,1.08,0.4365158322401661,0.006543356312104518,-0.004515112438925054,continuous_direct_verified,m_low,0.1616935951323756,1.0110327702760695,0.5622131538055076,0.0037683871728875495,0.030000000000000027,1.1093527941053336
92,15370,train,0.17858112547546628,0.025,0.0,0.7745992161333561,0.15042412649708536,0.009465597136480701,0.009465596856965457,0.018120938874101294,gamma_low,0.17509073729112484,0.792,0.1096478196143185,0.005120442514434633,-0.004345154622046068,continuous_direct_verified,gamma_low,0.17641707911062665,0.7849846048008348,0.12535343874757116,0.0021640463648396335,0.010385388667478623,1.1999999999999997
93,27677,train,0.18363695214502518,0.025,0.0,1.0039082184433936,0.9678115282828073,0.011440209916647555,0.011440210052521205,0.02437722697510176,a1_low,0.17801257935972656,1.056,0.8709635899560806,0.0036458437627163733,-0.007794366153931181,continuous_direct_verified,m_high,0.18023387779379382,1.0339082184433936,0.9091363657626573,0.0034030743512313555,0.030000000000000027,1.0645394516486297
94,2953,train,0.1501895355526358,0.025,0.0,1.1916066244244576,0.18468388566261065,0.0137199783969212,0.013719978324343896,0.039900306096637826,gamma_high,0.15422589946765256,1.1680000000000001,0.2398832919019491,0.008487170982069036,-0.005232807414852164,continuous_direct_verified,gamma_high,0.1528703589514405,1.175250551385229,0.22162066279513276,0.0026808233988046826,0.016356073039228702,1.2
95,6955,train,0.10583345433697106,0.025,0.0,1.0540200434625149,0.39418229548308364,0.009549258069638907,0.009549257940263983,0.027901307058008397,m_high,0.1028101283282592,1.088,0.3311311214825911,0.006104941673486589,-0.0034443163961523178,continuous_direct_verified,m_low,0.10858136124403804,1.0240200434625149,0.45104148945589884,0.0027479069070669854,0.030000000000000027,1.1442459355084234
96,18695,train,0.08199868774972857,0.025,0.0,1.1959468029439448,0.22378328531605782,0.010679228200263683,0.010679228143605297,0.026753364327724575,m_low,0.08511831641759317,1.1600000000000001,0.3019951720402016,0.005926472045776679,-0.004752756154487004,continuous_direct_verified,gamma_high,0.083770050651159,1.175087635495388,0.26853994237926937,0.0017713629014304288,0.02085916744855676,1.2
97,22025,train,0.14958259691484274,0.025,0.0,1.178861680626869,0.9628580929999285,0.05255391958614002,0.0525539195968492,0.5174854760888538,m_low,0.15099792260767897,1.1440000000000001,1.0,0.035590192557056394,-0.01696372702908363,continuous_direct_verified,m_low,0.1511128274147371,1.148861680626869,1.0,0.0015302304998943694,0.030000000000000027,1.0385746427953368
98,41650,train,0.19853259306401017,0.025,0.0,0.5861560828983784,0.9571029391278404,0.01864276809725382,0.018642768171025167,0.026780388296959202,a1_low,0.17851621073445503,0.712,0.6606934480075961,0.003873846628314054,-0.014768921468939766,continuous_direct_verified,m_high,0.19361398434899685,0.6161560828983784,0.8806608678425657,0.004918608715013317,0.030000000000000027,1.0868008038923562
99,42898,train,0.19251992269419138,0.025,0.0,0.6150956906378269,0.14034340187930514,0.009470231168447949,0.009470231025364944,0.016022418298887772,gamma_low,0.1881450637704977,0.632,0.09549925860214359,0.004172784220122315,-0.005297446948325634,continuous_direct_verified,gamma_low,0.19021865645211408,0.6243288864511848,0.11695283489942097,0.002301266242077299,0.009233195813357908,1.1999999999999997
100,28028,train,0.11069805948063732,0.025,0.0,0.7178647689521312,0.2906286891882487,0.010276414556220106,0.010276414574499872,0.01895830700705642,gamma_low,0.10738622339779703,0.744,0.22908676527677735,0.005341093563287122,-0.004935320992932984,continuous_direct_verified,gamma_low,0.10809282012296526,0.7398268201846558,0.24219057432354063,0.002605239357672068,0.021962051232524593,1.1999999999999997
101,3198,train,0.14310487830080093,0.025,0.0,0.7546209424734116,0.26887598301851706,0.010120204942386775,0.010120204843387083,0.022493725795094323,gamma_low,0.1396343494193205,0.776,0.2187761623949553,0.006469208147965764,-0.003650996794421011,continuous_direct_verified,gamma_low,0.1400079241265344,0.7749053755683855,0.22406331918209757,0.0030969541742665307,0.020284433094973853,1.2
102,32462,train,0.13232468869537117,0.025,0.0,0.5099846564233304,0.9761814701420224,0.009699027909092947,0.009699028168391848,0.02014973903373568,a1_low,0.12255917461221867,0.5920000000000001,0.758577575029184,0.0027354248933552116,-0.006963603015737736,continuous_direct_verified,m_high,0.12870348184660427,0.5399846564233304,0.8930667541008704,0.003621206848766906,0.030000000000000027,1.0930666332158236
103,1485,train,0.19981852816417817,0.025,0.0,0.9316546596586704,0.6018782923287047,0.014021549281507135,0.014021549218021056,0.04938324200127306,a1_low,0.1915132665875984,0.984,0.5011872336272722,0.006898643567214073,-0.007122905714293062,continuous_direct_verified,m_high,0.19517697303257844,0.9616546596586705,0.5452345930108672,0.004641555131599723,0.030000000000000027,1.1038886747905017
104,29621,train,0.17890890063717962,0.025,0.0,1.1868261210620403,0.2840725176062412,0.023600236477059167,0.02360023636249116,0.2117168886807363,a1_high,0.1871079651321071,1.1360000000000001,0.38018939632056126,0.012115385588800745,-0.011484850888258421,continuous_direct_verified,gamma_high,0.18376475179025628,1.1585477993007087,0.3408870211274894,0.004855851153076657,0.028278321761331604,1.2
105,11444,train,0.101274545583874,0.025,0.0,0.5964930571615696,0.5053409128642466,0.01030363348543604,0.010303633515090022,0.018557705716611066,a1_high,0.10723848646969379,0.544,0.6309573444801934,0.003776704601190913,-0.006526928884245126,continuous_direct_verified,m_low,0.10452130325576449,0.5664930571615696,0.5735714686594356,0.0032467576718904906,0.030000000000000027,1.1350188636191392
106,29645,train,0.19968450055457654,0.025,0.0,1.155459813773632,0.01484333213328578,0.016777274985895072,0.016777274848019375,0.41305109532170087,gamma_high,0.19995449986524633,1.1520000000000001,0.018197008586099836,0.0012408261377336869,-0.015536448848161386,continuous_direct_verified,gamma_high,0.19999538063035044,1.1544016519495046,0.018199012822502723,0.00031088007577390053,0.0010581618241274349,1.2260732737827726
107,12230,train,0.1584415561053902,0.025,0.0,0.49684250652790074,0.5254156294224044,0.010277258005773796,0.01027725784058179,0.025955781242269854,a1_high,0.1717450760516548,0.43200000000000005,0.6918309709189366,0.004171250984115358,-0.006106007021658437,continuous_direct_verified,a1_high,0.16348912983654074,0.47113103997645744,0.5886607002380373,0.005047573731150529,0.025711466551443296,1.1203715064303643
108,5197,train,0.19823924531228843,0.025,0.0,1.0899200968444347,0.4233067093835075,0.014000185569531412,0.014000185658699269,0.048596435460351625,a1_low,0.1928233692176882,1.12,0.3630780547701014,0.01036710447374528,-0.0036330810957861323,continuous_direct_verified,a1_low,0.19323385061191375,1.1192027176662986,0.3673856429747286,0.005005394700374671,0.029282620821863947,1.1522135322327378
109,10650,train,0.16713252672925594,0.025,0.0,0.4507006980478764,0.23170899293262304,0.010028448539817414,0.010028448802983564,0.014108119688646123,a1_high,0.17462894002288326,0.42400000000000004,0.3019951720402016,0.0042383750245625915,-0.005790073515254822,continuous_direct_verified,gamma_low,0.1632656536821857,0.4657525734844763,0.19309082744385256,0.0038668730470702295,0.015051875436599915,1.1999999999999997
110,29146,train,0.1629094540141523,0.025,0.0,0.5933013014495373,0.2789473831540307,0.010353941146035548,0.010353940937223,0.021532098926281724,a1_low,0.15708234137858176,0.624,0.20892961308540398,0.005960742771769712,-0.004393198374265836,continuous_direct_verified,gamma_low,0.15900526777703944,0.6132405824997892,0.23245615262835898,0.003904186237112861,0.01993928105025189,1.1999999999999997
111,21877,train,0.17730500572361052,0.025,0.0,0.8273087926208973,0.5641421336646042,0.01163973255996789,0.011639732302848952,0.043316789684429265,a1_low,0.17090943293554559,0.8720000000000001,0.47863009232263826,0.005940510863055612,-0.005699221696912278,continuous_direct_verified,m_low,0.18173621377188037,0.7973087926208973,0.6240011416252738,0.004431208048269852,0.030000000000000027,1.1061062529966201
112,32994,train,0.1842360085807741,0.025,0.0,0.527953028678894,0.6675981360828915,0.010806196838677501,0.010806196174590565,0.03615738397588155,a1_low,0.17685795262881282,0.5680000000000001,0.5754399373371569,0.003993520461401363,-0.006812676377276138,continuous_direct_verified,a1_high,0.1892360085807741,0.5027950585295793,0.7308218544705036,0.0050000000000000044,0.025157970149314757,1.0947032577990332
113,45773,train,0.19932304928079247,0.025,0.0,0.8529058121144771,0.18903711061510245,0.010185166563731954,0.010185166571755846,0.02471014618992242,gamma_low,0.19510249254178766,0.8720000000000001,0.1445439770745927,0.007120206162396808,-0.003064960401335146,continuous_direct_verified,gamma_low,0.19632389781942028,0.8665816391610229,0.15753092551258538,0.002999151461372196,0.013675827046545797,1.2
114,25389,train,0.19381591747514904,0.025,0.0,1.1965435683727264,0.1997819098421963,0.016812326723048502,0.016812327335738394,0.24146324889716644,a1_high,0.19977325463588763,1.1680000000000001,0.26302679918953814,0.010706527736028525,-0.006105798987019977,continuous_direct_verified,gamma_high,0.19755939971849948,1.1785082593295044,0.23973829181063552,0.0037434822433504433,0.018035309043221925,1.2
115,16098,train,0.18474267590790988,0.025,0.0,0.5757910408079624,0.2640289732804079,0.010230788521829933,0.010230788929403711,0.021772194663219592,a1_low,0.17944840564381517,0.6000000000000001,0.20892961308540398,0.006131810757017228,-0.004098977764812705,continuous_direct_verified,gamma_low,0.18049110167789145,0.5943861058399923,0.22002414440033993,0.004251574230018429,0.0185950650320299,1.2
116,16541,train,0.18514414224773645,0.025,0.0,1.1161728620529174,0.08632951769150508,0.01031502353614843,0.010315023921771629,0.01782928688526557,gamma_low,0.1824380928840022,1.1280000000000001,0.054954087385762455,0.004467011460165673,-0.005848012075982758,continuous_direct_verified,gamma_low,0.1838923816810934,1.121475726628592,0.0719412647429209,0.0012517605666430565,0.005302864575674526,1.2000000000000002
117,26963,train,0.12299780584871771,0.025,0.0,1.025855755060911,0.6533311213444655,0.009784302572730372,0.00978430255820472,0.0224943367455442,m_low,0.12798822950767993,0.9680000000000001,0.758577575029184,0.004073489808782576,-0.005710812763947796,continuous_direct_verified,m_low,0.12567458536076728,0.9958557550609111,0.7090025745003954,0.0026767795120495735,0.030000000000000027,1.0852116963927354
118,27125,train,0.17886689542792739,0.025,0.0,1.1664226330816745,0.9530479720532439,0.02247171266490244,0.022471712642362935,0.5971831575986153,m_low,0.18139648755269552,1.1360000000000001,1.0,0.0036457184547973613,-0.018825994210105078,continuous_direct_verified,m_high,0.17562169064094824,1.1964226330816745,0.8978112333056478,0.00324520478697915,0.030000000000000027,1.0615237777146318
119,12084,train,0.0994740929454565,0.025,0.0,0.7892124779522418,0.32983207654785224,0.009804145520536656,0.009804145374132933,0.02121228744710148,m_high,0.09527611686373412,0.8320000000000001,0.2398832919019491,0.00564960540915971,-0.004154540111376946,continuous_direct_verified,gamma_low,0.09688991428147282,0.8152212402797612,0.2748600637898769,0.00258417866398368,0.026008762327519364,1.2
120,46581,train,0.178738470422104,0.025,0.0,0.9471684359014034,0.30614502180463227,0.015095330284133448,0.015095330344123994,0.035510097699027084,a1_low,0.17233448108407406,0.984,0.22908676527677735,0.009763142001014892,-0.005332188283118556,continuous_direct_verified,gamma_low,0.17447899446277254,0.9717271142424799,0.25512085150386027,0.00425947595933146,0.0245586783410765,1.1999999999999997
121,16028,train,0.11357775381766261,0.025,0.0,0.4746610164642334,0.28687724444979074,0.009597826888501035,0.00959782726005887,0.013774010704286901,a1_low,0.10643833583440243,0.52,0.17378008287493754,0.0038223696546922743,-0.005775457233808761,continuous_direct_verified,gamma_low,0.11045984981935782,0.49401481152206916,0.23906437037482564,0.0031179039983047913,0.019353795057835743,1.2
122,1475,train,0.10716663529165091,0.025,0.0,1.1866911597549916,0.8694202718006894,0.010733673369526851,0.010733673374699434,0.2656889753097272,m_low,0.11033051532764832,1.1440000000000001,0.9549925860214359,0.0025665974008582788,-0.008167075968668572,continuous_direct_verified,m_low,0.10918246764965055,1.1566911597549916,0.9245530266581649,0.002015832357999639,0.030000000000000027,1.0634132382757626
123,40174,train,0.127172073116526,0.025,0.0,0.7542455427348613,0.21309286633855132,0.009507158731078904,0.009507158816506366,0.016501507456957425,gamma_low,0.12428135945785274,0.776,0.16595869074375605,0.005086768613362782,-0.004420390117716122,continuous_direct_verified,gamma_low,0.1249768148003106,0.7697125159900574,0.17757738861545944,0.0021952583162154066,0.015466973255196081,1.2
124,34873,train,0.1584893885534257,0.025,0.0,1.19484076872468,0.11475294436424374,0.009584642538221909,0.009584642796907582,0.03402061860476678,gamma_high,0.1607737102513077,1.1840000000000002,0.1445439770745927,0.0062696365341843585,-0.0033150060040375504,continuous_direct_verified,gamma_high,0.16023583571574945,1.1858334996001132,0.13770353323709247,0.0017464471623237499,0.009007269124566841,1.2
125,42235,train,0.0899244558531791,0.025,0.0,1.1795802295207976,0.45282685900748276,0.009415782206104395,0.009415782256792508,0.02434631216459625,m_low,0.09382366380949389,1.1280000000000001,0.5495408738576245,0.0049466887267508525,-0.0044690934793535425,continuous_direct_verified,m_low,0.09212868440021818,1.1495802295207975,0.5075727546515431,0.0022042285470390832,0.030000000000000027,1.1208980751805528
126,3301,train,0.16577153112739326,0.025,0.0,0.8931668557226657,0.25552123509563757,0.010449978477858512,0.0104499784668511,0.027499086674036763,gamma_high,0.17061932172887584,0.8640000000000001,0.31622776601683794,0.007981658874997981,-0.0024683196028605307,continuous_direct_verified,gamma_low,0.16243157851257087,0.9128006775493971,0.21293436257969797,0.0033399526148223946,0.019633821826731346,1.2
127,438,train,0.1523657104931772,0.025,0.0,0.6770273819565773,0.2927444841113241,0.011987251148907177,0.011987250372100192,0.022801556284116967,gamma_low,0.14759264681741785,0.704,0.22908676527677735,0.0065217528032529525,-0.005465498345654225,continuous_direct_verified,gamma_low,0.1487031731831326,0.6988503782360012,0.24395373675943677,0.0036625373100446224,0.021822996279423856,1.2
128,2673,train,0.1313569063320756,0.025,0.0,1.0759796135127544,0.21509241822750844,0.010923114618318054,0.010923114637977786,0.025909579968318677,gamma_high,0.13517796718398098,1.048,0.2754228703338166,0.006958350296436826,-0.003964764321881228,continuous_direct_verified,gamma_low,0.1291307291583423,1.0919314332515027,0.17924368185625705,0.0022261771737333014,0.015951819738748263,1.2
129,34674,train,0.19600183148868383,0.025,0.0,0.7862822458148002,0.9000387734224028,0.01392617284370822,0.013926172671513422,0.03165378984427078,a1_low,0.18438802108323898,0.8720000000000001,0.7244359600749902,0.004185666027753174,-0.009740506815955046,continuous_direct_verified,m_high,0.191855117013367,0.8162822458148002,0.8357892253873455,0.004146714475316837,0.030000000000000027,1.076872907766047
130,29746,train,0.1995944050140679,0.025,0.0,0.4307892203330994,0.2863398844516204,0.010010938917923028,0.010010938364552621,0.01844573762744905,a1_low,0.19391271444642685,0.448,0.2398832919019491,0.004499137328337993,-0.005511801589585035,continuous_direct_verified,a1_low,0.1945851394341553,0.4468577227154393,0.2456205269047989,0.005009265579912575,0.016068502382339866,1.1657815739586133
131,36083,train,0.11570490538142623,0.025,0.0,0.852032221108675,0.49632251334922606,0.010530582822249569,0.010530582633403035,0.024932527835344897,a1_high,0.12244205908831635,0.784,0.6309573444801934,0.004869882452565891,-0.005660700369683678,continuous_direct_verified,m_low,0.11868256162667537,0.822032221108675,0.555403960659137,0.0029776562452491356,0.030000000000000027,1.1190384190135247
132,10663,train,0.08511835653334857,0.025,0.0,1.0049391731619834,0.2809865635365789,0.009565829413027681,0.009565829285488393,0.019147809301208116,m_high,0.0822653888517147,1.04,0.20892961308540398,0.005497933530217559,-0.004067895882810122,continuous_direct_verified,gamma_low,0.083249864512239,1.027155336004198,0.23415546961381578,0.0018684920211095718,0.022216162842214615,1.2
133,12922,train,0.17002678671851756,0.025,0.0,0.6750957071781158,0.30929118001299694,0.01299293485367793,0.012992934246682181,0.024672191551524586,a1_low,0.1633868157584001,0.712,0.22908676527677735,0.007265207493266903,-0.005727727360411027,continuous_direct_verified,gamma_low,0.16572248023729436,0.6983084825413393,0.2577426500108308,0.004304306481223208,0.023212775363223415,1.2
134,13004,train,0.11801876453682782,0.025,0.0,0.5903207883238792,0.5383629196374508,0.009489495215266477,0.009489495303937095,0.01940007147049117,a1_high,0.12303337671938927,0.552,0.6309573444801934,0.004051904224561048,-0.005437590990705429,continuous_direct_verified,m_low,0.12175948522278117,0.5603207883238792,0.6072948291153566,0.0037407206859533526,0.030000000000000027,1.1280398537186154
135,28237,train,0.19793889950960875,0.025,0.0,0.9863719344139099,0.19739064761432448,0.015491624092707582,0.015491624180549477,0.029231794908348697,gamma_low,0.1936694005824948,1.008,0.1513561248436208,0.008222657743793107,-0.007268966348914475,continuous_direct_verified,gamma_low,0.19485888522957087,1.0008275540656948,0.16449220634527043,0.003080014280037874,0.014455619651784879,1.1999999999999997
136,31357,train,0.18842294453643266,0.025,0.0,0.8842158906161786,0.3845875123692721,0.010922451887301026,0.010922452060572251,0.037277369175360626,a1_high,0.19473323826733893,0.8480000000000001,0.4570881896148752,0.008590001267718894,-0.002332450619582132,continuous_direct_verified,a1_high,0.19342827938808693,0.8551481268504533,0.44216368429403413,0.005005334851654275,0.029067763765725285,1.1497088960846933
137,45969,train,0.12578096692450347,0.025,0.0,1.1178299941122531,0.7755017946717712,0.009701622827002227,0.009701622895479543,0.173262037691697,m_low,0.13004006319516023,1.064,0.8709635899560806,0.003407355224927417,-0.00629426760207481,continuous_direct_verified,m_low,0.12828337225556763,1.0878299941122531,0.8305615767573781,0.0025024053310641614,0.030000000000000027,1.070998909949539
138,35501,train,0.19415234946645799,0.025,0.0,1.160156036168337,0.6120399599765647,0.017571886422580247,0.017571886141463974,0.6014860961400682,a1_low,0.18906215095930004,1.1920000000000002,0.5495408738576245,0.006438702579283595,-0.011133183843296653,continuous_direct_verified,m_low,0.19839537814555736,1.130156036168337,0.6656615778824,0.00424302867909937,0.030000000000000027,1.0876113022226335
139,10099,train,0.11793024912476541,0.025,0.0,0.9940260231494903,0.38655152579703056,0.013076353278170678,0.013076353323363234,0.028532134615298972,m_high,0.11417364395021082,1.032,0.31622776601683794,0.0065725391962786345,-0.006503814081892044,continuous_direct_verified,m_low,0.12104238956641376,0.9640260231494903,0.44417212707285136,0.003112140441648356,0.030000000000000027,1.1490631841564016
140,36986,train,0.1697774501051754,0.025,0.0,0.5433347396552562,0.8349439997718172,0.010787175097324972,0.010787175305403528,0.029066166286635723,a1_low,0.15866011850305423,0.616,0.6606934480075961,0.0036156262464710344,-0.0071715488508539375,continuous_direct_verified,m_low,0.174676137077328,0.5133347396552562,0.9153970975380088,0.004898686972152594,0.030000000000000027,1.0963574776130838
141,11726,train,0.13294664239510895,0.025,0.0,0.42394492328166966,0.49119514162329125,0.011777764388085024,0.011777764298571325,0.019490655776036227,a1_low,0.1213280132022046,0.488,0.3311311214825911,0.004075176937227055,-0.0077025874508579685,continuous_direct_verified,a1_low,0.12793128751698554,0.4508169064501493,0.4239749643945436,0.005015354878123407,0.026871983168479663,1.1585475154759226
142,42614,train,0.14981874781660737,0.025,0.0,0.4154580540955067,0.2776944366451459,0.009889851001955248,0.009889850451506461,0.014490921116715445,a1_low,0.14033033592668834,0.456,0.17378008287493754,0.0041197309379702365,-0.005770120063985012,continuous_direct_verified,gamma_low,0.14542974130703357,0.43351291287616234,0.23141203053762163,0.004389006509573801,0.018054858780655658,1.2
143,22081,train,0.14065174041315914,0.025,0.0,1.0107017412781714,0.4538717139872029,0.01078982762411541,0.01078982742124171,0.03292299787950838,a1_high,0.14660370233473857,0.9600000000000001,0.5495408738576245,0.006589606728373056,-0.004200220895742355,continuous_direct_verified,m_low,0.14416210367264667,0.9807017412781713,0.5101911154669666,0.003510363259487531,0.030000000000000027,1.1240866080527585
144,27357,train,0.18203799990005792,0.025,0.0,1.0866026930510997,0.6970681261019299,0.01274204176411573,0.012742041436594959,0.16052424353959183,a1_high,0.18868421245145062,1.032,0.7943282347242817,0.005172162872982138,-0.007569878891133592,continuous_direct_verified,m_low,0.18584721970824403,1.0566026930510997,0.7519775680432975,0.003809219808186104,0.030000000000000027,1.0787719878233801
145,44974,train,0.12840825826860966,0.025,0.0,0.5880844391882419,0.30772918895210005,0.010285824303899812,0.010285824292125904,0.019108002609608356,gamma_low,0.1239478457967691,0.616,0.2398832919019491,0.005254302781766446,-0.005031521522133367,continuous_direct_verified,gamma_low,0.1250247516836324,0.6103060810078986,0.2564409907934167,0.0033835065849772694,0.02222164181965669,1.2
146,33750,train,0.14780268580652775,0.025,0.0,0.7097704254090786,0.5395293595043614,0.010053401039132192,0.0100534014412061,0.028401705983406172,a1_low,0.14113580254332755,0.76,0.4365158322401661,0.005141647455806812,-0.004911753583325381,continuous_direct_verified,m_low,0.1518962036388061,0.6797704254090786,0.603165504251379,0.004093517832278348,0.030000000000000027,1.1179475104106975
147,13881,train,0.15886277188546957,0.025,0.0,1.1465881228446961,0.5218046035177091,0.012627701288313059,0.012627701680453685,0.032408622290962405,m_high,0.1544289772769592,1.1840000000000002,0.4570881896148752,0.006619596154621291,-0.006008105133691768,continuous_direct_verified,m_low,0.162564509045887,1.116588122844696,0.5759759929438041,0.00370173716041744,0.030000000000000027,1.1038154685890127
148,31644,train,0.1140213136561215,0.025,0.0,0.6470874302089215,0.3804729025199145,0.009478052822688165,0.009478052821444581,0.020435314054930917,a1_high,0.12085229313262258,0.5920000000000001,0.5011872336272722,0.005297484842234644,-0.004180567980453521,continuous_direct_verified,m_low,0.11772289396149882,0.6170874302089214,0.44618256830759945,0.0037015803053773166,0.030000000000000027,1.1727052448478787
149,3933,train,0.1826743562240154,0.025,0.0,0.8869673833251,0.13606830671570802,0.010383086764840906,0.010383087234477464,0.020795383844327633,gamma_low,0.17918591995072858,0.904,0.09549925860214359,0.005377067592894779,-0.005006019171946126,continuous_direct_verified,gamma_low,0.1807076383024719,0.8962888875089948,0.11339025559642335,0.001966717921543487,0.00932150418389488,1.2
150,40242,train,0.1992739645764232,0.025,0.0,0.7658890694379806,0.3023091339164864,0.013387690697120301,0.01338769057282671,0.03232830713729775,a1_low,0.192333352614045,0.8,0.22908676527677735,0.008864846262294014,-0.004522844434826288,continuous_direct_verified,gamma_low,0.1944713916305132,0.789236549100885,0.2519242782637387,0.004802572945910022,0.023347479662904402,1.1999999999999997
151,24166,train,0.15654201009310784,0.025,0.0,0.5192578181624412,0.3143176236989952,0.011782124201129293,0.011782124472226702,0.020954190820275873,a1_low,0.14857270583289062,0.56,0.2187761623949553,0.005550626405834066,-0.006231497795295227,continuous_direct_verified,gamma_low,0.15209793627534157,0.5412097378839317,0.261931353082496,0.004444073817766264,0.021951919721490465,1.2
152,34817,train,0.14210454355925323,0.025,0.0,0.9818573430180549,0.2878572423939759,0.009923727519521622,0.00992372720276117,0.029451221661088323,gamma_high,0.146069029649601,0.9520000000000001,0.34673685045253166,0.008215953562442483,-0.0017077739570791391,continuous_direct_verified,gamma_low,0.13891217763911146,1.0047444803213383,0.23988103532831329,0.003192365920141771,0.0228871373032834,1.2
153,28324,train,0.09251344092190267,0.025,0.0,0.6138303942978383,0.9426564467297419,0.010213727463775349,0.010213727295293597,0.01547573507455568,a1_low,0.08362028713611433,0.736,0.6606934480075961,0.00214542912924268,-0.008068298334532669,continuous_direct_verified,m_high,0.09028165496116872,0.6438303942978383,0.868560508316392,0.0022317859607339507,0.030000000000000027,1.0853088963910835
154,5069,train,0.19970173039473593,0.025,0.0,1.0696790553629398,0.26314303895004487,0.01495014839784426,0.014950148417160901,0.03883110047606804,a1_low,0.1946381940763258,1.096,0.20892961308540398,0.010615348469534937,-0.004334799928309322,continuous_direct_verified,gamma_low,0.19558239833998012,1.090191065801408,0.2192858657917041,0.004119332054755814,0.020512010438468176,1.2
155,8473,train,0.15732819209806623,0.025,0.0,0.9160970821976662,0.17535585464795417,0.009442536476874786,0.009442536642180038,0.019562135967275615,gamma_high,0.16062432645158783,0.896,0.2187761623949553,0.006063651127108675,-0.003378885349766111,continuous_direct_verified,gamma_low,0.15514586800486507,0.9286496362213926,0.14612987887329515,0.0021823240932011545,0.012552554023726459,1.2
156,197,train,0.16855554268695416,0.025,0.0,1.0278744116425513,0.3632224227974451,0.015333540637591528,0.01533354077721081,0.039038919622277755,a1_low,0.16274918925104812,1.064,0.28840315031266056,0.009230387597724706,-0.006103153039866822,continuous_direct_verified,m_low,0.1730574825835459,0.9978744116425513,0.4209817722576,0.004501939896591728,0.030000000000000027,1.1590192285358027
157,8067,train,0.11005771588534118,0.025,0.0,1.1662613533437252,0.31275756944021127,0.012333923598480862,0.012333923644306327,0.036964391663037895,m_high,0.10629878418364064,1.2,0.2398832919019491,0.007957608064556953,-0.004376315533923909,continuous_direct_verified,gamma_low,0.10736979081248367,1.1915509113192724,0.26063130786684274,0.0026879250728575055,0.025289557975547217,1.2
158,32638,train,0.14369056085124615,0.025,0.0,0.5886879980564117,0.5605656378943306,0.009646832693615517,0.009646832925177193,0.021886241213116484,a1_low,0.13834877277329644,0.624,0.47863009232263826,0.004570676919750884,-0.005076155773864633,continuous_direct_verified,m_low,0.14820021225305915,0.5586879980564117,0.6299886481566263,0.004509651401813003,0.030000000000000027,1.1238445697868165
159,9110,train,0.14464385341852903,0.025,0.0,0.5687313869595527,0.29031692812634685,0.009568857428416592,0.009568858227180689,0.018751508046038458,a1_low,0.1392811590656625,0.6000000000000001,0.2187761623949553,0.005403052235255536,-0.0041658051931610564,continuous_direct_verified,gamma_low,0.14098405587649873,0.5893494919375744,0.24193077343862238,0.003659797542030302,0.020618104978021634,1.2
160,2035,train,0.11627495163120331,0.025,0.0,0.9203354582190514,0.3225759574158878,0.011236933519760938,0.011236933599955482,0.025236424142327584,m_high,0.11181491467084746,0.9600000000000001,0.2398832919019491,0.007116459801885318,-0.00412047371787562,continuous_direct_verified,gamma_low,0.1133625727981711,0.9463892318276703,0.2688132978465732,0.0029123788330322198,0.026053773608618935,1.1999999999999997
161,1725,train,0.18707857541739942,0.025,0.0,1.1230647899210453,0.2158342206131527,0.01428375868973984,0.014283759285655962,0.0321185637108983,gamma_low,0.18265890832761975,1.1440000000000001,0.16595869074375605,0.009304374480875816,-0.004979384208864025,continuous_direct_verified,gamma_low,0.183891725253123,1.1389989693138196,0.1798618505109606,0.003186850164276417,0.015934179392774306,1.2
162,19675,train,0.0942494590766728,0.025,0.0,0.9565823182463645,0.35267202478161935,0.010248883628984117,0.010248883569856728,0.022439148769304147,m_low,0.09883915059867165,0.904,0.4570881896148752,0.0057951746396142445,-0.004453708989369872,continuous_direct_verified,m_low,0.09682581334912424,0.9265823182463645,0.4114521471177147,0.0025763542724514393,0.030000000000000027,1.1666707824996696
163,46106,train,0.165376486023888,0.025,0.0,0.5356324784457683,0.1959575862165144,0.010539228330032638,0.010539228233218846,0.015150303054091607,a1_high,0.17055195768260092,0.512,0.25118864315095807,0.0043331421111665784,-0.006206086218866059,continuous_direct_verified,gamma_low,0.16244540966764842,0.548656215147227,0.16329798851376204,0.0029310763562395703,0.013023736701458621,1.1999999999999997
164,29637,train,0.16914121629670265,0.025,0.0,0.8185626432299613,0.23125931370601088,0.009722905257213896,0.009722905064964841,0.024761114124806263,gamma_high,0.17387039728946369,0.792,0.28840315031266056,0.0070848326260780844,-0.002638072631135812,continuous_direct_verified,gamma_low,0.16601884444069165,0.8358167900693888,0.1927160947550091,0.003122371856010997,0.017254146839427498,1.2
165,2185,train,0.1507354313042015,0.025,0.0,1.0442424140870572,0.9918750070314283,0.009473241048595026,0.009473241223706207,0.46142603808808674,a1_low,0.14298445730661477,1.1280000000000001,0.8317637711026709,0.0030173541989396333,-0.006455886849655392,continuous_direct_verified,m_high,0.14800283496309655,1.0742424140870572,0.9337557844788494,0.0027325963411049536,0.030000000000000027,1.0622424230389282
166,2354,train,0.19923816169612113,0.025,0.0,0.46602851748466495,0.7460758796651884,0.010565824145931334,0.010565824504800663,0.03641121530829422,a1_low,0.18942739072104117,0.512,0.6309573444801934,0.003469093846400937,-0.007096730299530398,continuous_direct_verified,a1_low,0.1942204287148812,0.4885708739755388,0.6868608669657162,0.00501773298123992,0.022542356490873827,1.0862110735192427
167,4957,train,0.18253227500244978,0.025,0.0,1.1960856705904006,0.11205225783746754,0.010706194161222215,0.010706194005101036,0.03653085694206855,gamma_high,0.18539835283040318,1.1840000000000002,0.1445439770745927,0.006795689676936062,-0.003910504484286153,continuous_direct_verified,gamma_high,0.18449532253171821,1.1873307404928952,0.13446270940496105,0.00196304752926843,0.008754930097505387,1.2
168,43817,train,0.14816390699706972,0.025,0.0,1.191471453756094,0.600196093560917,0.011818381868931253,0.0118183819972587,0.027643691016287154,m_low,0.15190165255070534,1.1600000000000001,0.6606934480075961,0.005429580721066377,-0.006388801147864876,continuous_direct_verified,m_low,0.1514209454941424,1.161471453756094,0.653507712271058,0.0032570384970726785,0.030000000000000027,1.0888236682678945
169,31518,train,0.1387207565363497,0.025,0.0,0.6604501865804195,0.3202794115046588,0.010027068153391534,0.01002706814981926,0.02323652567391145,a1_low,0.13325885933305393,0.696,0.2398832919019491,0.006266456827528248,-0.0037606113258632856,continuous_direct_verified,gamma_low,0.13507295876982237,0.6844640080515013,0.2668995095872157,0.003647797766527322,0.024013821471081775,1.1999999999999997
170,34268,train,0.11257627704180778,0.025,0.0,0.6994106203317643,0.6901565657527462,0.010030990459702122,0.010030990622769088,0.028209431372791607,a1_low,0.10743114614260756,0.752,0.5754399373371569,0.0032955740655376043,-0.006735416394164518,continuous_direct_verified,m_low,0.11546382758867045,0.6694106203317642,0.7564421201093634,0.002887550546862669,0.030000000000000027,1.0960442277098679
171,36093,train,0.18945802506059412,0.025,0.0,1.0038437820971011,0.33340113650662706,0.011843503447315547,0.011843503240671389,0.039794838992112655,a1_low,0.1843635506543079,1.032,0.2754228703338166,0.010161056185820833,-0.0016824472614947149,continuous_direct_verified,a1_high,0.19445804951272752,0.9751322330420227,0.3898182393256182,0.005000024452133406,0.028711549055078445,1.169216888131003
172,34578,train,0.191685273591429,0.025,0.0,0.6883284710347652,0.15648421916010308,0.009474131978162645,0.009474131587090769,0.016581505607770424,gamma_low,0.18826786743641533,0.704,0.12022644346174131,0.005010844112105073,-0.004463287866057572,continuous_direct_verified,gamma_low,0.18920786861905317,0.699002904361338,0.1304035159667526,0.002477404972375835,0.010674433326572808,1.1999999999999997
173,30890,train,0.1756188189610839,0.025,0.0,0.7300458289682865,0.2426650246244743,0.010727256847017572,0.010727257156678768,0.023860516617719697,a1_high,0.18084030686775943,0.704,0.3019951720402016,0.006838768243557871,-0.0038884886034597005,continuous_direct_verified,gamma_low,0.17215277099397228,0.7479311346803839,0.2022208538537286,0.003466047967111613,0.017885305712097344,1.2
174,47732,train,0.09854084444232286,0.025,0.0,0.4399037912487984,0.5699666040085504,0.010164196018569247,0.010164196102032405,0.016995892282408897,a1_low,0.09085517390569156,0.504,0.41686938347033553,0.0029679272342192265,-0.007196268784350021,continuous_direct_verified,m_low,0.1026164386184041,0.4099037912487984,0.6491297964220877,0.004075594176081235,0.030000000000000027,1.1388909312524382
175,26498,train,0.18860002704896034,0.025,0.0,0.5062680996954441,0.23998097236064372,0.009974524959696425,0.009974524767670363,0.019402059016070484,a1_low,0.1809500576583968,0.536,0.16595869074375605,0.0052249122661844555,-0.0047496126935119695,continuous_direct_verified,gamma_low,0.18439511651613116,0.522407113526892,0.1999841436338698,0.004204910532829176,0.01613901383144789,1.2
176,2009,train,0.15453756470233204,0.025,0.0,1.0697664767503738,0.34667815513360944,0.01312760349743218,0.01312760389160911,0.03859090538018224,a1_high,0.15957170657513534,1.032,0.41686938347033553,0.009201527259192554,-0.0039260762382396265,continuous_direct_verified,m_low,0.15869686955697,1.0397664767503738,0.40448306237905113,0.004159304854637946,0.030000000000000027,1.1667393990347148
177,20333,train,0.19201483521610502,0.025,0.0,1.1172335930168629,0.8791151442944048,0.010275962076938136,0.010275961780668981,0.4859907007981287,a1_low,0.1839507152296292,1.1840000000000002,0.758577575029184,0.004007222240337727,-0.006268739836600409,continuous_direct_verified,m_low,0.19563302837388555,1.0872335930168628,0.9355158441813779,0.0036181931577805304,0.030000000000000027,1.0641562146358443
178,20301,train,0.19874700061045592,0.025,0.0,0.8383202508091927,0.011660664753021948,0.012351339531169606,0.012351339834032356,0.012351339531169606,gamma_high,0.19996863638366869,0.8320000000000001,0.025118864315095794,0.003739434239462503,-0.008611905291707102,continuous_direct_verified,gamma_high,0.1999963286401342,0.8335783943834105,0.025121920697395477,0.0012493280296782816,0.004741856425782176,2.1544158270123446
179,25840,train,0.051235112268477684,0.025,0.0,0.4065991908311844,0.26714906402344635,0.04826788020160597,0.04826788021356861,0.276398306321969,gamma_high,0.053287823246158404,0.4,0.3311311214825911,0.04264177216761623,-0.005626108033989739,continuous_direct_verified,m_high,0.05,0.43659919083118437,0.2322014365226582,0.001235112268477681,0.02999999999999997,1.1505056472696626
180,9602,train,0.18839511256664992,0.025,0.0,0.404428056627512,0.5650089247001219,0.011236954425428243,0.011236954568910945,0.02674977542144996,a1_low,0.17528240258885217,0.456,0.4365158322401661,0.003210394178757311,-0.008026560246670932,continuous_direct_verified,a1_low,0.18336438235269734,0.42311355425482733,0.5164208215297093,0.005030730213952589,0.018685497627315306,1.094086259005762
181,1874,train,0.1945365238003433,0.025,0.0,0.7097471840679646,0.24395260862691914,0.011930232201846623,0.01193023267852794,0.02683148717002287,gamma_low,0.19028136105606785,0.728,0.19952623149688797,0.0071929501020022,-0.004737282099844423,continuous_direct_verified,gamma_low,0.19065291605922097,0.7276293097082087,0.20329384052243263,0.0038836077411223413,0.017882125640244162,1.2
182,20658,train,0.19872904797084634,0.025,0.0,0.680219691991806,0.406304848285103,0.015828744003217855,0.015828744100003362,0.03279500169536298,a1_low,0.1889465907361415,0.728,0.3019951720402016,0.007179132840873564,-0.008649611162344292,continuous_direct_verified,a1_low,0.19372283160382336,0.7050042666164458,0.35324655465152494,0.005006216367022975,0.024784574624639788,1.1502018715679185
183,35001,train,0.16007500882260503,0.025,0.0,0.8478222250938415,0.3303917501473652,0.010677403004690802,0.010677402562321997,0.030168296953953445,a1_low,0.15503613029205238,0.88,0.26302679918953814,0.008616866913681043,-0.0020605360910097587,continuous_direct_verified,m_low,0.16470371624185823,0.8178222250938415,0.39137574921501245,0.004628707419253197,0.030000000000000027,1.184580877217565
184,38451,train,0.11867873603478075,0.025,0.0,1.1475969895720481,0.5196813600431454,0.009882340576079684,0.009882340443223586,0.02584766041495492,m_high,0.11437301573109919,1.1920000000000002,0.4365158322401661,0.0053012240319539735,-0.00458111654412571,continuous_direct_verified,m_low,0.121447643253438,1.1175969895720481,0.5738514903459564,0.002768907218657246,0.030000000000000027,1.1042372008461372
185,11493,train,0.16578385909087956,0.025,0.0,1.1635195061564445,0.928224184629379,0.010901720574978277,0.010901720457703178,0.5055796098436601,m_low,0.1697003419655516,1.1280000000000001,1.0,0.003324160078852432,-0.007577560496125845,continuous_direct_verified,m_low,0.16881569607191327,1.1335195061564445,0.9845339869750706,0.0030318369810337087,0.030000000000000027,1.0606640112142467
186,24322,train,0.18963459921069448,0.025,0.0,0.4722127489745617,0.42508774873211996,0.009458333754859096,0.009458333676584415,0.027976715397759092,a1_low,0.18157011031628434,0.504,0.34673685045253166,0.004575594404092492,-0.004882739350766605,continuous_direct_verified,a1_low,0.18458412613154987,0.4923625794478472,0.3764667229163251,0.005050473079144607,0.0201498304732855,1.129150925848502
187,24909,train,0.1983489500358701,0.025,0.0,0.9628921188414097,0.09236541676813849,0.010043712222779805,0.010043712672661454,0.0165281921376354,gamma_low,0.19679036312748363,0.9680000000000001,0.07585775750291836,0.004387688437986067,-0.005656023784793737,continuous_direct_verified,gamma_low,0.19691464167993442,0.9688379515180903,0.07697118064011539,0.0014343083559356928,0.005945832676680585,1.2000000000000002
188,7898,train,0.1636277138255537,0.025,0.0,0.4677234955132008,0.3611475809900045,0.010372765719349666,0.010372765640903323,0.01988754713028603,a1_low,0.15577439972279267,0.504,0.2754228703338166,0.00439650252723976,-0.005976263192109906,continuous_direct_verified,a1_high,0.16864156585940243,0.44646683455383357,0.4132217213441892,0.0050138520338487425,0.021256660959367235,1.1441907494200438
189,40349,train,0.18554618638008835,0.025,0.0,1.1034015171229838,0.4700498691876899,0.01203460362547895,0.012034603625018181,0.14440093863418677,m_low,0.18999688823333977,1.072,0.5248074602497725,0.008130776004906231,-0.0039038276205727186,continuous_direct_verified,m_low,0.1900560665184051,1.0734015171229838,0.5251593440446161,0.004509880138316741,0.030000000000000027,1.1172417619265864
190,35732,train,0.10241429638117552,0.025,0.0,0.5640603050589561,0.9726037710576274,0.009643853610465625,0.009643853675587394,0.016015213069814713,a1_low,0.09390215197860581,0.664,0.7244359600749902,0.0022468372020443936,-0.007397016408421232,continuous_direct_verified,m_high,0.09982258872499308,0.5940603050589561,0.8940252099201527,0.0025917076561824404,0.030000000000000027,1.0878930037604788
191,16262,train,0.16158070527017118,0.025,0.0,0.4295288056135178,0.5059638239952732,0.009712843326418901,0.009712842980084619,0.023768420726181072,a1_low,0.15543576829939484,0.456,0.4365158322401661,0.003382859183298555,-0.006329984143120346,continuous_direct_verified,a1_high,0.16658389991347322,0.4082400294855132,0.5608367333526517,0.005003194643302039,0.021288776128004616,1.1084522385890798
192,6994,train,0.1946957622189075,0.025,0.0,0.4201838456094265,0.20121907624774224,0.009632227961815029,0.009632228145120643,0.015231918008909297,a1_low,0.18572637798367325,0.448,0.12589254117941676,0.003991860157179946,-0.005640367804635083,continuous_direct_verified,gamma_low,0.19057200585961215,0.43283706567061925,0.16768256353978522,0.00412375635929535,0.012653220061192738,1.1999999999999997
193,20173,train,0.19915692624635994,0.025,0.0,0.9100209757685661,0.23710431135918636,0.014222719826580982,0.014222719519194535,0.03203308047354094,a1_low,0.1939939692063699,0.936,0.18197008586099836,0.00877325645544172,-0.005449463371139263,continuous_direct_verified,gamma_low,0.19543048878015137,0.9280077591381751,0.1975869261326553,0.003726437466208571,0.017986783369609016,1.2
194,24699,train,0.09142037285491825,0.025,0.0,1.1991092078387737,0.3145914482735549,0.01097865083186804,0.010978650758542083,0.031206551928691165,m_low,0.0942877502970419,1.1680000000000001,0.38018939632056126,0.007090877799006373,-0.0038877730328616663,continuous_direct_verified,m_low,0.09395724133903839,1.1691092078387737,0.373128812823409,0.0025368684841201444,0.030000000000000027,1.1860742396880177
195,42405,train,0.1645429202821106,0.025,0.0,1.104494398087263,0.41027744158405954,0.013237350875270282,0.013237350952833465,0.037880520294199194,m_high,0.1597747173588362,1.1360000000000001,0.34673685045253166,0.008486162110093827,-0.004751188765176455,continuous_direct_verified,m_low,0.16873117258280812,1.074494398087263,0.46631419618294756,0.004188252300697526,0.030000000000000027,1.1365825875839848
196,40778,train,0.179518106719479,0.025,0.0,0.45772759690880777,0.22744532470753492,0.010306906243666057,0.010306906637451537,0.01636837384597578,a1_high,0.18487400941220442,0.44,0.2754228703338166,0.0044559073403274045,-0.005850998903338653,continuous_direct_verified,gamma_low,0.17548280071876962,0.4725343926446187,0.18953777058961246,0.0040353060007093655,0.014806795735810951,1.1999999999999997
197,37309,train,0.18628059239126743,0.025,0.0,0.9630602180957794,0.19673607284234748,0.010431338255978194,0.010431338544960535,0.026752154580360295,gamma_high,0.190163373288544,0.9440000000000001,0.2398832919019491,0.0077248294309212335,-0.00270650882505696,continuous_direct_verified,gamma_low,0.18338947205296036,0.9774628038777882,0.16394672736862292,0.002891120338307074,0.014402585782008814,1.1999999999999997
198,32991,train,0.06468521505594255,0.025,0.0,1.1792489431798456,0.9701860513030883,0.032839452649479815,0.03283945263949039,0.2593533107734093,m_low,0.06510022645877885,1.1440000000000001,1.0,0.032839434078701324,-1.8570778491378004e-08,continuous_direct_verified,m_low,0.06510022656969941,1.1440000109010118,1.0,0.0004150115137568633,0.035248932278833855,1.030730135376475
199,37204,train,0.10412823003716767,0.025,0.0,0.6371405608952045,0.9458094746086874,0.01056824055183019,0.010568240488779414,0.017833726427730213,a1_low,0.09895788659453492,0.704,0.7943282347242817,0.0023698950750465123,-0.008198345476783678,continuous_direct_verified,m_high,0.10168390462555583,0.6671405608952046,0.8730648283819941,0.002444325411611839,0.030000000000000027,1.0833210133564848
200,15201,train,0.13720665541477503,0.025,0.0,1.1493123821914195,0.6153775196992107,0.009488517918299076,0.009488517838377147,0.02428724483892586,a1_low,0.1320626344415665,1.2,0.5248074602497725,0.004908850321253146,-0.00457966759704593,continuous_direct_verified,m_low,0.14019992308009752,1.1193123821914195,0.6690973825988485,0.0029932676653224854,0.030000000000000027,1.087295783774967
201,40330,train,0.1766709133516997,0.025,0.0,0.6012936517596245,0.3512483199021522,0.011390695699377172,0.011390695642370476,0.026070987976546025,a1_low,0.1688909501329823,0.64,0.26302679918953814,0.007060970357894668,-0.004329725341482504,continuous_direct_verified,a1_low,0.1716062900748022,0.6265193572075088,0.29424448543260756,0.005064623276897523,0.025225705447884383,1.1937294912621246
202,31562,train,0.17973964461125436,0.025,0.0,0.4380648821592331,0.39150639912531027,0.009740353139661142,0.009740353153542273,0.02112532085194929,a1_low,0.16912164808343322,0.48000000000000004,0.28840315031266056,0.0037571384610598883,-0.005983214678601254,continuous_direct_verified,a1_high,0.1847423240289477,0.4197037748859191,0.4373997615436793,0.005002679417693334,0.018361107273314026,1.1172225090596282
203,19250,train,0.1988506921567023,0.025,0.0,0.569662994146347,0.31264023765129634,0.009754335087249103,0.009754335026816609,0.025665004439444198,a1_low,0.19372589339429327,0.5920000000000001,0.26302679918953814,0.0065482584366008305,-0.0032060766506482727,continuous_direct_verified,a1_low,0.19384791427868697,0.5904701135618834,0.2642786016818875,0.005002777878015341,0.020807119415536368,1.182994898798586
204,215,train,0.07648107367567719,0.025,0.0,1.1884921722114086,0.9792213986174763,0.04945936663531657,0.04945936664099711,0.31014420090656863,m_low,0.07667749590372479,1.1520000000000001,1.0,0.0367526827271014,-0.012706683908215166,continuous_direct_verified,m_low,0.07675573515422301,1.1584921722114085,1.0,0.00027466147854582346,0.030000000000000027,1.0212195131886008
205,34461,train,0.1850296953227371,0.025,0.0,1.1996486261487007,0.5771725293290366,0.009844646316967333,0.009844646414620906,0.2795499307476471,m_low,0.18916656743704657,1.1680000000000001,0.6309573444801934,0.006734112277312235,-0.0031105340396550977,continuous_direct_verified,m_low,0.18916445511184746,1.1696486261487007,0.6305306829484406,0.004134759789110348,0.030000000000000027,1.092447493440883
206,44990,train,0.14047178430482749,0.025,0.0,0.7180716700851917,0.36636043795783824,0.011434521243003148,0.011434521371515006,0.02758983710692279,a1_low,0.1344241579317545,0.76,0.2754228703338166,0.00670806634654852,-0.004726454896454628,continuous_direct_verified,m_low,0.14477440793433882,0.6880716700851917,0.4298698406532604,0.004302623629511337,0.030000000000000027,1.173352240349519
207,47085,train,0.19098486793227498,0.025,0.0,1.1489654950797559,0.3933790871058376,0.01520221255336431,0.015202212679706275,0.26914041389198234,a1_high,0.19846922863411123,1.104,0.47863009232263826,0.01002809941899818,-0.00517411313436613,continuous_direct_verified,m_low,0.1959026726708499,1.1189654950797558,0.4494895261486729,0.004917804738574921,0.030000000000000027,1.142637066590525
208,39270,train,0.15585958249866966,0.025,0.0,0.7078776456415653,0.39027709828865176,0.011515720244052723,0.011515720170911549,0.027608237169440063,a1_high,0.16414882113054757,0.656,0.5011872336272722,0.0068887301419490584,-0.004626990102103664,continuous_direct_verified,m_low,0.16060358875730113,0.6778776456415653,0.45389727675341707,0.004744006258631472,0.030000000000000027,1.163012840732231
209,16589,train,0.1990900104399771,0.025,0.0,1.1588437870144843,0.14101582976072333,0.011470124891474729,0.011470125619548934,0.026947822856769804,gamma_low,0.19659745029114176,1.1680000000000001,0.1148153621496883,0.007287585774601207,-0.004182539116873522,continuous_direct_verified,gamma_low,0.19687100260860885,1.1681813968064105,0.11751319146726945,0.002219007831368247,0.009337609791926216,1.2
210,22130,train,0.19567440333776176,0.025,0.0,0.6105201579630375,0.48863976518830227,0.022687574414375654,0.022687574615745665,0.034461967728158766,a1_low,0.18906919184066837,0.64,0.41686938347033553,0.005856375309293591,-0.016831199105082063,continuous_direct_verified,a1_low,0.19067132301168346,0.6352498292641566,0.4341972641946288,0.005003080326078296,0.024729671301119138,1.1253865592512569
211,38330,train,0.1673150637652725,0.025,0.0,0.4135200761258602,0.30350174486367754,0.011501396704791646,0.011501396526963133,0.01607175884991773,a1_low,0.1606328611919789,0.44,0.2398832919019491,0.004394324068921239,-0.0071070726358704065,continuous_direct_verified,a1_low,0.16229340597856187,0.4321731185311206,0.25603083942031135,0.005021657786710626,0.01865304240526039,1.1854108885900103
212,9292,train,0.11922300723381342,0.025,0.0,0.5550648711621762,0.40920764124080933,0.009581954371109815,0.009581954408258141,0.020805248104817504,a1_high,0.12795292873389855,0.496,0.5495408738576245,0.004859938146446771,-0.004722016224663044,continuous_direct_verified,m_low,0.1235157520180125,0.5250648711621761,0.4787032613066807,0.004292744784199082,0.030000000000000027,1.1698297222777783
213,31454,train,0.13633477319963277,0.025,0.0,0.5568463511765003,0.8257926323275536,0.009798192597503207,0.00979819278059439,0.02218749732935425,a1_low,0.1311958588661161,0.6000000000000001,0.7244359600749902,0.0030959403945238317,-0.006702252202979375,continuous_direct_verified,m_low,0.14020309094279704,0.5268463511765002,0.9047498937213139,0.0038683177431642624,0.030000000000000027,1.0956139087499652
214,35170,train,0.18499978352338076,0.025,0.0,0.76126878708601,0.2395892567057036,0.01102177944902887,0.011021779979224818,0.025377695980666498,gamma_low,0.18063144025981634,0.784,0.19054607179632474,0.007275812458770857,-0.0037459669902580135,continuous_direct_verified,gamma_low,0.18142362160884193,0.7790508352700503,0.1996577139214197,0.003576161914538828,0.017782048184040278,1.1999999999999997
215,21629,train,0.18875677939504387,0.025,0.0,0.9080303907394409,0.28384767697416546,0.016469016026078462,0.016469016047880307,0.03333826116604469,a1_low,0.1821563933506588,0.9440000000000001,0.20892961308540398,0.00942344743738077,-0.007045568588697692,continuous_direct_verified,gamma_low,0.18455711248275822,0.9303495217010322,0.2365397308118046,0.0041996669122856545,0.022319130961591327,1.1999999999999997
216,32866,train,0.1858726131729782,0.025,0.0,0.6809224285185337,0.22167469555098399,0.010896628041769578,0.010896628204532743,0.02045466904375408,a1_low,0.18074821588227427,0.704,0.16595869074375605,0.006312005161400928,-0.0045846228803686495,continuous_direct_verified,gamma_low,0.18245884641004256,0.696797339397656,0.18472891295915336,0.003413766762935644,0.015874910879122295,1.1999999999999997
217,519,train,0.08260051440447569,0.025,0.0,1.1739041805267334,0.5725415837393262,0.00997221123888546,0.00997221124410038,0.01796657582567741,a1_high,0.08775958804771188,1.088,0.7244359600749902,0.0035467850093486865,-0.006425426229536773,continuous_direct_verified,m_low,0.08444984751689705,1.1439041805267334,0.6260414420084444,0.0018493331124213586,0.030000000000000027,1.0934427468476704
218,41421,train,0.1998983553145081,0.025,0.0,1.1813298434019088,0.06785341661748474,0.011257020382566766,0.01125702098743918,0.014259718304469756,gamma_low,0.19695655409635252,1.1920000000000002,0.03630780547701014,0.003975544718240989,-0.007281475664325777,continuous_direct_verified,gamma_low,0.19883583743261804,1.1852468621958459,0.056544513847903946,0.0010625178818900738,0.003917018793937022,1.2000000000000002
219,5467,train,0.09270807653665544,0.025,0.0,1.1955283984541891,0.6074372648494846,0.009476413143851257,0.009476413203490233,0.018704284847750868,m_low,0.097093438993603,1.1280000000000001,0.7244359600749902,0.003663479609401917,-0.00581293353444934,continuous_direct_verified,m_low,0.09473552100215302,1.165528398454189,0.6606888683956974,0.0020274444654975743,0.030000000000000027,1.0876660136407796
220,44061,train,0.18364167185500269,0.025,0.0,1.19514769166708,0.2129126526980531,0.018493436044139208,0.018493435846763686,0.2370257233888954,a1_high,0.190376622183265,1.1600000000000001,0.28840315031266056,0.01071007202461378,-0.007783364019525427,continuous_direct_verified,gamma_high,0.18741870397609278,1.175558536928339,0.2554951832376637,0.003777032121090096,0.01958915473874101,1.1999999999999997
221,28534,train,0.15069111548364164,0.025,0.0,0.4554449960589409,0.7528585706628662,0.009511845110171422,0.00951184528838176,0.027373012934489908,a1_high,0.16071264622291886,0.4,0.9120108393559097,0.0032074757854477264,-0.006304369324723696,continuous_direct_verified,a1_high,0.15569681790315903,0.42752030836273175,0.8318037239412587,0.005005702419517394,0.02792468769620915,1.1048605360351864
222,6642,train,0.1971906556747854,0.025,0.0,0.7616503156721592,0.22228262956579256,0.012283491212106892,0.01228349133558056,0.025962460890169785,gamma_low,0.19258527083794974,0.784,0.17378008287493754,0.007227173156795563,-0.005056318055311329,continuous_direct_verified,gamma_low,0.1936485746506702,0.7779287012233046,0.1852355246381605,0.0035420810241151846,0.016278385551145358,1.1999999999999997
223,39859,train,0.11922818375751378,0.025,0.0,1.1897374555468558,0.9843878054196684,0.08364521183884038,0.08364521185242264,0.464982373593662,m_low,0.11926267625198049,1.1520000000000001,1.0,0.06149902397296732,-0.022146187865873065,continuous_direct_verified,m_low,0.11940776748451618,1.1597374555468558,1.0,0.00017958372700239977,0.030000000000000027,1.0158598008776385
224,7673,train,0.16097306730225686,0.025,0.0,1.196938832849264,0.5677131201160492,0.009816647885799867,0.009816647701290088,0.028989972469498342,m_low,0.16522704640576494,1.1600000000000001,0.6309573444801934,0.006186563723566214,-0.003630084162233653,continuous_direct_verified,m_low,0.16459034008504211,1.166938832849264,0.6210881478582644,0.003617272782785258,0.030000000000000027,1.0940176047566146
225,15501,train,0.19605913646519185,0.025,0.0,1.1947658993303776,0.26879970393734864,0.10769918986829428,0.10769918979863072,0.33104979277714025,gamma_low,0.19111590904446293,1.2,0.2187761623949553,0.05274230351590167,-0.05495688635239261,continuous_direct_verified,m_low,0.19999697153415066,1.1647658993303776,0.312442788554165,0.0039378350689588115,0.030000000000000027,1.1623628448154415
226,27226,train,0.16451314860023558,0.025,0.0,0.656963162869215,0.3903736952552231,0.009872379539271002,0.009872379928499254,0.02901734876820507,a1_high,0.171623997112235,0.616,0.47863009232263826,0.006604297003714403,-0.0032680825355565985,continuous_direct_verified,a1_high,0.16951392463877785,0.6284297105458541,0.4525499508596195,0.005000776038542265,0.02853345232336091,1.1592736815008657
227,6530,train,0.1885013624094427,0.025,0.0,0.44221237599849705,0.2785847136658971,0.009455736455540542,0.009455736188661374,0.018658043664419772,a1_high,0.19672550753435333,0.41600000000000004,0.34673685045253166,0.004278224222350288,-0.005177512233190254,continuous_direct_verified,a1_high,0.19351445573347942,0.425492865526921,0.32055251615116936,0.00501309332403671,0.01671951047157605,1.1506464656047268
228,4301,train,0.1990734355058521,0.025,0.0,1.1162616342306135,0.6534741827382916,0.009869506447056189,0.009869506291099806,0.5095185563295288,a1_low,0.19282290842841474,1.1600000000000001,0.5754399373371569,0.006583575762412343,-0.0032859306846438462,continuous_direct_verified,m_high,0.19477557459838796,1.1462616342306136,0.5996743936192431,0.004297860907464146,0.030000000000000027,1.0897150014933072
229,45726,train,0.13676089700311422,0.025,0.0,0.571881515532732,0.4032119086266528,0.009916771242900102,0.009916771310543976,0.022772848279411922,a1_high,0.1453290803636254,0.52,0.5248074602497725,0.005535158555828661,-0.004381612687071441,continuous_direct_verified,m_low,0.14158019464000587,0.541881515532732,0.47195372325632007,0.004819297636891651,0.030000000000000027,1.1704855763407465
230,21821,train,0.18712413357570767,0.025,0.0,0.9591531984508037,0.37765523121776967,0.01085298895224977,0.010852989358367105,0.04157164827436985,a1_high,0.1921796028371623,0.928,0.4365158322401661,0.009294022417559345,-0.001558966534690424,continuous_direct_verified,m_low,0.19214118442351816,0.9291531984508037,0.4359110742662679,0.005017050847810484,0.030000000000000027,1.1542566823730975
231,21649,train,0.12508462970145048,0.025,0.0,1.0269021786749364,0.38016753564182304,0.012052893797626576,0.012052893745231535,0.030797751214002033,a1_high,0.1307485560148845,0.9760000000000001,0.47863009232263826,0.007097749720072362,-0.004955144077554214,continuous_direct_verified,m_low,0.12838073148829748,0.9969021786749364,0.4375522818249001,0.003296101786847,0.030000000000000027,1.1509459404159708
232,8939,train,0.1034845044836402,0.025,0.0,1.1630805537104605,0.5306826181627791,0.01197101094264995,0.011971010951050904,0.021252740680205818,m_low,0.10663009680219777,1.12,0.6025595860743578,0.00465823274869247,-0.00731277819395748,continuous_direct_verified,m_low,0.10587767819858132,1.1330805537104605,0.5846306675839561,0.0023931737149411186,0.030000000000000027,1.1016578413816245
233,29426,train,0.19649441204965118,0.025,0.0,0.4599132336676121,0.2356268331213606,0.009770006533526183,0.009770006969189345,0.0183310731646307,a1_low,0.19031989303267147,0.48000000000000004,0.18197008586099836,0.004879409550854905,-0.004890596982671278,continuous_direct_verified,gamma_low,0.19193576512283403,0.4753266204952872,0.19635569426780053,0.00455864692681715,0.015413386827675069,1.1999999999999997
234,9933,train,0.19921682947315278,0.025,0.0,1.1526689939200878,0.7728892931203905,0.012380740359954762,0.012380740392815242,0.645568489887832,a1_low,0.19321188699971087,1.2,0.6918309709189366,0.005327396829920283,-0.007053343530034478,continuous_direct_verified,m_high,0.19523305807360508,1.1826689939200878,0.7192238513419208,0.0039837713995476975,0.030000000000000027,1.0746157704285546
235,14704,train,0.05062847537919879,0.025,0.0,0.4201252177357674,0.6656842978795764,0.07804973815498858,0.07804973815552267,0.38988336657090444,m_high,0.05020659284031872,0.456,0.6606934480075961,0.05415589886311221,-0.023893839291876377,continuous_direct_verified,m_high,0.05,0.4501252177357674,0.6485026049455068,0.0006284753791987868,0.030000000000000027,1.0264944085082177
236,38738,train,0.19455191059969368,0.025,0.0,0.6368709169328213,0.17462760184176834,0.010076500725901289,0.01007650012656486,0.016302040244499806,gamma_low,0.1897758927699917,0.656,0.12589254117941676,0.005157305108555333,-0.004919195617345956,continuous_direct_verified,gamma_low,0.19168103044011195,0.6487830984590328,0.14552300153480696,0.002870880159581729,0.01191218152621154,1.2
237,3021,train,0.19959139283746485,0.025,0.0,1.1867396779358388,0.5537052950251469,0.12507347595560248,0.12507347595604032,0.7095929151175951,a1_low,0.19459139283746485,1.1920000000000002,0.5011872336272722,0.0882414018353951,-0.03683207412020738,continuous_direct_verified,a1_low,0.19459139283746485,1.2,0.49938424347243365,0.0050000000000000044,0.013260322064161167,1.1087760622461684
238,31677,train,0.18597272676415744,0.025,0.0,1.186257604509592,0.9827383386646765,0.10190015473299249,0.10190015472969025,0.6464465635184148,m_low,0.18625177946468582,1.1520000000000001,1.0,0.0844811223980503,-0.017419032334942186,continuous_direct_verified,m_low,0.18637633003947565,1.156257604509592,1.0,0.00040360327531821505,0.030000000000000027,1.0175648600000466
239,12265,train,0.1452106358949095,0.025,0.0,1.1872384205460547,0.7847795174898441,0.011527030673399247,0.011527030435824351,0.18304043465076855,a1_high,0.1539623576285167,1.096,0.9549925860214359,0.003791255321436139,-0.007735775351963108,continuous_direct_verified,m_low,0.14806331875806764,1.1572384205460546,0.8388856641721874,0.0028526828631581236,0.030000000000000027,1.0689443919935684
240,43021,train,0.1975393013563007,0.025,0.0,1.1482828468084336,0.184218166204715,0.01361250288697081,0.013612502478100079,0.030119277577880285,gamma_low,0.19323282198707506,1.1680000000000001,0.13803842646028852,0.008804307770080545,-0.004808195116890264,continuous_direct_verified,gamma_low,0.19466042378124748,1.1612960637356635,0.1535151385039292,0.002878877575053229,0.013013216927229898,1.1999999999999997
241,32833,train,0.14052119031548502,0.025,0.0,0.800631944835186,0.4715010840645032,0.011883361793734457,0.011883361905924306,0.026930418410084766,a1_high,0.14869177061907599,0.736,0.6025595860743578,0.005796886494852414,-0.006086475298882043,continuous_direct_verified,m_low,0.14430538500296672,0.7706319448351859,0.5319319165643828,0.003784194687481701,0.030000000000000027,1.1281669004426136
242,30266,train,0.1694303691852838,0.025,0.0,0.45173984169960024,0.30628589189919425,0.01012646203506992,0.010126461974528883,0.019090057140536878,a1_high,0.1813364525663911,0.40800000000000003,0.41686938347033553,0.004733328662567365,-0.005393133372502555,continuous_direct_verified,a1_high,0.17485981013663163,0.4309355174228885,0.357973225894977,0.005429440951347814,0.02080432427671175,1.1687551903722495
243,3693,train,0.1929395777639002,0.025,0.0,1.1673857986927032,0.8305173637389217,0.015454600390433608,0.015454600437361844,0.473597071586615,a1_high,0.19831609948398282,1.12,0.9120108393559097,0.004357192957962977,-0.01109740743247063,continuous_direct_verified,m_low,0.19664374071850568,1.1373857986927032,0.8854017524035995,0.003704162954605489,0.030000000000000027,1.066084576988966
244,36658,train,0.1990511907730252,0.025,0.0,0.6050564721226692,0.15082025294017262,0.010151691887647772,0.010151691948963298,0.016939783396890576,gamma_low,0.19438640230996215,0.624,0.10471285480508996,0.004458386749633918,-0.005693305138013854,continuous_direct_verified,gamma_low,0.19647642978643431,0.6150442854063048,0.12568354411681054,0.002574760986590874,0.009987813283635627,1.1999999999999997
245,5044,train,0.10084186391904951,0.025,0.0,0.404495058208704,0.5539370395101076,0.00975070030825246,0.009750700178958918,0.016489051817018607,a1_low,0.09051747200526333,0.48000000000000004,0.3630780547701014,0.0032766980819893864,-0.006474002226263073,continuous_direct_verified,m_high,0.09656174770121416,0.43449505820870404,0.47702424955572975,0.0042801162178353475,0.030000000000000027,1.1612345494511225
246,21147,train,0.09454414737410843,0.025,0.0,1.1639160588383675,0.946171990665866,0.012009508260815467,0.012009508257362939,0.3408707711251612,m_high,0.09212036768504551,1.2,0.8709635899560806,0.00219129401831238,-0.009818214242503086,continuous_direct_verified,m_high,0.09282427833684237,1.1939160588383675,0.8910280426504265,0.001719869037266064,0.030000000000000027,1.06188800506369
247,22002,train,0.1973349687177688,0.025,0.0,0.4037254758179188,0.31856233992666383,0.012680855829097148,0.01268085585464397,0.020284389774721443,a1_low,0.19035706967189822,0.42400000000000004,0.26302679918953814,0.0038852878374367955,-0.008795567991660352,continuous_direct_verified,a1_low,0.19232041609680173,0.41915718713980304,0.2792350952254329,0.005014552620967061,0.015431711321884256,1.140839190251072
248,2851,train,0.11296220403164627,0.025,0.0,1.1893317021429537,0.6024769521002435,0.010112025163164286,0.010112025132090417,0.022701884113749234,a1_high,0.11855488317452582,1.12,0.7244359600749902,0.004355059401899215,-0.005756965761265071,continuous_direct_verified,m_low,0.1154397181818222,1.1593317021429537,0.6557646403029128,0.0024775141501759412,0.030000000000000027,1.0884476792297326
249,3842,train,0.18965010126121346,0.025,0.0,0.4030757673084736,0.21752778779966472,0.010934291308714279,0.010934291364442027,0.014595989691372295,a1_low,0.1801272843104078,0.43200000000000005,0.13803842646028852,0.0040064438572082256,-0.006927847451506053,continuous_direct_verified,gamma_low,0.18515153845411828,0.41676513718628366,0.18127315649972062,0.00449856280709518,0.013689369877810054,1.2
250,35158,train,0.14639346883632243,0.025,0.0,0.4349923223257065,0.49778815139365756,0.011616097780138536,0.011616097611913132,0.023608803320764885,a1_low,0.13452274584721804,0.496,0.34673685045253166,0.003600649792855729,-0.008015447987282806,continuous_direct_verified,a1_high,0.15149756307050954,0.41088655948213776,0.5596506638408009,0.005104094234187118,0.024105762843568745,1.1242747788872571
251,32559,train,0.05819978495128453,0.025,0.0,1.1713180862367154,0.9647962830539395,0.025815233990289118,0.02581523397196978,0.23326168659538193,m_low,0.058699244877223875,1.1360000000000001,1.0,0.025815221985481047,-1.2004808071230944e-08,continuous_direct_verified,m_low,0.05869924494757841,1.136000007696445,1.0,0.0004994599962938814,0.03531807854027047,1.0364882385684857
252,46599,train,0.08273333599790932,0.025,0.0,1.1939595513045789,0.9612425912011502,0.02774554525714645,0.02774554528883272,0.3073834562463344,m_low,0.08358611989936858,1.1600000000000001,1.0,0.019436193125108324,-0.008309352132038126,continuous_direct_verified,m_low,0.08363827534552404,1.1639595513045788,1.0,0.0009049393476147222,0.030000000000000027,1.0403201118569032
253,47900,train,0.11547483834438027,0.025,0.0,0.4038080140948296,0.5202631662975629,0.010698319438738202,0.010698319492523777,0.01659130204719215,a1_low,0.10347851134618814,0.48000000000000004,0.3311311214825911,0.003828794327367334,-0.006869525111370867,continuous_direct_verified,a1_low,0.11046769098151364,0.43378533170821754,0.4438869332193656,0.005007147362866629,0.029977317613387955,1.1720623594938144
254,37947,train,0.08847751137800516,0.025,0.0,1.1701157972216607,0.5610468665276213,0.009544013271371695,0.009544013396429171,0.01815344002078463,m_low,0.09328570749861505,1.096,0.6918309709189366,0.0038443592202334204,-0.005699654051138274,continuous_direct_verified,m_low,0.09047706596916402,1.1401157972216607,0.6146892064777353,0.0019995545911588586,0.030000000000000027,1.0956111568399127
255,44395,train,0.10210088528692723,0.025,0.0,1.1874322190880775,0.9429576709791019,0.012801966808722818,0.012801966893260894,0.3521311316500302,m_low,0.10389997363744764,1.1520000000000001,1.0,0.002184910712235591,-0.010617056096487228,continuous_direct_verified,m_low,0.10394967761529192,1.1574322190880775,0.9990515802241233,0.0018487923283646845,0.030000000000000027,1.059487197539607
256,24845,train,0.19666519891470674,0.025,0.0,1.1820195935666562,0.6615647428210697,0.06419865535146593,0.06419865538744968,0.6645184688265682,m_low,0.19871793860862735,1.1520000000000001,0.6918309709189366,0.025754493687225086,-0.03844416166424085,continuous_direct_verified,m_low,0.19999567544801364,1.1520195935666562,0.7058937608507415,0.0033304765333068975,0.030000000000000027,1.0670063187476442
257,752,train,0.051611544936895376,0.025,0.0,0.4002229876816273,0.4544732156208972,0.04126360595546497,0.04126360596044886,0.3840111483492863,m_high,0.05027205578785534,0.43200000000000005,0.41686938347033553,0.041263551153613034,-5.480185193834641e-08,continuous_direct_verified,m_high,0.05027205575874423,0.43199998032567255,0.41686937611332636,0.0013394891781511459,0.031776992644045265,1.0902053296842515
258,29133,train,0.19987341021187605,0.025,0.0,0.8895065888762475,0.21614224361836004,0.011558421231446625,0.011558421452087487,0.02810979281839184,gamma_low,0.19512890502133376,0.912,0.16595869074375605,0.008118229306486337,-0.0034401919249602876,continuous_direct_verified,gamma_low,0.1964521263383033,0.9055815005226506,0.1801185363486334,0.003421283873572739,0.01607491164640318,1.1999999999999997
259,9287,train,0.07819155077449978,0.025,0.0,1.168055035918951,0.9834498420021238,0.013286705256796122,0.013286705326961915,0.3154533072487374,m_high,0.07631281372707457,1.2,0.9120108393559097,0.013286691656960777,-1.359983534468534e-08,continuous_direct_verified,m_high,0.07631281413214279,1.2,0.9120108520703727,0.001878736642356993,0.031944964081048965,1.0783312937226308
