state_1,state_2,m_1,m_2,gamma_1,gamma_2,reference_noise_level,max_abs_g_difference,rms_g_difference,l2_g_difference,relative_l2_difference,mean_rms_g,sigma_reference,snr_sep,snr_sep_rms
0,1,0.4,0.4,0.01,0.015848931924611134,0.002,5.877763032913208e-05,1.4896646729263289e-05,0.0001489664672926329,0.0008222264278240372,0.018117450650043186,3.6234901300086376e-05,4.111132139120185,0.41111321391201855
0,2,0.4,0.4,0.01,0.025118864315095794,0.002,0.0001518651843070984,3.8488337992836655e-05,0.0003848833799283666,0.002125754229261517,0.01810573276206414,3.621146552412828e-05,10.628771146307585,1.0628771146307585
0,3,0.4,0.4,0.01,0.039810717055349734,0.002,0.00029914453625679016,7.580936547548182e-05,0.0007580936547548182,0.004191327654826426,0.01808719616281617,3.617439232563234e-05,20.95663827413213,2.0956638274132127
0,4,0.4,0.4,0.01,0.06309573444801933,0.002,0.0005314946174621582,0.0001346787052513555,0.001346787052513555,0.007458135784168135,0.01805795833554635,3.61159166710927e-05,37.29067892084068,3.729067892084068
0,5,0.4,0.4,0.01,0.1,0.002,0.0008955113589763641,0.00022687836570522456,0.002268783657052246,0.012595837105525023,0.01801217051351886,3.6024341027037724e-05,62.97918552762511,6.297918552762511
0,6,0.4,0.4,0.01,0.15848931924611143,0.002,0.00145614892244339,0.0003687976119902989,0.0036879761199029894,0.020555331695400265,0.017941700842162817,3.5883401684325635e-05,102.7766584770013,10.27766584770013
0,7,0.4,0.4,0.01,0.25118864315095807,0.002,0.002286292612552643,0.0005786967609057684,0.005786967609057684,0.03244270387941872,0.017837500938782325,3.567500187756465e-05,162.2135193970936,16.221351939709358
0,8,0.4,0.4,0.01,0.3981071705534973,0.002,0.0034197643399238586,0.0008646243052401368,0.008646243052401368,0.048860926149479046,0.017695618429233465,3.539123685846693e-05,244.30463074739524,24.430463074739524
0,9,0.4,0.4,0.01,0.6309573444801934,0.002,0.00477205216884613,0.0012041997338754218,0.012041997338754218,0.0687044772020521,0.01752723814976434,3.505447629952868e-05,343.52238601026045,34.352238601026045
0,10,0.4,0.4,0.01,1.0,0.002,0.006147380918264389,0.0015468962339232656,0.015468962339232657,0.08911971586310108,0.017357508593266725,3.471501718653345e-05,445.5985793155054,44.55985793155053
0,11,0.4,0.6,0.01,0.01,0.002,0.00046906620264053345,7.887440442467259e-05,0.0007887440442467258,0.0043597608846265515,0.018091451919484986,3.618290383896997e-05,21.798804423132758,2.179880442313276
0,12,0.4,0.6,0.01,0.015848931924611134,0.002,0.0005169995129108429,9.004562509599822e-05,0.0009004562509599823,0.004978917989546003,0.018085380254316854,3.617076050863371e-05,24.894589947730008,2.4894589947730004
0,13,0.4,0.6,0.01,0.025118864315095794,0.002,0.0005929470062255859,0.00010821083647006872,0.0010821083647006872,0.005986516152447993,0.01807576121310879,3.615152242621758e-05,29.93258076223997,2.993258076223997
0,14,0.4,0.6,0.01,0.039810717055349734,0.002,0.0007132217288017273,0.0001376432605947911,0.001376432605947911,0.007621218528206717,0.018060531932703773,3.6121063865407546e-05,38.10609264103359,3.810609264103359
0,15,0.4,0.6,0.01,0.06309573444801933,0.002,0.0009033828973770142,0.0001849808872510243,0.001849808872510243,0.010255940988756537,0.018036461739962872,3.6072923479925745e-05,51.27970494378269,5.127970494378269
0,16,0.4,0.6,0.01,0.1,0.002,0.0012028180062770844,0.0002603244518960938,0.0026032445189609382,0.014463608750791042,0.01799858226128083,3.599716452256166e-05,72.31804375395521,7.231804375395521
0,17,0.4,0.6,0.01,0.15848931924611143,0.002,0.0016694292426109314,0.0003783921556024688,0.003783921556024688,0.02109255787577983,0.017939604946490113,3.587920989298023e-05,105.46278937889915,10.546278937889914
0,18,0.4,0.6,0.01,0.25118864315095807,0.002,0.0023785941302776337,0.0005582059725659148,0.0055820597256591485,0.03127188645847887,0.017850089514333284,3.5700179028666566e-05,156.35943229239442,15.63594322923944
0,19,0.4,0.6,0.01,0.3981071705534973,0.002,0.0033983662724494934,0.000816722010505911,0.00816722010505911,0.04608617013524998,0.017721629029035412,3.544325805807082e-05,230.43085067624995,23.043085067624993
0,20,0.4,0.6,0.01,0.6309573444801934,0.002,0.004720162600278854,0.0011511775884772602,0.011511775884772603,0.06557313395908551,0.017555628638941365,3.511125727788273e-05,327.86566979542755,32.786566979542755
0,21,0.4,0.6,0.01,1.0,0.002,0.006199382245540619,0.0015244090942918853,0.01524409094291885,0.08775817931838133,0.017370564272549703,3.474112854509941e-05,438.79089659190663,43.87908965919067
0,22,0.4,0.8,0.01,0.01,0.002,0.0009213052690029144,0.00015660333446418934,0.0015660333446418935,0.008672234331585076,0.018058014633417545,3.611602926683509e-05,43.36117165792539,4.336117165792539
0,23,0.4,0.8,0.01,0.015848931924611134,0.002,0.0009653344750404358,0.00016694903018270478,0.0016694903018270478,0.00924804214895378,0.018052364759344387,3.6104729518688777e-05,46.2402107447689,4.62402107447689
0,24,0.4,0.8,0.01,0.025118864315095794,0.002,0.0010351166129112244,0.00018359050818945332,0.0018359050818945331,0.010174932709464965,0.018043412515020667,3.6086825030041335e-05,50.87466354732483,5.087466354732483
0,25,0.4,0.8,0.01,0.039810717055349734,0.002,0.001145683228969574,0.00021041260249015997,0.0021041260249016,0.011670634658109911,0.0180292339409275,3.6058467881855004e-05,58.35317329054954,5.835317329054954
0,26,0.4,0.8,0.01,0.06309573444801933,0.002,0.001320667564868927,0.0002536049830758668,0.002536049830758668,0.014083839238194371,0.018006807574749085,3.601361514949817e-05,70.41919619097186,7.041919619097186
0,27,0.4,0.8,0.01,0.1,0.002,0.0015967562794685364,0.0003227839589820061,0.0032278395898200614,0.017960926196370165,0.017971454002591446,3.594290800518289e-05,89.80463098185082,8.98046309818508
0,28,0.4,0.8,0.01,0.15848931924611143,0.002,0.002028852701187134,0.0004322259885647931,0.004322259885647931,0.02412488064721677,0.01791619178910458,3.583238357820916e-05,120.62440323608386,12.062440323608387
0,29,0.4,0.8,0.01,0.25118864315095807,0.002,0.0026916414499282837,0.0006011388225543103,0.006011388225543104,0.03371205939694846,0.01783156630913874,3.566313261827748e-05,168.56029698474234,16.856029698474234
0,30,0.4,0.8,0.01,0.3981071705534973,0.002,0.0036626607179641724,0.0008492320064311445,0.008492320064311444,0.047957972933311985,0.017707837810660702,3.541567562132141e-05,239.78986466655988,23.97898646665599
0,31,0.4,0.8,0.01,0.6309573444801934,0.002,0.004962526261806488,0.001181494478909306,0.011814944789093059,0.06735021731323877,0.017542548874256776,3.5085097748513555e-05,336.7510865661938,33.675108656619386
0,32,0.4,0.8,0.01,1.0,0.002,0.006480328738689423,0.00156967578697393,0.0156967578697393,0.09047278852347483,0.01734970052975264,3.469940105950528e-05,452.36394261737416,45.236394261737416
0,33,0.4,1.0,0.01,0.01,0.002,0.0013503581285476685,0.00023144972191781193,0.0023144972191781192,0.012840079054560785,0.018025568295516152,3.6051136591032306e-05,64.20039527280393,6.420039527280394
0,34,0.4,1.0,0.01,0.015848931924611134,0.002,0.0013922713696956635,0.00024143010169163292,0.0024143010169163292,0.013397822896833098,0.018020099500546526,3.604019900109305e-05,66.9891144841655,6.698911448416549
0,35,0.4,1.0,0.01,0.025118864315095794,0.002,0.001458723098039627,0.00025741786462613796,0.00257417864626138,0.014291914958193846,0.01801143271416928,3.602286542833856e-05,71.45957479096926,7.145957479096924
0,36,0.4,1.0,0.01,0.039810717055349734,0.002,0.0015640519559383392,0.0002830959945662103,0.002830959945662103,0.01572956243065581,0.017997703102946856,3.5995406205893713e-05,78.64781215327903,7.864781215327903
0,37,0.4,1.0,0.01,0.06309573444801933,0.002,0.0017308779060840607,0.000324386930395794,0.00324386930395794,0.018045581010881596,0.017975975957780835,3.595195191556167e-05,90.227905054408,9.022790505440799
0,38,0.4,1.0,0.01,0.1,0.002,0.001994457095861435,0.0003906239262308605,0.003906239262308605,0.021771858299198105,0.017941689719946776,3.5883379439893556e-05,108.8592914959905,10.88592914959905
0,39,0.4,1.0,0.01,0.15848931924611143,0.002,0.0024080872535705566,0.0004959091249725049,0.004959091249725049,0.02772304063250541,0.017887977424491053,3.5775954848982104e-05,138.61520316252705,13.861520316252705
0,40,0.4,1.0,0.01,0.25118864315095807,0.002,0.0030459538102149963,0.0006597068816047503,0.006597068816047502,0.03705109416854798,0.017805327923750325,3.561065584750065e-05,185.25547084273992,18.52554708427399
0,41,0.4,1.0,0.01,0.3981071705534973,0.002,0.003990199416875839,0.0009033431541932762,0.009033431541932762,0.051084624993372914,0.017683268778237383,3.536653755647476e-05,255.42312496686455,25.542312496686456
0,42,0.4,1.0,0.01,0.6309573444801934,0.002,0.005277182906866074,0.0012362213812339752,0.012362213812339751,0.07057194963768272,0.017517177682928577,3.5034355365857153e-05,352.85974818841356,35.28597481884136
0,43,0.4,1.0,0.01,1.0,0.002,0.006817556917667389,0.001635911791124135,0.016359117911241353,0.09446232976760405,0.01731813935934886,3.463627871869772e-05,472.31164883802035,47.23116488380202
0,44,0.4,1.2,0.01,0.01,0.002,0.0017565712332725525,0.00030324490032814427,0.003032449003281443,0.016852314699972854,0.017994258102041777,3.5988516204083556e-05,84.26157349986427,8.426157349986427
0,45,0.4,1.2,0.01,0.015848931924611134,0.002,0.0017970874905586243,0.0003130390487967721,0.003130390487967721,0.017401817769965015,0.017988870641839932,3.5977741283679864e-05,87.00908884982508,8.700908884982509
0,46,0.4,1.2,0.01,0.025118864315095794,0.002,0.001861337572336197,0.0003286965213113344,0.0032869652131133436,0.01828089299172262,0.017980331784676184,3.596066356935237e-05,91.40446495861312,9.140446495861312
0,47,0.4,1.2,0.01,0.039810717055349734,0.002,0.001963220536708832,0.0003537944182831885,0.0035379441828318854,0.019691563246223318,0.01796680201867891,3.593360403735782e-05,98.45781623111658,9.845781623111659
0,48,0.4,1.2,0.01,0.06309573444801933,0.002,0.0021246932446956635,0.0003941033106262139,0.003941033106262139,0.021961265436223287,0.017945382599682674,3.589076519936535e-05,109.80632718111643,10.980632718111643
0,49,0.4,1.2,0.01,0.1,0.002,0.0023801289498806,0.00045879147689506164,0.004587914768950617,0.025614272467004418,0.017911556046968105,3.582311209393621e-05,128.07136233502212,12.80713623350221
0,50,0.4,1.2,0.01,0.15848931924611143,0.002,0.002781827002763748,0.0005618926542564841,0.005618926542564842,0.03146363101515722,0.017858480923126745,3.571696184625349e-05,157.31815507578608,15.731815507578606
0,51,0.4,1.2,0.01,0.25118864315095807,0.002,0.0034037157893180847,0.0007231515835084765,0.007231515835084764,0.040680093667547684,0.017776546667230678,3.555309333446136e-05,203.40046833773837,20.340046833773837
0,52,0.4,1.2,0.01,0.3981071705534973,0.002,0.00433092936873436,0.0009651206604442145,0.009651206604442145,0.05466637557699916,0.01765474023579292,3.530948047158584e-05,273.3318778849958,27.33318778849958
0,53,0.4,1.2,0.01,0.6309573444801934,0.002,0.005610082298517227,0.0013002665699300858,0.013002665699300857,0.07435632205391435,0.017486967268059428,3.497393453611886e-05,371.78161026957173,37.17816102695718
0,54,0.4,1.2,0.01,1.0,0.002,0.007166724652051926,0.0017102539520899057,0.017102539520899056,0.09895997713853392,0.017282279175304616,3.4564558350609234e-05,494.7998856926696,49.47998856926696
1,2,0.4,0.4,0.015848931924611134,0.025118864315095794,0.002,9.308755397796631e-05,2.3591691275084848e-05,0.0002359169127508485,0.0013035283720483012,0.01809833355450025,3.61966671090005e-05,6.517641860241505,0.6517641860241504
1,3,0.4,0.4,0.015848931924611134,0.039810717055349734,0.002,0.00024036690592765808,6.09127187769964e-05,0.000609127187769964,0.0033691041402597673,0.018079796955252282,3.615959391050457e-05,16.845520701298835,1.6845520701298835
1,4,0.4,0.4,0.015848931924611134,0.06309573444801933,0.002,0.0004727169871330261,0.00011978205863438841,0.001197820586343884,0.006635919573743235,0.01805055912798246,3.6101118255964915e-05,33.17959786871617,3.3179597868716177
1,5,0.4,0.4,0.015848931924611134,0.1,0.002,0.0008367337286472321,0.00021198171940904997,0.0021198171940904997,0.011773641320228175,0.018004771305954965,3.600954261190993e-05,58.86820660114087,5.886820660114087
1,6,0.4,0.4,0.015848931924611134,0.15848931924611143,0.002,0.0013973712921142578,0.00035390096687078047,0.003539009668707805,0.019733189174650296,0.017934301634598922,3.5868603269197844e-05,98.66594587325146,9.866594587325146
1,7,0.4,0.4,0.015848931924611134,0.25118864315095807,0.002,0.0022275149822235107,0.000563800120239375,0.00563800120239375,0.03162069004083284,0.017830101731218434,3.566020346243687e-05,158.10345020416418,15.810345020416417
1,8,0.4,0.4,0.015848931924611134,0.3981071705534973,0.002,0.0033609867095947266,0.0008497276811283316,0.008497276811283315,0.04803918757900416,0.01768821922166957,3.537643844333914e-05,240.19593789502082,24.019593789502085
1,9,0.4,0.4,0.015848931924611134,0.6309573444801934,0.002,0.004713274538516998,0.001189303164718667,0.01189303164718667,0.0678832247626412,0.01751983894220045,3.5039677884400896e-05,339.416123813206,33.941612381320596
1,10,0.4,0.4,0.015848931924611134,1.0,0.002,0.006088603287935257,0.001531999808351208,0.015319998083512082,0.08829914407419447,0.017350109385702833,3.4700218771405664e-05,441.4957203709724,44.149572037097236
1,11,0.4,0.6,0.015848931924611134,0.01,0.002,0.00041028857231140137,6.574338448744503e-05,0.0006574338448744503,0.00363543424334893,0.018084052711921095,3.616810542384219e-05,18.177171216744647,1.8177171216744648
1,12,0.4,0.6,0.015848931924611134,0.015848931924611134,0.002,0.0004582218825817108,7.645308118825743e-05,0.0007645308118825743,0.004229071874261611,0.018077981046752963,3.6155962093505926e-05,21.145359371308054,2.1145359371308055
1,13,0.4,0.6,0.015848931924611134,0.025118864315095794,0.002,0.0005341693758964539,9.41780740190686e-05,0.000941780740190686,0.00521231941169691,0.018068362005544902,3.6136724011089804e-05,26.061597058484548,2.606159705848455
1,14,0.4,0.6,0.015848931924611134,0.039810717055349734,0.002,0.0006544440984725952,0.00012325637137298212,0.0012325637137298212,0.006827422877212968,0.018053132725139885,3.610626545027977e-05,34.13711438606484,3.4137114386064833
1,15,0.4,0.6,0.015848931924611134,0.06309573444801933,0.002,0.0008446052670478821,0.00017035428316445066,0.0017035428316445065,0.009448870836091274,0.018029062532398984,3.605812506479797e-05,47.24435418045637,4.724435418045637
1,16,0.4,0.6,0.015848931924611134,0.1,0.002,0.0011440403759479523,0.00024555884462924366,0.002455588446292437,0.013648843652808692,0.017991183053716938,3.5982366107433874e-05,68.24421826404345,6.824421826404344
1,17,0.4,0.6,0.015848931924611134,0.15848931924611143,0.002,0.0016106516122817993,0.0003635554171351301,0.003635554171351301,0.02027388166453748,0.017932205738926222,3.586441147785244e-05,101.36940832268739,10.13694083226874
1,18,0.4,0.6,0.015848931924611134,0.25118864315095807,0.002,0.0023198164999485016,0.0005433361196164625,0.005433361196164625,0.030451468375838172,0.017842690306769396,3.5685380613538796e-05,152.25734187919082,15.225734187919084
1,19,0.4,0.6,0.015848931924611134,0.3981071705534973,0.002,0.0033395886421203613,0.0008018377754851336,0.008018377754851336,0.04526517853535024,0.01771422982147152,3.5428459642943045e-05,226.32589267675112,22.63258926767511
1,20,0.4,0.6,0.015848931924611134,0.6309573444801934,0.002,0.004661384969949722,0.001136287411306208,0.01136287411306208,0.06475225410914939,0.017548229431377474,3.5096458862754946e-05,323.7612705457469,32.37612705457469
1,21,0.4,0.6,0.015848931924611134,1.0,0.002,0.006140604615211487,0.0015095165162727444,0.015095165162727445,0.0869378659145966,0.017363165064985815,3.472633012997163e-05,434.6893295729829,43.46893295729829
1,22,0.4,0.8,0.015848931924611134,0.01,0.002,0.0008625276386737823,0.00014320627129234292,0.0014320627129234293,0.007933594944759087,0.018050615425853653,3.610123085170731e-05,39.66797472379543,3.9667974723795427
1,23,0.4,0.8,0.015848931924611134,0.015848931924611134,0.002,0.0009065568447113037,0.00015335176303189787,0.0015335176303189785,0.008498312872465786,0.0180449655517805,3.6089931103561e-05,42.491564362328916,4.249156436232893
1,24,0.4,0.8,0.015848931924611134,0.025118864315095794,0.002,0.0009763389825820923,0.00016974586608714082,0.0016974586608714082,0.009411495943893622,0.01803601330745678,3.607202661491356e-05,47.0574797194681,4.70574797194681
1,25,0.4,0.8,0.015848931924611134,0.039810717055349734,0.002,0.001086905598640442,0.00019629504555777107,0.0019629504555777107,0.010892067786770479,0.018021834733363606,3.604366946672721e-05,54.46033893385239,5.4460338933852395
1,26,0.4,0.8,0.015848931924611134,0.06309573444801933,0.002,0.001261889934539795,0.00023922664761735847,0.0023922664761735846,0.013290806160801026,0.017999408367185193,3.5998816734370385e-05,66.45403080400513,6.645403080400512
1,27,0.4,0.8,0.015848931924611134,0.1,0.002,0.0015379786491394043,0.0003081945269511494,0.0030819452695114943,0.017156178294248894,0.01796405479502755,3.59281095900551e-05,85.78089147124447,8.578089147124446
1,28,0.4,0.8,0.015848931924611134,0.15848931924611143,0.002,0.0019700750708580017,0.00041749267546365435,0.004174926754636543,0.02331216208813434,0.01790879258154069,3.581758516308138e-05,116.56081044067167,11.656081044067168
1,29,0.4,0.8,0.015848931924611134,0.25118864315095807,0.002,0.0026328638195991516,0.0005863219755964355,0.005863219755964355,0.032894775517708835,0.017824167101574848,3.5648334203149694e-05,164.47387758854416,16.447387758854415
1,30,0.4,0.8,0.015848931924611134,0.3981071705534973,0.002,0.0036038830876350403,0.0008343728168595946,0.008343728168595946,0.04713853908194205,0.017700438603096807,3.5400877206193615e-05,235.69269540971024,23.569269540971025
1,31,0.4,0.8,0.015848931924611134,0.6309573444801934,0.002,0.004903748631477356,0.0011666158752211035,0.011666158752211036,0.06653013503711523,0.01753514966669288,3.5070299333385764e-05,332.6506751855762,33.265067518557615
1,32,0.4,0.8,0.015848931924611134,1.0,0.002,0.0064215511083602905,0.0015547886252137162,0.015547886252137162,0.08965295875838747,0.017342301322188752,3.4684602644377505e-05,448.2647937919372,44.82647937919372
1,33,0.4,1.0,0.015848931924611134,0.01,0.002,0.0012915804982185364,0.0002179439564677071,0.002179439564677071,0.012095788168257009,0.01801816908795226,3.603633817590452e-05,60.47894084128504,6.047894084128504
1,34,0.4,1.0,0.015848931924611134,0.015848931924611134,0.002,0.0013334937393665314,0.00022779732152085154,0.0022779732152085155,0.01264648374844701,0.018012700292982634,3.602540058596527e-05,63.23241874223503,6.323241874223504
1,35,0.4,1.0,0.015848931924611134,0.025118864315095794,0.002,0.001399945467710495,0.00024361465878739585,0.0024361465878739584,0.013531115607956272,0.018004033506605392,3.600806701321079e-05,67.65557803978133,6.765557803978133
1,36,0.4,1.0,0.015848931924611134,0.039810717055349734,0.002,0.0015052743256092072,0.0002690823237195661,0.002690823237195661,0.014957074949057613,0.01799030389538296,3.598060779076592e-05,74.78537474528807,7.478537474528807
1,37,0.4,1.0,0.015848931924611134,0.06309573444801933,0.002,0.0016721002757549286,0.00031014129022411774,0.0031014129022411776,0.017260203439338803,0.017968576750216944,3.5937153500433886e-05,86.30101719669402,8.630101719669401
1,38,0.4,1.0,0.015848931924611134,0.1,0.002,0.0019356794655323029,0.0003761571393581026,0.003761571393581026,0.020974185686262956,0.017934290512382885,3.586858102476577e-05,104.87092843131477,10.487092843131476
1,39,0.4,1.0,0.015848931924611134,0.15848931924611143,0.002,0.0023493096232414246,0.0004812643138317609,0.004812643138317609,0.026915478235270844,0.01788057821692716,3.5761156433854326e-05,134.57739117635418,13.457739117635418
1,40,0.4,1.0,0.015848931924611134,0.25118864315095807,0.002,0.0029871761798858643,0.0006449421407216142,0.006449421407216141,0.0362369212174149,0.017797928716186434,3.559585743237287e-05,181.18460608707449,18.118460608707448
1,41,0.4,1.0,0.015848931924611134,0.3981071705534973,0.002,0.003931421786546707,0.0008885101449664885,0.008885101449664885,0.05026684211568518,0.01767586957067349,3.5351739141346986e-05,251.3342105784259,25.13342105784259
1,42,0.4,1.0,0.015848931924611134,0.6309573444801934,0.002,0.0052184052765369415,0.0012213545321539986,0.012213545321539987,0.06975271182741567,0.017509778475364685,3.501955695072937e-05,348.7635591370784,34.87635591370784
1,43,0.4,1.0,0.015848931924611134,1.0,0.002,0.006758779287338257,0.0016210293897155413,0.016210293897155413,0.09364298553972529,0.017310740151784968,3.462148030356994e-05,468.2149276986263,46.82149276986263
1,44,0.4,1.2,0.015848931924611134,0.01,0.002,0.0016977936029434204,0.00028966952267829826,0.0028966952267829825,0.016104508540244856,0.01798685889447789,3.597371778895578e-05,80.52254270122427,8.052254270122427
1,45,0.4,1.2,0.015848931924611134,0.015848931924611134,0.002,0.0017383098602294922,0.0002993696829385765,0.002993696829385765,0.016648786726536854,0.017981471434276038,3.596294286855208e-05,83.24393363268426,8.324393363268427
1,46,0.4,1.2,0.015848931924611134,0.025118864315095794,0.002,0.0018025599420070648,0.00031489596669507207,0.0031489596669507206,0.017520566849289678,0.017972932577112292,3.594586515422458e-05,87.60283424644838,8.760283424644838
1,47,0.4,1.2,0.015848931924611134,0.039810717055349734,0.002,0.0019044429063796997,0.0003398224793895211,0.0033982247938952113,0.01892170262917685,0.017959402811115018,3.5918805622230037e-05,94.60851314588425,9.460851314588425
1,48,0.4,1.2,0.015848931924611134,0.06309573444801933,0.002,0.0020659156143665314,0.0003799276187209565,0.0037992761872095646,0.021180063021347274,0.01793798339211878,3.587596678423756e-05,105.90031510673636,10.590031510673636
1,49,0.4,1.2,0.015848931924611134,0.1,0.002,0.002321351319551468,0.0004444024173862702,0.0044440241738627016,0.024821186575410846,0.017904156839404217,3.580831367880843e-05,124.10593287705422,12.410593287705423
1,50,0.4,1.2,0.015848931924611134,0.15848931924611143,0.002,0.002723049372434616,0.000547312883240974,0.005473128832409739,0.030659928174762544,0.01785108171556285,3.57021634311257e-05,153.2996408738127,15.329964087381272
1,51,0.4,1.2,0.015848931924611134,0.25118864315095807,0.002,0.0033449381589889526,0.0007084294646620726,0.007084294646620726,0.039868511771321495,0.017769147459666783,3.553829491933357e-05,199.34255885660747,19.934255885660747
1,52,0.4,1.2,0.015848931924611134,0.3981071705534973,0.002,0.004272151738405228,0.000950310189614428,0.00950310189614428,0.053850049596383585,0.017647341028229027,3.5294682056458056e-05,269.25024798191794,26.925024798191792
1,53,0.4,1.2,0.015848931924611134,0.6309573444801934,0.002,0.005551304668188095,0.0012854095729848965,0.012854095729848964,0.0735378339176452,0.017479568060495537,3.4959136120991074e-05,367.689169588226,36.7689169588226
1,54,0.4,1.2,0.015848931924611134,1.0,0.002,0.007107947021722794,0.0016953749609204395,0.016953749609204392,0.09814105591971689,0.017274879967740724,3.454975993548145e-05,490.70527959858435,49.070527959858445
2,3,0.4,0.4,0.025118864315095794,0.039810717055349734,0.002,0.00014727935194969177,3.732102755954902e-05,0.00037321027559549024,0.0020655780518001334,0.018068079067273236,3.6136158134546474e-05,10.327890259000666,1.0327890259000667
2,4,0.4,0.4,0.025118864315095794,0.06309573444801933,0.002,0.0003796294331550598,9.619036756691329e-05,0.000961903675669133,0.005332402801661062,0.018038841240003413,3.607768248000683e-05,26.662014008305306,2.6662014008305306
2,5,0.4,0.4,0.025118864315095794,0.1,0.002,0.0007436461746692657,0.00018839002889985116,0.0018839002889985115,0.010470153371058217,0.01799305341797592,3.598610683595184e-05,52.350766855291084,5.235076685529108
2,6,0.4,0.4,0.025118864315095794,0.15848931924611143,0.002,0.0013042837381362915,0.0003303092783455017,0.0033030927834550167,0.018429780159782853,0.017922583746619876,3.584516749323975e-05,92.14890079891428,9.214890079891429
2,7,0.4,0.4,0.025118864315095794,0.25118864315095807,0.002,0.0021344274282455444,0.0005402084390832711,0.005402084390832711,0.030317476816969335,0.017818383843239388,3.5636767686478774e-05,151.5873840848467,15.158738408484668
2,8,0.4,0.4,0.025118864315095794,0.3981071705534973,0.002,0.0032678991556167603,0.0008261360270433707,0.008261360270433707,0.04673639944058369,0.017676501333690524,3.535300266738105e-05,233.68199720291844,23.368199720291845
2,9,0.4,0.4,0.025118864315095794,0.6309573444801934,0.002,0.004620186984539032,0.001165711599827278,0.01165711599827278,0.06658119373387654,0.017508121054221403,3.501624210844281e-05,332.9059686693827,33.290596866938266
2,10,0.4,0.4,0.025118864315095794,1.0,0.002,0.005995515733957291,0.0015084084754039381,0.015084084754039382,0.08699817832594013,0.017338391497723787,3.467678299544758e-05,434.9908916297006,43.49908916297006
2,11,0.4,0.6,0.025118864315095794,0.01,0.002,0.00031720101833343506,4.7146473243612326e-05,0.00047146473243612325,0.002608764927327107,0.01807233482394205,3.61446696478841e-05,13.043824636635534,1.3043824636635535
2,12,0.4,0.6,0.025118864315095794,0.015848931924611134,0.002,0.0003651343286037445,5.6293435648859263e-05,0.0005629343564885926,0.0031159424145507505,0.018066263158773917,3.613252631754783e-05,15.579712072753752,1.5579712072753753
2,13,0.4,0.6,0.025118864315095794,0.025118864315095794,0.002,0.00044108182191848755,7.26615488152113e-05,0.000726615488152113,0.004024089323692475,0.018056644117565857,3.611328823513172e-05,20.120446618462374,2.0120446618462373
2,14,0.4,0.6,0.025118864315095794,0.039810717055349734,0.002,0.0005613565444946289,0.0001007754317672458,0.001007754317672458,0.005585783192550587,0.01804141483716084,3.608282967432168e-05,27.92891596275293,2.792891596275293
2,15,0.4,0.6,0.025118864315095794,0.06309573444801933,0.002,0.0007515177130699158,0.00014730099313429602,0.0014730099313429602,0.008175510656056408,0.01801734464441994,3.603468928883988e-05,40.87755328028202,4.087755328028202
2,16,0.4,0.6,0.025118864315095794,0.1,0.002,0.001050952821969986,0.00022221044522840956,0.0022221044522840955,0.012359124322110495,0.017979465165737892,3.595893033147579e-05,61.79562161055246,6.179562161055246
2,17,0.4,0.6,0.025118864315095794,0.15848931924611143,0.002,0.001517564058303833,0.0003400693030821366,0.003400693030821366,0.01897656503051966,0.017920487850947176,3.5840975701894356e-05,94.88282515259829,9.48828251525983
2,18,0.4,0.6,0.025118864315095794,0.25118864315095807,0.002,0.0022267289459705353,0.0005197899906116162,0.005197899906116162,0.02915096150694841,0.01783097241879035,3.56619448375807e-05,145.754807534742,14.575480753474201
2,19,0.4,0.6,0.025118864315095794,0.3981071705534973,0.002,0.003246501088142395,0.000778266705577474,0.007782667055774739,0.04396363117852349,0.017702511933492475,3.540502386698495e-05,219.81815589261743,21.981815589261746
2,20,0.4,0.6,0.025118864315095794,0.6309573444801934,0.002,0.004568297415971756,0.0011127063154569871,0.01112706315456987,0.06345083585770868,0.017536511543398428,3.507302308679686e-05,317.25417928854336,31.725417928854334
2,21,0.4,0.6,0.025118864315095794,1.0,0.002,0.0060475170612335205,0.0014859314318204438,0.014859314318204439,0.08563731985361558,0.01735144717700677,3.470289435401354e-05,428.18659926807794,42.81865992680779
2,22,0.4,0.8,0.025118864315095794,0.01,0.002,0.000769440084695816,0.00012269888281149727,0.0012269888281149725,0.006801905856712015,0.018038897537874608,3.6077795075749216e-05,34.00952928356008,3.4009529283560083
2,23,0.4,0.8,0.025118864315095794,0.015848931924611134,0.002,0.0008134692907333374,0.00013239120166421429,0.001323912016642143,0.007341506318352526,0.018033247663801454,3.6066495327602905e-05,36.70753159176263,3.6707531591762628
2,24,0.4,0.8,0.025118864315095794,0.025118864315095794,0.002,0.000883251428604126,0.00014823804192857362,0.0014823804192857363,0.00822434599958798,0.018024295419477733,3.604859083895547e-05,41.12172999793989,4.112172999793989
2,25,0.4,0.8,0.025118864315095794,0.039810717055349734,0.002,0.0009938180446624756,0.0001742028111077828,0.0017420281110778282,0.009672497552531184,0.01801011684538456,3.602023369076912e-05,48.362487762655924,4.836248776265593
2,26,0.4,0.8,0.025118864315095794,0.06309573444801933,0.002,0.0011688023805618286,0.00021659912358131284,0.0021659912358131285,0.012041519384142307,0.017987690479206148,3.59753809584123e-05,60.20759692071153,6.020759692071153
2,27,0.4,0.8,0.025118864315095794,0.1,0.002,0.001444891095161438,0.0002851543332107631,0.002851543332107631,0.015883967345711125,0.017952336907048505,3.590467381409701e-05,79.41983672855564,7.941983672855563
2,28,0.4,0.8,0.025118864315095794,0.15848931924611143,0.002,0.0018769875168800354,0.00039418474824535744,0.0039418474824535745,0.022025093765025348,0.017897074693561645,3.579414938712329e-05,110.12546882512673,11.012546882512673
2,29,0.4,0.8,0.025118864315095794,0.25118864315095807,0.002,0.0025397762656211853,0.0005628652640818008,0.005628652640818007,0.0315995435176977,0.017812449213595802,3.562489842719161e-05,157.99771758848848,15.79977175884885
2,30,0.4,0.8,0.025118864315095794,0.3981071705534973,0.002,0.003510795533657074,0.000810843246995493,0.00810843246995493,0.04583956409592138,0.01768872071511776,3.537744143023552e-05,229.19782047960692,22.91978204796069
2,31,0.4,0.8,0.025118864315095794,0.6309573444801934,0.002,0.00481066107749939,0.0011430537123684685,0.011430537123684683,0.06523001469135543,0.017523431778713836,3.504686355742767e-05,326.15007345677725,32.615007345677725
2,32,0.4,0.8,0.025118864315095794,1.0,0.002,0.006328463554382324,0.0015312123271451453,0.015312123271451454,0.08835318977909358,0.017330583434209706,3.466116686841941e-05,441.7659488954679,44.176594889546784
2,33,0.4,1.0,0.025118864315095794,0.01,0.002,0.00119849294424057,0.0001969656769444259,0.001969656769444259,0.010938617207632721,0.018006451199973215,3.601290239994643e-05,54.693086038163614,5.469308603816362
2,34,0.4,1.0,0.025118864315095794,0.015848931924611134,0.002,0.001240406185388565,0.00020656456654398106,0.0020656456654398105,0.011475182959268042,0.01800098240500359,3.600196481000718e-05,57.37591479634021,5.7375914796340215
2,35,0.4,1.0,0.025118864315095794,0.025118864315095794,0.002,0.0013068579137325287,0.00022204390833463098,0.00222043908334631,0.012341041200097809,0.017992315618626346,3.5984631237252694e-05,61.705206000489035,6.170520600048903
2,36,0.4,1.0,0.025118864315095794,0.039810717055349734,0.002,0.0014121867716312408,0.00024710037824081756,0.002471003782408176,0.013744149742313274,0.017978586007403916,3.595717201480783e-05,68.72074871156639,6.872074871156638
2,37,0.4,1.0,0.025118864315095794,0.06309573444801933,0.002,0.0015790127217769623,0.00028771547819756707,0.0028771547819756707,0.0160225950654774,0.0179568588622379,3.59137177244758e-05,80.11297532738699,8.0112975327387
2,38,0.4,1.0,0.025118864315095794,0.1,0.002,0.0018425919115543365,0.000353319268782471,0.00353319268782471,0.01971364692931317,0.01792257262440384,3.584514524880768e-05,98.56823464656584,9.856823464656584
2,39,0.4,1.0,0.025118864315095794,0.15848931924611143,0.002,0.0022562220692634583,0.00045810464821752396,0.00458104648217524,0.025637037829177055,0.017868860328948116,3.573772065789623e-05,128.18518914588526,12.818518914588527
2,40,0.4,1.0,0.025118864315095794,0.25118864315095807,0.002,0.002894088625907898,0.0006215722040206591,0.006215722040206591,0.03494685911598998,0.01778621082820739,3.557242165641478e-05,174.7342955799499,17.47342955799499
2,41,0.4,1.0,0.025118864315095794,0.3981071705534973,0.002,0.003838334232568741,0.00086502369576122,0.0086502369576122,0.04897057675340746,0.017664151682694446,3.532830336538889e-05,244.85288376703733,24.485288376703735
2,42,0.4,1.0,0.025118864315095794,0.6309573444801934,0.002,0.005125317722558975,0.001197811536085719,0.01197811536085719,0.06845395980336369,0.01749806058738564,3.499612117477128e-05,342.2697990168184,34.226979901681844
2,43,0.4,1.0,0.025118864315095794,1.0,0.002,0.0066656917333602905,0.0015974607952226132,0.015974607952226133,0.09234399325359093,0.017299022263805922,3.4598044527611846e-05,461.7199662679546,46.17199662679546
2,44,0.4,1.2,0.025118864315095794,0.01,0.002,0.001604706048965454,0.00026845708831635623,0.0026845708831635625,0.014934908617367544,0.017975141006498843,3.5950282012997684e-05,74.67454308683772,7.467454308683771
2,45,0.4,1.2,0.025118864315095794,0.015848931924611134,0.002,0.0016452223062515259,0.00027797970224656497,0.0027797970224656497,0.015469310779938211,0.017969753546296992,3.5939507092593986e-05,77.34655389969106,7.734655389969105
2,46,0.4,1.2,0.025118864315095794,0.025118864315095794,0.002,0.0017094723880290985,0.000293259604625057,0.0029325960462505698,0.01632738151069942,0.017961214689133247,3.5922429378266496e-05,81.63690755349708,8.163690755349709
2,47,0.4,1.2,0.025118864315095794,0.039810717055349734,0.002,0.0018113553524017334,0.0003178670442573009,0.003178670442573009,0.017710754652681994,0.017947684923135972,3.589536984627194e-05,88.55377326340997,8.855377326340998
2,48,0.4,1.2,0.025118864315095794,0.06309573444801933,0.002,0.001972828060388565,0.00035759758103485697,0.00357597581034857,0.019948247500422022,0.017926265504139734,3.585253100827947e-05,99.74123750211011,9.97412375021101
2,49,0.4,1.2,0.025118864315095794,0.1,0.002,0.0022282637655735016,0.000421686671059118,0.00421686671059118,0.023567869769119974,0.01789243895142517,3.5784877902850346e-05,117.83934884559987,11.783934884559987
2,50,0.4,1.2,0.025118864315095794,0.15848931924611143,0.002,0.0026299618184566498,0.0005242594430509061,0.00524259443050906,0.02938778804658264,0.017839363827583804,3.5678727655167606e-05,146.9389402329132,14.693894023291321
2,51,0.4,1.2,0.025118864315095794,0.25118864315095807,0.002,0.0032518506050109863,0.0006851295834847803,0.006851295834847802,0.03858270031250152,0.017757429571687737,3.5514859143375474e-05,192.9135015625076,19.29135015625076
2,52,0.4,1.2,0.025118864315095794,0.3981071705534973,0.002,0.004179064184427261,0.0009268606082421471,0.009268606082421471,0.052556158683543346,0.01763562314024998,3.527124628049996e-05,262.7807934177168,26.278079341771676
2,53,0.4,1.2,0.025118864315095794,0.6309573444801934,0.002,0.005458217114210129,0.001261882576097685,0.012618825760976848,0.0722402907990991,0.01746785017251649,3.493570034503298e-05,361.2014539954955,36.12014539954956
2,54,0.4,1.2,0.025118864315095794,1.0,0.002,0.007014859467744827,0.0016718118665266556,0.016718118665266558,0.09684273708387353,0.01726316207976168,3.4526324159523356e-05,484.2136854193677,48.421368541936765
3,4,0.4,0.4,0.039810717055349734,0.06309573444801933,0.002,0.00023235008120536804,5.8869340128489015e-05,0.0005886934012848901,0.0032668337912194747,0.018020304640755443,3.6040609281510885e-05,16.33416895609738,1.633416895609738
3,5,0.4,0.4,0.039810717055349734,0.1,0.002,0.000596366822719574,0.00015106900214653497,0.0015106900214653498,0.008404621034882764,0.017974516818727953,3.594903363745591e-05,42.023105174413814,4.202310517441381
3,6,0.4,0.4,0.039810717055349734,0.15848931924611143,0.002,0.0011570043861865997,0.00029298825443043353,0.002929882544304335,0.016364358964137363,0.01790404714737191,3.580809429474382e-05,81.82179482068682,8.182179482068682
3,7,0.4,0.4,0.039810717055349734,0.25118864315095807,0.002,0.0019871480762958527,0.0005028874264583911,0.00502887426458391,0.02825234506594699,0.017799847243991418,3.559969448798284e-05,141.26172532973493,14.126172532973495
3,8,0.4,0.4,0.039810717055349734,0.3981071705534973,0.002,0.0031206198036670685,0.0007888150571826538,0.00788815057182654,0.044671912592737194,0.017657964734442557,3.5315929468885115e-05,223.35956296368602,22.335956296368597
3,9,0.4,0.4,0.039810717055349734,0.6309573444801934,0.002,0.00447290763258934,0.001128390772656835,0.01128390772656835,0.06451787208334499,0.017489584454973436,3.497916890994687e-05,322.5893604167249,32.25893604167249
3,10,0.4,0.4,0.039810717055349734,1.0,0.002,0.005848236382007599,0.0014710880209274429,0.014710880209274428,0.08493650954644553,0.017319854898475817,3.4639709796951634e-05,424.6825477322277,42.468254773222775
3,11,0.4,0.6,0.039810717055349734,0.01,0.002,0.00016992166638374329,3.4274510891758204e-05,0.000342745108917582,0.001898465379150928,0.01805379822469408,3.6107596449388155e-05,9.492326895754642,0.9492326895754643
3,12,0.4,0.6,0.039810717055349734,0.015848931924611134,0.002,0.00021785497665405273,3.47643107492059e-05,0.000347643107492059,0.001926243210442293,0.018047726559525946,3.6095453119051895e-05,9.631216052211466,0.9631216052211465
3,13,0.4,0.6,0.039810717055349734,0.025118864315095794,0.002,0.0002938024699687958,4.3288516776887216e-05,0.0004328851677688722,0.002399836941482208,0.018038107518317886,3.6076215036635774e-05,11.99918470741104,1.199918470741104
3,14,0.4,0.6,0.039810717055349734,0.039810717055349734,0.002,0.00041407719254493713,6.679346802550741e-05,0.0006679346802550742,0.0037060378006106088,0.01802287823791287,3.604575647582574e-05,18.530189003053046,1.8530189003053044
3,15,0.4,0.6,0.039810717055349734,0.06309573444801933,0.002,0.000604238361120224,0.00011129256378072157,0.0011129256378072157,0.006183329668354059,0.01799880804517197,3.599761609034394e-05,30.9166483417703,3.09166483417703
3,16,0.4,0.6,0.039810717055349734,0.1,0.002,0.0009036734700202942,0.00018539957980406115,0.0018539957980406112,0.010322382783146577,0.017960928566489925,3.592185713297985e-05,51.611913915732885,5.161191391573289
3,17,0.4,0.6,0.039810717055349734,0.15848931924611143,0.002,0.0013702847063541412,0.00030294846490390274,0.0030294846490390276,0.01692265053370356,0.01790195125169921,3.580390250339842e-05,84.6132526685178,8.46132526685178
3,18,0.4,0.6,0.039810717055349734,0.25118864315095807,0.002,0.0020794495940208435,0.00048254991994198476,0.004825499199419847,0.02709061943187857,0.01781243581954238,3.562487163908476e-05,135.45309715939288,13.545309715939288
3,19,0.4,0.6,0.039810717055349734,0.3981071705534973,0.002,0.0030992217361927032,0.0007409808439064992,0.007409808439064991,0.04190125975077624,0.017683975334244505,3.536795066848901e-05,209.50629875388123,20.950629875388124
3,20,0.4,0.6,0.039810717055349734,0.6309573444801934,0.002,0.004421018064022064,0.0010754029026914021,0.01075402902691402,0.06138853983522203,0.017517974944150458,3.5035949888300916e-05,306.9426991761102,30.694269917611024
3,21,0.4,0.6,0.039810717055349734,1.0,0.002,0.005900237709283829,0.0014486212207862762,0.014486212207862762,0.08357633960479287,0.0173329105777588,3.46658211555176e-05,417.88169802396436,41.78816980239644
3,22,0.4,0.8,0.039810717055349734,0.01,0.002,0.0006221607327461243,9.328181586501497e-05,0.0009328181586501496,0.005176467673578359,0.01802036093862664,3.604072187725328e-05,25.88233836789179,2.588233836789179
3,23,0.4,0.8,0.039810717055349734,0.015848931924611134,0.002,0.0006661899387836456,0.00010161441404260807,0.0010161441404260806,0.005640635238527301,0.018014711064553483,3.602942212910697e-05,28.203176192636505,2.8203176192636508
3,24,0.4,0.8,0.039810717055349734,0.025118864315095794,0.002,0.0007359720766544342,0.00011588018081350843,0.0011588018081350843,0.006435728811568618,0.018005758820229763,3.601151764045953e-05,32.17864405784309,3.2178644057843084
3,25,0.4,0.8,0.039810717055349734,0.039810717055349734,0.002,0.0008465386927127838,0.00014025346067291262,0.0014025346067291263,0.007795505383860311,0.017991580246136594,3.598316049227319e-05,38.97752691930155,3.8977526919301546
3,26,0.4,0.8,0.039810717055349734,0.06309573444801933,0.002,0.0010215230286121368,0.0001813049376838026,0.001813049376838026,0.010089787137168451,0.017969153879958177,3.5938307759916354e-05,50.44893568584226,5.044893568584226
3,27,0.4,0.8,0.039810717055349734,0.1,0.002,0.0012976117432117462,0.0002489160539158058,0.0024891605391580583,0.013879715935475012,0.01793380030780054,3.586760061560108e-05,69.39857967737507,6.939857967737506
3,28,0.4,0.8,0.039810717055349734,0.15848931924611143,0.002,0.0017297081649303436,0.0003573881413764432,0.003573881413764432,0.01998978548979414,0.017878538094313674,3.575707618862735e-05,99.94892744897068,9.994892744897069
3,29,0.4,0.8,0.039810717055349734,0.25118864315095807,0.002,0.0023924969136714935,0.0005257820779533265,0.005257820779533266,0.029548424191392888,0.01779391261434783,3.5587825228695664e-05,147.74212095696444,14.774212095696445
3,30,0.4,0.8,0.039810717055349734,0.3981071705534973,0.002,0.003363516181707382,0.0007736279839186407,0.007736279839186407,0.0437815462954818,0.017670184115869795,3.534036823173959e-05,218.90773147740904,21.8907731477409
3,31,0.4,0.8,0.039810717055349734,0.6309573444801934,0.002,0.004663381725549698,0.001105781809336164,0.01105781809336164,0.06316986180147495,0.01750489517946587,3.500979035893174e-05,315.84930900737476,31.584930900737472
3,32,0.4,0.8,0.039810717055349734,1.0,0.002,0.0061811842024326324,0.0014939165298823265,0.014939165298823264,0.08629346628530123,0.017312046834961736,3.4624093669923474e-05,431.4673314265061,43.14673314265061
3,33,0.4,1.0,0.039810717055349734,0.01,0.002,0.0010512135922908783,0.0001652232684532836,0.001652232684532836,0.009185237539799196,0.017987914600725248,3.59758292014505e-05,45.926187698995975,4.592618769899597
3,34,0.4,1.0,0.039810717055349734,0.015848931924611134,0.002,0.0010931268334388733,0.0001742175504240182,0.0017421755042401818,0.009688201054845197,0.01798244580575562,3.596489161151124e-05,48.44100527422598,4.844100527422598
3,35,0.4,1.0,0.039810717055349734,0.025118864315095794,0.002,0.001159578561782837,0.00018890769176249748,0.0018890769176249749,0.010510182169193647,0.017973779019378376,3.594755803875675e-05,52.55091084596824,5.255091084596823
3,36,0.4,1.0,0.039810717055349734,0.039810717055349734,0.002,0.001264907419681549,0.00021302901514474488,0.0021302901514474487,0.011861271108085313,0.01796004940815595,3.59200988163119e-05,59.30635554042656,5.930635554042657
3,37,0.4,1.0,0.039810717055349734,0.06309573444801933,0.002,0.0014317333698272705,0.00025267170694592367,0.002526717069459237,0.014085581875582202,0.017938322262989928,3.5876644525979855e-05,70.42790937791102,7.042790937791102
3,38,0.4,1.0,0.039810717055349734,0.1,0.002,0.0016953125596046448,0.00031741513637171593,0.0031741513637171593,0.017728691783558483,0.01790403602515587,3.5808072050311735e-05,88.64345891779242,8.864345891779243
3,39,0.4,1.0,0.039810717055349734,0.15848931924611143,0.002,0.0021089427173137665,0.00042156427421888016,0.004215642742188801,0.023616617860967033,0.01785032372970015,3.5700647459400296e-05,118.08308930483514,11.808308930483516
3,40,0.4,1.0,0.039810717055349734,0.25118864315095807,0.002,0.002746809273958206,0.0005846379074140622,0.005846379074140621,0.03290458277657773,0.017767674228959418,3.5535348457918835e-05,164.52291388288867,16.45229138828887
3,41,0.4,1.0,0.039810717055349734,0.3981071705534973,0.002,0.003691054880619049,0.0008278810729877861,0.008278810729877862,0.046917099181452135,0.017645615083446475,3.529123016689295e-05,234.58549590726074,23.45854959072607
3,42,0.4,1.0,0.039810717055349734,0.6309573444801934,0.002,0.0049780383706092834,0.0011605713767431222,0.011605713767431223,0.06639605160476533,0.017479523988137673,3.4959047976275346e-05,331.9802580238266,33.19802580238266
3,43,0.4,1.0,0.039810717055349734,1.0,0.002,0.006518412381410599,0.0015601775927449907,0.015601775927449907,0.09028551760815925,0.017280485664557955,3.456097132911591e-05,451.42758804079625,45.14275880407963
3,44,0.4,1.2,0.039810717055349734,0.01,0.002,0.0014574266970157623,0.00023582333811492895,0.0023582333811492896,0.013132958368214848,0.017956604407250873,3.591320881450175e-05,65.66479184107423,6.566479184107423
3,45,0.4,1.2,0.039810717055349734,0.015848931924611134,0.002,0.001497942954301834,0.00024496720945264415,0.0024496720945264418,0.013646273128737046,0.017951216947049025,3.590243389409805e-05,68.23136564368524,6.8231365643685224
3,46,0.4,1.2,0.039810717055349734,0.025118864315095794,0.002,0.0015621930360794067,0.0002597267030009847,0.002597267030009847,0.014475358789800667,0.017942678089885276,3.588535617977055e-05,72.37679394900334,7.237679394900334
3,47,0.4,1.2,0.039810717055349734,0.039810717055349734,0.002,0.0016640760004520416,0.00028367025811380623,0.0028367025811380626,0.01582173636970009,0.017929148323888006,3.585829664777601e-05,79.10868184850044,7.9108681848500435
3,48,0.4,1.2,0.039810717055349734,0.06309573444801933,0.002,0.0018255487084388733,0.000322638247762313,0.0032263824776231297,0.018016703819666347,0.017907728904891767,3.5815457809783534e-05,90.08351909833175,9.008351909833175
3,49,0.4,1.2,0.039810717055349734,0.1,0.002,0.00208098441362381,0.0003859651110960682,0.003859651110960682,0.021593779774065635,0.0178739023521772,3.57478047043544e-05,107.96889887032818,10.796889887032817
3,50,0.4,1.2,0.039810717055349734,0.15848931924611143,0.002,0.002482682466506958,0.00048789429528952504,0.00487894295289525,0.027377758004059054,0.017820827228335837,3.5641654456671676e-05,136.88879002029526,13.688879002029527
3,51,0.4,1.2,0.039810717055349734,0.25118864315095807,0.002,0.0031045712530612946,0.0006483127764949087,0.006483127764949088,0.036547533011342205,0.01773889297243977,3.5477785944879544e-05,182.737665056711,18.273766505671098
3,52,0.4,1.2,0.039810717055349734,0.3981071705534973,0.002,0.00403178483247757,0.0008897793827398171,0.00889779382739817,0.050506613603159875,0.01761708654100201,3.5234173082004026e-05,252.5330680157994,25.25330680157994
3,53,0.4,1.2,0.039810717055349734,0.6309573444801934,0.002,0.005310937762260437,0.0012246687408620908,0.012246687408620907,0.07018435056025482,0.017449313573268524,3.489862714653705e-05,350.92175280127407,35.09217528012741
3,54,0.4,1.2,0.039810717055349734,1.0,0.002,0.0068675801157951355,0.0016345376087808312,0.016345376087808314,0.0947853353282648,0.01724462548051371,3.4489250961027426e-05,473.9266766413239,47.39266766413238
4,5,0.4,0.4,0.06309573444801933,0.1,0.002,0.00036401674151420593,9.219966283633414e-05,0.0009219966283633413,0.005137822759970505,0.017945278991458133,3.5890557982916264e-05,25.68911379985252,2.5689113799852525
4,6,0.4,0.4,0.06309573444801933,0.15848931924611143,0.002,0.0009246543049812317,0.00023411891927740245,0.0023411891927740246,0.013097701636129418,0.01787480932010209,3.574961864020418e-05,65.48850818064707,6.5488508180647065
4,7,0.4,0.4,0.06309573444801933,0.25118864315095807,0.002,0.0017547979950904846,0.00044401810905859567,0.004440181090585957,0.024986093534912105,0.017770609416721598,3.55412188334432e-05,124.93046767456052,12.49304676745605
4,8,0.4,0.4,0.06309573444801933,0.3981071705534973,0.002,0.0028882697224617004,0.0007299458087918499,0.007299458087918499,0.041406609373184584,0.017628726907172737,3.5257453814345475e-05,207.0330468659229,20.70330468659229
4,9,0.4,0.4,0.06309573444801933,0.6309573444801934,0.002,0.004240557551383972,0.001069521756462827,0.01069521756462827,0.061254325545053084,0.017460346627703613,3.492069325540723e-05,306.27162772526543,30.627162772526543
4,10,0.4,0.4,0.06309573444801933,1.0,0.002,0.005615886300802231,0.001412219611966998,0.014122196119669982,0.08167548943749164,0.017290617071205997,3.4581234142411995e-05,408.37744718745824,40.83774471874582
4,11,0.4,0.6,0.06309573444801933,0.01,0.002,0.0001395680010318756,7.199884139307081e-05,0.0007199884139307081,0.003994485291489248,0.01802456039742426,3.6049120794848516e-05,19.972426457446247,1.9972426457446246
4,12,0.4,0.6,0.06309573444801933,0.015848931924611134,0.002,0.00011408329010009766,6.146979267718386e-05,0.0006146979267718386,0.0034114843697819444,0.018018488732256126,3.6036977464512256e-05,17.057421848909723,1.7057421848909722
4,13,0.4,0.6,0.06309573444801933,0.025118864315095794,0.002,7.952377200126648e-05,4.651790501678254e-05,0.0004651790501678254,0.0025830552286080386,0.018008869691048063,3.601773938209613e-05,12.915276143040193,1.2915276143040195
4,14,0.4,0.6,0.06309573444801933,0.039810717055349734,0.002,0.0001817271113395691,3.378662983377804e-05,0.00033786629833778035,0.0018776984013637171,0.017993640410643046,3.598728082128609e-05,9.388492006818588,0.938849200681859
4,15,0.4,0.6,0.06309573444801933,0.06309573444801933,0.002,0.00037188827991485596,5.796958662851561e-05,0.0005796958662851561,0.003225986260415039,0.017969570217902145,3.593914043580429e-05,16.129931302075196,1.6129931302075198
4,16,0.4,0.6,0.06309573444801933,0.1,0.002,0.0006713233888149261,0.00012793571269624208,0.0012793571269624207,0.007134615165787002,0.017931690739220102,3.5863381478440205e-05,35.673075828935005,3.567307582893501
4,17,0.4,0.6,0.06309573444801933,0.15848931924611143,0.002,0.0011379346251487732,0.00024451800873488927,0.002445180087348893,0.013681079247914807,0.017872713424429386,3.5745426848858774e-05,68.40539623957403,6.840539623957404
4,18,0.4,0.6,0.06309573444801933,0.25118864315095807,0.002,0.0018470995128154755,0.0004238367669572083,0.004238367669572083,0.023833551599739298,0.017783197992272556,3.556639598454511e-05,119.16775799869652,11.91677579986965
4,19,0.4,0.6,0.06309573444801933,0.3981071705534973,0.002,0.002866871654987335,0.0006821745040097754,0.006821745040097755,0.03863974209417022,0.017654737506974685,3.530947501394937e-05,193.1987104708511,19.31987104708511
4,20,0.4,0.6,0.06309573444801933,0.6309573444801934,0.002,0.004188667982816696,0.0010165637798276357,0.010165637798276356,0.05812676884750122,0.017488737116880638,3.497747423376128e-05,290.6338442375061,29.063384423750605
4,21,0.4,0.6,0.06309573444801933,1.0,0.002,0.005667887628078461,0.0013897699724809906,0.013897699724809906,0.08031647341699279,0.017303672750488976,3.4607345500977955e-05,401.582367084964,40.158236708496396
4,22,0.4,0.8,0.06309573444801933,0.01,0.002,0.0003898106515407562,6.588993499012137e-05,0.0006588993499012137,0.003662358074162065,0.017991123111356817,3.5982246222713634e-05,18.311790370810325,1.8311790370810324
4,23,0.4,0.8,0.06309573444801933,0.015848931924611134,0.002,0.0004338398575782776,6.80234863617228e-05,0.000680234863617228,0.003782134918791626,0.01798547323728366,3.597094647456732e-05,18.91067459395813,1.8910674593958128
4,24,0.4,0.8,0.06309573444801933,0.025118864315095794,0.002,0.0005036219954490662,7.489567339399068e-05,0.0007489567339399067,0.0041663052279872015,0.01797652099295994,3.595304198591988e-05,20.831526139936006,2.083152613993601
4,25,0.4,0.8,0.06309573444801933,0.039810717055349734,0.002,0.0006141886115074158,9.216016543365176e-05,0.0009216016543365177,0.005130743156129303,0.017962342418866774,3.592468483773355e-05,25.65371578064651,2.565371578064651
4,26,0.4,0.8,0.06309573444801933,0.06309573444801933,0.002,0.0007891729474067688,0.0001279889169321056,0.0012798891693210559,0.007134309689979069,0.017939916052688357,3.5879832105376715e-05,35.67154844989534,3.5671548449895343
4,27,0.4,0.8,0.06309573444801933,0.1,0.002,0.0010652616620063782,0.00019259510498026235,0.0019259510498026236,0.010756761310961314,0.017904562480530718,3.580912496106144e-05,53.78380655480657,5.378380655480656
4,28,0.4,0.8,0.06309573444801933,0.15848931924611143,0.002,0.0014973580837249756,0.0002996085905704182,0.002996085905704182,0.01678545299188014,0.01784930026704385,3.5698600534087705e-05,83.9272649594007,8.39272649594007
4,29,0.4,0.8,0.06309573444801933,0.25118864315095807,0.002,0.0021601468324661255,0.0004673640966469033,0.004673640966469033,0.026308621027324577,0.01776467478707801,3.5529349574156024e-05,131.54310513662287,13.154310513662288
4,30,0.4,0.8,0.06309573444801933,0.3981071705534973,0.002,0.003131166100502014,0.0007149473925384106,0.007149473925384106,0.0405277234476037,0.017640946288599975,3.528189257719995e-05,202.63861723801847,20.263861723801845
4,31,0.4,0.8,0.06309573444801933,0.6309573444801934,0.002,0.00443103164434433,0.001046996744247053,0.01046996744247053,0.05991172309838658,0.01747565735219605,3.49513147043921e-05,299.5586154919328,29.95586154919328
4,32,0.4,0.8,0.06309573444801933,1.0,0.002,0.005948834121227264,0.0014350894244288931,0.014350894244288932,0.08303565836955036,0.017282809007691913,3.456561801538383e-05,415.1782918477517,41.517829184775174
4,33,0.4,1.0,0.06309573444801933,0.01,0.002,0.0008188635110855103,0.0001217602181664377,0.001217602181664377,0.006780021696610215,0.017958676773455425,3.591735354691085e-05,33.90010848305107,3.390010848305107
4,34,0.4,1.0,0.06309573444801933,0.015848931924611134,0.002,0.0008607767522335052,0.00012878072329654304,0.0012878072329654306,0.007173131590235419,0.017953207978485798,3.5906415956971596e-05,35.8656579511771,3.5865657951177097
4,35,0.4,1.0,0.06309573444801933,0.025118864315095794,0.002,0.0009272284805774689,0.00014095357081763012,0.0014095357081763012,0.007854955404466795,0.017944541192108553,3.5889082384217105e-05,39.27477702233398,3.927477702233398
4,36,0.4,1.0,0.06309573444801933,0.039810717055349734,0.002,0.001032557338476181,0.0001622158861721696,0.001622158861721696,0.009046767651336449,0.01793081158088613,3.586162316177226e-05,45.23383825668224,4.523383825668224
4,37,0.4,1.0,0.06309573444801933,0.06309573444801933,0.002,0.0011993832886219025,0.00019908147348755866,0.0019908147348755866,0.011116228425976135,0.017909084435720108,3.5818168871440216e-05,55.58114212988068,5.558114212988068
4,38,0.4,1.0,0.06309573444801933,0.1,0.002,0.0014629624783992767,0.0002615861765776644,0.002615861765776644,0.014634356913109135,0.01787479819788605,3.5749596395772096e-05,73.17178456554568,7.317178456554568
4,39,0.4,1.0,0.06309573444801933,0.15848931924611143,0.002,0.0018765926361083984,0.0003642467812573673,0.0036424678125736728,0.020439090145886882,0.017821085902430325,3.564217180486065e-05,102.19545072943441,10.219545072943442
4,40,0.4,1.0,0.06309573444801933,0.25118864315095807,0.002,0.002514459192752838,0.0005264884948947257,0.005264884948947256,0.02968065972514788,0.017738436401689598,3.5476872803379196e-05,148.4032986257394,14.840329862573943
4,41,0.4,1.0,0.06309573444801933,0.3981071705534973,0.002,0.003458704799413681,0.0007693276076325686,0.007693276076325686,0.04367115874308532,0.017616377256176655,3.523275451235331e-05,218.35579371542664,21.835579371542664
4,42,0.4,1.0,0.06309573444801933,0.6309573444801934,0.002,0.004745688289403915,0.001101840302143209,0.01101840302143209,0.06314167527029318,0.01745028616086785,3.49005723217357e-05,315.708376351466,31.570837635146596
4,43,0.4,1.0,0.06309573444801933,1.0,0.002,0.006286062300205231,0.0015013714573465003,0.015013714573465004,0.08702973092191768,0.017251247837288132,3.450249567457626e-05,435.1486546095884,43.51486546095884
4,44,0.4,1.2,0.06309573444801933,0.01,0.002,0.0012250766158103943,0.0001879245862147838,0.0018792458621478382,0.01048255388633786,0.01792736657998105,3.58547331599621e-05,52.4127694316893,5.24127694316893
4,45,0.4,1.2,0.06309573444801933,0.015848931924611134,0.002,0.001265592873096466,0.0001960577753781175,0.001960577753781175,0.01093951589095105,0.017921979119779205,3.584395823955841e-05,54.69757945475524,5.469757945475524
4,46,0.4,1.2,0.06309573444801933,0.025118864315095794,0.002,0.0013298429548740387,0.00020945047719580495,0.0020945047719580496,0.011692364734255915,0.017913440262615456,3.5826880525230913e-05,58.46182367127957,5.846182367127956
4,47,0.4,1.2,0.06309573444801933,0.039810717055349734,0.002,0.0014317259192466736,0.00023169458817842318,0.002316945881784232,0.012943896463739139,0.017899910496618182,3.579982099323637e-05,64.7194823186957,6.471948231869569
4,48,0.4,1.2,0.06309573444801933,0.06309573444801933,0.002,0.0015931986272335052,0.0002687856435029621,0.002687856435029621,0.015034022856626547,0.017878491077621947,3.5756982155243894e-05,75.17011428313272,7.517011428313272
4,49,0.4,1.2,0.06309573444801933,0.1,0.002,0.0018486343324184418,0.00033033632464182463,0.003303363246418246,0.018511769956826307,0.017844664524907378,3.5689329049814756e-05,92.55884978413154,9.255884978413155
4,50,0.4,1.2,0.06309573444801933,0.15848931924611143,0.002,0.00225033238530159,0.0004308635957257757,0.004308635957257757,0.024217262775857437,0.017791589401066017,3.558317880213204e-05,121.08631387928716,12.108631387928716
4,51,0.4,1.2,0.06309573444801933,0.25118864315095807,0.002,0.0028722211718559265,0.0005903664087869275,0.0059036640878692755,0.03333585007429924,0.01770965514516995,3.54193102903399e-05,166.6792503714962,16.66792503714962
4,52,0.4,1.2,0.06309573444801933,0.3981071705534973,0.002,0.0037994347512722015,0.0008313311934704968,0.008313311934704968,0.047267360949120076,0.01758784871373219,3.517569742746438e-05,236.33680474560043,23.63368047456004
4,53,0.4,1.2,0.06309573444801933,0.6309573444801934,0.002,0.005078587681055069,0.0011659819332181004,0.011659819332181003,0.06693322981020448,0.0174200757459987,3.48401514919974e-05,334.66614905102244,33.46661490510225
4,54,0.4,1.2,0.06309573444801933,1.0,0.002,0.0066352300345897675,0.0015757462321704153,0.015757462321704153,0.09153126632460687,0.017215387653243888,3.443077530648778e-05,457.6563316230343,45.76563316230343
5,6,0.4,0.4,0.1,0.15848931924611143,0.002,0.0005606375634670258,0.00014191926108910705,0.0014191926108910705,0.007960014020087041,0.017829021498074596,3.565804299614919e-05,39.80007010043521,3.9800070100435208
5,7,0.4,0.4,0.1,0.25118864315095807,0.002,0.0013907812535762787,0.0003518184766187477,0.0035181847661874773,0.019848914965895283,0.017724821594694108,3.5449643189388216e-05,99.2445748294764,9.92445748294764
5,8,0.4,0.4,0.1,0.3981071705534973,0.002,0.0025242529809474945,0.0006377462849997061,0.006377462849997061,0.03627074415212524,0.017582939085145244,3.516587817029049e-05,181.35372076062617,18.13537207606262
5,9,0.4,0.4,0.1,0.6309573444801934,0.002,0.0038765408098697662,0.0009773226089674187,0.009773226089674186,0.05612100885661651,0.01741455880567612,3.482911761135224e-05,280.6050442830826,28.06050442830826
5,10,0.4,0.4,0.1,1.0,0.002,0.005251869559288025,0.0013200214571883037,0.013200214571883037,0.07654592794829707,0.017244829249178507,3.448965849835701e-05,382.72963974148536,38.27296397414853
5,11,0.4,0.6,0.1,0.01,0.002,0.0004264451563358307,0.00015934224147651013,0.0015934224147651013,0.008862798659267965,0.01797877257539677,3.595754515079354e-05,44.31399329633982,4.431399329633981
5,12,0.4,0.6,0.1,0.015848931924611134,0.002,0.00037851184606552124,0.0001474135399142405,0.0014741353991424052,0.008202080513694213,0.017972700910228637,3.5945401820457274e-05,41.01040256847106,4.101040256847106
5,13,0.4,0.6,0.1,0.025118864315095794,0.002,0.0003088153898715973,0.00012862861945148437,0.0012862861945148437,0.007160721105063791,0.017963081869020573,3.5926163738041146e-05,35.803605525318964,3.5803605525318964
5,14,0.4,0.6,0.1,0.039810717055349734,0.002,0.00021355599164962769,9.93443006401065e-05,0.0009934430064010651,0.00553516361634936,0.017947852588615556,3.589570517723111e-05,27.675818081746804,2.76758180817468
5,15,0.4,0.6,0.1,0.06309573444801933,0.002,0.00010176002979278564,5.614322980325719e-05,0.0005614322980325719,0.003132331589574483,0.017923782395874655,3.584756479174931e-05,15.661657947872413,1.5661657947872414
5,16,0.4,0.6,0.1,0.1,0.002,0.0003073066473007202,4.577182405546546e-05,0.00045771824055465456,0.002559100553512892,0.01788590291719261,3.5771805834385216e-05,12.79550276756446,1.2795502767564462
5,17,0.4,0.6,0.1,0.15848931924611143,0.002,0.0007739178836345673,0.00015367614507525332,0.0015367614507525332,0.008620451361200942,0.017826925602401893,3.5653851204803785e-05,43.10225680600471,4.310225680600471
5,18,0.4,0.6,0.1,0.25118864315095807,0.002,0.0014830827713012695,0.00033199096388950223,0.003319909638895022,0.01871699197927018,0.017737410170245067,3.547482034049014e-05,93.58495989635088,9.358495989635088
5,19,0.4,0.6,0.1,0.3981071705534973,0.002,0.0025028549134731293,0.0005900976709028696,0.0059009767090286965,0.033511236130529004,0.017608949684947195,3.521789936989439e-05,167.55618065264497,16.755618065264496
5,20,0.4,0.6,0.1,0.6309573444801934,0.002,0.0038246512413024902,0.000924418469631333,0.00924418469631333,0.052996683875249195,0.017442949294853148,3.4885898589706295e-05,264.98341937624593,26.498341937624595
5,21,0.4,0.6,0.1,1.0,0.002,0.005303870886564255,0.0012976014171957794,0.012976014171957794,0.07518890191785851,0.017257884928461486,3.451576985692297e-05,375.9445095892926,37.59445095892926
5,22,0.4,0.8,0.1,0.01,0.002,0.00019213929772377014,0.00010695274479050224,0.0010695274479050223,0.005959919002131913,0.017945335289329324,3.589067057865865e-05,29.799595010659562,2.9799595010659563
5,23,0.4,0.8,0.1,0.015848931924611134,0.002,0.00017206743359565735,9.812555434151686e-05,0.0009812555434151687,0.005469747772615313,0.01793968541525617,3.587937083051234e-05,27.34873886307657,2.734873886307657
5,24,0.4,0.8,0.1,0.025118864315095794,0.002,0.00014255009591579437,8.537934382015291e-05,0.0008537934382015291,0.004761620342360654,0.01793073317093245,3.58614663418649e-05,23.80810171180327,2.380810171180327
5,25,0.4,0.8,0.1,0.039810717055349734,0.002,0.00025017186999320984,7.009632832278148e-05,0.0007009632832278149,0.0039123776808710434,0.01791655459683928,3.583310919367856e-05,19.561888404355216,1.9561888404355212
5,26,0.4,0.8,0.1,0.06309573444801933,0.002,0.00042515620589256287,6.693608212618694e-05,0.0006693608212618693,0.0037406729885558023,0.017894128230660868,3.578825646132173e-05,18.70336494277901,1.8703364942779013
5,27,0.4,0.8,0.1,0.1,0.002,0.0007012449204921722,0.00010988123232313716,0.0010988123232313716,0.006152786763050321,0.017858774658503225,3.571754931700645e-05,30.763933815251605,3.0763933815251603
5,28,0.4,0.8,0.1,0.15848931924611143,0.002,0.0011333413422107697,0.00021032796713585622,0.0021032796713585625,0.011813846721843485,0.01780351244501636,3.560702489003272e-05,59.06923360921743,5.906923360921742
5,29,0.4,0.8,0.1,0.25118864315095807,0.002,0.0017961300909519196,0.00037615108130740127,0.0037615108130740127,0.02122882109070042,0.017718886965050522,3.543777393010104e-05,106.1441054535021,10.61441054535021
5,30,0.4,0.8,0.1,0.3981071705534973,0.002,0.0027671493589878082,0.0006231130387472597,0.006231130387472597,0.03541389183456678,0.01759515846657248,3.5190316933144964e-05,177.0694591728339,17.706945917283388
5,31,0.4,0.8,0.1,0.6309573444801934,0.002,0.004067014902830124,0.0009549487631950339,0.00954948763195034,0.05478806146782437,0.017429869530168556,3.485973906033711e-05,273.9403073391219,27.394030733912185
5,32,0.4,0.8,0.1,1.0,0.002,0.0055848173797130585,0.001342962545287655,0.01342962545287655,0.07791152141789798,0.017237021185664423,3.4474042371328846e-05,389.5576070894899,38.955760708948986
5,33,0.4,1.0,0.1,0.01,0.002,0.0004548467695713043,9.599574024906172e-05,0.0009599574024906172,0.005359031729017076,0.01791288895142793,3.582577790285586e-05,26.795158645085383,2.6795158645085384
5,34,0.4,1.0,0.1,0.015848931924611134,0.002,0.0004967600107192993,9.459030053598466e-05,0.0009459030053598466,0.005282184687104171,0.017907420156458305,3.581484031291661e-05,26.410923435520864,2.6410923435520863
5,35,0.4,1.0,0.1,0.025118864315095794,0.002,0.0005632117390632629,9.496665003677037e-05,0.0009496665003677037,0.005305768959055737,0.017898753370081063,3.579750674016213e-05,26.528844795278683,2.6528844795278683
5,36,0.4,1.0,0.1,0.039810717055349734,0.002,0.0006685405969619751,0.00010186274579225505,0.0010186274579225506,0.005695421329356714,0.017885023758858636,3.577004751771727e-05,28.477106646783568,2.8477106646783565
5,37,0.4,1.0,0.1,0.06309573444801933,0.002,0.0008353665471076965,0.00012506768087502596,0.0012506768087502595,0.007001377381773908,0.01786329661369262,3.5726593227385234e-05,35.00688690886955,3.5006886908869546
5,38,0.4,1.0,0.1,0.1,0.002,0.0010989457368850708,0.00017811684478715294,0.0017811684478715292,0.009990282187974537,0.01782901037585856,3.565802075171712e-05,49.951410939872666,4.995141093987267
5,39,0.4,1.0,0.1,0.15848931924611143,0.002,0.0015125758945941925,0.0002757881569957107,0.002757881569957107,0.01551524794398613,0.017775298080402832,3.555059616080567e-05,77.57623971993065,7.757623971993066
5,40,0.4,1.0,0.1,0.25118864315095807,0.002,0.002150442451238632,0.00043580112499431984,0.004358011249943198,0.02463176290605116,0.01769264857966211,3.538529715932422e-05,123.15881453025578,12.315881453025577
5,41,0.4,1.0,0.1,0.3981071705534973,0.002,0.003094688057899475,0.0006777302716291666,0.006777302716291666,0.038571857487715806,0.017570589434149166,3.5141178868298334e-05,192.859287438579,19.285928743857898
5,42,0.4,1.0,0.1,0.6309573444801934,0.002,0.0043816715478897095,0.0010098880507403993,0.010098880507403991,0.05802454233838531,0.017404498338840356,3.480899667768071e-05,290.1227116919266,29.012271169192665
5,43,0.4,1.0,0.1,1.0,0.002,0.005922045558691025,0.0014092804137926641,0.014092804137926641,0.08190890639033666,0.01720546001526064,3.441092003052128e-05,409.54453195168327,40.95445319516833
5,44,0.4,1.2,0.1,0.01,0.002,0.0008610598742961884,0.00013210129528068163,0.0013210129528068164,0.007387563316909264,0.01788157875795356,3.576315751590712e-05,36.93781658454632,3.6937816584546317
5,45,0.4,1.2,0.1,0.015848931924611134,0.002,0.0009015761315822601,0.00013630693200501038,0.001363069320050104,0.007625054450058034,0.017876191297751712,3.575238259550342e-05,38.12527225029017,3.812527225029017
5,46,0.4,1.2,0.1,0.025118864315095794,0.002,0.0009658262133598328,0.000144394036739304,0.00144394036739304,0.008081309910153617,0.017867652440587967,3.573530488117593e-05,40.406549550768084,4.040654955076809
5,47,0.4,1.2,0.1,0.039810717055349734,0.002,0.0010677091777324677,0.0001601685505643075,0.0016016855056430752,0.008970956091404778,0.01785412267459069,3.570824534918138e-05,44.85478045702389,4.485478045702389
5,48,0.4,1.2,0.1,0.06309573444801933,0.002,0.0012291818857192993,0.00019049244639378593,0.0019049244639378592,0.010682196841582324,0.017832703255594454,3.5665406511188906e-05,53.410984207911625,5.341098420791163
5,49,0.4,1.2,0.1,0.1,0.002,0.0014846175909042358,0.00024624928419023984,0.002462492841902398,0.01383510253489178,0.017798876702879888,3.5597753405759774e-05,69.17551267445891,6.917551267445892
5,50,0.4,1.2,0.1,0.15848931924611143,0.002,0.001886315643787384,0.00034278860428655836,0.0034278860428655837,0.01931660301507388,0.017745801579038524,3.549160315807705e-05,96.5830150753694,9.65830150753694
5,51,0.4,1.2,0.1,0.25118864315095807,0.002,0.0025082044303417206,0.0005000415006604351,0.005000415006604351,0.028308721499810053,0.017663867323142457,3.5327734646284916e-05,141.54360749905024,14.154360749905026
5,52,0.4,1.2,0.1,0.3981071705534973,0.002,0.0034354180097579956,0.0007399226211123497,0.007399226211123496,0.04217991407510417,0.0175420608917047,3.5084121783409405e-05,210.89957037552085,21.089957037552086
5,53,0.4,1.2,0.1,0.6309573444801934,0.002,0.004714570939540863,0.001074106591910405,0.01074106591910405,0.061821618049075044,0.017374287923971207,3.4748575847942416e-05,309.10809024537525,30.910809024537524
5,54,0.4,1.2,0.1,1.0,0.002,0.0062712132930755615,0.0014836800195693841,0.014836800195693842,0.08641319740439585,0.017169599831216395,3.433919966243279e-05,432.0659870219793,43.20659870219793
6,7,0.4,0.4,0.15848931924611143,0.25118864315095807,0.002,0.0008301436901092529,0.00020989924581215198,0.00209899245812152,0.011889377005942482,0.017654351923338064,3.530870384667613e-05,59.446885029712405,5.94468850297124
6,8,0.4,0.4,0.15848931924611143,0.3981071705534973,0.002,0.0019636154174804688,0.0004958272159760786,0.004958272159760786,0.028312809819137648,0.0175124694137892,3.50249388275784e-05,141.56404909568826,14.156404909568826
6,9,0.4,0.4,0.15848931924611143,0.6309573444801934,0.002,0.0033159032464027405,0.0008354041408263141,0.008354041408263142,0.04816650412463783,0.017344089134320076,3.4688178268640156e-05,240.83252062318914,24.083252062318913
6,10,0.4,0.4,0.15848931924611143,1.0,0.002,0.004691231995820999,0.001178104609348479,0.01178104609348479,0.06859671267566711,0.017174359577822464,3.434871915564493e-05,342.9835633783355,34.298356337833546
6,11,0.4,0.6,0.15848931924611143,0.01,0.002,0.0009870827198028564,0.00029952373584669065,0.0029952373584669068,0.016725411528476432,0.017908302904040725,3.581660580808145e-05,83.62705764238214,8.362705764238214
6,12,0.4,0.6,0.15848931924611143,0.015848931924611134,0.002,0.000939149409532547,0.0002873776895816333,0.002873776895816333,0.016052618567322853,0.017902231238872593,3.5804462477745185e-05,80.26309283661425,8.026309283661424
6,13,0.4,0.6,0.15848931924611143,0.025118864315095794,0.002,0.000863201916217804,0.00026814941583830256,0.0026814941583830254,0.01498659965777961,0.01789261219766453,3.578522439532906e-05,74.93299828889806,7.493299828889807
6,14,0.4,0.6,0.15848931924611143,0.039810717055349734,0.002,0.0007429271936416626,0.00023775123201769346,0.002377512320176935,0.013298995334946889,0.017877382917259512,3.575476583451903e-05,66.49497667473445,6.649497667473444
6,15,0.4,0.6,0.15848931924611143,0.06309573444801933,0.002,0.0005527660250663757,0.00018987721816250217,0.0018987721816250216,0.010635405377834266,0.01785331272451861,3.570662544903722e-05,53.17702688917133,5.317702688917134
6,16,0.4,0.6,0.15848931924611143,0.1,0.002,0.0002649538218975067,0.00011553402760079969,0.001155340276007997,0.006485052931721422,0.017815433245836565,3.5630866491673134e-05,32.425264658607105,3.2425264658607102
6,17,0.4,0.6,0.15848931924611143,0.15848931924611143,0.002,0.0002132803201675415,3.404881386815081e-05,0.00034048813868150813,0.001917545595831372,0.01775645593104585,3.5512911862091696e-05,9.587727979156861,0.9587727979156859
6,18,0.4,0.6,0.15848931924611143,0.25118864315095807,0.002,0.0009224452078342438,0.0001912730162786343,0.0019127301627863429,0.01082660669461486,0.017666940498889023,3.533388099777805e-05,54.13303347307429,5.41330334730743
6,19,0.4,0.6,0.15848931924611143,0.3981071705534973,0.002,0.0019422173500061035,0.00044846191604074954,0.004484619160407495,0.02557017003145207,0.01753848001359115,3.5076960027182304e-05,127.85085015726033,12.785085015726034
6,20,0.4,0.6,0.15848931924611143,0.6309573444801934,0.002,0.0032640136778354645,0.0007826054476350929,0.007826054476350928,0.04504857479162513,0.017372479623497104,3.474495924699421e-05,225.2428739581256,22.52428739581256
6,21,0.4,0.6,0.15848931924611143,1.0,0.002,0.004743233323097229,0.0011557380065586446,0.011557380065586445,0.06724327010606504,0.017187415257105442,3.4374830514210884e-05,336.2163505303252,33.62163505303252
6,22,0.4,0.8,0.15848931924611143,0.01,0.002,0.0005518496036529541,0.0002357584625415724,0.0023575846254157242,0.01318938377385707,0.01787486561797328,3.574973123594656e-05,65.94691886928535,6.594691886928534
6,23,0.4,0.8,0.15848931924611143,0.015848931924611134,0.002,0.0005142763257026672,0.00022482337417822218,0.0022482337417822217,0.012581602763118932,0.017869215743900126,3.573843148780025e-05,62.908013815594664,6.290801381559467
6,24,0.4,0.8,0.15848931924611143,0.025118864315095794,0.002,0.0004606209695339203,0.00020759203493043158,0.0020759203493043157,0.011623122745941293,0.017860263499576406,3.572052699915281e-05,58.11561372970647,5.8115613729706475
6,25,0.4,0.8,0.15848931924611143,0.039810717055349734,0.002,0.00038008391857147217,0.00018061402616962368,0.0018061402616962369,0.010120652620660609,0.017846084925483237,3.569216985096647e-05,50.60326310330304,5.060326310330304
6,26,0.4,0.8,0.15848931924611143,0.06309573444801933,0.002,0.0002695843577384949,0.00013921447250446679,0.0013921447250446676,0.0078106563835509514,0.017823658559304824,3.564731711860965e-05,39.05328191775475,3.905328191775476
6,27,0.4,0.8,0.15848931924611143,0.1,0.002,0.00014060735702514648,8.235154589023935e-05,0.0008235154589023937,0.004629533052741221,0.01778830498714718,3.557660997429436e-05,23.147665263706102,2.31476652637061
6,28,0.4,0.8,0.15848931924611143,0.15848931924611143,0.002,0.0005727037787437439,8.589533006830555e-05,0.0008589533006830556,0.00484380098580091,0.017733042773660317,3.5466085547320633e-05,24.219004929004555,2.421900492900455
6,29,0.4,0.8,0.15848931924611143,0.25118864315095807,0.002,0.0012354925274848938,0.000237231015776015,0.0023723101577601503,0.013442056124816033,0.017648417293694478,3.529683458738896e-05,67.21028062408016,6.721028062408014
6,30,0.4,0.8,0.15848931924611143,0.3981071705534973,0.002,0.0022065117955207825,0.00048202162259024846,0.004820216225902485,0.027505288580178484,0.017524688795216438,3.5049377590432875e-05,137.52644290089242,13.75264429008924
6,31,0.4,0.8,0.15848931924611143,0.6309573444801934,0.002,0.003506377339363098,0.0008133260738443257,0.008133260738443258,0.04685219998728471,0.017359399858812512,3.471879971762502e-05,234.26099993642356,23.426099993642353
6,32,0.4,0.8,0.15848931924611143,1.0,0.002,0.005024179816246033,0.0012011745067272315,0.012011745067272317,0.06997179985310671,0.01716655151430838,3.433310302861676e-05,349.8589992655335,34.985899926553344
6,33,0.4,1.0,0.15848931924611143,0.01,0.002,0.00034448131918907166,0.0001838325096835884,0.0018383250968358837,0.010303115670469081,0.017842419280071888,3.5684838560143774e-05,51.51557835234542,5.151557835234542
6,34,0.4,1.0,0.15848931924611143,0.015848931924611134,0.002,0.00032212957739830017,0.0001743755096998361,0.001743755096998361,0.009776083072354638,0.01783695048510226,3.5673900970204525e-05,48.880415361773196,4.88804153617732
6,35,0.4,1.0,0.15848931924611143,0.025118864315095794,0.002,0.0002886541187763214,0.0001597934653861317,0.0015979346538613172,0.008962919150628013,0.01782828369872502,3.565656739745004e-05,44.81459575314007,4.481459575314006
6,36,0.4,1.0,0.15848931924611143,0.039810717055349734,0.002,0.0002391468733549118,0.0001380525025810944,0.001380525025810944,0.007749422292750065,0.017814554087502592,3.562910817500518e-05,38.74711146375033,3.874711146375033
6,37,0.4,1.0,0.15848931924611143,0.06309573444801933,0.002,0.0002747289836406708,0.00010921547558446271,0.001092154755844627,0.006138174441779874,0.017792826942336575,3.558565388467315e-05,30.690872208899368,3.069087220889937
6,38,0.4,1.0,0.15848931924611143,0.1,0.002,0.000538308173418045,9.191053428845176e-05,0.0009191053428845176,0.005175567960105455,0.017758540704502515,3.551708140900503e-05,25.87783980052727,2.587783980052727
6,39,0.4,1.0,0.15848931924611143,0.15848931924611143,0.002,0.0009519383311271667,0.00014875174057098008,0.0014875174057098009,0.00840176121079892,0.01770482840904679,3.540965681809358e-05,42.008806053994604,4.20088060539946
6,40,0.4,1.0,0.15848931924611143,0.25118864315095807,0.002,0.0015898048877716064,0.0002980121152938428,0.0029801211529384276,0.016911195649782974,0.017622178908306065,3.524435781661213e-05,84.55597824891485,8.455597824891486
6,41,0.4,1.0,0.15848931924611143,0.3981071705534973,0.002,0.0025340504944324493,0.0005371322282374747,0.005371322282374746,0.030693060134335058,0.017500119762793122,3.5000239525586245e-05,153.46530067167527,15.346530067167528
6,42,0.4,1.0,0.15848931924611143,0.6309573444801934,0.002,0.0038210339844226837,0.0008684470290359392,0.008684470290359392,0.050100703402262046,0.017334028667484312,3.466805733496862e-05,250.5035170113103,25.050351701131028
6,43,0.4,1.0,0.15848931924611143,1.0,0.002,0.005361407995223999,0.0012675560076838954,0.012675560076838954,0.0739747138599819,0.017134990343904595,3.426998068780919e-05,369.87356929990955,36.98735692999095
6,44,0.4,1.2,0.15848931924611143,0.01,0.002,0.0003004223108291626,0.00015219692828523452,0.001521969282852345,0.00854505620875454,0.017811109086597516,3.562221817319503e-05,42.7252810437727,4.272528104377271
6,45,0.4,1.2,0.15848931924611143,0.015848931924611134,0.002,0.0003409385681152344,0.00014568192055602232,0.0014568192055602232,0.008181747620947843,0.017805721626395668,3.561144325279134e-05,40.908738104739214,4.090873810473921
6,46,0.4,1.2,0.15848931924611143,0.025118864315095794,0.002,0.000405188649892807,0.0001364846614104683,0.001364846614104683,0.0076688913734383485,0.017797182769231923,3.559436553846385e-05,38.34445686719174,3.8344456867191736
6,47,0.4,1.2,0.15848931924611143,0.039810717055349734,0.002,0.0005070716142654419,0.0001253914899101108,0.001253914899101108,0.007050941102331648,0.017783653003234645,3.556730600646929e-05,35.25470551165824,3.525470551165824
6,48,0.4,1.2,0.15848931924611143,0.06309573444801933,0.002,0.0006685443222522736,0.00011895529945626579,0.001189552994562658,0.006697091269074549,0.01776223358423841,3.552446716847682e-05,33.48545634537274,3.3485456345372744
6,49,0.4,1.2,0.15848931924611143,0.1,0.002,0.0009239800274372101,0.00013864584234579363,0.0013864584234579364,0.007820547108336351,0.017728407031523844,3.545681406304769e-05,39.10273554168175,3.910273554168175
6,50,0.4,1.2,0.15848931924611143,0.15848931924611143,0.002,0.0013256780803203583,0.00021408551058987461,0.002140855105898746,0.012112106958332342,0.01767533190768248,3.535066381536496e-05,60.5605347916617,6.05605347916617
6,51,0.4,1.2,0.15848931924611143,0.25118864315095807,0.002,0.0019475668668746948,0.0003628383086107249,0.003628383086107249,0.020623549571954496,0.017593397651786413,3.518679530357283e-05,103.11774785977248,10.311774785977248
6,52,0.4,1.2,0.15848931924611143,0.3981071705534973,0.002,0.00287478044629097,0.0005996847192990347,0.005996847192990346,0.034323417468730556,0.017471591220348658,3.4943182440697316e-05,171.6170873436528,17.16170873436528
6,53,0.4,1.2,0.15848931924611143,0.6309573444801934,0.002,0.004153933376073837,0.0009328058344333166,0.009328058344333166,0.05390751456213079,0.017303818252615163,3.460763650523033e-05,269.537572810654,26.953757281065396
6,54,0.4,1.2,0.15848931924611143,1.0,0.002,0.005710575729608536,0.0013419984607677567,0.013419984607677567,0.07848343443329381,0.01709913015986035,3.41982603197207e-05,392.41717216646913,39.24171721664691
7,8,0.4,0.4,0.25118864315095807,0.3981071705534973,0.002,0.0011334717273712158,0.00028592815964533007,0.002859281596453301,0.016424846793322484,0.017408269510408712,3.481653902081743e-05,82.12423396661241,8.21242339666124
7,9,0.4,0.4,0.25118864315095807,0.6309573444801934,0.002,0.0024857595562934875,0.0006255059709368487,0.006255059709368487,0.03628248201353195,0.017239889230939588,3.447977846187918e-05,181.41241006765972,18.14124100676597
7,10,0.4,0.4,0.25118864315095807,1.0,0.002,0.003861088305711746,0.0009682089891899976,0.009682089891899975,0.05671938679282733,0.017070159674441972,3.414031934888395e-05,283.5969339641366,28.35969339641366
7,11,0.4,0.6,0.25118864315095807,0.01,0.002,0.0018172264099121094,0.0005086108969665126,0.005086108969665127,0.02856706102787946,0.017804103000660234,3.560820600132047e-05,142.8353051393973,14.283530513939727
7,12,0.4,0.6,0.25118864315095807,0.015848931924611134,0.002,0.0017692930996418,0.0004964125005296225,0.004964125005296225,0.027891427493989023,0.0177980313354921,3.55960626709842e-05,139.4571374699451,13.94571374699451
7,13,0.4,0.6,0.25118864315095807,0.025118864315095794,0.002,0.0016933456063270569,0.00047708948380852936,0.004770894838085293,0.02682023982330524,0.017788412294284038,3.5576824588568074e-05,134.10119911652623,13.410119911652624
7,14,0.4,0.6,0.25118864315095807,0.039810717055349734,0.002,0.0015730708837509155,0.0004465031088145513,0.004465031088145513,0.0251222928648109,0.01777318301387902,3.5546366027758045e-05,125.61146432405451,12.561146432405451
7,15,0.4,0.6,0.25118864315095807,0.06309573444801933,0.002,0.0013829097151756287,0.00039818212171483056,0.003981821217148305,0.022433916879531,0.01774911282113812,3.5498225642276244e-05,112.16958439765499,11.216958439765499
7,16,0.4,0.6,0.25118864315095807,0.1,0.002,0.0010834746062755585,0.00032222042182047386,0.0032222042182047383,0.01819299738138905,0.017711233342456077,3.542246668491216e-05,90.96498690694524,9.096498690694524
7,17,0.4,0.6,0.25118864315095807,0.15848931924611143,0.002,0.0006168633699417114,0.00020440148636965876,0.0020440148636965876,0.011579340683100911,0.01765225602766536,3.5304512055330726e-05,57.89670341550454,5.789670341550454
7,18,0.4,0.6,0.25118864315095807,0.25118864315095807,0.002,9.230151772499084e-05,3.895151120788241e-05,0.0003895151120788241,0.0022178492585515843,0.01756274059550853,3.5125481191017065e-05,11.089246292757922,1.1089246292757922
7,19,0.4,0.6,0.25118864315095807,0.3981071705534973,0.002,0.0011120736598968506,0.00023957391271224116,0.0023957391271224116,0.013741543166553287,0.01743428011021066,3.486856022042132e-05,68.70771583276643,6.8707715832766425
7,20,0.4,0.6,0.25118864315095807,0.6309573444801934,0.002,0.0024338699877262115,0.0005729496926883922,0.005729496926883923,0.033179315020067504,0.017268279720116613,3.453655944023323e-05,165.89657510033751,16.58965751003375
7,21,0.4,0.6,0.25118864315095807,1.0,0.002,0.003913089632987976,0.0009459457277668535,0.009459457277668535,0.05537281525638512,0.01708321535372495,3.41664307074499e-05,276.86407628192563,27.686407628192562
7,22,0.4,0.8,0.25118864315095807,0.01,0.002,0.0013649873435497284,0.000441240476081986,0.00441240476081986,0.024829709993343198,0.017770665714592793,3.554133142918559e-05,124.14854996671599,12.414854996671597
7,23,0.4,0.8,0.25118864315095807,0.015848931924611134,0.002,0.001320958137512207,0.00042998265284204196,0.00429982652842042,0.024203899208539333,0.017765015840519635,3.553003168103927e-05,121.01949604269669,12.101949604269668
7,24,0.4,0.8,0.25118864315095807,0.025118864315095794,0.002,0.0012511759996414185,0.00041215680745210534,0.004121568074521053,0.023212172293661217,0.017756063596195915,3.551212719239183e-05,116.06086146830609,11.60608614683061
7,25,0.4,0.8,0.25118864315095807,0.039810717055349734,0.002,0.0011406093835830688,0.0003839596166728734,0.0038395961667287344,0.021641421765192292,0.01774188502210275,3.5483770044205496e-05,108.20710882596143,10.820710882596142
7,26,0.4,0.8,0.25118864315095807,0.06309573444801933,0.002,0.0009656250476837158,0.0003394727690302258,0.003394727690302258,0.01915819075639347,0.017719458655924333,3.543891731184867e-05,95.79095378196733,9.579095378196733
7,27,0.4,0.8,0.25118864315095807,0.1,0.002,0.0006895363330841064,0.00026977505178442363,0.0026977505178442367,0.01525522781653602,0.017684105083766694,3.5368210167533385e-05,76.27613908268009,7.627613908268009
7,28,0.4,0.8,0.25118864315095807,0.15848931924611143,0.002,0.0003345906734466553,0.00016335965759286042,0.0016335965759286042,0.009266612607244106,0.017628842870279826,3.525768574055965e-05,46.33306303622054,4.633306303622054
7,29,0.4,0.8,0.25118864315095807,0.25118864315095807,0.002,0.00040534883737564087,6.384184748044453e-05,0.0006384184748044453,0.003638911104446931,0.017544217390313987,3.508843478062798e-05,18.194555522234655,1.8194555522234657
7,30,0.4,0.8,0.25118864315095807,0.3981071705534973,0.002,0.0013763681054115295,0.00027487552151758536,0.0027487552151758536,0.015778863797927326,0.01742048889183595,3.48409777836719e-05,78.89431898963662,7.889431898963662
7,31,0.4,0.8,0.25118864315095807,0.6309573444801934,0.002,0.002676233649253845,0.0006041040595644605,0.006041040595644606,0.03500997155204137,0.017255199955432024,3.451039991086405e-05,175.04985776020683,17.504985776020682
7,32,0.4,0.8,0.25118864315095807,1.0,0.002,0.00419403612613678,0.0009915284940270554,0.009915284940270552,0.05811206547824351,0.017062351610927888,3.4124703221855774e-05,290.56032739121764,29.056032739121765
7,33,0.4,1.0,0.25118864315095807,0.01,0.002,0.0009359344840049744,0.00037942054374674863,0.0037942054374674864,0.02139000176338554,0.0177382193766914,3.54764387533828e-05,106.95000881692772,10.695000881692772
7,34,0.4,1.0,0.25118864315095807,0.015848931924611134,0.002,0.000898502767086029,0.00036872535450028495,0.00368725354500285,0.020793466462013663,0.017732750581721773,3.546550116344355e-05,103.96733231006831,10.39673323100683
7,35,0.4,1.0,0.25118864315095807,0.025118864315095794,0.002,0.000840403139591217,0.00035181408514432046,0.0035181408514432045,0.019849493446692526,0.017724083795344528,3.544816759068906e-05,99.24746723346264,9.924746723346264
7,36,0.4,1.0,0.25118864315095807,0.039810717055349734,0.002,0.0007483325898647308,0.00032513556668162914,0.0032513556668162915,0.018358501659618054,0.017710354184122104,3.5420708368244206e-05,91.79250829809027,9.179250829809027
7,37,0.4,1.0,0.25118864315095807,0.06309573444801933,0.002,0.0006165020167827606,0.00028328199185322295,0.0028328199185322293,0.01601492253917414,0.017688627038956083,3.537725407791217e-05,80.0746126958707,8.00746126958707
7,38,0.4,1.0,0.25118864315095807,0.1,0.002,0.00043483078479766846,0.00021870809042987753,0.0021870809042987753,0.012388346463549494,0.017654340801122024,3.530868160224405e-05,61.94173231774746,6.194173231774746
7,39,0.4,1.0,0.25118864315095807,0.15848931924611143,0.002,0.00021700933575630188,0.00012718551379440105,0.0012718551379440105,0.007226191596138473,0.0176006285056663,3.52012570113326e-05,36.13095798069236,3.6130957980692355
7,40,0.4,1.0,0.25118864315095807,0.25118864315095807,0.002,0.0007596611976623535,0.00011438035099295702,0.0011438035099295702,0.006529312026278627,0.017517979004925573,3.503595800985115e-05,32.64656013139313,3.2646560131393128
7,41,0.4,1.0,0.25118864315095807,0.3981071705534973,0.002,0.0017039068043231964,0.00033121536554458233,0.0033121536554458235,0.019039830501712016,0.01739591985941263,3.479183971882526e-05,95.19915250856006,9.519915250856005
7,42,0.4,1.0,0.25118864315095807,0.6309573444801934,0.002,0.002990890294313431,0.000659611257448955,0.00659611257448955,0.03828309999360945,0.017229828764103824,3.445965752820765e-05,191.41549996804721,19.141549996804724
7,43,0.4,1.0,0.25118864315095807,1.0,0.002,0.004531264305114746,0.001058029073794366,0.01058029073794366,0.06212448432674192,0.017030790440524107,3.4061580881048216e-05,310.62242163370956,31.06224216337096
7,44,0.4,1.2,0.25118864315095807,0.01,0.002,0.0006684325635433197,0.00032467956796668256,0.0032467956796668252,0.018336320845561267,0.017706909183217025,3.541381836643405e-05,91.68160422780633,9.168160422780634
7,45,0.4,1.2,0.25118864315095807,0.015848931924611134,0.002,0.0006398037075996399,0.0003145416469998425,0.003145416469998425,0.017769186848545428,0.01770152172301518,3.540304344603036e-05,88.84593424272713,8.884593424272712
7,46,0.4,1.2,0.25118864315095807,0.025118864315095794,0.002,0.0005984790623188019,0.000298572960145052,0.00298572960145052,0.016875218972902336,0.01769298286585143,3.5385965731702866e-05,84.37609486451166,8.437609486451166
7,47,0.4,1.2,0.25118864315095807,0.039810717055349734,0.002,0.0005332231521606445,0.00027356700905946385,0.002735670090594638,0.015473725771625852,0.017679453099854157,3.535890619970831e-05,77.36862885812926,7.7368628858129265
7,48,0.4,1.2,0.25118864315095807,0.06309573444801933,0.002,0.00043956562876701355,0.00023497639383791516,0.0023497639383791517,0.013307053213554567,0.017658033680857922,3.531606736171585e-05,66.53526606777282,6.653526606777282
7,49,0.4,1.2,0.25118864315095807,0.1,0.002,0.00031004101037979126,0.0001782503678461767,0.001782503678461767,0.010113951030542315,0.017624207128143353,3.524841425628671e-05,50.56975515271157,5.056975515271158
7,50,0.4,1.2,0.25118864315095807,0.15848931924611143,0.002,0.0004955343902111053,0.00011677510841995617,0.0011677510841995617,0.006645850044912632,0.017571132004301993,3.514226400860398e-05,33.22925022456316,3.3229250224563156
7,51,0.4,1.2,0.25118864315095807,0.25118864315095807,0.002,0.001117423176765442,0.00017424220558497186,0.0017424220558497187,0.009962847243856765,0.017489197748405926,3.497839549681185e-05,49.81423621928381,4.981423621928381
7,52,0.4,1.2,0.25118864315095807,0.3981071705534973,0.002,0.002044636756181717,0.0003944371779295649,0.003944371779295649,0.022711365842502475,0.017367391316968166,3.473478263393633e-05,113.55682921251238,11.355682921251237
7,53,0.4,1.2,0.25118864315095807,0.6309573444801934,0.002,0.0033237896859645844,0.0007242421108422739,0.007242421108422739,0.042108033802651226,0.017199618349234676,3.439923669846935e-05,210.5401690132561,21.05401690132561
7,54,0.4,1.2,0.25118864315095807,1.0,0.002,0.004880432039499283,0.001132547208867315,0.011325472088673148,0.06664029753434822,0.016994930256479863,3.3989860512959726e-05,333.20148767174106,33.32014876717411
8,9,0.4,0.4,0.3981071705534973,0.6309573444801934,0.002,0.0013522878289222717,0.0003395787932973808,0.003395787932973808,0.019860724049929484,0.017098006721390724,3.419601344278145e-05,99.30362024964744,9.930362024964744
8,10,0.4,0.4,0.3981071705534973,1.0,0.002,0.0027276165783405304,0.0006822853392404294,0.006822853392404293,0.04030447591296497,0.01692827716489311,3.3856554329786225e-05,201.52237956482483,20.152237956482487
8,11,0.4,0.6,0.3981071705534973,0.01,0.002,0.002950698137283325,0.0007941003973288285,0.007941003973288285,0.04496039429065358,0.017662220491111373,3.5324440982222746e-05,224.80197145326792,22.48019714532679
8,12,0.4,0.6,0.3981071705534973,0.015848931924611134,0.002,0.0029027648270130157,0.0007818862520127265,0.007818862520127265,0.04428407687999628,0.01765614882594324,3.531229765188648e-05,221.4203843999814,22.142038439998142
8,13,0.4,0.6,0.3981071705534973,0.025118864315095794,0.002,0.0028268173336982727,0.0007625362544091662,0.007625362544091662,0.04321168318706972,0.017646529784735177,3.529305956947036e-05,216.0584159353486,21.605841593534862
8,14,0.4,0.6,0.3981071705534973,0.039810717055349734,0.002,0.0027065426111221313,0.000731901238625948,0.007319012386259479,0.04151147208036052,0.01763130050433016,3.526260100866032e-05,207.5573604018026,20.755736040180263
8,15,0.4,0.6,0.3981071705534973,0.06309573444801933,0.002,0.0025163814425468445,0.0006834845197949759,0.006834845197949759,0.038818400605863564,0.01760723031158926,3.521446062317852e-05,194.09200302931782,19.409200302931783
8,16,0.4,0.6,0.3981071705534973,0.1,0.002,0.0022169463336467743,0.0006073000557305321,0.006073000557305321,0.034565879041647075,0.017569350832907213,3.513870166581443e-05,172.82939520823538,17.28293952082354
8,17,0.4,0.6,0.3981071705534973,0.15848931924611143,0.002,0.0017503350973129272,0.0004887243708065821,0.004887243708065821,0.0279105622904583,0.017510373518116497,3.5020747036233e-05,139.55281145229154,13.955281145229154
8,18,0.4,0.6,0.3981071705534973,0.25118864315095807,0.002,0.001041170209646225,0.00030900636031646543,0.003090063603164654,0.01773772329650678,0.01742085808595967,3.484171617191934e-05,88.68861648253392,8.868861648253391
8,19,0.4,0.6,0.3981071705534973,0.3981071705534973,0.002,0.00010593980550765991,5.790838608172197e-05,0.0005790838608172197,0.003348777157396945,0.0172923976006618,3.45847952013236e-05,16.743885786984723,1.6743885786984725
8,20,0.4,0.6,0.3981071705534973,0.6309573444801934,0.002,0.0013003982603549957,0.0002878688861859276,0.0028786888618592757,0.016808490580161227,0.017126397210567752,3.425279442113551e-05,84.04245290080613,8.404245290080613
8,21,0.4,0.6,0.3981071705534973,1.0,0.002,0.0027796179056167603,0.0006602477494474709,0.006602477494474708,0.03897259770056661,0.01694133284417609,3.388266568835218e-05,194.8629885028331,19.486298850283312
8,22,0.4,0.8,0.3981071705534973,0.01,0.002,0.002498459070920944,0.0007251874505352125,0.007251874505352125,0.041136557305198614,0.01762878320504393,3.525756641008786e-05,205.6827865259931,20.568278652599307
8,23,0.4,0.8,0.3981071705534973,0.015848931924611134,0.002,0.002454429864883423,0.0007138550263988547,0.007138550263988546,0.040506702922364586,0.017623133330970774,3.524626666194155e-05,202.5335146118229,20.253351461182294
8,24,0.4,0.8,0.3981071705534973,0.025118864315095794,0.002,0.0023846477270126343,0.0006959008614937068,0.006959008614937069,0.03950798836860233,0.017614181086647054,3.522836217329411e-05,197.53994184301163,19.75399418430116
8,25,0.4,0.8,0.3981071705534973,0.039810717055349734,0.002,0.0022740811109542847,0.0006674708165094932,0.006674708165094932,0.037924472796716575,0.017600002512553885,3.520000502510777e-05,189.62236398358286,18.962236398358286
8,26,0.4,0.8,0.3981071705534973,0.06309573444801933,0.002,0.0020990967750549316,0.0006225197936736153,0.006225197936736153,0.035415565177453666,0.017577576146375472,3.5155152292750945e-05,177.07782588726832,17.707782588726833
8,27,0.4,0.8,0.3981071705534973,0.1,0.002,0.0018230080604553223,0.0005517127451807449,0.005517127451807448,0.03145056123000107,0.01754222257421783,3.508444514843566e-05,157.25280615000534,15.725280615000536
8,28,0.4,0.8,0.3981071705534973,0.15848931924611143,0.002,0.0013909116387367249,0.0004412440240518941,0.004412440240518941,0.025232745711642354,0.017486960360730965,3.4973920721461934e-05,126.16372855821176,12.616372855821176
8,29,0.4,0.8,0.3981071705534973,0.25118864315095807,0.002,0.000728122889995575,0.0002732651694992934,0.002732651694992934,0.015702787664506706,0.017402334880765126,3.4804669761530254e-05,78.51393832253352,7.851393832253353
8,30,0.4,0.8,0.3981071705534973,0.3981071705534973,0.002,0.00024289637804031372,6.0736185690588905e-05,0.0006073618569058891,0.003515109051436679,0.017278606382287086,3.455721276457417e-05,17.575545257183396,1.7575545257183396
8,31,0.4,0.8,0.3981071705534973,0.6309573444801934,0.002,0.0015427619218826294,0.00032043843969696513,0.0032043843969696514,0.018724507431728318,0.01711331744588316,3.422663489176632e-05,93.6225371586416,9.36225371586416
8,32,0.4,0.8,0.3981071705534973,1.0,0.002,0.003060564398765564,0.0007061496231023712,0.007061496231023713,0.041733454248311576,0.016920469101379027,3.384093820275806e-05,208.66727124155784,20.866727124155783
8,33,0.4,1.0,0.3981071705534973,0.01,0.002,0.00206940621137619,0.0006600788486836977,0.006600788486836978,0.037512287566866045,0.017596336867142535,3.5192673734285075e-05,187.56143783433026,18.756143783433025
8,34,0.4,1.0,0.3981071705534973,0.015848931924611134,0.002,0.002027492970228195,0.0006491667979304943,0.006491667979304943,0.03690362495284782,0.01759086807217291,3.518173614434582e-05,184.51812476423913,18.451812476423914
8,35,0.4,1.0,0.3981071705534973,0.025118864315095794,0.002,0.0019610412418842316,0.0006318794744673997,0.006318794744673997,0.035938587222174696,0.017582201285795667,3.5164402571591335e-05,179.6929361108735,17.96929361108735
8,36,0.4,1.0,0.3981071705534973,0.039810717055349734,0.002,0.0018557123839855194,0.0006045094032844063,0.006045094032844063,0.034408764432213516,0.01756847167457324,3.513694334914648e-05,172.04382216106757,17.204382216106758
8,37,0.4,1.0,0.3981071705534973,0.06309573444801933,0.002,0.001688886433839798,0.0005612426471379621,0.005612426471379621,0.0319855712378644,0.017546744529407222,3.5093489058814446e-05,159.927856189322,15.9927856189322
8,38,0.4,1.0,0.3981071705534973,0.1,0.002,0.0014253072440624237,0.000493116261618984,0.004931162616189841,0.028158026326678944,0.017512458291573163,3.5024916583146325e-05,140.7901316333947,14.07901316333947
8,39,0.4,1.0,0.3981071705534973,0.15848931924611143,0.002,0.001011677086353302,0.00038697618150327446,0.0038697618150327446,0.022165176215366907,0.017458745996117436,3.491749199223487e-05,110.82588107683455,11.082588107683454
8,40,0.4,1.0,0.3981071705534973,0.25118864315095807,0.002,0.00046590715646743774,0.00022717527235808339,0.002271752723580834,0.013074010749107447,0.017376096495376712,3.4752192990753426e-05,65.37005374553723,6.537005374553724
8,41,0.4,1.0,0.3981071705534973,0.3981071705534973,0.002,0.0005704350769519806,8.841910907229271e-05,0.0008841910907229272,0.005124546057215463,0.01725403734986377,3.450807469972754e-05,25.622730286077317,2.562273028607731
8,42,0.4,1.0,0.3981071705534973,0.6309573444801934,0.002,0.001857418566942215,0.0003769355501106484,0.0037693555011064843,0.022058563650396105,0.01708794625455496,3.417589250910992e-05,110.29281825198055,11.029281825198055
8,43,0.4,1.0,0.3981071705534973,1.0,0.002,0.0033977925777435303,0.000772888690962367,0.00772888690962367,0.04576309457788232,0.016888907930975243,3.3777815861950486e-05,228.81547288941164,22.881547288941164
8,44,0.4,1.2,0.3981071705534973,0.01,0.002,0.0016631931066513062,0.0005992582716968504,0.005992582716968504,0.03411655916214474,0.017565026673668164,3.513005334733633e-05,170.5827958107237,17.05827958107237
8,45,0.4,1.2,0.3981071705534973,0.015848931924611134,0.002,0.0016226768493652344,0.0005885970110173497,0.005885970110173497,0.033519880668502595,0.017559639213466316,3.511927842693263e-05,167.59940334251297,16.759940334251297
8,46,0.4,1.2,0.3981071705534973,0.025118864315095794,0.002,0.0015584267675876617,0.0005717119992732095,0.005717119992732094,0.03257413994945956,0.01755110035630257,3.510220071260514e-05,162.87069974729778,16.28706997472978
8,47,0.4,1.2,0.3981071705534973,0.039810717055349734,0.002,0.0014565438032150269,0.0005449925087344645,0.005449925087344644,0.03107571290608143,0.017537570590305293,3.507514118061059e-05,155.37856453040715,15.537856453040717
8,48,0.4,1.2,0.3981071705534973,0.06309573444801933,0.002,0.0012950710952281952,0.0005027942897620571,0.00502794289762057,0.028704610096401732,0.017516151171309058,3.503230234261812e-05,143.52305048200867,14.352305048200868
8,49,0.4,1.2,0.3981071705534973,0.1,0.002,0.0010471902787685394,0.000436489095208412,0.00436489095208412,0.024967451682263973,0.017482324618594492,3.4964649237188986e-05,124.83725841131987,12.483725841131987
8,50,0.4,1.2,0.3981071705534973,0.15848931924611143,0.002,0.000713396817445755,0.00033381830934831,0.0033381830934831,0.019152764406109517,0.017429249494753128,3.485849898950626e-05,95.76382203054757,9.576382203054758
8,51,0.4,1.2,0.3981071705534973,0.25118864315095807,0.002,0.0003289170563220978,0.0001845022690817972,0.001845022690817972,0.010635782341034648,0.01734731523885706,3.469463047771412e-05,53.17891170517325,5.317891170517325
8,52,0.4,1.2,0.3981071705534973,0.3981071705534973,0.002,0.0009111650288105011,0.0001389282877114088,0.001389282877114088,0.008065264676046617,0.017225508807419306,3.445101761483861e-05,40.326323380233084,4.0326323380233084
8,53,0.4,1.2,0.3981071705534973,0.6309573444801934,0.002,0.0021903179585933685,0.00044206626765882085,0.004420662676588209,0.025915881909152796,0.01705773583968581,3.411547167937162e-05,129.579409545764,12.9579409545764
8,54,0.4,1.2,0.3981071705534973,1.0,0.002,0.003746960312128067,0.0008475385539228383,0.008475385539228383,0.050289927771502214,0.016853047746931,3.3706095493861996e-05,251.44963885751113,25.144963885751114
9,10,0.4,0.4,0.6309573444801934,1.0,0.002,0.0013753287494182587,0.00034270986579701315,0.0034270986579701315,0.020448208490773383,0.016759896885423987,3.3519793770847976e-05,102.24104245386691,10.224104245386691
9,11,0.4,0.6,0.6309573444801934,0.01,0.002,0.004302985966205597,0.001133406668092663,0.01133406668092663,0.06478890022891455,0.01749384021164225,3.49876804232845e-05,323.9445011445727,32.39445011445727
9,12,0.4,0.6,0.6309573444801934,0.015848931924611134,0.002,0.0042550526559352875,0.0011211870559626992,0.011211870559626991,0.0641126426726841,0.017487768546474117,3.497553709294823e-05,320.56321336342046,32.05632133634205
9,13,0.4,0.6,0.6309573444801934,0.025118864315095794,0.002,0.004179105162620544,0.001101827952093565,0.01101827952093565,0.06304030937380363,0.017478149505266057,3.4956299010532116e-05,315.2015468690181,31.520154686901808
9,14,0.4,0.6,0.6309573444801934,0.039810717055349734,0.002,0.004058830440044403,0.001071177274473734,0.01071177274473734,0.06134010009097765,0.01746292022486104,3.492584044972208e-05,306.70050045488824,30.670050045488825
9,15,0.4,0.6,0.6309573444801934,0.06309573444801933,0.002,0.003868669271469116,0.0010227322109436008,0.010227322109436008,0.05864676908510931,0.01743885003212014,3.487770006424028e-05,293.2338454255465,29.323384542554653
9,16,0.4,0.6,0.6309573444801934,0.1,0.002,0.003569234162569046,0.0009464916124469843,0.009464916124469844,0.054393035695355293,0.017400970553438092,3.4801941106876186e-05,271.96517847677643,27.19651784767764
9,17,0.4,0.6,0.6309573444801934,0.15848931924611143,0.002,0.003102622926235199,0.0008277845311970656,0.008277845311970657,0.04773295202031981,0.017341993238647376,3.4683986477294755e-05,238.664760101599,23.8664760101599
9,18,0.4,0.6,0.6309573444801934,0.25118864315095807,0.002,0.0023934580385684967,0.0006476214118560442,0.006476214118560442,0.037537878275803536,0.01725247780649055,3.45049556129811e-05,187.68939137901765,18.768939137901764
9,19,0.4,0.6,0.6309573444801934,0.3981071705534973,0.002,0.001373685896396637,0.00038923388339366004,0.0038923388339366003,0.022730290217117706,0.017124017321192675,3.424803464238535e-05,113.65145108558853,11.365145108558854
9,20,0.4,0.6,0.6309573444801934,0.6309573444801934,0.002,0.00011473894119262695,6.126820431697582e-05,0.0006126820431697582,0.003612934493809739,0.016958016931098628,3.391603386219726e-05,18.0646724690487,1.80646724690487
9,21,0.4,0.6,0.6309573444801934,1.0,0.002,0.0014273300766944885,0.00032135976575614476,0.003213597657561448,0.01915940348107454,0.01677295256470697,3.3545905129413936e-05,95.79701740537269,9.579701740537269
9,22,0.4,0.8,0.6309573444801934,0.01,0.002,0.003850746899843216,0.001063716242650149,0.010637162426501489,0.060921632059938884,0.017460402925574808,3.4920805851149615e-05,304.6081602996944,30.460816029969447
9,23,0.4,0.8,0.6309573444801934,0.015848931924611134,0.002,0.0038067176938056946,0.0010523618564470965,0.010523618564470965,0.060290847618526495,0.017454753051501654,3.490950610300331e-05,301.4542380926324,30.145423809263246
9,24,0.4,0.8,0.6309573444801934,0.025118864315095794,0.002,0.003736935555934906,0.0010343710766425838,0.010343710766425838,0.05929054722538162,0.017445800807177933,3.489160161435587e-05,296.452736126908,29.6452736126908
9,25,0.4,0.8,0.6309573444801934,0.039810717055349734,0.002,0.0036263689398765564,0.0010058780105580505,0.010058780105580504,0.05770421118058195,0.01743162223308476,3.4863244466169525e-05,288.52105590290967,28.85210559029097
9,26,0.4,0.8,0.6309573444801934,0.06309573444801933,0.002,0.0034513846039772034,0.0009608126867278493,0.009608126867278494,0.055189952142148425,0.017409195866906348,3.4818391733812697e-05,275.94976071074205,27.594976071074207
9,27,0.4,0.8,0.6309573444801934,0.1,0.002,0.003175295889377594,0.0008897784111026394,0.008897784111026394,0.05121368065897418,0.017373842294748705,3.4747684589497413e-05,256.0684032948709,25.60684032948709
9,28,0.4,0.8,0.6309573444801934,0.15848931924611143,0.002,0.0027431994676589966,0.0007787726412292779,0.007787726412292779,0.04496746486000231,0.017318580081261845,3.463716016252369e-05,224.83732430001152,22.48373243000115
9,29,0.4,0.8,0.6309573444801934,0.25118864315095807,0.002,0.0020804107189178467,0.0006089169722206955,0.006089169722206955,0.03533239969048686,0.017233954601296002,3.4467909202592006e-05,176.6619984524343,17.66619984524343
9,30,0.4,0.8,0.6309573444801934,0.3981071705534973,0.002,0.001109391450881958,0.00036139250899280297,0.00361392508992803,0.02112143386189874,0.01711022610281796,3.422045220563592e-05,105.6071693094937,10.56071693094937
9,31,0.4,0.8,0.6309573444801934,0.6309573444801934,0.002,0.00019047409296035767,5.905160085570616e-05,0.0005905160085570617,0.0034849111729225095,0.016944937166414036,3.388987433282807e-05,17.42455586461255,1.7424555864612548
9,32,0.4,0.8,0.6309573444801934,1.0,0.002,0.0017082765698432922,0.00036816573267286394,0.0036816573267286394,0.021977303044820495,0.016752088821909907,3.3504177643819817e-05,109.88651522410245,10.988651522410246
9,33,0.4,1.0,0.6309573444801934,0.01,0.002,0.003421694040298462,0.0009971790647907036,0.009971790647907037,0.0572172107369143,0.017427956587673415,3.485591317534683e-05,286.0860536845715,28.608605368457145
9,34,0.4,1.0,0.6309573444801934,0.015848931924611134,0.002,0.003379780799150467,0.0009862129211692906,0.009862129211692905,0.05660574614276946,0.01742248779270379,3.484497558540758e-05,283.0287307138473,28.30287307138473
9,35,0.4,1.0,0.6309573444801934,0.025118864315095794,0.002,0.0033133290708065033,0.0009688351421335661,0.009688351421335662,0.05563598832109177,0.017413821006326546,3.482764201265309e-05,278.17994160545885,27.81799416054588
9,36,0.4,1.0,0.6309573444801934,0.039810717055349734,0.002,0.003208000212907791,0.0009413087736457697,0.009413087736457697,0.05409792122762222,0.017400091395104116,3.4800182790208234e-05,270.48960613811107,27.048960613811108
9,37,0.4,1.0,0.6309573444801934,0.06309573444801933,0.002,0.0030411742627620697,0.0008977564449491038,0.008977564449491039,0.05165943307652224,0.0173783642499381,3.47567284998762e-05,258.2971653826112,25.82971653826112
9,38,0.4,1.0,0.6309573444801934,0.1,0.002,0.0027775950729846954,0.0008290544183828269,0.00829054418382827,0.047800431813339914,0.01734407801210404,3.468815602420808e-05,239.00215906669953,23.90021590666995
9,39,0.4,1.0,0.6309573444801934,0.15848931924611143,0.002,0.0023639649152755737,0.0007215126426022986,0.007215126426022986,0.04172917186520689,0.017290365716648316,3.458073143329663e-05,208.6458593260344,20.864585932603443
9,40,0.4,1.0,0.6309573444801934,0.25118864315095807,0.002,0.001726098358631134,0.0005563848476436815,0.005563848476436815,0.032333450916010247,0.01720771621590759,3.441543243181518e-05,161.6672545800512,16.16672545800512
9,41,0.4,1.0,0.6309573444801934,0.3981071705534973,0.002,0.0007818527519702911,0.00031468722689110103,0.0031468722689110104,0.018418210408564194,0.017085657070394646,3.417131414078929e-05,92.09105204282096,9.209105204282096
9,42,0.4,1.0,0.6309573444801934,0.6309573444801934,0.002,0.0005051307380199432,7.952711709374582e-05,0.0007952711709374582,0.004700304795693339,0.01691956597508584,3.383913195017168e-05,23.501523978466693,2.3501523978466694
9,43,0.4,1.0,0.6309573444801934,1.0,0.002,0.0020455047488212585,0.000435406996654893,0.00435406996654893,0.026040266535229416,0.016720527651506122,3.3441055303012245e-05,130.20133267614708,13.020133267614709
9,44,0.4,1.2,0.6309573444801934,0.01,0.002,0.003015480935573578,0.0009340863428443134,0.009340863428443133,0.05369347181510725,0.017396646394199043,3.479329278839809e-05,268.46735907553614,26.84673590755362
9,45,0.4,1.2,0.6309573444801934,0.015848931924611134,0.002,0.002974964678287506,0.0009233148392132557,0.009233148392132557,0.053090741890359616,0.017391258933997192,3.4782517867994384e-05,265.4537094517981,26.54537094517981
9,46,0.4,1.2,0.6309573444801934,0.025118864315095794,0.002,0.0029107145965099335,0.0009062448525664372,0.009062448525664372,0.052134812535710166,0.017382720076833447,3.4765440153666895e-05,260.67406267855085,26.067406267855084
9,47,0.4,1.2,0.6309573444801934,0.039810717055349734,0.002,0.0028088316321372986,0.0008792038023745234,0.008792038023745233,0.05061858305657528,0.017369190310836172,3.473838062167235e-05,253.09291528287636,25.309291528287638
9,48,0.4,1.2,0.6309573444801934,0.06309573444801933,0.002,0.002647358924150467,0.0008364117759613858,0.008364117759613857,0.04821436605176853,0.017347770891839934,3.469554178367987e-05,241.07183025884268,24.107183025884268
9,49,0.4,1.2,0.6309573444801934,0.1,0.002,0.0023919232189655304,0.0007688854547777636,0.007688854547777636,0.04440845134521234,0.01731394433912537,3.4627888678250745e-05,222.04225672606165,22.204225672606167
9,50,0.4,1.2,0.6309573444801934,0.15848931924611143,0.002,0.001990225166082382,0.0006631119931310296,0.006631119931310296,0.038417068390962775,0.017260869215284004,3.452173843056801e-05,192.08534195481386,19.208534195481388
9,51,0.4,1.2,0.6309573444801934,0.25118864315095807,0.002,0.0013683363795280457,0.0005005591479398385,0.005005591479398385,0.029137961644490257,0.017178934959387937,3.435786991877587e-05,145.6898082224513,14.568980822245129
9,52,0.4,1.2,0.6309573444801934,0.3981071705534973,0.002,0.0005375631153583527,0.00026384797380083467,0.002638479738008347,0.015468487170539148,0.01705712852795018,3.411425705590036e-05,77.34243585269576,7.7342435852695735
9,53,0.4,1.2,0.6309573444801934,0.6309573444801934,0.002,0.0008380301296710968,0.00012944803588952196,0.0012944803588952195,0.007664474551914824,0.01688935556021669,3.377871112043338e-05,38.32237275957412,3.832237275957412
9,54,0.4,1.2,0.6309573444801934,1.0,0.002,0.0023946724832057953,0.0005102074779671273,0.005102074779671274,0.03057942143360809,0.01668466746746188,3.3369334934923755e-05,152.89710716804046,15.289710716804043
10,11,0.4,0.6,1.0,0.01,0.002,0.005678314715623856,0.0014759086851459807,0.014759086851459807,0.08519390775812721,0.017324110655144633,3.4648221310289265e-05,425.9695387906361,42.596953879063605
10,12,0.4,0.6,1.0,0.015848931924611134,0.002,0.005630381405353546,0.0014636869195888253,0.014636869195888252,0.08451805198244397,0.0173180389899765,3.4636077979953005e-05,422.5902599122198,42.259025991221975
10,13,0.4,0.6,1.0,0.025118864315095794,0.002,0.005554433912038803,0.0014443242815655702,0.014443242815655701,0.08344633917137766,0.017308419948768437,3.461683989753688e-05,417.2316958568883,41.72316958568883
10,14,0.4,0.6,1.0,0.039810717055349734,0.002,0.005434159189462662,0.001413667668858427,0.01413667668858427,0.08174707004443225,0.01729319066836342,3.458638133672684e-05,408.73535022216134,40.87353502221613
10,15,0.4,0.6,1.0,0.06309573444801933,0.002,0.005243998020887375,0.0013652123005391727,0.013652123005391727,0.07905511473304833,0.01726912047562252,3.453824095124504e-05,395.2755736652417,39.52755736652417
10,16,0.4,0.6,1.0,0.1,0.002,0.004944562911987305,0.0012889527508531309,0.012889527508531309,0.07480324551679088,0.017231240996940476,3.4462481993880954e-05,374.0162275839544,37.40162275839544
10,17,0.4,0.6,1.0,0.15848931924611143,0.002,0.004477951675653458,0.0011702072934891181,0.011702072934891181,0.06814519711256974,0.01717226368214976,3.434452736429952e-05,340.7259855628487,34.07259855628487
10,18,0.4,0.6,1.0,0.25118864315095807,0.002,0.0037687867879867554,0.0009899514165076404,0.009899514165076406,0.057950360329641334,0.01708274824999293,3.416549649998586e-05,289.75180164820677,28.97518016482067
10,19,0.4,0.6,1.0,0.3981071705534973,0.002,0.0027490146458148956,0.0007312350176160809,0.007312350176160809,0.04312979865416558,0.01695428776469506,3.390857552939012e-05,215.64899327082787,21.56489932708279
10,20,0.4,0.6,1.0,0.6309573444801934,0.002,0.0014272183179855347,0.00039699752131246814,0.003969975213124682,0.023647291260518056,0.016788287374601012,3.3576574749202026e-05,118.23645630259028,11.823645630259028
10,21,0.4,0.6,1.0,1.0,0.002,5.741044878959656e-05,3.5437145148895486e-05,0.00035437145148895486,0.002134353380146362,0.01660322300820935,3.3206446016418704e-05,10.671766900731813,1.0671766900731812
10,22,0.4,0.8,1.0,0.01,0.002,0.005226075649261475,0.0014057704728529942,0.014057704728529942,0.0813022398171657,0.017290673369077192,3.458134673815438e-05,406.5111990858285,40.65111990858285
10,23,0.4,0.8,1.0,0.015848931924611134,0.002,0.005182046443223953,0.0013944083869171936,0.013944083869171937,0.08067147767084178,0.017285023495004034,3.457004699000807e-05,403.3573883542089,40.33573883542089
10,24,0.4,0.8,1.0,0.025118864315095794,0.002,0.005112264305353165,0.0013764049648753653,0.013764049648753654,0.07967117899106627,0.017276071250680314,3.455214250136063e-05,398.35589495533134,39.83558949553313
10,25,0.4,0.8,1.0,0.039810717055349734,0.002,0.005001697689294815,0.0013478906777809516,0.013478906777809517,0.07808475600182237,0.01726189267658715,3.45237853531743e-05,390.42378000911174,39.04237800091117
10,26,0.4,0.8,1.0,0.06309573444801933,0.002,0.004826713353395462,0.001302788493109188,0.01302788493109188,0.07557011740685958,0.017239466310408732,3.4478932620817464e-05,377.85058703429786,37.78505870342978
10,27,0.4,0.8,1.0,0.1,0.002,0.004550624638795853,0.0012316864259076655,0.012316864259076655,0.07159255723598996,0.017204112738251093,3.440822547650219e-05,357.96278617994983,35.796278617994986
10,28,0.4,0.8,1.0,0.15848931924611143,0.002,0.004118528217077255,0.0011205431929930325,0.011205431929930324,0.06534217505569158,0.017148850524764225,3.4297701049528454e-05,326.7108752784579,32.671087527845785
10,29,0.4,0.8,1.0,0.25118864315095807,0.002,0.0034557394683361053,0.0009503535922368838,0.009503535922368838,0.05569274841031096,0.017064225044798386,3.4128450089596774e-05,278.4637420515548,27.846374205155477
10,30,0.4,0.8,1.0,0.3981071705534973,0.002,0.0024847202003002167,0.0007016153580878036,0.007016153580878036,0.041416457668131436,0.01694049654632035,3.38809930926407e-05,207.08228834065716,20.708228834065718
10,31,0.4,0.8,1.0,0.6309573444801934,0.002,0.001184854656457901,0.00037010091503243345,0.0037010091503243345,0.022062374644690158,0.016775207609916423,3.355041521983285e-05,110.31187322345076,11.031187322345076
10,32,0.4,0.8,1.0,1.0,0.002,0.00033294782042503357,5.213338483965116e-05,0.0005213338483965116,0.003143906364903798,0.016582359265412287,3.316471853082458e-05,15.719531824518988,1.5719531824518989
10,33,0.4,1.0,1.0,0.01,0.002,0.004797022789716721,0.001338497799582481,0.01338497799582481,0.07755708608796123,0.0172582270311758,3.45164540623516e-05,387.78543043980613,38.77854304398061
10,34,0.4,1.0,1.0,0.015848931924611134,0.002,0.004755109548568726,0.001327514672691832,0.013275146726918319,0.07694506898647345,0.017252758236206173,3.4505516472412346e-05,384.72534493236725,38.47253449323673
10,35,0.4,1.0,1.0,0.025118864315095794,0.002,0.004688657820224762,0.0013101089536937394,0.013101089536937392,0.07597436823537236,0.017244091449828927,3.4488182899657854e-05,379.8718411768619,37.98718411768619
10,36,0.4,1.0,1.0,0.039810717055349734,0.002,0.00458332896232605,0.0012825356228915476,0.012825356228915475,0.07443463085133167,0.017230361838606503,3.446072367721301e-05,372.17315425665834,37.21731542566584
10,37,0.4,1.0,1.0,0.06309573444801933,0.002,0.004416503012180328,0.0012389014689783882,0.012389014689783881,0.0719930134521728,0.017208634693440483,3.4417269386880966e-05,359.965067260864,35.9965067260864
10,38,0.4,1.0,1.0,0.1,0.002,0.004152923822402954,0.001170048137491924,0.01170048137491924,0.06812765797295627,0.017174348455606423,3.4348696911212845e-05,340.6382898647813,34.063828986478136
10,39,0.4,1.0,1.0,0.15848931924611143,0.002,0.0037392936646938324,0.0010621962996627873,0.010621962996627873,0.06204187097528026,0.0171206361601507,3.42412723203014e-05,310.2093548764013,31.020935487640127
10,40,0.4,1.0,1.0,0.25118864315095807,0.002,0.0031014271080493927,0.0008962971020258086,0.008962971020258085,0.05260581076525196,0.017037986659409973,3.4075973318819945e-05,263.0290538262598,26.302905382625987
10,41,0.4,1.0,1.0,0.3981071705534973,0.002,0.00215718150138855,0.0006515800502809416,0.006515800502809416,0.03851873033539814,0.01691592751389703,3.383185502779406e-05,192.59365167699073,19.259365167699073
10,42,0.4,1.0,1.0,0.6309573444801934,0.002,0.0008701980113983154,0.0003206712897512666,0.003206712897512666,0.019144741580604325,0.016749836418588224,3.349967283717645e-05,95.72370790302163,9.572370790302163
10,43,0.4,1.0,1.0,1.0,0.002,0.0006701759994029999,0.00010770100675023351,0.0010770100675023353,0.006507299897683766,0.016550798095008507,3.310159619001701e-05,32.53649948841883,3.2536499488418826
10,44,0.4,1.2,1.0,0.01,0.002,0.0043908096849918365,0.0012743396361803592,0.012743396361803593,0.07397374981177383,0.017226916837701424,3.445383367540285e-05,369.8687490588692,36.986874905886914
10,45,0.4,1.2,1.0,0.015848931924611134,0.002,0.004350293427705765,0.0012635370093589467,0.012635370093589468,0.07336961669674902,0.01722152937749958,3.444305875499916e-05,366.8480834837451,36.6848083483745
10,46,0.4,1.2,1.0,0.025118864315095794,0.002,0.004286043345928192,0.0012464157543620473,0.012464157543620473,0.07241134263622016,0.01721299052033583,3.442598104067166e-05,362.05671318110075,36.20567131811008
10,47,0.4,1.2,1.0,0.039810717055349734,0.002,0.004184160381555557,0.0012192882966231642,0.012192882966231642,0.07089107699586449,0.017199460754338557,3.4398921508677116e-05,354.45538497932245,35.44553849793224
10,48,0.4,1.2,1.0,0.06309573444801933,0.002,0.004022687673568726,0.0011763450231395552,0.011763450231395554,0.06847957809481621,0.01717804133534232,3.4356082670684644e-05,342.397890474081,34.239789047408095
10,49,0.4,1.2,1.0,0.1,0.002,0.003767251968383789,0.0011085367319335073,0.011085367319335073,0.06465952194303984,0.017144214782627752,3.4288429565255506e-05,323.2976097151992,32.329760971519924
10,50,0.4,1.2,1.0,0.15848931924611143,0.002,0.003365553915500641,0.0010021763201669676,0.010021763201669677,0.058637185124852595,0.017091139658786392,3.4182279317572786e-05,293.18592562426295,29.318592562426293
10,51,0.4,1.2,1.0,0.25118864315095807,0.002,0.0027436651289463043,0.0008381113027959642,0.00838111302795964,0.04927398328986881,0.017009205402890325,3.401841080578065e-05,246.36991644934403,24.636991644934408
10,52,0.4,1.2,1.0,0.3981071705534973,0.002,0.0018164515495300293,0.0005948009983690714,0.005948009983690714,0.03522158737260589,0.016887398971452566,3.377479794290513e-05,176.10793686302947,17.610793686302944
10,53,0.4,1.2,1.0,0.6309573444801934,0.002,0.0005717910826206207,0.00026436432399222753,0.0026436432399222754,0.015811617074055543,0.016719626003719075,3.343925200743815e-05,79.05808537027771,7.905808537027771
10,54,0.4,1.2,1.0,1.0,0.002,0.0010193437337875366,0.0001777349323247716,0.001777349323247716,0.010762070876861938,0.016514937910964263,3.302987582192853e-05,53.810354384309676,5.381035438430967
11,12,0.6,0.6,0.01,0.015848931924611134,0.002,4.793331027030945e-05,1.2223019200926181e-05,0.00012223019200926182,0.0006771012172973762,0.018051982316194762,3.6103964632389527e-05,3.3855060864868807,0.3385506086486881
11,13,0.6,0.6,0.01,0.025118864315095794,0.002,0.0001238808035850525,3.158770375819039e-05,0.00031587703758190395,0.0017507520094101243,0.0180423632749867,3.60847265499734e-05,8.753760047050621,0.875376004705062
11,14,0.6,0.6,0.01,0.039810717055349734,0.002,0.00024415552616119385,6.224773309356056e-05,0.0006224773309356057,0.003453002186163925,0.01802713399458168,3.605426798916336e-05,17.265010930819628,1.7265010930819626
11,15,0.6,0.6,0.01,0.06309573444801933,0.002,0.0004343166947364807,0.00011070895134620982,0.001107089513462098,0.006149450591564864,0.01800306380184078,3.600612760368156e-05,30.747252957824326,3.074725295782433
11,16,0.6,0.6,0.01,0.1,0.002,0.0007337518036365509,0.00018697898475442094,0.0018697898475442093,0.01040785228757092,0.017965184323158738,3.5930368646317475e-05,52.039261437854606,5.203926143785461
11,17,0.6,0.6,0.01,0.15848931924611143,0.002,0.001200363039970398,0.00030574452740102145,0.003057445274010214,0.01707477900027288,0.017906207008368022,3.5812414016736044e-05,85.3738950013644,8.537389500136442
11,18,0.6,0.6,0.01,0.25118864315095807,0.002,0.0019095279276371002,0.0004860432159371255,0.0048604321593712545,0.027280217197343706,0.017816691576211192,3.563338315242238e-05,136.40108598671858,13.64010859867186
11,19,0.6,0.6,0.01,0.3981071705534973,0.002,0.00292930006980896,0.0007448682634903347,0.007448682634903347,0.042110952738116554,0.01768823109091332,3.537646218182664e-05,210.5547636905828,21.05547636905828
11,20,0.6,0.6,0.01,0.6309573444801934,0.002,0.004251096397638321,0.0010794981624117326,0.010794981624117326,0.06160734787958586,0.017522230700819274,3.504446140163855e-05,308.0367393979293,30.803673939792933
11,21,0.6,0.6,0.01,1.0,0.002,0.0057303160429000854,0.0014528120756965384,0.014528120756965385,0.0837975507457403,0.01733716633442761,3.4674332668855225e-05,418.9877537287016,41.898775372870155
11,22,0.6,0.8,0.01,0.01,0.002,0.000452239066362381,7.774514287775533e-05,0.0007774514287775533,0.004313275793434616,0.018024616695295453,3.6049233390590904e-05,21.566378967173083,2.1566378967173083
11,23,0.6,0.8,0.01,0.015848931924611134,0.002,0.0004962682723999023,8.821370340549401e-05,0.0008821370340549401,0.004895602743526786,0.018018966821222296,3.603793364244459e-05,24.47801371763393,2.447801371763393
11,24,0.6,0.8,0.01,0.025118864315095794,0.002,0.0005660504102706909,0.0001051848953629177,0.0010518489536291771,0.005840355926076721,0.018010014576898575,3.602002915379715e-05,29.2017796303836,2.92017796303836
11,25,0.6,0.8,0.01,0.039810717055349734,0.002,0.0006766170263290405,0.00013262928796186596,0.0013262928796186596,0.007369998700876698,0.01799583600280541,3.599167200561082e-05,36.849993504383484,3.6849993504383485
11,26,0.6,0.8,0.01,0.06309573444801933,0.002,0.0008516013622283936,0.00017674564313955243,0.0017674564313955243,0.0098337291984584,0.017973409636626993,3.5946819273253986e-05,49.168645992292,4.9168645992292
11,27,0.6,0.8,0.01,0.1,0.002,0.001127690076828003,0.0002470443241640112,0.002470443241640112,0.013772078940780103,0.017938056064469354,3.587611212893871e-05,68.86039470390051,6.886039470390052
11,28,0.6,0.8,0.01,0.15848931924611143,0.002,0.0015597864985466003,0.0003576224856664125,0.003576224856664125,0.019998132766416953,0.017882793850982487,3.5765587701964975e-05,99.99066383208476,9.999066383208477
11,29,0.6,0.8,0.01,0.25118864315095807,0.002,0.0022225752472877502,0.0005275248367338441,0.0052752483673384415,0.029639276679328967,0.017798168371016648,3.5596336742033295e-05,148.19638339664485,14.819638339664483
11,30,0.6,0.8,0.01,0.3981071705534973,0.002,0.003193594515323639,0.0007763739422510322,0.007763739422510322,0.043926367559591596,0.01767443987253861,3.534887974507722e-05,219.63183779795796,21.963183779795795
11,31,0.6,0.8,0.01,0.6309573444801934,0.002,0.004493460059165955,0.0011091519558305409,0.011091519558305408,0.06334698694849432,0.017509150936134685,3.501830187226937e-05,316.7349347424715,31.673493474247156
11,32,0.6,0.8,0.01,1.0,0.002,0.006011262536048889,0.001497659799263525,0.014976597992635251,0.08648842853943807,0.01731630259163055,3.46326051832611e-05,432.4421426971904,43.24421426971904
11,33,0.6,1.0,0.01,0.01,0.002,0.000881291925907135,0.00015261059215950683,0.0015261059215950683,0.008482055756924844,0.01799217035739406,3.598434071478812e-05,42.410278784624225,4.241027878462422
11,34,0.6,1.0,0.01,0.015848931924611134,0.002,0.00092320516705513,0.00016266594138061315,0.0016266594138061316,0.009043678231723959,0.017986701562424434,3.597340312484887e-05,45.218391158619795,4.521839115861979
11,35,0.6,1.0,0.01,0.025118864315095794,0.002,0.0009896568953990936,0.0001788296120161272,0.0017882961201612722,0.009947116814702606,0.01797803477604719,3.5956069552094376e-05,49.73558407351304,4.9735584073513035
11,36,0.6,1.0,0.01,0.039810717055349734,0.002,0.0010949857532978058,0.00020486224228956552,0.002048622422895655,0.011403850046518841,0.017964305164824765,3.592861032964953e-05,57.01925023259419,5.701925023259419
11,37,0.6,1.0,0.01,0.06309573444801933,0.002,0.0012618117034435272,0.0002467649689675332,0.0024676496896753317,0.013753038649026115,0.017942578019658744,3.588515603931749e-05,68.76519324513058,6.876519324513058
11,38,0.6,1.0,0.01,0.1,0.002,0.0015253908932209015,0.0003138942503261854,0.003138942503261854,0.017527872236522305,0.017908291781824685,3.581658356364937e-05,87.63936118261151,8.76393611826115
11,39,0.6,1.0,0.01,0.15848931924611143,0.002,0.0019390210509300232,0.00042026953892559547,0.004202695389255955,0.023538473098537512,0.01785457948636896,3.570915897273792e-05,117.69236549268756,11.769236549268756
11,40,0.6,1.0,0.01,0.25118864315095807,0.002,0.002576887607574463,0.0005851854303362031,0.005851854303362031,0.03292751157636956,0.017771929985628234,3.5543859971256466e-05,164.63755788184784,16.463755788184784
11,41,0.6,1.0,0.01,0.3981071705534973,0.002,0.003521133214235306,0.0008297972975032178,0.008297972975032177,0.0470143552335365,0.01764987084011529,3.529974168023059e-05,235.07177616768251,23.507177616768253
11,42,0.6,1.0,0.01,0.6309573444801934,0.002,0.00480811670422554,0.0011634163342872357,0.011634163342872357,0.06654260985144392,0.017483779744806485,3.496755948961297e-05,332.7130492572196,33.271304925721964
11,43,0.6,1.0,0.01,1.0,0.002,0.0063484907150268555,0.0015636219705702358,0.015636219705702357,0.09046256073290214,0.017284741421226768,3.4569482842453534e-05,452.31280366451074,45.231280366451074
11,44,0.6,1.2,0.01,0.01,0.002,0.001287505030632019,0.00022442673647796117,0.0022442673647796118,0.012495322296912947,0.017960860163919685,3.592172032783937e-05,62.476611484564735,6.247661148456473
11,45,0.6,1.2,0.01,0.015848931924611134,0.002,0.0013280212879180908,0.00023428086425747888,0.0023428086425747886,0.013047880616864458,0.01795547270371784,3.591094540743568e-05,65.23940308432229,6.52394030843223
11,46,0.6,1.2,0.01,0.025118864315095794,0.002,0.0013922713696956635,0.0002500651406862173,0.002500651406862173,0.013933585693482185,0.017946933846554092,3.5893867693108184e-05,69.66792846741092,6.966792846741092
11,47,0.6,1.2,0.01,0.039810717055349734,0.002,0.0014941543340682983,0.00027541479448670914,0.002754147944867092,0.015357641708709981,0.017933404080556818,3.586680816111364e-05,76.78820854354991,7.678820854354989
11,48,0.6,1.2,0.01,0.06309573444801933,0.002,0.00165562704205513,0.00031617838061103083,0.0031617838061103083,0.01765177821358651,0.017911984661560583,3.5823969323121165e-05,88.25889106793255,8.825889106793255
11,49,0.6,1.2,0.01,0.1,0.002,0.0019110627472400665,0.0003815892812972205,0.0038158928129722047,0.02134388111873852,0.017878158108846014,3.575631621769203e-05,106.71940559369263,10.671940559369263
11,50,0.6,1.2,0.01,0.15848931924611143,0.002,0.0023127608001232147,0.00048567334128410725,0.004856733412841072,0.027246624416429353,0.017825082985004653,3.565016597000931e-05,136.23312208214676,13.623312208214678
11,51,0.6,1.2,0.01,0.25118864315095807,0.002,0.0029346495866775513,0.0006480571177477469,0.006480571177477469,0.03652435808558458,0.017743148729108586,3.5486297458217175e-05,182.6217904279229,18.262179042792287
11,52,0.6,1.2,0.01,0.3981071705534973,0.002,0.0038618631660938263,0.0008911085304345187,0.008911085304345187,0.05056984396428782,0.017621342297670827,3.524268459534166e-05,252.84921982143908,25.284921982143906
11,53,0.6,1.2,0.01,0.6309573444801934,0.002,0.005141016095876694,0.0012271454234709465,0.012271454234709465,0.07030913850762195,0.017453569329937337,3.4907138659874676e-05,351.5456925381097,35.15456925381097
11,54,0.6,1.2,0.01,1.0,0.002,0.006697658449411392,0.0016377933542213318,0.016377933542213317,0.09495070037880632,0.017248881237182524,3.449776247436505e-05,474.7535018940315,47.47535018940315
12,13,0.6,0.6,0.015848931924611134,0.025118864315095794,0.002,7.594749331474304e-05,1.936468458755173e-05,0.0001936468458755173,0.0010736511144569217,0.018036291609818567,3.607258321963713e-05,5.368255572284609,0.5368255572284608
12,14,0.6,0.6,0.015848931924611134,0.039810717055349734,0.002,0.0001962222158908844,5.002471400951832e-05,0.0005002471400951832,0.002775902613014615,0.01802106232941355,3.60421246588271e-05,13.879513065073073,1.3879513065073075
12,15,0.6,0.6,0.015848931924611134,0.06309573444801933,0.002,0.00038638338446617126,9.84859325347093e-05,0.000984859325347093,0.005472355146170427,0.01799699213667265,3.5993984273345295e-05,27.361775730852145,2.7361775730852145
12,16,0.6,0.6,0.015848931924611134,0.1,0.002,0.0006858184933662415,0.000174755966730493,0.0017475596673049302,0.009730768443770427,0.017959112657990606,3.5918225315981216e-05,48.65384221885213,4.865384221885212
12,17,0.6,0.6,0.015848931924611134,0.15848931924611143,0.002,0.0011524297297000885,0.00029352151142621625,0.0029352151142621624,0.016397725815951586,0.01790013534319989,3.580027068639978e-05,81.98862907975794,8.198862907975794
12,18,0.6,0.6,0.015848931924611134,0.25118864315095807,0.002,0.0018615946173667908,0.00047382020516220316,0.004738202051622032,0.02660324051205101,0.01781061991104306,3.562123982208612e-05,133.01620256025507,13.301620256025506
12,19,0.6,0.6,0.015848931924611134,0.3981071705534973,0.002,0.0028813667595386505,0.0007326452654571955,0.0073264526545719555,0.041434151102068766,0.01768215942574519,3.536431885149038e-05,207.1707555103438,20.717075551034377
12,20,0.6,0.6,0.015848931924611134,0.6309573444801934,0.002,0.0042031630873680115,0.001067275193384168,0.01067275193384168,0.060930891938804174,0.01751615903565114,3.503231807130228e-05,304.6544596940209,30.465445969402086
12,21,0.6,0.6,0.015848931924611134,1.0,0.002,0.005682382732629776,0.0014405891600081009,0.01440589160008101,0.08312164854556496,0.01733109466925948,3.466218933851896e-05,415.60824272782486,41.56082427278248
12,22,0.6,0.8,0.015848931924611134,0.01,0.002,0.00040430575609207153,6.677253930411217e-05,0.0006677253930411217,0.0037057675407457884,0.01801854503012732,3.6037090060254644e-05,18.52883770372894,1.852883770372894
12,23,0.6,0.8,0.015848931924611134,0.015848931924611134,0.002,0.0004483349621295929,7.692883911889552e-05,0.0007692883911889552,0.004270764829996781,0.018012895156054164,3.6025790312108327e-05,21.35382414998391,2.135382414998391
12,24,0.6,0.8,0.015848931924611134,0.025118864315095794,0.002,0.0005181171000003815,9.35945808733759e-05,0.0009359458087337591,0.005198560189412426,0.018003942911730443,3.6007885823460885e-05,25.99280094706213,2.5992800947062125
12,25,0.6,0.8,0.015848931924611134,0.039810717055349734,0.002,0.0006286837160587311,0.00012078587288927361,0.0012078587288927361,0.0067141442557183215,0.017989764337637278,3.5979528675274554e-05,33.5707212785916,3.35707212785916
12,26,0.6,0.8,0.015848931924611134,0.06309573444801933,0.002,0.0008036680519580841,0.00016472582323047156,0.0016472582323047158,0.009168070611914731,0.01796733797145886,3.5934675942917726e-05,45.84035305957364,4.5840353059573635
12,27,0.6,0.8,0.015848931924611134,0.1,0.002,0.0010797567665576935,0.00023491980343219468,0.0023491980343219466,0.013100602710838244,0.017931984399301222,3.586396879860244e-05,65.50301355419121,6.550301355419122
12,28,0.6,0.8,0.015848931924611134,0.15848931924611143,0.002,0.001511853188276291,0.00034544369761420443,0.0034544369761420443,0.01932365978637421,0.017876722185814355,3.575344437162871e-05,96.61829893187102,9.661829893187104
12,29,0.6,0.8,0.015848931924611134,0.25118864315095807,0.002,0.002174641937017441,0.0005153207859196939,0.005153207859196939,0.0289634658825961,0.017792096705848515,3.558419341169703e-05,144.8173294129805,14.48173294129805
12,30,0.6,0.8,0.015848931924611134,0.3981071705534973,0.002,0.0031456612050533295,0.0007641590538546325,0.007641590538546325,0.04325012049136821,0.01766836820737048,3.533673641474096e-05,216.25060245684105,21.625060245684104
12,31,0.6,0.8,0.015848931924611134,0.6309573444801934,0.002,0.004445526748895645,0.0010969326581647557,0.010969326581647555,0.06267083872403562,0.017503079270966553,3.5006158541933105e-05,313.354193620178,31.335419362017806
12,32,0.6,0.8,0.015848931924611134,1.0,0.002,0.00596332922577858,0.001485438690206117,0.014854386902061171,0.08581275989422557,0.017310230926462417,3.462046185292483e-05,429.0637994711278,42.90637994711278
12,33,0.6,1.0,0.015848931924611134,0.01,0.002,0.0008333586156368256,0.00014149935165073556,0.0014149935165073556,0.007867150852001905,0.01798609869222593,3.5972197384451856e-05,39.33575426000952,3.9335754260009526
12,34,0.6,1.0,0.015848931924611134,0.015848931924611134,0.002,0.0008752718567848206,0.00015140531672333676,0.0015140531672333678,0.00842046789175278,0.017980629897256302,3.596125979451261e-05,42.10233945876389,4.210233945876389
12,35,0.6,1.0,0.015848931924611134,0.025118864315095794,0.002,0.0009417235851287842,0.00016738437773768317,0.0016738437773768317,0.009313639066861848,0.017971963110879056,3.5943926221758116e-05,46.56819533430924,4.656819533430924
12,36,0.6,1.0,0.015848931924611134,0.039810717055349734,0.002,0.0010470524430274963,0.00019321328004864762,0.0019321328004864762,0.0107590359626598,0.017958233499656633,3.5916466999313263e-05,53.79517981329899,5.379517981329899
12,37,0.6,1.0,0.015848931924611134,0.06309573444801933,0.002,0.0012138783931732178,0.00023492135563299622,0.0023492135563299623,0.01309738646925414,0.017936506354490612,3.587301270898123e-05,65.48693234627069,6.548693234627069
12,38,0.6,1.0,0.015848931924611134,0.1,0.002,0.001477457582950592,0.0003018933168397866,0.0030189331683978657,0.01686345687141337,0.017902220116656552,3.5804440233313106e-05,84.31728435706684,8.431728435706685
12,39,0.6,1.0,0.015848931924611134,0.15848931924611143,0.002,0.0018910877406597137,0.0004081619201547712,0.0040816192015477116,0.022868125685551594,0.01784850782120083,3.569701564240166e-05,114.34062842775795,11.434062842775797
12,40,0.6,1.0,0.015848931924611134,0.25118864315095807,0.002,0.0025289542973041534,0.000573016571764968,0.005730165717649681,0.03225380735503513,0.017765858320460102,3.5531716640920206e-05,161.26903677517564,16.12690367751756
12,41,0.6,1.0,0.015848931924611134,0.3981071705534973,0.002,0.0034731999039649963,0.0008175980231443032,0.008175980231443033,0.046339114101073525,0.01764379917494716,3.528759834989432e-05,231.69557050536758,23.169557050536756
12,42,0.6,1.0,0.015848931924611134,0.6309573444801934,0.002,0.004760183393955231,0.001151203526012367,0.011512035260123671,0.06586696154706503,0.017477708079638353,3.4955416159276703e-05,329.33480773532517,32.933480773532516
12,43,0.6,1.0,0.015848931924611134,1.0,0.002,0.006300557404756546,0.0015514034017009549,0.015514034017009548,0.08978720142254973,0.017278669756058636,3.4557339512117274e-05,448.9360071127486,44.89360071127486
12,44,0.6,1.2,0.015848931924611134,0.01,0.002,0.0012395717203617096,0.0002132537049816986,0.002132537049816986,0.011877260765089308,0.017954788498751553,3.5909576997503106e-05,59.38630382544655,5.9386303825446545
12,45,0.6,1.2,0.015848931924611134,0.015848931924611134,0.002,0.0012800879776477814,0.00022300875736332298,0.00223008757363323,0.012424300782202696,0.01794940103854971,3.589880207709942e-05,62.12150391101346,6.212150391101346
12,46,0.6,1.2,0.015848931924611134,0.025118864315095794,0.002,0.001344338059425354,0.00023866059506378419,0.002386605950637842,0.01330262685543618,0.01794086218138596,3.5881724362771924e-05,66.5131342771809,6.6513134277180885
12,47,0.6,1.2,0.015848931924611134,0.039810717055349734,0.002,0.001446221023797989,0.0002638475889306589,0.002638475889306589,0.014717615695248341,0.017927332415388686,3.585466483077737e-05,73.5880784762417,7.358807847624171
12,48,0.6,1.2,0.015848931924611134,0.06309573444801933,0.002,0.0016076937317848206,0.0003044332671032785,0.003044332671032785,0.01700182879055726,0.01790591299639245,3.5811825992784905e-05,85.00914395278627,8.500914395278627
12,49,0.6,1.2,0.015848931924611134,0.1,0.002,0.001863129436969757,0.00036967633381652525,0.0036967633381652524,0.020684565004848412,0.01787208644367788,3.574417288735577e-05,103.42282502424206,10.342282502424206
12,50,0.6,1.2,0.015848931924611134,0.15848931924611143,0.002,0.0022648274898529053,0.0004736271940269371,0.004736271940269371,0.026579880641283662,0.01781901131983652,3.563802263967304e-05,132.8994032064183,13.28994032064183
12,51,0.6,1.2,0.015848931924611134,0.25118864315095807,0.002,0.002886716276407242,0.0006359229686204271,0.006359229686204271,0.035852748811316885,0.017737077063940454,3.547415412788091e-05,179.26374405658441,17.926374405658443
12,52,0.6,1.2,0.015848931924611134,0.3981071705534973,0.002,0.003813929855823517,0.0008789256271003046,0.008789256271003047,0.04989566413351386,0.017615270632502695,3.523054126500539e-05,249.47832066756928,24.947832066756927
12,53,0.6,1.2,0.015848931924611134,0.6309573444801934,0.002,0.005093082785606384,0.0012149392419953482,0.012149392419953482,0.06963401086727812,0.017447497664769204,3.489499532953841e-05,348.17005433639054,34.81700543363905
12,54,0.6,1.2,0.015848931924611134,1.0,0.002,0.006649725139141083,0.0016255770124228228,0.016255770124228228,0.09427564606763299,0.017242809572014392,3.4485619144028784e-05,471.3782303381649,47.13782303381649
13,14,0.6,0.6,0.025118864315095794,0.039810717055349734,0.002,0.00012027472257614136,3.066002955134106e-05,0.0003066002955134106,0.0017022527878939216,0.01801144328820549,3.602288657641098e-05,8.511263939469607,0.8511263939469608
13,15,0.6,0.6,0.025118864315095794,0.06309573444801933,0.002,0.0003104358911514282,7.912124845457919e-05,0.0007912124845457918,0.004398710586290621,0.01798737309546459,3.597474619092918e-05,21.993552931453102,2.1993552931453104
13,16,0.6,0.6,0.025118864315095794,0.1,0.002,0.0006098710000514984,0.00015539128381935864,0.0015539128381935863,0.008657140259047185,0.017949493616782546,3.5898987233565094e-05,43.28570129523592,4.328570129523592
13,17,0.6,0.6,0.025118864315095794,0.15848931924611143,0.002,0.0010764822363853455,0.0002741568316351858,0.002741568316351858,0.015324143082704817,0.01789051630199183,3.578103260398366e-05,76.62071541352407,7.6620715413524065
13,18,0.6,0.6,0.025118864315095794,0.25118864315095807,0.002,0.0017856471240520477,0.0004544555334209313,0.0045445553342093135,0.025529774238202355,0.017801000869835,3.560200173967e-05,127.64887119101178,12.764887119101179
13,19,0.6,0.6,0.025118864315095794,0.3981071705534973,0.002,0.0028054192662239075,0.0007132806136472741,0.0071328061364727404,0.04036095536504589,0.017672540384537125,3.534508076907425e-05,201.8047768252295,20.18047768252295
13,20,0.6,0.6,0.025118864315095794,0.6309573444801934,0.002,0.004127215594053268,0.0010479105872527794,0.010479105872527794,0.05985823512729566,0.017506539994443078,3.501307998888616e-05,299.2911756364784,29.92911756364784
13,21,0.6,0.6,0.025118864315095794,1.0,0.002,0.005606435239315033,0.0014212246381650937,0.014212246381650936,0.0820498593008715,0.01732147562805142,3.464295125610284e-05,410.24929650435746,41.02492965043575
13,22,0.6,0.8,0.025118864315095794,0.01,0.002,0.0003283582627773285,5.057603125393511e-05,0.0005057603125393511,0.0028083868679928004,0.01800892598891926,3.601785197783852e-05,14.041934339964003,1.4041934339964002
13,23,0.6,0.8,0.025118864315095794,0.015848931924611134,0.002,0.00037238746881484985,5.980949866784703e-05,0.0005980949866784703,0.0033221452743551552,0.018003276114846103,3.6006552229692205e-05,16.61072637177578,1.661072637177578
13,24,0.6,0.8,0.025118864315095794,0.025118864315095794,0.002,0.00044216960668563843,7.56406544301199e-05,0.000756406544301199,0.004203584139887109,0.017994323870522383,3.598864774104477e-05,21.017920699435543,2.101792069943554
13,25,0.6,0.8,0.025118864315095794,0.039810717055349734,0.002,0.000552736222743988,0.00010220537484217333,0.0010220537484217334,0.00568434643642568,0.017980145296429214,3.5960290592858426e-05,28.421732182128398,2.8421732182128396
13,26,0.6,0.8,0.025118864315095794,0.06309573444801933,0.002,0.0007277205586433411,0.00014575201863371227,0.0014575201863371225,0.008116399371202135,0.017957718930250798,3.59154378605016e-05,40.581996856010676,4.058199685601068
13,27,0.6,0.8,0.025118864315095794,0.1,0.002,0.0010038092732429504,0.00021573376001374821,0.002157337600137482,0.0120371254409413,0.01792236535809316,3.5844730716186314e-05,60.185627204706506,6.018562720470651
13,28,0.6,0.8,0.025118864315095794,0.15848931924611143,0.002,0.0014359056949615479,0.0003261557546573991,0.0032615575465739905,0.018254540314547783,0.017867103144606294,3.573420628921259e-05,91.27270157273891,9.127270157273893
13,29,0.6,0.8,0.025118864315095794,0.25118864315095807,0.002,0.0020986944437026978,0.0004959879964065322,0.004959879964065323,0.027891951040814687,0.01778247766464045,3.556495532928091e-05,139.45975520407345,13.945975520407343
13,30,0.6,0.8,0.025118864315095794,0.3981071705534973,0.002,0.0030697137117385864,0.0007448077527507455,0.007448077527507456,0.0421778318352209,0.017658749166162415,3.531749833232483e-05,210.8891591761045,21.088915917610446
13,31,0.6,0.8,0.025118864315095794,0.6309573444801934,0.002,0.004369579255580902,0.0010775740128264005,0.010775740128264006,0.06159867737277711,0.01749346022975849,3.4986920459516977e-05,307.9933868638856,30.799338686388555
13,32,0.6,0.8,0.025118864315095794,1.0,0.002,0.005887381732463837,0.0014660770760407927,0.014660770760407928,0.08474134243138293,0.017300611885254356,3.460122377050871e-05,423.70671215691465,42.370671215691466
13,33,0.6,1.0,0.025118864315095794,0.01,0.002,0.0007574111223220825,0.0001243233634747083,0.001243233634747083,0.006915890423944537,0.017976479651017868,3.5952959302035734e-05,34.57945211972269,3.4579452119722687
13,34,0.6,1.0,0.025118864315095794,0.015848931924611134,0.002,0.0007993243634700775,0.00013391074331099275,0.0013391074331099275,0.007451486417967655,0.017971010856048242,3.5942021712096485e-05,37.25743208983827,3.725743208983827
13,35,0.6,1.0,0.025118864315095794,0.025118864315095794,0.002,0.0008657760918140411,0.00014950372489941325,0.0014950372489941327,0.008323174543340745,0.017962344069670996,3.5924688139341994e-05,41.615872716703734,4.161587271670372
13,36,0.6,1.0,0.025118864315095794,0.039810717055349734,0.002,0.0009711049497127533,0.00017491811205603983,0.0017491811205603983,0.009745493863104533,0.01794861445844857,3.589722891689714e-05,48.72746931552266,4.872746931552266
13,37,0.6,1.0,0.025118864315095794,0.06309573444801933,0.002,0.0011379308998584747,0.0002162438913415666,0.002162438913415666,0.012062545357851678,0.017926887313282548,3.58537746265651e-05,60.312726789258406,6.03127267892584
13,38,0.6,1.0,0.025118864315095794,0.1,0.002,0.001401510089635849,0.00028291916550300867,0.0028291916550300866,0.015812075858060628,0.01789260107544849,3.578520215089698e-05,79.06037929030313,7.9060379290303135
13,39,0.6,1.0,0.025118864315095794,0.15848931924611143,0.002,0.0018151402473449707,0.00038899466763589024,0.003889946676358902,0.021805992090279062,0.01783888877999277,3.567777755998554e-05,109.0299604513953,10.902996045139531
13,40,0.6,1.0,0.025118864315095794,0.25118864315095807,0.002,0.0024530068039894104,0.0005537424616134748,0.005537424616134748,0.031185796322339296,0.017756239279252038,3.551247855850408e-05,155.92898161169649,15.59289816116965
13,41,0.6,1.0,0.025118864315095794,0.3981071705534973,0.002,0.0033972524106502533,0.0007982723690209472,0.007982723690209472,0.045268470831463826,0.017634180133739095,3.526836026747819e-05,226.34235415731914,22.634235415731915
13,42,0.6,1.0,0.025118864315095794,0.6309573444801934,0.002,0.004684235900640488,0.001131855420893517,0.011318554208935171,0.06479560634270888,0.017468089038430293,3.493617807686059e-05,323.9780317135443,32.39780317135443
13,43,0.6,1.0,0.025118864315095794,1.0,0.002,0.006224609911441803,0.0015320458810704279,0.01532045881070428,0.08871627667135984,0.017269050714850576,3.453810142970115e-05,443.58138335679917,44.35813833567991
13,44,0.6,1.2,0.025118864315095794,0.01,0.002,0.0011636242270469666,0.00019580895644932854,0.0019580895644932855,0.010911513369243645,0.017945169457543493,3.5890338915086984e-05,54.55756684621823,5.455756684621822
13,45,0.6,1.2,0.025118864315095794,0.015848931924611134,0.002,0.0012041404843330383,0.00020537289865976157,0.0020537289865976156,0.011447903808986871,0.017939781997341645,3.587956399468329e-05,57.23951904493436,5.723951904493437
13,46,0.6,1.2,0.025118864315095794,0.025118864315095794,0.002,0.001268390566110611,0.00022077152542908263,0.002207715254290826,0.012312114876988517,0.017931243140177897,3.5862486280355796e-05,61.56057438494259,6.156057438494259
13,47,0.6,1.2,0.025118864315095794,0.039810717055349734,0.002,0.0013702735304832458,0.0002456515330960795,0.002456515330960795,0.013709982293279827,0.017917713374180626,3.583542674836125e-05,68.54991146639914,6.854991146639913
13,48,0.6,1.2,0.025118864315095794,0.06309573444801933,0.002,0.0015317462384700775,0.0002859073937647769,0.002859073937647769,0.015975787751404933,0.017896293955184387,3.579258791036878e-05,79.87893875702467,7.987893875702466
13,49,0.6,1.2,0.025118864315095794,0.1,0.002,0.001787181943655014,0.00035084627877140633,0.003508462787714063,0.019641535005566767,0.01786246740246982,3.5724934804939645e-05,98.20767502783384,9.820767502783385
13,50,0.6,1.2,0.025118864315095794,0.15848931924611143,0.002,0.0021888799965381622,0.0004545618466817563,0.0045456184668175624,0.02552371465405012,0.017809392278628457,3.561878455725691e-05,127.61857327025062,12.761857327025064
13,51,0.6,1.2,0.025118864315095794,0.25118864315095807,0.002,0.0028107687830924988,0.0006167061179942429,0.00616706117994243,0.03478818662006839,0.01772745802273239,3.545491604546478e-05,173.94093310034194,17.394093310034194
13,52,0.6,1.2,0.025118864315095794,0.3981071705534973,0.002,0.003737982362508774,0.0008596267314915208,0.008596267314915208,0.04882674901487744,0.01760565159129463,3.521130318258926e-05,244.13374507438726,24.41337450743873
13,53,0.6,1.2,0.025118864315095794,0.6309573444801934,0.002,0.005017135292291641,0.0011956018748700593,0.011956018748700593,0.06856349333998833,0.017437878623561144,3.487575724712229e-05,342.81746669994163,34.28174666999416
13,54,0.6,1.2,0.025118864315095794,1.0,0.002,0.00657377764582634,0.0016062230756233777,0.016062230756233777,0.09320520612547441,0.017233190530806332,3.446638106161266e-05,466.026030627372,46.6026030627372
14,15,0.6,0.6,0.039810717055349734,0.06309573444801933,0.002,0.00019016116857528687,4.8461219228305406e-05,0.00048461219228305405,0.002696462910991054,0.01797214381505957,3.5944287630119145e-05,13.482314554955272,1.3482314554955273
14,16,0.6,0.6,0.039810717055349734,0.1,0.002,0.0004895962774753571,0.0001247312559896824,0.0012473125598968242,0.006954913435544711,0.01793426433637753,3.586852867275506e-05,34.774567177723554,3.477456717772355
14,17,0.6,0.6,0.039810717055349734,0.15848931924611143,0.002,0.0009562075138092041,0.0002434968080481923,0.0024349680804819232,0.013621980321442516,0.017875287021586812,3.575057404317363e-05,68.10990160721256,6.810990160721256
14,18,0.6,0.6,0.039810717055349734,0.25118864315095807,0.002,0.0016653724014759064,0.0004237955215229963,0.004237955215229963,0.023827783877245805,0.017785771589429983,3.5571543178859966e-05,119.13891938622905,11.913891938622905
14,19,0.6,0.6,0.039810717055349734,0.3981071705534973,0.002,0.002685144543647766,0.0006826206317984397,0.006826206317984397,0.038659376151485195,0.017657311104132108,3.5314622208264215e-05,193.29688075742604,19.329688075742602
14,20,0.6,0.6,0.039810717055349734,0.6309573444801934,0.002,0.004006940871477127,0.0010172506758199947,0.010172506758199947,0.058157487020316666,0.01749131071403806,3.498262142807612e-05,290.7874351015834,29.078743510158343
14,21,0.6,0.6,0.039810717055349734,1.0,0.002,0.005486160516738892,0.001390564858202138,0.01390564858202138,0.08035046019041851,0.017306246347646402,3.461249269529281e-05,401.7523009520925,40.17523009520925
14,22,0.6,0.8,0.039810717055349734,0.01,0.002,0.00020808354020118713,3.289616392448399e-05,0.0003289616392448399,0.001828204868481428,0.017993696708514244,3.598739341702849e-05,9.14102434240714,0.9141024342407141
14,23,0.6,0.8,0.039810717055349734,0.015848931924611134,0.002,0.0002521127462387085,3.747506138068445e-05,0.0003747506138068446,0.002083331321382389,0.017988046834441086,3.5976093668882176e-05,10.416656606911946,1.0416656606911945
14,24,0.6,0.8,0.039810717055349734,0.025118864315095794,0.002,0.00032189488410949707,4.943944864880123e-05,0.0004943944864880123,0.002749829720345138,0.017979094590117366,3.5958189180234734e-05,13.749148601725691,1.3749148601725691
14,25,0.6,0.8,0.039810717055349734,0.039810717055349734,0.002,0.0004324615001678467,7.361646505928452e-05,0.0007361646505928452,0.004097790660063243,0.017964916016024197,3.5929832032048397e-05,20.488953300316215,2.0488953300316215
14,26,0.6,0.8,0.039810717055349734,0.06309573444801933,0.002,0.0006074458360671997,0.00011597430645305382,0.0011597430645305382,0.006463668571995003,0.01794248964984578,3.588497929969156e-05,32.31834285997502,3.231834285997502
14,27,0.6,0.8,0.039810717055349734,0.1,0.002,0.0008835345506668091,0.00018543185246779707,0.0018543185246779708,0.010355193128779574,0.01790713607768814,3.5814272155376285e-05,51.77596564389787,5.177596564389787
14,28,0.6,0.8,0.039810717055349734,0.15848931924611143,0.002,0.0013156309723854065,0.00029563732864438,0.0029563732864438,0.016560576827580407,0.017851873864201277,3.570374772840256e-05,82.80288413790204,8.280288413790204
14,29,0.6,0.8,0.039810717055349734,0.25118864315095807,0.002,0.0019784197211265564,0.00046538363067113824,0.004653836306711383,0.026193342976173213,0.017767248384235435,3.553449676847087e-05,130.9667148808661,13.09667148808661
14,30,0.6,0.8,0.039810717055349734,0.3981071705534973,0.002,0.002949438989162445,0.0007141702339855713,0.007141702339855713,0.04047776399549842,0.017643519885757398,3.52870397715148e-05,202.3888199774921,20.23888199774921
14,31,0.6,0.8,0.039810717055349734,0.6309573444801934,0.002,0.004249304533004761,0.0010469238947361326,0.010469238947361325,0.059898733331181814,0.01747823094935347,3.495646189870694e-05,299.4936666559091,29.949366665590915
14,32,0.6,0.8,0.039810717055349734,1.0,0.002,0.005767107009887695,0.0014354220019301442,0.014354220019301442,0.08304253569298735,0.01728538260484934,3.457076520969868e-05,415.2126784649368,41.52126784649368
14,33,0.6,1.0,0.039810717055349734,0.01,0.002,0.0006371363997459412,9.879567078045014e-05,0.0009879567078045013,0.005500489595206236,0.01796125037061285,3.5922500741225705e-05,27.502447976031178,2.7502447976031177
14,34,0.6,1.0,0.039810717055349734,0.015848931924611134,0.002,0.0006790496408939362,0.00010752833075062131,0.0010752833075062132,0.005988507395104541,0.017955781575643225,3.591156315128645e-05,29.942536975522707,2.99425369755227
14,35,0.6,1.0,0.039810717055349734,0.025118864315095794,0.002,0.0007455013692378998,0.00012212042238250558,0.0012212042238250558,0.006804459870928377,0.01794711478926598,3.589422957853196e-05,34.022299354641895,3.4022299354641894
14,36,0.6,1.0,0.039810717055349734,0.039810717055349734,0.002,0.0008508302271366119,0.00014651301226667533,0.0014651301226667533,0.008169846953717145,0.01793338517804355,3.5866770356087106e-05,40.849234768585724,4.084923476858573
14,37,0.6,1.0,0.039810717055349734,0.06309573444801933,0.002,0.0010176561772823334,0.00018695679876727436,0.0018695679876727437,0.010437715951482993,0.01791165803287753,3.582331606575506e-05,52.188579757414985,5.218857975741498
14,38,0.6,1.0,0.039810717055349734,0.1,0.002,0.0012812353670597076,0.0002529975609919821,0.002529975609919821,0.014151831929910751,0.01787737179504347,3.575474359008694e-05,70.75915964955377,7.075915964955377
14,39,0.6,1.0,0.039810717055349734,0.15848931924611143,0.002,0.0016948655247688293,0.0003586899492961252,0.003586899492961252,0.02012437172649205,0.017823659499587752,3.5647318999175504e-05,100.62185863246025,10.062185863246025
14,40,0.6,1.0,0.039810717055349734,0.25118864315095807,0.002,0.002332732081413269,0.0005232390847738963,0.005232390847738963,0.029493195979704723,0.01774100999884702,3.548201999769404e-05,147.46597989852364,14.746597989852363
14,41,0.6,1.0,0.039810717055349734,0.3981071705534973,0.002,0.003276977688074112,0.0007676778823983416,0.007676778823983417,0.043571146136267926,0.01761895085333408,3.5237901706668156e-05,217.85573068133965,21.785573068133964
14,42,0.6,1.0,0.039810717055349734,0.6309573444801934,0.002,0.004563961178064346,0.0011012226564378878,0.011012226564378877,0.06309697503479435,0.017452859758025276,3.490571951605055e-05,315.4848751739717,31.548487517397174
14,43,0.6,1.0,0.039810717055349734,1.0,0.002,0.006104335188865662,0.0015013974573173051,0.015013974573173054,0.08701825639159061,0.01725382143444556,3.4507642868891117e-05,435.0912819579531,43.5091281957953
14,44,0.6,1.2,0.039810717055349734,0.01,0.002,0.0010433495044708252,0.00016904370533280642,0.0016904370533280641,0.009428012791049083,0.017929940177138476,3.5859880354276955e-05,47.14006395524541,4.7140063955245415
14,45,0.6,1.2,0.039810717055349734,0.015848931924611134,0.002,0.001083865761756897,0.00017818372865784248,0.001781837286578425,0.009940762900570426,0.017924552716936628,3.5849105433873256e-05,49.70381450285214,4.970381450285213
14,46,0.6,1.2,0.039810717055349734,0.025118864315095794,0.002,0.0011481158435344696,0.00019302921786691922,0.0019302921786691922,0.010774116350754275,0.01791601385977288,3.583202771954576e-05,53.87058175377138,5.387058175377138
14,47,0.6,1.2,0.039810717055349734,0.039810717055349734,0.002,0.0012499988079071045,0.00021725370058850126,0.0021725370058850125,0.012135394141421786,0.01790248409377561,3.580496818755122e-05,60.67697070710893,6.067697070710893
14,48,0.6,1.2,0.039810717055349734,0.06309573444801933,0.002,0.0014114715158939362,0.00025682726430846736,0.002568272643084674,0.014363085698734339,0.01788106467477937,3.576212934955874e-05,71.8154284936717,7.18154284936717
14,49,0.6,1.2,0.039810717055349734,0.1,0.002,0.0016669072210788727,0.00032116169265637283,0.0032116169265637286,0.017995036008362317,0.017847238122064804,3.569447624412961e-05,89.9751800418116,8.99751800418116
14,50,0.6,1.2,0.039810717055349734,0.15848931924611143,0.002,0.002068605273962021,0.00042443039318033015,0.004244303931803301,0.023852225767669148,0.01779416299822344,3.5588325996446884e-05,119.26112883834574,11.926112883834575
14,51,0.6,1.2,0.039810717055349734,0.25118864315095807,0.002,0.0026904940605163574,0.0005862995023702861,0.005862995023702861,0.03310139626693003,0.017712228742327373,3.5424457484654744e-05,165.50698133465016,16.550698133465016
14,52,0.6,1.2,0.039810717055349734,0.3981071705534973,0.002,0.0036177076399326324,0.0008290767826115844,0.008290767826115843,0.04713228414637503,0.017590422310889614,3.5180844621779227e-05,235.6614207318752,23.56614207318752
14,53,0.6,1.2,0.039810717055349734,0.6309573444801934,0.002,0.0048968605697155,0.0011649867265200106,0.011649867265200106,0.06686622129473291,0.017422649343156127,3.484529868631225e-05,334.3311064736646,33.43311064736646
14,54,0.6,1.2,0.039810717055349734,1.0,0.002,0.006453502923250198,0.0015755804631024906,0.015755804631024908,0.09150795731206372,0.017217961250401315,3.443592250080263e-05,457.53978656031853,45.75397865603185
15,16,0.6,0.6,0.06309573444801933,0.1,0.002,0.0002994351089000702,7.627003819029964e-05,0.0007627003819029964,0.004258470766906671,0.017910194143636628,3.582038828727326e-05,21.292353834533355,2.1292353834533353
15,17,0.6,0.6,0.06309573444801933,0.15848931924611143,0.002,0.0007660463452339172,0.0001950355957229095,0.0019503559572290952,0.01092561911005137,0.01785121682884591,3.5702433657691826e-05,54.62809555025685,5.462809555025685
15,18,0.6,0.6,0.06309573444801933,0.25118864315095807,0.002,0.0014752112329006195,0.00037533432581696706,0.0037533432581696707,0.021131665116661192,0.017761701396689082,3.5523402793378165e-05,105.65832558330597,10.565832558330596
15,19,0.6,0.6,0.06309573444801933,0.3981071705534973,0.002,0.0024949833750724792,0.0006341594809825686,0.0063415948098256856,0.0359638641682084,0.017633240911391207,3.5266481822782414e-05,179.81932084104196,17.981932084104198
15,20,0.6,0.6,0.06309573444801933,0.6309573444801934,0.002,0.00381677970290184,0.0009687896331748088,0.009687896331748087,0.055463233130247404,0.01746724052129716,3.493448104259432e-05,277.31616565123704,27.731616565123705
15,21,0.6,0.6,0.06309573444801933,1.0,0.002,0.005295999348163605,0.0013421040203406619,0.013421040203406618,0.07765827684609665,0.0172821761549055,3.4564352309811e-05,388.29138423048335,38.829138423048335
15,22,0.6,0.8,0.06309573444801933,0.01,0.002,9.051337838172913e-05,5.082615624486216e-05,0.0005082615624486216,0.0028284481149481924,0.017969626515773343,3.5939253031546686e-05,14.14224057474096,1.414224057474096
15,23,0.6,0.8,0.06309573444801933,0.015848931924611134,0.002,7.136724889278412e-05,4.247134781873788e-05,0.0004247134781873788,0.002364250893098368,0.017963976641700186,3.5927953283400375e-05,11.821254465491837,1.1821254465491837
15,24,0.6,0.8,0.06309573444801933,0.025118864315095794,0.002,0.0001317337155342102,3.313605635217987e-05,0.00033136056352179867,0.0018455032763431728,0.017955024397376465,3.591004879475293e-05,9.227516381715862,0.9227516381715863
15,25,0.6,0.8,0.06309573444801933,0.039810717055349734,0.002,0.00024230033159255981,3.616872276791596e-05,0.0003616872276791596,0.0020159987507933916,0.017940845823283296,3.5881691646566596e-05,10.079993753966956,1.0079993753966956
15,26,0.6,0.8,0.06309573444801933,0.06309573444801933,0.002,0.00041728466749191284,7.046439464317072e-05,0.0007046439464317071,0.003932511726933074,0.01791841945710488,3.583683891420976e-05,19.66255863466537,1.9662558634665372
15,27,0.6,0.8,0.06309573444801933,0.1,0.002,0.0006933733820915222,0.00013785808527333893,0.0013785808527333895,0.00770886190098861,0.01788306588494724,3.5766131769894485e-05,38.544309504943044,3.8544309504943044
15,28,0.6,0.8,0.06309573444801933,0.15848931924611143,0.002,0.0011254698038101196,0.00024747027281370475,0.0024747027281370477,0.013881141915976298,0.017827803671460377,3.565560734292076e-05,69.40570957988147,6.940570957988148
15,29,0.6,0.8,0.06309573444801933,0.25118864315095807,0.002,0.0017882585525512695,0.00041702646217587524,0.004170264621758752,0.023503481601497032,0.017743178191494534,3.548635638298907e-05,117.51740800748516,11.751740800748518
15,30,0.6,0.8,0.06309573444801933,0.3981071705534973,0.002,0.002759277820587158,0.0006657484545969887,0.0066574845459698865,0.037784860832563875,0.017619449693016497,3.523889938603299e-05,188.9243041628194,18.89243041628194
15,31,0.6,0.8,0.06309573444801933,0.6309573444801934,0.002,0.004059143364429474,0.0009984793464845104,0.009984793464845104,0.05720580670750571,0.01745416075661257,3.490832151322514e-05,286.02903353752856,28.602903353752858
15,32,0.6,0.8,0.06309573444801933,1.0,0.002,0.0055769458413124084,0.0013869688984590675,0.013869688984590674,0.08035130037308975,0.01726131241210844,3.452262482421688e-05,401.7565018654487,40.17565018654487
15,33,0.6,1.0,0.06309573444801933,0.01,0.002,0.0004469752311706543,6.775823051688245e-05,0.0006775823051688245,0.003777529681085091,0.01793718017787195,3.5874360355743904e-05,18.887648405425455,1.8887648405425455
15,34,0.6,1.0,0.06309573444801933,0.015848931924611134,0.002,0.0004888884723186493,7.29901749439268e-05,0.0007299017494392679,0.004070452249946543,0.017931711382902324,3.586342276580465e-05,20.352261249732713,2.0352261249732715
15,35,0.6,1.0,0.06309573444801933,0.025118864315095794,0.002,0.0005553402006626129,8.360740195079323e-05,0.0008360740195079324,0.004664799080341688,0.01792304459652508,3.584608919305016e-05,23.323995401708437,2.3323995401708437
15,36,0.6,1.0,0.06309573444801933,0.039810717055349734,0.002,0.0006606690585613251,0.00010424968409420316,0.0010424968409420315,0.005820975519150568,0.01790931498530265,3.5818629970605305e-05,29.104877595752836,2.910487759575284
15,37,0.6,1.0,0.06309573444801933,0.06309573444801933,0.002,0.0008274950087070465,0.00014185021795054033,0.0014185021795054033,0.007930092040261186,0.01788758784013663,3.577517568027326e-05,39.65046020130594,3.965046020130594
15,38,0.6,1.0,0.06309573444801933,0.1,0.002,0.0010910741984844208,0.00020614405486718053,0.0020614405486718054,0.011546550854246128,0.01785330160230257,3.570660320460514e-05,57.73275427123065,5.773275427123064
15,39,0.6,1.0,0.06309573444801933,0.15848931924611143,0.002,0.0015047043561935425,0.0003109308456646315,0.003109308456646315,0.017468428080249458,0.01779958930684685,3.55991786136937e-05,87.34214040124728,8.734214040124728
15,40,0.6,1.0,0.06309573444801933,0.25118864315095807,0.002,0.002142570912837982,0.0004750656016736896,0.004750656016736896,0.02681420193739998,0.01771693980610612,3.543387961221224e-05,134.07100968699993,13.407100968699991
15,41,0.6,1.0,0.06309573444801933,0.3981071705534973,0.002,0.003086816519498825,0.0007193310203699314,0.007193310203699313,0.04088297239668122,0.017594880660593178,3.5189761321186355e-05,204.41486198340615,20.441486198340616
15,42,0.6,1.0,0.06309573444801933,0.6309573444801934,0.002,0.0043738000094890594,0.0010528073792675766,0.010528073792675766,0.06040622473086808,0.017428789565284375,3.485757913056875e-05,302.0311236543404,30.203112365434038
15,43,0.6,1.0,0.06309573444801933,1.0,0.002,0.005914174020290375,0.0014529553312156195,0.014529553312156194,0.08432828256386764,0.017229751241704658,3.4459502483409316e-05,421.6414128193381,42.164141281933816
15,44,0.6,1.2,0.06309573444801933,0.01,0.002,0.0008531883358955383,0.00013028194854797757,0.0013028194854797757,0.007275935135321534,0.017905869984397575,3.5811739968795155e-05,36.37967567660767,3.6379675676607666
15,45,0.6,1.2,0.06309573444801933,0.015848931924611134,0.002,0.0008937045931816101,0.000138198351577934,0.0013819835157793399,0.007720370185056968,0.017900482524195727,3.5800965048391456e-05,38.601850925284836,3.860185092528484
15,46,0.6,1.2,0.06309573444801933,0.025118864315095794,0.002,0.0009579546749591827,0.000151486314442745,0.00151486314442745,0.008466733255027873,0.01789194366703198,3.578388733406396e-05,42.333666275139365,4.233366627513936
15,47,0.6,1.2,0.06309573444801933,0.039810717055349734,0.002,0.0010598376393318176,0.00017393727817684363,0.0017393727817684363,0.009728898723324504,0.017878413901034708,3.575682780206942e-05,48.64449361662251,4.864449361662252
15,48,0.6,1.2,0.06309573444801933,0.06309573444801933,0.002,0.0012213103473186493,0.00021177057196245078,0.0021177057196245077,0.011859250568479543,0.01785699448203847,3.571398896407694e-05,59.296252842397706,5.929625284239771
15,49,0.6,1.2,0.06309573444801933,0.1,0.002,0.0014767460525035858,0.0002746769670948652,0.002746769670948652,0.015411231504077775,0.017823167929323903,3.564633585864781e-05,77.05615752038888,7.705615752038887
15,50,0.6,1.2,0.06309573444801933,0.15848931924611143,0.002,0.001878444105386734,0.000376976629423858,0.0037697662942385796,0.02121410583221888,0.01777009280548254,3.554018561096508e-05,106.0705291610944,10.60705291610944
15,51,0.6,1.2,0.06309573444801933,0.25118864315095807,0.002,0.0025003328919410706,0.0005382962068651804,0.0053829620686518045,0.0304325747282362,0.017688158549586473,3.5376317099172944e-05,152.16287364118102,15.216287364118102
15,52,0.6,1.2,0.06309573444801933,0.3981071705534973,0.002,0.0034275464713573456,0.0007808063559062841,0.007808063559062842,0.04444897555592047,0.017566352118148713,3.5132704236297426e-05,222.24487777960243,22.224487777960242
15,53,0.6,1.2,0.06309573444801933,0.6309573444801934,0.002,0.004706699401140213,0.0011166009708381008,0.01116600970838101,0.0641777102132764,0.017398579150415226,3.479715830083045e-05,320.888551066382,32.08885510663819
15,54,0.6,1.2,0.06309573444801933,1.0,0.002,0.0062633417546749115,0.0015271478941477066,0.015271478941477065,0.0888192142794411,0.017193891057660414,3.4387782115320826e-05,444.09607139720555,44.409607139720556
16,17,0.6,0.6,0.1,0.15848931924611143,0.002,0.00046661123633384705,0.00011876556267968435,0.0011876556267968435,0.006667226940413377,0.017813337350163865,3.562667470032773e-05,33.33613470206688,3.333613470206688
16,18,0.6,0.6,0.1,0.25118864315095807,0.002,0.0011757761240005493,0.0002990643136819966,0.002990643136819966,0.016873579246367478,0.01772382191800704,3.544764383601408e-05,84.36789623183738,8.436789623183738
16,19,0.6,0.6,0.1,0.3981071705534973,0.002,0.002195548266172409,0.0005578895320964128,0.005578895320964128,0.03170662530746971,0.017595361432709164,3.519072286541833e-05,158.53312653734852,15.853312653734854
16,20,0.6,0.6,0.1,0.6309573444801934,0.002,0.00351734459400177,0.0008925198455029939,0.00892519845502994,0.05120783506181128,0.017429361042615117,3.4858722085230236e-05,256.03917530905636,25.603917530905637
16,21,0.6,0.6,0.1,1.0,0.002,0.0049965642392635345,0.001265834546039375,0.012658345460393749,0.07340598284792417,0.01724429667622346,3.448859335244692e-05,367.0299142396208,36.70299142396208
16,22,0.6,0.8,0.1,0.01,0.002,0.0002870522439479828,0.00012023988965722953,0.0012023988965722953,0.006705419689922953,0.017931747037091297,3.586349407418259e-05,33.527098449614755,3.352709844961476
16,23,0.6,0.8,0.1,0.015848931924611134,0.002,0.0002493225038051605,0.00010928974557916444,0.0010928974557916445,0.006096683766984771,0.017926097163018143,3.585219432603629e-05,30.483418834923846,3.0483418834923843
16,24,0.6,0.8,0.1,0.025118864315095794,0.002,0.00019657984375953674,9.214661168590421e-05,0.0009214661168590421,0.005142929417831528,0.017917144918694422,3.583428983738885e-05,25.714647089157634,2.571464708915763
16,25,0.6,0.8,0.1,0.039810717055349734,0.002,0.00012644752860069275,6.595159575902875e-05,0.0006595159575902875,0.003683836214042644,0.01790296634460125,3.58059326892025e-05,18.41918107021322,1.841918107021322
16,26,0.6,0.8,0.1,0.06309573444801933,0.002,0.00011784955859184265,3.351641027587043e-05,0.0003351641027587043,0.0018744629813370304,0.017880539978422837,3.5761079956845675e-05,9.372314906685151,0.9372314906685151
16,27,0.6,0.8,0.1,0.1,0.002,0.000393938273191452,6.565745435259225e-05,0.0006565745435259226,0.0036792809476924736,0.017845186406265194,3.569037281253039e-05,18.39640473846237,1.8396404738462366
16,28,0.6,0.8,0.1,0.15848931924611143,0.002,0.0008260346949100494,0.0001719942358805139,0.001719942358805139,0.009668070196180684,0.017789924192778334,3.557984838555667e-05,48.34035098090341,4.834035098090341
16,29,0.6,0.8,0.1,0.25118864315095807,0.002,0.0014888234436511993,0.00034097807049172213,0.0034097807049172217,0.019258532489201802,0.01770529871281249,3.5410597425624984e-05,96.29266244600899,9.629266244600899
16,30,0.6,0.8,0.1,0.3981071705534973,0.002,0.002459842711687088,0.0005895525278990297,0.005895525278990297,0.03353241608752106,0.01758157021433445,3.5163140428668906e-05,167.6620804376053,16.766208043760532
16,31,0.6,0.8,0.1,0.6309573444801934,0.002,0.0037597082555294037,0.0009222384260941393,0.009222384260941392,0.052952660293950155,0.017416281277930525,3.483256255586105e-05,264.7633014697508,26.476330146975084
16,32,0.6,0.8,0.1,1.0,0.002,0.005277510732412338,0.0013107123989005568,0.01310712398900557,0.07610053140781191,0.017223432933426396,3.4446865866852795e-05,380.5026570390594,38.050265703905936
16,33,0.6,1.0,0.1,0.01,0.002,0.0001475401222705841,7.723855082542628e-05,0.0007723855082542629,0.0043151714205752175,0.017899300699189904,3.579860139837981e-05,21.57585710287609,2.1575857102876084
16,34,0.6,1.0,0.1,0.015848931924611134,0.002,0.0001894533634185791,7.089057506708676e-05,0.0007089057506708676,0.003961732481144363,0.017893831904220277,3.5787663808440556e-05,19.808662405721815,1.9808662405721813
16,35,0.6,1.0,0.1,0.025118864315095794,0.002,0.0002559050917625427,6.348872165587114e-05,0.0006348872165587114,0.00354979790443936,0.017885165117843035,3.577033023568607e-05,17.748989522196798,1.7748989522196799
16,36,0.6,1.0,0.1,0.039810717055349734,0.002,0.0003612339496612549,6.0818071222452204e-05,0.000608180712224522,0.0034030881962404027,0.017871435506620605,3.574287101324121e-05,17.015440981202012,1.7015440981202012
16,37,0.6,1.0,0.1,0.06309573444801933,0.002,0.0005280598998069763,7.930856396583647e-05,0.0007930856396583646,0.00444312939796253,0.017849708361454587,3.5699416722909176e-05,22.21564698981265,2.221564698981265
16,38,0.6,1.0,0.1,0.1,0.002,0.0007916390895843506,0.00013471797914176598,0.0013471797914176597,0.007561874100257805,0.017815422123620528,3.5630844247241055e-05,37.809370501289024,3.7809370501289026
16,39,0.6,1.0,0.1,0.15848931924611143,0.002,0.0012052692472934723,0.0002363399336943197,0.0023633993369431973,0.013306147661502425,0.017761709828164805,3.552341965632961e-05,66.53073830751211,6.653073830751211
16,40,0.6,1.0,0.1,0.25118864315095807,0.002,0.001843135803937912,0.0003993863066544316,0.003993863066544316,0.02259092390984697,0.017679060327424077,3.5358120654848155e-05,112.95461954923486,11.295461954923486
16,41,0.6,1.0,0.1,0.3981071705534973,0.002,0.002787381410598755,0.0006432739914496354,0.006432739914496354,0.03663917230423134,0.017557001181911135,3.511400236382227e-05,183.19586152115673,18.319586152115672
16,42,0.6,1.0,0.1,0.6309573444801934,0.002,0.004074364900588989,0.0009766177745327838,0.009766177745327837,0.05615679511132393,0.01739091008660233,3.478182017320466e-05,280.7839755566196,28.078397555661965
16,43,0.6,1.0,0.1,1.0,0.002,0.0056147389113903046,0.0013767173767647296,0.013767173767647295,0.08007955129853064,0.01719187176302261,3.438374352604522e-05,400.3977564926532,40.03977564926532
16,44,0.6,1.2,0.1,0.01,0.002,0.0005537532269954681,9.067674844067984e-05,0.0009067674844067985,0.00507481512326048,0.017867990505715532,3.573598101143107e-05,25.374075616302395,2.5374075616302396
16,45,0.6,1.2,0.1,0.015848931924611134,0.002,0.0005942694842815399,9.326244083634554e-05,0.0009326244083634554,0.005221100228153425,0.01786260304551368,3.572520609102736e-05,26.105501140767124,2.6105501140767124
16,46,0.6,1.2,0.1,0.025118864315095794,0.002,0.0006585195660591125,9.966076023333806e-05,0.0009966076023333807,0.005581964934256724,0.017854064188349936,3.570812837669987e-05,27.909824671283616,2.7909824671283614
16,47,0.6,1.2,0.1,0.039810717055349734,0.002,0.0007604025304317474,0.00011443230523305558,0.0011443230523305557,0.006414174739613277,0.01784053442235266,3.5681068844705327e-05,32.07087369806638,3.2070873698066378
16,48,0.6,1.2,0.1,0.06309573444801933,0.002,0.0009218752384185791,0.0001453509925251723,0.001453509925251723,0.008157026457138521,0.017819115003356423,3.563823000671285e-05,40.785132285692605,4.0785132285692605
16,49,0.6,1.2,0.1,0.1,0.002,0.0011773109436035156,0.0002033854336291647,0.002033854336291647,0.011435599382804763,0.01778528845064186,3.557057690128372e-05,57.17799691402381,5.71779969140238
16,50,0.6,1.2,0.1,0.15848931924611143,0.002,0.0015790089964866638,0.0003029327138524084,0.003029327138524084,0.017083750813811575,0.017732213326800493,3.546442665360099e-05,85.41875406905788,8.541875406905787
16,51,0.6,1.2,0.1,0.25118864315095807,0.002,0.0022008977830410004,0.0004629363271838908,0.004629363271838908,0.026228272387319777,0.017650279070904426,3.530055814180885e-05,131.1413619365989,13.114136193659892
16,52,0.6,1.2,0.1,0.3981071705534973,0.002,0.0031281113624572754,0.0007048872960348457,0.007048872960348457,0.04021384581151349,0.01752847263946667,3.505694527893334e-05,201.0692290575675,20.10692290575675
16,53,0.6,1.2,0.1,0.6309573444801934,0.002,0.004407264292240143,0.0010404625239571128,0.010404625239571128,0.0599320617043564,0.01736069967173318,3.472139934346636e-05,299.660308521782,29.9660308521782
16,54,0.6,1.2,0.1,1.0,0.002,0.005963906645774841,0.0014509259833160731,0.01450925983316073,0.08457245302246846,0.017156011578978368,3.431202315795673e-05,422.86226511234236,42.28622651123424
17,18,0.6,0.6,0.15848931924611143,0.25118864315095807,0.002,0.0007091648876667023,0.00018029877145087268,0.0018029877145087267,0.01020664350582766,0.017664844603216323,3.532968920643265e-05,51.0332175291383,5.10332175291383
17,19,0.6,0.6,0.15848931924611143,0.3981071705534973,0.002,0.001728937029838562,0.0004391240713027289,0.004391240713027289,0.025040742056627156,0.017536384117918448,3.5072768235836896e-05,125.20371028313576,12.520371028313575
17,20,0.6,0.6,0.15848931924611143,0.6309573444801934,0.002,0.003050733357667923,0.0007737546151654346,0.007737546151654346,0.04454447450841349,0.0173703837278244,3.4740767455648805e-05,222.72237254206746,22.272237254206747
17,21,0.6,0.6,0.15848931924611143,1.0,0.002,0.0045299530029296875,0.0011470697835791882,0.011470697835791882,0.06674707402606901,0.017185319361432742,3.437063872286548e-05,333.7353701303451,33.37353701303451
17,22,0.6,0.8,0.15848931924611143,0.01,0.002,0.000748123973608017,0.0002368712670685206,0.002368712670685206,0.013253193027657414,0.01787276972230058,3.574553944460116e-05,66.26596513828707,6.626596513828708
17,23,0.6,0.8,0.15848931924611143,0.015848931924611134,0.002,0.0007040947675704956,0.0002255984162727716,0.0022559841627277162,0.012626456764667247,0.017867119848227427,3.573423969645485e-05,63.13228382333624,6.313228382333623
17,24,0.6,0.8,0.15848931924611143,0.025118864315095794,0.002,0.000634312629699707,0.0002077575175031059,0.002077575175031059,0.011633753367713448,0.017858167603903706,3.5716335207807416e-05,58.16876683856722,5.816876683856722
17,25,0.6,0.8,0.15848931924611143,0.039810717055349734,0.002,0.0005237460136413574,0.0001795708637564169,0.0017957086375641692,0.010063381201166519,0.017843989029810534,3.568797805962107e-05,50.31690600583259,5.031690600583259
17,26,0.6,0.8,0.15848931924611143,0.06309573444801933,0.002,0.0003487616777420044,0.00013528105197006365,0.0013528105197006363,0.007590863636561303,0.01782156266363212,3.564312532726424e-05,37.9543181828065,3.795431818280651
17,27,0.6,0.8,0.15848931924611143,0.1,0.002,0.0001316256821155548,6.774980878247706e-05,0.0006774980878247706,0.0038091202253408675,0.017786209091474478,3.557241818294896e-05,19.045601126704337,1.9045601126704337
17,28,0.6,0.8,0.15848931924611143,0.15848931924611143,0.002,0.0003594234585762024,5.867648946294598e-05,0.0005867648946294599,0.0033092699372863675,0.017730946877987618,3.546189375597523e-05,16.546349686431835,1.6546349686431834
17,29,0.6,0.8,0.15848931924611143,0.25118864315095807,0.002,0.0010222122073173523,0.00022285234712330967,0.0022285234712330964,0.012628827396756602,0.017646321398021775,3.529264279604355e-05,63.144136983783,6.314413698378301
17,30,0.6,0.8,0.15848931924611143,0.3981071705534973,0.002,0.001993231475353241,0.0004709469143454329,0.004709469143454329,0.026876554003471467,0.017522592899543735,3.504518579908747e-05,134.38277001735736,13.438277001735734
17,31,0.6,0.8,0.15848931924611143,0.6309573444801934,0.002,0.0032930970191955566,0.0008035274008433965,0.008035274008433966,0.046293330032692724,0.01735730396313981,3.4714607926279616e-05,231.46665016346364,23.14666501634636
17,32,0.6,0.8,0.15848931924611143,1.0,0.002,0.004810899496078491,0.0011919702077563224,0.011919702077563226,0.06944410205833645,0.01716445561863568,3.4328911237271356e-05,347.2205102916823,34.72205102916822
17,33,0.6,1.0,0.15848931924611143,0.01,0.002,0.00037475675344467163,0.00017681355731199606,0.0017681355731199604,0.009910894186291154,0.017840323384399188,3.568064676879837e-05,49.554470931455775,4.955447093145578
17,34,0.6,1.0,0.15848931924611143,0.015848931924611134,0.002,0.0003455318510532379,0.00016646865921738618,0.0016646865921738617,0.009333894951745194,0.01783485458942956,3.5669709178859124e-05,46.66947475872596,4.666947475872597
17,35,0.6,1.0,0.15848931924611143,0.025118864315095794,0.002,0.00030152127146720886,0.00015026423624085093,0.0015026423624085092,0.00842940946774507,0.01782618780305232,3.565237560610464e-05,42.14704733872535,4.214704733872535
17,36,0.6,1.0,0.15848931924611143,0.039810717055349734,0.002,0.0002380944788455963,0.00012526798237042798,0.00125267982370428,0.007032604990359228,0.01781245819182989,3.562491638365978e-05,35.16302495179614,3.516302495179614
17,37,0.6,1.0,0.15848931924611143,0.06309573444801933,0.002,0.00015402212738990784,8.892998610380757e-05,0.0008892998610380756,0.004998669580836801,0.01779073104666387,3.5581462093327744e-05,24.993347904184002,2.4993347904184007
17,38,0.6,1.0,0.15848931924611143,0.1,0.002,0.00032502785325050354,5.8261534276814254e-05,0.0005826153427681425,0.003281148614155145,0.017756444808829812,3.5512889617659624e-05,16.405743070775724,1.6405743070775725
17,39,0.6,1.0,0.15848931924611143,0.15848931924611143,0.002,0.0007386580109596252,0.00012428934728935336,0.0012428934728935335,0.0070209131384352695,0.01770273251337409,3.540546502674818e-05,35.104565692176344,3.510456569217635
17,40,0.6,1.0,0.15848931924611143,0.25118864315095807,0.002,0.001376524567604065,0.0002821641082546147,0.0028216410825461467,0.01601377859867668,0.01762008301263336,3.5240166025266724e-05,80.0688929933834,8.006889299338342
17,41,0.6,1.0,0.15848931924611143,0.3981071705534973,0.002,0.002320770174264908,0.0005249578627851467,0.0052495786278514665,0.030000979926171338,0.01749802386712042,3.499604773424084e-05,150.0048996308567,15.00048996308567
17,42,0.6,1.0,0.15848931924611143,0.6309573444801934,0.002,0.003607753664255142,0.0008580029387296465,0.008580029387296465,0.04950416955950171,0.017331932771811612,3.466386554362323e-05,247.52084779750854,24.752084779750852
17,43,0.6,1.0,0.15848931924611143,1.0,0.002,0.0051481276750564575,0.0012580077387501856,0.012580077387501856,0.07342645707363307,0.017132894448231895,3.426578889646379e-05,367.13228536816536,36.71322853681654
17,44,0.6,1.2,0.15848931924611143,0.01,0.002,0.00023051723837852478,0.00013322530054492253,0.001332253005449225,0.007480779486019584,0.017809013190924816,3.561802638184963e-05,37.40389743009791,3.740389743009792
17,45,0.6,1.2,0.15848931924611143,0.015848931924611134,0.002,0.00021256692707538605,0.00012512243586811937,0.0012512243586811937,0.0070279187936534105,0.017803625730722965,3.560725146144593e-05,35.13959396826706,3.5139593968267056
17,46,0.6,1.2,0.15848931924611143,0.025118864315095794,0.002,0.0001919083297252655,0.00011321732602040044,0.0011321732602040044,0.006362280039701526,0.01779508687355922,3.559017374711844e-05,31.811400198507624,3.1811400198507624
17,47,0.6,1.2,0.15848931924611143,0.039810717055349734,0.002,0.0002937912940979004,9.761383003203352e-05,0.0009761383003203351,0.005489610917736859,0.017781557107561945,3.556311421512389e-05,27.4480545886843,2.7448054588684303
17,48,0.6,1.2,0.15848931924611143,0.06309573444801933,0.002,0.00045526400208473206,8.570312503528351e-05,0.0008570312503528351,0.0048255889981337645,0.017760137688565707,3.5520275377131416e-05,24.127944990668823,2.4127944990668824
17,49,0.6,1.2,0.15848931924611143,0.1,0.002,0.0007106997072696686,0.00010699834284197917,0.0010699834284197917,0.0060361313767971145,0.017726311135851144,3.545262227170229e-05,30.180656883985563,3.0180656883985564
17,50,0.6,1.2,0.15848931924611143,0.15848931924611143,0.002,0.0011123977601528168,0.00019112782750046217,0.0019112782750046217,0.010814534891662285,0.017673236012009777,3.534647202401955e-05,54.07267445831143,5.407267445831144
17,51,0.6,1.2,0.15848931924611143,0.25118864315095807,0.002,0.0017342865467071533,0.00034636995311611833,0.0034636995311611834,0.01968984205479508,0.01759130175611371,3.518260351222742e-05,98.44921027397542,9.844921027397541
17,52,0.6,1.2,0.15848931924611143,0.3981071705534973,0.002,0.0026615001261234283,0.0005868428432976631,0.005868428432976631,0.033592432545474726,0.017469495324675954,3.493899064935191e-05,167.96216272737365,16.796216272737365
17,53,0.6,1.2,0.15848931924611143,0.6309573444801934,0.002,0.003940653055906296,0.0009219414165855949,0.00921941416585595,0.05328610629424753,0.017301722356942464,3.4603444713884926e-05,266.4305314712376,26.643053147123762
17,54,0.6,1.2,0.15848931924611143,1.0,0.002,0.005497295409440994,0.001332244165351903,0.01332244165351903,0.07792252999939832,0.01709703426418765,3.41940685283753e-05,389.61264999699154,38.961264999699154
18,19,0.6,0.6,0.25118864315095807,0.3981071705534973,0.002,0.0010197721421718597,0.00025882537948755565,0.002588253794875557,0.01483506204748265,0.01744686868576162,3.4893737371523235e-05,74.17531023741326,7.417531023741325
18,20,0.6,0.6,0.25118864315095807,0.6309573444801934,0.002,0.0023415684700012207,0.000593456219471189,0.005934562194711889,0.03434180559202411,0.01728086829566757,3.4561736591335144e-05,171.70902796012058,17.17090279601206
18,21,0.6,0.6,0.25118864315095807,1.0,0.002,0.0038207881152629852,0.0009667720444089831,0.00966772044408983,0.05655025340770448,0.017095803929275913,3.419160785855183e-05,282.7512670385224,28.275126703852244
18,22,0.6,0.8,0.25118864315095807,0.01,0.002,0.0014572888612747192,0.0004162330545177444,0.004162330545177444,0.023405899039999598,0.017783254290143755,3.556650858028751e-05,117.02949519999798,11.702949519999798
18,23,0.6,0.8,0.25118864315095807,0.015848931924611134,0.002,0.0014132596552371979,0.00040489232112298737,0.004048923211229874,0.02277541515981607,0.017777604416070597,3.5555208832141197e-05,113.87707579908034,11.387707579908033
18,24,0.6,0.8,0.25118864315095807,0.025118864315095794,0.002,0.0013434775173664093,0.0003869258329422678,0.0038692583294226784,0.02177575593254625,0.017768652171746877,3.5537304343493755e-05,108.87877966273123,10.887877966273123
18,25,0.6,0.8,0.25118864315095807,0.039810717055349734,0.002,0.0012329109013080597,0.0003584791872909024,0.0035847918729090236,0.02019092175947566,0.017754473597653708,3.550894719530742e-05,100.9546087973783,10.09546087973783
18,26,0.6,0.8,0.25118864315095807,0.06309573444801933,0.002,0.0010579265654087067,0.0003135138331191123,0.0031351383311911227,0.01768063377152578,0.01773204723147529,3.546409446295058e-05,88.40316885762891,8.840316885762892
18,27,0.6,0.8,0.25118864315095807,0.1,0.002,0.0007818378508090973,0.0002427477387405671,0.002427477387405671,0.013717123854531757,0.017696693659317652,3.5393387318635306e-05,68.58561927265879,6.858561927265879
18,28,0.6,0.8,0.25118864315095807,0.15848931924611143,0.002,0.0003497414290904999,0.00013294325449731133,0.0013294325449731135,0.007535854157046305,0.017641431445830788,3.528286289166158e-05,37.67927078523152,3.767927078523152
18,29,0.6,0.8,0.25118864315095807,0.25118864315095807,0.002,0.00031304731965065,4.9659928117768214e-05,0.0004965992811776822,0.002828528618150716,0.017556805965864945,3.511361193172989e-05,14.142643090753579,1.4142643090753577
18,30,0.6,0.8,0.25118864315095807,0.3981071705534973,0.002,0.0012840665876865387,0.00029112767540461865,0.0029112767540461866,0.016699729347801524,0.01743307746738691,3.486615493477382e-05,83.49864673900763,8.349864673900761
18,31,0.6,0.8,0.25118864315095807,0.6309573444801934,0.002,0.0025839321315288544,0.0006233455332733183,0.006233455332733182,0.03609874722260302,0.017267788530982982,3.453557706196597e-05,180.49373611301507,18.049373611301508
18,32,0.6,0.8,0.25118864315095807,1.0,0.002,0.004101734608411789,0.001011714150261769,0.01011714150261769,0.0592514023014216,0.01707494018647885,3.41498803729577e-05,296.25701150710796,29.6257011507108
18,33,0.6,1.0,0.25118864315095807,0.01,0.002,0.0010282360017299652,0.000351526987893587,0.0035152698789358695,0.019803435924683106,0.017750807952242362,3.5501615904484726e-05,99.01717962341553,9.901717962341554
18,34,0.6,1.0,0.25118864315095807,0.015848931924611134,0.002,0.0009863227605819702,0.00034067057149951395,0.0034067057149951394,0.019197749250111897,0.017745339157272735,3.549067831454547e-05,95.98874625055949,9.598874625055949
18,35,0.6,1.0,0.25118864315095807,0.025118864315095794,0.002,0.0009198710322380066,0.0003234847864350474,0.0032348478643504743,0.01823818919753296,0.01773667237089549,3.547334474179098e-05,91.1909459876648,9.11909459876648
18,36,0.6,1.0,0.25118864315095807,0.039810717055349734,0.002,0.0008145421743392944,0.00029631679364594364,0.0029631679364594365,0.016719390095880998,0.017722942759673063,3.544588551934613e-05,83.596950479405,8.359695047940498
18,37,0.6,1.0,0.25118864315095807,0.06309573444801933,0.002,0.000647716224193573,0.00025351663927693636,0.0025351663927693636,0.014321990353541968,0.017701215614507042,3.540243122901408e-05,71.60995176770986,7.160995176770985
18,38,0.6,1.0,0.25118864315095807,0.1,0.002,0.000413455069065094,0.00018681699385321007,0.0018681699385321006,0.010574389576712692,0.017666929376672982,3.533385875334596e-05,52.87194788356347,5.287194788356347
18,39,0.6,1.0,0.25118864315095807,0.15848931924611143,0.002,0.0001571066677570343,8.949144855093515e-05,0.0008949144855093516,0.00508092576945349,0.017613217081217263,3.5226434162434524e-05,25.404628847267446,2.5404628847267445
18,40,0.6,1.0,0.25118864315095807,0.25118864315095807,0.002,0.0006673596799373627,0.00011062132528396381,0.001106213252839638,0.006310196448354627,0.017530567580476532,3.506113516095306e-05,31.550982241773145,3.1550982241773147
18,41,0.6,1.0,0.25118864315095807,0.3981071705534973,0.002,0.0016116052865982056,0.0003459109049822121,0.0034591090498221214,0.019870220718477972,0.01740850843496359,3.4817016869927176e-05,99.35110359238989,9.935110359238989
18,42,0.6,1.0,0.25118864315095807,0.6309573444801934,0.002,0.00289858877658844,0.0006780247165966113,0.006780247165966113,0.03932306608988425,0.017242417339654786,3.4484834679309573e-05,196.61533044942124,19.661533044942125
18,43,0.6,1.0,0.25118864315095807,1.0,0.002,0.004438962787389755,0.0010778124172909646,0.010778124172909647,0.06323936211677202,0.01704337901607507,3.408675803215014e-05,316.19681058386004,31.619681058386004
18,44,0.6,1.2,0.25118864315095807,0.01,0.002,0.0006574392318725586,0.0002934423244019489,0.0029344232440194893,0.016560419962058315,0.017719497758767987,3.5438995517535976e-05,82.80209981029157,8.280209981029156
18,45,0.6,1.2,0.25118864315095807,0.015848931924611134,0.002,0.0006256774067878723,0.0002830462279549205,0.0028304622795492056,0.015978574322066383,0.01771411029856614,3.542822059713228e-05,79.89287161033191,7.98928716103319
18,46,0.6,1.2,0.25118864315095807,0.025118864315095794,0.002,0.0005753301084041595,0.0002666389976179718,0.002666389976179718,0.015059609823971452,0.01770557144140239,3.541114288280478e-05,75.29804911985725,7.529804911985726
18,47,0.6,1.2,0.25118864315095807,0.039810717055349734,0.002,0.0005012266337871552,0.00024085632136868949,0.002408563213686895,0.01361382285819052,0.01769204167540512,3.538408335081024e-05,68.06911429095258,6.806911429095258
18,48,0.6,1.2,0.25118864315095807,0.06309573444801933,0.002,0.00039351731538772583,0.000200799214074311,0.00200799214074311,0.011363448958424994,0.01767062225640888,3.534124451281776e-05,56.81724479212497,5.681724479212496
18,49,0.6,1.2,0.25118864315095807,0.1,0.002,0.00025140494108200073,0.00014117249091542394,0.0014117249091542391,0.008004429675729193,0.017636795703694315,3.527359140738863e-05,40.022148378645966,4.002214837864598
18,50,0.6,1.2,0.25118864315095807,0.15848931924611143,0.002,0.0004032328724861145,8.106234624061636e-05,0.0008106234624061636,0.004610079298774564,0.01758372057985295,3.5167441159705904e-05,23.050396493872817,2.3050396493872816
18,51,0.6,1.2,0.25118864315095807,0.25118864315095807,0.002,0.001025121659040451,0.00017509238906449897,0.0017509238906449898,0.010004258183910524,0.017501786323956884,3.500357264791377e-05,50.02129091955263,5.002129091955262
18,52,0.6,1.2,0.25118864315095807,0.3981071705534973,0.002,0.001952335238456726,0.00040841531737312217,0.004084153173731221,0.023499182386794156,0.017379979892519125,3.475995978503825e-05,117.49591193397083,11.749591193397084
18,53,0.6,1.2,0.25118864315095807,0.6309573444801934,0.002,0.0032314881682395935,0.0007421517748728431,0.007421517748728431,0.04311775811875362,0.017212206924785638,3.442441384957128e-05,215.58879059376804,21.558879059376807
18,54,0.6,1.2,0.25118864315095807,1.0,0.002,0.004788130521774292,0.0011520994613745102,0.011520994613745101,0.06774059595363922,0.017007518832030825,3.4015037664061654e-05,338.7029797681961,33.87029797681961
19,20,0.6,0.6,0.3981071705534973,0.6309573444801934,0.002,0.001321796327829361,0.0003346311220216063,0.0033463112202160626,0.019509279730353712,0.0171524078103697,3.43048156207394e-05,97.54639865176856,9.754639865176857
19,21,0.6,0.6,0.3981071705534973,1.0,0.002,0.0028010159730911255,0.0007079477399367144,0.007079477399367144,0.041724135677113056,0.016967343443978038,3.393468688795608e-05,208.6206783855653,20.86206783855653
19,22,0.6,0.8,0.3981071705534973,0.01,0.002,0.002477061003446579,0.0006745721008947575,0.006745721008947576,0.038209004780877215,0.01765479380484588,3.530958760969176e-05,191.04502390438606,19.104502390438604
19,23,0.6,0.8,0.3981071705534973,0.015848931924611134,0.002,0.0024330317974090576,0.0006632129639232046,0.006632129639232047,0.037577627930544484,0.017649143930772722,3.5298287861545446e-05,187.8881396527224,18.78881396527224
19,24,0.6,0.8,0.3981071705534973,0.025118864315095794,0.002,0.002363249659538269,0.000645214643384813,0.00645214643384813,0.0365763963823851,0.017640191686449,3.5280383372898004e-05,182.8819819119255,18.28819819119255
19,25,0.6,0.8,0.3981071705534973,0.039810717055349734,0.002,0.0022526830434799194,0.0006167096519522296,0.006167096519522296,0.034988607351024624,0.017626013112355836,3.525202622471167e-05,174.94303675512307,17.494303675512306
19,26,0.6,0.8,0.3981071705534973,0.06309573444801933,0.002,0.0020776987075805664,0.0005716258303140425,0.005716258303140425,0.032472122787032015,0.01760358674617742,3.520717349235484e-05,162.36061393516007,16.236061393516007
19,27,0.6,0.8,0.3981071705534973,0.1,0.002,0.001801609992980957,0.0005005651476245081,0.005005651476245081,0.02849262886405407,0.01756823317401978,3.513646634803956e-05,142.46314432027032,14.246314432027031
19,28,0.6,0.8,0.3981071705534973,0.15848931924611143,0.002,0.0013695135712623596,0.00038953906361102546,0.0038953906361102546,0.02224288868455772,0.017512970960532913,3.502594192106583e-05,111.21444342278859,11.12144434227886
19,29,0.6,0.8,0.3981071705534973,0.25118864315095807,0.002,0.0007067248225212097,0.0002198897991822283,0.002198897991822283,0.01261679138891351,0.017428345480567074,3.485669096113415e-05,63.08395694456754,6.308395694456754
19,30,0.6,0.8,0.3981071705534973,0.3981071705534973,0.002,0.00026429444551467896,4.092888232235543e-05,0.00040928882322355427,0.002365200129232473,0.017304616982089037,3.4609233964178076e-05,11.826000646162361,1.1826000646162362
19,31,0.6,0.8,0.3981071705534973,0.6309573444801934,0.002,0.0015641599893569946,0.00036486814493853856,0.003648681449385386,0.021288357627905694,0.01713932804568511,3.4278656091370224e-05,106.44178813952846,10.644178813952845
19,32,0.6,0.8,0.3981071705534973,1.0,0.002,0.003081962466239929,0.0007529760627240302,0.007529760627240301,0.04443259461559774,0.016946479701180975,3.389295940236195e-05,222.16297307798868,22.21629730779887
19,33,0.6,1.0,0.3981071705534973,0.01,0.002,0.002048008143901825,0.0006080299596719642,0.006080299596719642,0.03450334643625034,0.017622347466944487,3.5244694933888975e-05,172.51673218125168,17.25167321812517
19,34,0.6,1.0,0.3981071705534973,0.015848931924611134,0.002,0.00200609490275383,0.0005970728154641342,0.005970728154641342,0.03389208875088438,0.01761687867197486,3.523375734394972e-05,169.46044375442193,16.94604437544219
19,35,0.6,1.0,0.3981071705534973,0.025118864315095794,0.002,0.0019396431744098663,0.000579710906114264,0.00579710906114264,0.032922758419804694,0.017608211885597615,3.521642377119523e-05,164.6137920990235,16.46137920990235
19,36,0.6,1.0,0.3981071705534973,0.039810717055349734,0.002,0.0018343143165111542,0.0005522142609499863,0.005522142609499863,0.03138564990651857,0.01759448227437519,3.518896454875038e-05,156.92824953259282,15.692824953259285
19,37,0.6,1.0,0.3981071705534973,0.06309573444801933,0.002,0.0016674883663654327,0.0005087231979457441,0.005087231979457441,0.028949541162168243,0.01757275512920917,3.514551025841834e-05,144.74770581084124,14.474770581084124
19,38,0.6,1.0,0.3981071705534973,0.1,0.002,0.0014039091765880585,0.00044016858144328073,0.004401685814432807,0.025097320876153694,0.01753846889137511,3.5076937782750225e-05,125.48660438076844,12.548660438076846
19,39,0.6,1.0,0.3981071705534973,0.15848931924611143,0.002,0.0009902790188789368,0.0003330920783948346,0.003330920783948346,0.019050426957191502,0.017484756595919387,3.496951319183877e-05,95.25213478595751,9.525213478595752
19,40,0.6,1.0,0.3981071705534973,0.25118864315095807,0.002,0.00037637725472450256,0.00017068641781708795,0.0017068641781708795,0.009808376473236248,0.01740210709517866,3.480421419035732e-05,49.04188236618124,4.904188236618124
19,41,0.6,1.0,0.3981071705534973,0.3981071705534973,0.002,0.0005918331444263458,9.716611712320992e-05,0.0009716611712320992,0.005623023582240094,0.017280047949665717,3.456009589933143e-05,28.115117911200475,2.811511791120047
19,42,0.6,1.0,0.3981071705534973,0.6309573444801934,0.002,0.0018788166344165802,0.0004201063581849529,0.004201063581849528,0.0245475877823077,0.01711395685435691,3.422791370871382e-05,122.73793891153849,12.273793891153852
19,43,0.6,1.0,0.3981071705534973,1.0,0.002,0.0034191906452178955,0.0008192001598751397,0.008192001598751397,0.04843062994270891,0.016914918530777194,3.3829837061554386e-05,242.15314971354454,24.215314971354452
19,44,0.6,1.2,0.3981071705534973,0.01,0.002,0.001641795039176941,0.0005457480907165203,0.005457480907165203,0.0310242131963184,0.01759103727347011,3.5182074546940225e-05,155.121065981592,15.5121065981592
19,45,0.6,1.2,0.3981071705534973,0.015848931924611134,0.002,0.0016012787818908691,0.0005350229500751215,0.0053502295007512145,0.03042383737628222,0.017585649813268267,3.517129962653653e-05,152.11918688141108,15.211918688141107
19,46,0.6,1.2,0.3981071705534973,0.025118864315095794,0.002,0.0015370287001132965,0.0005180323699505692,0.005180323699505693,0.029471986109904886,0.01757711095610452,3.5154221912209036e-05,147.3599305495244,14.735993054952438
19,47,0.6,1.2,0.3981071705534973,0.039810717055349734,0.002,0.0014351457357406616,0.0004911339702526106,0.0049113397025261065,0.027963202090541983,0.017563581190107244,3.512716238021449e-05,139.8160104527099,13.981601045270986
19,48,0.6,1.2,0.3981071705534973,0.06309573444801933,0.002,0.00127367302775383,0.0004486197299665389,0.004486197299665389,0.025573799616039353,0.01754216177111101,3.508432354222202e-05,127.86899808019675,12.786899808019676
19,49,0.6,1.2,0.3981071705534973,0.1,0.002,0.0010182373225688934,0.0003817170148546453,0.0038171701485464524,0.021802016587708792,0.01750833521839644,3.501667043679288e-05,109.01008293854397,10.901008293854398
19,50,0.6,1.2,0.3981071705534973,0.15848931924611143,0.002,0.0006350390613079071,0.0002777941025735163,0.002777941025735163,0.01591463553500244,0.01745526009455508,3.491052018911016e-05,79.57317767501219,7.957317767501219
19,51,0.6,1.2,0.3981071705534973,0.25118864315095807,0.002,0.00022314488887786865,0.00012669200709865703,0.0012669200709865703,0.007292328957345796,0.017373325838659012,3.474665167731803e-05,36.46164478672897,3.646164478672897
19,52,0.6,1.2,0.3981071705534973,0.3981071705534973,0.002,0.0009325630962848663,0.00015965776425405466,0.0015965776425405467,0.009254707396220653,0.017251519407221253,3.450303881444251e-05,46.27353698110326,4.627353698110326
19,53,0.6,1.2,0.3981071705534973,0.6309573444801934,0.002,0.0022117160260677338,0.0004846786541167739,0.004846786541167739,0.02837074735530355,0.017083746439487763,3.416749287897553e-05,141.85373677651774,14.185373677651775
19,54,0.6,1.2,0.3981071705534973,1.0,0.002,0.0037683583796024323,0.0008935860333039862,0.008935860333039862,0.05294051450903038,0.01687905834673295,3.37581166934659e-05,264.7025725451519,26.470257254515193
20,21,0.6,0.6,0.6309573444801934,1.0,0.002,0.0014792196452617645,0.00037331724394515934,0.003733172439451593,0.0222194882128104,0.01680134305388399,3.360268610776798e-05,111.09744106405203,11.109744106405204
20,22,0.6,0.8,0.6309573444801934,0.01,0.002,0.00379885733127594,0.00100892247514658,0.010089224751465802,0.057689655953940884,0.017488793414751833,3.4977586829503665e-05,288.4482797697044,28.84482797697044
20,23,0.6,0.8,0.6309573444801934,0.015848931924611134,0.002,0.0037548281252384186,0.000997557730481516,0.00997557730481516,0.05705825889723216,0.017483143540678675,3.4966287081357354e-05,285.2912944861608,28.52912944861608
20,24,0.6,0.8,0.6309573444801934,0.025118864315095794,0.002,0.00368504598736763,0.0009795500212160372,0.009795500212160373,0.056056958780139214,0.017474191296354954,3.494838259270991e-05,280.2847939006961,28.02847939006961
20,25,0.6,0.8,0.6309573444801934,0.039810717055349734,0.002,0.0035744793713092804,0.0009510287481952356,0.009510287481952356,0.05446896078046147,0.01746001272226179,3.492002544452358e-05,272.34480390230726,27.23448039023073
20,26,0.6,0.8,0.6309573444801934,0.06309573444801933,0.002,0.0033994950354099274,0.000905915038295823,0.00905915038295823,0.0519518596092733,0.017437586356083373,3.4875172712166746e-05,259.7592980463665,25.97592980463665
20,27,0.6,0.8,0.6309573444801934,0.1,0.002,0.003123406320810318,0.0008347936666598156,0.008347936666598155,0.047970491891759205,0.017402232783925733,3.480446556785147e-05,239.85245945879598,23.985245945879598
20,28,0.6,0.8,0.6309573444801934,0.15848931924611143,0.002,0.0026913098990917206,0.000723617938299692,0.00723617938299692,0.041714369397318055,0.017346970570438866,3.4693941140877736e-05,208.5718469865903,20.857184698659026
20,29,0.6,0.8,0.6309573444801934,0.25118864315095807,0.002,0.0020285211503505707,0.0005533782830429625,0.005533782830429625,0.0320569586659676,0.017262345090473027,3.4524690180946056e-05,160.28479332983798,16.0284793329838
20,30,0.6,0.8,0.6309573444801934,0.3981071705534973,0.002,0.001057501882314682,0.0003046576116188327,0.003046576116188327,0.01777609120219951,0.01713861659199499,3.4277233183989984e-05,88.88045601099753,8.888045601099753
20,31,0.6,0.8,0.6309573444801934,0.6309573444801934,0.002,0.00024236366152763367,3.7990816807578084e-05,0.0003799081680757808,0.0022382656823963327,0.016973327655591064,3.3946655311182126e-05,11.191328411981665,1.1191328411981667
20,32,0.6,0.8,0.6309573444801934,1.0,0.002,0.0017601661384105682,0.00041858334127810684,0.004185833412781069,0.024944659417538043,0.016780479311086928,3.356095862217386e-05,124.72329708769021,12.47232970876902
20,33,0.6,1.0,0.6309573444801934,0.01,0.002,0.003369804471731186,0.0009415009617035536,0.009415009617035536,0.05393459224651391,0.01745634707685044,3.491269415370088e-05,269.67296123256955,26.967296123256954
20,34,0.6,1.0,0.6309573444801934,0.015848931924611134,0.002,0.003327891230583191,0.0009305180103259885,0.009305180103259885,0.05332213057105223,0.017450878281880813,3.490175656376163e-05,266.6106528552612,26.66106528552612
20,35,0.6,1.0,0.6309573444801934,0.025118864315095794,0.002,0.0032614395022392273,0.0009131127411891465,0.009131127411891465,0.05235074356394187,0.017442211495503568,3.4884422991007136e-05,261.7537178197094,26.17537178197094
20,36,0.6,1.0,0.6309573444801934,0.039810717055349734,0.002,0.003156110644340515,0.0008855406052009761,0.00885540605200976,0.050809967906593784,0.017428481884281144,3.485696376856229e-05,254.0498395329689,25.40498395329689
20,37,0.6,1.0,0.6309573444801934,0.06309573444801933,0.002,0.0029892846941947937,0.000841909789371031,0.00841909789371031,0.048366843905668165,0.017406754739115123,3.481350947823025e-05,241.83421952834087,24.183421952834088
20,38,0.6,1.0,0.6309573444801934,0.1,0.002,0.0027257055044174194,0.0007730665227719351,0.007730665227719351,0.04449952076269002,0.017372468501281064,3.474493700256213e-05,222.4976038134501,22.249760381345013
20,39,0.6,1.0,0.6309573444801934,0.15848931924611143,0.002,0.0023120753467082977,0.0006652490707052183,0.006652490707052184,0.038412058163937605,0.01731875620582534,3.463751241165068e-05,192.06029081968805,19.2060290819688
20,40,0.6,1.0,0.6309573444801934,0.25118864315095807,0.002,0.001674208790063858,0.0004994975501625844,0.004994975501625845,0.02897972022969861,0.017236106705084613,3.447221341016923e-05,144.89860114849307,14.489860114849305
20,41,0.6,1.0,0.6309573444801934,0.3981071705534973,0.002,0.0007299631834030151,0.00025587561186186014,0.002558756118618601,0.014951203738986462,0.01711404755957167,3.422809511914334e-05,74.75601869493232,7.475601869493232
20,42,0.6,1.0,0.6309573444801934,0.6309573444801934,0.002,0.0005570203065872192,9.401660374474166e-05,0.0009401660374474166,0.005547371091198447,0.016947956464262864,3.389591292852573e-05,27.73685545599223,2.7736855455992235
20,43,0.6,1.0,0.6309573444801934,1.0,0.002,0.0020973943173885345,0.00048513098861290634,0.004851309886129063,0.028964914900056885,0.016748918140683147,3.3497836281366295e-05,144.82457450028443,14.482457450028441
20,44,0.6,1.2,0.6309573444801934,0.01,0.002,0.002963591367006302,0.0008775294864620389,0.008775294864620389,0.05036026565310887,0.017425036883376065,3.485007376675213e-05,251.80132826554433,25.180132826554434
20,45,0.6,1.2,0.6309573444801934,0.015848931924611134,0.002,0.00292307510972023,0.0008667348153410522,0.008667348153410522,0.04975615721565511,0.01741964942317422,3.483929884634844e-05,248.7807860782755,24.87807860782755
20,46,0.6,1.2,0.6309573444801934,0.025118864315095794,0.002,0.0028588250279426575,0.0008496269380451343,0.008496269380451343,0.048797974995561426,0.01741111056601047,3.4822221132020945e-05,243.98987497780712,24.398987497780713
20,47,0.6,1.2,0.6309573444801934,0.039810717055349734,0.002,0.0027569420635700226,0.0008225227712328705,0.008225227712328706,0.047277996905882844,0.017397580800013197,3.47951616000264e-05,236.38998452941416,23.638998452941415
20,48,0.6,1.2,0.6309573444801934,0.06309573444801933,0.002,0.002595469355583191,0.0007796224117163408,0.007796224117163409,0.04486735560410136,0.017376161381016962,3.4752322762033926e-05,224.33677802050676,22.433677802050674
20,49,0.6,1.2,0.6309573444801934,0.1,0.002,0.0023400336503982544,0.0007119008643993781,0.0071190086439937815,0.04104988581108283,0.017342334828302393,3.468466965660479e-05,205.2494290554142,20.52494290554142
20,50,0.6,1.2,0.6309573444801934,0.15848931924611143,0.002,0.0019383355975151062,0.0006057455820987647,0.006057455820987647,0.035035946735328886,0.017289259704461032,3.457851940892207e-05,175.1797336766444,17.51797336766444
20,51,0.6,1.2,0.6309573444801934,0.25118864315095807,0.002,0.0013164468109607697,0.00044232914947100815,0.004423291494710081,0.025705862935712472,0.017207325448564965,3.441465089712993e-05,128.52931467856237,12.852931467856237
20,52,0.6,1.2,0.6309573444801934,0.3981071705534973,0.002,0.000430181622505188,0.00020319297477047112,0.002031929747704711,0.011892701331857833,0.017085519017127206,3.417103803425441e-05,59.46350665928918,5.946350665928918
20,53,0.6,1.2,0.6309573444801934,0.6309573444801934,0.002,0.0008899196982383728,0.00015821427218492393,0.0015821427218492392,0.009351971103183325,0.016917746049393716,3.383549209878743e-05,46.759855515916634,4.675985551591664
20,54,0.6,1.2,0.6309573444801934,1.0,0.002,0.0024465620517730713,0.0005597282126412,0.005597282126412,0.033490472784417046,0.016713057956638903,3.3426115913277804e-05,167.45236392208525,16.745236392208525
21,22,0.6,0.8,1.0,0.01,0.002,0.0052780769765377045,0.0013820618991508423,0.013820618991508424,0.07987075475397695,0.017303729048360174,3.460745809672035e-05,399.3537737698847,39.93537737698847
21,23,0.6,0.8,1.0,0.015848931924611134,0.002,0.005234047770500183,0.0013706953625674694,0.013706953625674695,0.07923974383265396,0.017298079174287016,3.459615834857403e-05,396.1987191632698,39.61987191632698
21,24,0.6,0.8,1.0,0.025118864315095794,0.002,0.0051642656326293945,0.0013526846982741694,0.013526846982741694,0.07823904027969568,0.017289126929963296,3.457825385992659e-05,391.19520139847833,39.119520139847836
21,25,0.6,0.8,1.0,0.039810717055349734,0.002,0.005053699016571045,0.0013241584255315002,0.013241584255315,0.07665194698434763,0.017274948355870127,3.454989671174025e-05,383.25973492173813,38.325973492173816
21,26,0.6,0.8,1.0,0.06309573444801933,0.002,0.004878714680671692,0.0012790359337295008,0.012790359337295009,0.07413617177208746,0.01725252198969171,3.4505043979383424e-05,370.6808588604373,37.068085886043725
21,27,0.6,0.8,1.0,0.1,0.002,0.0046026259660720825,0.0012078981422930628,0.012078981422930627,0.07015660839229124,0.01721716841753407,3.443433683506814e-05,350.78304196145626,35.07830419614563
21,28,0.6,0.8,1.0,0.15848931924611143,0.002,0.004170529544353485,0.0010966882971449943,0.010966882971449944,0.06390247587336002,0.017161906204047207,3.4323812408094414e-05,319.51237936680013,31.951237936680013
21,29,0.6,0.8,1.0,0.25118864315095807,0.002,0.003507740795612335,0.0009263623935156369,0.00926362393515637,0.05424531039121092,0.017077280724081365,3.415456144816273e-05,271.22655195605466,27.122655195605464
21,30,0.6,0.8,1.0,0.3981071705534973,0.002,0.0025367215275764465,0.0006772961925689025,0.0067729619256890255,0.03995010506093507,0.016953552225603328,3.3907104451206655e-05,199.75052530467536,19.975052530467536
21,31,0.6,0.8,1.0,0.6309573444801934,0.002,0.0012368559837341309,0.00034463879566295135,0.0034463879566295134,0.020528555558493776,0.0167882632891994,3.3576526578398803e-05,102.64277779246886,10.264277779246887
21,32,0.6,0.8,1.0,1.0,0.002,0.0002809464931488037,4.9079143139725207e-05,0.0004907914313972521,0.0029573917436402143,0.01659541494469527,3.319082988939054e-05,14.78695871820107,1.478695871820107
21,33,0.6,1.0,1.0,0.01,0.002,0.0048490241169929504,0.0013141720697693435,0.013141720697693435,0.07609000974626713,0.01727128271045878,3.454256542091756e-05,380.45004873133564,38.045004873133564
21,34,0.6,1.0,1.0,0.015848931924611134,0.002,0.0048071108758449554,0.0013031815869818963,0.013031815869818962,0.07547756470448304,0.017265813915489155,3.453162783097831e-05,377.38782352241515,37.738782352241515
21,35,0.6,1.0,1.0,0.025118864315095794,0.002,0.004740659147500992,0.0012857638839181209,0.012857638839181208,0.07450616688253785,0.01725714712911191,3.451429425822382e-05,372.5308344126892,37.25308344126892
21,36,0.6,1.0,1.0,0.039810717055349734,0.002,0.00463533028960228,0.0012581707452212554,0.012581707452212553,0.07296527755683839,0.017243417517889482,3.448683503577896e-05,364.826387784192,36.4826387784192
21,37,0.6,1.0,1.0,0.06309573444801933,0.002,0.004468504339456558,0.001214503048790195,0.01214503048790195,0.07052170968732448,0.01722169037272346,3.4443380745446925e-05,352.6085484366224,35.260854843662244
21,38,0.6,1.0,1.0,0.1,0.002,0.004204925149679184,0.0011455907447850827,0.011455907447850827,0.0666529241876382,0.0171874041348894,3.4374808269778805e-05,333.264620938191,33.3264620938191
21,39,0.6,1.0,1.0,0.15848931924611143,0.002,0.0037912949919700623,0.0010376289366000547,0.010376289366000548,0.060560732988784255,0.017133691839433682,3.4267383678867366e-05,302.8036649439212,30.28036649439212
21,40,0.6,1.0,1.0,0.25118864315095807,0.002,0.0031534284353256226,0.0008715040706148647,0.008715040706148647,0.05111148358579876,0.01705104233869295,3.4102084677385905e-05,255.55741792899383,25.555741792899383
21,41,0.6,1.0,1.0,0.3981071705534973,0.002,0.0022091828286647797,0.0006262363312223963,0.006262363312223963,0.03699196366824211,0.01692898319318001,3.385796638636002e-05,184.95981834121056,18.495981834121057
21,42,0.6,1.0,1.0,0.6309573444801934,0.002,0.0009221993386745453,0.00029327472830013043,0.002932747283001304,0.017495473131236984,0.016762892097871206,3.352578419574241e-05,87.47736565618492,8.747736565618492
21,43,0.6,1.0,1.0,1.0,0.002,0.00061817467212677,0.00011601183065438195,0.0011601183065438195,0.0070039154073215865,0.01656385377429149,3.312770754858298e-05,35.01957703660793,3.5019577036607923
21,44,0.6,1.2,1.0,0.01,0.002,0.004442811012268066,0.001249390581649266,0.01249390581649266,0.07247056690017321,0.017239972516984406,3.447994503396881e-05,362.3528345008661,36.23528345008661
21,45,0.6,1.2,1.0,0.015848931924611134,0.002,0.004402294754981995,0.0012385777258316424,0.012385777258316424,0.07186582802840433,0.017234585056782558,3.446917011356512e-05,359.32914014202163,35.93291401420216
21,46,0.6,1.2,1.0,0.025118864315095794,0.002,0.004338044673204422,0.0012214398050021042,0.012214398050021042,0.07090656734852674,0.01722604619961881,3.445209239923762e-05,354.53283674263366,35.45328367426337
21,47,0.6,1.2,1.0,0.039810717055349734,0.002,0.004236161708831787,0.0011942847721512486,0.011942847721512488,0.06938466997297556,0.01721251643362154,3.4425032867243076e-05,346.9233498648778,34.69233498648778
21,48,0.6,1.2,1.0,0.06309573444801933,0.002,0.0040746890008449554,0.0011512947208465732,0.011512947208465732,0.06697040449874204,0.0171910970146253,3.4382194029250603e-05,334.8520224937102,33.48520224937102
21,49,0.6,1.2,1.0,0.1,0.002,0.003819253295660019,0.001083403931924275,0.01083403931924275,0.0631454714390287,0.017157270461910734,3.431454092382147e-05,315.7273571951435,31.57273571951435
21,50,0.6,1.2,1.0,0.15848931924611143,0.002,0.0034175552427768707,0.0009768887987500637,0.009768887987500637,0.057113987500819176,0.01710419533806937,3.420839067613874e-05,285.5699375040959,28.55699375040959
21,51,0.6,1.2,1.0,0.25118864315095807,0.002,0.002795666456222534,0.000812502527721316,0.00812502527721316,0.04773176276635867,0.017022261082173303,3.404452216434661e-05,238.65881383179337,23.865881383179335
21,52,0.6,1.2,1.0,0.3981071705534973,0.002,0.0018684528768062592,0.0005683852668838759,0.005683852668838759,0.033631359548018935,0.016900454650735544,3.380090930147109e-05,168.1567977400947,16.815679774009467
21,53,0.6,1.2,1.0,0.6309573444801934,0.002,0.0005892999470233917,0.00023464128744649895,0.0023464128744649895,0.014022933794578786,0.016732681683002057,3.3465363366004114e-05,70.11466897289392,7.0114668972893925
21,54,0.6,1.2,1.0,1.0,0.002,0.0009673424065113068,0.0001902570580554606,0.001902570580554606,0.011511201103546323,0.016527993590247245,3.305598718049449e-05,57.556005517731606,5.755600551773161
22,23,0.8,0.8,0.01,0.015848931924611134,0.002,4.402920603752136e-05,1.1367247407239276e-05,0.00011367247407239276,0.0006320218365003176,0.017985529535154858,3.597105907030972e-05,3.1601091825015875,0.31601091825015876
22,24,0.8,0.8,0.01,0.025118864315095794,0.002,0.00011381134390830994,2.9379085465312888e-05,0.00029379085465312886,0.001634298064086846,0.017976577290831137,3.5953154581662276e-05,8.171490320434229,0.817149032043423
22,25,0.8,0.8,0.01,0.039810717055349734,0.002,0.00022437795996665955,5.790735308898134e-05,0.0005790735308898134,0.003223809581457588,0.017962398716737965,3.592479743347593e-05,16.11904790728794,1.611904790728794
22,26,0.8,0.8,0.01,0.06309573444801933,0.002,0.0003993622958660126,0.00010303334963751772,0.0010303334963751773,0.0057432278949027535,0.017939972350559552,3.5879944701119103e-05,28.716139474513767,2.8716139474513764
22,27,0.8,0.8,0.01,0.1,0.002,0.000675451010465622,0.0001741776290856293,0.0017417762908562928,0.009728083643743217,0.01790461877840191,3.580923755680382e-05,48.640418218716086,4.864041821871608
22,28,0.8,0.8,0.01,0.15848931924611143,0.002,0.0011075474321842194,0.0002854004080863518,0.0028540040808635184,0.01598939474643803,0.01784935656491505,3.56987131298301e-05,79.94697373219014,7.994697373219013
22,29,0.8,0.8,0.01,0.25118864315095807,0.002,0.0017703361809253693,0.0004557550308802542,0.004557550308802542,0.025655048123209873,0.017764731084949206,3.552946216989841e-05,128.27524061604936,12.827524061604937
22,30,0.8,0.8,0.01,0.3981071705534973,0.002,0.002741355448961258,0.0007048970118673525,0.007048970118673525,0.03995787702043284,0.017641002586471166,3.5282005172942334e-05,199.78938510216418,19.97893851021642
22,31,0.8,0.8,0.01,0.6309573444801934,0.002,0.004041220992803574,0.0010378498698240478,0.01037849869824048,0.059388125177941134,0.01747571365006724,3.495142730013448e-05,296.9406258897057,29.694062588970567
22,32,0.8,0.8,0.01,1.0,0.002,0.005559023469686508,0.001426459996008958,0.014264599960089578,0.08253608246022728,0.01728286530556311,3.4565730611126223e-05,412.6804123011363,41.26804123011364
22,33,0.8,1.0,0.01,0.01,0.002,0.00042905285954475403,7.487068012264151e-05,0.000748706801226415,0.004169040200401551,0.01795873307132662,3.591746614265324e-05,20.845201002007755,2.084520100200776
22,34,0.8,1.0,0.01,0.015848931924611134,0.002,0.000470966100692749,8.501644689319847e-05,0.0008501644689319846,0.004735431149707872,0.017953264276356993,3.5906528552713985e-05,23.677155748539363,2.3677155748539365
22,35,0.8,1.0,0.01,0.025118864315095794,0.002,0.0005374178290367126,0.00010145937016431331,0.0010145937016431332,0.005654034325426812,0.01794459748997975,3.58891949799595e-05,28.270171627134058,2.8270171627134055
22,36,0.8,1.0,0.01,0.039810717055349734,0.002,0.0006427466869354248,0.00012804252536947506,0.0012804252536947507,0.007140899494394629,0.01793086787875732,3.586173575751464e-05,35.704497471973156,3.570449747197315
22,37,0.8,1.0,0.01,0.06309573444801933,0.002,0.0008095726370811462,0.00017077887144191823,0.0017077887144191822,0.009535849540877,0.017909140733591303,3.5818281467182605e-05,47.679247704385006,4.767924770438501
22,38,0.8,1.0,0.01,0.1,0.002,0.0010731518268585205,0.00023892900976673755,0.0023892900976673756,0.013366766695832378,0.017874854495757243,3.574970899151449e-05,66.83383347916188,6.6833833479161875
22,39,0.8,1.0,0.01,0.15848931924611143,0.002,0.0014867819845676422,0.00034634648342495895,0.0034634648342495894,0.019434583907820397,0.01782114220030152,3.564228440060304e-05,97.172919539102,9.7172919539102
22,40,0.8,1.0,0.01,0.25118864315095807,0.002,0.002124648541212082,0.0005121736895384983,0.005121736895384984,0.028873574447009238,0.017738492699560793,3.5476985399121584e-05,144.36787223504618,14.436787223504616
22,41,0.8,1.0,0.01,0.3981071705534973,0.002,0.003068894147872925,0.0007574851975417244,0.007574851975417244,0.04299878265471457,0.01761643355404785,3.52328671080957e-05,214.99391327357284,21.499391327357287
22,42,0.8,1.0,0.01,0.6309573444801934,0.002,0.004355877637863159,0.0010915885768272306,0.010915885768272307,0.06255399167141093,0.017450342458739044,3.490068491747809e-05,312.76995835705463,31.276995835705463
22,43,0.8,1.0,0.01,1.0,0.002,0.0058962516486644745,0.0014921157365037389,0.014921157365037388,0.08649292394438203,0.017251304135159327,3.450260827031865e-05,432.46461972191014,43.24646197219102
22,44,0.8,1.2,0.01,0.01,0.002,0.0008352659642696381,0.00014669543202064714,0.0014669543202064713,0.008182739539316409,0.017927422877852248,3.58548457557045e-05,40.913697696582034,4.091369769658204
22,45,0.8,1.2,0.01,0.015848931924611134,0.002,0.0008757822215557098,0.000156603059450956,0.00156603059450956,0.008738017518742683,0.017922035417650396,3.584407083530079e-05,43.690087593713415,4.369008759371342
22,46,0.8,1.2,0.01,0.025118864315095794,0.002,0.0009400323033332825,0.00017253309235127617,0.0017253309235127619,0.009631458144907755,0.01791349656048665,3.58269931209733e-05,48.15729072453877,4.815729072453877
22,47,0.8,1.2,0.01,0.039810717055349734,0.002,0.0010419152677059174,0.00019819610704911335,0.0019819610704911337,0.01107242875501475,0.017899966794489377,3.5799933588978755e-05,55.36214377507375,5.536214377507374
22,48,0.8,1.2,0.01,0.06309573444801933,0.002,0.001203387975692749,0.00023951707435167937,0.0023951707435167936,0.013396897931427877,0.017878547375493138,3.5757094750986276e-05,66.98448965713939,6.69844896571394
22,49,0.8,1.2,0.01,0.1,0.002,0.0014588236808776855,0.0003057516857525163,0.003057516857525163,0.01713401340312525,0.017844720822778576,3.568944164555715e-05,85.67006701562623,8.567006701562622
22,50,0.8,1.2,0.01,0.15848931924611143,0.002,0.0018605217337608337,0.00041084636306665327,0.004108463630666533,0.023092094459322296,0.01779164569893721,3.558329139787442e-05,115.46047229661147,11.546047229661147
22,51,0.8,1.2,0.01,0.25118864315095807,0.002,0.0024824105203151703,0.000574266726805229,0.0057426672680522895,0.03242665633780732,0.01770971144304114,3.5419422886082286e-05,162.1332816890366,16.21332816890366
22,52,0.8,1.2,0.01,0.3981071705534973,0.002,0.0034096240997314453,0.0008182220526706255,0.008182220526706255,0.046521859887849876,0.017587905011603386,3.5175810023206775e-05,232.6092994392494,23.26092994392494
22,53,0.8,1.2,0.01,0.6309573444801934,0.002,0.004688777029514313,0.0011549486214447154,0.011549486214447154,0.06629964793241272,0.017420132043869895,3.484026408773979e-05,331.4982396620636,33.14982396620636
22,54,0.8,1.2,0.01,1.0,0.002,0.006245419383049011,0.0015660865933219295,0.015660865933219296,0.0909698639064426,0.017215443951115083,3.443088790223017e-05,454.849319532213,45.4849319532213
23,24,0.8,0.8,0.015848931924611134,0.025118864315095794,0.002,6.978213787078857e-05,1.8011838127784624e-05,0.00018011838127784624,0.001002276494144008,0.01797092741675798,3.594185483351596e-05,5.011382470720041,0.501138247072004
23,25,0.8,0.8,0.015848931924611134,0.039810717055349734,0.002,0.00018034875392913818,4.654010599543284e-05,0.00046540105995432845,0.002591789104097433,0.01795674884266481,3.591349768532962e-05,12.958945520487164,1.2958945520487164
23,26,0.8,0.8,0.015848931924611134,0.06309573444801933,0.002,0.0003553330898284912,9.166610328370437e-05,0.0009166610328370436,0.005111210830734606,0.017934322476486395,3.586864495297279e-05,25.55605415367303,2.5556054153673036
23,27,0.8,0.8,0.015848931924611134,0.1,0.002,0.0006314218044281006,0.00016281038465385176,0.0016281038465385176,0.009096076177576747,0.017898968904328755,3.579793780865751e-05,45.48038088788373,4.548038088788374
23,28,0.8,0.8,0.015848931924611134,0.15848931924611143,0.002,0.001063518226146698,0.0002740331681778691,0.002740331681778691,0.01535741272403418,0.01784370669084189,3.568741338168378e-05,76.78706362017091,7.678706362017091
23,29,0.8,0.8,0.015848931924611134,0.25118864315095807,0.002,0.001726306974887848,0.00044438780058770824,0.004443878005877083,0.0250231301558301,0.01775908121087605,3.55181624217521e-05,125.11565077915051,12.51156507791505
23,30,0.8,0.8,0.015848931924611134,0.3981071705534973,0.002,0.0026973262429237366,0.0006935297994020407,0.006935297994020407,0.03932610879477761,0.017635352712398012,3.527070542479602e-05,196.63054397388805,19.663054397388805
23,31,0.8,0.8,0.015848931924611134,0.6309573444801934,0.002,0.003997191786766052,0.0010264826838271696,0.010264826838271695,0.05875666494347186,0.017470063775994086,3.494012755198817e-05,293.78332471735933,29.378332471735938
23,32,0.8,0.8,0.015848931924611134,1.0,0.002,0.005514994263648987,0.001415092833324303,0.01415092833324303,0.0819051448965042,0.017277215431489953,3.4554430862979906e-05,409.525724482521,40.9525724482521
23,33,0.8,1.0,0.015848931924611134,0.01,0.002,0.00038502365350723267,6.461840223547023e-05,0.0006461840223547022,0.0035992927524201414,0.017953083197253465,3.590616639450693e-05,17.99646376210071,1.7996463762100712
23,34,0.8,1.0,0.015848931924611134,0.015848931924611134,0.002,0.00042693689465522766,7.448348570355229e-05,0.0007448348570355228,0.004150049362219094,0.01794761440228384,3.589522880456768e-05,20.750246811095472,2.0750246811095474
23,35,0.8,1.0,0.015848931924611134,0.025118864315095794,0.002,0.0004933886229991913,9.065268595293337e-05,0.0009065268595293337,0.005053400449898799,0.017938947615906593,3.587789523181319e-05,25.267002249493995,2.5267002249493995
23,36,0.8,1.0,0.015848931924611134,0.039810717055349734,0.002,0.0005987174808979034,0.00011700981989429778,0.0011700981989429778,0.0065276650952708695,0.017925218004684166,3.585043600936833e-05,32.63832547635435,3.263832547635435
23,37,0.8,1.0,0.015848931924611134,0.06309573444801933,0.002,0.0007655434310436249,0.00015958931395053218,0.0015958931395053217,0.008913865748460372,0.017903490859518145,3.5806981719036293e-05,44.56932874230186,4.456932874230187
23,38,0.8,1.0,0.015848931924611134,0.1,0.002,0.0010291226208209991,0.0002276468987623939,0.002276468987623939,0.01273962124123571,0.017869204621684086,3.573840924336817e-05,63.69810620617855,6.369810620617855
23,39,0.8,1.0,0.015848931924611134,0.15848931924611143,0.002,0.0014427527785301208,0.00033501680449511326,0.0033501680449511324,0.018804801930839374,0.017815492326228366,3.5630984652456734e-05,94.02400965419687,9.402400965419687
23,40,0.8,1.0,0.015848931924611134,0.25118864315095807,0.002,0.0020806193351745605,0.0005008221332033533,0.005008221332033533,0.028242630814023534,0.017732842825487635,3.546568565097527e-05,141.21315407011767,14.12131540701177
23,41,0.8,1.0,0.015848931924611134,0.3981071705534973,0.002,0.0030248649418354034,0.0007461243990240145,0.0074612439902401444,0.042367472827029046,0.017610783679974693,3.5221567359949387e-05,211.83736413514524,21.183736413514524
23,42,0.8,1.0,0.015848931924611134,0.6309573444801934,0.002,0.004311848431825638,0.0010802240640520521,0.010802240640520521,0.06192279163472236,0.01744469258466589,3.4889385169331784e-05,309.61395817361176,30.961395817361176
23,43,0.8,1.0,0.015848931924611134,1.0,0.002,0.005852222442626953,0.001480749685140053,0.014807496851400528,0.08586219245281285,0.017245654261086173,3.449130852217235e-05,429.3109622640642,42.931096226406424
23,44,0.8,1.2,0.015848931924611134,0.01,0.002,0.0007912367582321167,0.0001363287079231609,0.0013632870792316088,0.007606876166460417,0.01792177300377909,3.584354600755818e-05,38.03438083230209,3.803438083230209
23,45,0.8,1.2,0.015848931924611134,0.015848931924611134,0.002,0.0008317530155181885,0.00014609773426344142,0.0014609773426344141,0.008154420092607088,0.017916385543577242,3.583277108715449e-05,40.772100463035436,4.077210046303543
23,46,0.8,1.2,0.015848931924611134,0.025118864315095794,0.002,0.0008960030972957611,0.00016185760782928886,0.0016185760782928887,0.00903836238178701,0.017907846686413494,3.581569337282699e-05,45.191811908935044,4.519181190893504
23,47,0.8,1.2,0.015848931924611134,0.039810717055349734,0.002,0.000997886061668396,0.00018733452701104152,0.0018733452701104152,0.010468939822861041,0.017894316920416223,3.5788633840832444e-05,52.3446991143052,5.23446991143052
23,48,0.8,1.2,0.015848931924611134,0.06309573444801933,0.002,0.0011593587696552277,0.00022847973728817134,0.0022847973728817137,0.012783586839795778,0.017872897501419984,3.574579500283997e-05,63.91793419897889,6.391793419897888
23,49,0.8,1.2,0.015848931924611134,0.1,0.002,0.0014147944748401642,0.000294574285078789,0.00294574285078789,0.016512871434045517,0.01783907094870542,3.567814189741084e-05,82.5643571702276,8.25643571702276
23,50,0.8,1.2,0.015848931924611134,0.15848931924611143,0.002,0.0018164925277233124,0.0003995755367965414,0.003995755367965414,0.02246573881671287,0.017785995824864054,3.557199164972811e-05,112.32869408356436,11.232869408356434
23,51,0.8,1.2,0.015848931924611134,0.25118864315095807,0.002,0.002438381314277649,0.0005629433065362912,0.005629433065362913,0.03179741012215123,0.017704061568967987,3.5408123137935975e-05,158.98705061075614,15.898705061075614
23,52,0.8,1.2,0.015848931924611134,0.3981071705534973,0.002,0.003365594893693924,0.0008068731126924654,0.008068731126924654,0.045891332276833646,0.01758225513753023,3.516451027506046e-05,229.45666138416829,22.94566613841683
23,53,0.8,1.2,0.015848931924611134,0.6309573444801934,0.002,0.004644747823476791,0.0011435886309748323,0.011435886309748325,0.06566882780805536,0.01741448216979674,3.482896433959348e-05,328.3441390402768,32.83441390402768
23,54,0.8,1.2,0.015848931924611134,1.0,0.002,0.00620139017701149,0.0015547220453736078,0.015547220453736077,0.0903393752658334,0.01720979407704193,3.441958815408386e-05,451.69687632916697,45.1696876329167
24,25,0.8,0.8,0.025118864315095794,0.039810717055349734,0.002,0.00011056661605834961,2.852826814888666e-05,0.00028528268148886657,0.0015895136760979073,0.01794779659834109,3.589559319668218e-05,7.947568380489535,0.7947568380489536
24,26,0.8,0.8,0.025118864315095794,0.06309573444801933,0.002,0.00028555095195770264,7.365426640446665e-05,0.0007365426640446666,0.004108939756921292,0.017925370232162674,3.585074046432535e-05,20.544698784606457,2.0544698784606457
24,27,0.8,0.8,0.025118864315095794,0.1,0.002,0.000561639666557312,0.00014479855049938118,0.001447985504993812,0.008093818650437212,0.017890016660005035,3.578003332001007e-05,40.46909325218606,4.046909325218606
24,28,0.8,0.8,0.025118864315095794,0.15848931924611143,0.002,0.0009937360882759094,0.00025602134069114624,0.0025602134069114624,0.014355192916105923,0.01783475444651817,3.566950889303634e-05,71.77596458052962,7.177596458052961
24,29,0.8,0.8,0.025118864315095794,0.25118864315095807,0.002,0.0016565248370170593,0.0004263759875859474,0.004263759875859474,0.02402100786926079,0.017750128966552328,3.550025793310466e-05,120.10503934630395,12.010503934630396
24,30,0.8,0.8,0.025118864315095794,0.3981071705534973,0.002,0.002627544105052948,0.000675518013595163,0.0067551801359516305,0.03832421797171186,0.01762640046807429,3.525280093614858e-05,191.6210898585593,19.16210898585593
24,31,0.8,0.8,0.025118864315095794,0.6309573444801934,0.002,0.003927409648895264,0.0010084709386716834,0.010084709386716835,0.057755254403051806,0.017461111531670365,3.492222306334073e-05,288.776272015259,28.8776272015259
24,32,0.8,0.8,0.025118864315095794,1.0,0.002,0.005445212125778198,0.0013970811239042843,0.013970811239042842,0.08090455355942192,0.017268263187166233,3.4536526374332464e-05,404.52276779710957,40.452276779710964
24,33,0.8,1.0,0.025118864315095794,0.01,0.002,0.0003152415156364441,4.9381837851745144e-05,0.0004938183785174515,0.002751977121727512,0.017944130952929745,3.588826190585949e-05,13.759885608637559,1.3759885608637556
24,34,0.8,1.0,0.025118864315095794,0.015848931924611134,0.002,0.0003571547567844391,5.843630033897632e-05,0.0005843630033897633,0.003257561786069189,0.017938662157960118,3.587732431592024e-05,16.287808930345943,1.628780893034594
24,35,0.8,1.0,0.025118864315095794,0.025118864315095794,0.002,0.0004236064851284027,7.387357870695245e-05,0.0007387357870695245,0.004120111420889387,0.017929995371582873,3.585999074316575e-05,20.600557104446935,2.0600557104446935
24,36,0.8,1.0,0.025118864315095794,0.039810717055349734,0.002,0.0005289353430271149,9.968151189951983e-05,0.0009968151189951983,0.005563743764064059,0.017916265760360445,3.5832531520720895e-05,27.81871882032029,2.7818718820320285
24,37,0.8,1.0,0.025118864315095794,0.06309573444801933,0.002,0.0006957612931728363,0.00014191644732662885,0.0014191644732662887,0.007930712849233577,0.017894538615194425,3.578907723038885e-05,39.65356424616789,3.9653564246167883
24,38,0.8,1.0,0.025118864315095794,0.1,0.002,0.0009593404829502106,0.0002097885010006924,0.0020978850100069244,0.011746110668997048,0.017860252377360365,3.572050475472073e-05,58.73055334498523,5.873055334498522
24,39,0.8,1.0,0.025118864315095794,0.15848931924611143,0.002,0.0013729706406593323,0.00031706981982293936,0.0031706981982293934,0.01780636880407508,0.017806540081904645,3.561308016380929e-05,89.03184402037537,8.903184402037539
24,40,0.8,1.0,0.025118864315095794,0.25118864315095807,0.002,0.002010837197303772,0.0004828365552191694,0.0048283655521916945,0.027242131348537243,0.017723890581163915,3.544778116232783e-05,136.2106567426862,13.62106567426862
24,41,0.8,1.0,0.025118864315095794,0.3981071705534973,0.002,0.002955082803964615,0.0007281231192308408,0.007281231192308408,0.04136632724229429,0.017601831435650972,3.5203662871301945e-05,206.83163621147145,20.683163621147145
24,42,0.8,1.0,0.025118864315095794,0.6309573444801934,0.002,0.004242066293954849,0.0010622166322370478,0.010622166322370478,0.060921796924179386,0.01743574034034217,3.487148068068434e-05,304.6089846208968,30.460898462089684
24,43,0.8,1.0,0.025118864315095794,1.0,0.002,0.0057824403047561646,0.0014627397495730803,0.014627397495730804,0.08486192707575883,0.017236702016762452,3.4473404033524905e-05,424.30963537879416,42.430963537879414
24,44,0.8,1.2,0.025118864315095794,0.01,0.002,0.0007214546203613281,0.00012027201733139874,0.0012027201733139875,0.0067142980408550455,0.01791282075945537,3.582564151891074e-05,33.57149020427522,3.357149020427522
24,45,0.8,1.2,0.025118864315095794,0.015848931924611134,0.002,0.0007619708776473999,0.00012974857910515424,0.0012974857910515423,0.007245515140942217,0.01790743329925352,3.5814866598507045e-05,36.227575704711086,3.6227575704711086
24,46,0.8,1.2,0.025118864315095794,0.025118864315095794,0.002,0.0008262209594249725,0.0001451563290211655,0.001451563290211655,0.008109793009328337,0.017898894442089773,3.579778888417955e-05,40.54896504664169,4.054896504664169
24,47,0.8,1.2,0.025118864315095794,0.039810717055349734,0.002,0.0009281039237976074,0.0001702584803431708,0.001702584803431708,0.009519430183649348,0.017885364676092502,3.5770729352185e-05,47.59715091824674,4.759715091824674
24,48,0.8,1.2,0.025118864315095794,0.06309573444801933,0.002,0.001089576631784439,0.00021106182412063154,0.002110618241206315,0.011814961425544529,0.017863945257096264,3.572789051419253e-05,59.07480712772265,5.907480712772265
24,49,0.8,1.2,0.025118864315095794,0.1,0.002,0.0013450123369693756,0.00027689450836680256,0.0027689450836680257,0.015529594219625503,0.017830118704381698,3.56602374087634e-05,77.64797109812751,7.764797109812751
24,50,0.8,1.2,0.025118864315095794,0.15848931924611143,0.002,0.0017467103898525238,0.000381727903655832,0.00381727903655832,0.02147308138872377,0.017777043580540334,3.5554087161080666e-05,107.36540694361885,10.736540694361885
24,51,0.8,1.2,0.025118864315095794,0.25118864315095807,0.002,0.0023685991764068604,0.0005450044603990868,0.005450044603990868,0.030799722703043732,0.017695109324644267,3.539021864928853e-05,153.99861351521864,15.399861351521864
24,52,0.8,1.2,0.025118864315095794,0.3981071705534973,0.002,0.0032958127558231354,0.0007888912416441304,0.007888912416441303,0.04489146100981962,0.017573302893206508,3.5146605786413015e-05,224.45730504909812,22.445730504909815
24,53,0.8,1.2,0.025118864315095794,0.6309573444801934,0.002,0.004574965685606003,0.0011255885162420069,0.011255885162420067,0.06466844279154674,0.01740552992547302,3.481105985094604e-05,323.3422139577337,32.334221395773376
24,54,0.8,1.2,0.025118864315095794,1.0,0.002,0.006131608039140701,0.0015367145206330506,0.015367145206330505,0.0893394948676304,0.01720084183271821,3.4401683665436415e-05,446.697474338152,44.669747433815196
25,26,0.8,0.8,0.039810717055349734,0.06309573444801933,0.002,0.00017498433589935303,4.512599913070738e-05,0.00045125999130707383,0.002519430308835807,0.01791119165806951,3.582238331613902e-05,12.597151544179031,1.259715154417903
25,27,0.8,0.8,0.039810717055349734,0.1,0.002,0.0004510730504989624,0.00011627028650007206,0.0011627028650007206,0.00650432645122837,0.017875838085911866,3.575167617182373e-05,32.52163225614185,3.252163225614185
25,28,0.8,0.8,0.039810717055349734,0.15848931924611143,0.002,0.0008831694722175598,0.000227493085654078,0.0022749308565407802,0.012765753883750395,0.017820575872425002,3.564115174485e-05,63.82876941875197,6.382876941875197
25,29,0.8,0.8,0.039810717055349734,0.25118864315095807,0.002,0.0015459582209587097,0.0003978477531274435,0.003978477531274435,0.022431713233512285,0.017735950392459163,3.547190078491833e-05,112.15856616756139,11.215856616756138
25,30,0.8,0.8,0.039810717055349734,0.3981071705534973,0.002,0.0025169774889945984,0.0006469898189594421,0.00646989818959442,0.036735275245455945,0.017612221893981123,3.5224443787962244e-05,183.67637622727975,18.367637622727976
25,31,0.8,0.8,0.039810717055349734,0.6309573444801934,0.002,0.003816843032836914,0.000979942804525437,0.00979942804525437,0.05616705279421896,0.017446932957577196,3.489386591515439e-05,280.8352639710948,28.08352639710948
25,32,0.8,0.8,0.039810717055349734,1.0,0.002,0.005334645509719849,0.0013685530428904351,0.01368553042890435,0.07931762672900716,0.017254084613073064,3.4508169226146126e-05,396.5881336450358,39.65881336450358
25,33,0.8,1.0,0.039810717055349734,0.01,0.002,0.00020467489957809448,3.1855637859968016e-05,0.0003185563785996802,0.0017766716378772138,0.017929952378836572,3.585990475767314e-05,8.88335818938607,0.8883358189386069
25,34,0.8,1.0,0.039810717055349734,0.015848931924611134,0.002,0.0002465881407260895,3.692943178692731e-05,0.0003692943178692731,0.0020602787028222054,0.017924483583866946,3.5848967167733894e-05,10.301393514111027,1.0301393514111028
25,35,0.8,1.0,0.039810717055349734,0.025118864315095794,0.002,0.0003130398690700531,4.911449210014674e-05,0.0004911449210014674,0.002741404014972316,0.017915816797489704,3.583163359497941e-05,13.70702007486158,1.3707020074861582
25,36,0.8,1.0,0.039810717055349734,0.039810717055349734,0.002,0.00041836872696876526,7.291444430094357e-05,0.0007291444430094357,0.004072957725112432,0.017902087186267276,3.580417437253455e-05,20.364788625562156,2.0364788625562156
25,37,0.8,1.0,0.039810717055349734,0.06309573444801933,0.002,0.0005851946771144867,0.00011414055626220335,0.0011414055626220334,0.006383571471705857,0.01788036004110126,3.576072008220252e-05,31.91785735852928,3.191785735852928
25,38,0.8,1.0,0.039810717055349734,0.1,0.002,0.000848773866891861,0.00018156434020503702,0.0018156434020503702,0.010173909522429346,0.0178460738032672,3.56921476065344e-05,50.86954761214672,5.086954761214672
25,39,0.8,1.0,0.039810717055349734,0.15848931924611143,0.002,0.0012624040246009827,0.00028866021616714754,0.002886602161671475,0.016223828188316403,0.017792361507811473,3.558472301562295e-05,81.119140941582,8.111914094158202
25,40,0.8,1.0,0.039810717055349734,0.25118864315095807,0.002,0.0019002705812454224,0.0004543537795070655,0.004543537795070655,0.025655627789184888,0.01770971200707075,3.54194240141415e-05,128.2781389459244,12.827813894592442
25,41,0.8,1.0,0.039810717055349734,0.3981071705534973,0.002,0.0028445161879062653,0.0006996124659121045,0.006996124659121045,0.03977861465763188,0.017587652861557806,3.5175305723115614e-05,198.89307328815937,19.889307328815935
25,42,0.8,1.0,0.039810717055349734,0.6309573444801934,0.002,0.0041314996778965,0.0010336955175117596,0.010336955175117596,0.05933426241465621,0.017421561766248997,3.4843123532498e-05,296.67131207328106,29.667131207328104
25,43,0.8,1.0,0.039810717055349734,1.0,0.002,0.005671873688697815,0.001434214501818252,0.01434214501818252,0.08327551456628858,0.01722252344266928,3.444504688533856e-05,416.3775728314429,41.63775728314428
25,44,0.8,1.2,0.039810717055349734,0.01,0.002,0.0006108880043029785,9.626314329766611e-05,0.0009626314329766612,0.005378237203735582,0.0178986421853622,3.57972843707244e-05,26.891186018677907,2.689118601867791
25,45,0.8,1.2,0.039810717055349734,0.015848931924611134,0.002,0.0006514042615890503,0.00010497002936584127,0.0010497002936584127,0.005866458113863384,0.017893254725160353,3.578650945032071e-05,29.332290569316914,2.9332290569316912
25,46,0.8,1.2,0.039810717055349734,0.025118864315095794,0.002,0.0007156543433666229,0.00011948251678219125,0.0011948251678219125,0.00668070533879694,0.017884715867996608,3.576943173599322e-05,33.40352669398469,3.340352669398469
25,47,0.8,1.2,0.039810717055349734,0.039810717055349734,0.002,0.0008175373077392578,0.00014367833880215569,0.0014367833880215568,0.008039664406274731,0.01787118610199933,3.574237220399866e-05,40.198322031373664,4.0198322031373666
25,48,0.8,1.2,0.039810717055349734,0.06309573444801933,0.002,0.0009790100157260895,0.0001837069195057365,0.0018370691950573652,0.010291838698410884,0.017849766683003095,3.569953336600619e-05,51.45919349205441,5.145919349205441
25,49,0.8,1.2,0.039810717055349734,0.1,0.002,0.001234445720911026,0.00024898825707065953,0.0024898825707065954,0.013975589009044746,0.01781594013028853,3.563188026057706e-05,69.87794504522371,6.987794504522371
25,50,0.8,1.2,0.039810717055349734,0.15848931924611143,0.002,0.0016361437737941742,0.00035349289011841155,0.0035349289011841153,0.01990066861343081,0.017762865006447165,3.552573001289433e-05,99.50334306715405,9.950334306715405
25,51,0.8,1.2,0.039810717055349734,0.25118864315095807,0.002,0.0022580325603485107,0.0005166016066992392,0.005166016066992392,0.029218009729670893,0.017680930750551098,3.5361861501102196e-05,146.09004864835447,14.609004864835446
25,52,0.8,1.2,0.039810717055349734,0.3981071705534973,0.002,0.0031852461397647858,0.000760412970940707,0.00760412970940707,0.043305859513335036,0.017559124319113342,3.5118248638226685e-05,216.52929756667515,21.652929756667515
25,53,0.8,1.2,0.039810717055349734,0.6309573444801934,0.002,0.004464399069547653,0.001097079376812829,0.010970793768128288,0.06308189367502977,0.017391351351379848,3.4782702702759696e-05,315.40946837514883,31.540946837514888
25,54,0.8,1.2,0.039810717055349734,1.0,0.002,0.006021041423082352,0.0015081931589545944,0.015081931589545943,0.08775369228216627,0.017186663258625036,3.437332651725007e-05,438.7684614108313,43.876846141083135
26,27,0.8,0.8,0.06309573444801933,0.1,0.002,0.0002760887145996094,7.114429039533558e-05,0.0007114429039533558,0.003984912884560854,0.017853411719733453,3.570682343946691e-05,19.924564422804266,1.9924564422804265
26,28,0.8,0.8,0.06309573444801933,0.15848931924611143,0.002,0.0007081851363182068,0.00018236710038873548,0.0018236710038873546,0.010246407938349456,0.017798149506246586,3.5596299012493174e-05,51.232039691747275,5.123203969174728
26,29,0.8,0.8,0.06309573444801933,0.25118864315095807,0.002,0.0013709738850593567,0.00035272179542967586,0.0035272179542967584,0.019912570469114932,0.017713524026280746,3.5427048052561494e-05,99.56285234557467,9.956285234557466
26,30,0.8,0.8,0.06309573444801933,0.3981071705534973,0.002,0.0023419931530952454,0.0006018639173277751,0.006018639173277751,0.03421665228435768,0.01758979552780271,3.517959105560542e-05,171.0832614217884,17.108326142178836
26,31,0.8,0.8,0.06309573444801933,0.6309573444801934,0.002,0.003641858696937561,0.0009348169901836881,0.009348169901836881,0.0536495530177675,0.017424506591398783,3.484901318279757e-05,268.2477650888374,26.82477650888374
26,32,0.8,0.8,0.06309573444801933,1.0,0.002,0.005159661173820496,0.001323427305012973,0.01323427305012973,0.07680208637212675,0.017231658246894647,3.44633164937893e-05,384.01043186063373,38.401043186063376
26,33,0.8,1.0,0.06309573444801933,0.01,0.002,7.9326331615448e-05,4.5667620599633886e-05,0.0004566762059963388,0.002550191498666714,0.01790752601265816,3.581505202531632e-05,12.75095749333357,1.2750957493333572
26,34,0.8,1.0,0.06309573444801933,0.015848931924611134,0.002,7.160380482673645e-05,3.7978648280214065e-05,0.0003797864828021406,0.002121468377538666,0.017902057217688533,3.5804114435377066e-05,10.607341887693332,1.0607341887693331
26,35,0.8,1.0,0.06309573444801933,0.025118864315095794,0.002,0.00013805553317070007,3.030576086323466e-05,0.0003030576086323466,0.0016936846585655007,0.017893390431311287,3.5786780862622575e-05,8.468423292827504,0.8468423292827505
26,36,0.8,1.0,0.06309573444801933,0.039810717055349734,0.002,0.00024338439106941223,3.6492298800780406e-05,0.0003649229880078041,0.002040995026023041,0.017879660820088863,3.575932164017773e-05,10.204975130115203,1.0204975130115201
26,37,0.8,1.0,0.06309573444801933,0.06309573444801933,0.002,0.00041021034121513367,7.142054161785882e-05,0.0007142054161785882,0.0039993732151750415,0.017857933674922843,3.5715867349845686e-05,19.99686607587521,1.9996866075875208
26,38,0.8,1.0,0.06309573444801933,0.1,0.002,0.0006737895309925079,0.00013717366267803276,0.0013717366267803274,0.00769616113436981,0.017823647437088783,3.5647294874177565e-05,38.48080567184905,3.848080567184905
26,39,0.8,1.0,0.06309573444801933,0.15848931924611143,0.002,0.0010874196887016296,0.00024377696055184506,0.0024377696055184507,0.01371850592637796,0.01776993514163306,3.553987028326612e-05,68.59252963188979,6.859252963188979
26,40,0.8,1.0,0.06309573444801933,0.25118864315095807,0.002,0.0017252862453460693,0.000409311789206328,0.004093117892063279,0.023141583028433412,0.017687285640892333,3.5374571281784665e-05,115.70791514216705,11.570791514216706
26,41,0.8,1.0,0.06309573444801933,0.3981071705534973,0.002,0.0026695318520069122,0.0006545169378413656,0.006545169378413656,0.037262083583923,0.01756522649537939,3.513045299075878e-05,186.310417919615,18.631041791961497
26,42,0.8,1.0,0.06309573444801933,0.6309573444801934,0.002,0.003956515341997147,0.0009885813512294896,0.009885813512294896,0.05681784344442077,0.017399135400070584,3.479827080014117e-05,284.0892172221038,28.40892172221038
26,43,0.8,1.0,0.06309573444801933,1.0,0.002,0.005496889352798462,0.0013890933263560586,0.013890933263560586,0.0807607840920081,0.017200097076490867,3.440019415298173e-05,403.8039204600405,40.38039204600405
26,44,0.8,1.2,0.06309573444801933,0.01,0.002,0.0004359036684036255,6.607047784235089e-05,0.0006607047784235088,0.003695999114725816,0.017876215819183784,3.575243163836757e-05,18.479995573629076,1.8479995573629078
26,45,0.8,1.2,0.06309573444801933,0.015848931924611134,0.002,0.00047641992568969727,7.170152587652907e-05,0.0007170152587652907,0.004012210538662112,0.01787082835898194,3.574165671796388e-05,20.061052693310558,2.006105269331056
26,46,0.8,1.2,0.06309573444801933,0.025118864315095794,0.002,0.0005406700074672699,8.277081442869824e-05,0.0008277081442869823,0.0046338300820996685,0.01786228950181819,3.572457900363638e-05,23.169150410498343,2.316915041049834
26,47,0.8,1.2,0.06309573444801933,0.039810717055349734,0.002,0.0006425529718399048,0.00010376086289516234,0.0010376086289516234,0.005813337421250804,0.017848759735820917,3.569751947164184e-05,29.066687106254015,2.9066687106254014
26,48,0.8,1.2,0.06309573444801933,0.06309573444801933,0.002,0.0008040256798267365,0.00014138167626390617,0.0014138167626390615,0.007930609600270894,0.01782734031682468,3.5654680633649364e-05,39.65304800135446,3.9653048001354465
26,49,0.8,1.2,0.06309573444801933,0.1,0.002,0.001059461385011673,0.000205192114203306,0.0020519211420330597,0.011531849016644634,0.017793513764110112,3.5587027528220226e-05,57.65924508322317,5.765924508322318
26,50,0.8,1.2,0.06309573444801933,0.15848931924611143,0.002,0.0014611594378948212,0.0003089384592938469,0.0030893845929384693,0.01741436418559529,0.017740438640268752,3.548087728053751e-05,87.07182092797643,8.707182092797643
26,51,0.8,1.2,0.06309573444801933,0.25118864315095807,0.002,0.0020830482244491577,0.00047170344736505507,0.00471703447365055,0.026712536752687865,0.017658504384372685,3.531700876874537e-05,133.5626837634393,13.356268376343932
26,52,0.8,1.2,0.06309573444801933,0.3981071705534973,0.002,0.0030102618038654327,0.0007153733136669879,0.007153733136669879,0.04079293123408467,0.017536697952934926,3.507339590586985e-05,203.96465617042338,20.396465617042338
26,53,0.8,1.2,0.06309573444801933,0.6309573444801934,0.002,0.0042894147336483,0.0010519852238058656,0.010519852238058658,0.060567088907469625,0.017368924985201435,3.473784997040287e-05,302.8354445373481,30.28354445373481
26,54,0.8,1.2,0.06309573444801933,1.0,0.002,0.005846057087182999,0.0014630783221028113,0.014630783221028112,0.08523992830387121,0.017164236892446623,3.432847378489325e-05,426.19964151935596,42.6199641519356
27,28,0.8,0.8,0.1,0.15848931924611143,0.002,0.0004320964217185974,0.0001112228196841095,0.0011122281968410951,0.006261560403937283,0.017762795934088946,3.552559186817789e-05,31.307802019686417,3.1307802019686415
27,29,0.8,0.8,0.1,0.25118864315095807,0.002,0.0010948851704597473,0.00028157754707675275,0.0028157754707675274,0.01592798009315947,0.017678170454123107,3.535634090824622e-05,79.63990046579734,7.963990046579734
27,30,0.8,0.8,0.1,0.3981071705534973,0.002,0.002065904438495636,0.0005307197418306526,0.005307197418306525,0.030232789123779944,0.017554441955645067,3.510888391129013e-05,151.16394561889973,15.116394561889974
27,31,0.8,0.8,0.1,0.6309573444801934,0.002,0.0033657699823379517,0.0008636729333668775,0.008636729333668776,0.04966733758747314,0.01738915301924114,3.477830603848228e-05,248.33668793736572,24.833668793736567
27,32,0.8,0.8,0.1,1.0,0.002,0.004883572459220886,0.00125228335165382,0.012522833516538202,0.07282281718894773,0.01719630467473701,3.4392609349474015e-05,364.1140859447386,36.411408594473855
27,33,0.8,1.0,0.1,0.01,0.002,0.0002542324364185333,0.0001097435777866253,0.001097435777866253,0.006140472186690242,0.017872172440500517,3.574434488100103e-05,30.702360933451217,3.070236093345122
27,34,0.8,1.0,0.1,0.015848931924611134,0.002,0.00022028759121894836,9.917814897458815e-05,0.0009917814897458816,0.005551004311833212,0.01786670364553089,3.573340729106178e-05,27.755021559166064,2.775502155916606
27,35,0.8,1.0,0.1,0.025118864315095794,0.002,0.0001713782548904419,8.26643700862041e-05,0.0008266437008620409,0.004628972979402946,0.01785803685915365,3.57160737183073e-05,23.144864897014727,2.3144864897014727
27,36,0.8,1.0,0.1,0.039810717055349734,0.002,0.00010714307427406311,5.7614032754607675e-05,0.0005761403275460767,0.0032287066095708,0.01784430724793122,3.568861449586244e-05,16.143533047854003,1.6143533047854004
27,37,0.8,1.0,0.1,0.06309573444801933,0.002,0.0001341216266155243,2.9550470589506392e-05,0.0002955047058950639,0.0016580355043499895,0.017822580102765204,3.564516020553041e-05,8.290177521749946,0.8290177521749947
27,38,0.8,1.0,0.1,0.1,0.002,0.00039770081639289856,6.913649168741631e-05,0.0006913649168741632,0.00388662860038061,0.017788293864931144,3.557658772986229e-05,19.433143001903048,1.9433143001903046
27,39,0.8,1.0,0.1,0.15848931924611143,0.002,0.0008113309741020203,0.0001732665235942437,0.0017326652359424368,0.009769980922046013,0.017734581569475417,3.546916313895084e-05,48.84990461023006,4.884990461023007
27,40,0.8,1.0,0.1,0.25118864315095807,0.002,0.00144919753074646,0.0003383428999925986,0.003383428999925986,0.01916747122497007,0.017651932068734694,3.530386413746939e-05,95.83735612485034,9.583735612485034
27,41,0.8,1.0,0.1,0.3981071705534973,0.002,0.002393443137407303,0.0005834288810140498,0.005834288810140497,0.03328198005595259,0.01752987292322175,3.50597458464435e-05,166.40990027976298,16.640990027976297
27,42,0.8,1.0,0.1,0.6309573444801934,0.002,0.0036804266273975372,0.0009174572683491371,0.00917457268349137,0.05283741050433433,0.01736378182791294,3.4727563655825886e-05,264.18705252167166,26.41870525216717
27,43,0.8,1.0,0.1,1.0,0.002,0.0052208006381988525,0.001317956810829364,0.013179568108293642,0.07678278504404375,0.017164743504333224,3.432948700866645e-05,383.91392522021874,38.39139252202187
27,44,0.8,1.2,0.1,0.01,0.002,0.0001598149538040161,7.004486964109558e-05,0.0007004486964109559,0.003926092173755291,0.017840862247026145,3.568172449405229e-05,19.63046086877646,1.9630460868776456
27,45,0.8,1.2,0.1,0.015848931924611134,0.002,0.0002003312110900879,6.436516378572504e-05,0.0006436516378572504,0.0036088281671802698,0.017835474786824297,3.5670949573648596e-05,18.04414083590135,1.8044140835901348
27,46,0.8,1.2,0.1,0.025118864315095794,0.002,0.0002645812928676605,5.8421833926709813e-05,0.0005842183392670981,0.0032771663149081757,0.017826935929660552,3.5653871859321107e-05,16.385831574540873,1.6385831574540874
27,47,0.8,1.2,0.1,0.039810717055349734,0.002,0.0003664642572402954,5.884366646505183e-05,0.0005884366646505183,0.0033033360337948307,0.017813406163663274,3.562681232732655e-05,16.516680168974155,1.6516680168974154
27,48,0.8,1.2,0.1,0.06309573444801933,0.002,0.0005279369652271271,8.102082376022296e-05,0.0008102082376022296,0.004553781706503807,0.01779198674466704,3.558397348933408e-05,22.768908532519028,2.2768908532519028
27,49,0.8,1.2,0.1,0.1,0.002,0.0007833726704120636,0.00013788448532429817,0.0013788448532429819,0.0077645704191126605,0.017758160191952473,3.551632038390495e-05,38.8228520955633,3.8822852095563296
27,50,0.8,1.2,0.1,0.15848931924611143,0.002,0.0011850707232952118,0.00023912393391536507,0.0023912393391536508,0.013505946624682122,0.01770508506811111,3.541017013622222e-05,67.52973312341061,6.752973312341061
27,51,0.8,1.2,0.1,0.25118864315095807,0.002,0.0018069595098495483,0.00040101825679147914,0.004010182567914791,0.02275519633603336,0.017623150812215042,3.5246301624430084e-05,113.77598168016681,11.377598168016682
27,52,0.8,1.2,0.1,0.3981071705534973,0.002,0.0027341730892658234,0.0006443873992219741,0.006443873992219741,0.036819308574359645,0.017501344380777287,3.500268876155457e-05,184.09654287179822,18.409654287179823
27,53,0.8,1.2,0.1,0.6309573444801934,0.002,0.004013326019048691,0.0009808957661055927,0.009808957661055927,0.05658936307652402,0.017333571413043793,3.4667142826087585e-05,282.9468153826201,28.29468153826201
27,54,0.8,1.2,0.1,1.0,0.002,0.005569968372583389,0.0013919523396904092,0.01391952339690409,0.0812634608843214,0.01712888332028898,3.425776664057796e-05,406.3173044216071,40.63173044216071
28,29,0.8,0.8,0.15848931924611143,0.25118864315095807,0.002,0.0006627887487411499,0.0001703547550588674,0.001703547550588674,0.009666665270721346,0.01762290824063624,3.5245816481272483e-05,48.333326353606736,4.833332635360674
28,30,0.8,0.8,0.15848931924611143,0.3981071705534973,0.002,0.0016338080167770386,0.0004194970314060627,0.0041949703140606275,0.023972382568048616,0.017499179742158203,3.4998359484316405e-05,119.86191284024308,11.986191284024306
28,31,0.8,0.8,0.15848931924611143,0.6309573444801934,0.002,0.0029336735606193542,0.0007524503688145322,0.007524503688145322,0.04340920207970525,0.017333890805754277,3.466778161150855e-05,217.04601039852625,21.704601039852623
28,32,0.8,0.8,0.15848931924611143,1.0,0.002,0.004451476037502289,0.0011410609131963583,0.011410609131963583,0.06656893335255978,0.017141042461250144,3.428208492250029e-05,332.84466676279897,33.2844666762799
28,33,0.8,1.0,0.15848931924611143,0.01,0.002,0.0006784945726394653,0.00021883920211721969,0.002188392021172197,0.01228266850586809,0.017816910227013656,3.563382045402731e-05,61.413342529340454,6.141334252934044
28,34,0.8,1.0,0.15848931924611143,0.015848931924611134,0.002,0.0006365813314914703,0.00020793724701009884,0.0020793724701009884,0.011674363796071282,0.01781144143204403,3.562288286408806e-05,58.3718189803564,5.837181898035641
28,35,0.8,1.0,0.15848931924611143,0.025118864315095794,0.002,0.0005701296031475067,0.00019068179414967275,0.0019068179414967275,0.010710790758455447,0.017802774645666784,3.560554929133357e-05,53.553953792277234,5.355395379227724
28,36,0.8,1.0,0.15848931924611143,0.039810717055349734,0.002,0.00046480074524879456,0.00016341941931166678,0.001634194193116668,0.009186520074306575,0.017789045034444357,3.557809006888871e-05,45.93260037153288,4.5932600371532875
28,37,0.8,1.0,0.15848931924611143,0.06309573444801933,0.002,0.0002979747951030731,0.00012059482145861235,0.0012059482145861235,0.0067874522316834955,0.017767317889278336,3.5534635778556675e-05,33.93726115841748,3.3937261158417478
28,38,0.8,1.0,0.15848931924611143,0.1,0.002,0.00010372698307037354,5.581102696372818e-05,0.0005581102696372818,0.003147291904776058,0.017733031651444277,3.5466063302888555e-05,15.736459523880288,1.5736459523880288
28,39,0.8,1.0,0.15848931924611143,0.15848931924611143,0.002,0.00037923455238342285,6.579669742164259e-05,0.0006579669742164259,0.003721675936543062,0.017679319355988557,3.5358638711977116e-05,18.608379682715306,1.8608379682715308
28,40,0.8,1.0,0.15848931924611143,0.25118864315095807,0.002,0.0010171011090278625,0.0002276055217926075,0.002276055217926075,0.012934579307614224,0.017596669855247826,3.5193339710495655e-05,64.67289653807111,6.467289653807111
28,41,0.8,1.0,0.15848931924611143,0.3981071705534973,0.002,0.0019613467156887054,0.0004723241560325499,0.004723241560325499,0.02702916613583982,0.017474610709734884,3.494922141946977e-05,135.1458306791991,13.514583067919908
28,42,0.8,1.0,0.15848931924611143,0.6309573444801934,0.002,0.00324833020567894,0.0008062711682830374,0.008062711682830372,0.04658232975690405,0.01730851961442608,3.4617039228852165e-05,232.91164878452017,23.29116487845202
28,43,0.8,1.0,0.15848931924611143,1.0,0.002,0.004788704216480255,0.0012067468064240262,0.012067468064240262,0.07053088202443872,0.017109481290846364,3.421896258169273e-05,352.65441012219355,35.26544101221935
28,44,0.8,1.2,0.15848931924611143,0.01,0.002,0.00033384189009666443,0.00016132872634904363,0.0016132872634904362,0.009070749710148504,0.01778560003353928,3.557120006707856e-05,45.35374855074251,4.535374855074251
28,45,0.8,1.2,0.15848931924611143,0.015848931924611134,0.002,0.0003056749701499939,0.00015118622488746362,0.001511862248874636,0.008503060594122312,0.017780212573337433,3.556042514667487e-05,42.51530297061156,4.251530297061156
28,46,0.8,1.2,0.15848931924611143,0.025118864315095794,0.002,0.00026439130306243896,0.00013532754235228025,0.0013532754235228025,0.007614788821444603,0.017771673716173685,3.554334743234737e-05,38.073944107223014,3.8073944107223014
28,47,0.8,1.2,0.15848931924611143,0.039810717055349734,0.002,0.0002054460346698761,0.00011099310341111867,0.0011099310341111867,0.0062502648769223465,0.017758143950176414,3.5516287900352826e-05,31.251324384611728,3.1251324384611725
28,48,0.8,1.2,0.15848931924611143,0.06309573444801933,0.002,0.00012756511569023132,7.650304823599205e-05,0.0007650304823599204,0.004313256830566655,0.017736724531180175,3.5473449062360353e-05,21.566284152833273,2.1566284152833273
28,49,0.8,1.2,0.15848931924611143,0.1,0.002,0.0003512762486934662,5.645745914282432e-05,0.0005645745914282432,0.0031891648029323243,0.01770289797846561,3.540579595693122e-05,15.94582401466162,1.594582401466162
28,50,0.8,1.2,0.15848931924611143,0.15848931924611143,0.002,0.0007529743015766144,0.00013280948997430512,0.001328094899743051,0.007524692517778392,0.017649822854624245,3.529964570924849e-05,37.623462588891954,3.762346258889196
28,51,0.8,1.2,0.15848931924611143,0.25118864315095807,0.002,0.001374863088130951,0.00029094964028439997,0.0029094964028439996,0.016561446109435326,0.01756788859872818,3.513577719745636e-05,82.80723054717662,8.280723054717662
28,52,0.8,1.2,0.15848931924611143,0.3981071705534973,0.002,0.002302076667547226,0.0005334906004274808,0.005334906004274808,0.030579392858054964,0.01744608216729042,3.489216433458084e-05,152.89696429027484,15.289696429027485
28,53,0.8,1.2,0.15848931924611143,0.6309573444801934,0.002,0.0035812295973300934,0.0008697733440628023,0.008697733440628023,0.05033903109484266,0.017278309199556932,3.4556618399113864e-05,251.69515547421327,25.16951554742133
28,54,0.8,1.2,0.15848931924611143,1.0,0.002,0.005137871950864792,0.0012807604159449832,0.012807604159449832,0.07501398841718054,0.01707362110680212,3.414724221360424e-05,375.06994208590265,37.506994208590264
29,30,0.8,0.8,0.25118864315095807,0.3981071705534973,0.002,0.0009710192680358887,0.0002491423407810993,0.002491423407810993,0.014306558584849713,0.017414554262192364,3.482910852438473e-05,71.53279292424854,7.153279292424855
29,31,0.8,0.8,0.25118864315095807,0.6309573444801934,0.002,0.0022708848118782043,0.0005820958264494428,0.0058209582644944274,0.033746122832210304,0.017249265325788438,3.449853065157687e-05,168.73061416105153,16.873061416105156
29,32,0.8,0.8,0.25118864315095807,1.0,0.002,0.003788687288761139,0.0009707064973488177,0.009707064973488177,0.05691151303430001,0.0170564169812843,3.411283396256861e-05,284.5575651715001,28.455756517150007
29,33,0.8,1.0,0.25118864315095807,0.01,0.002,0.0013412833213806152,0.00038827122982205145,0.0038827122982205142,0.02189628890809986,0.017732284747047813,3.546456949409563e-05,109.4814445404993,10.948144454049931
29,34,0.8,1.0,0.25118864315095807,0.015848931924611134,0.002,0.0012993700802326202,0.0003773015568937033,0.003773015568937033,0.02128422599488154,0.017726815952078187,3.5453631904156375e-05,106.4211299744077,10.64211299744077
29,35,0.8,1.0,0.25118864315095807,0.025118864315095794,0.002,0.0012329183518886566,0.00035991991030494844,0.0035991991030494843,0.020313629089526275,0.01771814916570094,3.5436298331401884e-05,101.5681454476314,10.15681454476314
29,36,0.8,1.0,0.25118864315095807,0.039810717055349734,0.002,0.0011275894939899445,0.0003323928974832563,0.003323928974832563,0.01877457187796784,0.017704419554478518,3.540883910895704e-05,93.87285938983919,9.38728593898392
29,37,0.8,1.0,0.25118864315095807,0.06309573444801933,0.002,0.000960763543844223,0.00028885959011418455,0.002888595901141845,0.01633572441502506,0.017682692409312497,3.5365384818624995e-05,81.6786220751253,8.167862207512533
29,38,0.8,1.0,0.25118864315095807,0.1,0.002,0.0006971843540668488,0.00022028200530226004,0.0022028200530226005,0.012481693993322608,0.017648406171478438,3.5296812342956874e-05,62.40846996661304,6.240846996661304
29,39,0.8,1.0,0.25118864315095807,0.15848931924611143,0.002,0.00028355419635772705,0.00011374378276332108,0.001137437827633211,0.006464663924521368,0.017594693876022714,3.518938775204543e-05,32.323319622606846,3.232331962260684
29,40,0.8,1.0,0.25118864315095807,0.25118864315095807,0.002,0.00035431236028671265,6.14272518811757e-05,0.000614272518811757,0.003507714494367056,0.017512044375281987,3.5024088750563975e-05,17.53857247183528,1.7538572471835279
29,41,0.8,1.0,0.25118864315095807,0.3981071705534973,0.002,0.0012985579669475555,0.00030230667378968633,0.0030230667378968634,0.017383952303316665,0.017389985229769044,3.477997045953809e-05,86.91976151658332,8.691976151658332
29,42,0.8,1.0,0.25118864315095807,0.6309573444801934,0.002,0.00258554145693779,0.0006359923705467859,0.0063599237054678594,0.036925004623335526,0.017223894134460238,3.444778826892048e-05,184.62502311667762,18.46250231166776
29,43,0.8,1.0,0.25118864315095807,1.0,0.002,0.004125915467739105,0.0010364142956906309,0.01036414295690631,0.06087653882086111,0.01702485581088052,3.404971162176104e-05,304.3826941043056,30.438269410430554
29,44,0.8,1.2,0.25118864315095807,0.01,0.002,0.0009350702166557312,0.00032607808192822206,0.0032607808192822206,0.01842147622670832,0.01770097455357344,3.540194910714688e-05,92.10738113354161,9.21073811335416
29,45,0.8,1.2,0.25118864315095807,0.015848931924611134,0.002,0.0008945539593696594,0.0003153914013843869,0.0031539140138438695,0.01782316685624554,0.017695587093371594,3.539117418674319e-05,89.1158342812277,8.91158342812277
29,46,0.8,1.2,0.25118864315095807,0.025118864315095794,0.002,0.0008303038775920868,0.0002984735448537708,0.0029847354485377084,0.016875260409068938,0.017687048236207845,3.537409647241569e-05,84.37630204534469,8.437630204534468
29,47,0.8,1.2,0.25118864315095807,0.039810717055349734,0.002,0.0007284209132194519,0.0002717277513842237,0.002717277513842237,0.015374853164763532,0.01767351847021057,3.5347036940421146e-05,76.87426582381765,7.6874265823817645
29,48,0.8,1.2,0.25118864315095807,0.06309573444801933,0.002,0.0005669482052326202,0.00022959491218577213,0.002295949121857721,0.013006663486288204,0.017652099051214336,3.530419810242867e-05,65.033317431441,6.503331743144101
29,49,0.8,1.2,0.25118864315095807,0.1,0.002,0.0003493092954158783,0.00016401553272894174,0.0016401553272894173,0.009309399246884616,0.017618272498499767,3.5236544996999535e-05,46.54699623442309,4.654699623442309
29,50,0.8,1.2,0.25118864315095807,0.15848931924611143,0.002,0.0001174192875623703,7.089539875012258e-05,0.0007089539875012258,0.004036128785686435,0.017565197374658406,3.5130394749316816e-05,20.18064392843217,2.018064392843217
29,51,0.8,1.2,0.25118864315095807,0.25118864315095807,0.002,0.000712074339389801,0.000126286122082154,0.0012628612208215398,0.007223258108300662,0.01748326311876234,3.496652623752468e-05,36.11629054150331,3.611629054150331
29,52,0.8,1.2,0.25118864315095807,0.3981071705534973,0.002,0.001639287918806076,0.00036400251719475554,0.0036400251719475554,0.02096612765566555,0.01736145668732458,3.472291337464916e-05,104.83063827832777,10.483063827832778
29,53,0.8,1.2,0.25118864315095807,0.6309573444801934,0.002,0.0029184408485889435,0.0006996258275450534,0.006996258275450534,0.040690862932873134,0.01719368371959109,3.438736743918218e-05,203.4543146643657,20.34543146643657
29,54,0.8,1.2,0.25118864315095807,1.0,0.002,0.004475083202123642,0.0011104607811392585,0.011104607811392584,0.06536353328534292,0.016988995626836277,3.397799125367255e-05,326.81766642671465,32.68176664267147
30,31,0.8,0.8,0.3981071705534973,0.6309573444801934,0.002,0.0012998655438423157,0.00033295358334869875,0.0033295358334869875,0.019441935555429234,0.017125536827310398,3.4251073654620795e-05,97.20967777714617,9.720967777714616
30,32,0.8,0.8,0.3981071705534973,1.0,0.002,0.0028176680207252502,0.0007215643382253636,0.007215643382253636,0.04261369002081696,0.016932688482806265,3.386537696561253e-05,213.0684501040848,21.30684501040848
30,33,0.8,1.0,0.3981071705534973,0.01,0.002,0.002312302589416504,0.0006369376913369145,0.0063693769133691455,0.03617205649035813,0.017608556248569773,3.5217112497139546e-05,180.86028245179068,18.08602824517907
30,34,0.8,1.0,0.3981071705534973,0.015848931924611134,0.002,0.002270389348268509,0.0006259505006033597,0.006259505006033597,0.03555913144516824,0.017603087453600147,3.52061749072003e-05,177.79565722584124,17.779565722584124
30,35,0.8,1.0,0.3981071705534973,0.025118864315095794,0.002,0.0022039376199245453,0.0006085384313676429,0.0060853843136764296,0.03458701158039859,0.017594420667222905,3.518884133444581e-05,172.93505790199296,17.293505790199294
30,36,0.8,1.0,0.3981071705534973,0.039810717055349734,0.002,0.002098608762025833,0.0005809553713467988,0.005809553713467988,0.033045081646464206,0.017580691056000478,3.5161382112000953e-05,165.22540823232103,16.522540823232102
30,37,0.8,1.0,0.3981071705534973,0.06309573444801933,0.002,0.0019317828118801117,0.0005373071033241085,0.0053730710332410845,0.030600159898533204,0.01755896391083446,3.5117927821668924e-05,153.000799492666,15.300079949266603
30,38,0.8,1.0,0.3981071705534973,0.1,0.002,0.0016682036221027374,0.000468437266785696,0.00468437266785696,0.0267301502216728,0.0175246776730004,3.50493553460008e-05,133.65075110836398,13.365075110836399
30,39,0.8,1.0,0.3981071705534973,0.15848931924611143,0.002,0.0012545734643936157,0.0003605921507749442,0.0036059215077494425,0.020639509207568525,0.017470965377544674,3.494193075508935e-05,103.19754603784263,10.319754603784261
30,40,0.8,1.0,0.3981071705534973,0.25118864315095807,0.002,0.000616706907749176,0.00019500928910396226,0.0019500928910396226,0.011214961269717043,0.01738831587680395,3.47766317536079e-05,56.07480634858521,5.607480634858521
30,41,0.8,1.0,0.3981071705534973,0.3981071705534973,0.002,0.00032753869891166687,5.726631548988539e-05,0.0005726631548988539,0.003316660720450411,0.017266256731291008,3.453251346258202e-05,16.583303602252055,1.6583303602252055
30,42,0.8,1.0,0.3981071705534973,0.6309573444801934,0.002,0.0016145221889019012,0.00038706639722000064,0.003870663972200006,0.02263524257364705,0.017100165635982198,3.420033127196439e-05,113.17621286823528,11.31762128682353
30,43,0.8,1.0,0.3981071705534973,1.0,0.002,0.0031548961997032166,0.0007873156558764374,0.007873156558764374,0.046583617845342484,0.01690112731240248,3.3802254624804964e-05,232.9180892267124,23.291808922671237
30,44,0.8,1.2,0.3981071705534973,0.01,0.002,0.0019060894846916199,0.000572928323429712,0.005729283234297121,0.03259488554884444,0.0175772460550954,3.51544921101908e-05,162.9744277442222,16.29744277442222
30,45,0.8,1.2,0.3981071705534973,0.015848931924611134,0.002,0.001865573227405548,0.0005621404016348296,0.005621404016348296,0.031990947263722556,0.017571858594893554,3.514371718978711e-05,159.95473631861276,15.995473631861277
30,46,0.8,1.2,0.3981071705534973,0.025118864315095794,0.002,0.0018013231456279755,0.0005450445652372353,0.005450445652372354,0.03103311750718527,0.01756331973772981,3.512663947545962e-05,155.1655875359263,15.516558753592628
30,47,0.8,1.2,0.3981071705534973,0.039810717055349734,0.002,0.0016994401812553406,0.000517963361761365,0.00517963361761365,0.029513935072479455,0.01754978997173253,3.509957994346506e-05,147.56967536239728,14.756967536239728
30,48,0.8,1.2,0.3981071705534973,0.06309573444801933,0.002,0.001537967473268509,0.00047511165628687723,0.004751116562868772,0.02710529509046174,0.017528370552736296,3.5056741105472595e-05,135.5264754523087,13.552647545230869
30,49,0.8,1.2,0.3981071705534973,0.1,0.002,0.0012825317680835724,0.0004075123041153644,0.004075123041153645,0.023293679681782975,0.01749454400002173,3.4989088000043464e-05,116.46839840891488,11.646839840891486
30,50,0.8,1.2,0.3981071705534973,0.15848931924611143,0.002,0.0008808337152004242,0.00030177209303507553,0.0030177209303507554,0.017301988449333106,0.017441468876180366,3.488293775236073e-05,86.50994224666553,8.650994224666553
30,51,0.8,1.2,0.3981071705534973,0.25118864315095807,0.002,0.00029561296105384827,0.00014127011222930967,0.0014127011222930966,0.008137897433277854,0.0173595346202843,3.47190692405686e-05,40.68948716638928,4.0689487166389275
30,52,0.8,1.2,0.3981071705534973,0.3981071705534973,0.002,0.0006682686507701874,0.00012050635293747224,0.0012050635293747226,0.0069908488878159935,0.017237728188846543,3.447545637769309e-05,34.954244439079964,3.4954244439079964
30,53,0.8,1.2,0.3981071705534973,0.6309573444801934,0.002,0.0019474215805530548,0.0004510449216637496,0.004510449216637496,0.026423321902208193,0.01706995522111305,3.41399104422261e-05,132.116609511041,13.211660951104099
30,54,0.8,1.2,0.3981071705534973,1.0,0.002,0.0035040639340877533,0.0008614287496878249,0.008614287496878249,0.051077088974141927,0.016865267128358237,3.3730534256716474e-05,255.38544487070965,25.538544487070965
31,32,0.8,0.8,0.6309573444801934,1.0,0.002,0.0015178024768829346,0.00038861077308870905,0.0038861077308870906,0.023176567840067393,0.01676739954640234,3.353479909280468e-05,115.88283920033697,11.588283920033698
31,33,0.8,1.0,0.6309573444801934,0.01,0.002,0.0036121681332588196,0.0009696243103886684,0.009696243103886684,0.05558731016593443,0.017443267312165847,3.4886534624331694e-05,277.93655082967217,27.793655082967216
31,34,0.8,1.0,0.6309573444801934,0.015848931924611134,0.002,0.0035702548921108246,0.0009586321998758914,0.009586321998758914,0.05497438216931683,0.01743779851719622,3.4875597034392445e-05,274.8719108465841,27.487191084658413
31,35,0.8,1.0,0.6309573444801934,0.025118864315095794,0.002,0.003503803163766861,0.0009412118556718804,0.009412118556718804,0.05400222284209298,0.01742913173081898,3.485826346163796e-05,270.01111421046494,27.001111421046495
31,36,0.8,1.0,0.6309573444801934,0.039810717055349734,0.002,0.003398474305868149,0.0009136143884998399,0.009136143884998399,0.052460137424665154,0.01741540211959655,3.48308042391931e-05,262.30068712332576,26.230068712332578
31,37,0.8,1.0,0.6309573444801934,0.06309573444801933,0.002,0.0032316483557224274,0.0008699394846770161,0.008699394846770162,0.050014702813285024,0.017393674974430534,3.478734994886107e-05,250.0735140664251,25.007351406642506
31,38,0.8,1.0,0.6309573444801934,0.1,0.002,0.002968069165945053,0.0008010149666787127,0.008010149666787128,0.04614303987501821,0.017359388736596475,3.471877747319295e-05,230.71519937509095,23.07151993750909
31,39,0.8,1.0,0.6309573444801934,0.15848931924611143,0.002,0.0025544390082359314,0.0006930323710035363,0.0069303237100353625,0.040046534636230216,0.017305676441140748,3.46113528822815e-05,200.23267318115106,20.023267318115106
31,40,0.8,1.0,0.6309573444801934,0.25118864315095807,0.002,0.0019165724515914917,0.0005268759509496157,0.0052687595094961575,0.030591367752768467,0.017223026940400024,3.444605388080005e-05,152.95683876384228,15.295683876384228
31,41,0.8,1.0,0.6309573444801934,0.3981071705534973,0.002,0.0009723268449306488,0.00028164190701109005,0.0028164190701109003,0.016469354856939532,0.01710096779488708,3.4201935589774165e-05,82.34677428469764,8.234677428469764
31,42,0.8,1.0,0.6309573444801934,0.6309573444801934,0.002,0.00031465664505958557,5.727260919389543e-05,0.0005727260919389544,0.003381932458671027,0.016934876699578272,3.386975339915654e-05,16.909662293355137,1.6909662293355137
31,43,0.8,1.0,0.6309573444801934,1.0,0.002,0.0018550306558609009,0.00045448120488940575,0.004544812048894058,0.027156165988146307,0.016735838375998555,3.347167675199711e-05,135.78082994073156,13.578082994073155
31,44,0.8,1.2,0.6309573444801934,0.01,0.002,0.0032059550285339355,0.0009047571998264414,0.009047571998264415,0.05196183253031322,0.017411957118691476,3.482391423738295e-05,259.80916265156606,25.980916265156605
31,45,0.8,1.2,0.6309573444801934,0.015848931924611134,0.002,0.0031654387712478638,0.0008939450677252835,0.008939450677252835,0.051356762720291854,0.017406569658489628,3.481313931697926e-05,256.78381360145926,25.678381360145927
31,46,0.8,1.2,0.6309573444801934,0.025118864315095794,0.002,0.003101188689470291,0.0008768084483155525,0.008768084483155525,0.050396993678660004,0.017398030801325882,3.479606160265177e-05,251.98496839329997,25.198496839329998
31,47,0.8,1.2,0.6309573444801934,0.039810717055349734,0.002,0.0029993057250976562,0.0008496559088171872,0.008496559088171872,0.04887433393058133,0.017384501035328605,3.476900207065721e-05,244.37166965290666,24.43716696529067
31,48,0.8,1.2,0.6309573444801934,0.06309573444801933,0.002,0.0028378330171108246,0.0008066710926474099,0.0080667109264741,0.04645898179091808,0.01736308161633237,3.472616323266474e-05,232.29490895459037,23.229490895459033
31,49,0.8,1.2,0.6309573444801934,0.1,0.002,0.002582397311925888,0.0007387928184524041,0.00738792818452404,0.0426326934273981,0.017329255063617804,3.4658510127235605e-05,213.16346713699053,21.316346713699055
31,50,0.8,1.2,0.6309573444801934,0.15848931924611143,0.002,0.00218069925904274,0.0006323137794732055,0.006323137794732055,0.0366003237797596,0.01727617993977644,3.455235987955288e-05,183.00161889879803,18.300161889879803
31,51,0.8,1.2,0.6309573444801934,0.25118864315095807,0.002,0.0015588104724884033,0.00046806827400271096,0.004680682740027109,0.02722237908008524,0.017194245683880373,3.4388491367760747e-05,136.11189540042616,13.611189540042618
31,52,0.8,1.2,0.6309573444801934,0.3981071705534973,0.002,0.0006315968930721283,0.00022502321695475736,0.002250232169547574,0.013180495981121297,0.017072439252442617,3.4144878504885236e-05,65.90247990560648,6.5902479905606475
31,53,0.8,1.2,0.6309573444801934,0.6309573444801934,0.002,0.0006475560367107391,0.0001223386501823966,0.001223386501823966,0.007236975171349954,0.016904666284709123,3.380933256941825e-05,36.18487585674977,3.618487585674977
31,54,0.8,1.2,0.6309573444801934,1.0,0.002,0.0022041983902454376,0.0005287638545883292,0.005287638545883292,0.03166254760997689,0.01669997819195431,3.339995638390862e-05,158.31273804988444,15.831273804988445
32,33,0.8,1.0,1.0,0.01,0.002,0.005129970610141754,0.0013580851367623976,0.013580851367623976,0.07872766100975953,0.017250418967661718,3.4500837935323435e-05,393.63830504879763,39.363830504879765
32,34,0.8,1.0,1.0,0.015848931924611134,0.002,0.005088057368993759,0.0013470916968274947,0.013470916968274948,0.07811513998809089,0.017244950172692092,3.4489900345384186e-05,390.5756999404544,39.05756999404544
32,35,0.8,1.0,1.0,0.025118864315095794,0.002,0.0050216056406497955,0.001329669139329526,0.013296691393295259,0.07714361092399119,0.017236283386314846,3.4472566772629695e-05,385.7180546199559,38.571805461995595
32,36,0.8,1.0,1.0,0.039810717055349734,0.002,0.004916276782751083,0.0013020678966517393,0.013020678966517393,0.0756024869282054,0.01722255377509242,3.4445107550184836e-05,378.0124346410271,37.801243464102704
32,37,0.8,1.0,1.0,0.06309573444801933,0.002,0.004749450832605362,0.001258386272406953,0.01258386272406953,0.07315847659423431,0.017200826629926398,3.44016532598528e-05,365.7923829711716,36.57923829711716
32,38,0.8,1.0,1.0,0.1,0.002,0.004485871642827988,0.0011894489686775373,0.011894489686775374,0.06928879911210588,0.01716654039209234,3.433308078418468e-05,346.4439955605294,34.64439955605294
32,39,0.8,1.0,1.0,0.15848931924611143,0.002,0.004072241485118866,0.0010814392388130444,0.010814392388130445,0.06319465331540333,0.01711282809663662,3.422565619327324e-05,315.9732665770166,31.59732665770166
32,40,0.8,1.0,1.0,0.25118864315095807,0.002,0.0034343749284744263,0.0009152124905532318,0.009152124905532319,0.05374062787420147,0.017030178595895888,3.406035719179178e-05,268.70313937100735,26.870313937100732
32,41,0.8,1.0,1.0,0.3981071705534973,0.002,0.0024901293218135834,0.0006696836736917443,0.006696836736917444,0.03960722395278423,0.016908119450382945,3.381623890076589e-05,198.03611976392116,19.803611976392116
32,42,0.8,1.0,1.0,0.6309573444801934,0.002,0.001203145831823349,0.00033562607780657385,0.003356260778065739,0.020046918490903943,0.016742028355074143,3.348405671014829e-05,100.23459245451969,10.023459245451967
32,43,0.8,1.0,1.0,1.0,0.002,0.0003372281789779663,6.747240844446727e-05,0.0006747240844446726,0.0040786102340637205,0.016542990031494426,3.308598006298885e-05,20.3930511703186,2.0393051170318603
32,44,0.8,1.2,1.0,0.01,0.002,0.00472375750541687,0.001292779316979341,0.012927793169793408,0.07507817819917069,0.017219108774187343,3.4438217548374685e-05,375.39089099585345,37.53908909958535
32,45,0.8,1.2,1.0,0.015848931924611134,0.002,0.004683241248130798,0.0012819609373511743,0.012819609373511743,0.07447320157958115,0.017213721313985495,3.442744262797099e-05,372.3660078979057,37.23660078979057
32,46,0.8,1.2,1.0,0.025118864315095794,0.002,0.004618991166353226,0.001264813972403957,0.012648139724039572,0.07351354602475992,0.017205182456821747,3.4410364913643496e-05,367.5677301237995,36.756773012379945
32,47,0.8,1.2,1.0,0.039810717055349734,0.002,0.004517108201980591,0.0012376438676181514,0.012376438676181515,0.07199097666035953,0.017191652690824476,3.438330538164895e-05,359.95488330179757,35.995488330179754
32,48,0.8,1.2,1.0,0.06309573444801933,0.002,0.004355635493993759,0.001194627969081172,0.01194627969081172,0.06957552353358164,0.017170233271828237,3.434046654365648e-05,347.87761766790817,34.787761766790815
32,49,0.8,1.2,1.0,0.1,0.002,0.004100199788808823,0.0011266908660700758,0.011266908660700759,0.06574837330473622,0.01713640671911367,3.4272813438227346e-05,328.7418665236811,32.87418665236811
32,50,0.8,1.2,1.0,0.15848931924611143,0.002,0.0036985017359256744,0.001020086874905099,0.01020086874905099,0.05971240850861907,0.017083331595272307,3.416666319054461e-05,298.56204254309534,29.85620425430953
32,51,0.8,1.2,1.0,0.25118864315095807,0.002,0.003076612949371338,0.0008555098083240987,0.008555098083240988,0.05031997024989749,0.01700139733937624,3.400279467875248e-05,251.59985124948744,25.159985124948744
32,52,0.8,1.2,1.0,0.3981071705534973,0.002,0.002149399369955063,0.0006108837552677368,0.006108837552677367,0.03619067302042478,0.01687959090793848,3.375918181587696e-05,180.95336510212394,18.095336510212395
32,53,0.8,1.2,1.0,0.6309573444801934,0.002,0.0008702464401721954,0.0002745566868408317,0.0027455668684083167,0.016428894081014854,0.016711817940204994,3.342363588040999e-05,82.14447040507427,8.214447040507427
32,54,0.8,1.2,1.0,1.0,0.002,0.000686395913362503,0.00014217615416730903,0.0014217615416730904,0.008613014829423582,0.016507129847450182,3.301425969490036e-05,43.06507414711791,4.306507414711791
33,34,1.0,1.0,0.01,0.015848931924611134,0.002,4.1913241147994995e-05,1.0993809793988684e-05,0.00010993809793988685,0.0006134658491450597,0.0179208179384556,3.58416358769112e-05,3.0673292457252987,0.3067329245725299
33,35,1.0,1.0,0.01,0.025118864315095794,0.002,0.00010836496949195862,2.8416995832479284e-05,0.0002841699583247928,0.0015864647183474686,0.017912151152078358,3.582430230415672e-05,7.932323591737344,0.7932323591737345
33,36,1.0,1.0,0.01,0.039810717055349734,0.002,0.00021369382739067078,5.6019335410291054e-05,0.0005601933541029106,0.0031298478071051248,0.017898421540855927,3.579684308171185e-05,15.649239035525627,1.5649239035525626
33,37,1.0,1.0,0.01,0.06309573444801933,0.002,0.0003805197775363922,9.970296850206263e-05,0.0009970296850206263,0.0055772597715884826,0.01787669439568991,3.575338879137982e-05,27.886298857942418,2.7886298857942418
33,38,1.0,1.0,0.01,0.1,0.002,0.0006440989673137665,0.00016864419205167675,0.0016864419205167675,0.009451873903995647,0.01784240815785585,3.56848163157117e-05,47.259369519978236,4.725936951997823
33,39,1.0,1.0,0.01,0.15848931924611143,0.002,0.0010577291250228882,0.0002766622227164579,0.002766622227164579,0.015552698458420293,0.017788695862400127,3.5577391724800257e-05,77.76349229210146,7.776349229210147
33,40,1.0,1.0,0.01,0.25118864315095807,0.002,0.0016955956816673279,0.00044290849615164895,0.0044290849615164895,0.025014533854984203,0.0177060463616594,3.54120927233188e-05,125.07266927492101,12.5072669274921
33,41,1.0,1.0,0.01,0.3981071705534973,0.002,0.0026398412883281708,0.0006884908561245805,0.0068849085612458045,0.039154422012566935,0.017583987216146457,3.5167974432292916e-05,195.77211006283468,19.577211006283466
33,42,1.0,1.0,0.01,0.6309573444801934,0.002,0.003926824778318405,0.0010227603835469348,0.010227603835469348,0.05871893921352362,0.01741789612083765,3.4835792241675306e-05,293.59469606761803,29.359469606761806
33,43,1.0,1.0,0.01,1.0,0.002,0.0054671987891197205,0.0014233979113802107,0.014233979113802107,0.08266505990930964,0.017218857797257934,3.443771559451587e-05,413.32529954654825,41.332529954654824
33,44,1.0,1.2,0.01,0.01,0.002,0.00040621310472488403,7.182826884238663e-05,0.0007182826884238663,0.0040138789051792695,0.017894976539950855,3.578995307990171e-05,20.069394525896342,2.0069394525896342
33,45,1.0,1.2,0.01,0.015848931924611134,0.002,0.0004467293620109558,8.181980759231786e-05,0.0008181980759231786,0.00457359904845091,0.017889589079749003,3.577917815949801e-05,22.867995242254555,2.2867995242254557
33,46,1.0,1.2,0.01,0.025118864315095794,0.002,0.0005109794437885284,9.801898726889139e-05,0.000980189872688914,0.005481724286255023,0.01788105022258526,3.576210044517052e-05,27.408621431275115,2.740862143127511
33,47,1.0,1.2,0.01,0.039810717055349734,0.002,0.0006128624081611633,0.00012421422726505,0.0012421422726505002,0.0069519566280530345,0.017867520456587984,3.5735040913175967e-05,34.75978314026517,3.475978314026517
33,48,1.0,1.2,0.01,0.06309573444801933,0.002,0.000774335116147995,0.00016633700094515776,0.0016633700094515777,0.009320635392278615,0.017846101037591745,3.5692202075183494e-05,46.60317696139308,4.660317696139308
33,49,1.0,1.2,0.01,0.1,0.002,0.0010297708213329315,0.00023354569404249783,0.002335456940424978,0.013111503207565135,0.017812274484877183,3.562454896975437e-05,65.55751603782566,6.555751603782568
33,50,1.0,1.2,0.01,0.15848931924611143,0.002,0.0014314688742160797,0.00033962610310192884,0.0033962610310192885,0.01912395351825815,0.017759199361035816,3.551839872207163e-05,95.61976759129078,9.561976759129077
33,51,1.0,1.2,0.01,0.25118864315095807,0.002,0.0020533576607704163,0.000503901125258694,0.0050390112525869404,0.02850560436026851,0.01767726510513975,3.53545302102795e-05,142.52802180134256,14.252802180134255
33,52,1.0,1.2,0.01,0.3981071705534973,0.002,0.0029805712401866913,0.0007485084856953681,0.007485084856953681,0.042636794606604654,0.017555458673701993,3.5110917347403986e-05,213.18397303302328,21.31839730330233
33,53,1.0,1.2,0.01,0.6309573444801934,0.002,0.004259724169969559,0.001085687874656331,0.01085687874656331,0.06244004481192442,0.017387685705968502,3.4775371411937004e-05,312.2002240596221,31.22002240596221
33,54,1.0,1.2,0.01,1.0,0.002,0.005816366523504257,0.0014971357638496952,0.014971357638496953,0.08712890483662762,0.01718299761321369,3.436599522642738e-05,435.6445241831382,43.56445241831381
34,35,1.0,1.0,0.015848931924611134,0.025118864315095794,0.002,6.645172834396362e-05,1.742318623074896e-05,0.00017423186230748958,0.0009729991230805615,0.01790668235710873,3.581336471421746e-05,4.864995615402807,0.48649956154028084
34,36,1.0,1.0,0.015848931924611134,0.039810717055349734,0.002,0.00017178058624267578,4.502552638279515e-05,0.0004502552638279515,0.002516383238822714,0.0178929527458863,3.5785905491772604e-05,12.581916194113571,1.2581916194113572
34,37,1.0,1.0,0.015848931924611134,0.06309573444801933,0.002,0.0003386065363883972,8.870916109347643e-05,0.0008870916109347643,0.004963798402830361,0.017871225600720284,3.574245120144057e-05,24.81899201415181,2.4818992014151813
34,38,1.0,1.0,0.015848931924611134,0.1,0.002,0.0006021857261657715,0.00015765038869858472,0.0015765038869858471,0.008838421519031001,0.017836939362886224,3.5673878725772446e-05,44.19210759515501,4.419210759515501
34,39,1.0,1.0,0.015848931924611134,0.15848931924611143,0.002,0.0010158158838748932,0.0002656684284987721,0.0026566842849877212,0.014939269880062243,0.0177832270674305,3.5566454134861e-05,74.69634940031122,7.4696349400311215
34,40,1.0,1.0,0.015848931924611134,0.25118864315095807,0.002,0.0016536824405193329,0.0004319147200322897,0.004319147200322897,0.024401165352089867,0.017700577566689774,3.540115513337955e-05,122.00582676044934,12.200582676044935
34,41,1.0,1.0,0.015848931924611134,0.3981071705534973,0.002,0.0025979280471801758,0.0006774971093433084,0.0067749710934330845,0.0385411951741694,0.01757851842117683,3.515703684235366e-05,192.70597587084703,19.2705975870847
34,42,1.0,1.0,0.015848931924611134,0.6309573444801934,0.002,0.00388491153717041,0.0010117666692630567,0.010117666692630568,0.058106009594651356,0.017412427325868025,3.482485465173605e-05,290.5300479732567,29.053004797325674
34,43,1.0,1.0,0.015848931924611134,1.0,0.002,0.0054252855479717255,0.0014124042040813969,0.014124042040813968,0.08205265121781859,0.017213389002288308,3.4426778004576614e-05,410.263256089093,41.026325608909296
34,44,1.0,1.2,0.015848931924611134,0.01,0.002,0.00036429986357688904,6.19024003628702e-05,0.000619024003628702,0.003460262923122436,0.01788950774498123,3.577901548996246e-05,17.301314615612178,1.7301314615612176
34,45,1.0,1.2,0.015848931924611134,0.015848931924611134,0.002,0.0004048161208629608,7.161836189930587e-05,0.0007161836189930586,0.00400457840580831,0.017884120284779377,3.5768240569558754e-05,20.022892029041554,2.0022892029041555
34,46,1.0,1.2,0.015848931924611134,0.025118864315095794,0.002,0.00046906620264053345,8.755204833800052e-05,0.0008755204833800053,0.0048978573755784575,0.017875581427615632,3.5751162855231264e-05,24.48928687789229,2.4489286877892287
34,47,1.0,1.2,0.015848931924611134,0.039810717055349734,0.002,0.0005709491670131683,0.00011353113722247279,0.001135311372224728,0.0063559964652003765,0.017862051661618358,3.572410332323672e-05,31.779982326001882,3.1779982326001877
34,48,1.0,1.2,0.015848931924611134,0.06309573444801933,0.002,0.000732421875,0.00015550612694399657,0.0015550612694399657,0.008716402245683031,0.01784063224262212,3.568126448524424e-05,43.58201122841517,4.358201122841517
34,49,1.0,1.2,0.015848931924611134,0.1,0.002,0.0009878575801849365,0.0002226288998813218,0.002226288998813218,0.012502461348668628,0.017806805689907557,3.5613611379815114e-05,62.51230674334314,6.251230674334313
34,50,1.0,1.2,0.015848931924611134,0.15848931924611143,0.002,0.0013895556330680847,0.0003286657909129559,0.003286657909129559,0.018512491765598563,0.01775373056606619,3.550746113213238e-05,92.56245882799283,9.256245882799282
34,51,1.0,1.2,0.015848931924611134,0.25118864315095807,0.002,0.0020114444196224213,0.0004929210920853409,0.004929210920853408,0.027893094931252947,0.017671796310170122,3.534359262034024e-05,139.46547465626475,13.946547465626477
34,52,1.0,1.2,0.015848931924611134,0.3981071705534973,0.002,0.0029386579990386963,0.0007375202369459682,0.0073752023694596824,0.04202396936078684,0.017549989878732367,3.509997975746473e-05,210.11984680393425,21.011984680393425
34,53,1.0,1.2,0.015848931924611134,0.6309573444801934,0.002,0.004217810928821564,0.0010746963455179233,0.010746963455179233,0.06182734636327613,0.017382216910998876,3.4764433821997756e-05,309.13673181638063,30.913673181638064
34,54,1.0,1.2,0.015848931924611134,1.0,0.002,0.005774453282356262,0.0014861428577198517,0.014861428577198518,0.08651668545835509,0.017177528818244064,3.435505763648813e-05,432.5834272917754,43.25834272917754
35,36,1.0,1.0,0.025118864315095794,0.039810717055349734,0.002,0.00010532885789871216,2.7602340638412792e-05,0.0002760234063841279,0.0015433851091905993,0.01788428595950906,3.576857191901812e-05,7.716925545952996,0.7716925545952996
35,37,1.0,1.0,0.025118864315095794,0.06309573444801933,0.002,0.0002721548080444336,7.128597723431744e-05,0.0007128597723431745,0.003990804339693884,0.017862558814343038,3.5725117628686076e-05,19.954021698469425,1.9954021698469422
35,38,1.0,1.0,0.025118864315095794,0.1,0.002,0.0005357339978218079,0.00014022721021199208,0.0014022721021199208,0.007865440109815198,0.01782827257650898,3.5656545153017955e-05,39.327200549076,3.9327200549076
35,39,1.0,1.0,0.025118864315095794,0.15848931924611143,0.002,0.0009493641555309296,0.0002482452629007078,0.0024824526290070778,0.013966323721961443,0.01777456028105326,3.554912056210652e-05,69.83161860980722,6.983161860980722
35,40,1.0,1.0,0.025118864315095794,0.25118864315095807,0.002,0.0015872307121753693,0.0004144915808406873,0.0041449158084068734,0.023428310598419447,0.017691910780312528,3.5383821560625055e-05,117.14155299209726,11.714155299209725
35,41,1.0,1.0,0.025118864315095794,0.3981071705534973,0.002,0.002531476318836212,0.0006600740137105953,0.006600740137105953,0.03756855933849919,0.017569851634799585,3.513970326959917e-05,187.842796692496,18.7842796692496
35,42,1.0,1.0,0.025118864315095794,0.6309573444801934,0.002,0.0038184598088264465,0.000994343622100974,0.00994343622100974,0.05713383724423892,0.017403760539490783,3.4807521078981566e-05,285.66918622119454,28.566918622119456
35,43,1.0,1.0,0.025118864315095794,1.0,0.002,0.005358833819627762,0.0013949811664465646,0.013949811664465645,0.08108129552690335,0.017204722215911065,3.440944443182213e-05,405.40647763451676,40.54064776345168
35,44,1.0,1.2,0.025118864315095794,0.01,0.002,0.0002978481352329254,4.715003106742627e-05,0.0004715003106742627,0.002636902323362952,0.017880840958603983,3.576168191720797e-05,13.184511616814758,1.3184511616814756
35,45,1.0,1.2,0.025118864315095794,0.015848931924611134,0.002,0.0003383643925189972,5.606588829449828e-05,0.0005606588829449828,0.0031364736172713008,0.017875453498402135,3.575090699680427e-05,15.682368086356504,1.5682368086356506
35,46,1.0,1.2,0.025118864315095794,0.025118864315095794,0.002,0.0004026144742965698,7.128793890341843e-05,0.0007128793890341842,0.003989941203327836,0.017866914641238386,3.573382928247677e-05,19.94970601663918,1.9949706016639184
35,47,1.0,1.2,0.025118864315095794,0.039810717055349734,0.002,0.0005044974386692047,9.674197993810313e-05,0.0009674197993810313,0.005418691223772579,0.017853384875241116,3.5706769750482233e-05,27.093456118862893,2.709345611886289
35,48,1.0,1.2,0.025118864315095794,0.06309573444801933,0.002,0.0006659701466560364,0.00013839303862899166,0.0013839303862899167,0.007760952597658015,0.017831965456244877,3.5663930912489754e-05,38.80476298829008,3.880476298829007
35,49,1.0,1.2,0.025118864315095794,0.1,0.002,0.0009214058518409729,0.00020534409870350112,0.002053440987035011,0.011537391623725923,0.01779813890353031,3.559627780706062e-05,57.68695811862962,5.768695811862962
35,50,1.0,1.2,0.025118864315095794,0.15848931924611143,0.002,0.001323103904724121,0.0003113002102569801,0.003113002102569801,0.01754291864610232,0.017745063779688947,3.54901275593779e-05,87.71459323051158,8.771459323051157
35,51,1.0,1.2,0.025118864315095794,0.25118864315095807,0.002,0.0019449926912784576,0.00047552084236659277,0.004755208423665927,0.02692166423430507,0.01766312952379288,3.5326259047585764e-05,134.60832117152535,13.460832117152535
35,52,1.0,1.2,0.025118864315095794,0.3981071705534973,0.002,0.0028722062706947327,0.0007201060859451873,0.007201060859451873,0.04105198234784379,0.01754132309235512,3.508264618471024e-05,205.25991173921904,20.525991173921902
35,53,1.0,1.2,0.025118864315095794,0.6309573444801934,0.002,0.0041513592004776,0.0010572767909185511,0.01057276790918551,0.06085554094210072,0.017373550124621634,3.474710024924327e-05,304.2777047105036,30.427770471050362
35,54,1.0,1.2,0.025118864315095794,1.0,0.002,0.005708001554012299,0.0014687210810378816,0.014687210810378815,0.08554562779477255,0.01716886203186682,3.4337724063733646e-05,427.7281389738627,42.77281389738627
36,37,1.0,1.0,0.039810717055349734,0.06309573444801933,0.002,0.00016682595014572144,4.3683638392497755e-05,0.00043683638392497755,0.0024474231836371816,0.017848829203120614,3.569765840624123e-05,12.237115918185907,1.2237115918185908
36,38,1.0,1.0,0.039810717055349734,0.1,0.002,0.0004304051399230957,0.00011262487800285435,0.0011262487800285435,0.006322075072165218,0.017814542965286555,3.562908593057311e-05,31.610375360826083,3.1610375360826084
36,39,1.0,1.0,0.039810717055349734,0.15848931924611143,0.002,0.0008440352976322174,0.00022064294821787662,0.0022064294821787663,0.01242300837835634,0.017760830669830828,3.552166133966166e-05,62.1150418917817,6.21150418917817
36,40,1.0,1.0,0.039810717055349734,0.25118864315095807,0.002,0.001481901854276657,0.00038688930373806255,0.0038688930373806255,0.021885130604642162,0.017678181169090104,3.535636233818021e-05,109.4256530232108,10.942565302321078
36,41,1.0,1.0,0.039810717055349734,0.3981071705534973,0.002,0.0024261474609375,0.0006324717999601573,0.006324717999601572,0.03602571223364552,0.01755612202357716,3.5112244047154324e-05,180.12856116822758,18.01285611682276
36,42,1.0,1.0,0.039810717055349734,0.6309573444801934,0.002,0.0037131309509277344,0.0009667414790946589,0.00966741479094659,0.05559170556293682,0.017390030928268352,3.478006185653671e-05,277.95852781468403,27.7958527814684
36,43,1.0,1.0,0.039810717055349734,1.0,0.002,0.00525350496172905,0.0013673790352583732,0.013673790352583731,0.07954043531409796,0.017190992604688635,3.438198520937727e-05,397.7021765704899,39.770217657048995
36,44,1.0,1.2,0.039810717055349734,0.01,0.002,0.00019251927733421326,3.0278600327282372e-05,0.00030278600327282373,0.0016946556014898143,0.017867111347381556,3.573422269476311e-05,8.473278007449071,0.8473278007449071
36,45,1.0,1.2,0.039810717055349734,0.015848931924611134,0.002,0.00023303553462028503,3.521023999973353e-05,0.0003521023999973353,0.001971267735529478,0.017861723887179708,3.572344777435942e-05,9.85633867764739,0.985633867764739
36,46,1.0,1.2,0.039810717055349734,0.025118864315095794,0.002,0.00029728561639785767,4.724022009148064e-05,0.0004724022009148064,0.0026460387887123358,0.017853185030015963,3.570637006003193e-05,13.230193943561677,1.3230193943561677
36,47,1.0,1.2,0.039810717055349734,0.039810717055349734,0.002,0.00039916858077049255,7.077109883675801e-05,0.0007077109883675801,0.003967066503773662,0.017839655264018685,3.567931052803737e-05,19.835332518868313,1.9835332518868312
36,48,1.0,1.2,0.039810717055349734,0.06309573444801933,0.002,0.0005606412887573242,0.00011147680562186539,0.0011147680562186538,0.006256332365979238,0.01781823584502245,3.56364716900449e-05,31.28166182989619,3.1281661829896192
36,49,1.0,1.2,0.039810717055349734,0.1,0.002,0.0008160769939422607,0.00017801501773166622,0.001780150177316662,0.010009610935386045,0.017784409292307884,3.556881858461577e-05,50.04805467693023,5.004805467693023
36,50,1.0,1.2,0.039810717055349734,0.15848931924611143,0.002,0.001217775046825409,0.00028380285042200185,0.002838028504220019,0.01600572453970881,0.01773133416846652,3.546266833693304e-05,80.02862269854405,8.002862269854404
36,51,1.0,1.2,0.039810717055349734,0.25118864315095807,0.002,0.0018396638333797455,0.00044795804407040887,0.004479580440704088,0.025380922087405316,0.017649399912570453,3.5298799825140905e-05,126.90461043702658,12.690461043702658
36,52,1.0,1.2,0.039810717055349734,0.3981071705534973,0.002,0.0027668774127960205,0.0006925187181939155,0.006925187181939155,0.039510199671128066,0.017527593481132697,3.5055186962265394e-05,197.55099835564033,19.75509983556403
36,53,1.0,1.2,0.039810717055349734,0.6309573444801934,0.002,0.004046030342578888,0.0010296802858073136,0.010296802858073138,0.05931399377156886,0.017359820513399203,3.4719641026798406e-05,296.56996885784434,29.65699688578443
36,54,1.0,1.2,0.039810717055349734,1.0,0.002,0.005602672696113586,0.00144112093852161,0.0144112093852161,0.08400523547036996,0.01715513242064439,3.431026484128878e-05,420.02617735184987,42.002617735184984
37,38,1.0,1.0,0.06309573444801933,0.1,0.002,0.00026357918977737427,6.894124566300101e-05,0.0006894124566300101,0.0038746675264878894,0.017792815820120534,3.5585631640241066e-05,19.373337632439444,1.9373337632439447
37,39,1.0,1.0,0.06309573444801933,0.15848931924611143,0.002,0.000677209347486496,0.00017695933675782583,0.0017695933675782583,0.009975664018859687,0.01773910352466481,3.547820704932962e-05,49.878320094298445,4.9878320094298445
37,40,1.0,1.0,0.06309573444801933,0.25118864315095807,0.002,0.0013150759041309357,0.00034320574167131726,0.0034320574167131727,0.019437976685821597,0.017656454023924083,3.531290804784817e-05,97.189883429108,9.718988342910798
37,41,1.0,1.0,0.06309573444801933,0.3981071705534973,0.002,0.0022593215107917786,0.0005887883247738533,0.005887883247738534,0.033579050138695506,0.01753439487841114,3.506878975682228e-05,167.89525069347752,16.789525069347754
37,42,1.0,1.0,0.06309573444801933,0.6309573444801934,0.002,0.003546305000782013,0.0009230581016768134,0.009230581016768134,0.05314612832686971,0.017368303783102335,3.473660756620467e-05,265.73064163434856,26.573064163434857
37,43,1.0,1.0,0.06309573444801933,1.0,0.002,0.005086679011583328,0.0013236956693234352,0.013236956693234351,0.07709681421398674,0.017169265459522617,3.4338530919045234e-05,385.48407106993375,38.54840710699338
37,44,1.0,1.2,0.06309573444801933,0.01,0.002,7.649511098861694e-05,4.4297778702892755e-05,0.0004429777870289276,0.00248231017057022,0.017845384202215535,3.569076840443107e-05,12.4115508528511,1.2411550852851099
37,45,1.0,1.2,0.06309573444801933,0.015848931924611134,0.002,6.62095844745636e-05,3.660586502645958e-05,0.0003660586502645958,0.0020518986385379624,0.01783999674201369,3.567999348402738e-05,10.259493192689813,1.0259493192689813
37,46,1.0,1.2,0.06309573444801933,0.025118864315095794,0.002,0.00013045966625213623,2.8872259962698253e-05,0.0002887225996269825,0.001619175512689226,0.017831457884849942,3.5662915769699884e-05,8.09587756344613,0.8095877563446132
37,47,1.0,1.2,0.06309573444801933,0.039810717055349734,0.002,0.00023234263062477112,3.5162683052635144e-05,0.0003516268305263514,0.0019734439839517847,0.017817928118852668,3.563585623770534e-05,9.867219919758924,0.9867219919758925
37,48,1.0,1.2,0.06309573444801933,0.06309573444801933,0.002,0.0003938153386116028,6.997232591604514e-05,0.0006997232591604513,0.003931800731039431,0.017796508699856432,3.5593017399712865e-05,19.65900365519716,1.9659003655197163
37,49,1.0,1.2,0.06309573444801933,0.1,0.002,0.0006492510437965393,0.00013498738989423939,0.0013498738989423937,0.007599493633677374,0.017762682147141863,3.552536429428373e-05,37.99746816838688,3.799746816838688
37,50,1.0,1.2,0.06309573444801933,0.15848931924611143,0.002,0.0010509490966796875,0.00024033244239529694,0.002403324423952969,0.013570738304869887,0.017709607023300503,3.541921404660101e-05,67.85369152434943,6.785369152434944
37,51,1.0,1.2,0.06309573444801933,0.25118864315095807,0.002,0.001672837883234024,0.00040434682009782643,0.004043468200978264,0.02293818505897781,0.017627672767404436,3.525534553480887e-05,114.69092529488904,11.469092529488906
37,52,1.0,1.2,0.06309573444801933,0.3981071705534973,0.002,0.002600051462650299,0.0006488606811659754,0.006488606811659754,0.037065328199887976,0.017505866335966676,3.501173267193335e-05,185.32664099943995,18.532664099943993
37,53,1.0,1.2,0.06309573444801933,0.6309573444801934,0.002,0.0038792043924331665,0.000986006127517158,0.00986006127517158,0.0568693515818594,0.017338093368233186,3.4676186736466376e-05,284.34675790929697,28.434675790929703
37,54,1.0,1.2,0.06309573444801933,1.0,0.002,0.005435846745967865,0.0013974407012328964,0.013974407012328964,0.08156234436553822,0.017133405275478374,3.426681055095675e-05,407.8117218276911,40.78117218276911
38,39,1.0,1.0,0.1,0.15848931924611143,0.002,0.0004136301577091217,0.00010801810927405678,0.0010801810927405678,0.006101057555358289,0.01770481728683075,3.54096345736615e-05,30.50528777679144,3.050528777679144
38,40,1.0,1.0,0.1,0.25118864315095807,0.002,0.0010514967143535614,0.00027426457028595824,0.0027426457028595828,0.01556361133404074,0.017622167786090024,3.5244335572180046e-05,77.81805667020369,7.781805667020368
38,41,1.0,1.0,0.1,0.3981071705534973,0.002,0.0019957423210144043,0.0005198472613702405,0.005198472613702404,0.029705373380647652,0.01750010864057708,3.5000217281154166e-05,148.52686690323824,14.852686690323827
38,42,1.0,1.0,0.1,0.6309573444801934,0.002,0.0032827258110046387,0.0008541171618004247,0.008541171618004247,0.049274045071771376,0.017334017545268275,3.466803509053655e-05,246.37022535885686,24.637022535885684
38,43,1.0,1.0,0.1,1.0,0.002,0.004823099821805954,0.0012547547332840314,0.012547547332840314,0.07322767755071619,0.017134979221688558,3.426995844337711e-05,366.1383877535809,36.61383877535809
38,44,1.0,1.2,0.1,0.01,0.002,0.0002452433109283447,0.00010664992081081761,0.0010664992081081761,0.005987835282479243,0.017811097964381475,3.562219592876295e-05,29.93917641239621,2.993917641239621
38,45,1.0,1.2,0.1,0.015848931924611134,0.002,0.00021222233772277832,9.622937994117894e-05,0.0009622937994117894,0.005404411125216851,0.01780571050417963,3.561142100835926e-05,27.022055626084256,2.702205562608426
38,46,1.0,1.2,0.1,0.025118864315095794,0.002,0.00016447901725769043,7.993239689279087e-05,0.0007993239689279087,0.004491297745402902,0.017797171647015882,3.559434329403176e-05,22.456488727014506,2.2456488727014507
38,47,1.0,1.2,0.1,0.039810717055349734,0.002,0.00010171905159950256,5.5183610673152125e-05,0.0005518361067315212,0.0031030545398044937,0.017783641881018608,3.556728376203722e-05,15.515272699022468,1.551527269902247
38,48,1.0,1.2,0.1,0.06309573444801933,0.002,0.00013023614883422852,2.780011861613908e-05,0.00027800118616139077,0.0015651261364155785,0.017762222462022373,3.5524444924044744e-05,7.825630682077891,0.7825630682077892
38,49,1.0,1.2,0.1,0.1,0.002,0.00038567185401916504,6.87674572935696e-05,0.000687674572935696,0.0038789441326423195,0.017728395909307804,3.5456791818615606e-05,19.394720663211597,1.9394720663211598
38,50,1.0,1.2,0.1,0.15848931924611143,0.002,0.0007873699069023132,0.0001719409959678085,0.0017194099596780851,0.009727744014082463,0.017675320785466443,3.535064157093289e-05,48.63872007041231,4.8638720070412305
38,51,1.0,1.2,0.1,0.25118864315095807,0.002,0.0014092586934566498,0.00033555491253789915,0.0033555491253789912,0.01907278692330835,0.017593386529570376,3.5186773059140755e-05,95.36393461654174,9.536393461654175
38,52,1.0,1.2,0.1,0.3981071705534973,0.002,0.002336472272872925,0.0005799659147795065,0.005799659147795065,0.03319481761363381,0.017471580098132617,3.494316019626524e-05,165.974088068169,16.5974088068169
38,53,1.0,1.2,0.1,0.6309573444801934,0.002,0.0036156252026557922,0.0009170806612257111,0.009170806612257111,0.05299877965090091,0.017303807130399126,3.4607614260798255e-05,264.9938982545045,26.49938982545045
38,54,1.0,1.2,0.1,1.0,0.002,0.005172267556190491,0.0013285046875878693,0.013285046875878694,0.07769433528494185,0.017099119037644314,3.419823807528863e-05,388.4716764247092,38.847167642470914
39,40,1.0,1.0,0.15848931924611143,0.25118864315095807,0.002,0.0006378665566444397,0.00016624650626406175,0.0016624650626406176,0.009462784383788739,0.0175684554906343,3.51369109812686e-05,47.31392191894369,4.731392191894368
39,41,1.0,1.0,0.15848931924611143,0.3981071705534973,0.002,0.0015821121633052826,0.0004118293091371182,0.004118293091371182,0.023605408302688282,0.017446396345121358,3.4892792690242714e-05,118.0270415134414,11.802704151344141
39,42,1.0,1.0,0.15848931924611143,0.6309573444801934,0.002,0.002869095653295517,0.0007460993428425891,0.007460993428425891,0.0431762825978252,0.017280305249812552,3.4560610499625104e-05,215.88141298912598,21.5881412989126
39,43,1.0,1.0,0.15848931924611143,1.0,0.002,0.004409469664096832,0.0011467368973790998,0.011467368973791,0.06713418286426868,0.017081266926232835,3.416253385246567e-05,335.6709143213435,33.56709143213435
39,44,1.0,1.2,0.15848931924611143,0.01,0.002,0.0006515160202980042,0.00021267373428383008,0.002126737342838301,0.011976635426463425,0.017757385668925756,3.5514771337851513e-05,59.88317713231711,5.9883177132317105
39,45,1.0,1.2,0.15848931924611143,0.015848931924611134,0.002,0.0006109997630119324,0.0002019372401292177,0.002019372401292177,0.011375465328178054,0.017751998208723904,3.550399641744781e-05,56.87732664089028,5.687732664089028
39,46,1.0,1.2,0.15848931924611143,0.025118864315095794,0.002,0.0005467496812343597,0.00018494058781960584,0.0018494058781960583,0.010423028799248453,0.01774345935156016,3.548691870312032e-05,52.11514399624227,5.211514399624227
39,47,1.0,1.2,0.15848931924611143,0.039810717055349734,0.002,0.00044486671686172485,0.00015807799440654106,0.0015807799440654107,0.008915883937591084,0.017729929585562885,3.545985917112577e-05,44.579419687955415,4.4579419687955415
39,48,1.0,1.2,0.15848931924611143,0.06309573444801933,0.002,0.0002833940088748932,0.00011585285145250006,0.0011585285145250005,0.0065422133405230315,0.017708510166566646,3.541702033313329e-05,32.71106670261516,3.271106670261516
39,49,1.0,1.2,0.15848931924611143,0.1,0.002,9.516626596450806e-05,5.194346548968306e-05,0.0005194346548968306,0.002938862534940863,0.017674683613852084,3.534936722770417e-05,14.694312674704312,1.4694312674704313
39,50,1.0,1.2,0.15848931924611143,0.15848931924611143,0.002,0.00037373974919319153,6.704982877549334e-05,0.0006704982877549334,0.0038049777813133428,0.017621608490010716,3.5243216980021435e-05,19.024888906566712,1.9024888906566713
39,51,1.0,1.2,0.15848931924611143,0.25118864315095807,0.002,0.000995628535747528,0.00022794199262618855,0.0022794199262618853,0.012995793968786579,0.01753967423411465,3.50793484682293e-05,64.97896984393289,6.497896984393289
39,52,1.0,1.2,0.15848931924611143,0.3981071705534973,0.002,0.001922842115163803,0.00047204331750649197,0.00472043317506492,0.027101096578189966,0.017417867802676894,3.483573560535379e-05,135.50548289094982,13.550548289094982
39,53,1.0,1.2,0.15848931924611143,0.6309573444801934,0.002,0.0032019950449466705,0.0008090902729319099,0.008090902729319099,0.046903526077603994,0.017250094834943403,3.450018966988681e-05,234.51763038801994,23.451763038801996
39,54,1.0,1.2,0.15848931924611143,1.0,0.002,0.004758637398481369,0.0012204946610549715,0.012204946610549714,0.07160255425493371,0.01704540674218859,3.4090813484377185e-05,358.0127712746685,35.801277127466854
40,41,1.0,1.0,0.25118864315095807,0.3981071705534973,0.002,0.0009442456066608429,0.0002455828792333597,0.0024558287923335973,0.014143426613757436,0.01736374684438063,3.472749368876126e-05,70.71713306878719,7.071713306878719
40,42,1.0,1.0,0.25118864315095807,0.6309573444801934,0.002,0.0022312290966510773,0.0005798530187720738,0.005798530187720738,0.0337169802229219,0.017197655749071825,3.439531149814365e-05,168.5849011146095,16.85849011146095
40,43,1.0,1.0,0.25118864315095807,1.0,0.002,0.0037716031074523926,0.000980490527537198,0.00980490527537198,0.05768060442767527,0.016998617425492107,3.3997234850984214e-05,288.40302213837634,28.840302213837635
40,44,1.0,1.2,0.25118864315095807,0.01,0.002,0.0012893825769424438,0.00037804890209147316,0.0037804890209147315,0.02138922462514438,0.017674736168185025,3.534947233637005e-05,106.9461231257219,10.69461231257219
40,45,1.0,1.2,0.25118864315095807,0.015848931924611134,0.002,0.001248866319656372,0.00036724954937218446,0.0036724954937218442,0.020784554962473382,0.01766934870798318,3.533869741596636e-05,103.92277481236691,10.392277481236691
40,46,1.0,1.2,0.25118864315095807,0.025118864315095794,0.002,0.0011846162378787994,0.0003501355523994783,0.003501355523994783,0.019825566061639727,0.017660809850819432,3.5321619701638864e-05,99.12783030819864,9.912783030819865
40,47,1.0,1.2,0.25118864315095807,0.039810717055349734,0.002,0.0010827332735061646,0.0003230259456682088,0.0032302594566820876,0.018304574082554096,0.017647280084822158,3.529456016964432e-05,91.52287041277049,9.152287041277049
40,48,1.0,1.2,0.25118864315095807,0.06309573444801933,0.002,0.0009212605655193329,0.000280133162973148,0.0028013316297314803,0.015893304065218616,0.017625860665825922,3.5251721331651845e-05,79.46652032609308,7.9466520326093075
40,49,1.0,1.2,0.25118864315095807,0.1,0.002,0.0006658248603343964,0.00021250395456115677,0.0021250395456115677,0.012079555621301202,0.017592034113111353,3.518406822622271e-05,60.39777810650601,6.039777810650602
40,50,1.0,1.2,0.25118864315095807,0.15848931924611143,0.002,0.00026412680745124817,0.00010723950345276062,0.0010723950345276061,0.006114359667433383,0.017538958989269993,3.507791797853999e-05,30.57179833716691,3.0571798337166913
40,51,1.0,1.2,0.25118864315095807,0.25118864315095807,0.002,0.0003577619791030884,6.493116785217006e-05,0.0006493116785217007,0.0037194865015019547,0.017457024733373926,3.4914049466747855e-05,18.59743250750977,1.8597432507509768
40,52,1.0,1.2,0.25118864315095807,0.3981071705534973,0.002,0.0012849755585193634,0.0003060620265092627,0.0030606202650926267,0.01765550460215887,0.017335218301936167,3.467043660387233e-05,88.27752301079435,8.827752301079435
40,53,1.0,1.2,0.25118864315095807,0.6309573444801934,0.002,0.002564128488302231,0.0006428990013300959,0.006428990013300959,0.03744872861480731,0.017167445334202676,3.4334890668405355e-05,187.2436430740365,18.72436430740365
40,54,1.0,1.2,0.25118864315095807,1.0,0.002,0.004120770841836929,0.0010542611406454939,0.010542611406454938,0.06215151968746249,0.016962757241447864,3.392551448289573e-05,310.7575984373124,31.075759843731245
41,42,1.0,1.0,0.3981071705534973,0.6309573444801934,0.002,0.0012869834899902344,0.00033427018065314425,0.0033427018065314423,0.019575900533014227,0.017075596603558882,3.4151193207117764e-05,97.87950266507113,9.787950266507114
41,43,1.0,1.0,0.3981071705534973,1.0,0.002,0.0028273575007915497,0.0007349076579694573,0.007349076579694572,0.043546062282218155,0.016876558279979165,3.375311655995833e-05,217.73031141109078,21.77303114110908
41,44,1.0,1.2,0.3981071705534973,0.01,0.002,0.0022336281836032867,0.0006231796384142945,0.006231796384142944,0.03550339572757811,0.017552677022672082,3.5105354045344166e-05,177.51697863789053,17.751697863789055
41,45,1.0,1.2,0.3981071705534973,0.015848931924611134,0.002,0.002193111926317215,0.0006123644816383992,0.006123644816383993,0.03489795272701895,0.017547289562470238,3.5094579124940474e-05,174.48976363509473,17.44897636350947
41,46,1.0,1.2,0.3981071705534973,0.025118864315095794,0.002,0.0021288618445396423,0.0005952230045139811,0.0059522300451398105,0.033937594217237584,0.01753875070530649,3.507750141061298e-05,169.6879710861879,16.96879710861879
41,47,1.0,1.2,0.3981071705534973,0.039810717055349734,0.002,0.0020269788801670074,0.000568062648426728,0.00568062648426728,0.03241400781159676,0.017525220939309215,3.505044187861843e-05,162.0700390579838,16.20700390579838
41,48,1.0,1.2,0.3981071705534973,0.06309573444801933,0.002,0.0018655061721801758,0.000525065342836166,0.0052506534283616605,0.029997217588809678,0.01750380152031298,3.500760304062596e-05,149.9860879440484,14.998608794404838
41,49,1.0,1.2,0.3981071705534973,0.1,0.002,0.0016100704669952393,0.00045716825492351983,0.004571682549235199,0.026168798511241743,0.01746997496759841,3.493994993519682e-05,130.84399255620875,13.084399255620873
41,50,1.0,1.2,0.3981071705534973,0.15848931924611143,0.002,0.001208372414112091,0.0003506720195700657,0.0035067201957006563,0.02013400907830111,0.01741689984375705,3.48337996875141e-05,100.67004539150554,10.067004539150556
41,51,1.0,1.2,0.3981071705534973,0.25118864315095807,0.002,0.0005864836275577545,0.00018658930141701656,0.0018658930141701657,0.010763753782567527,0.017334965587860983,3.466993117572197e-05,53.81876891283763,5.3818768912837625
41,52,1.0,1.2,0.3981071705534973,0.3981071705534973,0.002,0.0003407299518585205,6.336513638963663e-05,0.0006336513638963663,0.003681203189595295,0.017213159156423224,3.442631831284645e-05,18.406015947976474,1.8406015947976475
41,53,1.0,1.2,0.3981071705534973,0.6309573444801934,0.002,0.001619882881641388,0.00039746873691294483,0.003974687369129448,0.023318259411258195,0.017045386188689733,3.409077237737947e-05,116.59129705629095,11.659129705629097
41,54,1.0,1.2,0.3981071705534973,1.0,0.002,0.0031765252351760864,0.0008087022657111259,0.008087022657111259,0.04802070918344733,0.01684069809593492,3.3681396191869844e-05,240.1035459172366,24.010354591723658
42,43,1.0,1.0,0.6309573444801934,1.0,0.002,0.0015403740108013153,0.0004006375967943972,0.004006375967943972,0.023975248110473486,0.01671046718467036,3.342093436934072e-05,119.87624055236742,11.987624055236742
42,44,1.0,1.2,0.6309573444801934,0.01,0.002,0.003520611673593521,0.0009571993931938665,0.009571993931938666,0.05505390173739696,0.01738658592736328,3.477317185472656e-05,275.2695086869847,27.52695086869847
42,45,1.0,1.2,0.6309573444801934,0.015848931924611134,0.002,0.0034800954163074493,0.0009463801089039257,0.009463801089039258,0.05444849563693416,0.017381198467161428,3.476239693432286e-05,272.2424781846708,27.22424781846708
42,46,1.0,1.2,0.6309573444801934,0.025118864315095794,0.002,0.0034158453345298767,0.0009292316696541097,0.009292316696541097,0.053488164191011496,0.017372659609997683,3.474531921999537e-05,267.44082095505746,26.744082095505743
42,47,1.0,1.2,0.6309573444801934,0.039810717055349734,0.002,0.003313962370157242,0.0009020591324861543,0.009020591324861544,0.05196453627529725,0.01735912984400041,3.471825968800082e-05,259.82268137648623,25.98226813764862
42,48,1.0,1.2,0.6309573444801934,0.06309573444801933,0.002,0.00315248966217041,0.0008590391495517239,0.00859039149551724,0.04954743899245377,0.01733771042500417,3.467542085000834e-05,247.73719496226886,24.773719496226885
42,49,1.0,1.2,0.6309573444801934,0.1,0.002,0.0028970539569854736,0.0007910950776593612,0.00791095077659361,0.04571777547156443,0.017303883872289608,3.460776774457922e-05,228.5888773578221,22.858887735782215
42,50,1.0,1.2,0.6309573444801934,0.15848931924611143,0.002,0.0024953559041023254,0.0006844793178769421,0.006844793178769421,0.03967810018985417,0.01725080874844824,3.4501617496896485e-05,198.39050094927083,19.83905009492708
42,51,1.0,1.2,0.6309573444801934,0.25118864315095807,0.002,0.001873467117547989,0.0005198861790090786,0.005198861790090786,0.030280737344466246,0.017168874492552173,3.4337748985104345e-05,151.40368672233126,15.140368672233125
42,52,1.0,1.2,0.6309573444801934,0.3981071705534973,0.002,0.0009462535381317139,0.0002753094475935913,0.0027530944759359133,0.01614995884374932,0.017047068061114418,3.4094136122228834e-05,80.74979421874659,8.074979421874659
42,53,1.0,1.2,0.6309573444801934,0.6309573444801934,0.002,0.00033289939165115356,6.521281077782725e-05,0.0006521281077782725,0.00386347951244717,0.016879295093380927,3.375859018676185e-05,19.31739756223585,1.9317397562235852
42,54,1.0,1.2,0.6309573444801934,1.0,0.002,0.001889541745185852,0.00047449832479555076,0.004744983247955507,0.028456342316057814,0.016674607000626115,3.334921400125223e-05,142.28171158028906,14.228171158028907
43,44,1.0,1.2,1.0,0.01,0.002,0.005060985684394836,0.001357709087476133,0.013577090874761331,0.0789937644843093,0.017187547603783562,3.4375095207567127e-05,394.9688224215464,39.49688224215464
43,45,1.0,1.2,1.0,0.015848931924611134,0.002,0.005020469427108765,0.0013468888776626661,0.013468888776626662,0.07838879782329279,0.01718216014358171,3.436432028716342e-05,391.94398911646397,39.194398911646395
43,46,1.0,1.2,1.0,0.025118864315095794,0.002,0.004956219345331192,0.0013297388816921954,0.013297388816921954,0.07742914901377503,0.017173621286417966,3.434724257283593e-05,387.1457450688751,38.714574506887516
43,47,1.0,1.2,1.0,0.039810717055349734,0.002,0.004854336380958557,0.0013025636466393437,0.013025636466393438,0.07590656757799219,0.01716009152042069,3.4320183040841385e-05,379.5328378899609,37.95328378899609
43,48,1.0,1.2,1.0,0.06309573444801933,0.002,0.0046928636729717255,0.001259538756587582,0.01259538756587582,0.07349103531089188,0.017138672101424453,3.4277344202848905e-05,367.4551765544594,36.745517655445944
43,49,1.0,1.2,1.0,0.1,0.002,0.004437427967786789,0.001191585096033292,0.01191585096033292,0.06966359869429897,0.01710484554870989,3.420969109741978e-05,348.31799347149484,34.83179934714949
43,50,1.0,1.2,1.0,0.15848931924611143,0.002,0.004035729914903641,0.0010849483928918725,0.010849483928918727,0.06362673000274328,0.017051770424868523,3.410354084973705e-05,318.1336500137164,31.813365001371636
43,51,1.0,1.2,1.0,0.25118864315095807,0.002,0.003413841128349304,0.0009202995216970006,0.009202995216970005,0.05423149124914184,0.016969836168972456,3.3939672337944916e-05,271.15745624570917,27.11574562457092
43,52,1.0,1.2,1.0,0.3981071705534973,0.002,0.002486627548933029,0.0006754833449935921,0.006754833449935922,0.04009272036650813,0.0168480297375347,3.3696059475069405e-05,200.46360183254066,20.046360183254063
43,53,1.0,1.2,1.0,0.6309573444801934,0.002,0.0012074746191501617,0.00033830434842818723,0.0033830434842818725,0.020281723063200724,0.01668025676980121,3.336051353960242e-05,101.40861531600362,10.140861531600361
43,54,1.0,1.2,1.0,1.0,0.002,0.00034916773438453674,7.480210852738842e-05,0.0007480210852738843,0.004540183710417352,0.016475568677046398,3.29511373540928e-05,22.700918552086762,2.2700918552086757
44,45,1.2,1.2,0.01,0.015848931924611134,0.002,4.051625728607178e-05,1.0820376698848753e-05,0.00010820376698848753,0.0006059025490505128,0.017858278886274632,3.5716557772549266e-05,3.029512745252564,0.3029512745252564
44,46,1.2,1.2,0.01,0.025118864315095794,0.002,0.00010476633906364441,2.7970665244961116e-05,0.00027970665244961117,0.0015670068695311059,0.017849740029110883,3.569948005822177e-05,7.835034347655529,0.7835034347655528
44,47,1.2,1.2,0.01,0.039810717055349734,0.002,0.0002066493034362793,5.51464355571509e-05,0.000551464355571509,0.0030918247062380255,0.017836210263113612,3.5672420526227224e-05,15.459123531190126,1.5459123531190126
44,48,1.2,1.2,0.01,0.06309573444801933,0.002,0.00036812201142311096,9.817237396548013e-05,0.0009817237396548013,0.005510722793464491,0.017814790844117374,3.562958168823475e-05,27.553613967322452,2.7553613967322454
44,49,1.2,1.2,0.01,0.1,0.002,0.0006235577166080475,0.00016612825711848333,0.0016612825711848334,0.009343039803460337,0.017780964291402808,3.556192858280562e-05,46.71519901730167,4.671519901730167
44,50,1.2,1.2,0.01,0.15848931924611143,0.002,0.0010252557694911957,0.00027277012527215266,0.0027277012527215263,0.015386497664440975,0.017727889167561444,3.545577833512289e-05,76.93248832220488,7.693248832220489
44,51,1.2,1.2,0.01,0.25118864315095807,0.002,0.0016471445560455322,0.00043743225032025614,0.004374322503202562,0.0247893782178418,0.017645954911665377,3.5291909823330754e-05,123.94689108920899,12.394689108920897
44,52,1.2,1.2,0.01,0.3981071705534973,0.002,0.0025743581354618073,0.0006822869814410276,0.006822869814410276,0.03893410183158671,0.017524148480227618,3.5048296960455236e-05,194.67050915793357,19.467050915793354
44,53,1.2,1.2,0.01,0.6309573444801934,0.002,0.0038535110652446747,0.0010196197873684365,0.010196197873684365,0.05874612396087276,0.01735637551249413,3.471275102498826e-05,293.73061980436376,29.373061980436376
44,54,1.2,1.2,0.01,1.0,0.002,0.005410153418779373,0.0014311788978740555,0.014311788978740555,0.0834424545439744,0.01715168741973932,3.4303374839478636e-05,417.212272719872,41.721227271987196
45,46,1.2,1.2,0.015848931924611134,0.025118864315095794,0.002,6.425008177757263e-05,1.7150288825518606e-05,0.00017150288825518604,0.000961104571280455,0.01784435256890904,3.568870513781808e-05,4.805522856402274,0.48055228564022745
45,47,1.2,1.2,0.015848931924611134,0.039810717055349734,0.002,0.00016613304615020752,4.432606009920048e-05,0.00044326060099200476,0.002485923425359937,0.01783082280291176,3.5661645605823525e-05,12.429617126799684,1.2429617126799686
45,48,1.2,1.2,0.015848931924611134,0.06309573444801933,0.002,0.0003276057541370392,8.735200130210758e-05,0.0008735200130210758,0.004904824682729075,0.017809403383915526,3.561880676783105e-05,24.524123413645373,2.4524123413645373
45,49,1.2,1.2,0.015848931924611134,0.1,0.002,0.0005830414593219757,0.0001553078915584809,0.001553078915584809,0.008737150587758896,0.01777557683120096,3.555115366240192e-05,43.68575293879449,4.368575293879448
45,50,1.2,1.2,0.015848931924611134,0.15848931924611143,0.002,0.000984739512205124,0.000261949775663085,0.00261949775663085,0.014780631989122932,0.017722501707359596,3.5445003414719195e-05,73.90315994561465,7.390315994561465
45,51,1.2,1.2,0.015848931924611134,0.25118864315095807,0.002,0.0016066282987594604,0.00042661193173588763,0.004266119317358877,0.024183571923617135,0.01764056745146353,3.528113490292706e-05,120.91785961808566,12.091785961808565
45,52,1.2,1.2,0.015848931924611134,0.3981071705534973,0.002,0.0025338418781757355,0.0006714667107818685,0.006714667107818684,0.0383284360129299,0.017518761020025773,3.5037522040051544e-05,191.64218006464952,19.164218006464953
45,53,1.2,1.2,0.015848931924611134,0.6309573444801934,0.002,0.003812994807958603,0.0010087995630243905,0.010087995630243905,0.05814075601827848,0.01735098805229228,3.470197610458456e-05,290.7037800913924,29.07037800913924
45,54,1.2,1.2,0.015848931924611134,1.0,0.002,0.005369637161493301,0.0014203586699072814,0.014203586699072812,0.08283761938488776,0.017146299959537467,3.429259991907494e-05,414.1880969244388,41.41880969244389
46,47,1.2,1.2,0.025118864315095794,0.039810717055349734,0.002,0.00010188296437263489,2.7175772158048415e-05,0.00027175772158048413,0.0015248198401940469,0.017822283945748016,3.5644567891496035e-05,7.624099200970233,0.7624099200970234
46,48,1.2,1.2,0.025118864315095794,0.06309573444801933,0.002,0.00026335567235946655,7.020171676222633e-05,0.0007020171676222633,0.003943725129570233,0.01780086452675178,3.560172905350356e-05,19.718625647851162,1.9718625647851165
46,49,1.2,1.2,0.025118864315095794,0.1,0.002,0.0005187913775444031,0.00013815761667887707,0.0013815761667887708,0.007776063566744516,0.01776703797403721,3.5534075948074424e-05,38.880317833722586,3.8880317833722584
46,50,1.2,1.2,0.025118864315095794,0.15848931924611143,0.002,0.0009204894304275513,0.0002447995236307541,0.0024479952363075414,0.013819579825304172,0.01771396285019585,3.5427925700391705e-05,69.09789912652084,6.9097899126520845
46,51,1.2,1.2,0.025118864315095794,0.25118864315095807,0.002,0.0015423782169818878,0.00040946172536454525,0.004094617253645453,0.023222610102669596,0.017632028594299784,3.5264057188599566e-05,116.11305051334797,11.611305051334796
46,52,1.2,1.2,0.025118864315095794,0.3981071705534973,0.002,0.002469591796398163,0.0006543165758547916,0.006543165758547916,0.03736769127021997,0.017510222162862025,3.502044432572405e-05,186.8384563510999,18.68384563510999
46,53,1.2,1.2,0.025118864315095794,0.6309573444801934,0.002,0.0037487447261810303,0.0009916494970564438,0.009916494970564438,0.0571804758312336,0.017342449195128534,3.4684898390257066e-05,285.902379156168,28.590237915616804
46,54,1.2,1.2,0.025118864315095794,1.0,0.002,0.005305387079715729,0.0014032085966566698,0.0140320859665667,0.08187817465038148,0.017137761102373722,3.427552220474745e-05,409.3908732519074,40.939087325190734
47,48,1.2,1.2,0.039810717055349734,0.06309573444801933,0.002,0.00016147270798683167,4.302594781778298e-05,0.00043025947817782985,0.0024189092068314967,0.017787334760754503,3.557466952150901e-05,12.094546034157483,1.209454603415748
47,49,1.2,1.2,0.039810717055349734,0.1,0.002,0.0004169084131717682,0.000110981859595661,0.00110981859595661,0.006251263597884345,0.01775350820803994,3.5507016416079885e-05,31.25631798942172,3.125631798942172
47,50,1.2,1.2,0.039810717055349734,0.15848931924611143,0.002,0.0008186064660549164,0.00021762379746925262,0.0021762379746925265,0.01229482897023172,0.017700433084198573,3.5400866168397145e-05,61.47414485115861,6.147414485115861
47,51,1.2,1.2,0.039810717055349734,0.25118864315095807,0.002,0.001440495252609253,0.00038228606384345815,0.0038228606384345817,0.02169799297709465,0.017618498828302506,3.523699765660501e-05,108.48996488547327,10.848996488547327
47,52,1.2,1.2,0.039810717055349734,0.3981071705534973,0.002,0.002367708832025528,0.0006271410175076806,0.006271410175076807,0.03584340418649977,0.01749669239686475,3.49933847937295e-05,179.21702093249885,17.921702093249884
47,53,1.2,1.2,0.039810717055349734,0.6309573444801934,0.002,0.0036468617618083954,0.0009644740379783783,0.009644740379783783,0.055656905897838185,0.01732891942913126,3.465783885826252e-05,278.2845294891909,27.82845294891909
47,54,1.2,1.2,0.039810717055349734,1.0,0.002,0.005203504115343094,0.0013760331225848143,0.013760331225848143,0.08035590594141016,0.017124231336376448,3.4248462672752895e-05,401.7795297070508,40.177952970705086
48,49,1.2,1.2,0.06309573444801933,0.1,0.002,0.0002554357051849365,6.795592260720322e-05,0.0006795592260720322,0.0038323698587157877,0.017732088789043702,3.5464177578087405e-05,19.16184929357894,1.916184929357894
48,50,1.2,1.2,0.06309573444801933,0.15848931924611143,0.002,0.0006571337580680847,0.00017459789717850786,0.0017459789717850786,0.00987599763680083,0.017679013665202338,3.535802733040468e-05,49.37998818400414,4.937998818400414
48,51,1.2,1.2,0.06309573444801933,0.25118864315095807,0.002,0.0012790225446224213,0.0003392602479933727,0.003392602479933727,0.019279349720610673,0.01759707940930627,3.519415881861254e-05,96.39674860305338,9.639674860305337
48,52,1.2,1.2,0.06309573444801933,0.3981071705534973,0.002,0.0022062361240386963,0.0005841153417634477,0.0058411534176344765,0.033425248492724435,0.017475272977868515,3.495054595573703e-05,167.1262424636222,16.71262424636222
48,53,1.2,1.2,0.06309573444801933,0.6309573444801934,0.002,0.0034853890538215637,0.000921448496565845,0.009214484965658451,0.05323983799082814,0.01730750001013502,3.461500002027004e-05,266.19918995414076,26.619918995414075
48,54,1.2,1.2,0.06309573444801933,1.0,0.002,0.005042031407356262,0.0013330075509675424,0.013330075509675425,0.0779408413895328,0.01710281191738021,3.420562383476042e-05,389.70420694766403,38.9704206947664
49,50,1.2,1.2,0.1,0.15848931924611143,0.002,0.0004016980528831482,0.00010664200611581807,0.0010664200611581807,0.00604368802869457,0.017645187112487772,3.529037422497555e-05,30.21844014347285,3.021844014347285
49,51,1.2,1.2,0.1,0.25118864315095807,0.002,0.0010235868394374847,0.0002713044514914844,0.002713044514914844,0.015447278115662981,0.017563252856591705,3.512650571318341e-05,77.23639057831491,7.723639057831491
49,52,1.2,1.2,0.1,0.3981071705534973,0.002,0.0019508004188537598,0.0005161597160448864,0.005161597160448865,0.02959385956089536,0.017441446425153946,3.488289285030789e-05,147.96929780447684,14.796929780447684
49,53,1.2,1.2,0.1,0.6309573444801934,0.002,0.003229953348636627,0.0008534930340253201,0.0085349303402532,0.04941004796282489,0.01727367345742046,3.4547346914840916e-05,247.05023981412444,24.705023981412445
49,54,1.2,1.2,0.1,1.0,0.002,0.004786595702171326,0.001265052030601835,0.01265052030601835,0.07411407319034956,0.017068985364665647,3.41379707293313e-05,370.5703659517477,37.05703659517477
50,51,1.2,1.2,0.15848931924611143,0.25118864315095807,0.002,0.0006218887865543365,0.00016466251999574277,0.0016466251999574279,0.009403817740111486,0.01751017773275034,3.502035546550068e-05,47.01908870055743,4.7019088700557425
50,52,1.2,1.2,0.15848931924611143,0.3981071705534973,0.002,0.0015491023659706116,0.0004095179556888675,0.004095179556888675,0.023551254375270583,0.017388371301312586,3.477674260262517e-05,117.75627187635293,11.775627187635292
50,53,1.2,1.2,0.15848931924611143,0.6309573444801934,0.002,0.002828255295753479,0.0007468514377934592,0.007468514377934592,0.04336965669405026,0.01722059833357909,3.444119666715818e-05,216.84828347025132,21.68482834702513
50,54,1.2,1.2,0.15848931924611143,1.0,0.002,0.0043848976492881775,0.0011584103393259915,0.011584103393259914,0.06807807063690036,0.01701591024082428,3.403182048164856e-05,340.3903531845018,34.03903531845018
51,52,1.2,1.2,0.25118864315095807,0.3981071705534973,0.002,0.000927213579416275,0.0002448555453384409,0.0024485554533844084,0.014148235404888786,0.01730643704541652,3.461287409083304e-05,70.74117702444391,7.0741177024443935
51,53,1.2,1.2,0.25118864315095807,0.6309573444801934,0.002,0.0022063665091991425,0.0005821891403240341,0.0058218914032403405,0.03396934193267298,0.017138664077683025,3.427732815536605e-05,169.8467096633649,16.98467096633649
51,54,1.2,1.2,0.25118864315095807,1.0,0.002,0.003763008862733841,0.0009937479393507757,0.009937479393507757,0.05868367477521189,0.016933975984928212,3.3867951969856425e-05,293.41837387605943,29.341837387605946
52,53,1.2,1.2,0.3981071705534973,0.6309573444801934,0.002,0.0012791529297828674,0.0003373336279495909,0.0033733362794959093,0.019823497085199086,0.01701685764624527,3.403371529249054e-05,99.11748542599544,9.911748542599543
52,54,1.2,1.2,0.3981071705534973,1.0,0.002,0.002835795283317566,0.0007488924794526815,0.007488924794526814,0.044544666116408525,0.016812169553490457,3.3624339106980914e-05,222.72333058204262,22.272333058204264
53,54,1.2,1.2,0.6309573444801934,1.0,0.002,0.0015566423535346985,0.00041155932024928676,0.004115593202492868,0.024726599016600494,0.016644396585756966,3.328879317151393e-05,123.63299508300246,12.363299508300246
