state_1,state_2,a1_1,a1_2,gamma_1,gamma_2,reference_noise_level,max_abs_g_difference,rms_g_difference,l2_g_difference,relative_l2_difference,mean_rms_g,sigma_reference,snr_sep,snr_sep_rms
0,1,0.05,0.05,0.01,0.015848931924611134,0.002,2.2016465663909912e-05,5.683701451243634e-06,5.683701451243635e-05,0.00035436234208847527,0.016039236612293752,3.207847322458751e-05,1.7718117104423758,0.17718117104423758
0,2,0.05,0.05,0.01,0.025118864315095794,0.002,5.69075345993042e-05,1.4689557361918228e-05,0.0001468955736191823,0.0009161067822904206,0.016034765428973106,3.206953085794621e-05,4.580533911452103,0.4580533911452103
0,3,0.05,0.05,0.01,0.039810717055349734,0.002,0.000112190842628479,2.8953591026054607e-05,0.0002895359102605461,0.001806473794410143,0.01602768394185793,3.205536788371586e-05,9.032368972050714,0.9032368972050714
0,4,0.05,0.05,0.01,0.06309573444801933,0.002,0.00019968301057815552,5.151662018370404e-05,0.0005151662018370404,0.0032164752020849108,0.01601648293458352,3.2032965869167044e-05,16.08237601042455,1.6082376010424548
0,5,0.05,0.05,0.01,0.1,0.002,0.0003377273678779602,8.708871821798621e-05,0.0008708871821798621,0.00544344456600366,0.015998825222155788,3.1997650444311577e-05,27.217222830018297,2.7217222830018297
0,6,0.05,0.05,0.01,0.15848931924611143,0.002,0.0005537755787372589,0.0001427000402182025,0.001427000402182025,0.008934822072876342,0.015971223495474016,3.194244699094803e-05,44.67411036438171,4.467411036438171
0,7,0.05,0.05,0.01,0.25118864315095807,0.002,0.0008851699531078339,0.00022787744091400667,0.0022787744091400668,0.014305863052343798,0.015928954448971355,3.185790889794271e-05,71.52931526171899,7.152931526171899
0,8,0.05,0.05,0.01,0.3981071705534973,0.002,0.0013706795871257782,0.00035244853609411777,0.003524485360941178,0.022212464809903874,0.0158671511293502,3.17343022587004e-05,111.06232404951936,11.106232404951935
0,9,0.05,0.05,0.01,0.6309573444801934,0.002,0.002020612359046936,0.000518924887297416,0.0051892488729741604,0.032875428673714034,0.0157845816231844,3.15691632463688e-05,164.3771433685702,16.437714336857017
0,10,0.05,0.05,0.01,1.0,0.002,0.0027795135974884033,0.0007132301153162498,0.007132301153162498,0.04546274286911161,0.01568823327201479,3.137646654402958e-05,227.31371434555803,22.731371434555804
0,11,0.05,0.0875,0.01,0.01,0.002,0.005464490503072739,0.0014669765193563757,0.014669765193563757,0.08746107645409215,0.016772907204342307,3.354581440868461e-05,437.30538227046077,43.73053822704608
0,12,0.05,0.0875,0.01,0.015848931924611134,0.002,0.0054259635508060455,0.001457034642363652,0.01457034642363652,0.08689394707678688,0.01676796475911138,3.3535929518222765e-05,434.4697353839344,43.44697353839344
0,13,0.05,0.0875,0.01,0.025118864315095794,0.002,0.005364902317523956,0.0014412813123945442,0.014412813123945442,0.08599462098305548,0.0167601333190193,3.3520266638038605e-05,429.9731049152773,42.99731049152773
0,14,0.05,0.0875,0.01,0.039810717055349734,0.002,0.005268160253763199,0.0014163317720954046,0.014163317720954046,0.0845685797671372,0.016747730374511764,3.3495460749023526e-05,422.842898835686,42.2842898835686
0,15,0.05,0.0875,0.01,0.06309573444801933,0.002,0.005115047097206116,0.0013768666275613584,0.013768666275613583,0.08230854948343606,0.016728111917929517,3.3456223835859034e-05,411.54274741718035,41.154274741718034
0,16,0.05,0.0875,0.01,0.1,0.002,0.0048734694719314575,0.0013146508737239817,0.013146508737239817,0.07873488127632702,0.016697184937767267,3.339436987553454e-05,393.6744063816351,39.367440638163515
0,17,0.05,0.0875,0.01,0.15848931924611143,0.002,0.004495386034250259,0.0012173962935421987,0.012173962935421988,0.07312197988456096,0.016648842050832394,3.329768410166479e-05,365.60989942280474,36.56098994228047
0,18,0.05,0.0875,0.01,0.25118864315095807,0.002,0.003915444016456604,0.001068464311363131,0.010684643113631308,0.06446313383230363,0.01657481180084522,3.314962360169044e-05,322.31566916151814,32.23156691615181
0,19,0.05,0.0875,0.01,0.3981071705534973,0.002,0.0030658021569252014,0.0008507476918020272,0.008507476918020273,0.051665132113517975,0.01646657343162842,3.293314686325684e-05,258.32566056758986,25.832566056758985
0,20,0.05,0.0875,0.01,0.6309573444801934,0.002,0.001928422600030899,0.0005601652610035532,0.005601652610035533,0.03431969717780602,0.01632197563111958,3.264395126223916e-05,171.59848588903012,17.15984858890301
0,21,0.05,0.0875,0.01,1.0,0.002,0.0006003417074680328,0.0002235294477422872,0.002235294477422872,0.013838036178608239,0.01615326371872289,3.230652743744578e-05,69.19018089304119,6.919018089304119
0,22,0.05,0.125,0.01,0.01,0.002,0.010928977280855179,0.0029339527362279437,0.029339527362279436,0.16761456527752824,0.017504163384429297,3.5008326768858595e-05,838.072826387641,83.80728263876411
0,23,0.05,0.125,0.01,0.015848931924611134,0.002,0.0108739472925663,0.002919750614880244,0.029197506148802437,0.1668705622058022,0.01749709820764733,3.499419641529466e-05,834.352811029011,83.4352811029011
0,24,0.05,0.125,0.01,0.025118864315095794,0.002,0.010786715894937515,0.0028972459252164444,0.028972459252164445,0.1656903816554223,0.017485902900759187,3.4971805801518374e-05,828.4519082771112,82.84519082771112
0,25,0.05,0.125,0.01,0.039810717055349734,0.002,0.010648507624864578,0.0028616026215863137,0.028616026215863136,0.16381809286993482,0.017468171991590176,3.493634398318035e-05,819.0904643496741,81.90904643496741
0,26,0.05,0.125,0.01,0.06309573444801933,0.002,0.010429773479700089,0.0028052231505194514,0.02805223150519451,0.16084878241916123,0.017440126734744106,3.4880253469488215e-05,804.243912095806,80.4243912095806
0,27,0.05,0.125,0.01,0.1,0.002,0.010084662586450577,0.002716341096758136,0.02716341096758136,0.15614821012823474,0.017395915678619537,3.479183135723907e-05,780.7410506411736,78.07410506411735
0,28,0.05,0.125,0.01,0.15848931924611143,0.002,0.00954454392194748,0.002577398163337826,0.02577398163337826,0.1487520432025624,0.01732680847837543,3.465361695675086e-05,743.760216012812,74.3760216012812
0,29,0.05,0.125,0.01,0.25118864315095807,0.002,0.008716057986021042,0.002364612310170311,0.023646123101703113,0.137309956090668,0.017220982203278244,3.444196440655649e-05,686.5497804533401,68.654978045334
0,30,0.05,0.125,0.01,0.3981071705534973,0.002,0.007502283900976181,0.0020534899831571277,0.020534899831571272,0.1203245531770174,0.017066258954945818,3.4132517909891634e-05,601.622765885087,60.16227658850871
0,31,0.05,0.125,0.01,0.6309573444801934,0.002,0.005877453833818436,0.0016379169963248463,0.016379169963248463,0.09715058212978082,0.016859569550873074,3.371913910174615e-05,485.75291064890405,48.57529106489041
0,32,0.05,0.125,0.01,1.0,0.002,0.003980197012424469,0.001153458755771458,0.01153458755771458,0.06940841519635192,0.016618428075448742,3.323685615089748e-05,347.04207598175964,34.70420759817596
0,33,0.05,0.1625,0.01,0.01,0.002,0.016393471509218216,0.004400929253925051,0.044009292539250504,0.241335383884571,0.018235739753893625,3.6471479507787254e-05,1206.676919422855,120.6676919422855
0,34,0.05,0.1625,0.01,0.015848931924611134,0.002,0.016321923583745956,0.004382466170910282,0.04382466170910282,0.24044408927244765,0.018226549815264958,3.645309963052992e-05,1202.2204463622381,120.22204463622383
0,35,0.05,0.1625,0.01,0.025118864315095794,0.002,0.016208525747060776,0.004353210186763795,0.04353210186763795,0.23902992887292154,0.01821198796021124,3.642397592042248e-05,1195.1496443646074,119.51496443646074
0,36,0.05,0.1625,0.01,0.039810717055349734,0.002,0.016028854995965958,0.004306873963028492,0.04306873963028492,0.23678551221593538,0.01818892516996927,3.637785033993854e-05,1183.9275610796767,118.39275610796767
0,37,0.05,0.1625,0.01,0.06309573444801933,0.002,0.01574450358748436,0.004233580151540337,0.042335801515403365,0.23322367147515663,0.018152446210809713,3.630489242161943e-05,1166.118357375783,116.61183573757833
0,38,0.05,0.1625,0.01,0.1,0.002,0.015295859426259995,0.0041180326041600586,0.04118032604160059,0.22757923011255565,0.01809494039558606,3.618988079117212e-05,1137.896150562778,113.78961505627781
0,39,0.05,0.1625,0.01,0.15848931924611143,0.002,0.014593701809644699,0.00393740369154538,0.039374036915453804,0.21868327132945292,0.01800505209021482,3.601010418042964e-05,1093.4163566472646,109.34163566472644
0,40,0.05,0.1625,0.01,0.25118864315095807,0.002,0.013516675680875778,0.003660772277261042,0.03660772277261042,0.20488551669588723,0.017867403886311535,3.573480777262307e-05,1024.4275834794362,102.44275834794361
0,41,0.05,0.1625,0.01,0.3981071705534973,0.002,0.011938761919736862,0.0032562809545466018,0.03256280954546602,0.18432309368259925,0.01766615831738292,3.533231663476584e-05,921.6154684129963,92.16154684129963
0,42,0.05,0.1625,0.01,0.6309573444801934,0.002,0.009826485067605972,0.0027159243022547336,0.027159243022547335,0.1561115653422929,0.017397329251678133,3.479465850335627e-05,780.5578267114641,78.05578267114642
0,43,0.05,0.1625,0.01,1.0,0.002,0.007360052317380905,0.0020857136616509436,0.020857136616509436,0.12208789558845394,0.017083705568008766,3.416741113601753e-05,610.4394779422697,61.04394779422697
0,44,0.05,0.2,0.01,0.01,0.002,0.021857958287000656,0.00586790574318783,0.058679057431878304,0.30936514921930947,0.018967572003490488,3.793514400698098e-05,1546.825746096547,154.6825746096547
0,45,0.05,0.2,0.01,0.015848931924611134,0.002,0.021769899874925613,0.005845181727757721,0.05845181727757721,0.30835106407314106,0.018956256062639176,3.7912512125278354e-05,1541.755320365705,154.1755320365705
0,46,0.05,0.2,0.01,0.025118864315095794,0.002,0.021630335599184036,0.005809174479221097,0.05809174479221098,0.306741713592764,0.01893832570464631,3.787665140929262e-05,1533.7085679638199,153.37085679638196
0,47,0.05,0.2,0.01,0.039810717055349734,0.002,0.021409202367067337,0.005752145421890195,0.057521454218901945,0.30418653317786787,0.018909927937298676,3.7819855874597355e-05,1520.9326658893392,152.09326658893394
0,48,0.05,0.2,0.01,0.06309573444801933,0.002,0.02105923369526863,0.005661937122522448,0.05661937122522448,0.30012902536702324,0.01886501019219501,3.7730020384390024e-05,1500.6451268351161,150.0645126835116
0,49,0.05,0.2,0.01,0.1,0.002,0.020507056266069412,0.005519724243675337,0.05519724243675337,0.2936929340146503,0.01879420171341268,3.758840342682536e-05,1468.4646700732512,146.84646700732512
0,50,0.05,0.2,0.01,0.15848931924611143,0.002,0.019642863422632217,0.005297409805991467,0.05297409805991467,0.283533823703016,0.018683519788948263,3.7367039577896526e-05,1417.6691185150798,141.76691185150798
0,51,0.05,0.2,0.01,0.25118864315095807,0.002,0.018317285925149918,0.004956934508015775,0.04956934508015775,0.2677393536415609,0.018514030308192674,3.702806061638535e-05,1338.6967682078043,133.86967682078043
0,52,0.05,0.2,0.01,0.3981071705534973,0.002,0.01637524738907814,0.004459081778743211,0.044590817787432104,0.2441160938159423,0.01826623435202618,3.653246870405236e-05,1220.5804690797113,122.05804690797115
0,53,0.05,0.2,0.01,0.6309573444801934,0.002,0.013775516301393509,0.0037939690213240175,0.03793969021324018,0.21153726740802545,0.017935227526627677,3.587045505325535e-05,1057.6863370401275,105.76863370401273
0,54,0.05,0.2,0.01,1.0,0.002,0.01073991134762764,0.003018140049723992,0.03018140049723992,0.17198280984283262,0.017549079774206125,3.509815954841225e-05,859.9140492141631,85.99140492141632
1,2,0.05,0.05,0.015848931924611134,0.025118864315095794,0.002,3.489106893539429e-05,9.00585594919867e-06,9.00585594919867e-05,0.000561744489105337,0.01603194356840395,3.20638871368079e-05,2.8087224455266853,0.2808722445526685
1,3,0.05,0.05,0.015848931924611134,0.039810717055349734,0.002,9.017437696456909e-05,2.3269889700838464e-05,0.00023269889700838466,0.0014521116988588168,0.016024862081288768,3.204972416257754e-05,7.2605584942940835,0.7260558494294083
1,4,0.05,0.05,0.015848931924611134,0.06309573444801933,0.002,0.0001776665449142456,4.5832919178605894e-05,0.000458329191786059,0.002862113726946536,0.016013661074014356,3.202732214802871e-05,14.310568634732682,1.431056863473268
1,5,0.05,0.05,0.015848931924611134,0.1,0.002,0.0003157109022140503,8.140501809925487e-05,0.0008140501809925486,0.005089084833199259,0.015996003361586623,3.199200672317325e-05,25.445424165996297,2.5445424165996298
1,6,0.05,0.05,0.015848931924611134,0.15848931924611143,0.002,0.000531759113073349,0.00013701634226007212,0.001370163422600721,0.008580466936689027,0.015968401634904858,3.193680326980972e-05,42.902334683445126,4.290233468344513
1,7,0.05,0.05,0.015848931924611134,0.25118864315095807,0.002,0.000863153487443924,0.00022219374761399996,0.0022219374761399996,0.01395151938994951,0.015926132588402194,3.185226517680439e-05,69.75759694974754,6.975759694974753
1,8,0.05,0.05,0.015848931924611134,0.3981071705534973,0.002,0.0013486631214618683,0.0003467648515317967,0.003467648515317967,0.021858147650413773,0.01586432926878104,3.172865853756208e-05,109.29073825206885,10.929073825206885
1,9,0.05,0.05,0.015848931924611134,0.6309573444801934,0.002,0.001998595893383026,0.0005132412157814636,0.005132412157814636,0.03252116516164817,0.01578175976261524,3.156351952523048e-05,162.6058258082408,16.26058258082408
1,10,0.05,0.05,0.015848931924611134,1.0,0.002,0.0027574971318244934,0.000707546455325645,0.00707546455325645,0.045108568514138504,0.015685411411445627,3.1370822822891256e-05,225.5428425706925,22.554284257069252
1,11,0.05,0.0875,0.015848931924611134,0.01,0.002,0.0054865069687366486,0.0014726576720286433,0.014726576720286433,0.08781456038179626,0.016770085343773146,3.354017068754629e-05,439.07280190898126,43.90728019089813
1,12,0.05,0.0875,0.015848931924611134,0.015848931924611134,0.002,0.0054479800164699554,0.0014627157602172664,0.014627157602172664,0.08724743767883147,0.016765142898542224,3.353028579708445e-05,436.2371883941573,43.62371883941572
1,13,0.05,0.0875,0.015848931924611134,0.025118864315095794,0.002,0.005386918783187866,0.0014469623733950982,0.014469623733950982,0.08634812195159411,0.016757311458450143,3.351462291690028e-05,431.74060975797056,43.174060975797055
1,14,0.05,0.0875,0.015848931924611134,0.039810717055349734,0.002,0.005290176719427109,0.0014220127385711325,0.014220127385711325,0.08492209661146237,0.0167449085139426,3.34898170278852e-05,424.61048305731197,42.4610483057312
1,15,0.05,0.0875,0.015848931924611134,0.06309573444801933,0.002,0.005137063562870026,0.0013825474322574558,0.013825474322574558,0.0826620900155351,0.016725290057360356,3.345058011472071e-05,413.31045007767545,41.33104500776754
1,16,0.05,0.0875,0.015848931924611134,0.1,0.002,0.004895485937595367,0.0013203313890405193,0.013203313890405194,0.07908845536274972,0.016694363077198106,3.338872615439621e-05,395.4422768137486,39.544227681374856
1,17,0.05,0.0875,0.015848931924611134,0.15848931924611143,0.002,0.004517402499914169,0.0012230762531035661,0.01223076253103566,0.073475595915652,0.016646020190263233,3.329204038052647e-05,367.37797957826,36.737797957826004
1,18,0.05,0.0875,0.015848931924611134,0.25118864315095807,0.002,0.003937460482120514,0.0010741430740338607,0.010741430740338608,0.06481678289119018,0.016571989940276054,3.314397988055211e-05,324.0839144559509,32.408391445595086
1,19,0.05,0.0875,0.015848931924611134,0.3981071705534973,0.002,0.0030878186225891113,0.0008564233313650455,0.008564233313650454,0.052018722930107016,0.016463751571059254,3.292750314211851e-05,260.0936146505351,26.00936146505351
1,20,0.05,0.0875,0.015848931924611134,0.6309573444801934,0.002,0.001950439065694809,0.0005658292464428302,0.005658292464428303,0.03467270756795778,0.016319153770550418,3.2638307541100837e-05,173.3635378397889,17.33635378397889
1,21,0.05,0.0875,0.015848931924611134,1.0,0.002,0.0006223581731319427,0.00022908027558450045,0.0022908027558450044,0.014184149114709622,0.01615044185815373,3.230088371630746e-05,70.9207455735481,7.0920745573548105
1,22,0.05,0.125,0.015848931924611134,0.01,0.002,0.010950993746519089,0.0029396338839606318,0.029396338839606316,0.16796620304523147,0.017501341523860132,3.500268304772027e-05,839.8310152261572,83.98310152261573
1,23,0.05,0.125,0.015848931924611134,0.015848931924611134,0.002,0.01089596375823021,0.0029254317377750013,0.02925431737775001,0.16722222055578745,0.017494276347078168,3.4988552694156336e-05,836.1111027789373,83.61111027789373
1,24,0.05,0.125,0.015848931924611134,0.025118864315095794,0.002,0.010808732360601425,0.002902927007811693,0.029029270078116932,0.1660420723977918,0.017483081040190022,3.4966162080380045e-05,830.2103619889591,83.02103619889591
1,25,0.05,0.125,0.015848931924611134,0.039810717055349734,0.002,0.010670524090528488,0.002867283637957915,0.028672836379579153,0.16416983435477772,0.017465350131021018,3.493070026204204e-05,820.8491717738884,82.08491717738885
1,26,0.05,0.125,0.015848931924611134,0.06309573444801933,0.002,0.010451789945363998,0.0028109040558687275,0.028109040558687275,0.16120060273946019,0.01743730487417494,3.4874609748349886e-05,806.0030136973008,80.60030136973009
1,27,0.05,0.125,0.015848931924611134,0.1,0.002,0.010106679052114487,0.0027220218100797535,0.027220218100797534,0.15650015106886084,0.017393093818050376,3.478618763610075e-05,782.5007553443043,78.25007553443042
1,28,0.05,0.125,0.015848931924611134,0.15848931924611143,0.002,0.00956656038761139,0.0025830785285692885,0.025830785285692884,0.14910416323655545,0.01732398661780627,3.4647973235612545e-05,745.5208161827773,74.55208161827773
1,29,0.05,0.125,0.015848931924611134,0.25118864315095807,0.002,0.008738074451684952,0.002370291999705734,0.023702919997057342,0.13766232585407526,0.017218160342709087,3.4436320685418176e-05,688.3116292703762,68.83116292703761
1,30,0.05,0.125,0.015848931924611134,0.3981071705534973,0.002,0.007524300366640091,0.0020591682292339254,0.020591682292339254,0.12067722451489771,0.017063437094376653,3.4126874188753305e-05,603.3861225744886,60.33861225744886
1,31,0.05,0.125,0.015848931924611134,0.6309573444801934,0.002,0.005899470299482346,0.0016435917402168134,0.016435917402168133,0.0975034906147534,0.01685674769030391,3.371349538060782e-05,487.517453073767,48.7517453073767
1,32,0.05,0.125,0.015848931924611134,1.0,0.002,0.004002213478088379,0.001159123388874362,0.011591233888743618,0.06976112540729,0.016615606214879584,3.323121242975917e-05,348.80562703645,34.880562703645005
1,33,0.05,0.1625,0.015848931924611134,0.01,0.002,0.016415487974882126,0.0044066104000229055,0.044066104000229055,0.24168432204898363,0.018232917893324464,3.646583578664893e-05,1208.421610244918,120.84216102449179
1,34,0.05,0.1625,0.015848931924611134,0.015848931924611134,0.002,0.016343940049409866,0.004388147295465307,0.04388147295465307,0.24079306420586635,0.018223727954695797,3.64474559093916e-05,1203.9653210293318,120.39653210293318
1,35,0.05,0.1625,0.015848931924611134,0.025118864315095794,0.002,0.016230542212724686,0.004358891276486758,0.04358891276486758,0.23937896181706186,0.018209166099642078,3.6418332199284156e-05,1196.8948090853091,119.68948090853092
1,36,0.05,0.1625,0.015848931924611134,0.039810717055349734,0.002,0.016050871461629868,0.00431255499573795,0.0431255499573795,0.23713463639617946,0.018186103309400105,3.637220661880021e-05,1185.6731819808974,118.56731819808974
1,37,0.05,0.1625,0.015848931924611134,0.06309573444801933,0.002,0.01576652005314827,0.004239261089289028,0.04239261089289028,0.23357293834199064,0.018149624350240555,3.6299248700481114e-05,1167.8646917099527,116.78646917099528
1,38,0.05,0.1625,0.015848931924611134,0.1,0.002,0.015317875891923904,0.004123713379453856,0.041237133794538555,0.22792871777135987,0.0180921185350169,3.61842370700338e-05,1139.6435888567992,113.96435888567993
1,39,0.05,0.1625,0.015848931924611134,0.15848931924611143,0.002,0.014615718275308609,0.0039430841776845384,0.03943084177684539,0.21903309353255349,0.018002230229645658,3.600446045929132e-05,1095.1654676627672,109.51654676627672
1,40,0.05,0.1625,0.015848931924611134,0.25118864315095807,0.002,0.013538692146539688,0.0036664522196597684,0.03666452219659768,0.20523582440252514,0.01786458202574237,3.572916405148474e-05,1026.1791220126256,102.61791220126258
1,41,0.05,0.1625,0.015848931924611134,0.3981071705534973,0.002,0.011960778385400772,0.0032619597994292047,0.032619597994292045,0.18467404543895669,0.017663336456813762,3.532667291362752e-05,923.3702271947833,92.33702271947834
1,42,0.05,0.1625,0.015848931924611134,0.6309573444801934,0.002,0.009848501533269882,0.0027216007505065443,0.027216007505065445,0.15646322654113584,0.017394507391108968,3.478901478221794e-05,782.3161327056793,78.23161327056792
1,43,0.05,0.1625,0.015848931924611134,1.0,0.002,0.007382068783044815,0.0020913844639491074,0.020913844639491072,0.12244006222220234,0.017080883707439605,3.416176741487921e-05,612.2003111110116,61.22003111110117
1,44,0.05,0.2,0.015848931924611134,0.01,0.002,0.021879974752664566,0.005873586888460651,0.05873586888460651,0.30971074462866005,0.018964750142921327,3.7929500285842656e-05,1548.5537231433002,154.85537231433
1,45,0.05,0.2,0.015848931924611134,0.015848931924611134,0.002,0.021791916340589523,0.005850862853145523,0.05850862853145523,0.30869671378638686,0.01895343420207001,3.7906868404140026e-05,1543.4835689319343,154.34835689319345
1,46,0.05,0.2,0.015848931924611134,0.025118864315095794,0.002,0.021652352064847946,0.005814855572497658,0.058148555724976576,0.3070874490787047,0.018935503844077148,3.7871007688154296e-05,1535.4372453935234,153.54372453935233
1,47,0.05,0.2,0.015848931924611134,0.039810717055349734,0.002,0.021431218832731247,0.005757826462712395,0.05757826462712395,0.3045324038139825,0.018907106076729515,3.781421215345903e-05,1522.6620190699123,152.26620190699123
1,48,0.05,0.2,0.015848931924611134,0.06309573444801933,0.002,0.02108125016093254,0.005667618076264966,0.05667618076264966,0.30047510801078076,0.01886218833162585,3.77243766632517e-05,1502.3755400539037,150.23755400539036
1,49,0.05,0.2,0.015848931924611134,0.1,0.002,0.020529072731733322,0.005525405049245973,0.05525405049245973,0.2940393463660343,0.018791379852843522,3.7582759705687045e-05,1470.196731830171,147.0196731830171
1,50,0.05,0.2,0.015848931924611134,0.15848931924611143,0.002,0.019664879888296127,0.0053030903501871335,0.05303090350187133,0.2838807399230439,0.018680697928379102,3.7361395856758204e-05,1419.4036996152197,141.94036996152198
1,51,0.05,0.2,0.015848931924611134,0.25118864315095807,0.002,0.018339302390813828,0.004962614568189966,0.049626145681899665,0.26808701237584903,0.018511208447623516,3.7022416895247035e-05,1340.435061879245,134.0435061879245
1,52,0.05,0.2,0.015848931924611134,0.3981071705534973,0.002,0.01639726385474205,0.00446476088790609,0.0446476088790609,0.2444647674685412,0.018263412491457017,3.652682498291404e-05,1222.3238373427057,122.23238373427057
1,53,0.05,0.2,0.015848931924611134,0.6309573444801934,0.002,0.013797532767057419,0.0037996461505056924,0.03799646150505692,0.2118871400337243,0.01793240566605852,3.586481133211704e-05,1059.4357001686215,105.94357001686215
1,54,0.05,0.2,0.015848931924611134,1.0,0.002,0.01076192781329155,0.003023812895518163,0.03023812895518163,0.17233377683158604,0.017546257913636967,3.5092515827273936e-05,861.66888415793,86.166888415793
2,3,0.05,0.05,0.025118864315095794,0.039810717055349734,0.002,5.5283308029174805e-05,1.4264033908346736e-05,0.00014264033908346736,0.0008903674073368492,0.016020390897968126,3.2040781795936255e-05,4.451837036684245,0.4451837036684245
2,4,0.05,0.05,0.025118864315095794,0.06309573444801933,0.002,0.00014277547597885132,3.682706386109233e-05,0.0003682706386109233,0.0023003702318816414,0.016009189890693713,3.201837978138743e-05,11.501851159408208,1.1501851159408207
2,5,0.05,0.05,0.025118864315095794,0.1,0.002,0.000280819833278656,7.239916413570687e-05,0.0007239916413570687,0.00452734380474838,0.01599153217826598,3.198306435653196e-05,22.636719023741907,2.2636719023741905
2,6,0.05,0.05,0.025118864315095794,0.15848931924611143,0.002,0.0004968680441379547,0.0001280104916306453,0.001280104916306453,0.0080187327311954,0.015963930451584212,3.192786090316842e-05,40.09366365597701,4.0093663655977005
2,7,0.05,0.05,0.025118864315095794,0.25118864315095807,0.002,0.0008282624185085297,0.0002131879042084592,0.002131879042084592,0.01338980265843477,0.01592166140508155,3.1843322810163095e-05,66.94901329217386,6.6949013292173865
2,8,0.05,0.05,0.025118864315095794,0.3981071705534973,0.002,0.001313772052526474,0.0003377590217203105,0.0033775902172031047,0.021296471878897372,0.015859858085460393,3.1719716170920784e-05,106.48235939448689,10.64823593944869
2,9,0.05,0.05,0.025118864315095794,0.6309573444801934,0.002,0.001963704824447632,0.0005042354062882699,0.005042354062882699,0.031959573012438,0.015777288579294595,3.1554577158589194e-05,159.79786506219,15.979786506219
2,10,0.05,0.05,0.025118864315095794,1.0,0.002,0.002722606062889099,0.0006985406636904389,0.006985406636904389,0.044547116022899694,0.01568094022812498,3.136188045624996e-05,222.73558011449853,22.27355801144985
2,11,0.05,0.0875,0.025118864315095794,0.01,0.002,0.005521398037672043,0.001481659508785268,0.01481659508785268,0.08837490202299146,0.016765614160452504,3.353122832090501e-05,441.8745101149572,44.18745101149572
2,12,0.05,0.0875,0.025118864315095794,0.015848931924611134,0.002,0.00548287108540535,0.0014717175424848658,0.014717175424848657,0.0878077900152589,0.016760671715221578,3.3521343430443155e-05,439.03895007629455,43.90389500762946
2,13,0.05,0.0875,0.025118864315095794,0.025118864315095794,0.002,0.0054218098521232605,0.0014559640667034495,0.014559640667034494,0.08690849090616037,0.016752840275129497,3.3505680550258995e-05,434.54245453080193,43.4542454530802
2,14,0.05,0.0875,0.025118864315095794,0.039810717055349734,0.002,0.005325067788362503,0.0014310142840068289,0.014310142840068289,0.08548249103320542,0.016740437330621957,3.3480874661243916e-05,427.41245516602714,42.74124551660271
2,15,0.05,0.0875,0.025118864315095794,0.06309573444801933,0.002,0.00517195463180542,0.0013915487246991941,0.013915487246991941,0.08322252248421126,0.016720818874039714,3.344163774807943e-05,416.11261242105627,41.61126124210563
2,16,0.05,0.0875,0.025118864315095794,0.1,0.002,0.004930377006530762,0.0013293322292237898,0.013293322292237897,0.0796489418671096,0.016689891893877463,3.337978378775493e-05,398.24470933554795,39.8244709335548
2,17,0.05,0.0875,0.025118864315095794,0.15848931924611143,0.002,0.004552293568849564,0.0012320762256647264,0.012320762256647265,0.07403615042991032,0.01664154900694259,3.328309801388518e-05,370.18075214955167,37.01807521495516
2,18,0.05,0.0875,0.025118864315095794,0.25118864315095807,0.002,0.003972351551055908,0.0010831411818346306,0.010831411818346307,0.06537739282050935,0.01656751875695541,3.313503751391082e-05,326.88696410254676,32.68869641025467
2,19,0.05,0.0875,0.025118864315095794,0.3981071705534973,0.002,0.0031227096915245056,0.0008654165932760533,0.008654165932760534,0.052579248478004416,0.016459280387738612,3.291856077547723e-05,262.89624239002205,26.289624239002205
2,20,0.05,0.0875,0.025118864315095794,0.6309573444801934,0.002,0.0019853301346302032,0.0005748046023475928,0.0057480460234759275,0.03523234971163446,0.016314682587229776,3.2629365174459555e-05,176.1617485581723,17.616174855817228
2,21,0.05,0.0875,0.025118864315095794,1.0,0.002,0.000657249242067337,0.00023788829876668824,0.0023788829876668824,0.01473360156274082,0.016145970674833088,3.229194134966618e-05,73.6680078137041,7.36680078137041
2,22,0.05,0.125,0.025118864315095794,0.01,0.002,0.010985884815454483,0.0029486356929110166,0.029486356929110166,0.16852360653774495,0.01749687034053949,3.499374068107898e-05,842.6180326887248,84.26180326887248
2,23,0.05,0.125,0.025118864315095794,0.015848931924611134,0.002,0.010930854827165604,0.0029344335075638514,0.029344335075638512,0.16777965678226084,0.017489805163757526,3.4979610327515054e-05,838.8982839113042,83.88982839113042
2,24,0.05,0.125,0.025118864315095794,0.025118864315095794,0.002,0.01084362342953682,0.0029119287140640187,0.029119287140640188,0.16659956014291277,0.01747860985686938,3.4957219713738764e-05,832.9978007145639,83.29978007145638
2,25,0.05,0.125,0.025118864315095794,0.039810717055349734,0.002,0.010705415159463882,0.002876285239810289,0.02876285239810289,0.1647274028086141,0.017460878947700372,3.492175789540074e-05,823.6370140430705,82.36370140430705
2,26,0.05,0.125,0.025118864315095794,0.06309573444801933,0.002,0.010486681014299393,0.002819905482721504,0.028199054827215037,0.16175829659872776,0.0174328336908543,3.48656673817086e-05,808.7914829936389,80.87914829936389
2,27,0.05,0.125,0.025118864315095794,0.1,0.002,0.010141570121049881,0.002731022934318456,0.02731022934318456,0.157058036837482,0.017388622634729733,3.477724526945947e-05,785.29018418741,78.529018418741
2,28,0.05,0.125,0.025118864315095794,0.15848931924611143,0.002,0.009601451456546783,0.0025920791044756085,0.025920791044756086,0.1496623340462753,0.017319515434485625,3.463903086897125e-05,748.3116702313765,74.83116702313765
2,29,0.05,0.125,0.025118864315095794,0.25118864315095807,0.002,0.008772965520620346,0.002379291511961426,0.023792915119614257,0.13822089442481578,0.01721368915938844,3.442737831877688e-05,691.1044721240789,69.1104472124079
2,30,0.05,0.125,0.025118864315095794,0.3981071705534973,0.002,0.007559191435575485,0.0020681654721357865,0.020681654721357863,0.1212362743978166,0.01705896591105601,3.4117931822112024e-05,606.181371989083,60.61813719890831
2,31,0.05,0.125,0.025118864315095794,0.6309573444801934,0.002,0.00593436136841774,0.0016525834900670761,0.01652583490067076,0.09806292279753874,0.016852276506983267,3.370455301396654e-05,490.3146139876937,49.03146139876937
2,32,0.05,0.125,0.025118864315095794,1.0,0.002,0.004037104547023773,0.0011680993536802601,0.011680993536802601,0.07032026116584009,0.01661113503155894,3.322227006311788e-05,351.6013058292005,35.16013058292005
2,33,0.05,0.1625,0.025118864315095794,0.01,0.002,0.01645037904381752,0.004415612199661524,0.044156121996615234,0.24223743634932007,0.018228446710003822,3.6456893420007644e-05,1211.1871817466003,121.11871817466003
2,34,0.05,0.1625,0.025118864315095794,0.015848931924611134,0.002,0.01637883111834526,0.004397149061052515,0.04397149061052515,0.2413462369091265,0.018219256771375154,3.643851354275031e-05,1206.7311845456325,120.67311845456324
2,35,0.05,0.1625,0.025118864315095794,0.025118864315095794,0.002,0.01626543328166008,0.004367892987018945,0.04367892987018945,0.2399322266643923,0.018204694916321436,3.6409389832642875e-05,1199.6611333219614,119.96611333219613
2,36,0.05,0.1625,0.025118864315095794,0.039810717055349734,0.002,0.016085762530565262,0.00432155661616032,0.0432155661616032,0.23768804616619335,0.018181632126079462,3.636326425215892e-05,1188.440230830967,118.84402308309669
2,37,0.05,0.1625,0.025118864315095794,0.06309573444801933,0.002,0.015801411122083664,0.004248262559639336,0.042482625596393354,0.2341265747695238,0.01814515316691991,3.629030633383982e-05,1170.6328738476188,117.0632873847619
2,38,0.05,0.1625,0.025118864315095794,0.1,0.002,0.015352766960859299,0.004132714593105175,0.04132714593105175,0.22848270495043735,0.018087647351696254,3.6175294703392506e-05,1142.413524752187,114.24135247521869
2,39,0.05,0.1625,0.025118864315095794,0.15848931924611143,0.002,0.014650609344244003,0.00395208493454983,0.03952084934549829,0.21958761223424708,0.017997759046325015,3.599551809265003e-05,1097.9380611712352,109.79380611712354
2,40,0.05,0.1625,0.025118864315095794,0.25118864315095807,0.002,0.013573583215475082,0.0036754521179336425,0.036754521179336426,0.20579111464435193,0.017860110842421728,3.572022168484346e-05,1028.9555732217596,102.89555732217595
2,41,0.05,0.1625,0.025118864315095794,0.3981071705534973,0.002,0.011995669454336166,0.0032709579659765987,0.03270957965976599,0.18523035967019227,0.017658865273493116,3.5317730546986235e-05,926.1517983509615,92.61517983509614
2,42,0.05,0.1625,0.025118864315095794,0.6309573444801934,0.002,0.009883392602205276,0.0027305951404487734,0.027305951404487733,0.15702067021722732,0.017390036207788326,3.478007241557665e-05,785.1033510861367,78.51033510861367
2,43,0.05,0.1625,0.025118864315095794,1.0,0.002,0.007416959851980209,0.002100369977176912,0.021003699771769118,0.12299831561285605,0.017076412524118963,3.415282504823793e-05,614.9915780642801,61.499157806428016
2,44,0.05,0.2,0.025118864315095794,0.01,0.002,0.02191486582159996,0.005882588683419621,0.058825886834196206,0.3102585513617101,0.01896027895960068,3.792055791920136e-05,1551.2927568085508,155.1292756808551
2,45,0.05,0.2,0.025118864315095794,0.015848931924611134,0.002,0.021826807409524918,0.005859864616634132,0.05859864616634132,0.30924460672787163,0.01894896301874937,3.789792603749874e-05,1546.2230336393582,154.62230336393583
2,46,0.05,0.2,0.025118864315095794,0.025118864315095794,0.002,0.02168724313378334,0.005823857285167819,0.05823857285167818,0.3076354781871202,0.018931032660756505,3.7862065321513014e-05,1538.177390935601,153.8177390935601
2,47,0.05,0.2,0.025118864315095794,0.039810717055349734,0.002,0.02146610990166664,0.00576682809237297,0.057668280923729706,0.3050806474807275,0.01890263489340887,3.780526978681774e-05,1525.4032374036376,152.54032374036376
2,48,0.05,0.2,0.025118864315095794,0.06309573444801933,0.002,0.021116141229867935,0.0056766195681304706,0.056766195681304706,0.3010236882591403,0.018857717148305204,3.771543429661041e-05,1505.1184412957016,150.51184412957016
2,49,0.05,0.2,0.025118864315095794,0.1,0.002,0.020563963800668716,0.005534406306670398,0.055344063066703975,0.2945884500758023,0.018786908669522876,3.7573817339045756e-05,1472.9422503790115,147.29422503790116
2,50,0.05,0.2,0.025118864315095794,0.15848931924611143,0.002,0.01969977095723152,0.0053120911941365,0.053120911941365,0.2844306436546143,0.018676226745058457,3.7352453490116916e-05,1422.1532182730716,142.21532182730718
2,51,0.05,0.2,0.025118864315095794,0.25118864315095807,0.002,0.018374193459749222,0.0049716146467028354,0.049716146467028356,0.26863809518128534,0.01850673726430287,3.701347452860574e-05,1343.1904759064269,134.3190475906427
2,52,0.05,0.2,0.025118864315095794,0.3981071705534973,0.002,0.016432154923677444,0.004473759463312051,0.04473759463312051,0.2450174622839988,0.01825894130813637,3.651788261627274e-05,1225.0873114199942,122.5087311419994
2,53,0.05,0.2,0.025118864315095794,0.6309573444801934,0.002,0.013832423835992813,0.0038086415993887836,0.03808641599388784,0.21244174018239412,0.017927934482737874,3.585586896547575e-05,1062.2087009119707,106.22087009119706
2,54,0.05,0.2,0.025118864315095794,1.0,0.002,0.010796818882226944,0.0030328015909191247,0.030328015909191246,0.1728901187515712,0.01754178673031632,3.508357346063264e-05,864.450593757856,86.4450593757856
3,4,0.05,0.05,0.039810717055349734,0.06309573444801933,0.002,8.749216794967651e-05,2.256303038275768e-05,0.0002256303038275768,0.0014100035953832143,0.016002108403578533,3.200421680715707e-05,7.050017976916072,0.7050017976916072
3,5,0.05,0.05,0.039810717055349734,0.1,0.002,0.0002255365252494812,5.8135132274051316e-05,0.0005813513227405132,0.003636980300251148,0.0159844506911508,3.19689013823016e-05,18.184901501255744,1.8184901501255744
3,6,0.05,0.05,0.039810717055349734,0.15848931924611143,0.002,0.0004415847361087799,0.00011374646423594047,0.0011374646423594047,0.007128378822737412,0.015956848964469035,3.191369792893807e-05,35.64189411368706,3.564189411368706
3,7,0.05,0.05,0.039810717055349734,0.25118864315095807,0.002,0.0007729791104793549,0.00019892388705522376,0.0019892388705522374,0.012499474574924441,0.01591457991796637,3.182915983593274e-05,62.49737287462221,6.249737287462221
3,8,0.05,0.05,0.039810717055349734,0.3981071705534973,0.002,0.0012584887444972992,0.00032349502445063404,0.0032349502445063404,0.020406205969268624,0.015852776598345216,3.170555319669043e-05,102.0310298463431,10.203102984634311
3,9,0.05,0.05,0.039810717055349734,0.6309573444801934,0.002,0.001908421516418457,0.0004899714392324388,0.004899714392324389,0.031069435954041463,0.015770207092179418,3.1540414184358834e-05,155.3471797702073,15.53471797702073
3,10,0.05,0.05,0.039810717055349734,1.0,0.002,0.0026673227548599243,0.0006842767231774172,0.006842767231774172,0.04365719600286075,0.015673858741009804,3.134771748201961e-05,218.28598001430376,21.828598001430375
3,11,0.05,0.0875,0.039810717055349734,0.01,0.002,0.005576681345701218,0.001495917187062972,0.01495917187062972,0.0892630170088198,0.016758532673337323,3.351706534667465e-05,446.315085044099,44.6315085044099
3,12,0.05,0.0875,0.039810717055349734,0.015848931924611134,0.002,0.0055381543934345245,0.0014859751358832843,0.014859751358832843,0.08869592222629162,0.0167535902281064,3.35071804562128e-05,443.479611131458,44.3479611131458
3,13,0.05,0.0875,0.039810717055349734,0.025118864315095794,0.002,0.005477093160152435,0.0014702215215598475,0.014702215215598474,0.08779664989633973,0.01674575878801432,3.349151757602864e-05,438.9832494816986,43.89832494816986
3,14,0.05,0.0875,0.039810717055349734,0.039810717055349734,0.002,0.005380351096391678,0.0014452715086584811,0.014452715086584812,0.08637069110194684,0.016733355843506777,3.3466711687013556e-05,431.85345550973426,43.18534555097342
3,15,0.05,0.0875,0.039810717055349734,0.06309573444801933,0.002,0.005227237939834595,0.0014058055557401828,0.014058055557401828,0.08411078403325702,0.016713737386924533,3.342747477384907e-05,420.553920166285,42.0553920166285
3,16,0.05,0.0875,0.039810717055349734,0.1,0.002,0.0049856603145599365,0.001343588357379834,0.01343588357379834,0.08053729105710018,0.016682810406762283,3.336562081352457e-05,402.6864552855009,40.268645528550095
3,17,0.05,0.0875,0.039810717055349734,0.15848931924611143,0.002,0.004607576876878738,0.00124633100788699,0.012463310078869898,0.07492461098628067,0.01663446751982741,3.326893503965482e-05,374.6230549314034,37.46230549314034
3,18,0.05,0.0875,0.039810717055349734,0.25118864315095807,0.002,0.004027634859085083,0.001097393081113631,0.010973930811136309,0.06626594837034867,0.01656043726984023,3.312087453968046e-05,331.32974185174345,33.13297418517434
3,19,0.05,0.0875,0.039810717055349734,0.3981071705534973,0.002,0.0031779929995536804,0.0008796610513123323,0.008796610513123323,0.05346768882541281,0.01645219890062343,3.290439780124686e-05,267.33844412706407,26.733844412706407
3,20,0.05,0.0875,0.039810717055349734,0.6309573444801934,0.002,0.002040613442659378,0.0005890219932666956,0.005890219932666956,0.03611947518525926,0.016307601100114595,3.261520220022919e-05,180.59737592629628,18.059737592629627
3,21,0.05,0.0875,0.039810717055349734,1.0,0.002,0.0007125325500965118,0.0002518670417651869,0.0025186704176518694,0.015606219166363938,0.016138889187717907,3.227777837543582e-05,78.03109583181968,7.803109583181968
3,22,0.05,0.125,0.039810717055349734,0.01,0.002,0.011041168123483658,0.002962893277610352,0.029628932776103522,0.1694070352959264,0.01748978885342431,3.497957770684862e-05,847.035176479632,84.7035176479632
3,23,0.05,0.125,0.039810717055349734,0.015848931924611134,0.002,0.010986138135194778,0.0029486910305404077,0.02948691030540408,0.16866313768260166,0.017482723676642345,3.4965447353284694e-05,843.3156884130083,84.33156884130082
3,24,0.05,0.125,0.039810717055349734,0.025118864315095794,0.002,0.010898906737565994,0.002926186136909748,0.029261861369097482,0.16748312311219488,0.0174715283697542,3.49430567395084e-05,837.4156155609745,83.74156155609745
3,25,0.05,0.125,0.039810717055349734,0.039810717055349734,0.002,0.010760698467493057,0.002890542498151953,0.028905424981519535,0.1656110943580893,0.017453797460585195,3.490759492117039e-05,828.0554717904464,82.80554717904462
3,26,0.05,0.125,0.039810717055349734,0.06309573444801933,0.002,0.010541964322328568,0.002834162465386335,0.028341624653863348,0.16264218796696742,0.01742575220373912,3.485150440747824e-05,813.2109398348372,81.32109398348372
3,27,0.05,0.125,0.039810717055349734,0.1,0.002,0.010196853429079056,0.0027452794404820608,0.02745279440482061,0.1579422340727723,0.017381541147614553,3.476308229522911e-05,789.7111703638615,78.97111703638613
3,28,0.05,0.125,0.039810717055349734,0.15848931924611143,0.002,0.009656734764575958,0.0026063347478622765,0.026063347478622767,0.15054698581294215,0.017312433947370448,3.4624867894740896e-05,752.7349290647106,75.27349290647106
3,29,0.05,0.125,0.039810717055349734,0.25118864315095807,0.002,0.008828248828649521,0.002393545483882432,0.02393545483882432,0.13910618115268547,0.017206607672273264,3.441321534454653e-05,695.5309057634273,69.55309057634273
3,30,0.05,0.125,0.039810717055349734,0.3981071705534973,0.002,0.00761447474360466,0.002082415885979384,0.020824158859793836,0.1221223317145918,0.01705188442394083,3.4103768847881664e-05,610.6116585729591,61.06116585729591
3,31,0.05,0.125,0.039810717055349734,0.6309573444801934,0.002,0.005989644676446915,0.0016668253266631516,0.016668253266631516,0.09894960104036862,0.016845195019868087,3.369039003973618e-05,494.74800520184306,49.47480052018431
3,32,0.05,0.125,0.039810717055349734,1.0,0.002,0.004092387855052948,0.0011823167324706001,0.011823167324706002,0.07120651166932913,0.01660405354444376,3.3208107088887526e-05,356.03255834664554,35.60325583466455
3,33,0.05,0.1625,0.039810717055349734,0.01,0.002,0.016505662351846695,0.0044298697527306915,0.04429869752730692,0.24311404214466553,0.01822136522288864,3.6442730445777283e-05,1215.5702107233276,121.55702107233274
3,34,0.05,0.1625,0.039810717055349734,0.015848931924611134,0.002,0.016434114426374435,0.004411406560241087,0.04411406560241087,0.2422229355574939,0.018212175284259974,3.642435056851995e-05,1211.1146777874696,121.11146777874694
3,35,0.05,0.1625,0.039810717055349734,0.025118864315095794,0.002,0.016320716589689255,0.004382150399098118,0.04382150399098118,0.24080907181295472,0.018197613429206255,3.6395226858412514e-05,1204.0453590647733,120.40453590647734
3,36,0.05,0.1625,0.039810717055349734,0.039810717055349734,0.002,0.016141045838594437,0.004335813885680592,0.04335813885680592,0.23856512173594396,0.018174550638964282,3.634910127792856e-05,1192.8256086797198,119.282560867972
3,37,0.05,0.1625,0.039810717055349734,0.06309573444801933,0.002,0.01585669443011284,0.004262519591778592,0.042625195917785914,0.23500401073640925,0.018138071679804732,3.6276143359609465e-05,1175.0200536820462,117.50200536820462
3,38,0.05,0.1625,0.039810717055349734,0.1,0.002,0.015408050268888474,0.0041469712193210745,0.041469712193210745,0.22936069868503303,0.018080565864581077,3.616113172916215e-05,1146.8034934251652,114.68034934251654
3,39,0.05,0.1625,0.039810717055349734,0.15848931924611143,0.002,0.014705892652273178,0.00396634083879376,0.039663408387937596,0.2204664513462585,0.017990677559209835,3.598135511841967e-05,1102.3322567312925,110.23322567312925
3,40,0.05,0.1625,0.039810717055349734,0.25118864315095807,0.002,0.013628866523504257,0.00368970666626492,0.0368970666626492,0.20667118127872283,0.017853029355306547,3.57060587106131e-05,1033.355906393614,103.33559063936141
3,41,0.05,0.1625,0.039810717055349734,0.3981071705534973,0.002,0.012050952762365341,0.0032852097834108786,0.032852097834108786,0.18611205661527017,0.01765178378637794,3.530356757275588e-05,930.5602830763506,93.05602830763506
3,42,0.05,0.1625,0.039810717055349734,0.6309573444801934,0.002,0.009938675910234451,0.0027448410165647765,0.027448410165647762,0.1579041688062617,0.017382954720673145,3.476590944134629e-05,789.5208440313086,78.95208440313087
3,43,0.05,0.1625,0.039810717055349734,1.0,0.002,0.007472243160009384,0.0021146019442204685,0.021146019442204688,0.1238831176005858,0.017069331037003782,3.413866207400757e-05,619.415588002929,61.94155880029289
3,44,0.05,0.2,0.039810717055349734,0.01,0.002,0.021970149129629135,0.0058968462205655275,0.058968462205655284,0.31112672303056116,0.018953197472485504,3.790639494497101e-05,1555.6336151528055,155.56336151528055
3,45,0.05,0.2,0.039810717055349734,0.015848931924611134,0.002,0.021882090717554092,0.005874122103885164,0.05874122103885163,0.3101129153444969,0.01894188153163419,3.788376306326838e-05,1550.5645767224848,155.05645767224848
3,46,0.05,0.2,0.039810717055349734,0.025118864315095794,0.002,0.021742526441812515,0.005838114691852734,0.05838114691852734,0.308504003116669,0.018923951173641325,3.7847902347282654e-05,1542.5200155833445,154.25200155833446
3,47,0.05,0.2,0.039810717055349734,0.039810717055349734,0.002,0.021521393209695816,0.005781085367467865,0.05781085367467865,0.30594951326179803,0.018895553406293692,3.7791106812587385e-05,1529.7475663089901,152.974756630899
3,48,0.05,0.2,0.039810717055349734,0.06309573444801933,0.002,0.02117142453789711,0.005690876624817867,0.05690876624817867,0.3018930887585043,0.018850635661190027,3.7701271322380054e-05,1509.4654437925215,150.94654437925215
3,49,0.05,0.2,0.039810717055349734,0.1,0.002,0.02061924710869789,0.005548662991850386,0.05548662991850386,0.2954586822315482,0.0187798271824077,3.7559654364815396e-05,1477.2934111577406,147.72934111577408
3,50,0.05,0.2,0.039810717055349734,0.15848931924611143,0.002,0.019755054265260696,0.005326347224355402,0.05326347224355402,0.2853021469790733,0.01866914525794328,3.733829051588656e-05,1426.5107348953663,142.6510734895366
3,51,0.05,0.2,0.039810717055349734,0.25118864315095807,0.002,0.018429476767778397,0.0049858694652302315,0.04985869465230231,0.26951147228254974,0.018499655777187693,3.6999311554375387e-05,1347.5573614127484,134.75573614127484
3,52,0.05,0.2,0.039810717055349734,0.3981071705534973,0.002,0.01648743823170662,0.0044880119050142095,0.04488011905014209,0.24589340204362276,0.018251859821021194,3.650371964204239e-05,1229.4670102181137,122.94670102181139
3,53,0.05,0.2,0.039810717055349734,0.6309573444801934,0.002,0.013887707144021988,0.0038228891060179933,0.03822889106017993,0.21332071118220564,0.017920852995622696,3.5841705991245395e-05,1066.6035559110278,106.6603555911028
3,54,0.05,0.2,0.039810717055349734,1.0,0.002,0.010852102190256119,0.003047038467199418,0.03047038467199418,0.17377186698823283,0.017534705243201144,3.506941048640229e-05,868.8593349411641,86.88593349411641
4,5,0.05,0.05,0.06309573444801933,0.1,0.002,0.0001380443572998047,3.557210341171358e-05,0.00035572103411713574,0.0022269797389832652,0.01597324968387639,3.1946499367752785e-05,11.134898694916327,1.1134898694916329
4,6,0.05,0.05,0.06309573444801933,0.15848931924611143,0.002,0.0003540925681591034,9.118344082248447e-05,0.0009118344082248446,0.005718390439025263,0.015945647957194622,3.189129591438925e-05,28.591952195126318,2.859195219512632
4,7,0.05,0.05,0.06309573444801933,0.25118864315095807,0.002,0.0006854869425296783,0.00017636087742240364,0.0017636087742240363,0.01108952244757464,0.015903378910691962,3.1806757821383926e-05,55.447612237873194,5.54476122378732
4,8,0.05,0.05,0.06309573444801933,0.3981071705534973,0.002,0.0011709965765476227,0.00030093204289410636,0.0030093204289410634,0.0189963454811735,0.015841575591070807,3.1683151182141616e-05,94.9817274058675,9.49817274058675
4,9,0.05,0.05,0.06309573444801933,0.6309573444801934,0.002,0.0018209293484687805,0.0004674085013607864,0.004674085013607864,0.02965977034608169,0.015759006084905006,3.151801216981001e-05,148.29885173040844,14.829885173040843
4,10,0.05,0.05,0.06309573444801933,1.0,0.002,0.002579830586910248,0.000661713823556247,0.00661713823556247,0.04224786334512046,0.015662657733735392,3.1325315467470786e-05,211.23931672560232,21.123931672560232
4,11,0.05,0.0875,0.06309573444801933,0.01,0.002,0.005664173513650894,0.001518470212118994,0.015184702121189941,0.09066938198853783,0.01674733166606291,3.349466333212582e-05,453.34690994268925,45.334690994268925
4,12,0.05,0.0875,0.06309573444801933,0.015848931924611134,0.002,0.005625646561384201,0.0015085280302914671,0.01508528030291467,0.09010231517103047,0.016742389220831988,3.348477844166398e-05,450.5115758551523,45.051157585515234
4,13,0.05,0.0875,0.06309573444801933,0.025118864315095794,0.002,0.005564585328102112,0.0014927742027972114,0.014927742027972113,0.08920308635315545,0.016734557780739907,3.346911556147981e-05,446.01543176577724,44.60154317657773
4,14,0.05,0.0875,0.06309573444801933,0.039810717055349734,0.002,0.005467843264341354,0.0014678238358873865,0.014678238358873864,0.08777719440242299,0.016722154836232368,3.3444309672464734e-05,438.885972012115,43.8885972012115
4,15,0.05,0.0875,0.06309573444801933,0.06309573444801933,0.002,0.005314730107784271,0.0014283572782386013,0.014283572782386015,0.08551738764532013,0.01670253637965012,3.340507275930024e-05,427.5869382266007,42.758693822660064
4,16,0.05,0.0875,0.06309573444801933,0.1,0.002,0.005073152482509613,0.0013661390017060228,0.013661390017060227,0.0819440384530595,0.01667160939948787,3.334321879897574e-05,409.72019226529767,40.97201922652977
4,17,0.05,0.0875,0.06309573444801933,0.15848931924611143,0.002,0.004695069044828415,0.0012688795934075766,0.012688795934075767,0.0763315436499431,0.016623266512552998,3.3246533025105993e-05,381.6577182497156,38.16577182497156
4,18,0.05,0.0875,0.06309573444801933,0.25118864315095807,0.002,0.0041151270270347595,0.0011199372793685477,0.011199372793685478,0.06767304917277861,0.01654923626256582,3.309847252513165e-05,338.365245863893,33.8365245863893
4,19,0.05,0.0875,0.06309573444801933,0.3981071705534973,0.002,0.003265485167503357,0.0009021940407549254,0.009021940407549254,0.05487465217180615,0.016440997893349022,3.2881995786698046e-05,274.3732608590308,27.437326085903077
4,20,0.05,0.0875,0.06309573444801933,0.6309573444801934,0.002,0.0021281056106090546,0.0006115151646039745,0.006115151646039745,0.0375245551852058,0.016296400092840183,3.2592800185680367e-05,187.62277592602905,18.762277592602903
4,21,0.05,0.0875,0.06309573444801933,1.0,0.002,0.0008000247180461884,0.00027403765051218636,0.002740376505121864,0.016991750302097583,0.016127688180443495,3.225537636088699e-05,84.95875151048793,8.495875151048791
4,22,0.05,0.125,0.06309573444801933,0.01,0.002,0.011128660291433334,0.00298544603332967,0.0298544603332967,0.17080590603818657,0.0174785878461499,3.4957175692299804e-05,854.0295301909329,85.40295301909329
4,23,0.05,0.125,0.06309573444801933,0.015848931924611134,0.002,0.011073630303144455,0.002971243689502889,0.029712436895028893,0.17006209165227726,0.017471522669367932,3.4943045338735866e-05,850.3104582613863,85.03104582613862
4,24,0.05,0.125,0.06309573444801933,0.025118864315095794,0.002,0.01098639890551567,0.00294873863892853,0.0294873863892853,0.16888220808877993,0.01746032736247979,3.492065472495958e-05,844.4110404438997,84.44110404438996
4,25,0.05,0.125,0.06309573444801933,0.039810717055349734,0.002,0.010848190635442734,0.0029130947423898156,0.029130947423898153,0.16701038461718698,0.017442596453310782,3.488519290662157e-05,835.0519230859348,83.5051923085935
4,26,0.05,0.125,0.06309573444801933,0.06309573444801933,0.002,0.010629456490278244,0.0028567142778005462,0.028567142778005462,0.16404179732064994,0.01741455119646471,3.4829102392929416e-05,820.2089866032499,82.02089866032499
4,27,0.05,0.125,0.06309573444801933,0.1,0.002,0.010284345597028732,0.0027678305069818265,0.027678305069818266,0.15934233207983847,0.01737034014034014,3.474068028068028e-05,796.7116603991924,79.67116603991923
4,28,0.05,0.125,0.06309573444801933,0.15848931924611143,0.002,0.009744226932525635,0.0026288844652592367,0.026288844652592368,0.15194781056133475,0.017301232940096035,3.460246588019207e-05,759.7390528066737,75.97390528066737
4,29,0.05,0.125,0.06309573444801933,0.25118864315095807,0.002,0.008915740996599197,0.002416092592664574,0.02416092592664574,0.14050802285371453,0.01719540666499885,3.4390813329997706e-05,702.5401142685727,70.25401142685726
4,30,0.05,0.125,0.06309573444801933,0.3981071705534973,0.002,0.0077019669115543365,0.0021049574607014893,0.021049574607014895,0.12352541322625375,0.01704068341666642,3.408136683333284e-05,617.6270661312689,61.76270661312687
4,31,0.05,0.125,0.06309573444801933,0.6309573444801934,0.002,0.006077136844396591,0.0016893536433161725,0.016893536433161722,0.10035370346765896,0.016833994012593678,3.3667988025187355e-05,501.76851733829477,50.17685173382949
4,32,0.05,0.125,0.06309573444801933,1.0,0.002,0.0041798800230026245,0.0012048076876543003,0.012048076876543003,0.07261004007330459,0.01659285253716935,3.31857050743387e-05,363.050200366523,36.305020036652294
4,33,0.05,0.1625,0.06309573444801933,0.01,0.002,0.01659315451979637,0.004452422416234596,0.044524224162345964,0.24450204641300732,0.01821016421561423,3.6420328431228455e-05,1222.510232065037,122.2510232065037
4,34,0.05,0.1625,0.06309573444801933,0.015848931924611134,0.002,0.016521606594324112,0.004433959138757313,0.04433959138757314,0.24361108758688182,0.01820097427698556,3.640194855397112e-05,1218.0554379344096,121.80554379344093
4,35,0.05,0.1625,0.06309573444801933,0.025118864315095794,0.002,0.01640820875763893,0.004404702840227362,0.04404702840227361,0.24219745698252862,0.018186412421931843,3.6372824843863686e-05,1210.987284912643,121.09872849126431
4,36,0.05,0.1625,0.06309573444801933,0.039810717055349734,0.002,0.016228538006544113,0.004358366102004279,0.04358366102004279,0.23995387361812223,0.018163349631689873,3.632669926337975e-05,1199.7693680906111,119.97693680906112
4,37,0.05,0.1625,0.06309573444801933,0.06309573444801933,0.002,0.015944186598062515,0.004285071433865365,0.04285071433865365,0.2363933362397192,0.01812687067253032,3.625374134506064e-05,1181.9666811985962,118.19666811985962
4,38,0.05,0.1625,0.06309573444801933,0.1,0.002,0.01549554243683815,0.00416952242173469,0.0416952242173469,0.2307509120913384,0.018069364857306668,3.613872971461334e-05,1153.754560456692,115.37545604566918
4,39,0.05,0.1625,0.06309573444801933,0.15848931924611143,0.002,0.014793384820222855,0.003988890904312235,0.03988890904312234,0.2218580108708918,0.017979476551935422,3.595895310387085e-05,1109.290054354459,110.92900543544593
4,40,0.05,0.1625,0.06309573444801933,0.25118864315095807,0.002,0.013716358691453934,0.0037122545992590876,0.03712254599259088,0.20806469644511125,0.01784182834803214,3.568365669606428e-05,1040.3234822255563,104.03234822255563
4,41,0.05,0.1625,0.06309573444801933,0.3981071705534973,0.002,0.012138444930315018,0.003307753430483549,0.03307753430483549,0.18750817203169776,0.017640582779103527,3.528116555820705e-05,937.5408601584887,93.75408601584888
4,42,0.05,0.1625,0.06309573444801933,0.6309573444801934,0.002,0.010026168078184128,0.002767375372863655,0.02767375372863655,0.15930316642292677,0.017371753713398736,3.4743507426797476e-05,796.5158321146338,79.65158321146339
4,43,0.05,0.1625,0.06309573444801933,1.0,0.002,0.007559735327959061,0.0021371146816133706,0.021371146816133706,0.125284229741991,0.01705813002972937,3.411626005945874e-05,626.4211487099551,62.64211487099551
4,44,0.05,0.2,0.06309573444801933,0.01,0.002,0.02205764129757881,0.005919398837452158,0.05919398837452158,0.31250131676055043,0.018941996465211094,3.788399293042219e-05,1562.506583802752,156.25065838027518
4,45,0.05,0.2,0.06309573444801933,0.015848931924611134,0.002,0.02196958288550377,0.005896674641826085,0.05896674641826084,0.31148772672162056,0.01893068052435978,3.786136104871956e-05,1557.438633608103,155.74386336081028
4,46,0.05,0.2,0.06309573444801933,0.025118864315095794,0.002,0.021830018609762192,0.0058606671023288355,0.05860667102328835,0.30987915828079976,0.018912750166366912,3.7825500332733826e-05,1549.3957914039988,154.9395791403999
4,47,0.05,0.2,0.06309573444801933,0.039810717055349734,0.002,0.021608885377645493,0.0058036375697788235,0.05803637569778823,0.30732521016077957,0.018884352399019283,3.776870479803857e-05,1536.6260508038977,153.66260508038977
4,48,0.05,0.2,0.06309573444801933,0.06309573444801933,0.002,0.021258916705846786,0.0057134284816960385,0.05713428481696038,0.3032696355624743,0.018839434653915618,3.767886930783124e-05,1516.3481778123712,151.63481778123713
4,49,0.05,0.2,0.06309573444801933,0.1,0.002,0.020706739276647568,0.005571214261351692,0.05571214261351692,0.2968365510275356,0.018768626175133286,3.7537252350266575e-05,1484.1827551376778,148.41827551376778
4,50,0.05,0.2,0.06309573444801933,0.15848931924611143,0.002,0.019842546433210373,0.005348897458907664,0.053488974589076636,0.2866820367263082,0.01865794425066887,3.731588850133774e-05,1433.4101836315408,143.3410183631541
4,51,0.05,0.2,0.06309573444801933,0.25118864315095807,0.002,0.018516968935728073,0.0050084177869422946,0.05008417786942295,0.27089434186206934,0.01848845476991328,3.697690953982656e-05,1354.4717093103468,135.44717093103466
4,52,0.05,0.2,0.06309573444801933,0.3981071705534973,0.002,0.016574930399656296,0.004510556480612249,0.045105564806122496,0.24728034917318556,0.018240658813746785,3.6481317627493573e-05,1236.4017458659278,123.64017458659276
4,53,0.05,0.2,0.06309573444801933,0.6309573444801934,0.002,0.013975199311971664,0.00384542592410775,0.0384542592410775,0.21471248724483977,0.017909651988348284,3.581930397669657e-05,1073.562436224199,107.35624362241988
4,54,0.05,0.2,0.06309573444801933,1.0,0.002,0.010939594358205795,0.003069558645413097,0.030695586454130973,0.1751680830549794,0.017523504235926732,3.5047008471853466e-05,875.8404152748969,87.58404152748969
5,6,0.05,0.05,0.1,0.15848931924611143,0.002,0.0002160482108592987,5.5611342297394646e-05,0.0005561134229739465,0.0034914224232191274,0.01592799024476689,3.185598048953378e-05,17.45711211609564,1.7457112116095639
5,7,0.05,0.05,0.1,0.25118864315095807,0.002,0.0005474425852298737,0.00014078879505966536,0.0014078879505966537,0.008862600149060202,0.01588572119826423,3.177144239652846e-05,44.31300074530101,4.4313000745301006
5,8,0.05,0.05,0.1,0.3981071705534973,0.002,0.001032952219247818,0.00026535999701510297,0.00265359997015103,0.016769550944981143,0.015823917878643075,3.164783575728615e-05,83.84775472490571,8.384775472490572
5,9,0.05,0.05,0.1,0.6309573444801934,0.002,0.0016828849911689758,0.00043183651487327087,0.004318365148732709,0.027433260776332794,0.015741348372477273,3.1482696744954545e-05,137.166303881664,13.716630388166399
5,10,0.05,0.05,0.1,1.0,0.002,0.002441786229610443,0.0006261418888208673,0.006261418888208673,0.04002185285829947,0.01564500002130766,3.129000004261532e-05,200.10926429149737,20.010926429149738
5,11,0.05,0.0875,0.1,0.01,0.002,0.005802217870950699,0.0015540266676087892,0.015540266676087893,0.09289043360412386,0.016729673953635178,3.3459347907270355e-05,464.45216802061947,46.44521680206194
5,12,0.05,0.0875,0.1,0.015848931924611134,0.002,0.005763690918684006,0.001544084288463432,0.01544084288463432,0.09232341264716402,0.016724731508404256,3.344946301680851e-05,461.61706323582007,46.16170632358201
5,13,0.05,0.0875,0.1,0.025118864315095794,0.002,0.0057026296854019165,0.0015283301391889404,0.015283301391889402,0.09142425527122557,0.016716900068312175,3.343380013662435e-05,457.12127635612774,45.71212763561278
5,14,0.05,0.0875,0.1,0.039810717055349734,0.002,0.005605887621641159,0.001503379238362116,0.01503379238362116,0.08999847329853079,0.016704497123804635,3.3408994247609274e-05,449.99236649265396,44.9992366492654
5,15,0.05,0.0875,0.1,0.06309573444801933,0.002,0.005452774465084076,0.0014639117699347859,0.01463911769934786,0.0877388322164221,0.01668487866722239,3.3369757334444775e-05,438.69416108211067,43.86941610821106
5,16,0.05,0.0875,0.1,0.1,0.002,0.005211196839809418,0.0014016918734656764,0.014016918734656764,0.0841657223345237,0.016653951687060138,3.330790337412028e-05,420.82861167261854,42.08286116726185
5,17,0.05,0.0875,0.1,0.15848931924611143,0.002,0.00483311340212822,0.001304429384827602,0.01304429384827602,0.07855354178991389,0.016605608800125266,3.321121760025053e-05,392.7677089495695,39.27677089495695
5,18,0.05,0.0875,0.1,0.25118864315095807,0.002,0.004253171384334564,0.0011554805572930775,0.011554805572930775,0.06989535535210131,0.01653157855013809,3.306315710027618e-05,349.47677676050654,34.94767767605065
5,19,0.05,0.0875,0.1,0.3981071705534973,0.002,0.0034035295248031616,0.0009377209310395603,0.009377209310395603,0.057096846360699165,0.01642334018092129,3.284668036184258e-05,285.4842318034959,28.548423180349587
5,20,0.05,0.0875,0.1,0.6309573444801934,0.002,0.0022661499679088593,0.0006469858421046037,0.006469858421046038,0.039744215307633064,0.01627874238041245,3.25574847608249e-05,198.72107653816536,19.872107653816535
5,21,0.05,0.0875,0.1,1.0,0.002,0.000938069075345993,0.00030910391260347003,0.0030910391260347003,0.019187047052279204,0.016110030468015762,3.222006093603152e-05,95.93523526139603,9.593523526139604
5,22,0.05,0.125,0.1,0.01,0.002,0.011266704648733139,0.003021001772646736,0.030210017726467354,0.17301493961150996,0.017460930133722168,3.492186026744434e-05,865.0746980575498,86.507469805755
5,23,0.05,0.125,0.1,0.015848931924611134,0.002,0.01121167466044426,0.003006799278514895,0.030067992785148948,0.1722712583105725,0.0174538649569402,3.49077299138804e-05,861.3562915528626,86.13562915528627
5,24,0.05,0.125,0.1,0.025118864315095794,0.002,0.011124443262815475,0.0029842939841908584,0.029842939841908583,0.17109158426227214,0.017442669650052058,3.4885339300104115e-05,855.4579213113607,85.54579213113607
5,25,0.05,0.125,0.1,0.039810717055349734,0.002,0.010986234992742538,0.0029486496874338557,0.029486496874338557,0.1692200891653996,0.01742493874088305,3.48498774817661e-05,846.1004458269981,84.6100445826998
5,26,0.05,0.125,0.1,0.06309573444801933,0.002,0.010767500847578049,0.0028922685528103248,0.02892268552810325,0.16625201249086277,0.017396893484036977,3.4793786968073956e-05,831.2600624543139,83.12600624543138
5,27,0.05,0.125,0.1,0.1,0.002,0.010422389954328537,0.0028033836257400006,0.028033836257400007,0.16155332971637043,0.017352682427912408,3.470536485582482e-05,807.7666485818521,80.7766648581852
5,28,0.05,0.125,0.1,0.15848931924611143,0.002,0.00988227128982544,0.0026644354962600926,0.026644354962600928,0.15415997333669415,0.017283575227668303,3.456715045533661e-05,770.7998666834707,77.07998666834706
5,29,0.05,0.125,0.1,0.25118864315095807,0.002,0.009053785353899002,0.002451639598594218,0.02451639598594218,0.1427218202666341,0.01717774895257112,3.435549790514224e-05,713.6091013331707,71.36091013331706
5,30,0.05,0.125,0.1,0.3981071705534973,0.002,0.007840011268854141,0.002140495972052577,0.02140495972052577,0.12574121717501718,0.01702302570423869,3.404605140847738e-05,628.7060858750858,62.87060858750859
5,31,0.05,0.125,0.1,0.6309573444801934,0.002,0.006215181201696396,0.0017248719960658296,0.017248719960658295,0.10257121202130147,0.016816336300165945,3.363267260033189e-05,512.8560601065074,51.285606010650746
5,32,0.05,0.125,0.1,1.0,0.002,0.004317924380302429,0.0012402702448711454,0.012402702448711453,0.07482688788790627,0.016575194824741617,3.315038964948323e-05,374.13443943953143,37.41344394395315
5,33,0.05,0.1625,0.1,0.01,0.002,0.016731198877096176,0.004487977905602485,0.04487977905602485,0.24669376398553963,0.018192506503186497,3.6385013006372995e-05,1233.4688199276984,123.34688199276982
5,34,0.05,0.1625,0.1,0.015848931924611134,0.002,0.016659650951623917,0.004469514494824008,0.044695144948240076,0.24580304032850642,0.01818331656455783,3.636663312911566e-05,1229.0152016425322,122.90152016425324
5,35,0.05,0.1625,0.1,0.025118864315095794,0.002,0.016546253114938736,0.004440257980838297,0.04440257980838297,0.24438978079854806,0.01816875470950411,3.633750941900822e-05,1221.9489039927403,122.19489039927403
5,36,0.05,0.1625,0.1,0.039810717055349734,0.002,0.016366582363843918,0.004393920890149428,0.043939208901494275,0.24214678115884697,0.01814569191926214,3.629138383852428e-05,1210.733905794235,121.0733905794235
5,37,0.05,0.1625,0.1,0.06309573444801933,0.002,0.01608223095536232,0.004320625635485879,0.043206256354858794,0.23858715699047162,0.018109212960102587,3.6218425920205176e-05,1192.935784952358,119.29357849523579
5,38,0.05,0.1625,0.1,0.1,0.002,0.015633586794137955,0.004205075621478174,0.042050756214781736,0.23294614673998332,0.018051707144878935,3.610341428975787e-05,1164.7307336999165,116.47307336999165
5,39,0.05,0.1625,0.1,0.15848931924611143,0.002,0.01493142917752266,0.004024442325371617,0.040244423253716174,0.2240553900098194,0.01796181883950769,3.592363767901538e-05,1120.276950049097,112.0276950049097
5,40,0.05,0.1625,0.1,0.25118864315095807,0.002,0.013854403048753738,0.0037478026902553006,0.03747802690255301,0.2102651936449112,0.017824170635604406,3.564834127120881e-05,1051.3259682245562,105.13259682245561
5,41,0.05,0.1625,0.1,0.3981071705534973,0.002,0.012276489287614822,0.00334329485046996,0.033432948504699606,0.18971282223698435,0.017622925066675794,3.524585013335159e-05,948.5641111849217,94.85641111849216
5,42,0.05,0.1625,0.1,0.6309573444801934,0.002,0.010164212435483932,0.002802902411697339,0.02802902411697339,0.16151244130149503,0.017354096000971004,3.470819200194201e-05,807.5622065074751,80.75622065074751
5,43,0.05,0.1625,0.1,1.0,0.002,0.007697779685258865,0.0021726085667717007,0.02172608566771701,0.12749696876452152,0.017040472317301637,3.408094463460327e-05,637.4848438226078,63.74848438226077
5,44,0.05,0.2,0.1,0.01,0.002,0.022195685654878616,0.005954954199575239,0.059549541995752395,0.3146717186458837,0.018924338752783362,3.7848677505566725e-05,1573.3585932294184,157.33585932294184
5,45,0.05,0.2,0.1,0.015848931924611134,0.002,0.022107627242803574,0.005932229879521671,0.05932229879521671,0.3136584742962972,0.018913022811932047,3.7826045623864096e-05,1568.292371481486,156.8292371481486
5,46,0.05,0.2,0.1,0.025118864315095794,0.002,0.021968062967061996,0.005896222139149206,0.058962221391492056,0.31205045191086017,0.01889509245393918,3.779018490787836e-05,1560.2522595543012,156.0252259554301
5,47,0.05,0.2,0.1,0.039810717055349734,0.002,0.021746929734945297,0.005839192278606897,0.058391922786068966,0.309497364302862,0.01886669468659155,3.77333893731831e-05,1547.4868215143101,154.748682151431
5,48,0.05,0.2,0.1,0.06309573444801933,0.002,0.02139696106314659,0.005748982646417085,0.05748982646417086,0.3054431398421738,0.018821776941487886,3.764355388297577e-05,1527.215699210869,152.72156992108685
5,49,0.05,0.2,0.1,0.1,0.002,0.020844783633947372,0.005606767501342183,0.05606767501342184,0.29901215569178075,0.018750968462705554,3.750193692541111e-05,1495.0607784589038,149.50607784589036
5,50,0.05,0.2,0.1,0.15848931924611143,0.002,0.019980590790510178,0.00538444907093785,0.053844490709378495,0.28886085307173165,0.018640286538241138,3.7280573076482274e-05,1444.304265358658,144.4304265358658
5,51,0.05,0.2,0.1,0.25118864315095807,0.002,0.018655013293027878,0.005043966394493843,0.050439663944938436,0.2730778958155304,0.018470797057485548,3.69415941149711e-05,1365.389479077652,136.5389479077652
5,52,0.05,0.2,0.1,0.3981071705534973,0.002,0.0167129747569561,0.00454609921869496,0.0454609921869496,0.24947039148046232,0.018223001101319053,3.6446002202638106e-05,1247.3519574023117,124.73519574023116
5,53,0.05,0.2,0.1,0.6309573444801934,0.002,0.014113243669271469,0.0038809565570080275,0.03880956557008028,0.21691022795771325,0.01789199427592055,3.578398855184111e-05,1084.5511397885662,108.45511397885662
5,54,0.05,0.2,0.1,1.0,0.002,0.0110776387155056,0.0031050634799557643,0.031050634799557643,0.17737294085079963,0.017505846523499,3.5011693046998e-05,886.8647042539982,88.68647042539982
6,7,0.05,0.05,0.15848931924611143,0.25118864315095807,0.002,0.00033139437437057495,8.517746649836389e-05,0.0008517746649836389,0.005371221136970293,0.015858119471582457,3.1716238943164916e-05,26.85610568485147,2.685610568485147
6,8,0.05,0.05,0.15848931924611143,0.3981071705534973,0.002,0.0008169040083885193,0.00020974870922812284,0.0020974870922812285,0.013278330669653001,0.015796316151961302,3.1592632303922605e-05,66.39165334826501,6.639165334826501
6,9,0.05,0.05,0.15848931924611143,0.6309573444801934,0.002,0.0014668367803096771,0.0003762252999834725,0.003762252999834725,0.02394243132869514,0.015713746645795505,3.142749329159101e-05,119.71215664347572,11.971215664347572
6,10,0.05,0.05,0.15848931924611143,1.0,0.002,0.0022257380187511444,0.0005705307369349514,0.005705307369349513,0.03653174018948321,0.01561739829462589,3.123479658925178e-05,182.6587009474161,18.26587009474161
6,11,0.05,0.0875,0.15848931924611143,0.01,0.002,0.0060182660818099976,0.0016096139051130995,0.016096139051130994,0.09637210779842888,0.016702072226953413,3.3404144453906824e-05,481.8605389921444,48.18605389921444
6,12,0.05,0.0875,0.15848931924611143,0.015848931924611134,0.002,0.0059797391295433044,0.0015996712376289792,0.015996712376289794,0.09580516283583419,0.016697129781722487,3.3394259563444976e-05,479.02581417917094,47.902581417917084
6,13,0.05,0.0875,0.15848931924611143,0.025118864315095794,0.002,0.005918677896261215,0.0015839166185052686,0.015839166185052687,0.09490612403723937,0.016689298341630406,3.3378596683260816e-05,474.5306201861968,47.453062018619676
6,14,0.05,0.0875,0.15848931924611143,0.039810717055349734,0.002,0.005821935832500458,0.0015589649390434362,0.015589649390434364,0.09348052511694664,0.016676895397122866,3.335379079424573e-05,467.40262558473336,46.74026255847333
6,15,0.05,0.0875,0.15848931924611143,0.06309573444801933,0.002,0.005668822675943375,0.0015194961450851496,0.015194961450851497,0.09122116120834775,0.016657276940540623,3.3314553881081245e-05,456.10580604173873,45.61058060417387
6,16,0.05,0.0875,0.15848931924611143,0.1,0.002,0.005427245050668716,0.0014572738991830774,0.014572738991830774,0.0876484557738681,0.016626349960378373,3.325269992075675e-05,438.24227886934045,43.82422788693405
6,17,0.05,0.0875,0.15848931924611143,0.15848931924611143,0.002,0.005049161612987518,0.0013600069702818665,0.013600069702818665,0.08203681927850527,0.0165780070734435,3.3156014146887e-05,410.1840963925263,41.01840963925263
6,18,0.05,0.0875,0.15848931924611143,0.25118864315095807,0.002,0.004469219595193863,0.0012110488586790664,0.012110488586790664,0.07337921469677901,0.01650397682345632,3.300795364691264e-05,366.89607348389507,36.68960734838951
6,19,0.05,0.0875,0.15848931924611143,0.3981071705534973,0.002,0.0036195777356624603,0.0009932663866398248,0.009932663866398248,0.060580765508795445,0.01639573845423952,3.279147690847904e-05,302.90382754397723,30.290382754397726
6,20,0.05,0.0875,0.15848931924611143,0.6309573444801934,0.002,0.002482198178768158,0.0007024567333741348,0.007024567333741349,0.043225072525163076,0.016251140653730685,3.250228130746137e-05,216.12536262581537,21.612536262581536
6,21,0.05,0.0875,0.15848931924611143,1.0,0.002,0.0011541172862052917,0.00036411628487522833,0.003641162848752283,0.022640627900896625,0.016082428741333997,3.216485748266799e-05,113.20313950448313,11.320313950448314
6,22,0.05,0.125,0.15848931924611143,0.01,0.002,0.011482752859592438,0.003076587216231872,0.030765872162318717,0.17647732804651353,0.0174333284070404,3.48666568140808e-05,882.3866402325676,88.23866402325676
6,23,0.05,0.125,0.15848931924611143,0.015848931924611134,0.002,0.011427722871303558,0.003062384492905818,0.030623844929058182,0.17573385943053968,0.017426263230258435,3.485252646051687e-05,878.6692971526985,87.86692971526985
6,24,0.05,0.125,0.15848931924611143,0.025118864315095794,0.002,0.011340491473674774,0.0030398788270121742,0.030398788270121744,0.17455452028026747,0.01741506792337029,3.483013584674058e-05,872.7726014013373,87.27726014013372
6,25,0.05,0.125,0.15848931924611143,0.039810717055349734,0.002,0.011202283203601837,0.0030042339204828816,0.030042339204828815,0.1726835502485555,0.01739733701420128,3.479467402840256e-05,863.4177512427775,86.34177512427775
6,26,0.05,0.125,0.15848931924611143,0.06309573444801933,0.002,0.010983549058437347,0.00294785176587563,0.0294785176587563,0.1697162905118069,0.01736929175735521,3.473858351471042e-05,848.5814525590346,84.85814525590345
6,27,0.05,0.125,0.15848931924611143,0.1,0.002,0.010638438165187836,0.002858965081200057,0.02858965081200057,0.16501886083549255,0.017325080701230643,3.4650161402461283e-05,825.0943041774627,82.50943041774627
6,28,0.05,0.125,0.15848931924611143,0.15848931924611143,0.002,0.010098319500684738,0.00272001378596791,0.0272001378596791,0.157627373837379,0.017255973500986534,3.451194700197307e-05,788.136869186895,78.81368691868948
6,29,0.05,0.125,0.15848931924611143,0.25118864315095807,0.002,0.0092698335647583,0.0025072118112409794,0.025072118112409794,0.14619185352859054,0.01715014722588935,3.43002944517787e-05,730.9592676429527,73.09592676429527
6,30,0.05,0.125,0.15848931924611143,0.3981071705534973,0.002,0.00805605947971344,0.002196055458261325,0.02196055458261325,0.12921451451645433,0.01699542397755692,3.399084795511384e-05,646.0725725822717,64.60725725822718
6,31,0.05,0.125,0.15848931924611143,0.6309573444801934,0.002,0.006431229412555695,0.001780401702871248,0.017804017028712482,0.10604740310107603,0.016788734573484176,3.357746914696835e-05,530.2370155053802,53.023701550538014
6,32,0.05,0.125,0.15848931924611143,1.0,0.002,0.004533972591161728,0.0012957196898181905,0.012957196898181905,0.07830260764449842,0.016547593098059848,3.3095186196119694e-05,391.5130382224921,39.15130382224922
6,33,0.05,0.1625,0.15848931924611143,0.01,0.002,0.016947247087955475,0.004543562704937094,0.04543562704937094,0.25012862774892897,0.01816490477650473,3.6329809553009465e-05,1250.6431387446448,125.06431387446449
6,34,0.05,0.1625,0.15848931924611143,0.015848931924611134,0.002,0.016875699162483215,0.004525099087857957,0.04525099087857957,0.2492382772182449,0.018155714837876064,3.631142967575213e-05,1246.1913860912246,124.61913860912246
6,35,0.05,0.1625,0.15848931924611143,0.025118864315095794,0.002,0.016762301325798035,0.0044958422405002255,0.04495842240500225,0.2478256064957552,0.018141152982822345,3.628230596564469e-05,1239.1280324787758,123.91280324787759
6,36,0.05,0.1625,0.15848931924611143,0.039810717055349734,0.002,0.016582630574703217,0.004449504604633316,0.044495046046333156,0.24558353321673243,0.01811809019258037,3.6236180385160744e-05,1227.917666083662,122.7917666083662
6,37,0.05,0.1625,0.15848931924611143,0.06309573444801933,0.002,0.01629827916622162,0.004376208443279908,0.04376208443279908,0.2420253586246353,0.01808161123342082,3.616322246684164e-05,1210.1267931231764,121.01267931231764
6,38,0.05,0.1625,0.15848931924611143,0.1,0.002,0.015849635004997253,0.004260656881981545,0.04260656881981545,0.23638659357151665,0.018024105418197163,3.604821083639433e-05,1181.9329678575834,118.19329678575835
6,39,0.05,0.1625,0.15848931924611143,0.15848931924611143,0.002,0.015147477388381958,0.004080020843324394,0.040800208433243945,0.227499244469752,0.017934217112825925,3.586843422565185e-05,1137.4962223487598,113.74962223487597
6,40,0.05,0.1625,0.15848931924611143,0.25118864315095807,0.002,0.014070451259613037,0.0038033760878531464,0.03803376087853146,0.21371400899339948,0.017796568908922637,3.5593137817845274e-05,1068.5700449669976,106.85700449669976
6,41,0.05,0.1625,0.15848931924611143,0.3981071705534973,0.002,0.012492537498474121,0.0033988580398398543,0.03398858039839854,0.19316826262091344,0.017595323339994026,3.519064667998805e-05,965.8413131045673,96.58413131045674
6,42,0.05,0.1625,0.15848931924611143,0.6309573444801934,0.002,0.010380260646343231,0.0028584437751428184,0.028584437751428184,0.16497531063652385,0.017326494274289235,3.465298854857847e-05,824.8765531826192,82.48765531826193
6,43,0.05,0.1625,0.15848931924611143,1.0,0.002,0.007913827896118164,0.0022281003094607307,0.02228100309460731,0.13096557089484973,0.017012870590619872,3.402574118123974e-05,654.8278544742487,65.48278544742486
6,44,0.05,0.2,0.15848931924611143,0.01,0.002,0.022411733865737915,0.006010538667316475,0.06010538667316475,0.3180728323103755,0.01889673702610159,3.779347405220318e-05,1590.3641615518775,159.03641615518774
6,45,0.05,0.2,0.15848931924611143,0.015848931924611134,0.002,0.022323675453662872,0.0059878141532421604,0.05987814153242161,0.31706013470457955,0.01888542108525028,3.777084217050056e-05,1585.3006735228978,158.53006735228976
6,46,0.05,0.2,0.15848931924611143,0.025118864315095794,0.002,0.022184111177921295,0.005951806099697933,0.05951806099697932,0.31545297600700556,0.018867490727257415,3.773498145451483e-05,1577.2648800350275,157.72648800350277
6,47,0.05,0.2,0.15848931924611143,0.039810717055349734,0.002,0.021962977945804596,0.005894775727941013,0.05894775727941013,0.3129012495710538,0.01883909295990978,3.767818591981956e-05,1564.506247855269,156.4506247855269
6,48,0.05,0.2,0.15848931924611143,0.06309573444801933,0.002,0.02161300927400589,0.005804565248079659,0.05804565248079658,0.30884916106915944,0.018794175214806114,3.758835042961223e-05,1544.2458053457972,154.42458053457975
6,49,0.05,0.2,0.15848931924611143,0.1,0.002,0.02106083184480667,0.005662348663430513,0.05662348663430513,0.3024215005379426,0.018723366736023785,3.744673347204757e-05,1512.1075026897129,151.21075026897128
6,50,0.05,0.2,0.15848931924611143,0.15848931924611143,0.002,0.020196639001369476,0.005440027701883872,0.05440027701883872,0.2922752819896974,0.018612684811559366,3.722536962311873e-05,1461.3764099484872,146.13764099484874
6,51,0.05,0.2,0.15848931924611143,0.25118864315095807,0.002,0.018871061503887177,0.005099540364098287,0.05099540364098287,0.2764998294835086,0.01844319533080378,3.688639066160756e-05,1382.4991474175429,138.24991474175428
6,52,0.05,0.2,0.15848931924611143,0.3981071705534973,0.002,0.0169290229678154,0.004601664115133173,0.046016641151331736,0.2529026167761655,0.01819539937463728,3.639079874927456e-05,1264.5130838808275,126.45130838808274
6,53,0.05,0.2,0.15848931924611143,0.6309573444801934,0.002,0.014329291880130768,0.0039365028537338385,0.039365028537338385,0.22035469960055126,0.017864392549238783,3.572878509847756e-05,1101.7734980027565,110.17734980027565
6,54,0.05,0.2,0.15848931924611143,1.0,0.002,0.011293686926364899,0.003160570518666716,0.031605705186667166,0.18082882780325016,0.01747824479681723,3.495648959363446e-05,904.144139016251,90.41441390162508
7,8,0.05,0.05,0.25118864315095807,0.3981071705534973,0.002,0.00048550963401794434,0.00012457127508924245,0.0012457127508924248,0.007907255466189358,0.015754047105458642,3.150809421091728e-05,39.53627733094679,3.9536277330946783
7,9,0.05,0.05,0.25118864315095807,0.6309573444801934,0.002,0.0011354424059391022,0.00029104794009822426,0.0029104794009822427,0.0185718250403751,0.01567147759929284,3.134295519858568e-05,92.85912520187551,9.285912520187551
7,10,0.05,0.05,0.25118864315095807,1.0,0.002,0.0018943436443805695,0.00048535344034971334,0.004853534403497134,0.03116208107282303,0.01557512924812323,3.115025849624646e-05,155.81040536411518,15.581040536411516
7,11,0.05,0.0875,0.25118864315095807,0.01,0.002,0.0063496604561805725,0.0016947554340853667,0.016947554340853665,0.1017272182467352,0.01665980318045075,3.3319606360901496e-05,508.636091233676,50.86360912336761
7,12,0.05,0.0875,0.25118864315095807,0.015848931924611134,0.002,0.006311133503913879,0.0016848123686647527,0.016848123686647527,0.1011603996845138,0.016654860735219823,3.330972147043965e-05,505.801998422569,50.5801998422569
7,13,0.05,0.0875,0.25118864315095807,0.025118864315095794,0.002,0.00625007227063179,0.0016690571017950835,0.016690571017950833,0.1002615585162443,0.016647029295127742,3.329405859025549e-05,501.30779258122146,50.13077925812215
7,14,0.05,0.0875,0.25118864315095807,0.039810717055349734,0.002,0.006153330206871033,0.0016441043507166994,0.01644104350716699,0.09883626575449951,0.016634626350620206,3.3269252701240415e-05,494.1813287724975,49.41813287724976
7,15,0.05,0.0875,0.25118864315095807,0.06309573444801933,0.002,0.00600021705031395,0.0016046337375483883,0.016046337375483884,0.09657736835166877,0.01661500789403796,3.3230015788075917e-05,482.8868417583439,48.28868417583438
7,16,0.05,0.0875,0.25118864315095807,0.1,0.002,0.005758639425039291,0.001542408282616068,0.01542408282616068,0.09300535197736239,0.01658408091387571,3.316816182775142e-05,465.02675988681193,46.50267598868119
7,17,0.05,0.0875,0.25118864315095807,0.15848931924611143,0.002,0.005380555987358093,0.0014451353397904826,0.014451353397904826,0.08739466828973687,0.016535738026940836,3.3071476053881674e-05,436.9733414486844,43.697334144868435
7,18,0.05,0.0875,0.25118864315095807,0.25118864315095807,0.002,0.004800613969564438,0.0012961648472924248,0.012961648472924248,0.07873817618771313,0.01646170777695366,3.292341555390732e-05,393.69088093856567,39.36908809385657
7,19,0.05,0.0875,0.25118864315095807,0.3981071705534973,0.002,0.003950972110033035,0.0010783528208612753,0.010783528208612753,0.06594030868771518,0.01635346940773686,3.270693881547372e-05,329.70154343857587,32.97015434385759
7,20,0.05,0.0875,0.25118864315095807,0.6309573444801934,0.002,0.002813592553138733,0.0007874529156521126,0.007874529156521126,0.0485815999246341,0.01620887160722802,3.241774321445604e-05,242.9079996231705,24.290799962317053
7,21,0.05,0.0875,0.25118864315095807,1.0,0.002,0.0014855116605758667,0.00044865454467914504,0.00448654544679145,0.027970703111124023,0.016040159694831333,3.2080319389662664e-05,139.85351555562013,13.985351555562016
7,22,0.05,0.125,0.25118864315095807,0.01,0.002,0.011814147233963013,0.00316172455084404,0.0316172455084404,0.18180172267241798,0.01739105936053774,3.478211872107548e-05,909.0086133620897,90.90086133620896
7,23,0.05,0.125,0.25118864315095807,0.015848931924611134,0.002,0.011759117245674133,0.0031475214908600773,0.03147521490860077,0.18105859088478266,0.01738399418375577,3.476798836751154e-05,905.2929544239133,90.52929544239133
7,24,0.05,0.125,0.25118864315095807,0.025118864315095794,0.002,0.011671885848045349,0.0031250152794105274,0.03125015279410528,0.1798797822710982,0.01737279887686763,3.4745597753735256e-05,899.3989113554909,89.93989113554908
7,25,0.05,0.125,0.25118864315095807,0.039810717055349734,0.002,0.011533677577972412,0.0030893694782333637,0.030893694782333638,0.17800964444410827,0.017355067967698617,3.4710135935397234e-05,890.0482222205414,89.00482222205414
7,26,0.05,0.125,0.25118864315095807,0.06309573444801933,0.002,0.011314943432807922,0.0030329858289281355,0.030329858289281357,0.1750436805873444,0.017327022710852548,3.46540454217051e-05,875.218402936722,87.5218402936722
7,27,0.05,0.125,0.25118864315095807,0.1,0.002,0.01096983253955841,0.0029440965738494547,0.029440965738494546,0.17034824151682817,0.01728281165472798,3.4565623309455955e-05,851.741207584141,85.1741207584141
7,28,0.05,0.125,0.25118864315095807,0.15848931924611143,0.002,0.010429713875055313,0.002805140664943532,0.02805140664943532,0.16295973201822,0.01721370445448387,3.442740890896774e-05,814.7986600911001,81.47986600911001
7,29,0.05,0.125,0.25118864315095807,0.25118864315095807,0.002,0.009601227939128876,0.002592329887656292,0.025923298876562924,0.151528428041988,0.017107878179386686,3.421575635877337e-05,757.6421402099401,75.764214020994
7,30,0.05,0.125,0.25118864315095807,0.3981071705534973,0.002,0.008387453854084015,0.0022811553016829737,0.022811553016829737,0.13455638852827473,0.01695315493105426,3.3906309862108516e-05,672.7819426413738,67.27819426413737
7,31,0.05,0.125,0.25118864315095807,0.6309573444801934,0.002,0.0067626237869262695,0.0018654597273796,0.018654597273795998,0.11139423565969875,0.016746465526981516,3.349293105396303e-05,556.9711782984937,55.697117829849375
7,32,0.05,0.125,0.25118864315095807,1.0,0.002,0.004865366965532303,0.0013806691689389663,0.013806691689389661,0.08364992802481255,0.016505324051557184,3.3010648103114366e-05,418.24964012406286,41.82496401240629
7,33,0.05,0.1625,0.25118864315095807,0.01,0.002,0.01727864146232605,0.004628698469557819,0.04628698469557819,0.2554097835722095,0.018122635730002067,3.6245271460004136e-05,1277.0489178610474,127.70489178610475
7,34,0.05,0.1625,0.25118864315095807,0.015848931924611134,0.002,0.01720709353685379,0.004610234542638101,0.046102345426381,0.2545200176563723,0.0181134457913734,3.62268915827468e-05,1272.6000882818614,127.26000882818616
7,35,0.05,0.1625,0.25118864315095807,0.025118864315095794,0.002,0.01709369570016861,0.004580977194746363,0.045809771947463634,0.2531082695963121,0.01809888393631968,3.619776787263936e-05,1265.5413479815604,126.55413479815603
7,36,0.05,0.1625,0.25118864315095807,0.039810717055349734,0.002,0.01691402494907379,0.004534638740726779,0.04534638740726779,0.2508676482291238,0.01807582114607771,3.615164229215542e-05,1254.3382411456187,125.43382411456186
7,37,0.05,0.1625,0.25118864315095807,0.06309573444801933,0.002,0.016629673540592194,0.004461341219786016,0.044613412197860164,0.24731174637960524,0.018039342186918154,3.607868437383631e-05,1236.5587318980263,123.65587318980262
7,38,0.05,0.1625,0.25118864315095807,0.1,0.002,0.01618102937936783,0.004345787341419288,0.04345787341419288,0.2416765035333133,0.017981836371694503,3.5963672743389006e-05,1208.3825176665666,120.83825176665665
7,39,0.05,0.1625,0.25118864315095807,0.15848931924611143,0.002,0.015478871762752533,0.004165147205111122,0.04165147205111122,0.23279450564418316,0.01789194806632326,3.578389613264652e-05,1163.9725282209158,116.39725282209156
7,40,0.05,0.1625,0.25118864315095807,0.25118864315095807,0.002,0.014401845633983612,0.003888494829324258,0.03888494829324258,0.21901707526946332,0.017754299862419977,3.550859972483995e-05,1095.0853763473165,109.50853763473165
7,41,0.05,0.1625,0.25118864315095807,0.3981071705534973,0.002,0.012823931872844696,0.0034839616925566486,0.03483961692556649,0.19848179321410148,0.01755305429349136,3.510610858698273e-05,992.4089660705074,99.24089660705073
7,42,0.05,0.1625,0.25118864315095807,0.6309573444801934,0.002,0.010711655020713806,0.0029435155455106187,0.029435155455106186,0.1703006936509104,0.017284225227786575,3.456845045557315e-05,851.503468254552,85.1503468254552
7,43,0.05,0.1625,0.25118864315095807,1.0,0.002,0.008245222270488739,0.002313101035401719,0.023131010354017188,0.13630047405146614,0.016970601544117208,3.3941203088234414e-05,681.5023702573308,68.15023702573308
7,44,0.05,0.2,0.25118864315095807,0.01,0.002,0.02274312824010849,0.006095673610483067,0.06095673610483066,0.3233012788840692,0.01885446797959893,3.770893595919786e-05,1616.506394420346,161.65063944203462
7,45,0.05,0.2,0.25118864315095807,0.015848931924611134,0.002,0.022655069828033447,0.006072948801675289,0.060729488016752896,0.32228943380530717,0.018843152038747618,3.768630407749524e-05,1611.447169026536,161.14471690265358
7,46,0.05,0.2,0.25118864315095807,0.025118864315095794,0.002,0.02251550555229187,0.006036940272512117,0.060369402725121174,0.32068362194553884,0.01882522168075475,3.76504433615095e-05,1603.4181097276942,160.34181097276942
7,47,0.05,0.2,0.25118864315095807,0.039810717055349734,0.002,0.02229437232017517,0.005979909124654853,0.05979909124654853,0.318134018396033,0.018796823913407118,3.759364782681424e-05,1590.670091980165,159.06700919801648
7,48,0.05,0.2,0.25118864315095807,0.06309573444801933,0.002,0.021944403648376465,0.005889697358709091,0.05889697358709091,0.31408526183138163,0.018751906168303453,3.7503812336606907e-05,1570.4263091569082,157.04263091569084
7,49,0.05,0.2,0.25118864315095807,0.1,0.002,0.021392226219177246,0.005747478592216069,0.05747478592216069,0.30766278768725835,0.01868109768952112,3.736219537904224e-05,1538.3139384362917,153.83139384362917
7,50,0.05,0.2,0.25118864315095807,0.15848931924611143,0.002,0.02052803337574005,0.005525153801168063,0.055251538011680625,0.297524507316877,0.018570415765056705,3.714083153011341e-05,1487.6225365843852,148.76225365843854
7,51,0.05,0.2,0.25118864315095807,0.25118864315095807,0.002,0.01920245587825775,0.005184659432211603,0.051846594322116024,0.2817607848706471,0.018400926284301115,3.680185256860223e-05,1408.8039243532355,140.88039243532356
7,52,0.05,0.2,0.25118864315095807,0.3981071705534973,0.002,0.017260417342185974,0.004686769567651572,0.04686769567651572,0.25817969038583855,0.01815313032813462,3.630626065626924e-05,1290.8984519291928,129.08984519291928
7,53,0.05,0.2,0.25118864315095807,0.6309573444801934,0.002,0.014660686254501343,0.004021580634575147,0.040215806345751476,0.2256510361381874,0.01782212350273612,3.564424700547224e-05,1128.255180690937,112.82551806909369
7,54,0.05,0.2,0.25118864315095807,1.0,0.002,0.011625081300735474,0.0032455907023708317,0.03245590702370832,0.1861433365616075,0.017435975750314567,3.4871951500629134e-05,930.7166828080377,93.07166828080376
8,9,0.05,0.05,0.3981071705534973,0.6309573444801934,0.002,0.0006499327719211578,0.00016647671382241284,0.0016647671382241283,0.010664970379248316,0.015609674279671687,3.1219348559343376e-05,53.324851896241576,5.332485189624157
8,10,0.05,0.05,0.3981071705534973,1.0,0.002,0.0014088340103626251,0.0003607822560171263,0.0036078225601712632,0.023256280289597607,0.015513325928502075,3.102665185700415e-05,116.28140144798805,11.628140144798804
8,11,0.05,0.0875,0.3981071705534973,0.01,0.002,0.006835170090198517,0.0018192764869506847,0.01819276486950685,0.10960817581665859,0.016597999860829594,3.3195999721659185e-05,548.040879083293,54.804087908329294
8,12,0.05,0.0875,0.3981071705534973,0.015848931924611134,0.002,0.006796643137931824,0.0018093329223339296,0.018093329223339297,0.10904156340910545,0.016593057415598668,3.3186114831197337e-05,545.2078170455272,54.520781704552725
8,13,0.05,0.0875,0.3981071705534973,0.025118864315095794,0.002,0.0067355819046497345,0.0017935768439941984,0.017935768439941983,0.10814304530085934,0.016585225975506587,3.317045195101318e-05,540.7152265042968,54.07152265042968
8,14,0.05,0.0875,0.3981071705534973,0.039810717055349734,0.002,0.006638839840888977,0.0017686227533329946,0.017686227533329945,0.10671825494213207,0.01657282303099905,3.3145646061998105e-05,533.5912747106603,53.35912747106603
8,15,0.05,0.0875,0.3981071705534973,0.06309573444801933,0.002,0.006485726684331894,0.0017291498740548874,0.017291498740548875,0.10446012832628863,0.016553204574416804,3.3106409148833606e-05,522.3006416314432,52.23006416314432
8,16,0.05,0.0875,0.3981071705534973,0.1,0.002,0.006244149059057236,0.0016669204460424299,0.0166692044604243,0.1008892652077268,0.016522277594254554,3.304455518850911e-05,504.44632603863397,50.4446326038634
8,17,0.05,0.0875,0.3981071705534973,0.15848931924611143,0.002,0.005866065621376038,0.0015696401369258031,0.01569640136925803,0.09528022083445445,0.01647393470731968,3.2947869414639364e-05,476.4011041722722,47.64011041722723
8,18,0.05,0.0875,0.3981071705534973,0.25118864315095807,0.002,0.005286123603582382,0.0014206547759816268,0.014206547759816267,0.08662579588056336,0.016399904457332505,3.279980891466501e-05,433.12897940281675,43.31289794028168
8,19,0.05,0.0875,0.3981071705534973,0.3981071705534973,0.002,0.00443648174405098,0.0012028085939223112,0.01202808593922311,0.07382968613625865,0.016291666088115705,3.258333217623141e-05,369.1484306812932,36.91484306812932
8,20,0.05,0.0875,0.3981071705534973,0.6309573444801934,0.002,0.0032991021871566772,0.000911812560976234,0.00911812560976234,0.05646923297376929,0.016147068287606866,3.229413657521373e-05,282.3461648688465,28.234616486884644
8,21,0.05,0.0875,0.3981071705534973,1.0,0.002,0.001971021294593811,0.0005726202146616022,0.005726202146616023,0.035837241404253636,0.015978356375210178,3.1956712750420354e-05,179.18620702126822,17.91862070212682
8,22,0.05,0.125,0.3981071705534973,0.01,0.002,0.012299656867980957,0.003286236772500701,0.032862367725007016,0.18963519061300024,0.017329256040916584,3.465851208183317e-05,948.1759530650011,94.81759530650008
8,23,0.05,0.125,0.3981071705534973,0.015848931924611134,0.002,0.012244626879692078,0.00327203325214227,0.0327203325214227,0.1888925758760097,0.017322190864134616,3.464438172826923e-05,944.4628793800487,94.44628793800486
8,24,0.05,0.125,0.3981071705534973,0.025118864315095794,0.002,0.012157395482063293,0.0032495262950685447,0.032495262950685444,0.18771458200208918,0.017310995557246474,3.4621991114492946e-05,938.5729100104459,93.8572910010446
8,25,0.05,0.125,0.3981071705534973,0.039810717055349734,0.002,0.012019187211990356,0.003213879272308879,0.03213879272308878,0.18584572304375008,0.017293264648077462,3.4586529296154924e-05,929.2286152187504,92.92286152187506
8,26,0.05,0.125,0.3981071705534973,0.06309573444801933,0.002,0.011800453066825867,0.0031574935853168665,0.031574935853168666,0.1828817528331256,0.017265219391231393,3.453043878246279e-05,914.4087641656279,91.44087641656279
8,27,0.05,0.125,0.3981071705534973,0.1,0.002,0.011455342173576355,0.003068600835389555,0.030686008353895552,0.17818938215910923,0.017221008335106824,3.444201667021365e-05,890.946910795546,89.09469107955461
8,28,0.05,0.125,0.3981071705534973,0.15848931924611143,0.002,0.010915223509073257,0.0029296386822351547,0.029296386822351545,0.1708054785997111,0.017151901134862715,3.430380226972543e-05,854.0273929985556,85.40273929985557
8,29,0.05,0.125,0.3981071705534973,0.25118864315095807,0.002,0.01008673757314682,0.0027168160876309536,0.027168160876309536,0.1593807436598529,0.01704607485976553,3.409214971953106e-05,796.9037182992646,79.69037182992646
8,30,0.05,0.125,0.3981071705534973,0.3981071705534973,0.002,0.00887296348810196,0.0024056173794772726,0.024056173794772727,0.14241710401960986,0.016891351611433104,3.378270322286621e-05,712.0855200980491,71.2085520098049
8,31,0.05,0.125,0.3981071705534973,0.6309573444801934,0.002,0.007248133420944214,0.0019898679374962423,0.01989867937496242,0.11926330379157579,0.01668466220736036,3.3369324414720726e-05,596.3165189578789,59.63165189578789
8,32,0.05,0.125,0.3981071705534973,1.0,0.002,0.005350876599550247,0.0015049443590234377,0.015049443590234378,0.0915220276458549,0.01644352073193603,3.288704146387206e-05,457.6101382292745,45.76101382292745
8,33,0.05,0.1625,0.3981071705534973,0.01,0.002,0.017764151096343994,0.004753207193569431,0.04753207193569431,0.2631776368644785,0.018060832410380912,3.6121664820761826e-05,1315.8881843223921,131.58881843223924
8,34,0.05,0.1625,0.3981071705534973,0.015848931924611134,0.002,0.017692603170871735,0.004734742829267285,0.047347428292672855,0.2622887549804043,0.018051642471752245,3.610328494350449e-05,1311.4437749020217,131.14437749020217
8,35,0.05,0.1625,0.3981071705534973,0.025118864315095794,0.002,0.017579205334186554,0.004705484775087518,0.04705484775087518,0.2608784023913068,0.018037080616698526,3.607416123339705e-05,1304.392011956534,130.4392011956534
8,36,0.05,0.1625,0.3981071705534973,0.039810717055349734,0.002,0.017399534583091736,0.004659145167322064,0.04659145167322064,0.25863997761117685,0.018014017826456556,3.602803565291311e-05,1293.1998880558842,129.31998880558842
8,37,0.05,0.1625,0.3981071705534973,0.06309573444801933,0.002,0.017115183174610138,0.004585845731126979,0.04585845731126979,0.25508751587065714,0.017977538867297,3.5955077734594e-05,1275.4375793532859,127.54375793532857
8,38,0.05,0.1625,0.3981071705534973,0.1,0.002,0.016666539013385773,0.004470288594455658,0.04470288594455657,0.2494576087814997,0.017920033052073348,3.5840066104146695e-05,1247.2880439074984,124.72880439074986
8,39,0.05,0.1625,0.3981071705534973,0.15848931924611143,0.002,0.015964381396770477,0.004289642713266089,0.04289642713266089,0.240583729083832,0.017830144746702106,3.566028949340421e-05,1202.9186454191597,120.29186454191598
8,40,0.05,0.1625,0.3981071705534973,0.25118864315095807,0.002,0.014887355268001556,0.0040129797096699225,0.04012979709669922,0.22681817119265063,0.017692496542798822,3.538499308559764e-05,1134.090855963253,113.40908559632533
8,41,0.05,0.1625,0.3981071705534973,0.3981071705534973,0.002,0.01330944150686264,0.0036084257213257805,0.0360842572132578,0.20629889347058863,0.017491250973870207,3.4982501947740417e-05,1031.4944673529433,103.14944673529433
8,42,0.05,0.1625,0.3981071705534973,0.6309573444801934,0.002,0.01119716465473175,0.003067936212433243,0.03067936212433243,0.1781361662600245,0.01722242190816542,3.444484381633084e-05,890.6808313001223,89.06808313001224
8,43,0.05,0.1625,0.3981071705534973,1.0,0.002,0.008730731904506683,0.002437427676122099,0.024374276761220993,0.14415144374902752,0.016908798224496053,3.381759644899211e-05,720.7572187451375,72.07572187451375
8,44,0.05,0.2,0.3981071705534973,0.01,0.002,0.023228637874126434,0.006220180461421048,0.06220180461421048,0.33098980767043623,0.018792664659977774,3.758532931995555e-05,1654.9490383521813,165.4949038352181
8,45,0.05,0.2,0.3981071705534973,0.015848931924611134,0.002,0.02314057946205139,0.006197455229637163,0.06197455229637163,0.3299792428285956,0.018781348719126463,3.7562697438252926e-05,1649.8962141429777,164.98962141429777
8,46,0.05,0.2,0.3981071705534973,0.025118864315095794,0.002,0.023001015186309814,0.006161446018121673,0.06161446018121673,0.328375453743783,0.018763418361133596,3.752683672226719e-05,1641.877268718915,164.18772687189147
8,47,0.05,0.2,0.3981071705534973,0.039810717055349734,0.002,0.022779881954193115,0.006104413757364863,0.06104413757364863,0.3258290390878768,0.018735020593785963,3.747004118757193e-05,1629.1451954393838,162.91451954393838
8,48,0.05,0.2,0.3981071705534973,0.06309573444801933,0.002,0.02242991328239441,0.006014200148735375,0.06014200148735375,0.32178528911409343,0.018690102848682298,3.7380205697364596e-05,1608.9264455704672,160.8926445570467
8,49,0.05,0.2,0.3981071705534973,0.1,0.002,0.02187773585319519,0.005871978260402412,0.05871978260402413,0.3153706119977929,0.018619294369899966,3.723858873979993e-05,1576.8530599889648,157.68530599889647
8,50,0.05,0.2,0.3981071705534973,0.15848931924611143,0.002,0.021013543009757996,0.0056496480027069685,0.05649648002706968,0.3052442758398261,0.01850861244543555,3.7017224890871104e-05,1526.2213791991305,152.62213791991306
8,51,0.05,0.2,0.3981071705534973,0.25118864315095807,0.002,0.019687965512275696,0.005309143636783539,0.05309143636783539,0.28949822993218527,0.01833912296467996,3.667824592935992e-05,1447.4911496609266,144.74911496609263
8,52,0.05,0.2,0.3981071705534973,0.3981071705534973,0.002,0.01774592697620392,0.004811234546595235,0.048112345465952354,0.26594149474669004,0.018091327008513465,3.618265401702693e-05,1329.7074737334501,132.97074737334503
8,53,0.05,0.2,0.3981071705534973,0.6309573444801934,0.002,0.015146195888519287,0.004146006993419244,0.04146006993419244,0.23344213114811535,0.017760320183114964,3.552064036622993e-05,1167.2106557405768,116.72106557405769
8,54,0.05,0.2,0.3981071705534973,1.0,0.002,0.012110590934753418,0.0033699381925605923,0.033699381925605926,0.19396251568260142,0.01737417243069341,3.474834486138682e-05,969.8125784130073,96.98125784130072
9,10,0.05,0.05,0.6309573444801934,1.0,0.002,0.0007589012384414673,0.00019430555128942283,0.0019430555128942286,0.012592095032241086,0.015430756422336274,3.0861512844672546e-05,62.960475161205444,6.296047516120543
9,11,0.05,0.0875,0.6309573444801934,0.01,0.002,0.007485102862119675,0.00198569094453011,0.0198569094453011,0.12023246757050872,0.016515430354663796,3.3030860709327596e-05,601.1623378525435,60.116233785254344
9,12,0.05,0.0875,0.6309573444801934,0.015848931924611134,0.002,0.007446575909852982,0.0019757468397568565,0.019757468397568565,0.11966616920073338,0.01651048790943287,3.302097581886574e-05,598.3308460036669,59.83308460036669
9,13,0.05,0.0875,0.6309573444801934,0.025118864315095794,0.002,0.007385514676570892,0.0019599898846818006,0.019599898846818006,0.11876814428774775,0.01650265646934079,3.300531293868158e-05,593.8407214387387,59.384072143873865
9,14,0.05,0.0875,0.6309573444801934,0.039810717055349734,0.002,0.007288772612810135,0.0019350343501364313,0.019350343501364314,0.1173441237408749,0.01649025352483325,3.29805070496665e-05,586.7206187043745,58.672061870437446
9,15,0.05,0.0875,0.6309573444801934,0.06309573444801933,0.002,0.007135659456253052,0.0018955590377557317,0.018955590377557317,0.11508718576429601,0.016470635068251006,3.2941270136502016e-05,575.4359288214799,57.543592882148
9,16,0.05,0.0875,0.6309573444801934,0.1,0.002,0.0068940818309783936,0.001833325372616488,0.01833325372616488,0.11151812202461231,0.016439708088088756,3.287941617617751e-05,557.5906101230615,55.75906101230616
9,17,0.05,0.0875,0.6309573444801934,0.15848931924611143,0.002,0.0065159983932971954,0.0017360373012878718,0.017360373012878717,0.10591169679787638,0.016391365201153883,3.278273040230777e-05,529.5584839893818,52.95584839893818
9,18,0.05,0.0875,0.6309573444801934,0.25118864315095807,0.002,0.00593605637550354,0.0015870366157048944,0.015870366157048944,0.09726077330976281,0.016317334951166704,3.263466990233341e-05,486.303866548814,48.630386654881406
9,19,0.05,0.0875,0.6309573444801934,0.3981071705534973,0.002,0.0050864145159721375,0.0013691567038461052,0.01369156703846105,0.08446841543104679,0.016209096581949904,3.2418193163899806e-05,422.342077155234,42.234207715523404
9,20,0.05,0.0875,0.6309573444801934,0.6309573444801934,0.002,0.003949034959077835,0.0010780737665396908,0.01078073766539691,0.06710908203280913,0.016064498781441068,3.2128997562882134e-05,335.5454101640457,33.55454101640456
9,21,0.05,0.0875,0.6309573444801934,1.0,0.002,0.002620954066514969,0.0007385926152345731,0.007385926152345731,0.04646467779917936,0.01589578686904438,3.1791573738088764e-05,232.32338899589672,23.232338899589674
9,22,0.05,0.125,0.6309573444801934,0.01,0.002,0.012949589639902115,0.003452635534788888,0.03452635534788888,0.20019123834784644,0.017246686534750783,3.4493373069501564e-05,1000.9561917392323,100.09561917392323
9,23,0.05,0.125,0.6309573444801934,0.015848931924611134,0.002,0.012894559651613235,0.003438431458772348,0.03438431458772347,0.19944936071249456,0.017239621357968818,3.447924271593764e-05,997.2468035624725,99.72468035624726
9,24,0.05,0.125,0.6309573444801934,0.025118864315095794,0.002,0.012807328253984451,0.003415923602322293,0.03415923602322293,0.1982725289120666,0.017228426051080672,3.445685210216134e-05,991.3626445603329,99.13626445603327
9,25,0.05,0.125,0.6309573444801934,0.039810717055349734,0.002,0.012669119983911514,0.003380275107680379,0.033802751076803784,0.1964054955252038,0.017210695141911665,3.442139028382333e-05,982.0274776260192,98.20274776260192
9,26,0.05,0.125,0.6309573444801934,0.06309573444801933,0.002,0.012450385838747025,0.003323886969972403,0.03323886969972403,0.19344437512291862,0.01718264988506559,3.4365299770131183e-05,967.2218756145933,96.72218756145932
9,27,0.05,0.125,0.6309573444801934,0.1,0.002,0.012105274945497513,0.003234990029816664,0.03234990029816664,0.18875640086621312,0.017138438828941026,3.4276877657882055e-05,943.7820043310653,94.37820043310654
9,28,0.05,0.125,0.6309573444801934,0.15848931924611143,0.002,0.011565156280994415,0.0030960204301666255,0.030960204301666253,0.1813791247081757,0.017069331628696918,3.4138663257393835e-05,906.8956235408783,90.68956235408784
9,29,0.05,0.125,0.6309573444801934,0.25118864315095807,0.002,0.010736670345067978,0.002883183877449701,0.02883183877449701,0.16996392062551366,0.016963505353599733,3.3927010707199466e-05,849.8196031275683,84.98196031275683
9,30,0.05,0.125,0.6309573444801934,0.3981071705534973,0.002,0.009522896260023117,0.002571957168683076,0.02571957168683076,0.15301270208488882,0.016808782105267303,3.361756421053461e-05,765.063510424444,76.5063510424444
9,31,0.05,0.125,0.6309573444801934,0.6309573444801934,0.002,0.007898066192865372,0.0021561471597987313,0.021561471597987315,0.12987201063174353,0.01660209270119456,3.320418540238912e-05,649.3600531587176,64.93600531587175
9,32,0.05,0.125,0.6309573444801934,1.0,0.002,0.006000809371471405,0.0016710825914202445,0.016710825914202445,0.10213847400193408,0.01636095122577023,3.2721902451540465e-05,510.6923700096704,51.06923700096704
9,33,0.05,0.1625,0.6309573444801934,0.01,0.002,0.018414083868265152,0.004919599288674952,0.04919599288674952,0.2736415255959752,0.017978262904215114,3.595652580843023e-05,1368.2076279798762,136.8207627979876
9,34,0.05,0.1625,0.6309573444801934,0.015848931924611134,0.002,0.018342535942792892,0.004901134373891603,0.04901134373891603,0.2727538801405077,0.017969072965586447,3.5938145931172894e-05,1363.7694007025386,136.37694007025385
9,35,0.05,0.1625,0.6309573444801934,0.025118864315095794,0.002,0.018229138106107712,0.004871875431205905,0.04871875431205905,0.2713454797634617,0.017954511110532728,3.590902222106546e-05,1356.7273988173079,135.6727398817308
9,36,0.05,0.1625,0.6309573444801934,0.039810717055349734,0.002,0.018049467355012894,0.004825534373086361,0.048255343730863605,0.26911012913697063,0.017931448320290755,3.586289664058151e-05,1345.5506456848534,134.55506456848534
9,37,0.05,0.1625,0.6309573444801934,0.06309573444801933,0.002,0.017765115946531296,0.0047522325321994316,0.04752232532199432,0.26556248498092017,0.0178949693611312,3.5789938722262404e-05,1327.812424904601,132.7812424904601
9,38,0.05,0.1625,0.6309573444801934,0.1,0.002,0.01731647178530693,0.0046366713130119135,0.04636671313011914,0.2599400582419526,0.017837463545907546,3.567492709181509e-05,1299.700291209763,129.97002912097628
9,39,0.05,0.1625,0.6309573444801934,0.15848931924611143,0.002,0.016614314168691635,0.0044560182592027694,0.044560182592027694,0.2510775809545527,0.017747575240536308,3.5495150481072615e-05,1255.3879047727635,125.53879047727634
9,40,0.05,0.1625,0.6309573444801934,0.25118864315095807,0.002,0.015537288039922714,0.00417934206891379,0.041793420689137904,0.237328755549056,0.01760992703663302,3.5219854073266045e-05,1186.64377774528,118.66437777452799
9,41,0.05,0.1625,0.6309573444801934,0.3981071705534973,0.002,0.013959374278783798,0.003774762491931254,0.03774762491931254,0.21683218794794876,0.01740868146770441,3.481736293540882e-05,1084.1609397397435,108.41609397397436
9,42,0.05,0.1625,0.6309573444801934,0.6309573444801934,0.002,0.011847097426652908,0.0032342207897333324,0.032342207897333324,0.18869595337682213,0.017139852401999618,3.4279704803999236e-05,943.4797668841105,94.34797668841105
9,43,0.05,0.1625,0.6309573444801934,1.0,0.002,0.009380664676427841,0.002603602786778968,0.02603602786778968,0.15473477927603826,0.016826228718330255,3.365245743666051e-05,773.6738963801912,77.36738963801912
9,44,0.05,0.2,0.6309573444801934,0.01,0.002,0.023878570646047592,0.006386568877053182,0.06386568877053182,0.34134347391343917,0.018710095153811973,3.7420190307623946e-05,1706.7173695671959,170.6717369567196
9,45,0.05,0.2,0.6309573444801934,0.015848931924611134,0.002,0.02379051223397255,0.006363843101021033,0.06363843101021033,0.34033468327226785,0.01869877921296066,3.739755842592132e-05,1701.6734163613394,170.16734163613393
9,46,0.05,0.2,0.6309573444801934,0.025118864315095794,0.002,0.023650947958230972,0.006327833011833951,0.06327833011833951,0.33873369786144336,0.018680848854967798,3.73616977099356e-05,1693.6684893072163,169.36684893072163
9,47,0.05,0.2,0.6309573444801934,0.039810717055349734,0.002,0.023429814726114273,0.006270799320420756,0.06270799320420756,0.33619170429471085,0.01865245108762016,3.7304902175240324e-05,1680.9585214735544,168.09585214735546
9,48,0.05,0.2,0.6309573444801934,0.06309573444801933,0.002,0.023079846054315567,0.006180583345232086,0.06180583345232086,0.332154898312611,0.018607533342516497,3.721506668503299e-05,1660.774491563055,166.0774491563055
9,49,0.05,0.2,0.6309573444801934,0.1,0.002,0.02252766862511635,0.006038357453907308,0.06038357453907309,0.3257510427702869,0.01853672486373417,3.7073449727468335e-05,1628.7552138514343,162.8755213851434
9,50,0.05,0.2,0.6309573444801934,0.15848931924611143,0.002,0.021663475781679153,0.005816020205632474,0.05816020205632473,0.3156413031708136,0.01842604293926975,3.68520858785395e-05,1578.2065158540681,157.82065158540684
9,51,0.05,0.2,0.6309573444801934,0.25118864315095807,0.002,0.020337898284196854,0.00547550311628863,0.054755031162886304,0.29991986870528753,0.018256553458514162,3.6513106917028325e-05,1499.5993435264377,149.95993435264376
9,52,0.05,0.2,0.6309573444801934,0.3981071705534973,0.002,0.018395859748125076,0.0049775697582294534,0.04977569758229453,0.27639717829398086,0.018008757502347664,3.601751500469533e-05,1381.9858914699046,138.19858914699046
9,53,0.05,0.2,0.6309573444801934,0.6309573444801934,0.002,0.015796128660440445,0.0043122941406604125,0.04312294140660412,0.24393907457261582,0.017677750676949166,3.5355501353898334e-05,1219.695372863079,121.96953728630791
9,54,0.05,0.2,0.6309573444801934,1.0,0.002,0.012760523706674576,0.003536129458893028,0.03536129458893028,0.20449980689049574,0.017291602924527614,3.4583205849055226e-05,1022.4990344524787,102.24990344524787
10,11,0.05,0.0875,1.0,0.01,0.002,0.008244004100561142,0.002179933830934231,0.02179933830934231,0.13276831375044684,0.016419082003494182,3.283816400698836e-05,663.8415687522343,66.38415687522343
10,12,0.05,0.0875,1.0,0.015848931924611134,0.002,0.008205477148294449,0.002169989248175683,0.02169989248175683,0.1322024368364323,0.016414139558263256,3.2828279116526514e-05,661.0121841821615,66.10121841821615
10,13,0.05,0.0875,1.0,0.025118864315095794,0.002,0.00814441591501236,0.0021542315182870053,0.021542315182870052,0.13130507502178615,0.016406308118171176,3.2812616236342354e-05,656.5253751089307,65.65253751089307
10,14,0.05,0.0875,1.0,0.039810717055349734,0.002,0.008047673851251602,0.002129274710325301,0.02129274710325301,0.12988209262951714,0.016393905173663636,3.2787810347327275e-05,649.4104631475858,64.94104631475858
10,15,0.05,0.0875,1.0,0.06309573444801933,0.002,0.007894560694694519,0.002089797259217151,0.020897972592171507,0.12762676599751413,0.016374286717081393,3.274857343416278e-05,638.1338299875707,63.81338299875707
10,16,0.05,0.0875,1.0,0.1,0.002,0.007652983069419861,0.002027559891628388,0.02027559891628388,0.12406016414410759,0.016343359736919142,3.2686719473838286e-05,620.300820720538,62.030082072053794
10,17,0.05,0.0875,1.0,0.15848931924611143,0.002,0.007274899631738663,0.001930265109864991,0.01930265109864991,0.1184573865516963,0.01629501684998427,3.259003369996854e-05,592.2869327584815,59.228693275848144
10,18,0.05,0.0875,1.0,0.25118864315095807,0.002,0.006694957613945007,0.0017812514395631873,0.017812514395631873,0.10981153511115696,0.01622098659999709,3.244197319999418e-05,549.0576755557848,54.905767555578485
10,19,0.05,0.0875,1.0,0.3981071705534973,0.002,0.005845315754413605,0.0015633440435255312,0.015633440435255313,0.09702528837005374,0.01611274823078029,3.222549646156058e-05,485.12644185026886,48.51264418502688
10,20,0.05,0.0875,1.0,0.6309573444801934,0.002,0.004707936197519302,0.001272195714068558,0.012721957140685582,0.0796708247222425,0.015968150430271454,3.193630086054291e-05,398.3541236112125,39.83541236112125
10,21,0.05,0.0875,1.0,1.0,0.002,0.003379855304956436,0.000932532369662901,0.00932532369662901,0.05902313355046612,0.015799438517874766,3.159887703574953e-05,295.11566775233064,29.511566775233067
10,22,0.05,0.125,1.0,0.01,0.002,0.013708490878343582,0.0036468567036508884,0.03646856703650888,0.2126405126601058,0.01715033818358117,3.430067636716234e-05,1063.2025633005292,106.32025633005293
10,23,0.05,0.125,1.0,0.015848931924611134,0.002,0.013653460890054703,0.0036326520708814913,0.03632652070881491,0.21189956372046007,0.017143273006799204,3.4286546013598406e-05,1059.4978186023004,105.94978186023005
10,24,0.05,0.125,1.0,0.025118864315095794,0.002,0.013566229492425919,0.003610143313775103,0.03610143313775103,0.21072419685522703,0.01713207769991106,3.4264155399822116e-05,1053.6209842761352,105.36209842761352
10,25,0.05,0.125,1.0,0.039810717055349734,0.002,0.013428021222352982,0.00357449334656242,0.035744933465624205,0.20885946687115342,0.01711434679074205,3.42286935814841e-05,1044.2973343557671,104.42973343557671
10,26,0.05,0.125,1.0,0.06309573444801933,0.002,0.013209287077188492,0.00351810276100635,0.035181027610063496,0.20590194747687796,0.017086301533895978,3.417260306779196e-05,1029.50973738439,102.950973738439
10,27,0.05,0.125,1.0,0.1,0.002,0.01286417618393898,0.003429201647270698,0.034292016472706986,0.2012195423879204,0.017042090477771412,3.408418095554283e-05,1006.0977119396017,100.60977119396016
10,28,0.05,0.125,1.0,0.15848931924611143,0.002,0.012324057519435883,0.0032902246674546155,0.03290224667454615,0.19385069870486252,0.016972983277527304,3.394596655505461e-05,969.2534935243125,96.92534935243125
10,29,0.05,0.125,1.0,0.25118864315095807,0.002,0.011495571583509445,0.003077374405212625,0.03077374405212625,0.18244772398628026,0.01686715700243012,3.373431400486024e-05,912.2386199314013,91.22386199314013
10,30,0.05,0.125,1.0,0.3981071705534973,0.002,0.010281797498464584,0.002766120650139024,0.02766120650139024,0.16551273685442755,0.01671243375409769,3.3424867508195376e-05,827.563684272138,82.7563684272138
10,31,0.05,0.125,1.0,0.6309573444801934,0.002,0.008656967431306839,0.002350253933851573,0.023502539338515732,0.14239006033363294,0.016505744350024946,3.301148870004989e-05,711.9503016681648,71.19503016681647
10,32,0.05,0.125,1.0,1.0,0.002,0.006759710609912872,0.0018650648382667655,0.018650648382667657,0.11467017379067503,0.016264602874600617,3.252920574920123e-05,573.3508689533753,57.33508689533752
10,33,0.05,0.1625,1.0,0.01,0.002,0.01917298510670662,0.0051138104839230465,0.05113810483923047,0.28597667597355253,0.0178819145530455,3.5763829106091e-05,1429.8833798677626,142.98833798677626
10,34,0.05,0.1625,1.0,0.015848931924611134,0.002,0.01910143718123436,0.005095344989562272,0.05095344989562273,0.28509055555257473,0.017872724614416833,3.574544922883367e-05,1425.452777762874,142.54527777628738
10,35,0.05,0.1625,1.0,0.025118864315095794,0.002,0.01898803934454918,0.005066085111787503,0.050660851117875036,0.2836845637511806,0.017858162759363114,3.571632551872623e-05,1418.4228187559029,141.84228187559026
10,36,0.05,0.1625,1.0,0.039810717055349734,0.002,0.01880836859345436,0.005019742528223827,0.05019742528223827,0.28145300765988274,0.01783509996912114,3.567019993824228e-05,1407.2650382994138,140.72650382994138
10,37,0.05,0.1625,1.0,0.06309573444801933,0.002,0.018524017184972763,0.004946438160850515,0.04946438160850515,0.2779113144822892,0.017798621009961588,3.559724201992318e-05,1389.556572411446,138.95565724114462
10,38,0.05,0.1625,1.0,0.1,0.002,0.018075373023748398,0.00483087266023557,0.0483087266023557,0.2722981395030015,0.017741115194737936,3.548223038947587e-05,1361.4906975150075,136.14906975150075
10,39,0.05,0.1625,1.0,0.15848931924611143,0.002,0.017373215407133102,0.004650212108408062,0.046502121084080625,0.26344979516462985,0.017651226889366694,3.530245377873339e-05,1317.2489758231493,131.72489758231492
10,40,0.05,0.1625,1.0,0.25118864315095807,0.002,0.01629618927836418,0.004373522212329071,0.043735222123290715,0.24972178963966826,0.017513578685463407,3.502715737092681e-05,1248.6089481983415,124.86089481983416
10,41,0.05,0.1625,1.0,0.3981071705534973,0.002,0.014718275517225266,0.0039689163157619195,0.039689163157619195,0.22925369382889568,0.017312333116534795,3.4624666233069594e-05,1146.2684691444783,114.62684691444784
10,42,0.05,0.1625,1.0,0.6309573444801934,0.002,0.012605998665094376,0.003428321933558296,0.03428321933558296,0.201151237640674,0.017043504050830004,3.408700810166001e-05,1005.75618820337,100.575618820337
10,43,0.05,0.1625,1.0,1.0,0.002,0.010139565914869308,0.002797597087911275,0.027975970879112747,0.1672215835686861,0.01672988036716064,3.345976073432128e-05,836.1079178434308,83.61079178434308
10,44,0.05,0.2,1.0,0.01,0.002,0.02463747188448906,0.0065807743719612,0.065807743719612,0.3535437782481821,0.018613746802642363,3.7227493605284726e-05,1767.7188912409104,176.77188912409105
10,45,0.05,0.2,1.0,0.015848931924611134,0.002,0.024549413472414017,0.0065580480074487815,0.06558048007448782,0.35253715259970975,0.018602430861791048,3.72048617235821e-05,1762.6857629985489,176.26857629985489
10,46,0.05,0.2,1.0,0.025118864315095794,0.002,0.02440984919667244,0.006522036969549926,0.06522036969549927,0.3509395890525545,0.018584500503798184,3.7169001007596366e-05,1754.6979452627727,175.46979452627724
10,47,0.05,0.2,1.0,0.039810717055349734,0.002,0.02418871596455574,0.006465001732407199,0.06465001732407198,0.34840299303299915,0.01855610273645055,3.7112205472901104e-05,1742.0149651649958,174.2014965164996
10,48,0.05,0.2,1.0,0.06309573444801933,0.002,0.023838747292757034,0.006374783202362927,0.06374783202362926,0.3443746689011449,0.018511184991346886,3.702236998269377e-05,1721.8733445057242,172.18733445057245
10,49,0.05,0.2,1.0,0.1,0.002,0.023286569863557816,0.00623255299547697,0.06232552995476969,0.33798404231227874,0.018440376512564555,3.688075302512911e-05,1689.9202115613937,168.99202115613937
10,50,0.05,0.2,1.0,0.15848931924611143,0.002,0.02242237702012062,0.00601020822872076,0.0601020822872076,0.32789461929292923,0.01832969458810014,3.6659389176200275e-05,1639.4730964646462,163.94730964646462
10,51,0.05,0.2,1.0,0.25118864315095807,0.002,0.02109679952263832,0.005669677513167634,0.056696775131676334,0.312203385350237,0.01816020510734455,3.63204102146891e-05,1561.0169267511853,156.10169267511853
10,52,0.05,0.2,1.0,0.3981071705534973,0.002,0.019154760986566544,0.005171718362710891,0.05171718362710891,0.28872265696157123,0.017912409151178053,3.582481830235611e-05,1443.6132848078564,144.36132848078563
10,53,0.05,0.2,1.0,0.6309573444801934,0.002,0.016555029898881912,0.004506392347924466,0.04506392347924465,0.25631586516376775,0.017581402325779552,3.516280465155911e-05,1281.5793258188387,128.1579325818839
10,54,0.05,0.2,1.0,1.0,0.002,0.013519424945116043,0.003730129456921097,0.03730129456921097,0.21692784139994578,0.017195254573358,3.4390509146716e-05,1084.639206999729,108.4639206999729
11,12,0.0875,0.0875,0.01,0.015848931924611134,0.002,3.8526952266693115e-05,9.946379426468044e-06,9.946379426468043e-05,0.0005684030766895295,0.01749881349059078,3.4997626981181556e-05,2.8420153834476474,0.28420153834476475
11,13,0.0875,0.0875,0.01,0.025118864315095794,0.002,9.958818554878235e-05,2.5707022301594395e-05,0.00025707022301594396,0.0014697300716091837,0.017490982050498698,3.4981964100997396e-05,7.3486503580459175,0.7348650358045917
11,14,0.0875,0.0875,0.01,0.039810717055349734,0.002,0.0001963302493095398,5.0668621940385386e-05,0.0005066862194038539,0.0028988982246856455,0.017478579105991154,3.495715821198231e-05,14.494491123428231,1.449449112342823
11,15,0.0875,0.0875,0.01,0.06309573444801933,0.002,0.0003494434058666229,9.015413387367628e-05,0.0009015413387367629,0.005163774389784682,0.01745896064940891,3.4917921298817825e-05,25.818871948923412,2.581887194892341
11,16,0.0875,0.0875,0.01,0.1,0.002,0.0005910210311412811,0.0001524054291059111,0.001524054291059111,0.008744843623686832,0.01742803366924666,3.485606733849332e-05,43.724218118434166,4.372421811843417
11,17,0.0875,0.0875,0.01,0.15848931924611143,0.002,0.0009691044688224792,0.0002497251976855796,0.002497251976855796,0.014368794060463829,0.017379690782311788,3.4759381564623576e-05,71.84397030231915,7.184397030231915
11,18,0.0875,0.0875,0.01,0.25118864315095807,0.002,0.0015490464866161346,0.0003987857367334257,0.003987857367334257,0.02304365880681343,0.01730566053232461,3.4611321064649216e-05,115.21829403406718,11.52182940340672
11,19,0.0875,0.0875,0.01,0.3981071705534973,0.002,0.0023986883461475372,0.0006167850119915269,0.0061678501199152694,0.035864968955327745,0.01719742216310781,3.4394844326215615e-05,179.32484477663877,17.932484477663873
11,20,0.0875,0.0875,0.01,0.6309573444801934,0.002,0.0035360679030418396,0.0009081184150651052,0.009081184150651051,0.053253255634112526,0.017052824362598973,3.410564872519795e-05,266.2662781705626,26.626627817056264
11,21,0.0875,0.0875,0.01,1.0,0.002,0.004864148795604706,0.0012481527029032473,0.012481527029032472,0.07392468550446625,0.016884112450202285,3.376822490040457e-05,369.62342752233127,36.962342752233134
11,22,0.0875,0.125,0.01,0.01,0.002,0.00546448677778244,0.0014669762168717118,0.014669762168717118,0.08044832696282578,0.018235012115908687,3.647002423181737e-05,402.24163481412893,40.224163481412894
11,23,0.0875,0.125,0.01,0.015848931924611134,0.002,0.005409456789493561,0.0014527741268616995,0.014527741268616995,0.07970037062941439,0.018227946939126723,3.645589387825345e-05,398.5018531470719,39.8501853147072
11,24,0.0875,0.125,0.01,0.025118864315095794,0.002,0.005322225391864777,0.0014302696212691007,0.014302696212691007,0.07851397714277016,0.018216751632238577,3.643350326447716e-05,392.5698857138508,39.25698857138508
11,25,0.0875,0.125,0.01,0.039810717055349734,0.002,0.00518401712179184,0.001394626978362108,0.01394626978362108,0.07663197924678668,0.018199020723069573,3.639804144613914e-05,383.15989623393335,38.315989623393335
11,26,0.0875,0.125,0.01,0.06309573444801933,0.002,0.00496528297662735,0.001338249616191174,0.01338249616191174,0.07364764861846486,0.018170975466223496,3.634195093244699e-05,368.23824309232435,36.823824309232435
11,27,0.0875,0.125,0.01,0.1,0.002,0.004620172083377838,0.0012493741880547505,0.012493741880547504,0.0689242801301422,0.01812676441009893,3.6253528820197864e-05,344.62140065071094,34.4621400650711
11,28,0.0875,0.125,0.01,0.15848931924611143,0.002,0.004080053418874741,0.0011104530618216745,0.011104530618216745,0.061494857772339005,0.018057657209854826,3.611531441970965e-05,307.474288861695,30.7474288861695
11,29,0.0875,0.125,0.01,0.25118864315095807,0.002,0.0032515674829483032,0.000897747802162208,0.008977478021622081,0.05000870414972679,0.01795183093475764,3.590366186951528e-05,250.04352074863394,25.00435207486339
11,30,0.0875,0.125,0.01,0.3981071705534973,0.002,0.0020377933979034424,0.0005870075067199495,0.005870075067199495,0.03298330925803696,0.017797107686425208,3.559421537285042e-05,164.91654629018484,16.491654629018484
11,31,0.0875,0.125,0.01,0.6309573444801934,0.002,0.000412963330745697,0.00017571447934918867,0.0017571447934918868,0.009989215522263829,0.017590418282352464,3.518083656470493e-05,49.94607761131914,4.994607761131914
11,32,0.0875,0.125,0.01,1.0,0.002,0.0014842934906482697,0.00032076785043449514,0.003207678504344951,0.018488831206289934,0.01734927680692814,3.469855361385628e-05,92.44415603144965,9.244415603144965
11,33,0.0875,0.1625,0.01,0.01,0.002,0.010928981006145477,0.00293395273456878,0.0293395273456878,0.15469058849626205,0.01896658848537302,3.793317697074604e-05,773.4529424813103,77.34529424813103
11,34,0.0875,0.1625,0.01,0.015848931924611134,0.002,0.010857433080673218,0.0029154896691468797,0.029154896691468795,0.1537916535308359,0.01895739854674435,3.7914797093488704e-05,768.9582676541795,76.89582676541797
11,35,0.0875,0.1625,0.01,0.025118864315095794,0.002,0.010744035243988037,0.002886233787474478,0.028862337874744782,0.15236544739577146,0.018942836691690633,3.788567338338127e-05,761.8272369788572,76.1827236978857
11,36,0.0875,0.1625,0.01,0.039810717055349734,0.002,0.010564364492893219,0.0028398979267762266,0.028398979267762265,0.1501021070108443,0.01891977390144866,3.783954780289732e-05,750.5105350542217,75.05105350542217
11,37,0.0875,0.1625,0.01,0.06309573444801933,0.002,0.010280013084411621,0.0027666052491051767,0.027666052491051765,0.14651072588552164,0.01888329494228911,3.776658988457822e-05,732.553629427608,73.25536294276081
11,38,0.0875,0.1625,0.01,0.1,0.002,0.009831368923187256,0.0026510611336603195,0.026510611336603193,0.14082071756816517,0.018825789127065454,3.765157825413091e-05,704.103587840826,70.4103587840826
11,39,0.0875,0.1625,0.01,0.15848931924611143,0.002,0.00912921130657196,0.002470442794907784,0.024704427949077838,0.131856099069828,0.018735900821694212,3.7471801643388424e-05,659.28049534914,65.928049534914
11,40,0.0875,0.1625,0.01,0.25118864315095807,0.002,0.00805218517780304,0.0021938457899619377,0.021938457899619377,0.11795978014963211,0.018598252617790925,3.7196505235581854e-05,589.7989007481606,58.979890074816055
11,41,0.0875,0.1625,0.01,0.3981071705534973,0.002,0.0064742714166641235,0.001789477088792998,0.01789477088792998,0.09727001158613247,0.018397007048862317,3.6794014097724636e-05,486.3500579306623,48.63500579306622
11,42,0.0875,0.1625,0.01,0.6309573444801934,0.002,0.004361994564533234,0.0012496228082887414,0.012496228082887414,0.06893262022525029,0.018128177983157523,3.6256355966315045e-05,344.6631011262515,34.46631011262515
11,43,0.0875,0.1625,0.01,1.0,0.002,0.0018955618143081665,0.0006221994736193739,0.0062219947361937394,0.034926468726599054,0.01781455429948816,3.562910859897632e-05,174.63234363299526,17.463234363299524
11,44,0.0875,0.2,0.01,0.01,0.002,0.016393467783927917,0.004400929223831568,0.044009292238315685,0.22341533278445824,0.01969842073496988,3.939684146993976e-05,1117.0766639222911,111.70766639222911
11,45,0.0875,0.2,0.01,0.015848931924611134,0.002,0.016305409371852875,0.004378205221707363,0.043782052217073625,0.22238949136976863,0.019687104794118566,3.937420958823713e-05,1111.9474568488433,111.19474568488435
11,46,0.0875,0.2,0.01,0.025118864315095794,0.002,0.016165845096111298,0.004342198050456165,0.04342198050456164,0.22076158125279507,0.019669174436125703,3.933834887225141e-05,1103.8079062639754,110.38079062639754
11,47,0.0875,0.2,0.01,0.039810717055349734,0.002,0.0159447118639946,0.004285169265655829,0.04285169265655829,0.21817717995173488,0.01964077666877807,3.928155333755614e-05,1090.8858997586744,109.08858997586745
11,48,0.0875,0.2,0.01,0.06309573444801933,0.002,0.015594743192195892,0.004194961810955872,0.041949618109558724,0.21407389322893114,0.019595858923674405,3.919171784734881e-05,1070.369466144656,107.03694661446558
11,49,0.0875,0.2,0.01,0.1,0.002,0.015042565762996674,0.0040527514566091345,0.04052751456609135,0.20756675984257805,0.019525050444892077,3.905010088978415e-05,1037.8337992128902,103.78337992128901
11,50,0.0875,0.2,0.01,0.15848931924611143,0.002,0.014178372919559479,0.003830444630875156,0.03830444630875156,0.19729947058771394,0.019414368520427657,3.882873704085532e-05,986.4973529385696,98.64973529385696
11,51,0.0875,0.2,0.01,0.25118864315095807,0.002,0.012852795422077179,0.003489993172888986,0.03489993172888986,0.18134658917286992,0.01924487903967207,3.848975807934414e-05,906.7329458643495,90.67329458643495
11,52,0.0875,0.2,0.01,0.3981071705534973,0.002,0.010910756886005402,0.002992219472336949,0.02992219472336949,0.15750941653431924,0.018997083083505572,3.799416616701114e-05,787.5470826715962,78.75470826715963
11,53,0.0875,0.2,0.01,0.6309573444801934,0.002,0.00831102579832077,0.0023273854343508972,0.023273854343508975,0.12468530622980095,0.018666076258107074,3.733215251621415e-05,623.4265311490047,62.342653114900465
11,54,0.0875,0.2,0.01,1.0,0.002,0.005275420844554901,0.0015526124767689432,0.01552612476768943,0.08493536921033587,0.018279928505685522,3.655985701137104e-05,424.6768460516793,42.46768460516794
12,13,0.0875,0.0875,0.015848931924611134,0.025118864315095794,0.002,6.106123328208923e-05,1.5760642933423417e-05,0.00015760642933423417,0.0009013271895298368,0.017486039605267772,3.497207921053555e-05,4.506635947649183,0.45066359476491835
12,14,0.0875,0.0875,0.015848931924611134,0.039810717055349734,0.002,0.00015780329704284668,4.072224275073014e-05,0.0004072224275073014,0.002330496137771839,0.017473636660760232,3.494727332152046e-05,11.652480688859198,1.1652480688859197
12,15,0.0875,0.0875,0.015848931924611134,0.06309573444801933,0.002,0.0003109164535999298,8.020775529717474e-05,0.0008020775529717474,0.004595374793294035,0.01745401820417799,3.490803640835598e-05,22.976873966470173,2.2976873966470173
12,16,0.0875,0.0875,0.015848931924611134,0.1,0.002,0.000552494078874588,0.00014245905215397428,0.001424590521539743,0.008176451028254435,0.017423091224015738,3.484618244803148e-05,40.88225514127217,4.088225514127217
12,17,0.0875,0.0875,0.015848931924611134,0.15848931924611143,0.002,0.0009305775165557861,0.00023977882461641756,0.0023977882461641755,0.01380042000980734,0.017374748337080866,3.4749496674161735e-05,69.00210004903668,6.900210004903669
12,18,0.0875,0.0875,0.015848931924611134,0.25118864315095807,0.002,0.0015105195343494415,0.00038883937197219207,0.003888393719721921,0.022475331371491786,0.017300718087093686,3.4601436174187374e-05,112.37665685745893,11.237665685745892
12,19,0.0875,0.0875,0.015848931924611134,0.3981071705534973,0.002,0.002360161393880844,0.0006068386626961093,0.0060683866269610936,0.035296750245115215,0.017192479717876887,3.4384959435753774e-05,176.48375122557607,17.648375122557606
12,20,0.0875,0.0875,0.015848931924611134,0.6309573444801934,0.002,0.0034975409507751465,0.0008981720887779416,0.008981720887779416,0.05268525985406442,0.01704788191736805,3.40957638347361e-05,263.4262992703221,26.342629927032206
12,21,0.0875,0.0875,0.015848931924611134,1.0,0.002,0.004825621843338013,0.001238206396919195,0.01238206396919195,0.0733570665236804,0.016879170004971362,3.3758340009942725e-05,366.785332618402,36.678533261840194
12,22,0.0875,0.125,0.015848931924611134,0.01,0.002,0.005503013730049133,0.0014769181544498338,0.014769181544498338,0.08101549698547722,0.018230069670677765,3.646013934135553e-05,405.07748492738597,40.5077484927386
12,23,0.0875,0.125,0.015848931924611134,0.015848931924611134,0.002,0.005447983741760254,0.0014627159775579645,0.014627159775579645,0.08026755291905534,0.0182230044938958,3.64460089877916e-05,401.3377645952767,40.133776459527674
12,24,0.0875,0.125,0.015848931924611134,0.025118864315095794,0.002,0.00536075234413147,0.0014402113282912265,0.014402113282912266,0.07908117823454226,0.018211809187007655,3.642361837401531e-05,395.40589117271134,39.54058911727113
12,25,0.0875,0.125,0.015848931924611134,0.039810717055349734,0.002,0.005222544074058533,0.0014045684418608237,0.014045684418608238,0.07719920846837637,0.018194078277838647,3.6388156555677294e-05,385.99604234188183,38.59960423418818
12,26,0.0875,0.125,0.015848931924611134,0.06309573444801933,0.002,0.005003809928894043,0.0013481906499884576,0.013481906499884577,0.07421491794221091,0.018166033020992574,3.633206604198515e-05,371.0745897110545,37.10745897110545
12,27,0.0875,0.125,0.015848931924611134,0.1,0.002,0.004658699035644531,0.0012593144112649978,0.012593144112649977,0.06949160044207343,0.018121821964868008,3.6243643929736015e-05,347.45800221036717,34.745800221036724
12,28,0.0875,0.125,0.015848931924611134,0.15848931924611143,0.002,0.004118580371141434,0.0011203915722362027,0.011203915722362028,0.06206222093708156,0.0180527147646239,3.61054295292478e-05,310.31110468540777,31.031110468540774
12,29,0.0875,0.125,0.015848931924611134,0.25118864315095807,0.002,0.0032900944352149963,0.0009076818664125566,0.009076818664125567,0.05057600190374245,0.017946888489526715,3.589377697905343e-05,252.88000951871226,25.288000951871222
12,30,0.0875,0.125,0.015848931924611134,0.3981071705534973,0.002,0.0020763203501701355,0.0005969237405367891,0.005969237405367891,0.033549808718880865,0.017792165241194285,3.558433048238857e-05,167.74904359440433,16.77490435944043
12,31,0.0875,0.125,0.015848931924611134,0.6309573444801934,0.002,0.00045149028301239014,0.00018530141249713605,0.0018530141249713606,0.010537185016397424,0.017585475837121542,3.517095167424308e-05,52.68592508198712,5.2685925081987115
12,32,0.0875,0.125,0.015848931924611134,1.0,0.002,0.0014457665383815765,0.0003109501713861736,0.003109501713861736,0.017928054481748692,0.017344334361697213,3.4688668723394426e-05,89.64027240874347,8.964027240874346
12,33,0.0875,0.1625,0.015848931924611134,0.01,0.002,0.01096750795841217,0.002943894657184629,0.029438946571846293,0.1552552268380266,0.018961646040142097,3.7923292080284196e-05,776.2761341901328,77.62761341901327
12,34,0.0875,0.1625,0.015848931924611134,0.015848931924611134,0.002,0.010895960032939911,0.002925431535248155,0.029254315352481547,0.15435632825523588,0.01895245610151343,3.790491220302686e-05,771.7816412761792,77.17816412761793
12,35,0.0875,0.1625,0.015848931924611134,0.025118864315095794,0.002,0.01078256219625473,0.0028961755614444872,0.028961755614444872,0.15293017923499624,0.01893789424645971,3.787578849291942e-05,764.6508961749811,76.46508961749811
12,36,0.0875,0.1625,0.015848931924611134,0.039810717055349734,0.002,0.010602891445159912,0.0028498395479297773,0.028498395479297774,0.15066692793569514,0.018914831456217737,3.7829662912435476e-05,753.3346396784757,75.33346396784756
12,37,0.0875,0.1625,0.015848931924611134,0.06309573444801933,0.002,0.010318540036678314,0.002776546610154172,0.02776546610154172,0.1470756842042674,0.018878352497058184,3.775670499411637e-05,735.3784210213367,73.53784210213368
12,38,0.0875,0.1625,0.015848931924611134,0.1,0.002,0.009869895875453949,0.0026610020334333173,0.02661002033433317,0.1413858833461333,0.01882084668183453,3.764169336366906e-05,706.9294167306666,70.69294167306667
12,39,0.0875,0.1625,0.015848931924611134,0.15848931924611143,0.002,0.009167738258838654,0.0024803828217778903,0.024803828217778903,0.1324215649795399,0.01873095837646329,3.746191675292658e-05,662.1078248976993,66.21078248976993
12,40,0.0875,0.1625,0.015848931924611134,0.25118864315095807,0.002,0.008090712130069733,0.0022037839875245057,0.022037839875245057,0.1185256399786655,0.018593310172560003,3.7186620345120005e-05,592.6281998933275,59.26281998933275
12,41,0.0875,0.1625,0.015848931924611134,0.3981071705534973,0.002,0.006512798368930817,0.0017994107671357145,0.017994107671357146,0.09783625742486968,0.01839206460363139,3.678412920726278e-05,489.18128712434844,48.91812871243484
12,42,0.0875,0.1625,0.015848931924611134,0.6309573444801934,0.002,0.004400521516799927,0.0012595416598831092,0.012595416598831094,0.06949871932344857,0.0181232355379266,3.62464710758532e-05,347.4935966172429,34.74935966172428
12,43,0.0875,0.1625,0.015848931924611134,1.0,0.002,0.0019340887665748596,0.0006320271034765031,0.006320271034765032,0.03548797742750483,0.017809611854257237,3.5619223708514474e-05,177.43988713752412,17.74398871375241
12,44,0.0875,0.2,0.015848931924611134,0.01,0.002,0.01643199473619461,0.004410871141421607,0.04410871141421607,0.22397623601717107,0.019693478289738955,3.938695657947791e-05,1119.8811800858555,111.98811800858554
12,45,0.0875,0.2,0.015848931924611134,0.015848931924611134,0.002,0.016343936324119568,0.004388147092928362,0.04388147092928362,0.22295045712679848,0.019682162348887644,3.936432469777529e-05,1114.7522856339924,111.47522856339924
12,46,0.0875,0.2,0.015848931924611134,0.025118864315095794,0.002,0.01620437204837799,0.0043521398464190396,0.04352139846419039,0.22132264552382372,0.01966423199089478,3.932846398178956e-05,1106.6132276191183,110.66132276191185
12,47,0.0875,0.2,0.015848931924611134,0.039810717055349734,0.002,0.01598323881626129,0.004295110937678601,0.04295110937678601,0.21873839882636292,0.019635834223547144,3.927166844709429e-05,1093.6919941318145,109.36919941318143
12,48,0.0875,0.2,0.015848931924611134,0.06309573444801933,0.002,0.015633270144462585,0.004204903274485411,0.04204903274485411,0.21463535302762388,0.01959091647844348,3.918183295688696e-05,1073.1767651381194,107.31767651381196
12,49,0.0875,0.2,0.015848931924611134,0.1,0.002,0.015081092715263367,0.00406269255755385,0.0406269255755385,0.20812859015044255,0.01952010799966115,3.90402159993223e-05,1040.6429507522125,104.06429507522125
12,50,0.0875,0.2,0.015848931924611134,0.15848931924611143,0.002,0.014216899871826172,0.003840385068326144,0.038403850683261444,0.197861856061461,0.01940942607519673,3.881885215039346e-05,989.3092803073052,98.93092803073051
12,51,0.0875,0.2,0.015848931924611134,0.25118864315095807,0.002,0.012891322374343872,0.0034999323011249725,0.03499932301124972,0.18190976274506965,0.019239936594441145,3.847987318888229e-05,909.5488137253483,90.95488137253483
12,52,0.0875,0.2,0.015848931924611134,0.3981071705534973,0.002,0.010949283838272095,0.0030021557182637634,0.030021557182637635,0.15807358293322413,0.018992140638274646,3.7984281276549294e-05,790.3679146661206,79.03679146661206
12,53,0.0875,0.2,0.015848931924611134,0.6309573444801934,0.002,0.008349552750587463,0.0023373142662367788,0.023373142662367785,0.1252503888388623,0.018661133812876148,3.7322267625752295e-05,626.2519441943115,62.62519441943116
12,54,0.0875,0.2,0.015848931924611134,1.0,0.002,0.005313947796821594,0.0015625170909176803,0.015625170909176804,0.08550031642972494,0.018274986060454596,3.6549972120909194e-05,427.5015821486247,42.750158214862466
13,14,0.0875,0.0875,0.025118864315095794,0.039810717055349734,0.002,9.674206376075745e-05,2.4961600023804565e-05,0.00024961600023804567,0.0014291697238365095,0.01746580522066815,3.49316104413363e-05,7.145848619182548,0.7145848619182547
13,15,0.0875,0.0875,0.025118864315095794,0.06309573444801933,0.002,0.0002498552203178406,6.444711338722172e-05,0.0006444711338722172,0.003694051557437768,0.017446186764085908,3.489237352817182e-05,18.47025778718884,1.847025778718884
13,16,0.0875,0.0875,0.025118864315095794,0.1,0.002,0.0004914328455924988,0.00012669841257478167,0.0012669841257478165,0.007275137675048595,0.017415259783923658,3.483051956784731e-05,36.37568837524297,3.6375688375242983
13,17,0.0875,0.0875,0.025118864315095794,0.15848931924611143,0.002,0.0008695162832736969,0.0002240181908077203,0.0022401819080772032,0.012899134148938228,0.017366916896988785,3.473383379397757e-05,64.49567074469113,6.449567074469113
13,18,0.0875,0.0875,0.025118864315095794,0.25118864315095807,0.002,0.0014494583010673523,0.0003730787507425825,0.0037307875074258255,0.02157411647680408,0.017292886647001605,3.4585773294003215e-05,107.87058238402038,10.787058238402036
13,19,0.0875,0.0875,0.025118864315095794,0.3981071705534973,0.002,0.002299100160598755,0.0005910780651417792,0.005910780651417791,0.0343957033968444,0.017184648277784806,3.4369296555569614e-05,171.97851698422198,17.197851698422202
13,20,0.0875,0.0875,0.025118864315095794,0.6309573444801934,0.002,0.0034364797174930573,0.0008824115266451556,0.008824115266451557,0.05178456060455394,0.01704005047727597,3.408010095455194e-05,258.9228030227697,25.892280302276966
13,21,0.0875,0.0875,0.025118864315095794,1.0,0.002,0.0047645606100559235,0.0012224458659630545,0.012224458659630545,0.07245695777262126,0.016871338564879282,3.3742677129758565e-05,362.28478886310626,36.228478886310626
13,22,0.0875,0.125,0.025118864315095794,0.01,0.002,0.0055640749633312225,0.0014926718305971552,0.014926718305971552,0.08191484556994397,0.018222238230585684,3.644447646117137e-05,409.57422784971976,40.957422784971975
13,23,0.0875,0.125,0.025118864315095794,0.015848931924611134,0.002,0.005509044975042343,0.0014784695191176775,0.014784695191176775,0.08116692137651371,0.01821517305380372,3.643034610760744e-05,405.8346068825685,40.58346068825685
13,24,0.0875,0.125,0.025118864315095794,0.025118864315095794,0.002,0.005421813577413559,0.0014559646473607487,0.014559646473607487,0.07998057719046833,0.018203977746915574,3.640795549383115e-05,399.9028859523416,39.99028859523416
13,25,0.0875,0.125,0.025118864315095794,0.039810717055349734,0.002,0.005283605307340622,0.0014203213840248106,0.014203213840248106,0.07809865315788272,0.018186246837746566,3.6372493675493134e-05,390.4932657894136,39.04932657894136
13,26,0.0875,0.125,0.025118864315095794,0.06309573444801933,0.002,0.005064871162176132,0.001363942927718562,0.01363942927718562,0.07511442813550492,0.018158201580900493,3.6316403161800984e-05,375.57214067752466,37.55721406775247
13,27,0.0875,0.125,0.025118864315095794,0.1,0.002,0.0047197602689266205,0.0012750654376579872,0.012750654376579872,0.07039119491168885,0.018113990524775928,3.6227981049551855e-05,351.9559745584442,35.19559745584442
13,28,0.0875,0.125,0.025118864315095794,0.15848931924611143,0.002,0.004179641604423523,0.001136139962508928,0.01136139962508928,0.0629618901976694,0.01804488332453182,3.6089766649063636e-05,314.809450988347,31.480945098834702
13,29,0.0875,0.125,0.025118864315095794,0.25118864315095807,0.002,0.0033511556684970856,0.0009234234561382367,0.009234234561382367,0.051475585009488505,0.017939057049434635,3.587811409886927e-05,257.37792504744255,25.737792504744252
13,30,0.0875,0.125,0.025118864315095794,0.3981071705534973,0.002,0.0021373815834522247,0.0006126384903079504,0.006126384903079504,0.03444821139546883,0.017784333801102205,3.556866760220441e-05,172.24105697734413,17.224105697734412
13,31,0.0875,0.125,0.025118864315095794,0.6309573444801934,0.002,0.0005125515162944794,0.0002005637818497872,0.002005637818497872,0.011410162665691516,0.01757764439702946,3.515528879405892e-05,57.05081332845758,5.705081332845758
13,32,0.0875,0.125,0.025118864315095794,1.0,0.002,0.0013847053050994873,0.000295410803225083,0.0029541080322508296,0.017039815040029525,0.017336502921605133,3.4673005843210266e-05,85.19907520014763,8.519907520014764
13,33,0.0875,0.1625,0.025118864315095794,0.01,0.002,0.01102856919169426,0.0029596482493309127,0.029596482493309127,0.15615053284963032,0.018953814600050016,3.790762920010003e-05,780.7526642481516,78.07526642481517
13,34,0.0875,0.1625,0.025118864315095794,0.015848931924611134,0.002,0.010957021266222,0.0029411850386976707,0.029411850386976707,0.15525169230125058,0.01894462466142135,3.7889249322842695e-05,776.258461506253,77.62584615062529
13,35,0.0875,0.1625,0.025118864315095794,0.025118864315095794,0.002,0.01084362342953682,0.002911928920315589,0.02911928920315589,0.15382563439441338,0.01893006280636763,3.786012561273526e-05,769.1281719720666,76.91281719720666
13,36,0.0875,0.1625,0.025118864315095794,0.039810717055349734,0.002,0.010663952678442001,0.0028655926670365373,0.028655926670365373,0.1515625252336432,0.018907000016125657,3.7814000032251316e-05,757.812626168216,75.78126261682159
13,37,0.0875,0.1625,0.025118864315095794,0.06309573444801933,0.002,0.010379601269960403,0.0027922993212929465,0.027922993212929462,0.1479715007796333,0.018870521056966103,3.7741042113932204e-05,739.8575038981666,73.98575038981666
13,38,0.0875,0.1625,0.025118864315095794,0.1,0.002,0.009930957108736038,0.002676754021455997,0.02676754021455997,0.1422820311927881,0.018813015241742448,3.76260304834849e-05,711.4101559639405,71.14101559639404
13,39,0.0875,0.1625,0.025118864315095794,0.15848931924611143,0.002,0.009228799492120743,0.0024961334426679997,0.024961334426679995,0.1333181925834758,0.01872312693637121,3.744625387274242e-05,666.5909629173788,66.65909629173788
13,40,0.0875,0.1625,0.025118864315095794,0.25118864315095807,0.002,0.008151773363351822,0.0022195317482095454,0.022195317482095456,0.11942289892872827,0.018585478732467922,3.7170957464935845e-05,597.1144946436414,59.71144946436413
13,41,0.0875,0.1625,0.025118864315095794,0.3981071705534973,0.002,0.006573859602212906,0.0018151514850224006,0.018151514850224006,0.0987341418527217,0.01838423316353931,3.676846632707862e-05,493.67070926360844,49.36707092636084
13,42,0.0875,0.1625,0.025118864315095794,0.6309573444801934,0.002,0.004461582750082016,0.001275259437746645,0.012752594377466451,0.07039641130053992,0.01811540409783452,3.623080819566904e-05,351.98205650269955,35.198205650269955
13,43,0.0875,0.1625,0.025118864315095794,1.0,0.002,0.001995149999856949,0.0006476067526602407,0.006476067526602406,0.03637876311208343,0.017801780414165157,3.5603560828330314e-05,181.89381556041712,18.189381556041713
13,44,0.0875,0.2,0.025118864315095794,0.01,0.002,0.0164930559694767,0.004426624705181775,0.044266247051817746,0.22486559567948258,0.019685646849646875,3.937129369929375e-05,1124.3279783974128,112.4327978397413
13,45,0.0875,0.2,0.025118864315095794,0.015848931924611134,0.002,0.016404997557401657,0.004403900583596269,0.044039005835962694,0.22383991628541083,0.019674330908795563,3.934866181759113e-05,1119.199581427054,111.91995814270538
13,46,0.0875,0.2,0.025118864315095794,0.025118864315095794,0.002,0.01626543328166008,0.00436789321846447,0.0436789321846447,0.22221226145526937,0.0196564005508027,3.93128011016054e-05,1111.0613072763467,111.10613072763466
13,47,0.0875,0.2,0.025118864315095794,0.039810717055349734,0.002,0.01604430004954338,0.00431086411439014,0.0431086411439014,0.21962826080419529,0.019628002783455063,3.9256005566910124e-05,1098.1413040209766,109.81413040209766
13,48,0.0875,0.2,0.025118864315095794,0.06309573444801933,0.002,0.015694331377744675,0.004220656122664795,0.04220656122664795,0.21552559846413813,0.0195830850383514,3.91661700767028e-05,1077.6279923206905,107.76279923206906
13,49,0.0875,0.2,0.025118864315095794,0.1,0.002,0.015142153948545456,0.004078444834567684,0.04078444834567684,0.2090194253918343,0.01951227655956907,3.902455311913814e-05,1045.0971269591714,104.50971269591713
13,50,0.0875,0.2,0.025118864315095794,0.15848931924611143,0.002,0.014277961105108261,0.003856136300715046,0.03856136300715046,0.1987535753240546,0.01940159463510465,3.88031892702093e-05,993.7678766202731,99.37678766202731
13,51,0.0875,0.2,0.025118864315095794,0.25118864315095807,0.002,0.012952383607625961,0.003515681474160782,0.03515681474160782,0.18280273771099678,0.019232105154349064,3.8464210308698126e-05,914.0136885549841,91.40136885549842
13,52,0.0875,0.2,0.025118864315095794,0.3981071705534973,0.002,0.011010345071554184,0.003017900365180875,0.030179003651808752,0.15896814225243389,0.018984309198182565,3.7968618396365134e-05,794.8407112621694,79.48407112621693
13,53,0.0875,0.2,0.025118864315095794,0.6309573444801934,0.002,0.008410613983869553,0.0023530473081271454,0.023530473081271455,0.12614641960451667,0.018653302372784068,3.7306604745568135e-05,630.7320980225834,63.07320980225833
13,54,0.0875,0.2,0.025118864315095794,1.0,0.002,0.0053750090301036835,0.001578212477109588,0.01578212477109588,0.08639618538895733,0.018267154620362516,3.6534309240725034e-05,431.9809269447865,43.19809269447865
14,15,0.0875,0.0875,0.039810717055349734,0.06309573444801933,0.002,0.00015311315655708313,3.948551418499292e-05,0.0003948551418499292,0.002264884926509767,0.017433783819578365,3.486756763915673e-05,11.324424632548837,1.1324424632548837
14,16,0.0875,0.0875,0.039810717055349734,0.1,0.002,0.00039469078183174133,0.00010173681630171342,0.0010173681630171341,0.00584598363593312,0.017402856839416114,3.480571367883223e-05,29.22991817966561,2.9229918179665613
14,17,0.0875,0.0875,0.039810717055349734,0.15848931924611143,0.002,0.0007727742195129395,0.00019905660249205408,0.001990566024920541,0.011470018868698662,0.01735451395248124,3.470902790496248e-05,57.350094343493325,5.735009434349332
14,18,0.0875,0.0875,0.039810717055349734,0.25118864315095807,0.002,0.0013527162373065948,0.00034811718058589156,0.003481171805858916,0.02014510627012416,0.017280483702494066,3.456096740498813e-05,100.72553135062081,10.072553135062082
14,19,0.0875,0.0875,0.039810717055349734,0.3981071705534973,0.002,0.0022023580968379974,0.0005661165300338073,0.005661165300338073,0.03296694864571713,0.017172245333277266,3.4344490666554535e-05,164.83474322858564,16.483474322858566
14,20,0.0875,0.0875,0.039810717055349734,0.6309573444801934,0.002,0.0033397376537323,0.00085745004467561,0.008574500446756101,0.050356342120983645,0.017027647532768427,3.4055295065536855e-05,251.78171060491826,25.178171060491824
14,21,0.0875,0.0875,0.039810717055349734,1.0,0.002,0.004667818546295166,0.0011974844306702579,0.011974844306702578,0.07102965795914541,0.01685893562037174,3.371787124074348e-05,355.1482897957271,35.51482897957271
14,22,0.0875,0.125,0.039810717055349734,0.01,0.002,0.00566081702709198,0.0015176225577361211,0.01517622557736121,0.08334081741510203,0.018209835286078144,3.641967057215629e-05,416.70408707551013,41.67040870755102
14,23,0.0875,0.125,0.039810717055349734,0.015848931924611134,0.002,0.005605787038803101,0.001503420040402353,0.015034200404023531,0.08259292576763107,0.018202770109296176,3.6405540218592355e-05,412.9646288381554,41.296462883815536
14,24,0.0875,0.125,0.039810717055349734,0.025118864315095794,0.002,0.005518555641174316,0.001480914828518192,0.01480914828518192,0.08140663161949904,0.018191574802408034,3.638314960481607e-05,407.0331580974952,40.70331580974952
14,25,0.0875,0.125,0.039810717055349734,0.039810717055349734,0.002,0.005380347371101379,0.0014452709894936398,0.014452709894936397,0.07952478286837847,0.018173843893239026,3.6347687786478056e-05,397.6239143418923,39.76239143418924
14,26,0.0875,0.125,0.039810717055349734,0.06309573444801933,0.002,0.00516161322593689,0.001388891519807539,0.01388891519807539,0.0765406663899597,0.018145798636392953,3.6291597272785905e-05,382.7033319497986,38.27033319497986
14,27,0.0875,0.125,0.039810717055349734,0.1,0.002,0.004816502332687378,0.0013000121260925148,0.013000121260925148,0.07181757513410544,0.018101587580268384,3.620317516053677e-05,359.08787567052724,35.90878756705273
14,28,0.0875,0.125,0.039810717055349734,0.15848931924611143,0.002,0.00427638366818428,0.0011610826594420792,0.011610826594420793,0.06438840553118162,0.01803248038002428,3.606496076004856e-05,321.94202765590813,32.19420276559081
14,29,0.0875,0.125,0.039810717055349734,0.25118864315095807,0.002,0.003447897732257843,0.0009483559544153358,0.009483559544153359,0.05290200552007541,0.017926654104927095,3.585330820985419e-05,264.5100276003771,26.45100276003771
14,30,0.0875,0.125,0.039810717055349734,0.3981071705534973,0.002,0.002234123647212982,0.000637531704502179,0.00637531704502179,0.0358729566104298,0.017771930856594665,3.554386171318933e-05,179.36478305214902,17.9364783052149
14,31,0.0875,0.125,0.039810717055349734,0.6309573444801934,0.002,0.0006092935800552368,0.0002248759137361786,0.002248759137361786,0.012802324086691795,0.01756524145252192,3.5130482905043844e-05,64.01162043345897,6.401162043345899
14,32,0.0875,0.125,0.039810717055349734,1.0,0.002,0.0012879632413387299,0.0002708511083039216,0.0027085110830392164,0.015634353799734817,0.017324099977097593,3.464819995419519e-05,78.1717689986741,7.817176899867408
14,33,0.0875,0.1625,0.039810717055349734,0.01,0.002,0.011125311255455017,0.002984598697468956,0.02984598697468956,0.15757002443878715,0.018941411655542473,3.7882823311084944e-05,787.8501221939359,78.7850122193936
14,34,0.0875,0.1625,0.039810717055349734,0.015848931924611134,0.002,0.011053763329982758,0.002966135348387073,0.029661353483870733,0.15667127676500667,0.018932221716913805,3.786444343382761e-05,783.3563838250336,78.33563838250335
14,35,0.0875,0.1625,0.039810717055349734,0.025118864315095794,0.002,0.010940365493297577,0.002936879004372046,0.029368790043720457,0.15524536469191363,0.018917659861860087,3.7835319723720175e-05,776.2268234595681,77.62268234595682
14,36,0.0875,0.1625,0.039810717055349734,0.039810717055349734,0.002,0.010760694742202759,0.0028905423770222167,0.028905423770222163,0.15298248309111323,0.018894597071618117,3.778919414323624e-05,764.9124154555661,76.49124154555662
14,37,0.0875,0.1625,0.039810717055349734,0.06309573444801933,0.002,0.010476343333721161,0.002817248395101331,0.028172483951013308,0.14939180984554992,0.018858118112458563,3.7716236224917126e-05,746.9590492277497,74.69590492277497
14,38,0.0875,0.1625,0.039810717055349734,0.1,0.002,0.010027699172496796,0.0027017019686049327,0.027017019686049325,0.14370287126245795,0.01880061229723491,3.760122459446982e-05,718.5143563122898,71.851435631229
14,39,0.0875,0.1625,0.039810717055349734,0.15848931924611143,0.002,0.0093255415558815,0.002521079262876058,0.025210792628760578,0.13473980290513318,0.018710723991863666,3.742144798372733e-05,673.6990145256661,67.36990145256662
14,40,0.0875,0.1625,0.039810717055349734,0.25118864315095807,0.002,0.00824851542711258,0.0022444731305214,0.022444731305214,0.12084552694154908,0.018573075787960382,3.714615157592077e-05,604.2276347077456,60.422763470774555
14,41,0.0875,0.1625,0.039810717055349734,0.3981071705534973,0.002,0.006670601665973663,0.0018400819963415493,0.018400819963415492,0.10015779453673423,0.01837183021903177,3.674366043806354e-05,500.78897268367115,50.07889726836712
14,42,0.0875,0.1625,0.039810717055349734,0.6309573444801934,0.002,0.0045583248138427734,0.0013001549372627752,0.013001549372627751,0.07181985606976729,0.01810300115332698,3.620600230665396e-05,359.0992803488365,35.909928034883656
14,43,0.0875,0.1625,0.039810717055349734,1.0,0.002,0.0020918920636177063,0.000672298288949517,0.00672298288949517,0.03779212005008157,0.017789377469657613,3.557875493931523e-05,188.96060025040788,18.89606002504079
14,44,0.0875,0.2,0.039810717055349734,0.01,0.002,0.016589798033237457,0.004451575057795599,0.04451575057795599,0.22627559945173517,0.01967324390513934,3.9346487810278674e-05,1131.3779972586758,113.1377997258676
14,45,0.0875,0.2,0.039810717055349734,0.015848931924611134,0.002,0.016501739621162415,0.004428850821334804,0.04428850821334804,0.22525007869924704,0.019661927964288024,3.9323855928576045e-05,1126.2503934962353,112.62503934962353
14,46,0.0875,0.2,0.039810717055349734,0.025118864315095794,0.002,0.016362175345420837,0.0043928432697912636,0.043928432697912634,0.22362267384839848,0.019643997606295156,3.9287995212590315e-05,1118.1133692419926,111.81133692419927
14,47,0.0875,0.2,0.039810717055349734,0.039810717055349734,0.002,0.016141042113304138,0.004335813858809477,0.04335813858809477,0.22103906556049088,0.019615599838947527,3.923119967789505e-05,1105.1953278024546,110.51953278024544
14,48,0.0875,0.2,0.039810717055349734,0.06309573444801933,0.002,0.015791073441505432,0.004245605351048991,0.04245605351048991,0.21693701480054622,0.019570682093843862,3.914136418768773e-05,1084.685074002731,108.4685074002731
14,49,0.0875,0.2,0.039810717055349734,0.1,0.002,0.015238896012306213,0.004103393166248528,0.041033931662485285,0.21043178264904772,0.01949987361506153,3.8999747230123064e-05,1052.1589132452386,105.21589132452385
14,50,0.0875,0.2,0.039810717055349734,0.15848931924611143,0.002,0.014374703168869019,0.003881082993771174,0.03881082993771174,0.20016734352331586,0.019389191690597114,3.877838338119423e-05,1000.8367176165792,100.08367176165793
14,51,0.0875,0.2,0.039810717055349734,0.25118864315095807,0.002,0.013049125671386719,0.0035406249416803054,0.03540624941680306,0.1842185119739948,0.019219702209841524,3.843940441968305e-05,921.0925598699743,92.10925598699741
14,52,0.0875,0.2,0.039810717055349734,0.3981071705534973,0.002,0.011107087135314941,0.00304283676266091,0.0304283676266091,0.16038645363174747,0.01897190625367503,3.794381250735006e-05,801.9322681587373,80.19322681587373
14,53,0.0875,0.2,0.039810717055349734,0.6309573444801934,0.002,0.00850735604763031,0.002377965670238067,0.023779656702380667,0.1275671101272566,0.018640899428276528,3.7281798856553056e-05,637.8355506362831,63.78355506362831
14,54,0.0875,0.2,0.039810717055349734,1.0,0.002,0.005471751093864441,0.001603072928914106,0.016030729289141062,0.08781674806535131,0.018254751675854976,3.6509503351709955e-05,439.0837403267566,43.90837403267565
15,16,0.0875,0.0875,0.06309573444801933,0.1,0.002,0.0002415776252746582,6.225130474162092e-05,0.0006225130474162092,0.0035811109167722586,0.01738323838283387,3.476647676566774e-05,17.905554583861292,1.7905554583861294
15,17,0.0875,0.0875,0.06309573444801933,0.15848931924611143,0.002,0.0006196610629558563,0.0001595711004133325,0.001595711004133325,0.009205195407787893,0.017334895495899,3.4669790991798e-05,46.025977038939466,4.602597703893947
15,18,0.0875,0.0875,0.06309573444801933,0.25118864315095807,0.002,0.0011996030807495117,0.0003086317026083466,0.0030863170260834656,0.017880430570040223,0.01726086524591182,3.452173049182364e-05,89.40215285020112,8.940215285020113
15,19,0.0875,0.0875,0.06309573444801933,0.3981071705534973,0.002,0.0020492449402809143,0.0005266311010940495,0.005266311010940496,0.030702650088516425,0.01715262687669502,3.4305253753390036e-05,153.51325044258215,15.351325044258214
15,20,0.0875,0.0875,0.06309573444801933,0.6309573444801934,0.002,0.0031866244971752167,0.0008179646920565865,0.008179646920565865,0.04809285593248785,0.017008029076186183,3.401605815237237e-05,240.46427966243922,24.04642796624392
15,21,0.0875,0.0875,0.06309573444801933,1.0,0.002,0.004514705389738083,0.001157999144953567,0.01157999144953567,0.06876758325115913,0.016839317163789495,3.3678634327578994e-05,343.8379162557956,34.38379162557956
15,22,0.0875,0.125,0.06309573444801933,0.01,0.002,0.005813930183649063,0.0015570912301808377,0.015570912301808378,0.08560047660652263,0.018190216829495898,3.6380433658991794e-05,428.0023830326132,42.80023830326132
15,23,0.0875,0.125,0.06309573444801933,0.015848931924611134,0.002,0.005758900195360184,0.0015428884041647668,0.015428884041647668,0.08485263906020837,0.018183151652713933,3.636630330542787e-05,424.2631953010419,42.42631953010419
15,24,0.0875,0.125,0.06309573444801933,0.025118864315095794,0.002,0.0056716687977313995,0.0015203826826587637,0.015203826826587637,0.08366642829889942,0.018171956345825788,3.634391269165158e-05,418.3321414944971,41.83321414944971
15,25,0.0875,0.125,0.06309573444801933,0.039810717055349734,0.002,0.0055334605276584625,0.0014847379822089091,0.014847379822089092,0.08178470557113085,0.018154225436656783,3.630845087331357e-05,408.92352785565413,40.892352785565414
15,26,0.0875,0.125,0.06309573444801933,0.06309573444801933,0.002,0.005314726382493973,0.0014283569995621392,0.014283569995621392,0.07880077244035513,0.018126180179810707,3.625236035962141e-05,394.00386220177575,39.40038622017757
15,27,0.0875,0.125,0.06309573444801933,0.1,0.002,0.004969615489244461,0.0013394747747935214,0.013394747747935214,0.07407792622756451,0.01808196912368614,3.6163938247372284e-05,370.38963113782256,37.03896311378226
15,28,0.0875,0.125,0.06309573444801933,0.15848931924611143,0.002,0.0044294968247413635,0.001200539414567493,0.012005394145674931,0.06664901000573954,0.018012861923442036,3.602572384688407e-05,333.24505002869773,33.32450500286977
15,29,0.0875,0.125,0.06309573444801933,0.25118864315095807,0.002,0.003601010888814926,0.000987797868336535,0.00987797868336535,0.055162556647271606,0.01790703564834485,3.58140712966897e-05,275.81278323635803,27.581278323635804
15,30,0.0875,0.125,0.06309573444801933,0.3981071705534973,0.002,0.0023872368037700653,0.000676918479933544,0.006769184799335439,0.03813128479718903,0.01775231240001242,3.550462480002484e-05,190.65642398594517,19.065642398594516
15,31,0.0875,0.125,0.06309573444801933,0.6309573444801934,0.002,0.00076240673661232,0.0002635798421517974,0.002635798421517974,0.015022541075503205,0.017545622995939675,3.509124599187935e-05,75.11270537751604,7.511270537751603
15,32,0.0875,0.125,0.06309573444801933,1.0,0.002,0.0011348500847816467,0.00023217375825431287,0.0023217375825431287,0.013416972821697026,0.01730448152051535,3.46089630410307e-05,67.08486410848512,6.708486410848512
15,33,0.0875,0.1625,0.06309573444801933,0.01,0.002,0.0112784244120121,0.0030240665822349132,0.03024066582234913,0.15981923861217806,0.01892179319896023,3.784358639792046e-05,799.0961930608903,79.90961930608904
15,34,0.0875,0.1625,0.06309573444801933,0.015848931924611134,0.002,0.01120687648653984,0.0030056030189492483,0.030056030189492485,0.1589206402512224,0.018912603260331562,3.7825206520663124e-05,794.6032012561121,79.4603201256112
15,35,0.0875,0.1625,0.06309573444801933,0.025118864315095794,0.002,0.01109347864985466,0.0029763463259451515,0.029763463259451513,0.15749496268507052,0.018898041405277843,3.779608281055569e-05,787.4748134253524,78.74748134253525
15,36,0.0875,0.1625,0.06309573444801933,0.039810717055349734,0.002,0.010913807898759842,0.002930009120289426,0.029300091202894257,0.15523244714859546,0.01887497861503587,3.774995723007174e-05,776.1622357429775,77.61622357429775
15,37,0.0875,0.1625,0.06309573444801933,0.06309573444801933,0.002,0.010629456490278244,0.0028567141556269187,0.028567141556269188,0.1516423392420118,0.01883849965587632,3.767699931175264e-05,758.2116962100588,75.82116962100588
15,38,0.0875,0.1625,0.06309573444801933,0.1,0.002,0.010180812329053879,0.002741165991031134,0.02741165991031134,0.14595425643012058,0.018780993840652665,3.756198768130533e-05,729.7712821506029,72.97712821506029
15,39,0.0875,0.1625,0.06309573444801933,0.15848931924611143,0.002,0.009478654712438583,0.002560540011660875,0.02560540011660875,0.13699243240736014,0.018691105535281423,3.7382211070562845e-05,684.9621620368007,68.49621620368006
15,40,0.0875,0.1625,0.06309573444801933,0.25118864315095807,0.002,0.008401628583669662,0.002283927077452881,0.02283927077452881,0.12309981027580441,0.018553457331378136,3.7106914662756275e-05,615.499051379022,61.54990513790221
15,41,0.0875,0.1625,0.06309573444801933,0.3981071705534973,0.002,0.0068237148225307465,0.0018795194158950396,0.018795194158950396,0.10241378206744135,0.018352211762449527,3.670442352489906e-05,512.0689103372067,51.20689103372067
15,42,0.0875,0.1625,0.06309573444801933,0.6309573444801934,0.002,0.004711437970399857,0.0013395400460327067,0.013395400460327066,0.07407574503601268,0.018083382696744733,3.6166765393489466e-05,370.3787251800635,37.03787251800635
15,43,0.0875,0.1625,0.06309573444801933,1.0,0.002,0.0022450052201747894,0.0007113934050163518,0.007113934050163518,0.04003393656002275,0.01776975901307537,3.553951802615074e-05,200.16968280011372,20.016968280011373
15,44,0.0875,0.2,0.06309573444801933,0.01,0.002,0.01674291118979454,0.004491042667212337,0.044910426672123374,0.2285096293794515,0.01965362544855709,3.930725089711418e-05,1142.5481468972575,114.25481468972575
15,45,0.0875,0.2,0.06309573444801933,0.015848931924611134,0.002,0.016654852777719498,0.004468318251112915,0.04468318251112915,0.2274843622314357,0.019642309507705777,3.928461901541155e-05,1137.4218111571786,113.74218111571787
15,46,0.0875,0.2,0.06309573444801933,0.025118864315095794,0.002,0.01651528850197792,0.004432310408116669,0.04432310408116669,0.22585735703040113,0.019624379149712913,3.924875829942583e-05,1129.2867851520055,112.92867851520055
15,47,0.0875,0.2,0.06309573444801933,0.039810717055349734,0.002,0.01629415526986122,0.004375280517424018,0.04375280517424018,0.22327437611067538,0.01959598138236528,3.919196276473056e-05,1116.3718805533767,111.63718805533769
15,48,0.0875,0.2,0.06309573444801933,0.06309573444801933,0.002,0.015944186598062515,0.004285071203457598,0.04285071203457598,0.2191733034560251,0.019551063637261615,3.910212727452323e-05,1095.8665172801257,109.58665172801255
15,49,0.0875,0.2,0.06309573444801933,0.1,0.002,0.015392009168863297,0.004142857618835957,0.04142857618835957,0.21266957671407458,0.019480255158479287,3.896051031695858e-05,1063.3478835703727,106.33478835703725
15,50,0.0875,0.2,0.06309573444801933,0.15848931924611143,0.002,0.014527816325426102,0.003920544891791458,0.03920544891791459,0.2024073966124663,0.019369573234014868,3.873914646802974e-05,1012.0369830623314,101.20369830623312
15,51,0.0875,0.2,0.06309573444801933,0.25118864315095807,0.002,0.013202238827943802,0.0035800818230873207,0.03580081823087321,0.18646178157840532,0.01920008375325928,3.840016750651856e-05,932.3089078920266,93.23089078920266
15,52,0.0875,0.2,0.06309573444801933,0.3981071705534973,0.002,0.011260200291872025,0.0030822826951224717,0.030822826951224718,0.16263380590892482,0.018952287797092782,3.7904575594185564e-05,813.1690295446241,81.3169029544624
15,53,0.0875,0.2,0.06309573444801933,0.6309573444801934,0.002,0.008660469204187393,0.0024173838954453207,0.024173838954453204,0.12981834596233854,0.018621280971694285,3.724256194338857e-05,649.0917298116927,64.90917298116928
15,54,0.0875,0.2,0.06309573444801933,1.0,0.002,0.005624864250421524,0.0016424036254568317,0.016424036254568317,0.09006809030169155,0.018235133219272733,3.647026643854546e-05,450.34045150845776,45.03404515084578
16,17,0.0875,0.0875,0.1,0.15848931924611143,0.002,0.0003780834376811981,9.73198042005938e-05,0.0009731980420059379,0.005624132066126232,0.017303968515736748,3.4607937031473494e-05,28.120660330631164,2.8120660330631164
16,18,0.0875,0.0875,0.1,0.25118864315095807,0.002,0.0009580254554748535,0.0002463804347491854,0.002463804347491854,0.014299554121964049,0.01722993826574957,3.445987653149914e-05,71.49777060982025,7.149777060982026
16,19,0.0875,0.0875,0.1,0.3981071705534973,0.002,0.001807667315006256,0.0004643798970526057,0.004643798970526057,0.02712230093150067,0.01712169989653277,3.424339979306554e-05,135.61150465750336,13.561150465750336
16,20,0.0875,0.0875,0.1,0.6309573444801934,0.002,0.0029450468719005585,0.000755713591883721,0.00755713591883721,0.04451369778006521,0.016977102096023933,3.395420419204787e-05,222.56848890032606,22.256848890032607
16,21,0.0875,0.0875,0.1,1.0,0.002,0.004273127764463425,0.0010957481353808195,0.010957481353808194,0.0651905461147712,0.016808390183627245,3.361678036725449e-05,325.952730573856,32.595273057385604
16,22,0.0875,0.125,0.1,0.01,0.002,0.006055507808923721,0.0016193168759862189,0.016193168759862188,0.08917291862300658,0.018159289849333647,3.63185796986673e-05,445.8645931150329,44.58645931150329
16,23,0.0875,0.125,0.1,0.015848931924611134,0.002,0.006000477820634842,0.001605113602283235,0.01605113602283235,0.08842517273986572,0.018152224672551683,3.6304449345103366e-05,442.12586369932865,44.21258636993286
16,24,0.0875,0.125,0.1,0.025118864315095794,0.002,0.005913246423006058,0.0015826071425215384,0.015826071425215384,0.08723910372566954,0.018141029365663537,3.6282058731327076e-05,436.1955186283477,43.61955186283477
16,25,0.0875,0.125,0.1,0.039810717055349734,0.002,0.005775038152933121,0.0015469611966004064,0.015469611966004064,0.0853575964835501,0.018123298456494533,3.624659691298907e-05,426.7879824177504,42.67879824177504
16,26,0.0875,0.125,0.1,0.06309573444801933,0.002,0.005556304007768631,0.0014905780336402677,0.014905780336402677,0.08237398046849245,0.018095253199648456,3.619050639929691e-05,411.86990234246235,41.18699023424623
16,27,0.0875,0.125,0.1,0.1,0.002,0.005211193114519119,0.0014016917522744878,0.014016917522744879,0.0776515694290464,0.01805104214352389,3.610208428704778e-05,388.257847145232,38.825784714523195
16,28,0.0875,0.125,0.1,0.15848931924611143,0.002,0.004671074450016022,0.0012627480351327961,0.012627480351327961,0.07022314556892059,0.017981934943279786,3.5963869886559575e-05,351.1157278446029,35.11157278446029
16,29,0.0875,0.125,0.1,0.25118864315095807,0.002,0.0038425885140895844,0.0010499858835016712,0.010499858835016713,0.058736825949739516,0.0178761086681826,3.5752217336365206e-05,293.68412974869756,29.368412974869752
16,30,0.0875,0.125,0.1,0.3981071705534973,0.002,0.0026288144290447235,0.0007390337682596604,0.007390337682596603,0.041702934096329164,0.017721385419850168,3.5442770839700336e-05,208.51467048164588,20.85146704816459
16,31,0.0875,0.125,0.1,0.6309573444801934,0.002,0.0010039843618869781,0.00032497695240321547,0.0032497695240321545,0.01855452998501788,0.017514696015777424,3.502939203155485e-05,92.77264992508941,9.277264992508941
16,32,0.0875,0.125,0.1,1.0,0.002,0.0008932724595069885,0.00017193617897490705,0.0017193617897490706,0.009953723107380331,0.0172735545403531,3.45471090807062e-05,49.76861553690165,4.976861553690165
16,33,0.0875,0.1625,0.1,0.01,0.002,0.011520002037286758,0.003086290196557295,0.03086290196557295,0.16337473151369733,0.01889086621879798,3.7781732437595956e-05,816.8736575684868,81.68736575684868
16,34,0.0875,0.1625,0.1,0.015848931924611134,0.002,0.011448454111814499,0.0030678263075374244,0.030678263075374246,0.1624763745557614,0.01888167628016931,3.776335256033862e-05,812.3818727788071,81.2381872778807
16,35,0.0875,0.1625,0.1,0.025118864315095794,0.002,0.011335056275129318,0.0030385690840684133,0.03038569084068413,0.16105107625909768,0.018867114425115593,3.7734228850231186e-05,805.2553812954883,80.52553812954883
16,36,0.0875,0.1625,0.1,0.039810717055349734,0.002,0.0111553855240345,0.0029922310000012483,0.029922310000012484,0.15878915309612587,0.01884405163487362,3.768810326974724e-05,793.9457654806293,79.39457654806293
16,37,0.0875,0.1625,0.1,0.06309573444801933,0.002,0.010871034115552902,0.0029189345443613496,0.029189345443613495,0.1551999609248101,0.01880757267571407,3.761514535142814e-05,775.9998046240505,77.59998046240506
16,38,0.0875,0.1625,0.1,0.1,0.002,0.010422389954328537,0.002803383748012599,0.02803383748012599,0.14951326674572057,0.018750066860490414,3.750013372098083e-05,747.5663337286029,74.75663337286028
16,39,0.0875,0.1625,0.1,0.15848931924611143,0.002,0.009720232337713242,0.0026227528289179737,0.026227528289179736,0.14055346904483162,0.018660178555119172,3.732035711023835e-05,702.767345224158,70.27673452241581
16,40,0.0875,0.1625,0.1,0.25118864315095807,0.002,0.00864320620894432,0.0023461296953100025,0.023461296953100022,0.12666356328340386,0.018522530351215885,3.704506070243177e-05,633.3178164170193,63.331781641701944
16,41,0.0875,0.1625,0.1,0.3981071705534973,0.002,0.007065292447805405,0.0019416975485941669,0.01941697548594167,0.10598042504482923,0.018321284782287277,3.664256956457455e-05,529.9021252241461,52.99021252241461
16,42,0.0875,0.1625,0.1,0.6309573444801934,0.002,0.004953015595674515,0.0014016426586073022,0.014016426586073022,0.07764276952746058,0.018052455716582483,3.610491143316497e-05,388.21384763730293,38.82138476373029
16,43,0.0875,0.1625,0.1,1.0,0.002,0.0024865828454494476,0.000773106321797142,0.007731063217971419,0.043582707156970595,0.01773883203291312,3.547766406582624e-05,217.913535784853,21.7913535784853
16,44,0.0875,0.2,0.1,0.01,0.002,0.0169844888150692,0.004553265548554508,0.04553265548554508,0.23204074382981488,0.01962269846839484,3.9245396936789686e-05,1160.2037191490742,116.02037191490743
16,45,0.0875,0.2,0.1,0.015848931924611134,0.002,0.016896430402994156,0.004530540854749408,0.045305408547494076,0.23101588316817617,0.019611382527543526,3.9222765055087056e-05,1155.079415840881,115.5079415840881
16,46,0.0875,0.2,0.1,0.025118864315095794,0.002,0.01675686612725258,0.004494532561312671,0.0449453256131267,0.22938951862180923,0.019593452169550662,3.9186904339101326e-05,1146.9475931090462,114.69475931090463
16,47,0.0875,0.2,0.1,0.039810717055349734,0.002,0.01653573289513588,0.004437501929536185,0.04437501929536185,0.2268075436087988,0.01956505440220303,3.9130108804406063e-05,1134.037718043994,113.4037718043994
16,48,0.0875,0.2,0.1,0.06309573444801933,0.002,0.016185764223337173,0.004347291370970911,0.043472913709709106,0.2227080397713212,0.019520136657099365,3.904027331419873e-05,1113.540198856606,111.3540198856606
16,49,0.0875,0.2,0.1,0.1,0.002,0.015633586794137955,0.004205075627876585,0.042050756278765845,0.21620672906144842,0.019449328178317037,3.8898656356634075e-05,1081.0336453072418,108.10336453072418
16,50,0.0875,0.2,0.1,0.15848931924611143,0.002,0.01476939395070076,0.003982758969689473,0.03982758969689473,0.20594817845101404,0.019338646253852617,3.8677292507705234e-05,1029.7408922550703,102.97408922550703
16,51,0.0875,0.2,0.1,0.25118864315095807,0.002,0.01344381645321846,0.003642288208366331,0.03642288208366331,0.19000774272335774,0.01916915677309703,3.833831354619406e-05,950.0387136167888,95.00387136167888
16,52,0.0875,0.2,0.1,0.3981071705534973,0.002,0.011501777917146683,0.003144472398381311,0.031444723983813115,0.16618637680476384,0.018921360816930532,3.784272163386107e-05,830.9318840238192,83.0931884023819
16,53,0.0875,0.2,0.1,0.6309573444801934,0.002,0.008902046829462051,0.0024795318895596778,0.024795318895596778,0.13337733593933246,0.018590353991532034,3.718070798306407e-05,666.8866796966622,66.68866796966621
16,54,0.0875,0.2,0.1,1.0,0.002,0.005866441875696182,0.0017044230417101512,0.017044230417101514,0.09362797912321581,0.018204206239110482,3.6408412478220966e-05,468.13989561607906,46.813989561607904
17,18,0.0875,0.0875,0.15848931924611143,0.25118864315095807,0.002,0.0005799420177936554,0.00014906065472436352,0.0014906065472436352,0.008675600340825085,0.017181595378814696,3.4363190757629395e-05,43.37800170412543,4.337800170412543
17,19,0.0875,0.0875,0.15848931924611143,0.3981071705534973,0.002,0.001429583877325058,0.00036706018839349574,0.0036706018839349572,0.02149900503967383,0.017073357009597896,3.4146714019195794e-05,107.49502519836916,10.749502519836916
17,20,0.0875,0.0875,0.15848931924611143,0.6309573444801934,0.002,0.0025669634342193604,0.000658394010758388,0.006583940107583879,0.03889204179860363,0.01692875920908906,3.385751841817812e-05,194.46020899301817,19.446020899301818
17,21,0.0875,0.0875,0.15848931924611143,1.0,0.002,0.0038950443267822266,0.00099842866460633,0.0099842866460633,0.05957194791469185,0.016760047296692372,3.3520094593384745e-05,297.85973957345925,29.785973957345927
17,22,0.0875,0.125,0.15848931924611143,0.01,0.002,0.006433591246604919,0.0017165986100353486,0.017165986100353487,0.09478237739855801,0.018110946962398775,3.622189392479755e-05,473.9118869927901,47.391188699279006
17,23,0.0875,0.125,0.15848931924611143,0.015848931924611134,0.002,0.00637856125831604,0.0017023947198773744,0.01702394719877374,0.0940347898885362,0.01810388178561681,3.620776357123362e-05,470.17394944268096,47.017394944268105
17,24,0.0875,0.125,0.15848931924611143,0.025118864315095794,0.002,0.006291329860687256,0.0016798872452124353,0.01679887245212435,0.0928489667461743,0.018092686478728665,3.618537295745733e-05,464.24483373087145,46.424483373087156
17,25,0.0875,0.125,0.15848931924611143,0.039810717055349734,0.002,0.006153121590614319,0.001644239591782236,0.01644239591782236,0.09096783587957072,0.01807495556955966,3.614991113911932e-05,454.83917939785357,45.483917939785364
17,26,0.0875,0.125,0.15848931924611143,0.06309573444801933,0.002,0.005934387445449829,0.0015878534534738416,0.015878534534738416,0.08798478110434446,0.018046910312713584,3.609382062542717e-05,439.92390552172236,43.99239055217223
17,27,0.0875,0.125,0.15848931924611143,0.1,0.002,0.005589276552200317,0.0014989616806276684,0.014989616806276685,0.08326316288814557,0.018002699256589018,3.6005398513178035e-05,416.3158144407278,41.63158144407278
17,28,0.0875,0.125,0.15848931924611143,0.15848931924611143,0.002,0.00504915788769722,0.0013600068156863119,0.013600068156863118,0.07583571720675675,0.017933592056344913,3.586718411268983e-05,379.17858603378363,37.91785860337836
17,29,0.0875,0.125,0.15848931924611143,0.25118864315095807,0.002,0.0042206719517707825,0.0011472179711073448,0.01147217971107345,0.0643500697274167,0.01782776578124773,3.565553156249546e-05,321.7503486370835,32.17503486370835
17,30,0.0875,0.125,0.15848931924611143,0.3981071705534973,0.002,0.0030068978667259216,0.0008361779409429271,0.008361779409429271,0.04731375140333539,0.017673042532915295,3.534608506583059e-05,236.56875701667698,23.656875701667694
17,31,0.0875,0.125,0.15848931924611143,0.6309573444801934,0.002,0.0013820677995681763,0.0004214565639257392,0.004214565639257392,0.024129625733363833,0.01746635312884255,3.4932706257685103e-05,120.64812866681918,12.064812866681917
17,32,0.0875,0.125,0.15848931924611143,1.0,0.002,0.0005151890218257904,8.384171204584645e-05,0.0008384171204584644,0.004867383561537174,0.017225211653418226,3.445042330683645e-05,24.33691780768587,2.433691780768587
17,33,0.0875,0.1625,0.15848931924611143,0.01,0.002,0.011898085474967957,0.0031835670662294624,0.031835670662294625,0.16895651448370413,0.018842523331863106,3.768504666372622e-05,844.7825724185208,84.47825724185206
17,34,0.0875,0.1625,0.15848931924611143,0.015848931924611134,0.002,0.011826537549495697,0.003165102696262181,0.031651026962621814,0.16805854970948433,0.01883333339323444,3.7666666786468875e-05,840.2927485474218,84.02927485474217
17,35,0.0875,0.1625,0.15848931924611143,0.025118864315095794,0.002,0.011713139712810516,0.0031358446900637245,0.031358446900637243,0.16663386787503762,0.01881877153818072,3.763754307636144e-05,833.169339375188,83.31693393751881
17,36,0.0875,0.1625,0.15848931924611143,0.039810717055349734,0.002,0.011533468961715698,0.0030895053111742493,0.030895053111742492,0.16437290833808343,0.018795708747938747,3.7591417495877496e-05,821.8645416904174,82.18645416904174
17,37,0.0875,0.1625,0.15848931924611143,0.06309573444801933,0.002,0.0112491175532341,0.003016206661508848,0.03016206661508848,0.16078520789339587,0.018759229788779197,3.751845957755839e-05,803.9260394669794,80.39260394669795
17,38,0.0875,0.1625,0.15848931924611143,0.1,0.002,0.010800473392009735,0.00290065200363752,0.0290065200363752,0.1551007814968864,0.01870172397355554,3.7403447947111086e-05,775.5039074844319,77.55039074844319
17,39,0.0875,0.1625,0.15848931924611143,0.15848931924611143,0.002,0.01009831577539444,0.0027200138730427443,0.027200138730427446,0.14614430954236438,0.0186118356681843,3.72236713363686e-05,730.7215477118219,73.07215477118218
17,40,0.0875,0.1625,0.15848931924611143,0.25118864315095807,0.002,0.009021289646625519,0.0024433759852904046,0.024433759852904045,0.1322589147703821,0.018474187464281012,3.6948374928562026e-05,661.2945738519106,66.12945738519107
17,41,0.0875,0.1625,0.15848931924611143,0.3981071705534973,0.002,0.007443375885486603,0.002038909037953507,0.02038909037953507,0.11158077608029222,0.018272941895352404,3.654588379070481e-05,557.903880401461,55.790388040146105
17,42,0.0875,0.1625,0.15848931924611143,0.6309573444801934,0.002,0.005331099033355713,0.0014987507399729265,0.014987507399729266,0.08324490932454688,0.01800411282964761,3.6008225659295223e-05,416.2245466227344,41.62245466227344
17,43,0.0875,0.1625,0.15848931924611143,1.0,0.002,0.0028646662831306458,0.0008697311579458541,0.008697311579458541,0.0491637710392863,0.017690489145978247,3.5380978291956494e-05,245.81885519643154,24.581885519643155
17,44,0.0875,0.2,0.15848931924611143,0.01,0.002,0.017362572252750397,0.004650540579450961,0.046505405794509604,0.23758332988779274,0.01957435558145997,3.914871116291994e-05,1187.9166494389635,118.79166494389636
17,45,0.0875,0.2,0.15848931924611143,0.015848931924611134,0.002,0.017274513840675354,0.004627815465267585,0.04627815465267586,0.23655912119409286,0.019563039640608654,3.912607928121731e-05,1182.7956059704643,118.27956059704641
17,46,0.0875,0.2,0.15848931924611143,0.025118864315095794,0.002,0.017134949564933777,0.004591806490240706,0.04591806490240706,0.2349337843981688,0.01954510928261579,3.909021856523158e-05,1174.6689219908442,117.46689219908441
17,47,0.0875,0.2,0.15848931924611143,0.039810717055349734,0.002,0.016913816332817078,0.004534774737769134,0.04534774737769134,0.23235342358888303,0.019516711515268157,3.903342303053632e-05,1161.767117944415,116.17671179444153
17,48,0.0875,0.2,0.15848931924611143,0.06309573444801933,0.002,0.01656384766101837,0.004444562299008525,0.044445622990085254,0.2282564385936889,0.019471793770164492,3.894358754032899e-05,1141.2821929684444,114.12821929684443
17,49,0.0875,0.2,0.15848931924611143,0.1,0.002,0.016011670231819153,0.004302343300759963,0.043023433007599636,0.2217590104906191,0.019400985291382164,3.880197058276433e-05,1108.7950524530954,110.87950524530952
17,50,0.0875,0.2,0.15848931924611143,0.15848931924611143,0.002,0.015147477388381958,0.004080020731602153,0.04080020731602153,0.21150630210405394,0.019290303366917744,3.858060673383549e-05,1057.5315105202696,105.75315105202696
17,51,0.0875,0.2,0.15848931924611143,0.25118864315095807,0.002,0.013821899890899658,0.0037395384637674,0.037395384637674,0.19557423057570397,0.019120813886162158,3.824162777232432e-05,977.8711528785198,97.78711528785198
17,52,0.0875,0.2,0.15848931924611143,0.3981071705534973,0.002,0.01187986135482788,0.003241697936832068,0.032416979368320685,0.1717636230122955,0.01887301792999566,3.774603585999132e-05,858.8181150614776,85.88181150614774
17,53,0.0875,0.2,0.15848931924611143,0.6309573444801934,0.002,0.00928013026714325,0.002576696721945652,0.02576696721945652,0.13896533161426086,0.01854201110459716,3.708402220919432e-05,694.8266580713043,69.48266580713043
17,54,0.0875,0.2,0.15848931924611143,1.0,0.002,0.00624452531337738,0.0018014073251503536,0.018014073251503535,0.09921903961314468,0.01815586335217561,3.631172670435122e-05,496.09519806572337,49.60951980657234
18,19,0.0875,0.0875,0.25118864315095807,0.3981071705534973,0.002,0.0008496418595314026,0.00021799959007672695,0.0021799959007672695,0.012824013160019935,0.01699932675961072,3.399865351922144e-05,64.12006580009968,6.412006580009969
18,20,0.0875,0.0875,0.25118864315095807,0.6309573444801934,0.002,0.001987021416425705,0.0005093335420958555,0.0050933354209585545,0.030219028934357642,0.01685472895910188,3.370945791820376e-05,151.09514467178823,15.109514467178823
18,21,0.0875,0.0875,0.25118864315095807,1.0,0.002,0.003315102308988571,0.0008493683067210574,0.008493683067210574,0.050902998860879914,0.016686017046705193,3.3372034093410385e-05,254.5149943043996,25.451499430439963
18,22,0.0875,0.125,0.25118864315095807,0.01,0.002,0.007013533264398575,0.0018656053241506304,0.018656053241506303,0.10343260735172471,0.0180369167124116,3.60738334248232e-05,517.1630367586235,51.716303675862356
18,23,0.0875,0.125,0.25118864315095807,0.015848931924611134,0.002,0.0069585032761096954,0.0018514006512746763,0.018514006512746765,0.10268529652704222,0.01802985153562963,3.605970307125926e-05,513.4264826352112,51.34264826352112
18,24,0.0875,0.125,0.25118864315095807,0.025118864315095794,0.002,0.006871271878480911,0.0018288918907362894,0.018288918907362894,0.10149990473868031,0.01801865622874149,3.603731245748298e-05,507.4995236934015,50.74995236934015
18,25,0.0875,0.125,0.25118864315095807,0.039810717055349734,0.002,0.006733063608407974,0.0017932420816930508,0.017932420816930507,0.0996194389931306,0.01800092531957248,3.600185063914496e-05,498.097194965653,49.8097194965653
18,26,0.0875,0.125,0.25118864315095807,0.06309573444801933,0.002,0.0065143294632434845,0.0017368522100787104,0.017368522100787105,0.09663738944548643,0.017972880062726408,3.594576012545282e-05,483.18694722743214,48.31869472274321
18,27,0.0875,0.125,0.25118864315095807,0.1,0.002,0.006169218569993973,0.0016479536194410583,0.016479536194410584,0.09191723149299236,0.01792866900660184,3.5857338013203675e-05,459.5861574649618,45.95861574649617
18,28,0.0875,0.125,0.25118864315095807,0.15848931924611143,0.002,0.005629099905490875,0.0015089851788263897,0.015089851788263896,0.08449172466757912,0.017859561806357734,3.571912361271547e-05,422.4586233378956,42.24586233378956
18,29,0.0875,0.125,0.25118864315095807,0.25118864315095807,0.002,0.004800613969564438,0.0012961650403640686,0.012961650403640685,0.07300801783837535,0.01775373553126055,3.55074710625211e-05,365.04008919187675,36.504008919187676
18,30,0.0875,0.125,0.25118864315095807,0.3981071705534973,0.002,0.003586839884519577,0.0009850304832419584,0.009850304832419584,0.05597078218971896,0.01759901228292812,3.519802456585624e-05,279.85391094859483,27.98539109485948
18,31,0.0875,0.125,0.25118864315095807,0.6309573444801934,0.002,0.0019620098173618317,0.0005697734450114286,0.005697734450114286,0.032760054478066736,0.017392322878855376,3.478464575771075e-05,163.8002723903337,16.38002723903337
18,32,0.0875,0.125,0.25118864315095807,1.0,0.002,0.00016967952251434326,9.607085686177893e-05,0.0009607085686177893,0.005601413372175062,0.017151181403431047,3.430236280686209e-05,28.007066860875316,2.8007066860875316
18,33,0.0875,0.1625,0.25118864315095807,0.01,0.002,0.012478027492761612,0.0033325631043538764,0.033325631043538764,0.1775615703304393,0.018768493081875927,3.753698616375186e-05,887.8078516521966,88.78078516521965
18,34,0.0875,0.1625,0.25118864315095807,0.015848931924611134,0.002,0.012406479567289352,0.003314098060541855,0.03314098060541855,0.1766642414824893,0.01875930314324726,3.751860628649452e-05,883.3212074124466,88.33212074124467
18,35,0.0875,0.1625,0.25118864315095807,0.025118864315095794,0.002,0.012293081730604172,0.0032848389586529456,0.032848389586529456,0.17524055990689594,0.01874474128819354,3.748948257638708e-05,876.2027995344796,87.62027995344796
18,36,0.0875,0.1625,0.25118864315095807,0.039810717055349734,0.002,0.012113410979509354,0.0032384977697773234,0.03238497769777324,0.17298116566480207,0.01872167849795157,3.744335699590314e-05,864.9058283240104,86.49058283240103
18,37,0.0875,0.1625,0.25118864315095807,0.06309573444801933,0.002,0.011829059571027756,0.0031651960604014264,0.03165196060401427,0.1693958929274594,0.018685199538792018,3.737039907758404e-05,846.979464637297,84.69794646372969
18,38,0.0875,0.1625,0.25118864315095807,0.1,0.002,0.01138041540980339,0.0030496360389682215,0.030496360389682214,0.16371516969434186,0.018627693723568366,3.725538744713673e-05,818.5758484717092,81.85758484717093
18,39,0.0875,0.1625,0.25118864315095807,0.15848931924611143,0.002,0.010678257793188095,0.002868987961748207,0.02868987961748207,0.15476416420532413,0.01853780541819712,3.707561083639424e-05,773.8208210266207,77.38208210266208
18,40,0.0875,0.1625,0.25118864315095807,0.25118864315095807,0.002,0.009601231664419174,0.0025923299820319935,0.025923299820319937,0.14088629525503119,0.018400157214293836,3.680031442858767e-05,704.431476275156,70.44314762751559
18,41,0.0875,0.1625,0.25118864315095807,0.3981071705534973,0.002,0.008023317903280258,0.0021878167879936894,0.021878167879936895,0.12021690256136103,0.018198911645365225,3.639782329073045e-05,601.0845128068052,60.108451280680505
18,42,0.0875,0.1625,0.25118864315095807,0.6309573444801934,0.002,0.005911041051149368,0.0016475278923102463,0.016475278923102462,0.0918862411810179,0.017930082579660434,3.586016515932087e-05,459.4312059050895,45.94312059050895
18,43,0.0875,0.1625,0.25118864315095807,1.0,0.002,0.003444608300924301,0.0010179714410964045,0.010179714410964045,0.0577852477110517,0.017616458895991068,3.5232917791982134e-05,288.9262385552586,28.89262385552586
18,44,0.0875,0.2,0.25118864315095807,0.01,0.002,0.017942514270544052,0.004799532309647289,0.04799532309647289,0.24612575575347068,0.019500325331472793,3.900065066294559e-05,1230.6287787673532,123.06287787673531
18,45,0.0875,0.2,0.25118864315095807,0.015848931924611134,0.002,0.01785445585846901,0.0047768065845722974,0.047768065845722976,0.24510258519712128,0.019489009390621478,3.897801878124296e-05,1225.5129259856064,122.55129259856064
18,46,0.0875,0.2,0.25118864315095807,0.025118864315095794,0.002,0.017714891582727432,0.004740796619602107,0.04740796619602106,0.24347888535903572,0.01947107903262861,3.894215806525722e-05,1217.3944267951788,121.7394426795179
18,47,0.0875,0.2,0.25118864315095807,0.039810717055349734,0.002,0.017493758350610733,0.004683763240819294,0.046837632408192935,0.24090109676298316,0.01944268126528098,3.8885362530561965e-05,1204.5054838149158,120.45054838149159
18,48,0.0875,0.2,0.25118864315095807,0.06309573444801933,0.002,0.017143789678812027,0.004593548077511042,0.04593548077511043,0.23680812856249592,0.019397763520177316,3.8795527040354634e-05,1184.0406428124795,118.40406428124793
18,49,0.0875,0.2,0.25118864315095807,0.1,0.002,0.016591612249612808,0.0044513243736889595,0.0445132437368896,0.2303169001094583,0.019326955041394984,3.865391008278997e-05,1151.5845005472913,115.15845005472913
18,50,0.0875,0.2,0.25118864315095807,0.15848931924611143,0.002,0.015727419406175613,0.004228993295284765,0.04228993295284765,0.22007354233317986,0.01921627311693057,3.8432546233861136e-05,1100.3677116658992,110.03677116658992
18,51,0.0875,0.2,0.25118864315095807,0.25118864315095807,0.002,0.014401841908693314,0.003888494584919321,0.038884945849193206,0.20415491975947164,0.01904678363617498,3.809356727234996e-05,1020.7745987973582,102.07745987973584
18,52,0.0875,0.2,0.25118864315095807,0.3981071705534973,0.002,0.012459803372621536,0.003390619209768992,0.03390619209768992,0.18036179753310322,0.018798987680008483,3.759797536001697e-05,901.8089876655162,90.18089876655162
18,53,0.0875,0.2,0.25118864315095807,0.6309573444801934,0.002,0.009860072284936905,0.002725534538383013,0.02725534538383013,0.14758162031030395,0.018467980854609982,3.693596170921996e-05,737.9081015515198,73.79081015515197
18,54,0.0875,0.2,0.25118864315095807,1.0,0.002,0.006824467331171036,0.001950009063386315,0.01950009063386315,0.10784354950993918,0.01808183310218843,3.616366620437686e-05,539.2177475496959,53.92177475496959
19,20,0.0875,0.0875,0.3981071705534973,0.6309573444801934,0.002,0.0011373795568943024,0.0002913340373558169,0.0029133403735581696,0.017396721766397037,0.01674649058988508,3.349298117977016e-05,86.9836088319852,8.698360883198518
19,21,0.0875,0.0875,0.3981071705534973,1.0,0.002,0.0024654604494571686,0.00063136887552828,0.0063136887552827994,0.038085251818788,0.016577778677488393,3.3155557354976784e-05,190.42625909394008,19.04262590939401
19,22,0.0875,0.125,0.3981071705534973,0.01,0.002,0.007863175123929977,0.0020835342124337886,0.020835342124337887,0.11621237062488977,0.0179286783431948,3.58573566863896e-05,581.0618531244488,58.106185312444886
19,23,0.0875,0.125,0.3981071705534973,0.015848931924611134,0.002,0.007808145135641098,0.002069328659549925,0.020693286595499252,0.11546553540325741,0.01792161316641283,3.584322633282566e-05,577.3276770162872,57.73276770162872
19,24,0.0875,0.125,0.3981071705534973,0.025118864315095794,0.002,0.007720913738012314,0.002046818456950266,0.02046818456950266,0.11428088797279379,0.01791041785952469,3.5820835719049376e-05,571.404439863969,57.140443986396896
19,25,0.0875,0.125,0.3981071705534973,0.039810717055349734,0.002,0.007582705467939377,0.0020111662407871524,0.02011166240787152,0.11240157760359033,0.01789268695035568,3.578537390071136e-05,562.0078880179517,56.20078880179518
19,26,0.0875,0.125,0.3981071705534973,0.06309573444801933,0.002,0.007363971322774887,0.001954772230511834,0.01954772230511834,0.10942129509499321,0.017864641693509608,3.572928338701922e-05,547.106475474966,54.710647547496606
19,27,0.0875,0.125,0.3981071705534973,0.1,0.002,0.007018860429525375,0.0018658661767112137,0.018658661767112134,0.10470376472254599,0.01782043063738504,3.564086127477008e-05,523.5188236127299,52.351882361273
19,28,0.0875,0.125,0.3981071705534973,0.15848931924611143,0.002,0.006478741765022278,0.0017268832125876667,0.017268832125876668,0.09728194174945427,0.017751323437140934,3.550264687428187e-05,486.4097087472714,48.64097087472713
19,29,0.0875,0.125,0.3981071705534973,0.25118864315095807,0.002,0.0056502558290958405,0.0015140310575416384,0.015140310575416384,0.08580268629655766,0.01764549716204375,3.52909943240875e-05,429.0134314827883,42.90134314827883
19,30,0.0875,0.125,0.3981071705534973,0.3981071705534973,0.002,0.00443648174405098,0.0012028087855552687,0.012028087855552688,0.06876818552965035,0.01749077391371132,3.498154782742264e-05,343.84092764825175,34.384092764825176
19,31,0.0875,0.125,0.3981071705534973,0.6309573444801934,0.002,0.0028116516768932343,0.0007871762682508432,0.007871762682508431,0.04554341699798271,0.017284084509638576,3.4568169019277156e-05,227.7170849899135,22.77170849899135
19,32,0.0875,0.125,0.3981071705534973,1.0,0.002,0.0009143948554992676,0.00030404278925637616,0.0030404278925637617,0.01783980552220357,0.017042943034214247,3.40858860684285e-05,89.19902761101783,8.919902761101783
19,33,0.0875,0.1625,0.3981071705534973,0.01,0.002,0.013327669352293015,0.0035504713028548535,0.03550471302854854,0.19026917678922206,0.018660254712659127,3.7320509425318256e-05,951.3458839461103,95.13458839461103
19,34,0.0875,0.1625,0.3981071705534973,0.015848931924611134,0.002,0.013256121426820755,0.003532005396362424,0.03532005396362424,0.1893728556066327,0.01865106477403046,3.730212954806092e-05,946.8642780331635,94.68642780331636
19,35,0.0875,0.1625,0.3981071705534973,0.025118864315095794,0.002,0.013142723590135574,0.0035027448933216882,0.03502744893321688,0.18795076031968397,0.01863650291897674,3.727300583795348e-05,939.75380159842,93.97538015984199
19,36,0.0875,0.1625,0.3981071705534973,0.039810717055349734,0.002,0.012963052839040756,0.0034564013939995934,0.03456401393999593,0.1856938518669487,0.01861344012873477,3.722688025746954e-05,928.4692593347436,92.84692593347435
19,37,0.0875,0.1625,0.3981071705534973,0.06309573444801933,0.002,0.012678701430559158,0.0033830957906791333,0.03383095790679133,0.1821124434614131,0.018576961169575218,3.715392233915044e-05,910.5622173070653,91.05622173070654
19,38,0.0875,0.1625,0.3981071705534973,0.1,0.002,0.012230057269334793,0.0032675289783560945,0.03267528978356095,0.1764376390036932,0.018519455354351566,3.703891070870313e-05,882.188195018466,88.2188195018466
19,39,0.0875,0.1625,0.3981071705534973,0.15848931924611143,0.002,0.011527899652719498,0.0030868684205896625,0.030868684205896623,0.1674954388448563,0.01842956704898032,3.685913409796064e-05,837.4771942242816,83.74771942242816
19,40,0.0875,0.1625,0.3981071705534973,0.25118864315095807,0.002,0.010450873523950577,0.0028101856414867,0.028101856414867,0.15362989882513142,0.018291918845077037,3.658383769015407e-05,768.1494941256572,76.81494941256571
19,41,0.0875,0.1625,0.3981071705534973,0.3981071705534973,0.002,0.00887295976281166,0.002405617127403712,0.02405617127403712,0.13297554439697876,0.018090673276148425,3.6181346552296854e-05,664.8777219848937,66.48777219848937
19,42,0.0875,0.1625,0.3981071705534973,0.6309573444801934,0.002,0.006760682910680771,0.0018651817055927871,0.01865181705592787,0.10465705364542391,0.017821844210443635,3.564368842088727e-05,523.2852682271196,52.32852682271196
19,43,0.0875,0.1625,0.3981071705534973,1.0,0.002,0.004294250160455704,0.0012351074615052939,0.012351074615052937,0.07054443137819277,0.017508220526774268,3.501644105354854e-05,352.7221568909639,35.27221568909639
19,44,0.0875,0.2,0.3981071705534973,0.01,0.002,0.018792156130075455,0.00501743141878009,0.0501743141878009,0.2587360209628713,0.019392086962255993,3.8784173924511986e-05,1293.6801048143566,129.36801048143565
19,45,0.0875,0.2,0.3981071705534973,0.015848931924611134,0.002,0.018704097718000412,0.0049947048710095735,0.04994704871009573,0.25771445653494784,0.019380771021404678,3.8761542042809357e-05,1288.5722826747394,128.85722826747394
19,46,0.0875,0.2,0.3981071705534973,0.025118864315095794,0.002,0.018564533442258835,0.004958693573815668,0.04958693573815668,0.2560932902363679,0.01936284066341181,3.872568132682362e-05,1280.4664511818398,128.04664511818396
19,47,0.0875,0.2,0.3981071705534973,0.039810717055349734,0.002,0.018343400210142136,0.004901658008834033,0.04901658008834033,0.2535194851583668,0.01933444289606418,3.8668885792128364e-05,1267.5974257918338,126.75974257918338
19,48,0.0875,0.2,0.3981071705534973,0.06309573444801933,0.002,0.01799343153834343,0.0048114391898579295,0.0481143918985793,0.2494327440516775,0.019289525150960517,3.857905030192103e-05,1247.1637202583875,124.71637202583874
19,49,0.0875,0.2,0.3981071705534973,0.1,0.002,0.01744125410914421,0.004669209192266745,0.04669209192266745,0.24295114350824928,0.019218716672178185,3.843743334435637e-05,1214.7557175412462,121.47557175412463
19,50,0.0875,0.2,0.3981071705534973,0.15848931924611143,0.002,0.016577061265707016,0.004446866794717255,0.04446866794717256,0.23272235232089022,0.01910803474771377,3.821606949542754e-05,1163.6117616044507,116.36117616044507
19,51,0.0875,0.2,0.3981071705534973,0.25118864315095807,0.002,0.015251483768224716,0.004106346424339319,0.04106346424339319,0.21682480710403904,0.01893854526695818,3.787709053391636e-05,1084.1240355201953,108.41240355201953
19,52,0.0875,0.2,0.3981071705534973,0.3981071705534973,0.002,0.013309445232152939,0.003608425952673114,0.036084259526731145,0.19305945912985298,0.018690749310791684,3.738149862158337e-05,965.2972956492648,96.52972956492647
19,53,0.0875,0.2,0.3981071705534973,0.6309573444801934,0.002,0.010709714144468307,0.0029432368195169254,0.029432368195169256,0.1603092647872667,0.018359742485393182,3.671948497078637e-05,801.5463239363335,80.15463239363334
19,54,0.0875,0.2,0.3981071705534973,1.0,0.002,0.007674109190702438,0.002167434466637272,0.021674344666372723,0.1205899264358746,0.01797359473297163,3.594718946594326e-05,602.9496321793731,60.2949632179373
20,21,0.0875,0.0875,0.6309573444801934,1.0,0.002,0.0013280808925628662,0.0003400348541945437,0.0034003485419454365,0.020691968082142995,0.016433180876979557,3.286636175395912e-05,103.45984041071497,10.345984041071498
20,22,0.0875,0.125,0.6309573444801934,0.01,0.002,0.00900055468082428,0.0023747866764703886,0.02374786676470389,0.1335344085273537,0.01778408054268596,3.556816108537192e-05,667.6720426367685,66.76720426367685
20,23,0.0875,0.125,0.6309573444801934,0.015848931924611134,0.002,0.0089455246925354,0.002360580287933325,0.02360580287933325,0.1327883359127245,0.017777015365903995,3.5554030731807993e-05,663.9416795636225,66.39416795636225
20,24,0.0875,0.125,0.6309573444801934,0.025118864315095794,0.002,0.008858293294906616,0.002338068719373402,0.02338068719373402,0.1316048857641599,0.01776582005901585,3.5531640118031696e-05,658.0244288207997,65.80244288207997
20,25,0.0875,0.125,0.6309573444801934,0.039810717055349734,0.002,0.00872008502483368,0.0023024142329362476,0.023024142329362476,0.12972744352910331,0.017748089149846845,3.549617829969369e-05,648.6372176455166,64.86372176455166
20,26,0.0875,0.125,0.6309573444801934,0.06309573444801933,0.002,0.00850135087966919,0.002246016348120143,0.02246016348120143,0.1267500442821869,0.01772004389300077,3.544008778600154e-05,633.7502214109345,63.375022141093446
20,27,0.0875,0.125,0.6309573444801934,0.1,0.002,0.008156239986419678,0.0021571033973000462,0.021571033973000465,0.12203687470950675,0.017675832836876203,3.535166567375241e-05,610.1843735475337,61.01843735475337
20,28,0.0875,0.125,0.6309573444801934,0.15848931924611143,0.002,0.00761612132191658,0.002018107324321612,0.02018107324321612,0.11462138764307148,0.017606725636632098,3.5213451273264196e-05,573.1069382153573,57.310693821535736
20,29,0.0875,0.125,0.6309573444801934,0.25118864315095807,0.002,0.006787635385990143,0.00180522755866688,0.0180522755866688,0.10315055937265574,0.017500899361534913,3.5001798723069827e-05,515.7527968632787,51.575279686327875
20,30,0.0875,0.125,0.6309573444801934,0.3981071705534973,0.002,0.005573861300945282,0.0014939365778381848,0.014939365778381846,0.0861248362802637,0.01734617611320248,3.469235222640496e-05,430.6241814013185,43.062418140131854
20,31,0.0875,0.125,0.6309573444801934,0.6309573444801934,0.002,0.003949031233787537,0.0010780733932592762,0.010780733932592762,0.06289998128619662,0.017139486709129736,3.4278973418259477e-05,314.4999064309831,31.44999064309831
20,32,0.0875,0.125,0.6309573444801934,1.0,0.002,0.00205177441239357,0.0005932948915150334,0.005932948915150334,0.03510964436515644,0.01689834523370541,3.3796690467410826e-05,175.5482218257822,17.55482218257822
20,33,0.0875,0.1625,0.6309573444801934,0.01,0.002,0.014465048909187317,0.0038416904144115303,0.038416904144115305,0.20748334410379723,0.01851565691215029,3.703131382430058e-05,1037.416720518986,103.7416720518986
20,34,0.0875,0.1625,0.6309573444801934,0.015848931924611134,0.002,0.014393500983715057,0.0038232235505721323,0.03823223550572132,0.20658851611397575,0.018506466973521624,3.701293394704325e-05,1032.9425805698788,103.29425805698789
20,35,0.0875,0.1625,0.6309573444801934,0.025118864315095794,0.002,0.014280103147029877,0.0037939614945893306,0.037939614945893305,0.20516877359490088,0.018491905118467905,3.6983810236935814e-05,1025.8438679745043,102.58438679745043
20,36,0.0875,0.1625,0.6309573444801934,0.039810717055349734,0.002,0.014100432395935059,0.003747615439590164,0.03747615439590164,0.20291555761796087,0.018468842328225932,3.693768465645186e-05,1014.5777880898046,101.45777880898045
20,37,0.0875,0.1625,0.6309573444801934,0.06309573444801933,0.002,0.01381608098745346,0.003674305543533048,0.036743055435330484,0.19933990394847323,0.018432363369066382,3.6864726738132765e-05,996.699519742366,99.66995197423658
20,38,0.0875,0.1625,0.6309573444801934,0.1,0.002,0.013367436826229095,0.0035587312880955685,0.035587312880955686,0.19367395244657734,0.018374857553842727,3.674971510768545e-05,968.3697622328867,96.83697622328867
20,39,0.0875,0.1625,0.6309573444801934,0.15848931924611143,0.002,0.0126652792096138,0.00337805719005019,0.0337805719005019,0.18474502987378968,0.018284969248471485,3.656993849694297e-05,923.7251493689483,92.37251493689483
20,40,0.0875,0.1625,0.6309573444801934,0.25118864315095807,0.002,0.01158825308084488,0.0031013480044377777,0.031013480044377775,0.17089839303669913,0.018147321044568197,3.629464208913639e-05,854.4919651834958,85.44919651834958
20,41,0.0875,0.1625,0.6309573444801934,0.3981071705534973,0.002,0.010010339319705963,0.0026967226450642146,0.02696722645064215,0.15026809893476753,0.01794607547563959,3.589215095127918e-05,751.3404946738376,75.13404946738375
20,42,0.0875,0.1625,0.6309573444801934,0.6309573444801934,0.002,0.007898062467575073,0.002156147023193824,0.021561470231938242,0.12197301396342175,0.017677246409934795,3.535449281986959e-05,609.8650698171089,60.98650698171089
20,43,0.0875,0.1625,0.6309573444801934,1.0,0.002,0.005431629717350006,0.0015256496626283914,0.015256496626283915,0.08786470926488094,0.017363622726265432,3.472724545253087e-05,439.3235463244046,43.932354632440465
20,44,0.0875,0.2,0.6309573444801934,0.01,0.002,0.019929535686969757,0.005308634345258321,0.05308634345258321,0.2758091874034566,0.019247489161747153,3.8494978323494307e-05,1379.0459370172832,137.90459370172832
20,45,0.0875,0.2,0.6309573444801934,0.015848931924611134,0.002,0.019841477274894714,0.005285906823969011,0.05285906823969011,0.27478993681690517,0.01923617322089584,3.847234644179168e-05,1373.9496840845259,137.3949684084526
20,46,0.0875,0.2,0.6309573444801934,0.025118864315095794,0.002,0.019701912999153137,0.005249893951598192,0.05249893951598192,0.2731724221121212,0.019218242862902975,3.843648572580595e-05,1365.862110560606,136.58621105606062
20,47,0.0875,0.2,0.6309573444801934,0.039810717055349734,0.002,0.019480779767036438,0.005192855804991953,0.051928558049919527,0.27060436283535694,0.019189845095555342,3.8379690191110684e-05,1353.0218141767848,135.30218141767847
20,48,0.0875,0.2,0.6309573444801934,0.06309573444801933,0.002,0.019130811095237732,0.005102632678419295,0.05102632678419295,0.2665266148580559,0.019144927350451677,3.828985470090335e-05,1332.6330742902796,133.26330742902795
20,49,0.0875,0.2,0.6309573444801934,0.1,0.002,0.018578633666038513,0.004960395291779151,0.04960395291779151,0.26005894820896763,0.01907411887166935,3.8148237743338696e-05,1300.294741044838,130.0294741044838
20,50,0.0875,0.2,0.6309573444801934,0.15848931924611143,0.002,0.01771444082260132,0.00473803968970478,0.0473803968970478,0.2498513166624646,0.01896343694720493,3.792687389440986e-05,1249.256583312323,124.92565833123228
20,51,0.0875,0.2,0.6309573444801934,0.25118864315095807,0.002,0.01638886332511902,0.004397494339001891,0.04397494339001891,0.2339846031203518,0.018793947466449343,3.7587894932898686e-05,1169.923015601759,116.9923015601759
20,52,0.0875,0.2,0.6309573444801934,0.3981071705534973,0.002,0.014446824789047241,0.0038995229385420235,0.03899522938542024,0.21026049185352272,0.018546151510282844,3.709230302056569e-05,1051.3024592676136,105.13024592676135
20,53,0.0875,0.2,0.6309573444801934,0.6309573444801934,0.002,0.01184709370136261,0.003234220374120872,0.03234220374120872,0.1775566667227605,0.018215144684884346,3.6430289369768695e-05,887.7833336138024,88.77833336138025
20,54,0.0875,0.2,0.6309573444801934,1.0,0.002,0.00881148874759674,0.0024581392013550366,0.024581392013550366,0.13787310697660676,0.017828996932462794,3.565799386492559e-05,689.3655348830339,68.93655348830339
21,22,0.0875,0.125,1.0,0.01,0.002,0.010328635573387146,0.0027147455647706575,0.027147455647706573,0.15411233348263326,0.01761536863028927,3.523073726057854e-05,770.5616674131664,77.05616674131664
21,23,0.0875,0.125,1.0,0.015848931924611134,0.002,0.010273605585098267,0.002700538533882647,0.02700538533882647,0.153367332691256,0.017608303453507307,3.521660690701462e-05,766.8366634562799,76.68366634562798
21,24,0.0875,0.125,1.0,0.025118864315095794,0.002,0.010186374187469482,0.0026780259172496253,0.026780259172496254,0.15218556906829833,0.01759710814661916,3.519421629323833e-05,760.9278453414915,76.09278453414915
21,25,0.0875,0.125,1.0,0.039810717055349734,0.002,0.010048165917396545,0.002642369694610894,0.026423696946108938,0.1503107680618931,0.017579377237450157,3.515875447490031e-05,751.5538403094656,75.15538403094656
21,26,0.0875,0.125,1.0,0.06309573444801933,0.002,0.009829431772232056,0.0025859688639600638,0.02585968863960064,0.14733747084368348,0.01755133198060408,3.510266396120816e-05,736.6873542184176,73.66873542184176
21,27,0.0875,0.125,1.0,0.1,0.002,0.009484320878982544,0.002497050723508365,0.02497050723508365,0.14263057496888812,0.017507120924479515,3.501424184895903e-05,713.1528748444405,71.31528748444404
21,28,0.0875,0.125,1.0,0.15848931924611143,0.002,0.008944202214479446,0.0023580449756249564,0.023580449756249563,0.1352244018679569,0.01743801372423541,3.487602744847082e-05,676.1220093397843,67.61220093397844
21,29,0.0875,0.125,1.0,0.25118864315095807,0.002,0.008115716278553009,0.0021451455870661433,0.021451455870661433,0.12376658130205037,0.017332187449138226,3.466437489827645e-05,618.8329065102519,61.88329065102519
21,30,0.0875,0.125,1.0,0.3981071705534973,0.002,0.006901942193508148,0.0018338094609991159,0.018338094609991158,0.10675670399086565,0.017177464200805792,3.435492840161159e-05,533.7835199543283,53.37835199543283
21,31,0.0875,0.125,1.0,0.6309573444801934,0.002,0.005277112126350403,0.00141781993750059,0.014178199375005899,0.08354479712815036,0.01697077479673305,3.39415495934661e-05,417.72398564075183,41.77239856407519
21,32,0.0875,0.125,1.0,1.0,0.002,0.003379855304956436,0.0009325324686040469,0.009325324686040469,0.05574135730854721,0.016729633321308723,3.345926664261745e-05,278.706786542736,27.8706786542736
21,33,0.0875,0.1625,1.0,0.01,0.002,0.015793129801750183,0.004181607679619634,0.041816076796196346,0.22791847251276942,0.018346944999753603,3.669388999950721e-05,1139.5923625638472,113.95923625638471
21,34,0.0875,0.1625,1.0,0.015848931924611134,0.002,0.015721581876277924,0.004163139944382906,0.041631399443829056,0.2270256053974971,0.018337755061124936,3.667551012224987e-05,1135.1280269874856,113.51280269874857
21,35,0.0875,0.1625,1.0,0.025118864315095794,0.002,0.015608184039592743,0.004133876476434566,0.04133876476434566,0.22560895527013522,0.018323193206071217,3.664638641214244e-05,1128.0447763506759,112.80447763506758
21,36,0.0875,0.1625,1.0,0.039810717055349734,0.002,0.015428513288497925,0.004087528101705859,0.04087528101705859,0.22336059956000254,0.018300130415829244,3.6600260831658486e-05,1116.802997800013,111.68029978000129
21,37,0.0875,0.1625,1.0,0.06309573444801933,0.002,0.015144161880016327,0.004014214320731889,0.04014214320731889,0.21979253876233715,0.018263651456669694,3.652730291333939e-05,1098.9626938116858,109.89626938116858
21,38,0.0875,0.1625,1.0,0.1,0.002,0.014695517718791962,0.0038986333639531886,0.038986333639531884,0.21413831574971054,0.01820614564144604,3.6412291282892076e-05,1070.6915787485527,107.06915787485529
21,39,0.0875,0.1625,1.0,0.15848931924611143,0.002,0.013993360102176666,0.003717947187151746,0.03717947187151746,0.2052271127628674,0.018116257336074797,3.623251467214959e-05,1026.135563814337,102.6135563814337
21,40,0.0875,0.1625,1.0,0.25118864315095807,0.002,0.012916333973407745,0.003441214847314207,0.034412148473142064,0.19140606606527663,0.01797860913217151,3.595721826434302e-05,957.0303303263833,95.70303303263833
21,41,0.0875,0.1625,1.0,0.3981071705534973,0.002,0.01133842021226883,0.003036541265911214,0.030365412659112138,0.1708094259932712,0.0177773635632429,3.5554727126485805e-05,854.0471299663558,85.40471299663558
21,42,0.0875,0.1625,1.0,0.6309573444801934,0.002,0.00922614336013794,0.002495854305969425,0.024958543059694253,0.14255072612275857,0.017508534497538107,3.5017068995076213e-05,712.7536306137929,71.2753630613793
21,43,0.0875,0.1625,1.0,1.0,0.002,0.006759710609912872,0.0018650647182484959,0.018650647182484957,0.10846608850940984,0.017194910813868744,3.438982162773749e-05,542.3304425470492,54.23304425470492
21,44,0.0875,0.2,1.0,0.01,0.002,0.021257616579532623,0.005648529185169579,0.05648529185169579,0.29606347992567933,0.019078777249350466,3.815755449870093e-05,1480.3173996283967,148.03173996283965
21,45,0.0875,0.2,1.0,0.015848931924611134,0.002,0.02116955816745758,0.005625800710560756,0.05625800710560756,0.29504718113958384,0.01906746130849915,3.81349226169983e-05,1475.2359056979194,147.52359056979196
21,46,0.0875,0.2,1.0,0.025118864315095794,0.002,0.021029993891716003,0.00558978629680786,0.055897862968078596,0.29343432714070566,0.019049530950506287,3.809906190101258e-05,1467.1716357035282,146.71716357035282
21,47,0.0875,0.2,1.0,0.039810717055349734,0.002,0.020808860659599304,0.0055327456267707156,0.05532745626770716,0.2908736074499188,0.019021133183158654,3.804226636631731e-05,1454.3680372495944,145.43680372495942
21,48,0.0875,0.2,1.0,0.06309573444801933,0.002,0.020458891987800598,0.00544251829779501,0.054425182977950105,0.28680736238273097,0.01897621543805499,3.795243087610998e-05,1434.0368119136547,143.40368119136548
21,49,0.0875,0.2,1.0,0.1,0.002,0.01990671455860138,0.005300273726488663,0.05300273726488663,0.28035755791488015,0.01890540695927266,3.781081391854532e-05,1401.7877895744007,140.17877895744007
21,50,0.0875,0.2,1.0,0.15848931924611143,0.002,0.019042521715164185,0.005077905360442125,0.05077905360442125,0.27017715614555327,0.01879472503480824,3.7589450069616486e-05,1350.8857807277661,135.0885780727766
21,51,0.0875,0.2,1.0,0.25118864315095807,0.002,0.017716944217681885,0.004737336121380439,0.04737336121380439,0.25435040043558776,0.018625235554052655,3.725047110810531e-05,1271.7520021779387,127.17520021779387
21,52,0.0875,0.2,1.0,0.3981071705534973,0.002,0.015774905681610107,0.004239316987691316,0.04239316987691316,0.23068050177016705,0.018377439597886156,3.675487919577231e-05,1153.4025088508354,115.34025088508353
21,53,0.0875,0.2,1.0,0.6309573444801934,0.002,0.013175174593925476,0.0035739120811700592,0.035739120811700595,0.1980398079901197,0.01804643277248766,3.609286554497532e-05,990.1990399505985,99.01990399505983
21,54,0.0875,0.2,1.0,1.0,0.002,0.010139569640159607,0.0027975970872582945,0.027975970872582946,0.15841177444642526,0.017660285020066106,3.532057004013221e-05,792.0588722321263,79.20588722321263
22,23,0.125,0.125,0.01,0.015848931924611134,0.002,5.5029988288879395e-05,1.4208524559064793e-05,0.00014208524559064794,0.0007494262532936068,0.01895920311921371,3.791840623842742e-05,3.7471312664680343,0.3747131266468034
22,24,0.125,0.125,0.01,0.025118864315095794,0.002,0.00014226138591766357,3.67235872513228e-05,0.000367235872513228,0.0019381239239005552,0.018948007812325567,3.7896015624651134e-05,9.690619619502776,0.9690619619502775
22,25,0.125,0.125,0.01,0.039810717055349734,0.002,0.0002804696559906006,7.23838768985734e-05,0.000723838768985734,0.003823709355593401,0.01893027690315656,3.786055380631312e-05,19.118546777967,1.9118546777967
22,26,0.125,0.125,0.01,0.06309573444801933,0.002,0.0004992038011550903,0.00012879162762351014,0.0012879162762351015,0.006813567309585315,0.018902231646310486,3.7804463292620975e-05,34.067836547926575,3.4067836547926573
22,27,0.125,0.125,0.01,0.1,0.002,0.000844314694404602,0.00021772195964263728,0.002177219596426373,0.01154532410235802,0.018858020590185917,3.771604118037183e-05,57.7266205117901,5.772662051179011
22,28,0.125,0.125,0.01,0.15848931924611143,0.002,0.0013844333589076996,0.0003567502049379969,0.003567502049379969,0.01898727177746077,0.018788913389941812,3.757782677988363e-05,94.93635888730384,9.493635888730383
22,29,0.125,0.125,0.01,0.25118864315095807,0.002,0.002212919294834137,0.00056969353114231,0.005696935311423099,0.0304924730929323,0.018683087114844628,3.736617422968926e-05,152.46236546466147,15.246236546466148
22,30,0.125,0.125,0.01,0.3981071705534973,0.002,0.003426693379878998,0.0008811209827739814,0.008811209827739815,0.047555250378394295,0.018528363866512198,3.7056727733024394e-05,237.7762518919715,23.77762518919715
22,31,0.125,0.125,0.01,0.6309573444801934,0.002,0.005051523447036743,0.0012973120221910176,0.012973120221910175,0.07080750314882989,0.018321674462439454,3.664334892487891e-05,354.0375157441494,35.40375157441494
22,32,0.125,0.125,0.01,1.0,0.002,0.00694878026843071,0.0017830748830225203,0.0178307488302252,0.09861849118624263,0.018080532987015126,3.616106597403025e-05,493.0924559312131,49.30924559312132
22,33,0.125,0.1625,0.01,0.01,0.002,0.005464494228363037,0.001466976517697278,0.014669765176972781,0.07447396111664989,0.019697844665460006,3.9395689330920014e-05,372.3698055832495,37.236980558324944
22,34,0.125,0.1625,0.01,0.015848931924611134,0.002,0.005392946302890778,0.0014485135054183404,0.014485135054183404,0.07357097402111139,0.019688654726831338,3.937730945366268e-05,367.8548701055569,36.78548701055569
22,35,0.125,0.1625,0.01,0.025118864315095794,0.002,0.005279548466205597,0.0014192579386552557,0.014192579386552556,0.07213841816774046,0.01967409287177762,3.934818574355524e-05,360.69209083870226,36.06920908387023
22,36,0.125,0.1625,0.01,0.039810717055349734,0.002,0.005099877715110779,0.0013729232249522674,0.013729232249522674,0.06986520397433431,0.01965103008153565,3.93020601630713e-05,349.3260198716715,34.93260198716715
22,37,0.125,0.1625,0.01,0.06309573444801933,0.002,0.004815526306629181,0.0012996342985303487,0.012996342985303487,0.06625868165026413,0.019614551122376096,3.9229102244752195e-05,331.2934082513206,33.12934082513206
22,38,0.125,0.1625,0.01,0.1,0.002,0.004366882145404816,0.0011841024740597832,0.011841024740597833,0.060546082266666884,0.019557045307152444,3.911409061430489e-05,302.7304113333344,30.273041133333436
22,39,0.125,0.1625,0.01,0.15848931924611143,0.002,0.0036647245287895203,0.0010035278735568013,0.010035278735568013,0.051549790935830064,0.0194671570017812,3.89343140035624e-05,257.7489546791503,25.774895467915034
22,40,0.125,0.1625,0.01,0.25118864315095807,0.002,0.0025876984000205994,0.0007271215031293879,0.007271215031293879,0.03761717437999328,0.019329508797877915,3.865901759575583e-05,188.08587189996643,18.808587189996643
22,41,0.125,0.1625,0.01,0.3981071705534973,0.002,0.0010097846388816833,0.0003242394838280606,0.0032423948382806055,0.016950806246609287,0.019128263228949303,3.8256526457898605e-05,84.75403123304643,8.475403123304645
22,42,0.125,0.1625,0.01,0.6309573444801934,0.002,0.0011024922132492065,0.00022563149188017256,0.002256314918801726,0.011963852675914839,0.018859434163244513,3.771886832648903e-05,59.81926337957419,5.981926337957418
22,43,0.125,0.1625,0.01,1.0,0.002,0.0035689249634742737,0.0008532892590439705,0.008532892590439706,0.046009812296082406,0.018545810479575146,3.709162095915029e-05,230.04906148041206,23.004906148041204
22,44,0.125,0.2,0.01,0.01,0.002,0.010928981006145477,0.002933953006959983,0.02933953006959983,0.14361230572362263,0.02042967691505687,4.0859353830113744e-05,718.0615286181131,71.80615286181131
22,45,0.125,0.2,0.01,0.015848931924611134,0.002,0.010840922594070435,0.0029112290314999333,0.02911229031499933,0.14257897757697977,0.020418360974205556,4.0836721948411114e-05,712.8948878848989,71.28948878848989
22,46,0.125,0.2,0.01,0.025118864315095794,0.002,0.010701358318328857,0.0028752220164825863,0.028752220164825867,0.14093928067369235,0.02040043061621269,4.080086123242538e-05,704.6964033684617,70.46964033684617
22,47,0.125,0.2,0.01,0.039810717055349734,0.002,0.010480225086212158,0.002818193789670457,0.028181937896704572,0.13833640513825607,0.02037203284886506,4.074406569773012e-05,691.6820256912802,69.16820256912801
22,48,0.125,0.2,0.01,0.06309573444801933,0.002,0.010130256414413452,0.0027279881003468838,0.02727988100346884,0.13420439085535008,0.020327115103761395,4.065423020752279e-05,671.0219542767503,67.10219542767503
22,49,0.125,0.2,0.01,0.1,0.002,0.009578078985214233,0.002585783205948823,0.02585783205948823,0.12765324171979928,0.020256306624979063,4.0512613249958126e-05,638.2662085989962,63.82662085989962
22,50,0.125,0.2,0.01,0.15848931924611143,0.002,0.008713886141777039,0.0023634938388873207,0.023634938388873206,0.1173204541444149,0.020145624700514647,4.029124940102929e-05,586.6022707220744,58.66022707220745
22,51,0.125,0.2,0.01,0.25118864315095807,0.002,0.007388308644294739,0.002023103162130522,0.02023103162130522,0.1012760045861826,0.019976135219759057,3.995227043951812e-05,506.38002293091296,50.6380022930913
22,52,0.125,0.2,0.01,0.3981071705534973,0.002,0.005446270108222961,0.001525577120566968,0.01525577120566968,0.07732922169390746,0.019728339263592562,3.9456678527185125e-05,386.64610846953724,38.66461084695372
22,53,0.125,0.2,0.01,0.6309573444801934,0.002,0.00284653902053833,0.0008621401808613219,0.008621401808613217,0.044446327019881146,0.01939733243819406,3.879466487638812e-05,222.23163509940574,22.22316350994058
22,54,0.125,0.2,0.01,1.0,0.002,0.00019821152091026306,0.00012681431468235195,0.0012681431468235195,0.006670510900736059,0.01901118468577251,3.802236937154502e-05,33.352554503680295,3.3352554503680296
23,24,0.125,0.125,0.015848931924611134,0.025118864315095794,0.002,8.723139762878418e-05,2.251506282531989e-05,0.0002251506282531989,0.0011886981159569788,0.0189409426355436,3.78818852710872e-05,5.943490579784894,0.5943490579784894
23,25,0.125,0.125,0.015848931924611134,0.039810717055349734,0.002,0.0002254396677017212,5.8175352832351455e-05,0.0005817535283235146,0.003074285363053272,0.018923211726374595,3.784642345274919e-05,15.37142681526636,1.537142681526636
23,26,0.125,0.125,0.015848931924611134,0.06309573444801933,0.002,0.00044417381286621094,0.00011458310455109896,0.0011458310455109897,0.006064148984126843,0.018895166469528518,3.7790332939057036e-05,30.32074492063422,3.0320744920634217
23,27,0.125,0.125,0.015848931924611134,0.1,0.002,0.0007892847061157227,0.00020351343905783954,0.0020351343905783952,0.010795921723581793,0.018850955413403953,3.770191082680791e-05,53.97960861790896,5.397960861790897
23,28,0.125,0.125,0.015848931924611134,0.15848931924611143,0.002,0.0013294033706188202,0.00034254169014272034,0.003425416901427203,0.018237911746231246,0.018781848213159848,3.7563696426319695e-05,91.18955873115623,9.118955873115624
23,29,0.125,0.125,0.015848931924611134,0.25118864315095807,0.002,0.0021578893065452576,0.0005554850285598599,0.005554850285598599,0.029743219964191284,0.018676021938062663,3.7352043876125326e-05,148.71609982095643,14.871609982095643
23,30,0.125,0.125,0.015848931924611134,0.3981071705534973,0.002,0.0033716633915901184,0.0008669125027115444,0.008669125027115443,0.04680624815970565,0.01852129868973023,3.704259737946046e-05,234.03124079852824,23.40312407985283
23,31,0.125,0.125,0.015848931924611134,0.6309573444801934,0.002,0.004996493458747864,0.001283103575470123,0.01283103575470123,0.07005901984897625,0.018314609285657486,3.6629218571314976e-05,350.2950992448813,35.02950992448813
23,32,0.125,0.125,0.015848931924611134,1.0,0.002,0.0068937502801418304,0.0017688664656257673,0.017688664656257673,0.09787089473909587,0.01807346781023316,3.6146935620466325e-05,489.3544736954793,48.93544736954794
23,33,0.125,0.1625,0.015848931924611134,0.01,0.002,0.0055195242166519165,0.0014811787312471038,0.014811787312471038,0.07522194497677269,0.01969077948867804,3.938155897735608e-05,376.10972488386346,37.610972488386345
23,34,0.125,0.1625,0.015848931924611134,0.015848931924611134,0.002,0.005447976291179657,0.0014627155576904828,0.014627155576904829,0.0743189747947372,0.019681589550049373,3.936317910009875e-05,371.5948739736861,37.15948739736861
23,35,0.125,0.1625,0.015848931924611134,0.025118864315095794,0.002,0.005334578454494476,0.0014334597213925457,0.014334597213925458,0.0728864444400663,0.019667027694995655,3.933405538999131e-05,364.4322222003314,36.44322222003314
23,36,0.125,0.1625,0.015848931924611134,0.039810717055349734,0.002,0.005154907703399658,0.0013871245420163517,0.013871245420163516,0.07061326716587028,0.01964396490475368,3.928792980950736e-05,353.0663358293515,35.306633582935156
23,37,0.125,0.1625,0.015848931924611134,0.06309573444801933,0.002,0.00487055629491806,0.0013138347669547714,0.013138347669547714,0.06700679376235864,0.01960748594559413,3.9214971891188264e-05,335.03396881179316,33.50339688117932
23,38,0.125,0.1625,0.015848931924611134,0.1,0.002,0.004421912133693695,0.001198301248068449,0.011983012480684488,0.061294243783241165,0.019549980130370476,3.909996026074095e-05,306.4712189162058,30.647121891620586
23,39,0.125,0.1625,0.015848931924611134,0.15848931924611143,0.002,0.0037197545170783997,0.0010177226572418256,0.010177226572418256,0.05229793704952703,0.019460091824999234,3.892018364999847e-05,261.4896852476352,26.148968524763518
23,40,0.125,0.1625,0.015848931924611134,0.25118864315095807,0.002,0.0026427283883094788,0.0007413031274966932,0.0074130312749669325,0.03836487465215579,0.019322443621095947,3.86448872421919e-05,191.82437326077894,19.182437326077892
23,41,0.125,0.1625,0.015848931924611134,0.3981071705534973,0.002,0.0010648146271705627,0.00033830628909699295,0.0033830628909699294,0.017692734951754073,0.01912119805216734,3.824239610433468e-05,88.46367475877035,8.846367475877035
23,42,0.125,0.1625,0.015848931924611134,0.6309573444801934,0.002,0.0010474622249603271,0.000211789152005157,0.00211789152005157,0.011234086928663338,0.018852368986462545,3.770473797292509e-05,56.1704346433167,5.61704346433167
23,43,0.125,0.1625,0.015848931924611134,1.0,0.002,0.0035138949751853943,0.0008391082954346264,0.008391082954346265,0.04526241025104327,0.01853874530279318,3.7077490605586366e-05,226.31205125521635,22.631205125521635
23,44,0.125,0.2,0.015848931924611134,0.01,0.002,0.010984010994434357,0.002948155190067028,0.029481551900670283,0.1443574028556672,0.020422611738274903,4.0845223476549806e-05,721.7870142783361,72.1787014278336
23,45,0.125,0.2,0.015848931924611134,0.015848931924611134,0.002,0.010895952582359314,0.002925431115370682,0.02925431115370682,0.1433241252493114,0.02041129579742359,4.0822591594847176e-05,716.6206262465571,71.6620626246557
23,46,0.125,0.2,0.015848931924611134,0.025118864315095794,0.002,0.010756388306617737,0.002889423937647491,0.02889423937647491,0.14168450745558495,0.020393365439430725,4.078673087886145e-05,708.4225372779247,70.84225372779247
23,47,0.125,0.2,0.015848931924611134,0.039810717055349734,0.002,0.010535255074501038,0.00283239543843442,0.0283239543843442,0.13908175470944412,0.020364967672083092,4.0729935344166183e-05,695.4087735472207,69.54087735472207
23,48,0.125,0.2,0.015848931924611134,0.06309573444801933,0.002,0.010185286402702332,0.002742189278302965,0.027421892783029648,0.13494992818211993,0.020320049926979427,4.064009985395885e-05,674.7496409105996,67.47496409105996
23,49,0.125,0.2,0.015848931924611134,0.1,0.002,0.009633108973503113,0.0025999835270361636,0.025999835270361635,0.1283990579937331,0.0202492414481971,4.0498482896394195e-05,641.9952899686656,64.19952899686656
23,50,0.125,0.2,0.015848931924611134,0.15848931924611143,0.002,0.008768916130065918,0.002377692462932561,0.02377692462932561,0.11806666013676513,0.02013855952373268,4.027711904746536e-05,590.3333006838257,59.03333006838257
23,51,0.125,0.2,0.015848931924611134,0.25118864315095807,0.002,0.007443338632583618,0.002037297913904916,0.02037297913904916,0.10202267354064451,0.019969070042977093,3.9938140085954185e-05,510.1133677032226,51.01133677032226
23,52,0.125,0.2,0.015848931924611134,0.3981071705534973,0.002,0.005501300096511841,0.0015397604582383759,0.01539760458238376,0.07807611473074924,0.019721274086810594,3.944254817362119e-05,390.38057365374624,39.03805736537462
23,53,0.125,0.2,0.015848931924611134,0.6309573444801934,0.002,0.0029015690088272095,0.0008762645322699168,0.008762645322699169,0.04519094659482805,0.019390267261412096,3.8780534522824194e-05,225.95473297414026,22.595473297414024
23,54,0.125,0.2,0.015848931924611134,1.0,0.002,0.00021859444677829742,0.0001361972207902717,0.0013619722079027169,0.007166720916790646,0.019004119508990544,3.8008239017981086e-05,35.833604583953225,3.583360458395323
24,25,0.125,0.125,0.025118864315095794,0.039810717055349734,0.002,0.000138208270072937,3.566029033355227e-05,0.00035660290333552273,0.0018855890108475603,0.01891201641948645,3.78240328389729e-05,9.427945054237801,0.9427945054237802
24,26,0.125,0.125,0.025118864315095794,0.06309573444801933,0.002,0.00035694241523742676,9.206804321476589e-05,0.0009206804321476589,0.004875459850145886,0.018883971162640376,3.776794232528075e-05,24.377299250729433,2.437729925072943
24,27,0.125,0.125,0.025118864315095794,0.1,0.002,0.0007020533084869385,0.00018099838103889426,0.0018099838103889426,0.009607255082632143,0.018839760106515807,3.767952021303162e-05,48.03627541316071,4.803627541316071
24,28,0.125,0.125,0.025118864315095794,0.15848931924611143,0.002,0.001242171972990036,0.00032002664034466293,0.003200266403446629,0.017049307871317292,0.018770652906271702,3.7541305812543405e-05,85.24653935658645,8.524653935658646
24,29,0.125,0.125,0.025118864315095794,0.25118864315095807,0.002,0.0020706579089164734,0.0005329699967235995,0.005329699967235995,0.028554778849829657,0.018664826631174518,3.7329653262349035e-05,142.7738942491483,14.27738942491483
24,30,0.125,0.125,0.025118864315095794,0.3981071705534973,0.002,0.0032844319939613342,0.0008443975046743658,0.008443975046743659,0.04561819495060621,0.018510103382842088,3.702020676568418e-05,228.09097475303102,22.8090974753031
24,31,0.125,0.125,0.025118864315095794,0.6309573444801934,0.002,0.00490926206111908,0.0012605886280426882,0.012605886280426882,0.06887177602522027,0.018303413978769344,3.660682795753869e-05,344.3588801261013,34.435888012610135
24,32,0.125,0.125,0.025118864315095794,1.0,0.002,0.006806518882513046,0.001746351562731532,0.01746351562731532,0.0966850412874747,0.018062272503345016,3.6124545006690035e-05,483.4252064373735,48.34252064373735
24,33,0.125,0.1625,0.025118864315095794,0.01,0.002,0.005606755614280701,0.0015036839433647492,0.015036839433647493,0.0764083188686554,0.019679584181789896,3.935916836357979e-05,382.041594343277,38.2041594343277
24,34,0.125,0.1625,0.025118864315095794,0.015848931924611134,0.002,0.005535207688808441,0.0014852205224255655,0.014852205224255653,0.07550537645893544,0.019670394243161228,3.934078848632246e-05,377.52688229467725,37.75268822946773
24,35,0.125,0.1625,0.025118864315095794,0.025118864315095794,0.002,0.0054218098521232605,0.0014559642729551584,0.014559642729551583,0.07407288809788944,0.01965583238810751,3.931166477621502e-05,370.36444048944713,37.036444048944716
24,36,0.125,0.1625,0.025118864315095794,0.039810717055349734,0.002,0.005242139101028442,0.0014096283804974896,0.014096283804974897,0.07179977198177599,0.01963276959786554,3.926553919573108e-05,358.99885990888,35.899885990887995
24,37,0.125,0.1625,0.025118864315095794,0.06309573444801933,0.002,0.0049577876925468445,0.0013363373082774146,0.013363373082774145,0.0681933807226722,0.019596290638705986,3.9192581277411973e-05,340.966903613361,34.0966903613361
24,38,0.125,0.1625,0.025118864315095794,0.1,0.002,0.004509143531322479,0.0012208012078817453,0.012208012078817453,0.06248091777000112,0.019538784823482334,3.907756964696467e-05,312.40458885000555,31.240458885000553
24,39,0.125,0.1625,0.025118864315095794,0.15848931924611143,0.002,0.003806985914707184,0.0010402165762978793,0.010402165762978794,0.05348460645719488,0.01944889651811109,3.889779303622218e-05,267.42303228597444,26.742303228597436
24,40,0.125,0.1625,0.025118864315095794,0.25118864315095807,0.002,0.002729959785938263,0.0007637774200216272,0.0076377742002162715,0.039550908755064555,0.019311248314207805,3.8622496628415614e-05,197.75454377532276,19.775454377532277
24,41,0.125,0.1625,0.025118864315095794,0.3981071705534973,0.002,0.001152046024799347,0.00036061911675584307,0.0036061911675584306,0.018870699369466497,0.019110002745279193,3.822000549055839e-05,94.35349684733247,9.435349684733247
24,42,0.125,0.1625,0.025118864315095794,0.6309573444801934,0.002,0.000960230827331543,0.00018996426671082951,0.001899642667108295,0.010082400913100682,0.018841173679574403,3.7682347359148805e-05,50.41200456550341,5.041200456550341
24,43,0.125,0.1625,0.025118864315095794,1.0,0.002,0.00342666357755661,0.0008166386570717101,0.008166386570717101,0.04407699114303854,0.018527549995905036,3.7055099991810076e-05,220.38495571519272,22.03849557151927
24,44,0.125,0.2,0.025118864315095794,0.01,0.002,0.011071242392063141,0.002970660232792799,0.02970660232792799,0.14553915171829018,0.02041141643138676,4.082283286277352e-05,727.6957585914508,72.76957585914509
24,45,0.125,0.2,0.025118864315095794,0.015848931924611134,0.002,0.010983183979988098,0.0029479360030253026,0.029479360030253025,0.14450595497767216,0.020400100490535446,4.080020098107089e-05,722.5297748883607,72.25297748883607
24,46,0.125,0.2,0.025118864315095794,0.025118864315095794,0.002,0.010843619704246521,0.002911928571103927,0.02911928571103927,0.14286646378516307,0.02038217013254258,4.0764340265085156e-05,714.3323189258155,71.43323189258155
24,47,0.125,0.2,0.025118864315095794,0.039810717055349734,0.002,0.010622486472129822,0.0028548996464572807,0.028548996464572807,0.14026390760560797,0.02035377236519495,4.07075447303899e-05,701.3195380280397,70.13195380280396
24,48,0.125,0.2,0.025118864315095794,0.06309573444801933,0.002,0.010272517800331116,0.0027646927514390317,0.02764692751439032,0.1361323818185176,0.020308854620091285,4.061770924018257e-05,680.6619090925881,68.0661909092588
24,49,0.125,0.2,0.025118864315095794,0.1,0.002,0.009720340371131897,0.002622485663975174,0.02622485663975174,0.12958195893339125,0.020238046141308953,4.0476092282617905e-05,647.9097946669563,64.79097946669562
24,50,0.125,0.2,0.025118864315095794,0.15848931924611143,0.002,0.008856147527694702,0.0024001919580674317,0.024001919580674314,0.11925018756597636,0.020127364216844537,4.025472843368908e-05,596.2509378298817,59.625093782988166
24,51,0.125,0.2,0.025118864315095794,0.25118864315095807,0.002,0.007530570030212402,0.0020597914007184945,0.020597914007184942,0.10320695103842213,0.019957874736088947,3.9915749472177895e-05,516.0347551921107,51.603475519211074
24,52,0.125,0.2,0.025118864315095794,0.3981071705534973,0.002,0.005588531494140625,0.001562236357634734,0.01562236357634734,0.0792607870865588,0.019710078779922452,3.94201575598449e-05,396.303935432794,39.630393543279396
24,53,0.125,0.2,0.025118864315095794,0.6309573444801934,0.002,0.0029888004064559937,0.0008986513058205589,0.00898651305820559,0.0463722570373538,0.01937907195452395,3.8758143909047904e-05,231.86128518676898,23.186128518676895
24,54,0.125,0.2,0.025118864315095794,1.0,0.002,0.0002536773681640625,0.00015259885538168727,0.0015259885538168728,0.00803451083982084,0.0189929242021024,3.7985848404204796e-05,40.1725541991042,4.017255419910419
25,26,0.125,0.125,0.039810717055349734,0.06309573444801933,0.002,0.00021873414516448975,5.640775395442323e-05,0.0005640775395442323,0.0029898778557134226,0.01886624025347137,3.773248050694274e-05,14.94938927856711,1.4949389278567111
25,27,0.125,0.125,0.039810717055349734,0.1,0.002,0.0005638450384140015,0.00014533809580640853,0.001453380958064085,0.007721701750781245,0.018822029197346803,3.764405839469361e-05,38.60850875390622,3.8608508753906223
25,28,0.125,0.125,0.039810717055349734,0.15848931924611143,0.002,0.001103963702917099,0.0002843663662490577,0.002843663662490577,0.015163843068989033,0.018752921997102694,3.750584399420539e-05,75.81921534494516,7.5819215344945174
25,29,0.125,0.125,0.039810717055349734,0.25118864315095807,0.002,0.0019324496388435364,0.0004973097482780411,0.004973097482780411,0.026669555178566704,0.01864709572200551,3.729419144401102e-05,133.34777589283354,13.334777589283354
25,30,0.125,0.125,0.039810717055349734,0.3981071705534973,0.002,0.003146223723888397,0.0008087373058976907,0.008087373058976907,0.04373356133990166,0.01849237247367308,3.6984744947346164e-05,218.6678066995083,21.866780669950828
25,31,0.125,0.125,0.039810717055349734,0.6309573444801934,0.002,0.004771053791046143,0.0012249285047714077,0.012249285047714076,0.06698839196266243,0.018285683069600336,3.657136613920068e-05,334.9419598133121,33.49419598133122
25,32,0.125,0.125,0.039810717055349734,1.0,0.002,0.006668310612440109,0.0017106915058187795,0.017106915058187795,0.09480382180342649,0.018044541594176008,3.608908318835202e-05,474.0191090171324,47.40191090171324
25,33,0.125,0.1625,0.039810717055349734,0.01,0.002,0.005744963884353638,0.0015393290136195403,0.015393290136195403,0.0782901282130436,0.01966185327262089,3.9323706545241783e-05,391.45064106521795,39.145064106521794
25,34,0.125,0.1625,0.039810717055349734,0.015848931924611134,0.002,0.005673415958881378,0.0015208652205039375,0.015208652205039374,0.07738723218615226,0.019652663333992224,3.930532666798445e-05,386.9361609307613,38.69361609307613
25,35,0.125,0.1625,0.039810717055349734,0.025118864315095794,0.002,0.0055600181221961975,0.0014916083500370035,0.014916083500370035,0.07595481424906199,0.019638101478938505,3.927620295787701e-05,379.7740712453099,37.97740712453099
25,36,0.125,0.1625,0.039810717055349734,0.039810717055349734,0.002,0.005380347371101379,0.0014452713875287532,0.01445271387528753,0.07368180152311465,0.01961503868869653,3.923007737739306e-05,368.40900761557333,36.840900761557336
25,37,0.125,0.1625,0.039810717055349734,0.06309573444801933,0.002,0.0050959959626197815,0.0013719783741193996,0.013719783741193994,0.07007555167858336,0.01957855972953698,3.915711945907396e-05,350.37775839291675,35.037775839291676
25,38,0.125,0.1625,0.039810717055349734,0.1,0.002,0.004647351801395416,0.0012564384294749223,0.012564384294749225,0.06436324775240083,0.019521053914313323,3.9042107828626646e-05,321.81623876200416,32.18162387620041
25,39,0.125,0.1625,0.039810717055349734,0.15848931924611143,0.002,0.003945194184780121,0.001075844888270915,0.010758448882709151,0.055366976429649654,0.019431165608942084,3.886233121788417e-05,276.8348821482482,27.683488214824816
25,40,0.125,0.1625,0.039810717055349734,0.25118864315095807,0.002,0.0028681680560112,0.000799377421613316,0.00799377421613316,0.04143243581932585,0.019293517405038797,3.858703481007759e-05,207.16217909662922,20.71621790966292
25,41,0.125,0.1625,0.039810717055349734,0.3981071705534973,0.002,0.001290254294872284,0.00039600508918009587,0.003960050891800959,0.020741643141237456,0.019092271836110185,3.8184543672220374e-05,103.70821570618727,10.370821570618727
25,42,0.125,0.1625,0.039810717055349734,0.6309573444801934,0.002,0.000822022557258606,0.0001557972455170326,0.001557972455170326,0.008276766764578275,0.018823442770405395,3.764688554081079e-05,41.38383382289138,4.138383382289137
25,43,0.125,0.1625,0.039810717055349734,1.0,0.002,0.003288455307483673,0.0007810551749142068,0.0078105517491420685,0.04219680220828868,0.018509819086736032,3.701963817347207e-05,210.98401104144335,21.098401104144333
25,44,0.125,0.2,0.039810717055349734,0.01,0.002,0.011209450662136078,0.003006304747303277,0.030063047473032768,0.1474135091486078,0.02039368552221775,4.07873710444355e-05,737.067545743039,73.7067545743039
25,45,0.125,0.2,0.039810717055349734,0.015848931924611134,0.002,0.011121392250061035,0.0029835802774472162,0.02983580277447216,0.14638044244741813,0.02038236958136644,4.076473916273288e-05,731.9022122370907,73.19022122370907
25,46,0.125,0.2,0.039810717055349734,0.025118864315095794,0.002,0.010981827974319458,0.002947572452090258,0.02947572452090258,0.14474115490040798,0.020364439223373575,4.072887844674715e-05,723.7057745020398,72.37057745020398
25,47,0.125,0.2,0.039810717055349734,0.039810717055349734,0.002,0.010760694742202759,0.0028905428693160127,0.028905428693160127,0.1421389150669484,0.02033604145602594,4.067208291205188e-05,710.694575334742,71.0694575334742
25,48,0.125,0.2,0.039810717055349734,0.06309573444801933,0.002,0.010410726070404053,0.0028003348384399726,0.028003348384399728,0.1380078737055165,0.020291123710922274,4.058224742184455e-05,690.0393685275826,69.00393685275826
25,49,0.125,0.2,0.039810717055349734,0.1,0.002,0.009858548641204834,0.0026581256887647704,0.026581256887647706,0.13145817254815653,0.020220315232139945,4.044063046427989e-05,657.2908627407827,65.72908627407826
25,50,0.125,0.2,0.039810717055349734,0.15848931924611143,0.002,0.00899435579776764,0.002435827916338922,0.02435827916338922,0.12112741585443057,0.020109633307675526,4.0219266615351056e-05,605.6370792721528,60.56370792721529
25,51,0.125,0.2,0.039810717055349734,0.25118864315095807,0.002,0.007668778300285339,0.0020954181564509927,0.020954181564509927,0.10508540834204515,0.01994014382691994,3.988028765383988e-05,525.4270417102257,52.54270417102257
25,52,0.125,0.2,0.039810717055349734,0.3981071705534973,0.002,0.005726739764213562,0.001597836460819287,0.01597836460819287,0.0811399672251551,0.01969234787075344,3.938469574150688e-05,405.6998361257755,40.56998361257755
25,53,0.125,0.2,0.039810717055349734,0.6309573444801934,0.002,0.0031270086765289307,0.0009341202892555249,0.00934120289255525,0.04824667294828906,0.019361341045354943,3.872268209070989e-05,241.23336474144529,24.123336474144526
25,54,0.125,0.2,0.039810717055349734,1.0,0.002,0.00031605735421180725,0.00018127810745999538,0.0018127810745999539,0.009553426131764662,0.01897519329293339,3.795038658586678e-05,47.767130658823305,4.776713065882331
26,27,0.125,0.125,0.06309573444801933,0.1,0.002,0.0003451108932495117,8.893034558436954e-05,0.0008893034558436955,0.004731851738615468,0.018793983940500726,3.758796788100145e-05,23.65925869307734,2.365925869307734
26,28,0.125,0.125,0.06309573444801933,0.15848931924611143,0.002,0.0008852295577526093,0.00022795862954013023,0.0022795862954013025,0.012174105747251297,0.01872487674025662,3.7449753480513246e-05,60.870528736256475,6.087052873625647
26,29,0.125,0.125,0.06309573444801933,0.25118864315095807,0.002,0.0017137154936790466,0.00044090204600858297,0.004409020460085829,0.023680157419069942,0.018619050465159437,3.7238100930318876e-05,118.40078709534971,11.840078709534973
26,30,0.125,0.125,0.06309573444801933,0.3981071705534973,0.002,0.0029274895787239075,0.0007523296736587813,0.007523296736587812,0.04074503581008704,0.018464327216827007,3.692865443365401e-05,203.7251790504352,20.372517905043523
26,31,0.125,0.125,0.06309573444801933,0.6309573444801934,0.002,0.004552319645881653,0.0011685209816052079,0.011685209816052079,0.06400176154162246,0.018257637812754263,3.6515275625508526e-05,320.00880770811233,32.00088077081123
26,32,0.125,0.125,0.06309573444801933,1.0,0.002,0.0064495764672756195,0.001654284078227036,0.01654284078227036,0.09182052088559427,0.018016496337329935,3.603299267465987e-05,459.10260442797136,45.91026044279714
26,33,0.125,0.1625,0.06309573444801933,0.01,0.002,0.0059636980295181274,0.0015957136135558206,0.015957136135558207,0.0812737708484132,0.019633808015774815,3.926761603154963e-05,406.368854242066,40.636885424206596
26,34,0.125,0.1625,0.06309573444801933,0.015848931924611134,0.002,0.005892150104045868,0.001577249276964944,0.01577249276964944,0.08037095401116263,0.019624618077146147,3.92492361542923e-05,401.85477005581316,40.18547700558132
26,35,0.125,0.1625,0.06309573444801933,0.025118864315095794,0.002,0.005778752267360687,0.0015479915009884444,0.015479915009884443,0.07893865695522574,0.01961005622209243,3.922011244418486e-05,394.6932847761287,39.46932847761287
26,36,0.125,0.1625,0.06309573444801933,0.039810717055349734,0.002,0.005599081516265869,0.0015016529818712996,0.015016529818712996,0.07666582352702779,0.01958699343185046,3.917398686370092e-05,383.3291176351389,38.33291176351389
26,37,0.125,0.1625,0.06309573444801933,0.06309573444801933,0.002,0.005314730107784271,0.0014283571560650414,0.014283571560650413,0.07305982449005313,0.019550514472690905,3.9101028945381814e-05,365.29912245026566,36.529912245026566
26,38,0.125,0.1625,0.06309573444801933,0.1,0.002,0.004866085946559906,0.0013128116823107633,0.013128116823107633,0.06734782225666637,0.019493008657467253,3.898601731493451e-05,336.7391112833318,33.67391112833318
26,39,0.125,0.1625,0.06309573444801933,0.15848931924611143,0.002,0.004163928329944611,0.0011322055066253188,0.011322055066253186,0.058351723129059126,0.019403120352096008,3.880624070419202e-05,291.75861564529566,29.17586156452957
26,40,0.125,0.1625,0.06309573444801933,0.25118864315095807,0.002,0.0030869022011756897,0.0008556991720840408,0.008556991720840408,0.04441620560876382,0.019265472148192724,3.853094429638545e-05,222.0810280438191,22.20810280438191
26,41,0.125,0.1625,0.06309573444801933,0.3981071705534973,0.002,0.0015089884400367737,0.00045206522766177916,0.004520652276617792,0.023712749414837742,0.019064226579264112,3.8128453158528224e-05,118.56374707418871,11.85637470741887
26,42,0.125,0.1625,0.06309573444801933,0.6309573444801934,0.002,0.0006032884120941162,0.00010381501999740505,0.0010381501999740506,0.005523427739291554,0.018795397513559322,3.7590795027118646e-05,27.61713869645777,2.7617138696457766
26,43,0.125,0.1625,0.06309573444801933,1.0,0.002,0.0030697211623191833,0.000724783116881379,0.007247831168813791,0.039216101417127586,0.018481773829889955,3.696354765977991e-05,196.08050708563795,19.608050708563795
26,44,0.125,0.2,0.06309573444801933,0.01,0.002,0.011428184807300568,0.0030626878098408603,0.030626878098408604,0.1503850490302749,0.02036564026537168,4.073128053074336e-05,751.9252451513744,75.19252451513744
26,45,0.125,0.2,0.06309573444801933,0.015848931924611134,0.002,0.011340126395225525,0.003039962973738272,0.03039962973738272,0.14935219294290702,0.020354324324520365,4.0708648649040734e-05,746.7609647145352,74.67609647145352
26,46,0.125,0.2,0.06309573444801933,0.025118864315095794,0.002,0.011200562119483948,0.0030039545485003173,0.030039545485003174,0.14771323536732464,0.020336393966527498,4.0672787933055e-05,738.5661768366233,73.85661768366232
26,47,0.125,0.2,0.06309573444801933,0.039810717055349734,0.002,0.010979428887367249,0.0029469239630405993,0.029469239630405993,0.1451115084982934,0.02030799619917987,4.061599239835974e-05,725.5575424914668,72.55575424914669
26,48,0.125,0.2,0.06309573444801933,0.06309573444801933,0.002,0.010629460215568542,0.0028567142038956155,0.028567142038956155,0.14098125368117237,0.020263078454076204,4.052615690815241e-05,704.9062684058619,70.49062684058619
26,49,0.125,0.2,0.06309573444801933,0.1,0.002,0.010077282786369324,0.002714501923457484,0.027145019234574838,0.13443272731489805,0.020192269975293872,4.0384539950587746e-05,672.16363657449,67.21636365744901
26,50,0.125,0.2,0.06309573444801933,0.15848931924611143,0.002,0.009213089942932129,0.0024921980019255293,0.02492198001925529,0.12410363142682786,0.020081588050829456,4.016317610165891e-05,620.5181571341393,62.05181571341393
26,51,0.125,0.2,0.06309573444801933,0.25118864315095807,0.002,0.007887512445449829,0.0021517744313655105,0.021517744313655104,0.10806366912021208,0.019912098570073866,3.9824197140147736e-05,540.3183456010604,54.03183456010604
26,52,0.125,0.2,0.06309573444801933,0.3981071705534973,0.002,0.005945473909378052,0.0016541533735415913,0.016541533735415913,0.08411960525728021,0.01966430261390737,3.9328605227814744e-05,420.59802628640097,42.0598026286401
26,53,0.125,0.2,0.06309573444801933,0.6309573444801934,0.002,0.0033457428216934204,0.00099025188390345,0.009902518839034499,0.051220024497428206,0.01933329578850887,3.866659157701774e-05,256.10012248714105,25.610012248714106
26,54,0.125,0.2,0.06309573444801933,1.0,0.002,0.0004334300756454468,0.00023064722738356033,0.0023064722738356034,0.012173189703498519,0.018947148036087318,3.789429607217464e-05,60.8659485174926,6.086594851749259
27,28,0.125,0.125,0.1,0.15848931924611143,0.002,0.0005401186645030975,0.00013902829612869646,0.0013902829612869646,0.007442363054909306,0.018680665684132056,3.736133136826411e-05,37.211815274546524,3.7211815274546525
27,29,0.125,0.125,0.1,0.25118864315095807,0.002,0.001368604600429535,0.0003519717531602452,0.0035197175316024516,0.018948845016072913,0.01857483940903487,3.714967881806974e-05,94.74422508036457,9.474422508036458
27,30,0.125,0.125,0.1,0.3981071705534973,0.002,0.0025823786854743958,0.0006633994719962025,0.006633994719962025,0.03601494508549854,0.018420116160702438,3.684023232140488e-05,180.0747254274927,18.00747254274927
27,31,0.125,0.125,0.1,0.6309573444801934,0.002,0.004207208752632141,0.0010795909284376263,0.010795909284376263,0.05927445410812958,0.018213426756629694,3.642685351325939e-05,296.3722705406479,29.63722705406479
27,32,0.125,0.125,0.1,1.0,0.002,0.006104465574026108,0.0015653541545054739,0.015653541545054737,0.08709822540723036,0.01797228528120537,3.594457056241074e-05,435.4911270361518,43.54911270361518
27,33,0.125,0.1625,0.1,0.01,0.002,0.006308808922767639,0.0016846095400586932,0.016846095400586934,0.08599510972729937,0.01958959695965025,3.91791939193005e-05,429.97554863649685,42.99755486364968
27,34,0.125,0.1625,0.1,0.015848931924611134,0.002,0.00623726099729538,0.001666144444863239,0.01666144444863239,0.08509243158604728,0.01958040702102158,3.916081404204316e-05,425.46215793023646,42.54621579302365
27,35,0.125,0.1625,0.1,0.025118864315095794,0.002,0.006123863160610199,0.0016368854075778534,0.016368854075778535,0.08366034759515496,0.019565845165967863,3.913169033193573e-05,418.3017379757747,41.830173797577466
27,36,0.125,0.1625,0.1,0.039810717055349734,0.002,0.005944192409515381,0.0015905447276154858,0.01590544727615486,0.08138783398576362,0.01954278237572589,3.908556475145178e-05,406.93916992881805,40.6939169928818
27,37,0.125,0.1625,0.1,0.06309573444801933,0.002,0.005659841001033783,0.0015172450205339,0.015172450205339002,0.07778229365823011,0.01950630341656634,3.901260683313268e-05,388.9114682911505,38.89114682911505
27,38,0.125,0.1625,0.1,0.1,0.002,0.005211196839809418,0.0014016919957383206,0.014016919957383207,0.07207088193676058,0.019448797601342684,3.889759520268537e-05,360.3544096838028,36.035440968380286
27,39,0.125,0.1625,0.1,0.15848931924611143,0.002,0.004509039223194122,0.0012210689097356523,0.012210689097356522,0.06307529474244475,0.019358909295971442,3.871781859194288e-05,315.37647371222374,31.537647371222377
27,40,0.125,0.1625,0.1,0.25118864315095807,0.002,0.0034320130944252014,0.0009445128517466801,0.0094451285174668,0.049138963735134045,0.019221261092068155,3.844252218413631e-05,245.6948186756702,24.56948186756702
27,41,0.125,0.1625,0.1,0.3981071705534973,0.002,0.0018540993332862854,0.0005405909877589726,0.005405909877589726,0.028422215907305412,0.019020015523139547,3.8040031046279095e-05,142.11107953652703,14.211107953652702
27,42,0.125,0.1625,0.1,0.6309573444801934,0.002,0.0002581775188446045,4.9219381609302607e-05,0.0004921938160930261,0.0026248675901672006,0.018751186457434753,3.7502372914869504e-05,13.124337950836004,1.3124337950836003
27,43,0.125,0.1625,0.1,1.0,0.002,0.0027246102690696716,0.0006361122645683439,0.0063611226456834384,0.034500886715540365,0.01843756277376539,3.687512554753078e-05,172.5044335777018,17.25044335777018
27,44,0.125,0.2,0.1,0.01,0.002,0.01177329570055008,0.003151579885982962,0.03151579885982962,0.15508652730728506,0.02032142920924711,4.064285841849422e-05,775.4326365364253,77.54326365364253
27,45,0.125,0.2,0.1,0.015848931924611134,0.002,0.011685237288475037,0.003128854504325465,0.03128854504325465,0.1540540155034103,0.020310113268395796,4.062022653679159e-05,770.2700775170515,77.02700775170514
27,46,0.125,0.2,0.1,0.025118864315095794,0.002,0.01154567301273346,0.003092845186161695,0.03092845186161695,0.15241559766229615,0.020292182910402932,4.058436582080587e-05,762.0779883114807,76.20779883114807
27,47,0.125,0.2,0.1,0.039810717055349734,0.002,0.01132453978061676,0.0030358131099280164,0.030358131099280164,0.14981471075103828,0.0202637851430553,4.05275702861106e-05,749.0735537551914,74.90735537551913
27,48,0.125,0.2,0.1,0.06309573444801933,0.002,0.010974571108818054,0.0029456007862360147,0.02945600786236015,0.14568574630122125,0.020218867397951635,4.043773479590327e-05,728.4287315061063,72.84287315061061
27,49,0.125,0.2,0.1,0.1,0.002,0.010422393679618835,0.0028033838756022725,0.028033838756022725,0.13913915414129904,0.020148058919169307,4.029611783833862e-05,695.695770706495,69.5695770706495
27,50,0.125,0.2,0.1,0.15848931924611143,0.002,0.00955820083618164,0.0025810709138090826,0.025810709138090828,0.1288128138973061,0.020037376994704887,4.0074753989409776e-05,644.0640694865303,64.40640694865303
27,51,0.125,0.2,0.1,0.25118864315095807,0.002,0.00823262333869934,0.002240627266425489,0.022406272664254892,0.11277632133020375,0.0198678875139493,3.97357750278986e-05,563.8816066510187,56.38816066510187
27,52,0.125,0.2,0.1,0.3981071705534973,0.002,0.0062905848026275635,0.001742950327223304,0.01742950327223304,0.08883497419419122,0.019620091557782802,3.92401831155656e-05,444.1748709709561,44.41748709709561
27,53,0.125,0.2,0.1,0.6309573444801934,0.002,0.003690853714942932,0.001078801850782298,0.01078801850782298,0.05592809953139484,0.019289084732384304,3.857816946476861e-05,279.6404976569742,27.96404976569742
27,54,0.125,0.2,0.1,1.0,0.002,0.0006748251616954803,0.0003133318392505595,0.003133318392505595,0.01657582837961601,0.018902936979962752,3.780587395992551e-05,82.87914189808002,8.287914189808003
28,29,0.125,0.125,0.15848931924611143,0.25118864315095807,0.002,0.0008284859359264374,0.00021294349167070577,0.002129434916707058,0.011506893608324851,0.018505732208790763,3.701146441758153e-05,57.53446804162426,5.753446804162426
28,30,0.125,0.125,0.15848931924611143,0.3981071705534973,0.002,0.0020422600209712982,0.0005243713125091859,0.005243713125091859,0.02857452217690429,0.018351008960458333,3.6702017920916665e-05,142.87261088452144,14.287261088452142
28,31,0.125,0.125,0.15848931924611143,0.6309573444801934,0.002,0.0036670900881290436,0.0009405629513277783,0.009405629513277784,0.05183787401918651,0.01814431955638559,3.628863911277118e-05,259.1893700959326,25.918937009593257
28,32,0.125,0.125,0.15848931924611143,1.0,0.002,0.00556434690952301,0.0014263263350711673,0.014263263350711671,0.07966889055234067,0.01790317808096126,3.580635616192252e-05,398.34445276170334,39.83444527617034
28,33,0.125,0.1625,0.15848931924611143,0.01,0.002,0.006848927587270737,0.001823588485116866,0.01823588485116866,0.09341919734560716,0.019520489759406144,3.904097951881229e-05,467.0959867280357,46.70959867280357
28,34,0.125,0.1625,0.15848931924611143,0.015848931924611134,0.002,0.006777379661798477,0.001805122400658298,0.01805122400658298,0.09251676809025469,0.019511299820777477,3.902259964155496e-05,462.58384045127343,46.25838404512734
28,35,0.125,0.1625,0.15848931924611143,0.025118864315095794,0.002,0.0066639818251132965,0.0017758617232654268,0.017758617232654268,0.0910850690196217,0.019496737965723758,3.8993475931447516e-05,455.4253450981084,45.542534509810835
28,36,0.125,0.1625,0.15848931924611143,0.039810717055349734,0.002,0.006484311074018478,0.0017295182466202244,0.017295182466202243,0.08881314035666796,0.019473675175481785,3.894735035096357e-05,444.06570178333976,44.40657017833398
28,37,0.125,0.1625,0.15848931924611143,0.06309573444801933,0.002,0.0061999596655368805,0.0016562135562848796,0.016562135562848797,0.08520845999867448,0.01943719621632223,3.8874392432644466e-05,426.04229999337235,42.60422999933723
28,38,0.125,0.1625,0.15848931924611143,0.1,0.002,0.005751315504312515,0.0015406509737363589,0.015406509737363589,0.07949822426724754,0.019379690401098576,3.8759380802197154e-05,397.49112133623765,39.74911213362376
28,39,0.125,0.1625,0.15848931924611143,0.15848931924611143,0.002,0.00504915788769722,0.0013600070573566755,0.013600070573566755,0.07050394040371805,0.019289802095727338,3.857960419145468e-05,352.5197020185902,35.25197020185902
28,40,0.125,0.1625,0.15848931924611143,0.25118864315095807,0.002,0.003972131758928299,0.001083393278592236,0.010833932785922361,0.05656769910640342,0.01915215389182405,3.83043077836481e-05,282.8384955320171,28.28384955320171
28,41,0.125,0.1625,0.15848931924611143,0.3981071705534973,0.002,0.002394217997789383,0.0006791923709672013,0.006791923709672013,0.03583956818294766,0.01895090832289544,3.7901816645790876e-05,179.1978409147383,17.91978409147383
28,42,0.125,0.1625,0.15848931924611143,0.6309573444801934,0.002,0.0003018677234649658,0.00014506789595972598,0.00145067895959726,0.007765082995453518,0.018682079257190648,3.73641585143813e-05,38.825414977267585,3.8825414977267583
28,43,0.125,0.1625,0.15848931924611143,1.0,0.002,0.002184491604566574,0.0004976658844079633,0.004976658844079634,0.027093507258463507,0.018368455573521285,3.673691114704257e-05,135.46753629231753,13.546753629231752
28,44,0.125,0.2,0.15848931924611143,0.01,0.002,0.012313414365053177,0.0032905499892643035,0.032905499892643034,0.1624776649216577,0.020252322009003003,4.050464401800601e-05,812.3883246082885,81.23883246082885
28,45,0.125,0.2,0.15848931924611143,0.015848931924611134,0.002,0.012225355952978134,0.0032678238265040653,0.032678238265040654,0.16144572139849506,0.02024100606815169,4.0482012136303386e-05,807.2286069924751,80.7228606992475
28,46,0.125,0.2,0.15848931924611143,0.025118864315095794,0.002,0.012085791677236557,0.003231813231219644,0.03231813231219644,0.1598081952289869,0.020223075710158828,4.0446151420317655e-05,799.0409761449343,79.90409761449344
28,47,0.125,0.2,0.15848931924611143,0.039810717055349734,0.002,0.011864658445119858,0.0031747790263301633,0.031747790263301635,0.15720869802037654,0.02019467794281119,4.0389355885622386e-05,786.0434901018826,78.60434901018826
28,48,0.125,0.2,0.15848931924611143,0.06309573444801933,0.002,0.011514689773321152,0.0030845630510289743,0.030845630510289743,0.15308187396591996,0.020149760197707527,4.0299520395415055e-05,765.4093698295999,76.54093698295998
28,49,0.125,0.2,0.15848931924611143,0.1,0.002,0.010962512344121933,0.002942339579169393,0.02942339579169393,0.14653850561312534,0.0200789517189252,4.01579034378504e-05,732.6925280656268,73.26925280656268
28,50,0.125,0.2,0.15848931924611143,0.15848931924611143,0.002,0.010098319500684738,0.002720013915916126,0.027200139159161255,0.1362168051570828,0.01996826979446078,3.993653958892156e-05,681.0840257854139,68.1084025785414
28,51,0.125,0.2,0.15848931924611143,0.25118864315095807,0.002,0.008772742003202438,0.0023795425127204617,0.023795425127204617,0.1201863182992785,0.019798780313705192,3.959756062741039e-05,600.9315914963926,60.093159149639256
28,52,0.125,0.2,0.15848931924611143,0.3981071705534973,0.002,0.006830703467130661,0.0018817908733038903,0.018817908733038905,0.09625044135326556,0.019550984357538694,3.910196871507739e-05,481.2522067663278,48.12522067663278
28,53,0.125,0.2,0.15848931924611143,0.6309573444801934,0.002,0.00423097237944603,0.0012173395400522364,0.012173395400522364,0.06333719891277532,0.019219977532140196,3.843995506428039e-05,316.6859945638767,31.66859945638767
28,54,0.125,0.2,0.15848931924611143,1.0,0.002,0.0011953674256801605,0.00044740220164927097,0.004474022016492709,0.023755242926271933,0.018833829779718644,3.766765955943729e-05,118.77621463135965,11.877621463135965
29,30,0.125,0.125,0.25118864315095807,0.3981071705534973,0.002,0.0012137740850448608,0.00031142790130743133,0.0031142790130743135,0.01706904812508688,0.01824518268536115,3.6490365370722296e-05,85.34524062543441,8.53452406254344
29,31,0.125,0.125,0.25118864315095807,0.6309573444801934,0.002,0.002838604152202606,0.0007276197254216643,0.007276197254216643,0.040337056652976384,0.018038493281288405,3.607698656257681e-05,201.68528326488195,20.168528326488197
29,32,0.125,0.125,0.25118864315095807,1.0,0.002,0.004735860973596573,0.0012133832673499542,0.012133832673499542,0.06817774242964364,0.017797351805864076,3.559470361172815e-05,340.88871214821825,34.08887121482182
29,33,0.125,0.1625,0.25118864315095807,0.01,0.002,0.007677413523197174,0.0020364650757093263,0.020364650757093265,0.10489314313148972,0.01941466348430896,3.882932696861792e-05,524.4657156574485,52.44657156574485
29,34,0.125,0.1625,0.25118864315095807,0.015848931924611134,0.002,0.0076058655977249146,0.002017997823688455,0.020179978236884548,0.10399116614897894,0.019405473545680292,3.881094709136059e-05,519.9558307448947,51.99558307448947
29,35,0.125,0.1625,0.25118864315095807,0.025118864315095794,0.002,0.007492467761039734,0.001988735217620624,0.019887352176206238,0.10256017093729348,0.019390911690626574,3.8781823381253146e-05,512.8008546864673,51.28008546864674
29,36,0.125,0.1625,0.25118864315095807,0.039810717055349734,0.002,0.007312797009944916,0.0019423884716110152,0.019423884716110153,0.10028932389969461,0.0193678489003846,3.87356978007692e-05,501.44661949847307,50.144661949847304
29,37,0.125,0.1625,0.25118864315095807,0.06309573444801933,0.002,0.007028445601463318,0.0018690780144836354,0.018690780144836352,0.0966862679761634,0.019331369941225047,3.86627398824501e-05,483.431339880817,48.3431339880817
29,38,0.125,0.1625,0.25118864315095807,0.1,0.002,0.006579801440238953,0.0017535045679895778,0.017535045679895778,0.09097836098284068,0.01927386412600139,3.8547728252002785e-05,454.8918049142034,45.48918049142034
29,39,0.125,0.1625,0.25118864315095807,0.15848931924611143,0.002,0.005877643823623657,0.001572837761803908,0.01572837761803908,0.08198705922640408,0.019183975820630153,3.836795164126031e-05,409.9352961320203,40.993529613202035
29,40,0.125,0.1625,0.25118864315095807,0.25118864315095807,0.002,0.004800617694854736,0.0012961649416681612,0.012961649416681612,0.06805327345781048,0.019046327616726866,3.809265523345373e-05,340.2663672890524,34.026636728905245
29,41,0.125,0.1625,0.25118864315095807,0.3981071705534973,0.002,0.0032227039337158203,0.0008917296664870676,0.008917296664870678,0.047318959091040516,0.018845082047798254,3.7690164095596506e-05,236.59479545520261,23.65947954552026
29,42,0.125,0.1625,0.25118864315095807,0.6309573444801934,0.002,0.0011104270815849304,0.000352844201484604,0.0035284420148460403,0.01899436887647511,0.018576252982093464,3.715250596418693e-05,94.97184438237555,9.497184438237554
29,43,0.125,0.1625,0.25118864315095807,1.0,0.002,0.0013560056686401367,0.00028667409629639523,0.0028667409629639525,0.015697306867042012,0.0182626292984241,3.65252585968482e-05,78.48653433521005,7.848653433521005
29,44,0.125,0.2,0.25118864315095807,0.01,0.002,0.013141900300979614,0.0035034082389379445,0.035034082389379446,0.1738966560344207,0.02014649573390582,4.029299146781164e-05,869.4832801721036,86.94832801721036
29,45,0.125,0.2,0.25118864315095807,0.015848931924611134,0.002,0.013053841888904572,0.0034806810289508675,0.034806810289508675,0.17286565427896028,0.020135179793054507,4.0270359586109016e-05,864.3282713948014,86.43282713948014
29,46,0.125,0.2,0.25118864315095807,0.025118864315095794,0.002,0.012914277613162994,0.00344466872385038,0.0344466872385038,0.17122960745551968,0.020117249435061643,4.0234498870123286e-05,856.1480372775983,85.61480372775983
29,47,0.125,0.2,0.25118864315095807,0.039810717055349734,0.002,0.012693144381046295,0.0033876316755207425,0.03387631675520743,0.16863242018782026,0.020088851667714007,4.0177703335428017e-05,843.1621009391014,84.31621009391013
29,48,0.125,0.2,0.25118864315095807,0.06309573444801933,0.002,0.012343175709247589,0.003297410840998778,0.03297410840998778,0.1645091654028638,0.020043933922610342,4.0087867845220686e-05,822.5458270143191,82.25458270143191
29,49,0.125,0.2,0.25118864315095807,0.1,0.002,0.01179099828004837,0.0031551786949397466,0.03155178694939747,0.15797120504816853,0.019973125443828014,3.994625088765603e-05,789.8560252408425,78.98560252408424
29,50,0.125,0.2,0.25118864315095807,0.15848931924611143,0.002,0.010926805436611176,0.0029328364337981626,0.029328364337981624,0.1476573831884775,0.019862443519363594,3.972488703872719e-05,738.2869159423876,73.82869159423878
29,51,0.125,0.2,0.25118864315095807,0.25118864315095807,0.002,0.009601227939128876,0.0025923295445554155,0.025923295445554155,0.1316374140453056,0.019692954038608008,3.938590807721602e-05,658.187070226528,65.8187070226528
29,52,0.125,0.2,0.25118864315095807,0.3981071705534973,0.002,0.007659189403057098,0.002094486591995667,0.02094486591995667,0.10771250010494571,0.01944515808244151,3.889031616488302e-05,538.5625005247285,53.85625005247285
29,53,0.125,0.2,0.25118864315095807,0.6309573444801934,0.002,0.005059458315372467,0.001429703573485793,0.01429703573485793,0.07479817200666906,0.01911415125704301,3.822830251408602e-05,373.99086003334537,37.39908600333454
29,54,0.125,0.2,0.25118864315095807,1.0,0.002,0.002023853361606598,0.0006567328636293638,0.006567328636293638,0.03506689132492439,0.01872800350462146,3.745600700924292e-05,175.33445662462194,17.533445662462196
30,31,0.125,0.125,0.3981071705534973,0.6309573444801934,0.002,0.0016248300671577454,0.0004161919462613266,0.004161919462613266,0.023272047532168754,0.017883770032955975,3.576754006591195e-05,116.36023766084377,11.636023766084376
30,32,0.125,0.125,0.3981071705534973,1.0,0.002,0.003522086888551712,0.0009019555932233295,0.009019555932233294,0.05112365146055768,0.017642628557531646,3.5285257115063295e-05,255.6182573027884,25.56182573027884
30,33,0.125,0.1625,0.3981071705534973,0.01,0.002,0.008891187608242035,0.0023478097107349806,0.023478097107349806,0.12190119397927303,0.019259940235976526,3.851988047195305e-05,609.5059698963653,60.95059698963653
30,34,0.125,0.1625,0.3981071705534973,0.015848931924611134,0.002,0.008819639682769775,0.002329341260061007,0.02329341260061007,0.12100002462667213,0.01925075029734786,3.850150059469572e-05,605.0001231333607,60.50001231333607
30,35,0.125,0.1625,0.3981071705534973,0.025118864315095794,0.002,0.008706241846084595,0.0023000766820915237,0.023000766820915237,0.11957029267993659,0.01923618844229414,3.847237688458828e-05,597.8514633996829,59.785146339968286
30,36,0.125,0.1625,0.3981071705534973,0.039810717055349734,0.002,0.008526571094989777,0.002253726615526675,0.022537266155266748,0.11730140406831474,0.01921312565205217,3.842625130410434e-05,586.5070203415737,58.650702034157376
30,37,0.125,0.1625,0.3981071705534973,0.06309573444801933,0.002,0.008242219686508179,0.002180410367713937,0.02180410367713937,0.11370133697681649,0.019176646692892617,3.8353293385785234e-05,568.5066848840825,56.85066848840824
30,38,0.125,0.1625,0.3981071705534973,0.1,0.002,0.0077935755252838135,0.0020648262299287025,0.020648262299287026,0.10799785634407907,0.019119140877668965,3.823828175533793e-05,539.9892817203953,53.998928172039534
30,39,0.125,0.1625,0.3981071705534973,0.15848931924611143,0.002,0.007091417908668518,0.0018841377295791709,0.01884137729579171,0.09901270280694305,0.01902925257229772,3.805850514459544e-05,495.06351403471535,49.506351403471534
30,40,0.125,0.1625,0.3981071705534973,0.25118864315095807,0.002,0.006014391779899597,0.0016074131195085628,0.016074131195085627,0.08508610958409424,0.018891604368394436,3.7783208736788875e-05,425.4305479204712,42.54305479204713
30,41,0.125,0.1625,0.3981071705534973,0.3981071705534973,0.002,0.004436478018760681,0.0012028083418487744,0.012028083418487743,0.06435448108589285,0.018690358799465824,3.738071759893165e-05,321.77240542946424,32.17724054294642
30,42,0.125,0.1625,0.3981071705534973,0.6309573444801934,0.002,0.0023242011666297913,0.0006626233955358801,0.0066262339553588,0.03597005271074171,0.018421529733761034,3.6843059467522065e-05,179.85026355370854,17.985026355370856
30,43,0.125,0.1625,0.3981071705534973,1.0,0.002,0.00014223158359527588,5.851693857696775e-05,0.0005851693857696775,0.0032315684881008924,0.018107906050091667,3.6215812100183336e-05,16.157842440504464,1.6157842440504466
30,44,0.125,0.2,0.3981071705534973,0.01,0.002,0.014355674386024475,0.003814719736138289,0.03814719736138289,0.1908144832526028,0.019991772485573392,3.998354497114678e-05,954.0724162630139,95.4072416263014
30,45,0.125,0.2,0.3981071705534973,0.015848931924611134,0.002,0.014267615973949432,0.0037919912626627433,0.03791991262662743,0.1897850158816523,0.019980456544722077,3.996091308944415e-05,948.9250794082616,94.89250794082616
30,46,0.125,0.2,0.3981071705534973,0.025118864315095794,0.002,0.014128051698207855,0.0037559768982723665,0.03755976898272367,0.18815138240215729,0.01996252618672921,3.992505237345842e-05,940.7569120107864,94.07569120107864
30,47,0.125,0.2,0.3981071705534973,0.039810717055349734,0.002,0.013906918466091156,0.0036989364348313566,0.03698936434831357,0.1855579715858031,0.01993412841938158,3.986825683876316e-05,927.7898579290154,92.77898579290154
30,48,0.125,0.2,0.3981071705534973,0.06309573444801933,0.002,0.01355694979429245,0.0036087097916769643,0.036087097916769645,0.18144057352381485,0.019889210674277916,3.977842134855583e-05,907.2028676190741,90.7202867619074
30,49,0.125,0.2,0.3981071705534973,0.1,0.002,0.013004772365093231,0.0034664673605135036,0.03466467360513504,0.17491154565938613,0.019818402195495584,3.963680439099117e-05,874.5577282969305,87.45577282969305
30,50,0.125,0.2,0.3981071705534973,0.15848931924611143,0.002,0.012140579521656036,0.0032441057014677577,0.032441057014677574,0.1646109066321762,0.019707720271031168,3.941544054206234e-05,823.0545331608809,82.30545331608809
30,51,0.125,0.2,0.3981071705534973,0.25118864315095807,0.002,0.010815002024173737,0.0029035584491374504,0.029035584491374507,0.14860907726520398,0.019538230790275578,3.9076461580551155e-05,743.0453863260199,74.30453863260198
30,52,0.125,0.2,0.3981071705534973,0.3981071705534973,0.002,0.00887296348810196,0.0024056171671180925,0.024056171671180925,0.12470518097728482,0.019290434834109083,3.858086966821816e-05,623.5259048864241,62.35259048864241
30,53,0.125,0.2,0.3981071705534973,0.6309573444801934,0.002,0.006273232400417328,0.0017405195569296424,0.017405195569296424,0.09180232421199577,0.01895942800871058,3.7918856017421164e-05,459.0116210599789,45.90116210599789
30,54,0.125,0.2,0.3981071705534973,1.0,0.002,0.0032376274466514587,0.000965690210750065,0.009656902107500651,0.05199351958430048,0.01857328025628903,3.7146560512578056e-05,259.96759792150243,25.99675979215024
31,32,0.125,0.125,0.6309573444801934,1.0,0.002,0.0018972568213939667,0.0004857636697287636,0.004857636697287636,0.027859908517310857,0.017435939153458903,3.487187830691781e-05,139.29954258655428,13.92995425865543
31,33,0.125,0.1625,0.6309573444801934,0.01,0.002,0.01051601767539978,0.0027639105500002793,0.027639105500002793,0.14506241346344106,0.019053250831903783,3.8106501663807565e-05,725.3120673172054,72.53120673172054
31,34,0.125,0.1625,0.6309573444801934,0.015848931924611134,0.002,0.01044446974992752,0.002745441071885383,0.02745441071885383,0.14416258629244663,0.019044060893275115,3.808812178655023e-05,720.8129314622333,72.08129314622335
31,35,0.125,0.1625,0.6309573444801934,0.025118864315095794,0.002,0.01033107191324234,0.002716174810241353,0.027161748102413532,0.14273496137685093,0.019029499038221397,3.8058998076442796e-05,713.6748068842546,71.36748068842546
31,36,0.125,0.1625,0.6309573444801934,0.039810717055349734,0.002,0.010151401162147522,0.0026698219259744266,0.026698219259744266,0.14046935949174877,0.019006436247979427,3.801287249595885e-05,702.3467974587438,70.23467974587439
31,37,0.125,0.1625,0.6309573444801934,0.06309573444801933,0.002,0.009867049753665924,0.0025965008171755515,0.025965008171755514,0.13687436284876742,0.018969957288819873,3.793991457763975e-05,684.3718142438371,68.43718142438371
31,38,0.125,0.1625,0.6309573444801934,0.1,0.002,0.009418405592441559,0.0024809078754075373,0.024809078754075373,0.13117854546097035,0.01891245147359622,3.782490294719244e-05,655.8927273048517,65.58927273048516
31,39,0.125,0.1625,0.6309573444801934,0.15848931924611143,0.002,0.008716247975826263,0.002300202139190043,0.023002021391900433,0.122204511608339,0.018822563168224976,3.764512633644995e-05,611.0225580416951,61.102255804169495
31,40,0.125,0.1625,0.6309573444801934,0.25118864315095807,0.002,0.0076392218470573425,0.002023439248898628,0.02023439248898628,0.10829266564832256,0.018684914964321692,3.736982992864339e-05,541.4633282416128,54.14633282416128
31,41,0.125,0.1625,0.6309573444801934,0.3981071705534973,0.002,0.0060613080859184265,0.0016187283579735235,0.016187283579735236,0.08757613671541754,0.01848366939539308,3.696733879078616e-05,437.8806835770877,43.78806835770877
31,42,0.125,0.1625,0.6309573444801934,0.6309573444801934,0.002,0.003949031233787537,0.0010780736299347427,0.010780736299347428,0.05918655395389852,0.01821484032968829,3.642968065937658e-05,295.93276976949267,29.593276976949262
31,43,0.125,0.1625,0.6309573444801934,1.0,0.002,0.0014825984835624695,0.00044827750297627133,0.004482775029762714,0.025041733857567965,0.017901216646018923,3.580243329203785e-05,125.20866928783983,12.520866928783981
31,44,0.125,0.2,0.6309573444801934,0.01,0.002,0.01598050445318222,0.004230771149422276,0.04230771149422276,0.21383641059248878,0.01978508308150065,3.9570166163001295e-05,1069.182052962444,106.9182052962444
31,45,0.125,0.2,0.6309573444801934,0.015848931924611134,0.002,0.015892446041107178,0.004208041371959948,0.04208041371959948,0.21280929132160115,0.019773767140649334,3.9547534281298666e-05,1064.0464566080057,106.40464566080058
31,46,0.125,0.2,0.6309573444801934,0.025118864315095794,0.002,0.0157528817653656,0.004172024886265515,0.04172024886265515,0.2111793558614592,0.019755836782656466,3.9511673565312936e-05,1055.896779307296,105.58967793072958
31,47,0.125,0.2,0.6309573444801934,0.039810717055349734,0.002,0.015531748533248901,0.004114980915244054,0.04114980915244054,0.20859174432376942,0.019727439015308837,3.945487803061767e-05,1042.958721618847,104.2958721618847
31,48,0.125,0.2,0.6309573444801934,0.06309573444801933,0.002,0.015181779861450195,0.00402474833638724,0.0402474833638724,0.20448337289388768,0.019682521270205172,3.936504254041034e-05,1022.4168644694385,102.24168644694385
31,49,0.125,0.2,0.6309573444801934,0.1,0.002,0.014629602432250977,0.0038824954870047383,0.03882495487004738,0.19796820034519083,0.01961171279142284,3.9223425582845685e-05,989.841001725954,98.9841001725954
31,50,0.125,0.2,0.6309573444801934,0.15848931924611143,0.002,0.013765409588813782,0.003660114485042575,0.036601144850425746,0.18768825658566032,0.019501030866958424,3.900206173391685e-05,938.4412829283016,93.84412829283016
31,51,0.125,0.2,0.6309573444801934,0.25118864315095807,0.002,0.012439832091331482,0.003319528152491505,0.03319528152491505,0.17171564782002816,0.019331541386202834,3.866308277240567e-05,858.5782391001408,85.85782391001409
31,52,0.125,0.2,0.6309573444801934,0.3981071705534973,0.002,0.010497793555259705,0.002821497088269482,0.02821497088269482,0.1478481830840535,0.01908374543003634,3.816749086007268e-05,739.2409154202675,73.92409154202676
31,53,0.125,0.2,0.6309573444801934,0.6309573444801934,0.002,0.007898062467575073,0.0021561469808617953,0.021561469808617954,0.11497771212619298,0.018752738604637838,3.750547720927568e-05,574.8885606309649,57.48885606309649
31,54,0.125,0.2,0.6309573444801934,1.0,0.002,0.004862457513809204,0.0013802797587911572,0.01380279758791157,0.07515165824171444,0.018366590852216286,3.673318170443257e-05,375.7582912085722,37.57582912085722
32,33,0.125,0.1625,1.0,0.01,0.002,0.012413274496793747,0.0032495938993237967,0.032495938993237966,0.17273947528933212,0.018812109356479458,3.7624218712958915e-05,863.6973764466605,86.36973764466606
32,34,0.125,0.1625,1.0,0.015848931924611134,0.002,0.012341726571321487,0.0032311237112628084,0.03231123711262809,0.1718415975444377,0.01880291941785079,3.760583883570158e-05,859.2079877221886,85.92079877221886
32,35,0.125,0.1625,1.0,0.025118864315095794,0.002,0.012228328734636307,0.0032018562893729465,0.032018562893729466,0.17041704037573566,0.01878835756279707,3.7576715125594146e-05,852.0852018786782,85.2085201878678
32,36,0.125,0.1625,1.0,0.039810717055349734,0.002,0.012048657983541489,0.0031555014715116962,0.031555014715116965,0.1681562432009716,0.018765294772555098,3.7530589545110194e-05,840.7812160048582,84.07812160048582
32,37,0.125,0.1625,1.0,0.06309573444801933,0.002,0.01176430657505989,0.0030821770524520147,0.030821770524520148,0.16456870969105944,0.018728815813395545,3.745763162679109e-05,822.8435484552972,82.28435484552972
32,38,0.125,0.1625,1.0,0.1,0.002,0.011315662413835526,0.0029665781992886317,0.029665781992886317,0.15888430964828335,0.01867130999817189,3.734261999634378e-05,794.4215482414169,79.44215482414168
32,39,0.125,0.1625,1.0,0.15848931924611143,0.002,0.01061350479722023,0.0027858611978877597,0.0278586119788776,0.14992723613646522,0.01858142169280065,3.71628433856013e-05,749.636180682326,74.96361806823259
32,40,0.125,0.1625,1.0,0.25118864315095807,0.002,0.00953647866845131,0.0025090746217088697,0.0250907462170887,0.13603911494680102,0.018443773488897364,3.688754697779473e-05,680.195574734005,68.01955747340051
32,41,0.125,0.1625,1.0,0.3981071705534973,0.002,0.007958564907312393,0.0021043055445999,0.021043055445999,0.11535164171498795,0.018242527919968752,3.6485055839937506e-05,576.7582085749398,57.67582085749397
32,42,0.125,0.1625,1.0,0.6309573444801934,0.002,0.005846288055181503,0.0015634638103283302,0.0156346381032833,0.0869862026178003,0.01797369885426396,3.594739770852792e-05,434.93101308900157,43.49310130890016
32,43,0.125,0.1625,1.0,1.0,0.002,0.003379855304956436,0.0009325322496446698,0.009325322496446698,0.052804545883100705,0.017660075170594598,3.53201503411892e-05,264.0227294155035,26.402272941550343
32,44,0.125,0.2,1.0,0.01,0.002,0.017877761274576187,0.004716397448393259,0.047163974483932586,0.24132273537528912,0.019543941606076316,3.908788321215263e-05,1206.6136768764459,120.66136768764459
32,45,0.125,0.2,1.0,0.015848931924611134,0.002,0.017789702862501144,0.004693666575373914,0.04693666575373914,0.24029880343892032,0.019532625665225005,3.906525133045001e-05,1201.4940171946018,120.14940171946017
32,46,0.125,0.2,1.0,0.025118864315095794,0.002,0.017650138586759567,0.00465764831022326,0.0465764831022326,0.2386738935399692,0.01951469530723214,3.9029390614464285e-05,1193.3694676998457,119.33694676998456
32,47,0.125,0.2,1.0,0.039810717055349734,0.002,0.017429005354642868,0.0046006014039657785,0.04600601403965779,0.2360941782064694,0.019486297539884505,3.897259507976901e-05,1180.470891032347,118.0470891032347
32,48,0.125,0.2,1.0,0.06309573444801933,0.002,0.017079036682844162,0.004510363879033245,0.045103638790332454,0.23199813627652496,0.01944137979478084,3.888275958956168e-05,1159.990681382625,115.99906813826252
32,49,0.125,0.2,1.0,0.1,0.002,0.016526859253644943,0.004368102413240285,0.04368102413240285,0.22550199175759927,0.01937057131599851,3.874114263199703e-05,1127.5099587879963,112.75099587879963
32,50,0.125,0.2,1.0,0.15848931924611143,0.002,0.01566266641020775,0.0041457056302506325,0.041457056302506325,0.21525074967839247,0.019259889391534092,3.851977878306819e-05,1076.2537483919625,107.62537483919625
32,51,0.125,0.2,1.0,0.25118864315095807,0.002,0.014337088912725449,0.003805088230672907,0.03805088230672907,0.1993194615333616,0.019090399910778506,3.818079982155701e-05,996.5973076668082,99.65973076668082
32,52,0.125,0.2,1.0,0.3981071705534973,0.002,0.012395050376653671,0.0033069893878066056,0.03306989387806605,0.17550596487473114,0.018842603954612007,3.768520790922401e-05,877.5298243736559,87.75298243736559
32,53,0.125,0.2,1.0,0.6309573444801934,0.002,0.00979531928896904,0.0026414685034109498,0.026414685034109497,0.14269263127179863,0.01851159712921351,3.702319425842702e-05,713.4631563589932,71.34631563589933
32,54,0.125,0.2,1.0,1.0,0.002,0.006759714335203171,0.0018650646186545129,0.01865064618654513,0.10289756573111859,0.018125449376791957,3.625089875358391e-05,514.487828655593,51.448782865559295
33,34,0.1625,0.1625,0.01,0.015848931924611134,0.002,7.154792547225952e-05,1.847141453761045e-05,0.0001847141453761045,0.0009045644219453156,0.02042023109629567,4.084046219259134e-05,4.522822109726579,0.45228221097265775
33,35,0.1625,0.1625,0.01,0.025118864315095794,0.002,0.00018494576215744019,4.774084771068576e-05,0.00047740847710685757,0.002339587452206498,0.02040566924124195,4.08113384824839e-05,11.69793726103249,1.169793726103249
33,36,0.1625,0.1625,0.01,0.039810717055349734,0.002,0.0003646165132522583,9.409904031345995e-05,0.0009409904031345995,0.004616634312185497,0.020382606450999978,4.076521290199996e-05,23.083171560927482,2.3083171560927482
33,37,0.1625,0.1625,0.01,0.06309573444801933,0.002,0.0006489679217338562,0.00016742927488103628,0.0016742927488103629,0.008229048743952961,0.020346127491840428,4.069225498368086e-05,41.1452437197648,4.11452437197648
33,38,0.1625,0.1625,0.01,0.1,0.002,0.0010976120829582214,0.00028303855371827587,0.0028303855371827587,0.013950605330892735,0.020288621676616773,4.057724335323355e-05,69.75302665446368,6.9753026654463675
33,39,0.1625,0.1625,0.01,0.15848931924611143,0.002,0.0017997696995735168,0.0004637752858187369,0.004637752858187369,0.022960612296559005,0.02019873337124553,4.0397466742491065e-05,114.80306148279502,11.480306148279503
33,40,0.1625,0.1625,0.01,0.25118864315095807,0.002,0.0028767958283424377,0.0007406017264411884,0.007406017264411883,0.036917331254184865,0.020061085167342244,4.012217033468449e-05,184.58665627092435,18.458665627092437
33,41,0.1625,0.1625,0.01,0.3981071705534973,0.002,0.004454709589481354,0.00114545772343568,0.0114545772343568,0.057677088365163685,0.019859839598413635,3.971967919682727e-05,288.3854418258184,28.83854418258184
33,42,0.1625,0.1625,0.01,0.6309573444801934,0.002,0.006566986441612244,0.001686505701267441,0.01686505701267441,0.08608569213168854,0.01959101053270884,3.9182021065417685e-05,430.4284606584427,43.04284606584427
33,43,0.1625,0.1625,0.01,1.0,0.002,0.00903341919183731,0.002317997591892497,0.023179975918924966,0.120244388414501,0.019277386849039478,3.8554773698078956e-05,601.221942072505,60.12219420725051
33,44,0.1625,0.2,0.01,0.01,0.002,0.00546448677778244,0.0014669764892630132,0.014669764892630131,0.06932370543176007,0.0211612532845212,4.23225065690424e-05,346.61852715880036,34.66185271588004
33,45,0.1625,0.2,0.01,0.015848931924611134,0.002,0.0053764283657073975,0.001444252594829076,0.01444252594829076,0.06828637699304278,0.021149937343669885,4.229987468733977e-05,341.43188496521395,34.1431884965214
33,46,0.1625,0.2,0.01,0.025118864315095794,0.002,0.00523686408996582,0.001408246063252303,0.014082460632523032,0.06664043146525518,0.02113200698567702,4.226401397135404e-05,333.2021573262759,33.32021573262759
33,47,0.1625,0.2,0.01,0.039810717055349734,0.002,0.005015730857849121,0.0013512196226427703,0.013512196226427702,0.06402789251182579,0.021103609218329388,4.220721843665878e-05,320.13946255912896,32.0139462559129
33,48,0.1625,0.2,0.01,0.06309573444801933,0.002,0.004665762186050415,0.0012610199221738862,0.012610199221738864,0.05988120979772948,0.021058691473225723,4.211738294645145e-05,299.4060489886474,29.940604898864734
33,49,0.1625,0.2,0.01,0.1,0.002,0.004113584756851196,0.0011188355485799314,0.011188355485799314,0.05330864236646196,0.020987882994443395,4.197576598888679e-05,266.54321183230974,26.654321183230973
33,50,0.1625,0.2,0.01,0.15848931924611143,0.002,0.0032493919134140015,0.0008966259531579372,0.008966259531579372,0.04294761305179306,0.020877201069978975,4.175440213995795e-05,214.73806525896532,21.47380652589653
33,51,0.1625,0.2,0.01,0.25118864315095807,0.002,0.0019238144159317017,0.0005566673996602031,0.005566673996602031,0.026882130227750583,0.02070771158922339,4.141542317844678e-05,134.4106511387529,13.44106511387529
33,52,0.1625,0.2,0.01,0.3981071705534973,0.002,0.00012237578630447388,7.37032988287666e-05,0.0007370329882876661,0.0036023266249292293,0.02045991563305689,4.091983126611378e-05,18.011633124646146,1.8011633124646145
33,53,0.1625,0.2,0.01,0.6309573444801934,0.002,0.002617955207824707,0.000611463235495761,0.00611463235495761,0.03037736627149502,0.020128908807658392,4.0257817615316784e-05,151.88683135747507,15.188683135747509
33,54,0.1625,0.2,0.01,1.0,0.002,0.005653560161590576,0.001387659033739348,0.013876590337393479,0.07028697910372907,0.01974276105523684,3.948552211047368e-05,351.4348955186453,35.14348955186453
34,35,0.1625,0.1625,0.015848931924611134,0.025118864315095794,0.002,0.00011339783668518066,2.9269433271826532e-05,0.00029269433271826535,0.0014350238017831053,0.020396479302613284,4.079295860522657e-05,7.175119008915527,0.7175119008915526
34,36,0.1625,0.1625,0.015848931924611134,0.039810717055349734,0.002,0.0002930685877799988,7.562762626776004e-05,0.0007562762626776003,0.003712073830220709,0.02037341651237131,4.074683302474262e-05,18.56036915110355,1.856036915110355
34,37,0.1625,0.1625,0.015848931924611134,0.06309573444801933,0.002,0.0005774199962615967,0.00014895786201874628,0.0014895786201874629,0.007324498176237049,0.02033693755321176,4.067387510642352e-05,36.62249088118524,3.662249088118524
34,38,0.1625,0.1625,0.015848931924611134,0.1,0.002,0.001026064157485962,0.000264567143928321,0.00264567143928321,0.013046082718024344,0.020279431737988105,4.0558863475976213e-05,65.23041359012171,6.523041359012171
34,39,0.1625,0.1625,0.015848931924611134,0.15848931924611143,0.002,0.0017282217741012573,0.00044530388334003055,0.004453038833400306,0.022056164114173462,0.020189543432616863,4.037908686523373e-05,110.2808205708673,11.02808205708673
34,40,0.1625,0.1625,0.015848931924611134,0.25118864315095807,0.002,0.0028052479028701782,0.0007221303395065279,0.007221303395065279,0.03601307164583943,0.020051895228713576,4.010379045742715e-05,180.06535822919716,18.006535822919716
34,41,0.1625,0.1625,0.015848931924611134,0.3981071705534973,0.002,0.004383161664009094,0.0011269863654195143,0.011269863654195144,0.05677327365777118,0.019850649659784968,3.9701299319569935e-05,283.86636828885594,28.38663682888559
34,42,0.1625,0.1625,0.015848931924611134,0.6309573444801934,0.002,0.006495438516139984,0.001668034386181166,0.01668034386181166,0.08518280402821345,0.019581820594080174,3.916364118816035e-05,425.9140201410673,42.59140201410673
34,43,0.1625,0.1625,0.015848931924611134,1.0,0.002,0.008961871266365051,0.0022995263146497044,0.022995263146497042,0.11934309812908574,0.01926819691041081,3.853639382082162e-05,596.7154906454288,59.67154906454288
34,44,0.1625,0.2,0.015848931924611134,0.01,0.002,0.0055360347032547,0.0014854397103702451,0.014854397103702451,0.07022670488828216,0.021152063345892532,4.230412669178507e-05,351.1335244414108,35.11335244414108
34,45,0.1625,0.2,0.015848931924611134,0.015848931924611134,0.002,0.005447976291179657,0.0014627155576803622,0.014627155576803622,0.06918939664978746,0.021140747405041217,4.228149481008244e-05,345.9469832489374,34.59469832489374
34,46,0.1625,0.2,0.015848931924611134,0.025118864315095794,0.002,0.00530841201543808,0.0014267085894793961,0.014267085894793963,0.06754348088617095,0.021122817047048353,4.224563409409671e-05,337.71740443085474,33.77174044308547
34,47,0.1625,0.2,0.015848931924611134,0.039810717055349734,0.002,0.005087278783321381,0.0013696813798287132,0.013696813798287133,0.06493098300870341,0.02109441927970072,4.2188838559401445e-05,324.65491504351706,32.465491504351704
34,48,0.1625,0.2,0.015848931924611134,0.06309573444801933,0.002,0.0047373101115226746,0.0012794802304804435,0.012794802304804434,0.06078434818883876,0.021049501534597056,4.2099003069194114e-05,303.9217409441938,30.392174094419385
34,49,0.1625,0.2,0.015848931924611134,0.1,0.002,0.004185132682323456,0.0011372927826102275,0.011372927826102277,0.05421180335611998,0.020978693055814727,4.1957386111629457e-05,271.05901678059985,27.105901678059983
34,50,0.1625,0.2,0.015848931924611134,0.15848931924611143,0.002,0.003320939838886261,0.0009150749914350117,0.009150749914350116,0.043850608746335264,0.020868011131350308,4.1736022262700616e-05,219.25304373167634,21.925304373167638
34,51,0.1625,0.2,0.015848931924611134,0.25118864315095807,0.002,0.001995362341403961,0.0005750791153324625,0.005750791153324625,0.027783584018230546,0.02069852165059472,4.139704330118945e-05,138.91792009115272,13.891792009115273
34,52,0.1625,0.2,0.015848931924611134,0.3981071705534973,0.002,0.000154886394739151,8.866605981141092e-05,0.0008866605981141091,0.00433559479190354,0.020450725694428223,4.090145138885645e-05,21.677973959517697,2.1677973959517702
34,53,0.1625,0.2,0.015848931924611134,0.6309573444801934,0.002,0.0025464072823524475,0.0005930569899037885,0.005930569899037886,0.02947640539931604,0.020119718869029725,4.023943773805945e-05,147.3820269965802,14.738202699658018
34,54,0.1625,0.2,0.015848931924611134,1.0,0.002,0.005582012236118317,0.0013692021556640838,0.01369202155664084,0.06938440830467506,0.019733571116608173,3.946714223321635e-05,346.9220415233753,34.692204152337524
35,36,0.1625,0.1625,0.025118864315095794,0.039810717055349734,0.002,0.00017967075109481812,4.635819342632946e-05,0.0004635819342632946,0.0022770531155428685,0.020358854657317592,4.071770931463518e-05,11.385265577714343,1.1385265577714343
35,37,0.1625,0.1625,0.025118864315095794,0.06309573444801933,0.002,0.000464022159576416,0.00011968843072039786,0.0011968843072039785,0.005889490111692309,0.020322375698158042,4.0644751396316084e-05,29.447450558461536,2.944745055846154
35,38,0.1625,0.1625,0.025118864315095794,0.1,0.002,0.0009126663208007812,0.0002352977169749259,0.002352977169749259,0.011611114126771509,0.020264869882934387,4.052973976586877e-05,58.055570633857535,5.805557063385753
35,39,0.1625,0.1625,0.025118864315095794,0.15848931924611143,0.002,0.0016148239374160767,0.0004160344671563923,0.004160344671563923,0.020621305925705016,0.020174981577563145,4.034996315512629e-05,103.10652962852507,10.310652962852506
35,40,0.1625,0.1625,0.025118864315095794,0.25118864315095807,0.002,0.0026918500661849976,0.0006928609467223704,0.006928609467223704,0.03457850073169781,0.020037333373659857,4.007466674731972e-05,172.89250365848903,17.289250365848904
35,41,0.1625,0.1625,0.025118864315095794,0.3981071705534973,0.002,0.004269763827323914,0.0010977170167288358,0.010977170167288356,0.05533939088871201,0.01983608780473125,3.96721756094625e-05,276.69695444355995,27.669695444356
35,42,0.1625,0.1625,0.025118864315095794,0.6309573444801934,0.002,0.0063820406794548035,0.0016387651033906408,0.01638765103390641,0.0837503671437717,0.019567258739026455,3.913451747805291e-05,418.7518357188585,41.87518357188585
35,43,0.1625,0.1625,0.025118864315095794,1.0,0.002,0.00884847342967987,0.002270257089835388,0.022702570898353883,0.11791316721793357,0.019253635055357092,3.850727011071419e-05,589.5658360896678,58.956583608966774
35,44,0.1625,0.2,0.025118864315095794,0.01,0.002,0.00564943253993988,0.0015146964715014003,0.015146964715014002,0.07165920116707661,0.021137501490838814,4.2275002981677626e-05,358.296005835383,35.82960058353831
35,45,0.1625,0.2,0.025118864315095794,0.015848931924611134,0.002,0.005561374127864838,0.0014919719274134344,0.014919719274134345,0.07062192670244333,0.0211261855499875,4.2252371099975e-05,353.10963351221665,35.31096335122166
35,46,0.1625,0.2,0.025118864315095794,0.025118864315095794,0.002,0.0054218098521232605,0.0014559642981490158,0.014559642981490158,0.06897606102001243,0.021108255191994635,4.221651038398927e-05,344.88030510006206,34.488030510006205
35,47,0.1625,0.2,0.025118864315095794,0.039810717055349734,0.002,0.005200676620006561,0.0013989359260770811,0.013989359260770811,0.06636363320187434,0.021079857424647002,4.2159714849294004e-05,331.8181660093717,33.18181660093717
35,48,0.1625,0.2,0.025118864315095794,0.06309573444801933,0.002,0.004850707948207855,0.0013087325930816335,0.013087325930816334,0.062217083244331214,0.021034939679543337,4.206987935908667e-05,311.08541622165603,31.108541622165607
35,49,0.1625,0.2,0.025118864315095794,0.1,0.002,0.0042985305190086365,0.0011665405369087757,0.011665405369087757,0.055644592458304686,0.02096413120076101,4.1928262401522015e-05,278.2229622915234,27.822296229152336
35,50,0.1625,0.2,0.025118864315095794,0.15848931924611143,0.002,0.0034343376755714417,0.0009443105995688006,0.009443105995688006,0.045283184908990894,0.02085344927629659,4.170689855259318e-05,226.4159245449544,22.64159245449544
35,51,0.1625,0.2,0.025118864315095794,0.25118864315095807,0.002,0.002108760178089142,0.0006042611580437592,0.006042611580437592,0.029213997900635273,0.020683959795541003,4.1367919591082006e-05,146.06998950317634,14.606998950317635
35,52,0.1625,0.2,0.025118864315095794,0.3981071705534973,0.002,0.0002174563705921173,0.00011449202539058574,0.0011449202539058573,0.005602422562790044,0.020436163839374504,4.087232767874901e-05,28.012112813950218,2.8012112813950223
35,53,0.1625,0.2,0.025118864315095794,0.6309573444801934,0.002,0.002433009445667267,0.0005638992439612731,0.005638992439612732,0.028047492669133662,0.020105157013976006,4.0210314027952015e-05,140.2374633456683,14.023746334566827
35,54,0.1625,0.2,0.025118864315095794,1.0,0.002,0.005468614399433136,0.0013399564375216897,0.013399564375216897,0.06795252336202112,0.019719009261554454,3.943801852310891e-05,339.76261681010556,33.976261681010556
36,37,0.1625,0.1625,0.039810717055349734,0.06309573444801933,0.002,0.0002843514084815979,7.333023869736547e-05,0.0007333023869736547,0.00361244929963955,0.02029931290791607,4.059862581583214e-05,18.062246498197748,1.8062246498197747
36,38,0.1625,0.1625,0.039810717055349734,0.1,0.002,0.0007329955697059631,0.00018893953019236904,0.0018893953019236906,0.009334123644552415,0.020241807092692417,4.0483614185384834e-05,46.67061822276207,4.667061822276207
36,39,0.1625,0.1625,0.039810717055349734,0.15848931924611143,0.002,0.0014351531863212585,0.0003696762949075093,0.003696762949075093,0.018344471254027467,0.02015191878732117,4.0303837574642344e-05,91.72235627013734,9.172235627013734
36,40,0.1625,0.1625,0.039810717055349734,0.25118864315095807,0.002,0.0025121793150901794,0.0006465028077984019,0.00646502807798402,0.032302091905064924,0.020014270583417888,4.0028541166835773e-05,161.51045952532462,16.15104595253246
36,41,0.1625,0.1625,0.039810717055349734,0.3981071705534973,0.002,0.0040900930762290955,0.0010513589424893223,0.010513589424893223,0.053064029431167774,0.019813025014489276,3.9626050028978556e-05,265.32014715583887,26.532014715583887
36,42,0.1625,0.1625,0.039810717055349734,0.6309573444801934,0.002,0.006202369928359985,0.0015924071273380608,0.015924071273380608,0.08147723915125285,0.019544195948784485,3.908839189756897e-05,407.38619575626427,40.73861957562643
36,43,0.1625,0.1625,0.039810717055349734,1.0,0.002,0.008668802678585052,0.0022238992000767105,0.022238992000767108,0.11564394285400106,0.01923057226511512,3.8461144530230235e-05,578.2197142700054,57.821971427000534
36,44,0.1625,0.2,0.039810717055349734,0.01,0.002,0.0058291032910346985,0.0015610352955631563,0.015610352955631563,0.07393212378025613,0.021114438700596844,4.222887740119369e-05,369.66061890128066,36.96606189012807
36,45,0.1625,0.2,0.039810717055349734,0.015848931924611134,0.002,0.005741044878959656,0.0015383101724201357,0.015383101724201357,0.07289490706818431,0.02110312275974553,4.220624551949106e-05,364.4745353409216,36.447453534092155
36,46,0.1625,0.2,0.039810717055349734,0.025118864315095794,0.002,0.005601480603218079,0.0015023015666351107,0.015023015666351107,0.07124912772957363,0.02108519240175266,4.217038480350532e-05,356.24563864786813,35.624563864786815
36,47,0.1625,0.2,0.039810717055349734,0.039810717055349734,0.002,0.005380347371101379,0.0014452714817873632,0.014452714817873632,0.06863682278716397,0.021056794634405032,4.2113589268810066e-05,343.1841139358198,34.31841139358198
36,48,0.1625,0.2,0.039810717055349734,0.06309573444801933,0.002,0.005030378699302673,0.0013550649455184203,0.013550649455184203,0.06449042856368437,0.021011876889301367,4.2023753778602735e-05,322.4521428184218,32.24521428184218
36,49,0.1625,0.2,0.039810717055349734,0.1,0.002,0.004478201270103455,0.0012128661845398337,0.012128661845398337,0.0579180661064357,0.020941068410519036,4.188213682103807e-05,289.5903305321785,28.959033053217844
36,50,0.1625,0.2,0.039810717055349734,0.15848931924611143,0.002,0.0036140084266662598,0.0009906188750051486,0.009906188750051486,0.047556432794386275,0.02083038648605462,4.166077297210924e-05,237.7821639719314,23.778216397193138
36,51,0.1625,0.2,0.039810717055349734,0.25118864315095807,0.002,0.00228843092918396,0.0006504963360157032,0.006504963360157032,0.03148441889279378,0.02066089700529903,4.132179401059806e-05,157.42209446396888,15.74220944639689
36,52,0.1625,0.2,0.039810717055349734,0.3981071705534973,0.002,0.0003504753112792969,0.00015787181752010797,0.0015787181752010798,0.007733847843114304,0.020413101049132534,4.082620209826507e-05,38.669239215571515,3.866923921557152
36,53,0.1625,0.2,0.039810717055349734,0.6309573444801934,0.002,0.0022533386945724487,0.0005177427978319833,0.005177427978319833,0.02578131503934927,0.020082094223734033,4.016418844746807e-05,128.90657519674633,12.890657519674633
36,54,0.1625,0.2,0.039810717055349734,1.0,0.002,0.005288943648338318,0.0012936375935563335,0.012936375935563335,0.0656803975092307,0.01969594647131248,3.939189294262496e-05,328.4019875461535,32.84019875461535
37,38,0.1625,0.1625,0.06309573444801933,0.1,0.002,0.00044864416122436523,0.00011560929631722962,0.0011560929631722963,0.0057217232778003675,0.02020532813353286,4.041065626706572e-05,28.60861638900184,2.8608616389001837
37,39,0.1625,0.1625,0.06309573444801933,0.15848931924611143,0.002,0.0011508017778396606,0.00029634607864171793,0.002963460786417179,0.014732269399689354,0.02011543982816162,4.0230879656323246e-05,73.66134699844676,7.366134699844676
37,40,0.1625,0.1625,0.06309573444801933,0.25118864315095807,0.002,0.0022278279066085815,0.0005731726362082191,0.00573172636208219,0.028690490269817185,0.019977791624258334,3.995558324851667e-05,143.45245134908592,14.345245134908595
37,41,0.1625,0.1625,0.06309573444801933,0.3981071705534973,0.002,0.0038057416677474976,0.0009780288620255654,0.009780288620255654,0.049453977417962196,0.019776546055329722,3.9553092110659444e-05,247.26988708981096,24.7269887089811
37,42,0.1625,0.1625,0.06309573444801933,0.6309573444801934,0.002,0.0059180185198783875,0.0015190771886062053,0.015190771886062052,0.07787057754703525,0.019507716989624932,3.901543397924987e-05,389.3528877351762,38.93528877351762
37,43,0.1625,0.1625,0.06309573444801933,1.0,0.002,0.008384451270103455,0.0021505693855480386,0.021505693855480387,0.11204329119733712,0.01919409330595557,3.838818661191114e-05,560.2164559866856,56.02164559866855
37,44,0.1625,0.2,0.06309573444801933,0.01,0.002,0.006113454699516296,0.0016343365399598413,0.016343365399598412,0.07753770099232561,0.021077959741437287,4.215591948287458e-05,387.68850496162804,38.768850496162806
37,45,0.1625,0.2,0.06309573444801933,0.015848931924611134,0.002,0.006025396287441254,0.0016116105922042523,0.016116105922042524,0.07650058582940605,0.021066643800585975,4.2133287601171954e-05,382.5029291470303,38.250292914703024
37,46,0.1625,0.2,0.06309573444801933,0.025118864315095794,0.002,0.0058858320116996765,0.0015756005988996466,0.015756005988996465,0.0748549598148522,0.02104871344259311,4.2097426885186224e-05,374.27479907426095,37.4274799074261
37,47,0.1625,0.2,0.06309573444801933,0.039810717055349734,0.002,0.005664698779582977,0.0015185680894199889,0.015185680894199888,0.07224287745632321,0.021020315675245475,4.2040631350490955e-05,361.21438728161604,36.12143872816161
37,48,0.1625,0.2,0.06309573444801933,0.06309573444801933,0.002,0.005314730107784271,0.0014283570478308269,0.014283570478308269,0.06809677950272718,0.02097539793014181,4.1950795860283624e-05,340.48389751363584,34.04838975136359
37,49,0.1625,0.2,0.06309573444801933,0.1,0.002,0.0047625526785850525,0.0012861489687296971,0.012861489687296971,0.06152471789614867,0.020904589451359482,4.1809178902718966e-05,307.62358948074325,30.762358948074326
37,50,0.1625,0.2,0.06309573444801933,0.15848931924611143,0.002,0.0038983598351478577,0.0010638781034580165,0.010638781034580165,0.05116297175420181,0.020793907526895063,4.1587815053790125e-05,255.81485877100906,25.581485877100906
37,51,0.1625,0.2,0.06309573444801933,0.25118864315095807,0.002,0.002572782337665558,0.0007236627405143256,0.0072366274051432556,0.03508766835967924,0.020624418046139476,4.1248836092278956e-05,175.43834179839615,17.543834179839617
37,52,0.1625,0.2,0.06309573444801933,0.3981071705534973,0.002,0.0006307438015937805,0.00022888322020326424,0.0022888322020326425,0.01123263802963172,0.020376622089972977,4.075324417994596e-05,56.1631901481586,5.6163190148158595
37,53,0.1625,0.2,0.06309573444801933,0.6309573444801934,0.002,0.001968987286090851,0.00044481488008068067,0.004448148800806807,0.022190133563362247,0.02004561526457448,4.009123052914896e-05,110.95066781681122,11.095066781681123
37,54,0.1625,0.2,0.06309573444801933,1.0,0.002,0.00500459223985672,0.0012203747194207855,0.012203747194207856,0.0620756751761656,0.019659467512152928,3.931893502430586e-05,310.378375880828,31.037837588082798
38,39,0.1625,0.1625,0.1,0.15848931924611143,0.002,0.0007021576166152954,0.000180736798267426,0.0018073679826742602,0.00901073850132548,0.020057934012937966,4.0115868025875934e-05,45.0536925066274,4.505369250662739
38,40,0.1625,0.1625,0.1,0.25118864315095807,0.002,0.0017791837453842163,0.0004575634085080137,0.004575634085080137,0.022969721061958336,0.019920285809034682,3.9840571618069364e-05,114.84860530979168,11.484860530979168
38,41,0.1625,0.1625,0.1,0.3981071705534973,0.002,0.0033570975065231323,0.0008624197531147763,0.008624197531147763,0.04373538177384121,0.019719040240106067,3.943808048021213e-05,218.67690886920607,21.867690886920606
38,42,0.1625,0.1625,0.1,0.6309573444801934,0.002,0.005469374358654022,0.0014034682727899934,0.014034682727899934,0.0721569683848533,0.01945021117440128,3.890042234880256e-05,360.78484192426646,36.07848419242664
38,43,0.1625,0.1625,0.1,1.0,0.002,0.00793580710887909,0.002034960638060241,0.020349606380602413,0.10633874190190899,0.019136587490731913,3.8273174981463825e-05,531.693709509545,53.169370950954495
38,44,0.1625,0.2,0.1,0.01,0.002,0.006562098860740662,0.0017499037344926326,0.017499037344926326,0.08324766632705342,0.021020453926213635,4.204090785242727e-05,416.23833163526706,41.623833163526704
38,45,0.1625,0.2,0.1,0.015848931924611134,0.002,0.006474040448665619,0.0017271766769659611,0.01727176676965961,0.08221073507010784,0.021009137985362324,4.201827597072465e-05,411.05367535053915,41.105367535053915
38,46,0.1625,0.2,0.1,0.025118864315095794,0.002,0.006334476172924042,0.0016911648222316235,0.016911648222316236,0.08056538967422687,0.020991207627369456,4.198241525473891e-05,402.8269483711344,40.28269483711343
38,47,0.1625,0.2,0.1,0.039810717055349734,0.002,0.0061133429408073425,0.0016341290769747085,0.016341290769747083,0.07795372318341522,0.020962809860021824,4.192561972004365e-05,389.7686159170761,38.97686159170761
38,48,0.1625,0.2,0.1,0.06309573444801933,0.002,0.0057633742690086365,0.0015439120774062736,0.015439120774062736,0.07380820538342825,0.02091789211491816,4.183578422983632e-05,369.0410269171412,36.90410269171412
38,49,0.1625,0.2,0.1,0.1,0.002,0.005211196839809418,0.001401691879864136,0.01401691879864136,0.06723683294647878,0.020847083636135827,4.1694167272271654e-05,336.18416473239387,33.61841647323939
38,50,0.1625,0.2,0.1,0.15848931924611143,0.002,0.004347003996372223,0.0011793914020041055,0.011793914020041056,0.05687541254277927,0.02073640171167141,4.147280342334282e-05,284.37706271389635,28.43770627138963
38,51,0.1625,0.2,0.1,0.25118864315095807,0.002,0.003021426498889923,0.000839069030182458,0.00839069030182458,0.04079703461374159,0.02056691223091582,4.1133824461831645e-05,203.98517306870795,20.398517306870794
38,52,0.1625,0.2,0.1,0.3981071705534973,0.002,0.0010793879628181458,0.00034281833087824976,0.0034281833087824974,0.01687171460819248,0.020319116274749326,4.063823254949865e-05,84.3585730409624,8.43585730409624
38,53,0.1625,0.2,0.1,0.6309573444801934,0.002,0.0015203431248664856,0.0003301941777871524,0.0033019417778715246,0.016519530204887712,0.019988109449350824,3.9976218898701646e-05,82.59765102443858,8.259765102443856
38,54,0.1625,0.2,0.1,1.0,0.002,0.004555948078632355,0.0011048872737801434,0.011048872737801434,0.0563661581867711,0.019601961696929272,3.9203923393858545e-05,281.8307909338555,28.18307909338555
39,40,0.1625,0.1625,0.15848931924611143,0.25118864315095807,0.002,0.001077026128768921,0.00027682665495386516,0.0027682665495386517,0.013959712855111685,0.019830397503663437,3.9660795007326873e-05,69.79856427555843,6.979856427555843
39,41,0.1625,0.1625,0.15848931924611143,0.3981071705534973,0.002,0.002654939889907837,0.0006816831322279581,0.00681683132227958,0.03472809902814413,0.01962915193473483,3.9258303869469655e-05,173.64049514072065,17.364049514072065
39,42,0.1625,0.1625,0.15848931924611143,0.6309573444801934,0.002,0.004767216742038727,0.0012227318887616417,0.012227318887616417,0.0631565856124021,0.019360322869030035,3.872064573806007e-05,315.7829280620105,31.57829280620105
39,43,0.1625,0.1625,0.15848931924611143,1.0,0.002,0.007233649492263794,0.0018542244588962637,0.01854224458896264,0.09735148546481084,0.01904669918536067,3.809339837072134e-05,486.7574273240542,48.67574273240542
39,44,0.1625,0.2,0.15848931924611143,0.01,0.002,0.007264256477355957,0.0019305820181156866,0.019305820181156865,0.09223745086913644,0.020930565620842393,4.186113124168479e-05,461.18725434568216,46.11872543456822
39,45,0.1625,0.2,0.15848931924611143,0.015848931924611134,0.002,0.007176198065280914,0.0019078535841572544,0.019078535841572545,0.09120086108930021,0.020919249679991078,4.183849935998216e-05,456.0043054465011,45.60043054465011
39,46,0.1625,0.2,0.15848931924611143,0.025118864315095794,0.002,0.007036633789539337,0.0018718394304730111,0.018718394304730112,0.08955604197209399,0.020901319321998214,4.180263864399643e-05,447.78020986046994,44.778020986047
39,47,0.1625,0.2,0.15848931924611143,0.039810717055349734,0.002,0.006815500557422638,0.001814799716624016,0.01814799716624016,0.08694517017526329,0.02087292155465058,4.1745843109301166e-05,434.72585087631643,43.47258508763164
39,48,0.1625,0.2,0.15848931924611143,0.06309573444801933,0.002,0.006465531885623932,0.0017245754975721986,0.017245754975721988,0.08280080574892666,0.020828003809546917,4.1656007619093835e-05,414.00402874463333,41.400402874463325
39,49,0.1625,0.2,0.15848931924611143,0.1,0.002,0.005913354456424713,0.00158234093483195,0.0158234093483195,0.07623096037867583,0.02075719533076459,4.151439066152918e-05,381.15480189337904,38.11548018933791
39,50,0.1625,0.2,0.15848931924611143,0.15848931924611143,0.002,0.005049161612987518,0.0013600068585597144,0.013600068585597144,0.0658710181131462,0.02064651340630017,4.1293026812600337e-05,329.355090565731,32.9355090565731
39,51,0.1625,0.2,0.15848931924611143,0.25118864315095807,0.002,0.0037235841155052185,0.0010195753043164442,0.010195753043164443,0.04979118586878972,0.020477023925544582,4.095404785108917e-05,248.95592934394855,24.895592934394852
39,52,0.1625,0.2,0.15848931924611143,0.3981071705534973,0.002,0.0017815455794334412,0.0005224031875531785,0.005224031875531785,0.02582417818139003,0.020229227969378084,4.045845593875617e-05,129.12089090695014,12.912089090695014
39,53,0.1625,0.2,0.15848931924611143,0.6309573444801934,0.002,0.0008181855082511902,0.00015395537031956364,0.0015395537031956364,0.0077371423910495875,0.019898221143979586,3.979644228795917e-05,38.68571195524793,3.868571195524793
39,54,0.1625,0.2,0.15848931924611143,1.0,0.002,0.0038537904620170593,0.0009243952740919999,0.00924395274092,0.04737555335825781,0.019512073391558034,3.902414678311607e-05,236.87776679128905,23.687776679128902
40,41,0.1625,0.1625,0.25118864315095807,0.3981071705534973,0.002,0.001577913761138916,0.00040485658249243513,0.0040485658249243515,0.020770926044666092,0.01949150373083154,3.8983007461663085e-05,103.85463022333045,10.385463022333045
40,42,0.1625,0.1625,0.25118864315095807,0.6309573444801934,0.002,0.003690190613269806,0.0009459055801006344,0.009459055801006344,0.04920780258621711,0.01922267466512675,3.84453493302535e-05,246.03901293108558,24.60390129310856
40,43,0.1625,0.1625,0.25118864315095807,1.0,0.002,0.006156623363494873,0.0015773983559684067,0.01577398355968407,0.0834202815104384,0.018909050981457384,3.781810196291477e-05,417.10140755219203,41.7101407552192
40,44,0.1625,0.2,0.25118864315095807,0.01,0.002,0.008341282606124878,0.002207332377348061,0.02207332377348061,0.10615789660905596,0.02079291741693911,4.158583483387822e-05,530.7894830452798,53.078948304527984
40,45,0.1625,0.2,0.25118864315095807,0.015848931924611134,0.002,0.008253224194049835,0.0021846024211090707,0.021846024211090706,0.10512194758535659,0.020781601476087794,4.156320295217559e-05,525.609737926783,52.560973792678304
40,46,0.1625,0.2,0.25118864315095807,0.025118864315095794,0.002,0.008113659918308258,0.002148585737998579,0.02148585737998579,0.1034781241611051,0.020763671118094927,4.152734223618986e-05,517.3906208055255,51.73906208055255
40,47,0.1625,0.2,0.25118864315095807,0.039810717055349734,0.002,0.007892526686191559,0.0020915416944818194,0.02091541694481819,0.10086877848689853,0.020735273350747298,4.1470546701494596e-05,504.3438924344926,50.43438924344927
40,48,0.1625,0.2,0.25118864315095807,0.06309573444801933,0.002,0.007542558014392853,0.0020013097137394496,0.0200130971373945,0.09672669488549342,0.020690355605643633,4.1380711211287265e-05,483.6334744274671,48.3633474427467
40,49,0.1625,0.2,0.25118864315095807,0.1,0.002,0.006990380585193634,0.001859060109685787,0.01859060109685787,0.09016008442125144,0.0206195471268613,4.12390942537226e-05,450.80042210625714,45.08004221062571
40,50,0.1625,0.2,0.25118864315095807,0.15848931924611143,0.002,0.006126187741756439,0.0016366926228860202,0.016366926228860202,0.07980415331291654,0.020508865202396885,4.101773040479377e-05,399.0207665645827,39.90207665645827
40,51,0.1625,0.2,0.25118864315095807,0.25118864315095807,0.002,0.004800610244274139,0.0012961646028875964,0.012961646028875964,0.06372686264448445,0.020339375721641295,4.067875144328259e-05,318.6343132224222,31.86343132224222
40,52,0.1625,0.2,0.25118864315095807,0.3981071705534973,0.002,0.002858571708202362,0.0007984593516525007,0.007984593516525007,0.0397409940369431,0.0200915797654748,4.01831595309496e-05,198.7049701847155,19.87049701847155
40,53,0.1625,0.2,0.25118864315095807,0.6309573444801934,0.002,0.00028553977608680725,0.00014019192524928508,0.0014019192524928508,0.007094527353757172,0.0197605729400763,3.95211458801526e-05,35.472636768785854,3.5472636768785857
40,54,0.1625,0.2,0.25118864315095807,1.0,0.002,0.0027767643332481384,0.0006481884817168501,0.006481884817168501,0.03345588193913858,0.019374425187654747,3.874885037530949e-05,167.27940969569292,16.727940969569293
41,42,0.1625,0.1625,0.3981071705534973,0.6309573444801934,0.002,0.00211227685213089,0.000541049155904807,0.00541049155904807,0.028444190663515806,0.01902142909619814,3.8042858192396276e-05,142.22095331757905,14.222095331757904
41,43,0.1625,0.1625,0.3981071705534973,1.0,0.002,0.004578709602355957,0.0011725420681342965,0.011725420681342965,0.06267662306071642,0.018707805412528776,3.7415610825057554e-05,313.3831153035821,31.338311530358208
41,44,0.1625,0.2,0.3981071705534973,0.01,0.002,0.009919196367263794,0.002612097928788491,0.026120979287884906,0.12685215401977493,0.020591671848010494,4.1183343696020986e-05,634.2607700988747,63.42607700988747
41,45,0.1625,0.2,0.3981071705534973,0.015848931924611134,0.002,0.009831137955188751,0.0025893665256646165,0.025893665256646166,0.12581738320491664,0.020580355907159183,4.1160711814318364e-05,629.0869160245832,62.90869160245832
41,46,0.1625,0.2,0.3981071705534973,0.025118864315095794,0.002,0.009691573679447174,0.0025533474517659043,0.025533474517659045,0.12417540166458754,0.02056242554916632,4.112485109833264e-05,620.8770083229376,62.087700832293756
41,47,0.1625,0.2,0.3981071705534973,0.039810717055349734,0.002,0.009470440447330475,0.002496299352661428,0.024962993526614276,0.1215689088952977,0.020534027781818683,4.1068055563637364e-05,607.8445444764885,60.78445444764886
41,48,0.1625,0.2,0.3981071705534973,0.06309573444801933,0.002,0.009120471775531769,0.002406060214765622,0.02406060214765622,0.11743117248402368,0.020489110036715018,4.097822007343003e-05,587.1558624201184,58.715586242011845
41,49,0.1625,0.2,0.3981071705534973,0.1,0.002,0.00856829434633255,0.002263797125632987,0.022637971256329874,0.1108709810759692,0.02041830155793269,4.083660311586538e-05,554.354905379846,55.435490537984585
41,50,0.1625,0.2,0.3981071705534973,0.15848931924611143,0.002,0.007704101502895355,0.002041401258009298,0.020414012580092976,0.10052390653629026,0.02030761963346827,4.061523926693654e-05,502.6195326814513,50.26195326814514
41,51,0.1625,0.2,0.3981071705534973,0.25118864315095807,0.002,0.006378524005413055,0.0017008003555674996,0.017008003555674996,0.08445671681878544,0.020138130152712683,4.0276260305425366e-05,422.28358409392723,42.228358409392726
41,52,0.1625,0.2,0.3981071705534973,0.3981071705534973,0.002,0.004436485469341278,0.0012028088252696984,0.012028088252696982,0.060472026934497526,0.019890334196546185,3.978066839309237e-05,302.3601346724877,30.23601346724877
41,53,0.1625,0.2,0.3981071705534973,0.6309573444801934,0.002,0.0018367543816566467,0.0005382119370011023,0.005382119370011023,0.027516893949790334,0.019559327371147687,3.9118654742295375e-05,137.58446974895168,13.758446974895167
41,54,0.1625,0.2,0.3981071705534973,1.0,0.002,0.0011988505721092224,0.0002466590729953677,0.0024665907299536768,0.012864797487969067,0.019173179618726135,3.8346359237452274e-05,64.32398743984533,6.432398743984534
42,43,0.1625,0.1625,0.6309573444801934,1.0,0.002,0.002466432750225067,0.0006314929418623424,0.0063149294186234245,0.034247722323865,0.018438976346823982,3.687795269364796e-05,171.238611619325,17.123861161932503
42,44,0.1625,0.2,0.6309573444801934,0.01,0.002,0.012031473219394684,0.0031530514411362465,0.03153051441136247,0.1551481490513465,0.020322842782305707,4.0645685564611416e-05,775.7407452567323,77.57407452567323
42,45,0.1625,0.2,0.6309573444801934,0.015848931924611134,0.002,0.011943414807319641,0.0031303188975145982,0.03130318897514598,0.15411539082949877,0.020311526841454392,4.0623053682908786e-05,770.5769541474938,77.05769541474938
42,46,0.1625,0.2,0.6309573444801934,0.025118864315095794,0.002,0.011803850531578064,0.003094297948363841,0.030942979483638413,0.15247656820640793,0.020293596483461525,4.058719296692305e-05,762.3828410320397,76.23828410320397
42,47,0.1625,0.2,0.6309573444801934,0.039810717055349734,0.002,0.011582717299461365,0.0030372466931284808,0.030372466931284807,0.14987500175428384,0.020265198716113896,4.053039743222779e-05,749.3750087714192,74.93750087714191
42,48,0.1625,0.2,0.6309573444801934,0.06309573444801933,0.002,0.011232748627662659,0.0029470020624567006,0.029470020624567005,0.14574486213528934,0.02022028097101023,4.044056194202046e-05,728.7243106764466,72.87243106764467
42,49,0.1625,0.2,0.6309573444801934,0.1,0.002,0.01068057119846344,0.002804728881022271,0.028047288810222712,0.13919614432110408,0.0201494724922279,4.02989449844558e-05,695.9807216055203,69.59807216055204
42,50,0.1625,0.2,0.6309573444801934,0.15848931924611143,0.002,0.009816378355026245,0.0025823127671668173,0.025823127671668174,0.12886569967555822,0.020038790567763483,4.0077581135526964e-05,644.328498377791,64.4328498377791
42,51,0.1625,0.2,0.6309573444801934,0.25118864315095807,0.002,0.008490800857543945,0.002241664840163518,0.02241664840163518,0.11282051796121274,0.019869301087007893,3.973860217401579e-05,564.1025898060637,56.41025898060637
42,52,0.1625,0.2,0.6309573444801934,0.3981071705534973,0.002,0.006548762321472168,0.0017435297929045282,0.01743529792904528,0.0888581065151837,0.019621505130841398,3.92430102616828e-05,444.2905325759184,44.429053257591846
42,53,0.1625,0.2,0.6309573444801934,0.6309573444801934,0.002,0.003949031233787537,0.0010780733509273505,0.010780733509273504,0.05588623652211033,0.019290498305442896,3.858099661088579e-05,279.43118261055173,27.943118261055172
42,54,0.1625,0.2,0.6309573444801934,1.0,0.002,0.0009134262800216675,0.0003039415102825638,0.0030394151028256384,0.016077860460220205,0.018904350553021344,3.780870110604269e-05,80.38930230110103,8.038930230110102
43,44,0.1625,0.2,1.0,0.01,0.002,0.014497905969619751,0.0037844633787440557,0.03784463378744055,0.18913598577177718,0.02000921909863634,4.001843819727268e-05,945.679928858886,94.56799288588861
43,45,0.1625,0.2,1.0,0.015848931924611134,0.002,0.014409847557544708,0.003761730111959618,0.03761730111959618,0.18810622705186994,0.019997903157785026,3.999580631557005e-05,940.53113525935,94.05311352593499
43,46,0.1625,0.2,1.0,0.025118864315095794,0.002,0.014270283281803131,0.0037257079773702563,0.037257079773702566,0.18647212459713722,0.01997997279979216,3.9959945599584326e-05,932.3606229856861,93.2360622985686
43,47,0.1625,0.2,1.0,0.039810717055349734,0.002,0.014049150049686432,0.003668654736346829,0.03668654736346829,0.18387795100792773,0.01995157503244453,3.990315006488906e-05,919.3897550396387,91.93897550396386
43,48,0.1625,0.2,1.0,0.06309573444801933,0.002,0.013699181377887726,0.0035784066804668635,0.035784066804668634,0.17975929503455412,0.019906657287340864,3.9813314574681726e-05,898.7964751727707,89.87964751727708
43,49,0.1625,0.2,1.0,0.1,0.002,0.013147003948688507,0.0034361273111659578,0.034361273111659575,0.17322814588521057,0.019835848808558536,3.9671697617117075e-05,866.1407294260525,86.61407294260526
43,50,0.1625,0.2,1.0,0.15848931924611143,0.002,0.012282811105251312,0.0032136991909151634,0.03213699190915163,0.162923802358631,0.019725166884094116,3.9450333768188235e-05,814.619011793155,81.4619011793155
43,51,0.1625,0.2,1.0,0.25118864315095807,0.002,0.010957233607769012,0.002873025270965882,0.028730252709658823,0.1469151495859408,0.01955567740333853,3.911135480667706e-05,734.575747929704,73.45757479297039
43,52,0.1625,0.2,1.0,0.3981071705534973,0.002,0.009015195071697235,0.0023748228849882237,0.023748228849882237,0.12299758994719004,0.01930788144717203,3.861576289434406e-05,614.9879497359502,61.498794973595025
43,53,0.1625,0.2,1.0,0.6309573444801934,0.002,0.006415463984012604,0.0017091221417934622,0.01709122141793462,0.09006341538624403,0.018976874621773533,3.795374924354707e-05,450.3170769312201,45.03170769312201
43,54,0.1625,0.2,1.0,1.0,0.002,0.0033798590302467346,0.0009325323690100991,0.009325323690100992,0.0501611569877582,0.01859072686935198,3.718145373870396e-05,250.805784938791,25.0805784938791
44,45,0.2,0.2,0.01,0.015848931924611134,0.002,8.805841207504272e-05,2.2734265528868088e-05,0.00022734265528868088,0.0010389591861831714,0.02188176959326675,4.37635391865335e-05,5.1947959309158565,0.5194795930915856
44,46,0.2,0.2,0.01,0.025118864315095794,0.002,0.00022762268781661987,5.87580466113502e-05,0.000587580466113502,0.0026874532866374766,0.021863839235273883,4.3727678470547766e-05,13.437266433187382,1.343726643318738
44,47,0.2,0.2,0.01,0.039810717055349734,0.002,0.0004487559199333191,0.00011581407429204223,0.0011581407429204222,0.005303949290979977,0.02183544146792625,4.36708829358525e-05,26.519746454899884,2.6519746454899886
44,48,0.2,0.2,0.01,0.06309573444801933,0.002,0.0007987245917320251,0.00020606699120936044,0.0020606699120936044,0.009456725034723857,0.021790523722822586,4.358104744564517e-05,47.283625173619285,4.728362517361928
44,49,0.2,0.2,0.01,0.1,0.002,0.001350902020931244,0.00034835522588766465,0.0034835522588766467,0.01603866450243868,0.021719715244040254,4.343943048808051e-05,80.19332251219339,8.019332251219339
44,50,0.2,0.2,0.01,0.15848931924611143,0.002,0.0022150948643684387,0.0005708005249084535,0.0057080052490845355,0.02641490327063172,0.021609033319575838,4.3218066639151674e-05,132.0745163531586,13.207451635315858
44,51,0.2,0.2,0.01,0.25118864315095807,0.002,0.0035406723618507385,0.0009115102435646072,0.009115102435646071,0.04251537488004523,0.021439543838820248,4.28790876776405e-05,212.5768744002262,21.25768744002262
44,52,0.2,0.2,0.01,0.3981071705534973,0.002,0.005482710897922516,0.0014097939232346442,0.014097939232346441,0.06652560850766887,0.021191747882653753,4.238349576530751e-05,332.6280425383443,33.26280425383443
44,53,0.2,0.2,0.01,0.6309573444801934,0.002,0.008082441985607147,0.002075699626607779,0.02075699626607779,0.09950267926296232,0.02086074105725525,4.17214821145105e-05,497.5133963148117,49.751339631481166
44,54,0.2,0.2,0.01,1.0,0.002,0.011118046939373016,0.0028529201380391544,0.028529201380391542,0.1393395265812498,0.0204745933048337,4.09491866096674e-05,696.6976329062489,69.6697632906249
45,46,0.2,0.2,0.015848931924611134,0.025118864315095794,0.002,0.00013956427574157715,3.602378119935885e-05,0.0003602378119935885,0.001648495265924426,0.02185252329442257,4.3705046588845136e-05,8.24247632962213,0.824247632962213
45,47,0.2,0.2,0.015848931924611134,0.039810717055349734,0.002,0.00036069750785827637,9.307980937667505e-05,0.0009307980937667504,0.004264996059576386,0.02182412552707494,4.364825105414988e-05,21.32498029788193,2.1324980297881933
45,48,0.2,0.2,0.015848931924611134,0.06309573444801933,0.002,0.0007106661796569824,0.0001833327277514302,0.001833327277514302,0.008417786798617726,0.021779207781971274,4.355841556394255e-05,42.08893399308862,4.208893399308862
45,49,0.2,0.2,0.015848931924611134,0.1,0.002,0.0012628436088562012,0.00032562096622753764,0.0032562096622753764,0.01499976860015212,0.021708399303188942,4.3416798606377885e-05,74.9988430007606,7.49988430007606
45,50,0.2,0.2,0.015848931924611134,0.15848931924611143,0.002,0.002127036452293396,0.0005480662742728157,0.0054806627427281575,0.025376120293744784,0.021597717378724526,4.319543475744905e-05,126.8806014687239,12.688060146872388
45,51,0.2,0.2,0.015848931924611134,0.25118864315095807,0.002,0.003452613949775696,0.0008887760121160255,0.008887760121160255,0.041476878832349344,0.021428227897968936,4.2856455795937876e-05,207.3843941617467,20.73843941617467
45,52,0.2,0.2,0.015848931924611134,0.3981071705534973,0.002,0.005394652485847473,0.001387059727384252,0.013870597273842518,0.06548779227899985,0.02118043194180244,4.2360863883604884e-05,327.43896139499924,32.74389613949993
45,53,0.2,0.2,0.015848931924611134,0.6309573444801934,0.002,0.007994383573532104,0.002052965483652794,0.020529654836527942,0.09846628730485038,0.02084942511640394,4.169885023280788e-05,492.331436524252,49.23314365242519
45,54,0.2,0.2,0.015848931924611134,1.0,0.002,0.011029988527297974,0.002830186041674249,0.02830186041674249,0.13830560918143478,0.020463277363982388,4.092655472796478e-05,691.5280459071738,69.15280459071738
46,47,0.2,0.2,0.025118864315095794,0.039810717055349734,0.002,0.00022113323211669922,5.705602872696158e-05,0.0005705602872696159,0.002616505460239965,0.02180619516908207,4.3612390338164144e-05,13.082527301199825,1.3082527301199824
46,48,0.2,0.2,0.025118864315095794,0.06309573444801933,0.002,0.0005711019039154053,0.0001473089490074109,0.001473089490074109,0.006769315336474389,0.021761277423978407,4.352255484795681e-05,33.846576682371946,3.3846576682371943
46,49,0.2,0.2,0.025118864315095794,0.1,0.002,0.001123279333114624,0.0002895971928596174,0.002895971928596174,0.013351356929687606,0.02169046894519608,4.3380937890392155e-05,66.75678464843801,6.675678464843801
46,50,0.2,0.2,0.025118864315095794,0.15848931924611143,0.002,0.001987472176551819,0.0005120425142066591,0.005120425142066592,0.023727876170174477,0.02157978702073166,4.315957404146332e-05,118.63938085087237,11.863938085087236
46,51,0.2,0.2,0.025118864315095794,0.25118864315095807,0.002,0.0033130496740341187,0.0008527522809440965,0.008527522809440965,0.03982907193848599,0.021410297539976073,4.2820595079952146e-05,199.1453596924299,19.91453596924299
46,52,0.2,0.2,0.025118864315095794,0.3981071705534973,0.002,0.005255088210105896,0.0013510360504959838,0.013510360504959839,0.0638410371829386,0.021162501583809574,4.232500316761915e-05,319.20518591469295,31.920518591469296
46,53,0.2,0.2,0.025118864315095794,0.6309573444801934,0.002,0.007854819297790527,0.002016941887964292,0.020169418879642922,0.09682175529674449,0.020831494758411076,4.1662989516822154e-05,484.1087764837223,48.41087764837222
46,54,0.2,0.2,0.025118864315095794,1.0,0.002,0.010890424251556396,0.0027941625173563355,0.027941625173563352,0.13666495934443065,0.020445347005989524,4.0890694011979046e-05,683.3247967221533,68.33247967221533
47,48,0.2,0.2,0.039810717055349734,0.06309573444801933,0.002,0.00034996867179870605,9.025292197115249e-05,0.0009025292197115249,0.004152828497516482,0.021732879656630774,4.346575931326155e-05,20.764142487582408,2.076414248758241
47,49,0.2,0.2,0.039810717055349734,0.1,0.002,0.0009021461009979248,0.00023254117224891748,0.0023254117224891747,0.01073494636499548,0.021662071177848442,4.3324142355696886e-05,53.67473182497739,5.367473182497739
47,50,0.2,0.2,0.039810717055349734,0.15848931924611143,0.002,0.0017663389444351196,0.000454986511459858,0.00454986511459858,0.021111702178940296,0.021551389253384026,4.310277850676805e-05,105.55851089470147,10.555851089470147
47,51,0.2,0.2,0.039810717055349734,0.25118864315095807,0.002,0.0030919164419174194,0.0007956963192346557,0.007956963192346556,0.03721354639652967,0.021381899772628436,4.2763799545256876e-05,186.06773198264835,18.606773198264836
47,52,0.2,0.2,0.039810717055349734,0.3981071705534973,0.002,0.005033954977989197,0.0012939801682806497,0.012939801682806496,0.061227113272375074,0.02113410381646194,4.2268207632923884e-05,306.13556636187536,30.61355663618754
47,53,0.2,0.2,0.039810717055349734,0.6309573444801934,0.002,0.007633686065673828,0.001959886126613328,0.01959886126613328,0.09421126707505391,0.02080309699106344,4.160619398212688e-05,471.05633537526955,47.105633537526955
47,54,0.2,0.2,0.039810717055349734,1.0,0.002,0.010669291019439697,0.002737106862182401,0.027371068621824007,0.134060521490745,0.020416949238641888,4.083389847728378e-05,670.302607453725,67.0302607453725
48,49,0.2,0.2,0.06309573444801933,0.1,0.002,0.0005521774291992188,0.0001422882562611082,0.001422882562611082,0.006582192086659096,0.021617153432744778,4.3234306865489555e-05,32.91096043329548,3.291096043329548
48,50,0.2,0.2,0.06309573444801933,0.15848931924611143,0.002,0.0014163702726364136,0.0003647336172251949,0.003647336172251949,0.016959249548898162,0.02150647150828036,4.301294301656072e-05,84.79624774449081,8.479624774449082
48,51,0.2,0.2,0.06309573444801933,0.25118864315095807,0.002,0.0027419477701187134,0.0007054434801708781,0.007054434801708781,0.03306200845371917,0.02133698202752477,4.2673964055049545e-05,165.31004226859588,16.531004226859586
48,52,0.2,0.2,0.06309573444801933,0.3981071705534973,0.002,0.004683986306190491,0.0012037274413652596,0.012037274413652595,0.057077946834566094,0.021089186071358276,4.2178372142716553e-05,285.38973417283046,28.53897341728305
48,53,0.2,0.2,0.06309573444801933,0.6309573444801934,0.002,0.007283717393875122,0.001869633574318302,0.01869633574318302,0.09006732007491428,0.020758179245959775,4.1516358491919554e-05,450.3366003745714,45.03366003745714
48,54,0.2,0.2,0.06309573444801933,1.0,0.002,0.010319322347640991,0.0026468544627709346,0.026468544627709346,0.12992589686553777,0.020372031493538223,4.0744062987076446e-05,649.6294843276888,64.96294843276888
49,50,0.2,0.2,0.1,0.15848931924611143,0.002,0.0008641928434371948,0.000222445380606516,0.00222445380606516,0.010377350133765612,0.02143566302949803,4.2871326058996063e-05,51.886750668828064,5.188675066882806
49,51,0.2,0.2,0.1,0.25118864315095807,0.002,0.0021897703409194946,0.0005631553085308046,0.005631553085308046,0.026481271171799797,0.021266173548742443,4.253234709748489e-05,132.40635585899898,13.240635585899897
49,52,0.2,0.2,0.1,0.3981071705534973,0.002,0.004131808876991272,0.0010614394157688577,0.010614394157688575,0.050500539877244205,0.021018377592575944,4.203675518515189e-05,252.50269938622102,25.250269938622104
49,53,0.2,0.2,0.1,0.6309573444801934,0.002,0.006731539964675903,0.0017273457865173462,0.017273457865173463,0.08349759889535846,0.020687370767177447,4.1374741534354896e-05,417.4879944767922,41.74879944767922
49,54,0.2,0.2,0.1,1.0,0.002,0.009767144918441772,0.0025045668821118694,0.025045668821118694,0.12337024623055623,0.020301223014755895,4.060244602951179e-05,616.8512311527811,61.68512311527811
50,51,0.2,0.2,0.15848931924611143,0.25118864315095807,0.002,0.0013255774974822998,0.00034070998312270837,0.003407099831227084,0.016105037366832442,0.021155491624278024,4.231098324855605e-05,80.52518683416223,8.052518683416222
50,52,0.2,0.2,0.15848931924611143,0.3981071705534973,0.002,0.003267616033554077,0.0008389942533520374,0.008389942533520375,0.040128489847481075,0.02090769566811153,4.1815391336223055e-05,200.64244923740537,20.064244923740535
50,53,0.2,0.2,0.15848931924611143,0.6309573444801934,0.002,0.0058673471212387085,0.0015049009157446374,0.015049009157446374,0.07313620414090961,0.020576688842713027,4.1153377685426056e-05,365.68102070454813,36.56810207045481
50,54,0.2,0.2,0.15848931924611143,1.0,0.002,0.008902952075004578,0.0022821222633720682,0.022821222633720682,0.11302927708408052,0.020190541090291475,4.038108218058295e-05,565.1463854204026,56.51463854204026
51,52,0.2,0.2,0.25118864315095807,0.3981071705534973,0.002,0.0019420385360717773,0.0004982843990485523,0.004982843990485523,0.02402736256679499,0.02073820618735594,4.147641237471188e-05,120.13681283397494,12.013681283397494
51,53,0.2,0.2,0.25118864315095807,0.6309573444801934,0.002,0.004541769623756409,0.0011641913580521814,0.011641913580521813,0.0570480709970637,0.02040719936195744,4.081439872391488e-05,285.24035498531856,28.52403549853186
51,54,0.2,0.2,0.25118864315095807,1.0,0.002,0.007577374577522278,0.0019414129586339155,0.019414129586339157,0.09696858069679187,0.02002105160953589,4.004210321907178e-05,484.84290348395933,48.48429034839593
52,53,0.2,0.2,0.3981071705534973,0.6309573444801934,0.002,0.0025997310876846313,0.0006659071545412317,0.006659071545412317,0.033032086373644604,0.020159403405790942,4.031880681158188e-05,165.16043186822304,16.516043186822305
52,54,0.2,0.2,0.3981071705534973,1.0,0.002,0.0056353360414505005,0.0014431289230169494,0.014431289230169496,0.07298388026308851,0.01977325565336939,3.954651130673878e-05,364.9194013154426,36.491940131544254
53,54,0.2,0.2,0.6309573444801934,1.0,0.002,0.003035604953765869,0.0007772218048204324,0.007772218048204325,0.03997592108286724,0.019442248827970892,3.888449765594179e-05,199.8796054143362,19.98796054143362
