prebank_rank,state_id,a1,a2,a3,m,gamma,recovery_alias_margin_grid_verified,recovery_alias_margin_refined,refined_minus_grid_margin,alias_source_refined,alias_trigger_refined,alias_a1_refined,alias_m_refined,alias_gamma_refined,alias_delta_a1_refined,alias_delta_m_refined,alias_gamma_factor_refined
0,26755,0.06384230726398528,0.025,0.0,0.46441737413406375,0.012233506071591427,0.001832086597774294,0.001758185877313454,-7.390072046083987e-05,continuous_direct_verified,gamma_high,0.06424377787373364,0.46020868828293376,0.023624688667649593,0.0004014706097483639,0.00420868585112999,1.931146192219637
1,31955,0.05901586534455419,0.025,0.0,0.4562122836709023,0.010757900347810575,0.0017659763382002988,0.0017659756236556438,-7.145446549988027e-10,continuous_direct_verified,gamma_high,0.059872292370512274,0.4479999994774486,0.03630780547560534,0.0008564270259580828,0.008212284193453656,3.374989942437478
2,20579,0.06544212633743883,0.025,0.0,0.44815705344080925,0.011740370809365833,0.0016749476464467084,0.0016749475367436378,-1.0970307062936613e-10,continuous_direct_verified,gamma_high,0.06636374501640971,0.4400000002023039,0.03630780547731905,0.0009216186789708786,0.008157053238505352,3.092560368566438
3,22595,0.05992193440906704,0.025,0.0,0.4878655783832073,0.010961702348406863,0.0016278133252483132,0.0016278132285133346,-9.673497853440738e-11,continuous_direct_verified,gamma_high,0.060698240622811574,0.479999999814984,0.03467368504469219,0.0007763062137445334,0.007865578568223341,3.163166079740484
4,43235,0.06508896141313017,0.025,0.0,0.400128448009491,0.01965680558318335,0.004510798278619541,0.0037391980635967273,-0.0007716002150228141,continuous_direct_verified,gamma_low,0.06495451664079595,0.400128450979821,0.01638067131931946,0.0001344447723342218,2.9703300374883668e-09,1.2
5,14451,0.05363400080241263,0.025,0.0,0.40077267885208134,0.023775827733501956,0.0026115261283707765,0.0026115261283707765,0.0,verified_grid,gamma_high,0.053803598802020666,0.4,0.028840315031266057,0.00016959799960803573,0.000772678852081321,1.2130099256493119
6,42195,0.05897159981541336,0.025,0.0,0.43246923163533213,0.01892273418988333,0.0018119726708464396,0.0008521339805519837,-0.0009598386902944559,continuous_direct_verified,gamma_high,0.05940325652121954,0.42823461610880836,0.03148346816357408,0.0004316567058061799,0.004234615526523766,1.663790647146864
7,25539,0.06112956297583878,0.025,0.0,0.4807653285562992,0.018043700042857005,0.001724318396184873,0.0017243143302319436,-4.06595292937878e-09,continuous_direct_verified,gamma_high,0.06125963552852423,0.4799999987630635,0.021877616238410693,0.00013007255268544793,0.0007653297932357361,1.2124794907057561
8,5507,0.0634743650443852,0.025,0.0,0.4217993624508381,0.04450650362638651,0.0018582934400082861,0.0018582889457298656,-4.494278420556427e-09,continuous_direct_verified,gamma_low,0.06316295891123631,0.4240000013550155,0.03630780548026498,0.000311406133148881,0.0022006389041773766,1.2258108976202902
9,1811,0.05567373372614384,0.025,0.0,0.46344196796417236,0.03186262486971358,0.001823717302636782,0.0018237156844850733,-1.6181517087637126e-09,continuous_direct_verified,gamma_high,0.05640833615084128,0.4559999992093432,0.05495408738103731,0.0007346024246974378,0.007441968754829165,1.7247194041842073
10,30019,0.060301939304918055,0.025,0.0,0.45763226523995404,0.02803701922892945,0.0018026127243867126,0.0018026102819673692,-2.4424193433795344e-09,continuous_direct_verified,gamma_low,0.059703242900033114,0.46399999902233835,0.01,0.0005986964048849408,0.0063677337823843105,2.803701922892945
11,9091,0.06297079217620194,0.025,0.0,0.48022695556283,0.03248449945650865,0.0017954389427357691,0.0017954379124672543,-1.0302685148153717e-09,continuous_direct_verified,gamma_low,0.06220957109944826,0.4879999993627185,0.01,0.0007612210767536792,0.007773043799888468,3.248449945650865
12,30131,0.050078460760414605,0.025,0.0,0.4839288339018822,0.06464686364845894,0.002666627515637294,0.0026666253944705736,-2.121166720568668e-09,continuous_direct_verified,gamma_high,0.05109550735762401,0.4719999989259346,0.09999999997780963,0.0010170465972094075,0.0119288349759476,1.546865452307112
13,99,0.06538097113370896,0.025,0.0,0.46056020557880406,0.07164131088564671,0.0023049886730820714,0.0023049883551416288,-3.1794044263663834e-10,continuous_direct_verified,gamma_low,0.06414698245206918,0.47200000040218776,0.038018939633392465,0.0012339886816397777,0.011439794823383698,1.8843584691331932
14,43715,0.06164658390916884,0.025,0.0,0.4200228698551655,0.0718829765856131,0.0020796338347296404,0.0020796338347296404,0.0,verified_grid,gamma_low,0.060345033457941684,0.43200000000000005,0.03630780547701014,0.0013015504512271583,0.011977130144834536,1.9798215739348093
15,33379,0.06575205028057099,0.025,0.0,0.405862108618021,0.06772063774360003,0.0019223336063452917,0.0019223328426657715,-7.636795202291269e-10,continuous_direct_verified,gamma_low,0.06456209991888263,0.41599999943023563,0.038018939630769084,0.001189950361688355,0.010137890812214612,1.7812342585376337
16,38067,0.05059056878089905,0.025,0.0,0.46980252861976624,0.11926738531902532,0.00290691007109292,0.0010023270653214968,-0.0019045830057714233,continuous_direct_verified,gamma_low,0.050011986582622535,0.4770640269301966,0.09938948776585442,0.0005785821982765144,0.007261498310430381,1.2000000000000002
17,3715,0.06368040535598994,0.025,0.0,0.47423094436526303,0.09503570273171874,0.002865678881723187,0.002865676992016473,-1.889706714025552e-09,continuous_direct_verified,gamma_low,0.06234990587944974,0.48799999891451235,0.057543993727529774,0.001330499476540202,0.013769054549249315,1.651531229857139
18,47107,0.06185570247471333,0.025,0.0,0.42739060893654823,0.10977737392899595,0.0027404815981877067,0.002740479055095528,-2.543092178682038e-09,continuous_direct_verified,gamma_low,0.06046783307418338,0.4400000012242107,0.0724435960203515,0.0013878694005299494,0.012609392287662446,1.515349595541286
19,19395,0.06098684598691762,0.025,0.0,0.4340459875762463,0.10684800733524309,0.002649371237174552,0.002649369900481449,-1.3366931029927531e-09,continuous_direct_verified,gamma_low,0.059515192027530986,0.44800000087139985,0.06606934480860154,0.001471653959386636,0.013954013295153556,1.617210033560566
20,39907,0.06426591803319753,0.025,0.0,0.4064323455095291,0.209622650623434,0.004275555270337168,0.0042755479578420125,-7.312495155405163e-09,continuous_direct_verified,gamma_low,0.062452682468427646,0.42399999743640837,0.16595869060460436,0.001813235564769887,0.017567651926879257,1.263101376973736
21,21715,0.059003586415201426,0.025,0.0,0.40861428380012516,0.20326347059895614,0.004160082820153079,0.004160079164264022,-3.65588905676395e-09,continuous_direct_verified,gamma_low,0.056579120663975156,0.43200000177270365,0.13803842653069195,0.0024244657512262693,0.02338571797257849,1.4725136739642697
22,8371,0.050870137242600325,0.025,0.0,0.48597312346100807,0.1697515145057453,0.0038613452975052144,0.0014108848648135702,-0.0024504604326916445,continuous_direct_verified,gamma_low,0.05003417332034913,0.4969910281588748,0.14091549497084133,0.0008359639222511941,0.011017904697866732,1.2046334190634664
23,3507,0.05001404387876392,0.025,0.0,0.4685320667922497,0.18186505095666888,0.0038583456784827648,0.0038583456617753164,-1.6707448358826982e-11,continuous_direct_verified,m_low,0.05296972272234425,0.4319999998947801,0.27542287030480606,0.002955678843580334,0.03653206689746957,1.5144353951239826
24,15411,0.05147054134868086,0.025,0.0,0.416377803683281,0.32304111797614643,0.03427804356172407,0.02361885496614276,-0.01065918859558131,continuous_direct_verified,gamma_high,0.05356152376526304,0.4,0.3876493415713757,0.0020909824165821836,0.016377803683280956,1.2
25,23091,0.05132917677983642,0.025,0.0,0.4199252389371395,0.26988565932746583,0.010987313177697798,0.010987311814651481,-1.363046316441019e-09,continuous_direct_verified,gamma_high,0.05339737949386352,0.4,0.3311311201489403,0.0020682027140270995,0.01992523893713949,1.2269311417809061
26,20867,0.06322791613638401,0.025,0.0,0.41112444177269936,0.32938768584722655,0.005962554740381017,0.0022445998164188816,-0.0037179549239621354,continuous_direct_verified,gamma_low,0.06104669460437968,0.432818933289163,0.2744897382060222,0.0021812215320043335,0.021694491516463632,1.1999999999999997
27,5891,0.06282651671208442,0.025,0.0,0.46306414455175404,0.30700085201592475,0.005511214679809897,0.0023819133476351015,-0.0031293013321747956,continuous_direct_verified,gamma_low,0.06096160431618857,0.4837691411348411,0.255834043346604,0.0018649123958958472,0.020704996583087054,1.2
28,40627,0.050929766101762655,0.025,0.0,0.4101569540798664,0.3928227086590313,0.058716065529041975,0.0499287898972806,-0.008787275631761376,continuous_direct_verified,m_high,0.05,0.44015695407986644,0.36842589610068016,0.0009297661017626524,0.030000000000000027,1.0662190492486017
29,34867,0.05174937639385462,0.025,0.0,0.4278500206768513,0.4660315540682276,0.03621835574205823,0.020832477662503915,-0.015385878079554313,continuous_direct_verified,gamma_high,0.054473384920637864,0.4,0.5592378648818731,0.002724008526783242,0.027850020676851273,1.2
30,19251,0.05202905717305839,0.025,0.0,0.40721755325794223,0.5340671156500634,0.026607859111654805,0.02660782393236186,-3.5179292943998686e-08,continuous_direct_verified,m_high,0.05031260789024482,0.439999987624858,0.47863008625399434,0.001716449282813573,0.03278243436691575,1.1158243724918084
31,26163,0.051200590562075377,0.025,0.0,0.43793399780988695,0.5772402834766858,0.011742286103914168,0.011742281768403884,-4.335510284114719e-09,continuous_direct_verified,m_low,0.05418794421727789,0.4,0.6918309658907138,0.0029873536552025154,0.03793399780988693,1.1985147012330026
32,1971,0.05033442103303969,0.025,0.0,0.40302822440862657,0.6150334205912187,0.09933750222228316,0.06940571374973122,-0.029931788472551943,continuous_direct_verified,m_high,0.05,0.43302822440862654,0.6150334163376785,0.00033442103303969045,0.02999999999999997,1.0000000069159498
33,28851,0.0508214280474931,0.025,0.0,0.42357149571180347,0.8809482064502733,0.06529528533990325,0.040259575592824164,-0.02503570974707909,continuous_direct_verified,m_high,0.05,0.45357149571180344,0.8453810966718526,0.0008214280474930988,0.02999999999999997,1.0420722794943529
34,42291,0.05206531477160752,0.025,0.0,0.4203822992742062,0.6714394265876925,0.02221841249986104,0.022218383044313464,-2.94555475774394e-08,continuous_direct_verified,m_high,0.050258134532149695,0.45599999011634385,0.6025595785819595,0.001807180239457827,0.03561769084213767,1.114312095357993
35,38387,0.05291001587174833,0.025,0.0,0.4438151925802231,0.6488902612362124,0.007145507386766265,0.0025065329355704294,-0.004638974451195835,continuous_direct_verified,gamma_low,0.05017658343502622,0.48647981021433995,0.5407418843635103,0.0027334324367221108,0.04266461763411683,1.2
36,5203,0.057558173313736916,0.025,0.0,0.5599030792713166,0.014345861514604522,0.0018928958297376578,0.0012066032563267785,-0.0006862925734108793,continuous_direct_verified,gamma_high,0.05786990678176706,0.5559515402432074,0.025000801970315928,0.00031173346803014396,0.0039515390281091856,1.7427187586374198
37,23923,0.05438299467787147,0.025,0.0,0.5764725714921951,0.01497443870340506,0.0018696976025525788,0.0009888621795143566,-0.0008808354230382222,continuous_direct_verified,gamma_high,0.05470613545063864,0.5722362860517094,0.02674643472988057,0.00032314077276716924,0.00423628544048571,1.7861393845632862
38,33987,0.06118310140445829,0.025,0.0,0.5597478449344635,0.010316543470358007,0.0018150417156778077,0.0017656944565863973,-4.934725909141037e-05,continuous_direct_verified,gamma_high,0.06148987100573448,0.555873923600783,0.02024686230340352,0.00030676960127618697,0.0038739213336804745,1.962562592943827
39,11875,0.06564990631304682,0.025,0.0,0.5190411902964115,0.010258669941357965,0.0017985969271390781,0.0013863637741004218,-0.0004122331530386563,continuous_direct_verified,gamma_high,0.0659740718641234,0.5155205960705422,0.019730411890460892,0.0003241655510765745,0.0035205942258692557,1.9232914211341836
40,28787,0.053517880989238625,0.025,0.0,0.5689993187785148,0.0213416062478691,0.002043070337714863,0.001219309031043852,-0.0008237613066710112,continuous_direct_verified,gamma_high,0.053892757166504976,0.5644996589339284,0.03501097251102195,0.0003748761772663506,0.0044996598445864455,1.6405031610269587
41,39171,0.06237520319409669,0.025,0.0,0.5685869850218296,0.025370218927827624,0.0020007715486610963,0.001968275751020023,-3.2495797641073423e-05,continuous_direct_verified,gamma_high,0.06281517228978133,0.5642934913246725,0.039061843026661575,0.00043996909568463916,0.004293493697157036,1.5396730764438193
42,31363,0.06355546498671175,0.025,0.0,0.5364267557859421,0.02433246347033646,0.0019924464330807177,0.0014155124068165289,-0.0005769340262641888,continuous_direct_verified,gamma_high,0.06399110713925497,0.5322133771478806,0.0373838188032906,0.000435642152543228,0.004213378638061482,1.53637624274521
43,5603,0.06444227830506861,0.025,0.0,0.511943232268095,0.019367143366060935,0.0019908746273177434,0.0008883693771839086,-0.0011025052501338348,continuous_direct_verified,gamma_high,0.06484541595376303,0.5079716161340475,0.031126006710642647,0.0004031376486944155,0.0039716161340475065,1.607155279553927
44,18035,0.054021318629384044,0.025,0.0,0.5289253428578377,0.02820652083330078,0.002098362911050727,0.002098361712537344,-1.1985133827226158e-09,continuous_direct_verified,gamma_high,0.0547931089366971,0.5199999992733898,0.05495408738116816,0.0007717903073130583,0.008925343584447853,1.9482759928437912
45,44611,0.059502337733283645,0.025,0.0,0.5592311717569828,0.04104618491373138,0.0018636219884310835,0.0018636202824288105,-1.7060022730434887e-09,continuous_direct_verified,gamma_high,0.06009730387934406,0.5520000008265104,0.06025595861287188,0.0005949661460604161,0.00723117093047243,1.4680038775714368
46,36547,0.061429841862991455,0.025,0.0,0.5188566572964192,0.03428588947638658,0.0018617096213412738,0.0018617079667489183,-1.6545923554878161e-09,continuous_direct_verified,gamma_high,0.06211364529902742,0.5119999991816487,0.05495408738066694,0.0006838034360359679,0.006856658114770431,1.602819358631923
47,7299,0.06400010916404426,0.025,0.0,0.5280026219785213,0.03615279912910375,0.0018274921178914906,0.0018274918485144277,-2.693770629735165e-10,continuous_direct_verified,gamma_low,0.06324029449552558,0.5359999996708222,0.013182567385487832,0.0007598146685186824,0.007997377692300911,2.7424702694031313
48,38339,0.060637885844334966,0.025,0.0,0.5724799506366253,0.0693639731500907,0.0024948688142791666,0.0024948683855625796,-4.2871658697055115e-10,continuous_direct_verified,gamma_low,0.059672538425254086,0.5839999995202075,0.03801893963103572,0.0009653474190808795,0.011520048883582268,1.8244583837227097
49,24771,0.061391713423654445,0.025,0.0,0.5086216017603874,0.07568909657241418,0.0022048343770923948,0.0022048343770923948,0.0,verified_grid,gamma_low,0.060339506583276886,0.52,0.04365158322401661,0.0010522068403775592,0.01137839823961262,1.733937030049597
50,4355,0.062398100737482316,0.025,0.0,0.557491896301508,0.07655406759998654,0.0022003123894590044,0.0022003122313523785,-1.5810662588183755e-10,continuous_direct_verified,gamma_low,0.06147472188362127,0.5679999997254611,0.04786300923149338,0.0009233788538610468,0.010508103423953141,1.599441172403651
51,16083,0.05923865116201342,0.025,0.0,0.5586180783808231,0.05213667634179321,0.0019262421893055045,0.0019262397798563697,-2.4094491347850105e-09,continuous_direct_verified,gamma_high,0.05976636336515282,0.5520000009967492,0.06918309710082926,0.0005277122031394008,0.006618077384073939,1.3269564144688581
52,15795,0.05003894539549947,0.025,0.0,0.5404336869716644,0.09604130636401292,0.0034254062074326286,0.0034254051353804593,-1.0720521692597629e-09,continuous_direct_verified,gamma_high,0.05157712308855314,0.5199999991429178,0.1513561247983247,0.0015381776930536717,0.02043368782874655,1.575948209457493
53,17411,0.06199051686562598,0.025,0.0,0.5601091548800469,0.12311512539675816,0.0033235147344272005,0.0033235093036942903,-5.430732910247094e-09,continuous_direct_verified,gamma_low,0.06123243255284775,0.5680000019627401,0.1000000000416056,0.000758084312778233,0.007890847082693275,1.2311512534553537
54,31971,0.06505974391475321,0.025,0.0,0.5274437196552754,0.11613610737503609,0.0030565380431228214,0.003056533074690058,-4.968432763298447e-09,continuous_direct_verified,gamma_low,0.06418308545312405,0.5360000018159053,0.09120108396714438,0.000876658461629154,0.00855628216062998,1.2734070947761396
55,47043,0.06087031867355109,0.025,0.0,0.5534545391798019,0.1264732544893879,0.002953934869668813,0.002953933927471578,-9.42197235162534e-10,continuous_direct_verified,gamma_low,0.05961083566849765,0.5680000007691147,0.08709635900911228,0.0012594830050534425,0.014545461589312803,1.452107251419728
56,35907,0.059734787326306105,0.025,0.0,0.5652255997061729,0.20854747670945514,0.004752159302794206,0.0023760587487368224,-0.0023761005540573837,continuous_direct_verified,gamma_high,0.06109899076653934,0.5479385706137838,0.2502569720513461,0.0013642034402332331,0.017287029092389106,1.1999999999999997
57,33219,0.06073309308849276,0.025,0.0,0.5447144508361816,0.17328059503919463,0.00398505527458895,0.003985054434346911,-8.402420391406817e-10,continuous_direct_verified,gamma_low,0.05885457204362213,0.5679999991602097,0.11481536213049356,0.001878521044870629,0.02328554832402807,1.509210891502936
58,1635,0.06555281593464315,0.025,0.0,0.5661451868712902,0.18448110783121008,0.003921651471084628,0.002379846476845619,-0.0015418049942390087,continuous_direct_verified,gamma_high,0.0668737590147478,0.5510531642013151,0.22137732939745208,0.0013209430801046501,0.015092022669975114,1.2
59,4995,0.0630099988076836,0.025,0.0,0.5021762505173684,0.17001689905775133,0.0038640362151693922,0.003864031950976071,-4.2641933213627414e-09,continuous_direct_verified,gamma_low,0.06147073707670556,0.5199999981298185,0.12589254112157716,0.0015392617309780351,0.01782374761245009,1.3504922336388645
60,9267,0.05156541834585369,0.025,0.0,0.5472485847771168,0.30886770320209594,0.0077533520535774175,0.0025079039925572466,-0.005245448061020171,continuous_direct_verified,gamma_high,0.05331159035380993,0.5208972553379574,0.3706412438425152,0.001746172007956244,0.02635132943915941,1.2000000000000002
61,25267,0.051087921019643545,0.025,0.0,0.5773435667157173,0.3318557072747388,0.006367522646964986,0.002675764945315278,-0.0036917577016497083,continuous_direct_verified,gamma_high,0.05288300673724776,0.5484745699351339,0.39822684872968656,0.001795085717604214,0.02886899678058341,1.2
62,47683,0.05952432067133487,0.025,0.0,0.5360684886574745,0.29087327606476715,0.005851846234389583,0.002499436116477602,-0.003352410117911981,continuous_direct_verified,gamma_low,0.0579752416578252,0.5563754637010092,0.2423943967206393,0.0015490790135096674,0.020306975043534736,1.2
63,43523,0.06202637380920351,0.025,0.0,0.5748878724873066,0.3131722464076335,0.0056400637308862585,0.002863038953362181,-0.0027770247775240776,continuous_direct_verified,gamma_low,0.06035063935577014,0.5973916000137266,0.2609768720063613,0.0016757344534333724,0.022503727526420048,1.1999999999999997
64,8547,0.06605168362148106,0.025,0.0,0.5447313517332077,0.5195841283994346,0.006409007619871169,0.002606136808746523,-0.0038028708111246456,continuous_direct_verified,m_low,0.06844507572865241,0.5131211033913832,0.5946282161725858,0.0023933921071713493,0.031610248341824576,1.1444310625967782
65,16947,0.051421836484223604,0.025,0.0,0.53832356184721,0.3697029977462512,0.005981846412574164,0.0026323446834618986,-0.0033495017291122653,continuous_direct_verified,gamma_high,0.05347136004049418,0.5068411590486709,0.44364359729550146,0.0020495235562705758,0.03148240279853909,1.2
66,44419,0.06339920856989921,0.025,0.0,0.5763749405741692,0.39878224446941646,0.00587858858807602,0.0032658807309607868,-0.002612707857115233,continuous_direct_verified,m_low,0.06586263699411232,0.5432579881414824,0.4745874378866554,0.0024634284242131127,0.03311695243268675,1.1900916965801687
67,32051,0.052148185670375824,0.025,0.0,0.49095153212547304,0.41141698821638173,0.0052352169195975275,0.002442660850138903,-0.0027925560694586245,continuous_direct_verified,gamma_low,0.05023008230647732,0.5197449060283308,0.34284749018031807,0.001918103363898506,0.028793373902857744,1.2000000000000002
68,20403,0.05036928723566234,0.025,0.0,0.5713280975818634,0.981863911527326,0.05388157794318805,0.053881514066630345,-6.387655770295764e-08,continuous_direct_verified,m_high,0.05,0.6079999821093295,0.9549926257750336,0.00036928723566233973,0.03667188452746606,1.0281376892627676
69,44083,0.05153334736824036,0.025,0.0,0.5266786344349385,0.9362063765775827,0.01846874113336897,0.01846872365272494,-1.748064402951055e-08,continuous_direct_verified,m_low,0.05262556804046953,0.49600000782834497,1.0,0.001092220672229166,0.030678626606593484,1.0681405564183644
70,6883,0.06491729724220932,0.025,0.0,0.5362044081091881,0.9700578584405647,0.006286641258430326,0.001521298707782196,-0.00476534255064813,continuous_direct_verified,m_high,0.06320110563892936,0.5662216288662727,0.8891520859363378,0.0017161916032799596,0.030017220757084573,1.0909920516230107
71,24563,0.052577227773144844,0.025,0.0,0.5333904825150967,0.9112240886056211,0.005935084634257872,0.005935077654862923,-6.979394949133133e-09,continuous_direct_verified,m_high,0.05043254954220128,0.5760000022506284,0.7943282378157007,0.002144678230943567,0.04260951973553173,1.1471631565199907
72,6099,0.05869151502847672,0.025,0.0,0.6553734436631202,0.01131128593449783,0.0019001449514029244,0.0014791176761194266,-0.00042102727528349785,continuous_direct_verified,gamma_high,0.05895756914674322,0.6516867226476456,0.020717942027298545,0.00026605411826650244,0.0036867210154746255,1.8316168601230154
73,30163,0.05847922223620117,0.025,0.0,0.5998152375221253,0.013701018396057432,0.0018296788019701007,0.001036224812109876,-0.0007934539898602248,continuous_direct_verified,gamma_high,0.05879128304179351,0.5959076191436797,0.024432451635716727,0.0003120608055923457,0.003907618378445554,1.7832580710020316
74,45971,0.05610677008517087,0.025,0.0,0.6002018421888351,0.014947174196302792,0.001814549557902302,0.001085860635219287,-0.000728688922683015,continuous_direct_verified,gamma_high,0.05641844016162122,0.5961009215139055,0.02611380585344694,0.00031167007645034606,0.00410092067492962,1.7470730929131897
75,39731,0.05201018992811442,0.025,0.0,0.62374227643013,0.013737594824936602,0.0017762506550498911,0.0008843190142821717,-0.0008919316407677194,continuous_direct_verified,gamma_high,0.05228467988382756,0.6198711384222763,0.024465042504772057,0.00027448995571314333,0.0038711380078537694,1.78088252103366
76,31699,0.05851350771263242,0.025,0.0,0.624852529168129,0.02595115224602972,0.0020720207127539816,0.0014572209111896066,-0.0006147998015643751,continuous_direct_verified,gamma_low,0.058189497726753775,0.628426265321378,0.014705767646046697,0.0003240099858786427,0.003573736153249074,1.7646921174499912
77,11347,0.057482152525335554,0.025,0.0,0.6640323758125305,0.01878536196368832,0.0020114339192954063,0.0011755154247716864,-0.0008359184945237199,continuous_direct_verified,gamma_high,0.05781512652289832,0.6600161875384684,0.030654935510650017,0.0003329739975627688,0.004016188274062138,1.6318522672017346
78,36563,0.059268044959753755,0.025,0.0,0.6562521912157535,0.022948957869369135,0.0019941846199187045,0.0015081585067141811,-0.0004860261132045233,continuous_direct_verified,gamma_high,0.05963309327123921,0.6521260949153193,0.03547906019893301,0.00036504831148545525,0.004126096300434257,1.545998750831657
79,15379,0.054692886769771576,0.025,0.0,0.6250230692327022,0.020220164637460486,0.0019788878417229447,0.0010666264127277847,-0.0009122614289951601,continuous_direct_verified,gamma_high,0.05504768068013203,0.6205115344344568,0.033302970043371835,0.00035479391036045277,0.004511534798245398,1.647017748889826
80,33123,0.06607126081362368,0.025,0.0,0.5843045696616173,0.02844825056598625,0.0021823592442084725,0.002182358509940221,-7.342682516696397e-10,continuous_direct_verified,gamma_high,0.06688473454807124,0.5759999994033843,0.052480746021202694,0.0008134737344475673,0.008304570258232946,1.8447793792968965
81,39875,0.06104347845539451,0.025,0.0,0.6474941574037075,0.041535301146826464,0.002152449855836173,0.0021524494938965086,-3.6193966443734404e-10,continuous_direct_verified,gamma_low,0.06035266658870899,0.6559999995894922,0.018197008585912857,0.0006908118666855215,0.008505842185784651,2.2825345688401146
82,28547,0.0631727854255587,0.025,0.0,0.6080329939723015,0.028500154526782628,0.002113728401007132,0.002113727153509661,-1.2474974712094189e-09,continuous_direct_verified,gamma_high,0.06385961063510104,0.6000000007598437,0.050118723366018615,0.0006868252095423438,0.008032993212457762,1.7585421622510935
83,17891,0.06449999860487879,0.025,0.0,0.5995416015386581,0.03226978221275983,0.0020215198940001086,0.0020215184857907686,-1.4082093399356288e-09,continuous_direct_verified,gamma_high,0.06515924994963244,0.592000000791776,0.052480746028789625,0.0006592513447536558,0.007541600746882149,1.626312371207704
84,27491,0.06638445677235723,0.025,0.0,0.6598365694284439,0.07450163739528409,0.0028005897609256736,0.0028005891651981885,-5.957274851371708e-10,continuous_direct_verified,gamma_high,0.06739397245046416,0.6480000006049574,0.10471285481609995,0.0010095156781069342,0.011836568823486493,1.405510784421071
85,4739,0.06353956731036306,0.025,0.0,0.6530128292739391,0.060375424171744435,0.002710586196847501,0.002710580732627565,-5.464219935899517e-09,continuous_direct_verified,gamma_low,0.06321461428965496,0.6560000017970709,0.050118723371953514,0.0003249530207081047,0.0029871725231317425,1.2046480857796666
86,12803,0.062116742040961986,0.025,0.0,0.6126253567636013,0.06725163169532301,0.002596468310035436,0.002596468186470328,-1.2356510779854002e-10,continuous_direct_verified,gamma_low,0.06116205670324572,0.6239999997364682,0.036307805476672915,0.0009546853377162684,0.011374642972866944,1.8522637436330578
87,26339,0.0647814020048827,0.025,0.0,0.6303410604596138,0.0504516172869915,0.0024167469471181235,0.0024167429391833916,-4.007934731927593e-09,continuous_direct_verified,gamma_high,0.06528636944555405,0.6240000014580066,0.06606934481296939,0.0005049674406713556,0.006341059001607197,1.3095585110213064
88,18787,0.06603297186084092,0.025,0.0,0.665805035084486,0.11763363244896,0.0038941401453877725,0.00389413660468361,-3.5407041625891422e-09,continuous_direct_verified,gamma_low,0.06491328141716883,0.6799999982669175,0.08317637708753309,0.0011196904436720917,0.01419496318243152,1.4142673264689662
89,2147,0.06550011290237308,0.025,0.0,0.6411336444318294,0.11247293669010594,0.0037991425283533764,0.00379914085495659,-1.673396786590342e-09,continuous_direct_verified,gamma_low,0.06419518342285103,0.6560000011763191,0.07244359602198809,0.0013049294795220434,0.014866356744489662,1.5525587196964676
90,9603,0.06342201558873058,0.025,0.0,0.5997037753462792,0.12865619536951356,0.0032888731315619565,0.003288872677818634,-4.5374332242886783e-10,continuous_direct_verified,gamma_low,0.06208115711326564,0.6159999994331947,0.08709635898899099,0.0013408584754649386,0.016296224086915556,1.4771707665274016
91,33347,0.05959940045140684,0.025,0.0,0.6401909783482551,0.1248788271081354,0.0031581371414363627,0.0031581364216113905,-7.198249721979133e-10,continuous_direct_verified,gamma_high,0.060868548211211085,0.6239999993160275,0.1659586906954044,0.0012691477598042455,0.01619097903222766,1.3289577948365658
92,19987,0.055094922380521896,0.025,0.0,0.6566712640225887,0.19143576815774996,0.00442793852906001,0.004427936220037243,-2.30902276725925e-09,continuous_direct_verified,gamma_high,0.05680691142425793,0.6319999985983848,0.2511886429282134,0.0017119890437360327,0.024671265424203837,1.3121301486419452
93,13283,0.06429248433560134,0.025,0.0,0.6278817184269428,0.18892252320203315,0.0044099370392124485,0.0026009008535703487,-0.0018090361856420998,continuous_direct_verified,gamma_high,0.06556422134062173,0.6119665532078422,0.22670702784243976,0.0012717370050203958,0.015915165219100635,1.2
94,2819,0.0626742250751704,0.025,0.0,0.6596682950854301,0.17946970132353965,0.004268324080906452,0.004268321848178353,-2.2327280987596843e-09,continuous_direct_verified,gamma_low,0.06118953441221277,0.6799999985820553,0.13182567380743399,0.00148469066295763,0.020331703496625164,1.3614169087100763
95,29619,0.05053424420766533,0.025,0.0,0.589269719272852,0.208131621732945,0.004174940753727679,0.004174938675310839,-2.078416839676467e-09,continuous_direct_verified,gamma_high,0.052378413202417665,0.5600000012818525,0.2754228705440549,0.0018441689947523363,0.029269717990999533,1.3233110291018235
96,37811,0.05052766874432564,0.025,0.0,0.6010892614722252,0.27771332541010935,0.008186526168757327,0.0074222489281869225,-0.0007642772405704046,continuous_direct_verified,a1_high,0.05552904918189112,0.5222541208657995,0.4595720041455793,0.005001380437565477,0.07883514060642571,1.6548431857452741
97,42547,0.05119433919899166,0.025,0.0,0.592574518918991,0.2816521941515821,0.006982575189430207,0.006982568740721147,-6.448709059803104e-09,continuous_direct_verified,m_low,0.053903503036309246,0.551999997202587,0.38018939534866864,0.002709163837317584,0.04057452171640408,1.349854193374595
98,4531,0.05015717074275017,0.025,0.0,0.658887755125761,0.31567621356829345,0.006285781434906384,0.002883946701632299,-0.003401834733274085,continuous_direct_verified,gamma_high,0.05175730615125629,0.6302285638863124,0.3788114562819521,0.0016001354085061203,0.0286591912394486,1.2
99,1203,0.050653647771105176,0.025,0.0,0.5871346391737461,0.25803348048574065,0.00607568417532082,0.006075677382574509,-6.7927463107478325e-09,continuous_direct_verified,gamma_high,0.05223714818613641,0.5600000027491652,0.31622776664311875,0.0015835004150312332,0.027134636424580916,1.2255299817985985
100,21987,0.0644350050482899,0.025,0.0,0.6365478500723839,0.4635604809049691,0.0070553667949801524,0.00377796989226195,-0.0032773969027182024,continuous_direct_verified,gamma_low,0.06209855911120479,0.6721948085672179,0.3863004007541409,0.0023364459370851104,0.03564695849483401,1.2
101,13411,0.0653720653615892,0.025,0.0,0.6231735274195671,0.42779933144557214,0.005895784955722839,0.0030131717125739233,-0.0028826132431489155,continuous_direct_verified,m_low,0.06749147207970665,0.5931735274195671,0.4943106494817993,0.0021194067181174586,0.030000000000000027,1.15547316965522
102,17251,0.06627999925985933,0.025,0.0,0.6002994760870933,0.3978324130999942,0.0058248953771110465,0.00315820053117104,-0.0026666948459400062,continuous_direct_verified,m_low,0.06853138683761666,0.5702994760870933,0.46530103172386705,0.0022513875777573217,0.030000000000000027,1.1695905522080092
103,14419,0.05744237760081888,0.025,0.0,0.640661858767271,0.4711340807050328,0.005755973183081973,0.003450204931472475,-0.0023057682516094986,continuous_direct_verified,gamma_low,0.05533773049134829,0.6769428093143149,0.3926117339208607,0.0021046471094705865,0.036280950547043944,1.2
104,39347,0.050262537552043796,0.025,0.0,0.6665899567306042,0.9476014453120493,0.026669093567802813,0.026669073824593253,-1.9743209560274533e-08,continuous_direct_verified,m_low,0.0510336667981917,0.6320000099657495,1.0,0.000771129246147903,0.03458994676485472,1.0552959843478242
105,11827,0.05131792575120926,0.025,0.0,0.5813559174537659,0.9215293118450902,0.01764728973285224,0.017647274081585236,-1.565126700464603e-08,continuous_direct_verified,m_low,0.05261439711188525,0.5440000072398042,1.0,0.0012964713606759895,0.037355910213961674,1.0851526773443543
106,31283,0.051350422948598866,0.025,0.0,0.6346403941512108,0.9941487921696716,0.00814683802531663,0.008146828142119908,-9.883196722820786e-09,continuous_direct_verified,m_high,0.05005775117893897,0.6719999970689351,0.9120108339426816,0.0012926717696598936,0.03735960291772433,1.090062480806179
107,47411,0.05220828070305288,0.025,0.0,0.6053165398538113,0.8507057887034305,0.007421465977912345,0.007421455072896161,-1.0905016184330207e-08,continuous_direct_verified,m_low,0.05406855584614371,0.567999996969321,0.954992580497619,0.0018602751430908254,0.03731654288449027,1.122588553150829
108,17763,0.06582941957749427,0.025,0.0,0.7197633244097232,0.010696121494338068,0.0024407360653778075,0.0016743563092501159,-0.0007663797561276917,continuous_direct_verified,gamma_high,0.066137970549155,0.7158816631783406,0.020615970623320275,0.00030855097166072876,0.0038816612313826715,1.927424873981959
109,10755,0.06202186616137624,0.025,0.0,0.7442560777068138,0.01497000033691758,0.0023502209402500997,0.0012607904952251475,-0.0010894304450249522,continuous_direct_verified,gamma_high,0.062349486184786904,0.740128039215304,0.026133737714699297,0.000327620023410663,0.004128038491509778,1.745740623014602
110,31331,0.0656835702713579,0.025,0.0,0.6720067165791989,0.011078930839431334,0.002289622459926384,0.0020485143105771868,-0.00024110814934919737,continuous_direct_verified,gamma_high,0.06599455284366162,0.6680033596461279,0.02098164567635983,0.0003109825723037196,0.004003356933070967,1.8938330765350988
111,21475,0.06430413546040654,0.025,0.0,0.7436823584139347,0.01603273342788907,0.002245427632889674,0.0011898239427491836,-0.0010556036901404906,continuous_direct_verified,gamma_high,0.06464072790269856,0.7398411790362421,0.02704546226596419,0.0003365924422920191,0.003841179377692572,1.6868902852783914
112,4483,0.06322951205074788,0.025,0.0,0.737265595793724,0.025354956999125974,0.0026337212351085024,0.0017150649803171396,-0.0009186562547913628,continuous_direct_verified,gamma_high,0.06364520987475872,0.7326327971978188,0.03905009207000488,0.0004156978240108383,0.004632798595905152,1.5401363950785243
113,30403,0.061516569834202534,0.025,0.0,0.7527625970542431,0.021909183614547308,0.002450098887229816,0.001444571907163742,-0.001005526980066074,continuous_direct_verified,gamma_high,0.06189076267144665,0.7483812981088566,0.034665999031323814,0.00037419283724411667,0.004381298945386525,1.5822588208310149
114,22083,0.05941575923934579,0.025,0.0,0.7128755889832974,0.01830090372784451,0.002356389639322121,0.002356385063299084,-4.576023036623883e-09,continuous_direct_verified,gamma_high,0.059550340705508575,0.7119999984765971,0.022908676526107077,0.00013458146616278366,0.0008755905067002745,1.2517784294582086
115,42371,0.06342651988379658,0.025,0.0,0.7194350250065327,0.020205557565035715,0.0023207185206734044,0.0012158132355736396,-0.0011049052850997648,continuous_direct_verified,gamma_high,0.06375705924969613,0.7157175121319638,0.03106891182759267,0.00033053936589955146,0.0037175128745688957,1.537641895186066
116,13955,0.063756303768605,0.025,0.0,0.7518335990607738,0.03796303542979547,0.0024056729417332302,0.0024056729417332302,0.0,verified_grid,gamma_low,0.06307138622661054,0.76,0.01513561248436208,0.0006849175419944564,0.00816640093922616,2.50819287749461
117,20707,0.06517511047422886,0.025,0.0,0.671490041911602,0.038172682021668486,0.0022584735219927303,0.002258471610660403,-1.9113323272181015e-09,continuous_direct_verified,gamma_high,0.06579395806537644,0.664000000975057,0.05754399373954415,0.000618847591147581,0.007490040936545039,1.5074653048187616
118,3683,0.06567203816957773,0.025,0.0,0.7355728864669799,0.0378337569761782,0.002252160487832221,0.00225215946328501,-1.0245472109593479e-09,continuous_direct_verified,gamma_high,0.06629464684919911,0.7280000007131759,0.05754399373770361,0.0006226086796213837,0.007572885753803993,1.5209695873961406
119,11635,0.05434537613764406,0.025,0.0,0.7281894758343697,0.02913883548029267,0.002246959625463059,0.002246958973803434,-6.516596251331108e-10,continuous_direct_verified,gamma_high,0.054958728840156165,0.7199999994464134,0.05248074602135481,0.0006133527025121085,0.008189476387956307,1.8010584553678841
120,39763,0.057737678615376355,0.025,0.0,0.7084393426775932,0.06481998847913197,0.002848932639232903,0.002848932538938626,-1.0029427678984182e-10,continuous_direct_verified,gamma_low,0.05686046642471531,0.7200000002462515,0.03311311214911243,0.0008772121906610447,0.011560657568658317,1.9575323571894891
121,8771,0.05961926598101855,0.025,0.0,0.676442688703537,0.0721635517927645,0.0027031577741957235,0.0027031577359490203,-3.8246703113614666e-11,continuous_direct_verified,gamma_high,0.060591293665434504,0.6639999998531697,0.10471285479891863,0.0009720276844159548,0.012442688850367256,1.4510490711381212
122,22611,0.05746718887239695,0.025,0.0,0.7252610944211483,0.07403344493451187,0.0025437252307358746,0.002543725153733986,-7.700188837250765e-11,continuous_direct_verified,gamma_low,0.05668785363866598,0.7359999997966711,0.0457088189611857,0.0007793352337309711,0.0107389053755228,1.619675297175769
123,2787,0.06488860179670156,0.025,0.0,0.6999794095754623,0.06753323161000185,0.0025290522702630844,0.0025290477799297666,-4.490333317848372e-09,continuous_direct_verified,gamma_low,0.06448898324302337,0.704000001576392,0.0549540873957892,0.000399618553678191,0.004020592000929635,1.2289027952300509
124,46435,0.06586037520319224,0.025,0.0,0.7466955870389937,0.11476608145969783,0.003954336867440226,0.00395433473078729,-2.1366529353097907e-09,continuous_direct_verified,gamma_low,0.0647375570719793,0.7600000013544609,0.07943282349290745,0.001122818131212941,0.013304414315467139,1.4448193632440283
125,34211,0.06662768172100186,0.025,0.0,0.720137669891119,0.11871681784183612,0.0035724759959678315,0.003572475847844348,-1.4812348353085425e-10,continuous_direct_verified,gamma_high,0.06795366958397649,0.7039999996675528,0.15848931921817155,0.001325987862974623,0.01613767022356627,1.3350199415665225
126,3971,0.06316226306371392,0.025,0.0,0.7234920218586922,0.1062042223339168,0.00347537838494129,0.0034753758594652687,-2.525476021451173e-09,continuous_direct_verified,gamma_low,0.06223814547286768,0.7359999986252181,0.0758577574882093,0.0009241175908462421,0.01250797676652593,1.4000443178197601
127,27059,0.050221570301800966,0.025,0.0,0.6935212656855583,0.08831930735427532,0.0034033135119717617,0.003403310924599111,-2.587372650766223e-09,continuous_direct_verified,gamma_high,0.05101879436379936,0.6800000013335681,0.12022644350102382,0.0007972240619983917,0.013521264351990192,1.3612702262117997
128,8275,0.057383902650326495,0.025,0.0,0.7222681596875191,0.21177250474734927,0.004957657013254956,0.004957654087649788,-2.925605167847234e-09,continuous_direct_verified,gamma_low,0.05588864214212887,0.7440000017113882,0.15848931935262656,0.0014952605081976211,0.02173184202386913,1.336194171395056
129,2371,0.060463590454310184,0.025,0.0,0.7509938903152942,0.17455848126138887,0.004407611414239567,0.004407608728371502,-2.6858680644142874e-09,continuous_direct_verified,gamma_low,0.05920797117656193,0.768000001567195,0.13182567392252045,0.0012556192777482544,0.01700611125190077,1.3241614934886228
130,6403,0.062370551936328414,0.025,0.0,0.7380493596196174,0.16208227919244592,0.0043762230374950655,0.004376218892703722,-4.144791343474452e-09,continuous_direct_verified,gamma_low,0.061267727095955085,0.7520000019527104,0.1258925412528786,0.0011028248403733287,0.013950642333093066,1.2874653063589645
131,33635,0.06629077433608473,0.025,0.0,0.7551354169845581,0.14369360359073924,0.004235432303936348,0.0042354269464949575,-5.35744139069233e-09,continuous_direct_verified,gamma_low,0.06536902472347333,0.7679999977880793,0.11481536208981011,0.0009217496126113917,0.012864580803521153,1.2515189690238506
132,9875,0.056571496604010466,0.025,0.0,0.7529926843941211,0.2552855062892891,0.006309023427103016,0.003242283382469228,-0.0030667400446337876,continuous_direct_verified,gamma_high,0.057999887005795434,0.7295102112642278,0.3063426075471469,0.001428390401784968,0.023482473129893378,1.2
133,20275,0.05182540346868336,0.025,0.0,0.7479768224060535,0.2963897487080386,0.005967297920634227,0.005967293227941029,-4.692693197569375e-09,continuous_direct_verified,gamma_low,0.050426196329838316,0.7759999976976404,0.23988329158990232,0.001399207138845046,0.028023175291586933,1.2355581197157246
134,8835,0.06350552840158344,0.025,0.0,0.7309658944606781,0.31088234428660916,0.005837614730502634,0.0035419752029776756,-0.002295639527524958,continuous_direct_verified,gamma_low,0.06192052282679252,0.7547862600813285,0.25906862023884103,0.0015850055747909167,0.023820365620650485,1.1999999999999997
135,32771,0.06177570307627321,0.025,0.0,0.7486951984465122,0.24659626845217278,0.005822867930759459,0.0034228995169543587,-0.0023999684138051,continuous_direct_verified,gamma_high,0.06328639141615314,0.7261490291483106,0.2959155221426073,0.001510688339879926,0.022546169298201635,1.2
136,45107,0.05168320713564754,0.025,0.0,0.7492151089012622,0.588775975482099,0.006310847833461368,0.0035702710796718684,-0.0027405767537894998,continuous_direct_verified,gamma_high,0.054192406995342876,0.6936166493666026,0.7065311705785189,0.0025091998596953394,0.05559845953465958,1.2000000000000002
137,835,0.06014320575632155,0.025,0.0,0.7164961099624634,0.5157876435858003,0.005859018831144055,0.003981822809862659,-0.0018771960212813962,continuous_direct_verified,gamma_low,0.057850339038950094,0.7579965562862425,0.4298230363215002,0.0022928667173714584,0.04150044632377914,1.2000000000000002
138,41187,0.06520777684636414,0.025,0.0,0.6945583991706371,0.4099104080150298,0.005812222741726372,0.00393042773406259,-0.0018817950076637823,continuous_direct_verified,gamma_low,0.06311037003048706,0.7266809090646987,0.34159200667919154,0.0020974068158770842,0.032122509894061624,1.2
139,17539,0.06393979243002833,0.025,0.0,0.7334634833037853,0.37229543807857185,0.00573017977945215,0.0036730140486555237,-0.002057165730796626,continuous_direct_verified,m_low,0.06595994846900566,0.7020837000459937,0.43831293809992267,0.0020201560389773304,0.03137978325779156,1.1773255680006962
140,20195,0.06465926202945411,0.025,0.0,0.682919955253601,0.9072048973139155,0.007544517565391751,0.00388645616857207,-0.0036580613968196815,continuous_direct_verified,gamma_low,0.061363333411656326,0.750379055400725,0.7560040810949296,0.0032959286177977887,0.06745910014712397,1.2
141,38275,0.06346973082982005,0.025,0.0,0.6973438486456871,0.9290004255242851,0.006083626482440125,0.0038345209429194523,-0.002249105539520673,continuous_direct_verified,gamma_low,0.06022062626839193,0.7666701571482855,0.7741670212702376,0.003249104561428115,0.06932630850259835,1.2
142,36659,0.05181471724063158,0.025,0.0,0.6965634874999523,0.6098450036044021,0.0059404496409700795,0.0033789887819048506,-0.002561460859065229,continuous_direct_verified,gamma_high,0.05441095329878152,0.6412305964524927,0.7318140043252824,0.002596236058149938,0.05533289104745964,1.2
143,42675,0.05100035150535405,0.025,0.0,0.7127779074013233,0.9148635741731351,0.0057685052906621325,0.005768497872626714,-7.418035418566005e-09,continuous_direct_verified,m_low,0.052378233586822746,0.6799999979273685,0.9999999955004929,0.0013778820814686968,0.03277790947395476,1.0930591442601758
144,41116,0.06614052732475102,0.025,0.0,0.8081333331763745,0.011558315564013285,0.0027105363430445753,0.0018171836837067704,-0.0008933526593378049,continuous_direct_verified,gamma_high,0.0664592376130492,0.8040666675769074,0.021929962887812387,0.0003187102882981768,0.004066665599467112,1.897332078048737
145,4835,0.06479808450676501,0.025,0.0,0.768327421694994,0.01477401567150789,0.002531034092604852,0.0013782643543395231,-0.0011527697382653287,continuous_direct_verified,gamma_high,0.06513923131272911,0.7641637112978981,0.025962104921402496,0.0003411468059641015,0.004163710397095954,1.75728153392115
146,2691,0.06359109869226814,0.025,0.0,0.7838622227311134,0.016675092655714704,0.0024133583818990736,0.0012071775378733802,-0.0012061808440256934,continuous_direct_verified,gamma_high,0.06391755082704793,0.7799311114806305,0.027581936285307397,0.0003264521347797894,0.003931111250482844,1.654079941550119
147,6316,0.05789754902943969,0.025,0.0,0.8161132119596004,0.016045428827777854,0.002394427653979571,0.0012330998892931258,-0.0011613277646864454,continuous_direct_verified,gamma_high,0.05819554538817057,0.8120566062471175,0.027056168021046722,0.0002979963587308801,0.004056605712482897,1.6862228059749373
148,36252,0.06578811313956977,0.025,0.0,0.8405093587934971,0.025642974813511518,0.0029636066083871698,0.0014127762328298144,-0.0015508303755573554,continuous_direct_verified,gamma_low,0.06545049736929066,0.8442546797447757,0.014618189244381035,0.00033761577027910383,0.0037453209512786634,1.7541827092824243
149,28860,0.06000443776138127,0.025,0.0,0.8326379925012588,0.01860936799635303,0.002686660706036438,0.0026866556952061566,-5.0108302815203565e-09,continuous_direct_verified,gamma_high,0.06012944569316347,0.8319999982978767,0.02290867652592038,0.00012500793178219644,0.000637994203382064,1.231029260661077
150,17923,0.06220988705754281,0.025,0.0,0.7762046396732329,0.0197092820023276,0.0024751245172263806,0.0012679244870507957,-0.001207200030175585,continuous_direct_verified,gamma_high,0.06255398055369138,0.7721023196660538,0.03139973803083799,0.0003440934961485703,0.004102320007179139,1.593144693303885
151,35123,0.05224290969781578,0.025,0.0,0.7771233350038529,0.022063246177732,0.0022973881342426483,0.0022973848589670017,-3.275275646617143e-09,continuous_direct_verified,gamma_high,0.052381665745758005,0.7759999987503996,0.027542287031493216,0.0001387560479422234,0.0011233362534532887,1.2483333961659324
152,12060,0.06517410799860955,0.025,0.0,0.8329484641551972,0.02811919746652242,0.002807877678206247,0.0024793794096480003,-0.0003284982685582468,continuous_direct_verified,gamma_high,0.06560561024280405,0.8284742307561309,0.042081584480375814,0.00043150224419449823,0.004474233399066274,1.4965428700615104
153,10396,0.06625512065365911,0.025,0.0,0.8157875768840313,0.038482325900765786,0.0026346309015314435,0.002634630129234532,-7.722969113180267e-10,continuous_direct_verified,gamma_high,0.06694227518449423,0.8079999993304823,0.06025595860126446,0.0006871545308351212,0.007787577553548974,1.5658086456792204
154,60,0.06098558730445803,0.025,0.0,0.8078757368028164,0.04002492564425612,0.002377431048593007,0.0023774300618607685,-9.867322384518595e-10,continuous_direct_verified,gamma_high,0.06157065691790469,0.8000000007105029,0.060255958611802676,0.0005850696134466621,0.007875736092313512,1.5054608507548812
155,12540,0.06277750213630498,0.025,0.0,0.8313208967447281,0.033506195341688916,0.002370369903642519,0.002370368860885833,-1.0427566861197224e-09,continuous_direct_verified,gamma_high,0.06333864696136139,0.8240000007327035,0.052480746028319765,0.0005611448250564116,0.007320896012024569,1.5662997691362
156,23100,0.06065984657034278,0.025,0.0,0.8362675078213215,0.07138168335941156,0.0033586378834213585,0.0033586378558012136,-2.7620144886497666e-11,continuous_direct_verified,gamma_low,0.059762606758948685,0.8480000001408182,0.03981071705646144,0.0008972398113940988,0.01173249231949669,1.7930268188381204
157,47075,0.06409332151524723,0.025,0.0,0.7879725597798823,0.06855289864120771,0.003288241789182445,0.0032882413466994256,-4.424830194089957e-10,continuous_direct_verified,gamma_high,0.06507067787853457,0.7759999994405086,0.09999999998423217,0.0009773563632873433,0.011972560339373772,1.4587275223417226
158,32428,0.058049141755327584,0.025,0.0,0.8202401846647263,0.07021239922246568,0.003210300531938192,0.0032102958775629986,-4.65437519341777e-09,continuous_direct_verified,gamma_low,0.05769626434861539,0.8240000017768428,0.05754399374620201,0.00035287740671219314,0.0037598171121165924,1.2201516553080711
159,6067,0.050328505923971534,0.025,0.0,0.7643020242452621,0.075796708225737,0.0030801263610090997,0.0030801227569459814,-3.6040631182579497e-09,continuous_direct_verified,gamma_low,0.05001788321907393,0.768000001503983,0.0630957344606975,0.0003106227048976021,0.003697977258720897,1.2012968685379355
160,20636,0.06617190539836884,0.025,0.0,0.831933967769146,0.12429142575677503,0.004507888457957614,0.0045078878074707,-6.504869143331149e-10,continuous_direct_verified,gamma_low,0.06488148896102232,0.8480000007960048,0.08317637712579436,0.0012904164373465227,0.016066033026858828,1.4943116068736566
161,44908,0.056989539274945857,0.025,0.0,0.807711485773325,0.12509506308416965,0.004014072172902826,0.00401407152225184,-6.506509862141963e-10,continuous_direct_verified,gamma_low,0.05585217708721799,0.824000000736379,0.08317637712383356,0.001137362187727864,0.016288514963054057,1.503973452677883
162,15187,0.0577547200024128,0.025,0.0,0.7690555244684218,0.11217475030023102,0.0037195529910825356,0.003719551520000833,-1.4710817026336587e-09,continuous_direct_verified,gamma_low,0.05675477857278638,0.78399999892865,0.07585775749197343,0.000999941429626422,0.014944474460228174,1.478751205004977
163,23724,0.057667923159897334,0.025,0.0,0.8009935013949872,0.12177246032810346,0.003680137691903259,0.0036801371850702013,-5.068330577277791e-10,continuous_direct_verified,gamma_low,0.056606696098749805,0.8160000006233498,0.08317637712198878,0.0010612270611475294,0.015006499228362613,1.4640269814770677
164,44643,0.06565442429855467,0.025,0.0,0.7993224635720253,0.20701997337612416,0.005205581688132063,0.003439292698859749,-0.0017662889892723142,continuous_direct_verified,gamma_high,0.06698962929257533,0.78065118325154,0.24842396805134895,0.001335204994020664,0.018671280320485262,1.1999999999999997
165,32588,0.05085402191616595,0.025,0.0,0.8331576153635978,0.20157991852951834,0.005136192461516137,0.0024823564047888685,-0.002653836056727269,continuous_direct_verified,gamma_low,0.05003605393585128,0.8478713915812279,0.1679832654412653,0.0008179679803146656,0.014713776217630148,1.2
166,4860,0.06253357464447618,0.025,0.0,0.8380706124007702,0.19658768326079004,0.005109623977945212,0.0051096191469902595,-4.830954952912692e-09,continuous_direct_verified,gamma_low,0.06140204288681894,0.855999997735431,0.15848931912317135,0.0011315317576572337,0.01792938533466082,1.2403844268395792
167,45180,0.06314759207889438,0.025,0.0,0.8322644785046578,0.20794806474150052,0.0050981072265437796,0.0034448406468980427,-0.0016532665796457368,continuous_direct_verified,gamma_high,0.06442936850697671,0.8133923885580912,0.24953767768980056,0.0012817764280823318,0.01887208994656664,1.1999999999999997
168,28595,0.05039342404343188,0.025,0.0,0.7864109791815281,0.2660851587569519,0.009156985251333802,0.009156976682460953,-8.568872849126774e-09,continuous_direct_verified,m_low,0.05240151200303321,0.7519999963149491,0.346736849284276,0.0020080879596013276,0.034410982866579065,1.303104806386414
169,7068,0.0653197793290019,0.025,0.0,0.8219866119325161,0.35457614178454266,0.007401160768880796,0.004230329245548952,-0.003170831523331844,continuous_direct_verified,gamma_low,0.06351923248556159,0.8505040146495203,0.29548011815378555,0.0018005468434403177,0.028517402717004203,1.2
170,515,0.06214621895924211,0.025,0.0,0.7908715516328811,0.2596823881000353,0.007022935202518723,0.003345395039589065,-0.0036775401629296585,continuous_direct_verified,gamma_low,0.060855940541377045,0.8105302889466766,0.21640199008336278,0.0012902784178650678,0.019658737313795416,1.2
171,2483,0.05024983044713736,0.025,0.0,0.778065700829029,0.31892044127021274,0.0067064842552207946,0.0067064842552207946,0.0,verified_grid,m_low,0.05362586313269184,0.712,0.4570881896148752,0.0033760326855544823,0.06606570082902907,1.43323578693909
172,44956,0.06544377855025232,0.025,0.0,0.8339595124125481,0.4449894526594664,0.006854212855142026,0.004634598039481958,-0.002219614815660068,continuous_direct_verified,gamma_low,0.06326114720262628,0.8710919911663177,0.3708245438828886,0.0021826313476260434,0.03713247875376968,1.2000000000000002
173,37308,0.059492309624329213,0.025,0.0,0.8218382969498634,0.39635104480709404,0.0065500801910870635,0.004069693596685085,-0.0024803865944019784,continuous_direct_verified,gamma_low,0.057686013093855334,0.8543000823731226,0.330292537339245,0.001806296530473879,0.03246178542325917,1.2000000000000002
174,21699,0.061163081089034683,0.025,0.0,0.7712066441774368,0.40127768584470547,0.006341493077977513,0.003994720660121819,-0.002346772417855693,continuous_direct_verified,gamma_low,0.05926979964578623,0.8035916730912539,0.33439807153725454,0.0018932814432484554,0.032385028913817115,1.2
175,13635,0.060298957582563165,0.025,0.0,0.7814773768186569,0.369801233537531,0.006185266342375255,0.003863711785017932,-0.002321554557357323,continuous_direct_verified,gamma_low,0.058561907441401974,0.8110578164515303,0.3081676946146092,0.0017370501411611908,0.02958043963287338,1.2
176,9395,0.050638999836519365,0.025,0.0,0.7706044614315033,0.9335417716051769,0.010433248278178844,0.01043324155921163,-6.7189672142004e-09,continuous_direct_verified,m_low,0.05165109472563501,0.7360000036369692,1.0,0.0010120948891156473,0.03460445779453414,1.0711893462255595
177,21964,0.051372097153216605,0.025,0.0,0.8358273051679135,0.6640042245181618,0.005838585972084282,0.003714816875511823,-0.0021237690965724594,continuous_direct_verified,gamma_high,0.053978358247232544,0.7712440065908883,0.7968050694217941,0.0026062610940159395,0.06458329857702516,1.2
178,34019,0.0649914695415646,0.025,0.0,0.7941743664443492,0.6460964365250613,0.005638744407717925,0.004471803002501689,-0.001166941405216236,continuous_direct_verified,gamma_high,0.0682643734071019,0.7325145615898897,0.7753157238300735,0.003272903865537302,0.06165980485445954,1.2
179,31507,0.055789608508348465,0.025,0.0,0.7700865656137466,0.6473390180398099,0.005017258958170954,0.0038222484634699745,-0.0011950104947009797,continuous_direct_verified,gamma_high,0.058611977736723345,0.7092125990203817,0.7768068216477718,0.0028223692283748797,0.06087396659336486,1.2
180,7580,0.06578023876063527,0.025,0.0,0.9039389669895171,0.01178692897545629,0.0029511881375018506,0.0017664823562383212,-0.0011847057812635294,continuous_direct_verified,gamma_high,0.06609409468791057,0.8999694843130268,0.022145778730132445,0.0003138559272753,0.003969482676490332,1.8788421289587984
181,43196,0.060107049718499186,0.025,0.0,0.856039261072874,0.011137391027309458,0.002599098905321653,0.0019957128299706206,-0.0006033860753510323,continuous_direct_verified,gamma_high,0.060380958046564404,0.8520196316013133,0.021036929761412127,0.00027390832806521714,0.004019629471560648,1.8888561701594644
182,35884,0.05861100447364152,0.025,0.0,0.887691105902195,0.010922790036106462,0.002562116393897335,0.0016098595910254726,-0.0009522568028718624,continuous_direct_verified,gamma_high,0.058878461895170105,0.8838455536605462,0.02083326872446555,0.0002674574215285816,0.003845552241648842,1.9073211748645658
183,7356,0.060111957741901284,0.025,0.0,0.8882132664322853,0.013666282869549518,0.0024122242305744234,0.0023522422965366187,-5.998193403780475e-05,continuous_direct_verified,gamma_low,0.06004459719012242,0.8882132679222856,0.01138856905795793,6.736055177886113e-05,1.4900003453277577e-09,1.2000000000000002
184,20764,0.0646733617875725,0.025,0.0,0.9123778954148293,0.02413203334432099,0.0029987357811574623,0.002219431656628068,-0.0007793041245293944,continuous_direct_verified,gamma_high,0.06507098419681728,0.9081889466857196,0.037229532383274165,0.0003976224092447772,0.004188948729109687,1.542743284499705
185,46460,0.06359760011546314,0.025,0.0,0.8719063773751259,0.027151573625221824,0.002726144396951488,0.002109822029398321,-0.000616322367553167,continuous_direct_verified,gamma_high,0.06396757830169951,0.8679531876587196,0.039490090182832706,0.0003699781862363666,0.003953189716406236,1.4544309927638708
186,35452,0.06344762076623739,0.025,0.0,0.9198651641607284,0.024378082678076743,0.0027155266767266433,0.0019550978563361823,-0.0007604288203904609,continuous_direct_verified,gamma_high,0.06381015847752239,0.9159325812581895,0.036567089590710394,0.00036253771128499923,0.003932582902538839,1.4999985878132758
187,5276,0.06638288209214807,0.025,0.0,0.8478345111012459,0.016750657980869547,0.0026788747097016463,0.0013405947448370294,-0.001338279964864617,continuous_direct_verified,gamma_high,0.06672020585159556,0.84391725568615,0.027644361187938515,0.0003373237594474915,0.0039172554150959105,1.6503447935902193
188,22652,0.06306389081291855,0.025,0.0,0.9275683149695396,0.044681750460681034,0.002793432447712568,0.0027934315968270226,-8.50885545616159e-10,continuous_direct_verified,gamma_high,0.06370090384686411,0.9199999992833454,0.06606934479277929,0.0006370130339455604,0.007568315686194205,1.4786650950687097
189,26492,0.06379707125015557,0.025,0.0,0.8798300623893738,0.04632311035243927,0.0026743218740691603,0.0026743203927697945,-1.4812993657208062e-09,continuous_direct_verified,gamma_high,0.06438970809864558,0.872000000927929,0.06606934480777694,0.000592636848490008,0.007830061461444826,1.4262717746088887
190,2076,0.06408907314762474,0.025,0.0,0.856077291816473,0.03214428851888027,0.002665229827619028,0.0026652297449313166,-8.268771127875607e-11,continuous_direct_verified,gamma_low,0.06343333814614827,0.8639999997806255,0.01,0.0006557350014764762,0.007922707964152509,3.214428851888027
191,39516,0.06666009146720171,0.025,0.0,0.8970290787518025,0.03392332734794463,0.00251388011828001,0.002513880024131835,-9.414817493322292e-11,continuous_direct_verified,gamma_low,0.06606129242204316,0.903999999771438,0.014454397707450405,0.0005987990451585545,0.006970921019635479,2.3469208495943845
192,5372,0.06270563402213157,0.025,0.0,0.9324853926897049,0.06844287903382015,0.003686042409712184,0.003686042170456034,-2.3925615004818934e-10,continuous_direct_verified,gamma_high,0.06364571438301304,0.9200000004355822,0.10000000000469096,0.0009400803608814734,0.012485392254122707,1.4610723776724424
193,11260,0.061958129471167925,0.025,0.0,0.8851194694638251,0.07090826208871961,0.0033123429739656952,0.0033123429739656952,0.0,verified_grid,gamma_low,0.06111356526650991,0.896,0.04168693834703355,0.0008445642046580118,0.010880530536174882,1.700970733288823
194,46252,0.05772215616889299,0.025,0.0,0.9087904654443264,0.07698928986773673,0.003229667797480247,0.003229667532749964,-2.6473028326770565e-10,continuous_direct_verified,gamma_low,0.056939115331014,0.9199999995756977,0.04786300923123435,0.0007830408378789872,0.011209534131371268,1.6085342544132226
195,47548,0.0594068801496178,0.025,0.0,0.8679898202419281,0.0748852989991629,0.0031445514274517027,0.003144551098490699,-3.289610038363644e-10,continuous_direct_verified,gamma_high,0.060253923648824356,0.8560000004679506,0.10471285481244112,0.0008470434992065567,0.011989819773977506,1.3983098980964428
196,35836,0.061938801221549517,0.025,0.0,0.8487137854099274,0.12726633860605055,0.003864342600868773,0.0038643419230481217,-6.778206511695584e-10,continuous_direct_verified,gamma_high,0.06310150366248399,0.8320000007418121,0.16595869078074632,0.001162702440934471,0.01671378466811524,1.3040265996373706
197,15740,0.06348341777920724,0.025,0.0,0.8518254831433296,0.08262340441243812,0.0036235307640057088,0.0036235306141131655,-1.498925432559528e-10,continuous_direct_verified,gamma_low,0.06251480938046841,0.8640000003424867,0.050118723365652415,0.0009686083987388294,0.012174517199157076,1.6485536514894943
198,4716,0.05617147698067129,0.025,0.0,0.9052658036351203,0.1271755183048529,0.003569820120495906,0.0035698199603621454,-1.6013376041845717e-10,continuous_direct_verified,gamma_low,0.05522059305074645,0.9199999996556443,0.09120108393277421,0.000950883929924845,0.014734196020523949,1.3944518290878651
199,17564,0.06636736020445824,0.025,0.0,0.8602361388504505,0.08848934984168016,0.003553894038005242,0.003553893974779346,-6.322589587298699e-11,continuous_direct_verified,gamma_low,0.065402271942547,0.8720000002210798,0.05754399373683281,0.0009650882619112455,0.011763861370629347,1.5377686548203522
200,27420,0.0649642595089972,0.025,0.0,0.8499724775552749,0.21196999582694706,0.006522624869845431,0.003632915291034301,-0.0028897095788111304,continuous_direct_verified,gamma_high,0.06630412190478215,0.8305844710418436,0.2543639949923364,0.0013398623957849437,0.01938800651343131,1.1999999999999997
201,3452,0.06352662984281779,0.025,0.0,0.9298338569700718,0.21141399160648397,0.0061560750551644255,0.006156072069001192,-2.986163233353878e-09,continuous_direct_verified,gamma_low,0.06193466961127938,0.9520000019450605,0.15848931937519856,0.0015919602315384099,0.0221661449749887,1.333932106213382
202,15948,0.0502147507853806,0.025,0.0,0.8585365787148476,0.21084586373510422,0.006015762320672033,0.006015760484095559,-1.8365764742345192e-09,continuous_direct_verified,m_low,0.05212613370876786,0.8239999985934888,0.28840314998397326,0.0019113829233872587,0.03453658012135874,1.3678387845744415
203,40764,0.061390630062669524,0.025,0.0,0.9233242087066174,0.2150762195680899,0.005517590918576663,0.005517588295092421,-2.623484241480456e-09,continuous_direct_verified,gamma_low,0.0599608068510756,0.9440000017150838,0.16595869086880266,0.0014298232115939266,0.020675793008466448,1.2959623773973772
204,30284,0.05025312174111605,0.025,0.0,0.9142632395029068,0.25238126301400926,0.00923615759928242,0.009236149537713612,-8.061568808337416e-09,continuous_direct_verified,m_low,0.05178280682228616,0.8800000036410738,0.3162277669477452,0.0015296850811701151,0.034263235861833,1.2529764023337655
205,35404,0.05008238223381341,0.025,0.0,0.8982362382113933,0.30416033426931877,0.007511695757378708,0.0036383977774558304,-0.0038732979799228776,continuous_direct_verified,m_low,0.05152462218268354,0.8682362382113933,0.36476635288419246,0.0014422399488701332,0.030000000000000027,1.1992568122351224
206,17148,0.06259487122297287,0.025,0.0,0.8504722386598587,0.31653712349704693,0.006435168760949396,0.003969215401525416,-0.00246595335942398,continuous_direct_verified,gamma_low,0.06104406557953916,0.8756436541374327,0.26378093624753907,0.0015508056434337114,0.025171415477574066,1.2000000000000002
207,12924,0.0633721779100597,0.025,0.0,0.877566047757864,0.23531664398911015,0.006401036139334201,0.003873620844702726,-0.002527415294631475,continuous_direct_verified,gamma_high,0.06481441742877689,0.8555092090253684,0.28237997278693217,0.0014422395187171921,0.02205683873249553,1.2
208,1052,0.06425604121759534,0.025,0.0,0.908354539424181,0.3807484974757343,0.007766443584614326,0.00461630151013991,-0.003150142074474416,continuous_direct_verified,gamma_low,0.06238790622164282,0.9400163245029871,0.3172904145631119,0.0018681349959525223,0.031661785078806126,1.2
209,29948,0.06267723026685418,0.025,0.0,0.8482827842235565,0.4495105084675077,0.006937133364707269,0.004529363834556229,-0.00240776953015104,continuous_direct_verified,gamma_low,0.06057356578037597,0.8860499690859199,0.37459209038958974,0.00210366448647821,0.03776718486236341,1.2
210,4764,0.06596429222263396,0.025,0.0,0.9281868405640125,0.4517071189531893,0.006916619466677641,0.005049154098619887,-0.001867465368057754,continuous_direct_verified,gamma_low,0.06375360094857914,0.9669235433907125,0.37642259912765774,0.0022106912740548212,0.038736702826700053,1.2000000000000002
211,2812,0.062482185196131475,0.025,0.0,0.9189155235886574,0.5052592361483631,0.006812825291002633,0.004882650369624355,-0.0019301749213782781,continuous_direct_verified,gamma_low,0.06019723979250375,0.9627427980579292,0.42104936345696925,0.002284945403627725,0.043827274469271815,1.2
212,588,0.05005007991567254,0.025,0.0,0.8780346922576427,0.9857294803416208,0.038658783737255877,0.03860098780521563,-5.779593204024991e-05,continuous_direct_verified,m_low,0.05011702127615197,0.8480346922576427,1.0,6.6941360479425e-05,0.030000000000000027,1.0144771156214518
213,46524,0.05956496004946531,0.025,0.0,0.9206545129418373,0.6190232042692914,0.005877326933549585,0.004593775221307436,-0.001283551712242149,continuous_direct_verified,gamma_high,0.062476758058064255,0.8572216684193591,0.7428278451231497,0.002911798008598948,0.06343284452247822,1.2000000000000002
214,25548,0.051491082878783345,0.025,0.0,0.8629275314509868,0.9097497808139399,0.00537532330241293,0.005375318260660562,-5.0417523680262866e-09,continuous_direct_verified,m_high,0.05019098169031338,0.9039999983583997,0.83176376810776,0.0013001011884699668,0.04107246690741295,1.0937598098118604
215,36524,0.0580171867273748,0.025,0.0,0.8463911511003971,0.6529051353087995,0.0051336863416235065,0.004198737290256481,-0.0009349490513670252,continuous_direct_verified,gamma_high,0.06093639356778734,0.7823386830819794,0.7834861623705593,0.0029192068404125457,0.06405246801841769,1.2
216,35100,0.0647358836606145,0.025,0.0,0.9763057418167591,0.015264891308122867,0.0030978989323307694,0.002690634913721338,-0.00040726401860943133,continuous_direct_verified,gamma_low,0.06465522181369843,0.9763057436237833,0.012720742756769054,8.06618469160747e-05,1.8070241969425638e-09,1.2000000000000002
217,15644,0.06485008164308965,0.025,0.0,0.9679461151361465,0.010580278808611062,0.002929122785923805,0.002245873201263971,-0.0006832495846598339,continuous_direct_verified,gamma_high,0.06491731040170609,0.9679461136113122,0.012696334570333275,6.722875861643607e-05,1.5248342588591868e-09,1.2000000000000002
218,26620,0.06183054181747139,0.025,0.0,1.0000349767506123,0.015301471149791076,0.0028249617114145644,0.0016028096330771059,-0.0012221520783374585,continuous_direct_verified,gamma_high,0.062147806066026906,0.9960174887792314,0.026421484620099613,0.0003172642485555141,0.004017487971380906,1.726728388496185
219,12588,0.05928271594457329,0.025,0.0,0.999502644687891,0.01109548008771951,0.0028163395142916645,0.0017037738564875493,-0.0011125656578041153,continuous_direct_verified,gamma_high,0.059551939892606306,0.9957513230370645,0.02099731058493833,0.00026922394803301913,0.003751321650826478,1.8924201944337835
220,45724,0.06594467451795936,0.025,0.0,0.9927649699151516,0.024732699279009653,0.0035248027905766515,0.0014640234848427118,-0.0020607793057339395,continuous_direct_verified,gamma_low,0.06562993322559638,0.9963824848065409,0.014356386290598608,0.0003147412923629883,0.003617514891389284,1.7227663548734442
221,11132,0.06396245234645903,0.025,0.0,1.0084661923348903,0.023079425618212534,0.003417114822136962,0.002169602619021543,-0.0012475122031154191,continuous_direct_verified,gamma_high,0.06436096406350292,1.0042330953823744,0.036408528033354794,0.00039851171704388677,0.004233096952515947,1.5775318084443117
222,42012,0.06427361932583153,0.025,0.0,0.9688260041177272,0.022003423499358358,0.003367050277909715,0.0016877217844024394,-0.0016793284935072757,continuous_direct_verified,gamma_high,0.0646543779044259,0.9644130020588637,0.034740474975425054,0.0003807585785943618,0.004413002058863524,1.578866805724033
223,15996,0.06321441987529397,0.025,0.0,0.9361271150410175,0.019512264420770368,0.0029022930638781513,0.0014982511238053207,-0.0014040419400728305,continuous_direct_verified,gamma_high,0.06355923670709533,0.9320635574066993,0.031242405103922056,0.0003448168318013617,0.0040635576343182045,1.6011675749261176
224,17308,0.0652608260512352,0.025,0.0,1.0165226571261883,0.03667952309010789,0.003017187348686609,0.0030171873031704325,-4.551617633144489e-11,continuous_direct_verified,gamma_low,0.0646138647698047,1.023999999826842,0.015135612484405654,0.0006469612814305054,0.007477342700653811,2.4233920581607853
225,25164,0.050055007077753545,0.025,0.0,0.9935423575341701,0.03543432544269711,0.002960518017000898,0.002280096901432431,-0.0006804211155684672,continuous_direct_verified,gamma_high,0.05041298265987626,0.9887711779654845,0.05061773499609566,0.0003579755821227146,0.004771179568685557,1.4284943868326918
226,13468,0.06640497986227274,0.025,0.0,1.00697485730052,0.04547385114687653,0.0029208242901428627,0.002920822230722337,-2.0594205256060927e-09,continuous_direct_verified,gamma_high,0.06695078097705122,1.0000000011488004,0.06309573445574154,0.0005458011147784769,0.006974856151719555,1.3875168446135755
227,24732,0.06614700723439455,0.025,0.0,0.9598442859947681,0.0428657297221496,0.0029086896288838134,0.002908688442493007,-1.1863908063423911e-09,continuous_direct_verified,gamma_high,0.0667731324593483,0.9520000008703214,0.0630957344534931,0.0006261252249537413,0.007844285124446682,1.471938885969559
228,36924,0.060913643613457684,0.025,0.0,0.9474734708666801,0.07551592493088419,0.003284725198549133,0.003284725198549071,-6.201636426617085e-17,continuous_direct_verified,gamma_high,0.06175941924195662,0.936,0.10471285480508996,0.0008457756284989335,0.011473470866680047,1.386632751978185
229,16812,0.057312796870246534,0.025,0.0,0.9723127260804176,0.06773880851041358,0.0032148115100943684,0.003214807571898256,-3.938196112534403e-09,continuous_direct_verified,gamma_low,0.05696544557335855,0.9760000016306337,0.05495408739617002,0.00034735129688798216,0.0036872755502160848,1.2326436798427225
230,284,0.06468544877134264,0.025,0.0,0.9999747402966023,0.04647186989144338,0.0030503695625525695,0.003050369470436247,-9.21163223824295e-11,continuous_direct_verified,gamma_low,0.06401437299709319,1.0079999997526274,0.0239883291902111,0.0006710757742494494,0.008025259456025169,1.9372699750346567
231,25916,0.06169786956161261,0.025,0.0,0.9836273424327373,0.06891564844240548,0.002896585708917161,0.002896585578290054,-1.306271067876008e-10,continuous_direct_verified,gamma_low,0.0610309884781793,0.9920000002846121,0.0457088189635206,0.00066688108343331,0.008372657851874798,1.5077101094518728
232,5756,0.06330227898433805,0.025,0.0,0.9771827302873134,0.11197095961467429,0.004708188973688263,0.004708187484036317,-1.4896519460669277e-09,continuous_direct_verified,gamma_low,0.06223582367418024,0.9919999987741361,0.07585775749182923,0.001066455310157803,0.014817268486822743,1.4760647205624933
233,7772,0.06642437907867134,0.025,0.0,0.9367948077619076,0.12347594213767361,0.004690443139392992,0.004690441484472829,-1.6549201627136245e-09,continuous_direct_verified,gamma_low,0.06529271330977268,0.9519999987026713,0.08709635897935489,0.001131665768898657,0.015205190940763669,1.4176935015956529
234,556,0.05838399627245963,0.025,0.0,0.9932031817734241,0.11852356613798266,0.004385881687786286,0.004385881028731452,-6.590548341442459e-10,continuous_direct_verified,gamma_high,0.05950151064444349,0.976000000773518,0.15848931927947166,0.0011175143719838604,0.017203180999906142,1.3371966811643323
235,45244,0.06001209784299136,0.025,0.0,0.9868841961026191,0.09039224743965525,0.004227973216503554,0.004227973031429089,-1.8507446530174887e-10,continuous_direct_verified,gamma_low,0.05902027467124692,1.0000000004067158,0.05495408738995019,0.000991823171744441,0.013115804304096645,1.6448685026509215
236,38684,0.06509838155470789,0.025,0.0,0.9625280492007732,0.2031073979951742,0.006336066476023723,0.006336063445521482,-3.0305022406459936e-09,continuous_direct_verified,gamma_low,0.06350517003717092,0.9840000019977365,0.15135612496466566,0.0015932115175369688,0.021471952796963345,1.3419172698996487
237,37468,0.06661440255120397,0.025,0.0,1.003956787288189,0.20572966890116748,0.005458049506893474,0.004156673118915415,-0.0013013763879780585,continuous_direct_verified,gamma_high,0.06793132883304678,0.9849448606328182,0.24687560268140096,0.001316926281842809,0.01901192665537077,1.2
238,6444,0.05932238693349064,0.025,0.0,0.9403567366302014,0.20042699705342118,0.005076675722485975,0.0050766728120351665,-2.9104508083091507e-09,continuous_direct_verified,gamma_low,0.0581524262901627,0.9599999982610963,0.15848931915517445,0.0011699606433279372,0.019643261630894915,1.26460885895526
239,23916,0.05666407835669816,0.025,0.0,1.004827757179737,0.1992195931063731,0.0050613235108817115,0.005061320861440866,-2.64944084553409e-09,continuous_direct_verified,gamma_low,0.05558127331622948,1.0239999983535701,0.15848931916075046,0.0010828050404686762,0.019172241173833093,1.2569906550252214
240,15228,0.06393850385211408,0.025,0.0,0.9714600391685962,0.2844510967090137,0.007458049823396478,0.004230604070665734,-0.003227445752730744,continuous_direct_verified,gamma_low,0.06251770974557262,0.9939769307908898,0.2370425805908448,0.0014207941065414592,0.022516891622293533,1.1999999999999997
241,47868,0.06250757104717196,0.025,0.0,1.0212446466088294,0.23678562276417622,0.007392317498138897,0.004315420172296518,-0.0030768973258423794,continuous_direct_verified,gamma_high,0.06392551053156191,0.9986588607449665,0.28414274731701145,0.0014179394843899518,0.02258578586386295,1.2
242,9372,0.06633969014510513,0.025,0.0,0.9697378195822238,0.3180840239555909,0.007113185497306415,0.004614312899960114,-0.002498872597346301,continuous_direct_verified,gamma_low,0.0647029926084279,0.9955243465066428,0.2650700199629924,0.001636697536677223,0.025786526924418962,1.2
243,17692,0.06493336842395366,0.025,0.0,0.982952306419611,0.3514237196338516,0.00678837402075269,0.004778825554025622,-0.0020095484667270683,continuous_direct_verified,gamma_low,0.06317955085655029,1.0120715343409312,0.2928530996948764,0.0017538175674033651,0.029119227921320268,1.1999999999999997
244,45084,0.06416007918305695,0.025,0.0,0.9483484894037246,0.5518363743747454,0.0062823545663935965,0.005110643610186969,-0.0011717109562066272,continuous_direct_verified,gamma_high,0.06710035508427878,0.8906305673854797,0.6622036492496945,0.0029402759012218255,0.05771792201824488,1.2000000000000002
245,2428,0.06376690408214927,0.025,0.0,1.014440757036209,0.3708148643066705,0.006148002267679046,0.0049093588646170454,-0.0012386434030620007,continuous_direct_verified,gamma_low,0.061960657719073324,1.045665269902314,0.30901238692222543,0.0018062463630759487,0.031224512866104837,1.2
246,23932,0.0635111085139215,0.025,0.0,0.9672353908419609,0.3925105004270659,0.005980562281284664,0.004827828977812919,-0.0011527333034717447,continuous_direct_verified,gamma_low,0.06162008908390485,1.0004372151647183,0.3270920836892216,0.001891019430016648,0.03320182432275742,1.2
247,19452,0.06195105654187501,0.025,0.0,0.9942701265215873,0.46566116479271435,0.005980275227423446,0.005035401713446849,-0.0009448735139765971,continuous_direct_verified,gamma_low,0.059825932183459635,1.0350502328209936,0.3880509706605953,0.002125124358415373,0.040780106299406316,1.2
248,1916,0.0637738352175802,0.025,0.0,0.9894261687994003,0.7021683476356434,0.006483915498155253,0.0048767209101980005,-0.0016071945879572525,continuous_direct_verified,gamma_high,0.06708483944927285,0.9166808311776481,0.842602017162772,0.0033110042316926436,0.07274533762175217,1.2
249,47500,0.05402210750617087,0.025,0.0,0.9404953204095363,0.6010472984590356,0.005313562689247057,0.0042982732989754035,-0.0010152893902716535,continuous_direct_verified,gamma_high,0.05662131023438705,0.8780813561474015,0.7212567581508428,0.0025992027282161836,0.06241396426213486,1.2000000000000002
250,19020,0.05008845087140799,0.025,0.0,0.9463345892727375,0.6174470772350027,0.005255186107634782,0.0019648322273257634,-0.003290353880309019,continuous_direct_verified,m_low,0.05123146906720341,0.9163345892727375,0.6745433799784172,0.0011430181957954241,0.030000000000000027,1.0924715734328165
251,15388,0.06433652117848397,0.025,0.0,1.0186850316822529,0.9528888088901553,0.005184211306934397,0.004634064029432783,-0.0005501472775016145,continuous_direct_verified,gamma_low,0.060979259642090895,1.102518768316088,0.7940740074084627,0.003357261536393076,0.08383373663383509,1.2
252,1660,0.06328945271670819,0.025,0.0,1.0401520915329456,0.013866369611237165,0.002831220594038008,0.002307577041489622,-0.0005236435525483862,continuous_direct_verified,gamma_low,0.06321796861756565,1.0401520930167374,0.011555308009364303,7.148409914253806e-05,1.483791756129449e-09,1.2000000000000002
253,5356,0.05585864605382085,0.025,0.0,1.0950884401798247,0.010135730566773806,0.0028218796321805,0.0017506320031119894,-0.0010712476290685106,continuous_direct_verified,gamma_high,0.05591399369449851,1.0950884392150262,0.012162876680128568,5.534764067766096e-05,9.64798463343186e-10,1.2000000000000002
254,25900,0.05916989999823273,0.025,0.0,1.0462196968495845,0.010203130515397734,0.0024822433751456948,0.0013633459153165803,-0.0011188974598291144,continuous_direct_verified,gamma_high,0.059403292693672775,1.043109848866706,0.018791322413578962,0.00023339269544004476,0.0031098479828783887,1.8417212624322141
255,3212,0.054423762159422046,0.025,0.0,1.0543607018887995,0.011838056769174217,0.0023385467526814275,0.0012665565262919476,-0.00107199022638948,continuous_direct_verified,gamma_high,0.054645959872090456,1.0511803512789746,0.020712419435767397,0.00022219771266841076,0.0031803506098249112,1.7496469090857574
256,38524,0.06329763582907617,0.025,0.0,1.1044606477022172,0.023424616542614615,0.0035493496672199284,0.0020208353627941796,-0.0015285143044257488,continuous_direct_verified,gamma_high,0.06368968693125054,1.1002303234595099,0.036679792329116445,0.00039205110217437056,0.004230324242707306,1.5658652197096887
257,15164,0.061176476767286665,0.025,0.0,1.0962146461009978,0.021409584798111003,0.0033884221159468375,0.001891984433396846,-0.0014964376825499916,continuous_direct_verified,gamma_high,0.0615435726592344,1.0921073227087668,0.03426847242905737,0.00036709589194773573,0.004107323392231077,1.6006135920992228
258,19516,0.061077708331868055,0.025,0.0,1.0804084300994874,0.026595043851786772,0.003316395594768718,0.002113999196956146,-0.001202396397812572,continuous_direct_verified,gamma_high,0.061460985089243934,1.0762042144186363,0.039993644177098914,0.00038327675737587913,0.004204215680851053,1.5038006479696766
259,23228,0.060284843854606154,0.025,0.0,1.0564754724502563,0.023660257675528925,0.0032299758606093867,0.0019374127052496051,-0.0012925631553597815,continuous_direct_verified,gamma_high,0.0606565636337203,1.0522377357460835,0.03686382180075518,0.0003717197791141477,0.004237736704172823,1.5580481965284045
260,42908,0.06548939649946989,0.025,0.0,1.0643223769962789,0.027881984142975366,0.0035881479251814096,0.002186323024680742,-0.0014018249005006678,continuous_direct_verified,gamma_low,0.06510559556797456,1.0681611892765213,0.015243026860508954,0.0003838009314953289,0.0038388122802424096,1.8291632231660586
261,31612,0.06394921927712859,0.025,0.0,1.0960646569728851,0.039155163417963094,0.0034282316557724454,0.0034282315331267544,-1.2264569091216537e-10,continuous_direct_verified,gamma_low,0.06326226997041091,1.1039999996980545,0.015848931924626254,0.0006869493067176713,0.007935342725169381,2.4705237932862434
262,40828,0.06386656379327178,0.025,0.0,1.0480636045336724,0.028837389771201066,0.003326323370690208,0.00293397196275858,-0.00039235140793162813,continuous_direct_verified,gamma_high,0.06428079229737782,1.0440318008234915,0.042615598949940284,0.0004142285041060373,0.00403180371018097,1.477789747548478
263,23580,0.06434246813878418,0.025,0.0,1.1028905369341373,0.03410096405616587,0.0030891891187230184,0.002832924843544858,-0.0002562642751781602,continuous_direct_verified,gamma_high,0.0647147174442851,1.099445267048748,0.04634191234748134,0.0003722493055009213,0.0034452698853892905,1.358961942282748
264,16636,0.06281481557525695,0.025,0.0,1.085841603577137,0.07261181987167122,0.003935662157612765,0.0039356611768869435,-9.807258217336967e-10,continuous_direct_verified,gamma_low,0.06203084729132566,1.095999999089279,0.04570881895911342,0.0007839682839312911,0.010158395512142038,1.5885735296863075
265,12604,0.06144220810383559,0.025,0.0,1.0371071107685566,0.07442529895811717,0.00386222425824371,0.003862223613433143,-6.448105669201731e-10,continuous_direct_verified,gamma_low,0.060624119385244986,1.0479999992704363,0.04570881895971253,0.0008180887185906052,0.01089288850187975,1.6282481291786421
266,29644,0.051517310691997414,0.025,0.0,1.1008854247629642,0.0734830282478636,0.0036449748917368706,0.0036449744288196144,-4.629172561769479e-10,continuous_direct_verified,gamma_low,0.05080421345655847,1.1119999994132426,0.04365158322277975,0.000713097235438942,0.01111457465027832,1.6833989244522107
267,23116,0.05013560829684138,0.025,0.0,1.0834987424314022,0.0767843278139987,0.0035427870104745404,0.003542785833629567,-1.176844973468233e-09,continuous_direct_verified,gamma_high,0.050797179714540695,1.072000000916827,0.10471285482281927,0.0006615714176993123,0.011498741514575306,1.3637269193327348
268,10220,0.05492330472916365,0.025,0.0,1.088791701197624,0.1241891167347218,0.004545894499683804,0.004545893555104405,-9.445793990731088e-10,continuous_direct_verified,gamma_low,0.05397042238211551,1.1039999990606946,0.08709635898505953,0.0009528823470481423,0.015208297863070541,1.4258818414673928
269,37180,0.061461536353454,0.025,0.0,1.0983099959790708,0.1287881167551349,0.004404579820787108,0.004404578887898313,-9.328887948592546e-10,continuous_direct_verified,gamma_low,0.060501961315324815,1.1119999990683398,0.09549925858991547,0.0009595750381291845,0.013690003089269043,1.348577137212819
270,6012,0.06383472667075694,0.025,0.0,1.0280063614249229,0.08695572359998358,0.004124946372436891,0.004124946353278809,-1.915808223867943e-11,continuous_direct_verified,gamma_low,0.06288337450828299,1.0399999998699876,0.05495408738690779,0.0009513521624739535,0.011993638445064736,1.5823340489264466
271,22140,0.06330383019521833,0.025,0.0,1.0525552466511727,0.08614420695120073,0.0040747852860105755,0.004074785257788069,-2.82225067968489e-11,continuous_direct_verified,gamma_low,0.06238307333214116,1.0640000001561638,0.05495408738859151,0.000920756863077174,0.011444753504991079,1.567566873453062
272,14588,0.06287808693014085,0.025,0.0,1.0634453915059567,0.20828898047684458,0.006226388101698319,0.006226387965322383,-1.3637593658522018e-10,continuous_direct_verified,gamma_low,0.06119333744749972,1.0880000004087411,0.15135612488330796,0.0016847494826411347,0.02455460890278438,1.3761516465714916
273,5196,0.050447090854868294,0.025,0.0,1.033894245326519,0.19172738267561254,0.005762388020391475,0.005762386252918766,-1.767472708989748e-09,continuous_direct_verified,gamma_high,0.05190085149997608,1.0079999986336068,0.25118864290423665,0.001453760645107785,0.02589424669291218,1.3101344179366796
274,47948,0.05064886407926679,0.025,0.0,1.0694029606878757,0.17578955637139737,0.005619080511030774,0.00561908034459547,-1.664353047742262e-10,continuous_direct_verified,gamma_high,0.052216569556828796,1.040000000428947,0.23988329193654345,0.0015677054775620064,0.029402960258928745,1.3646049110547431
275,39548,0.06343708443455398,0.025,0.0,1.056846235692501,0.19781663163890317,0.005445635229198019,0.005445635078938297,-1.5025972219945283e-10,continuous_direct_verified,gamma_high,0.06506674603853081,1.0320000004130847,0.25118864318044803,0.0016296616039768314,0.024846235279416318,1.2698054814671538
276,2332,0.06473138411529362,0.025,0.0,1.1053384229540826,0.308398837932995,0.007910199762482414,0.004888529796388923,-0.003021669966093491,continuous_direct_verified,gamma_low,0.06317675123076101,1.1302567524188336,0.2569990316108292,0.001554632884532614,0.024918329464751032,1.1999999999999997
277,28540,0.06389797790907324,0.025,0.0,1.0242561988532541,0.30931846372475086,0.0076683165745644365,0.0045852881423505435,-0.003083028432213893,continuous_direct_verified,gamma_low,0.062362690624024546,1.0492818139134348,0.2577653864372924,0.0015352872850486962,0.02502561506018064,1.2
278,28924,0.06276647378690542,0.025,0.0,1.1074990548193453,0.2493587249044056,0.007212244769118012,0.004719823524386233,-0.002492421244731779,continuous_direct_verified,gamma_high,0.06426523982342972,1.0834446711928463,0.2992304698852867,0.001498766036524296,0.024054383626499032,1.1999999999999997
279,3436,0.05660406867973507,0.025,0.0,1.09222928956151,0.33863285962848494,0.00695267213772246,0.004816998272112118,-0.0021356738656103423,continuous_direct_verified,gamma_high,0.05839664633758976,1.0571651359453285,0.40635943155418197,0.001792577657854691,0.03506415361618154,1.2000000000000002
280,35708,0.06398235252127052,0.025,0.0,1.0691384501755237,0.4215421936190229,0.008129080572837778,0.005311495004688306,-0.002817585568149472,continuous_direct_verified,gamma_low,0.0619544049783878,1.105679364063487,0.35128516134918575,0.00202794754288272,0.03654091388796332,1.2
281,8188,0.061766124935820704,0.025,0.0,1.0475530207157133,0.43207921517824044,0.007179107018201124,0.00511118480906832,-0.0020679222091328046,continuous_direct_verified,gamma_low,0.059769559862127,1.0851460974114493,0.36006601264853366,0.0019965650736937027,0.03759307669573597,1.2000000000000002
282,30124,0.05704761664383114,0.025,0.0,1.1098714947700499,0.4859213469878489,0.007105651922589923,0.005048131523090512,-0.002057520399499411,continuous_direct_verified,gamma_low,0.05501252651035483,1.153335058670647,0.4049344558232074,0.0020350901334763097,0.043463563900597135,1.2
283,40444,0.06213663187809289,0.025,0.0,1.0928545899689197,0.4738297342001068,0.007071976248040921,0.00537607300483035,-0.001695903243210571,continuous_direct_verified,gamma_low,0.05996636632067197,1.1349746766577284,0.39485811183342234,0.0021702655574209195,0.04212008668880873,1.2
284,26956,0.05096037052571774,0.025,0.0,1.0772980861365795,0.962878208496849,0.0115295765984529,0.01152956668528377,-9.913169129321941e-09,continuous_direct_verified,m_high,0.050187290116313,1.1119999969123917,0.9120108321134338,0.0007730804094047347,0.034701910775812195,1.0557749695423446
285,43164,0.06625963724218309,0.025,0.0,1.090075147151947,0.6036889084789141,0.005615754023985208,0.005602522809590827,-1.3231214394380554e-05,continuous_direct_verified,gamma_high,0.06947846734953646,1.0242299841799016,0.724426690174697,0.003218830107353368,0.06584516297204535,1.2000000000000002
286,21372,0.06402627802453936,0.025,0.0,1.0421979084610937,0.6553111169082951,0.005446125722565844,0.005168826596004118,-0.0002772991265617263,continuous_direct_verified,gamma_high,0.06725985248744683,0.9722406681935775,0.7863733402899541,0.0032335744629074653,0.06995724026751626,1.2
287,42156,0.05772767732851208,0.025,0.0,1.0710395880043506,0.6161441622012601,0.005058851889687196,0.004879339572499219,-0.000179512317187977,continuous_direct_verified,gamma_high,0.060558498020604846,1.004217904778405,0.7393729946415121,0.0028308206920927698,0.06682168322594562,1.2
288,36220,0.06353112016804517,0.025,0.0,1.1510296300053597,0.01009425933236768,0.0033141207986111974,0.0018693144688606438,-0.0014448063297505536,continuous_direct_verified,gamma_high,0.06359385958579084,1.1510296288329245,0.012113111198841219,6.27394177456636e-05,1.1724352599884469e-09,1.2000000000000004
289,29324,0.05432942118495703,0.025,0.0,1.1753405876457692,0.010159706338982836,0.0031228373348581562,0.0016123551325403058,-0.0015104822023178505,continuous_direct_verified,gamma_high,0.05438345569627205,1.1753405868045377,0.012191647606779404,5.403451131501952e-05,8.412315288808259e-10,1.2000000000000002
290,23084,0.0584270786959678,0.025,0.0,1.1986767746508122,0.011355919627964416,0.0031224667556050876,0.0018373964017446701,-0.0012850703538604174,continuous_direct_verified,gamma_high,0.05868079648866955,1.1953383880100625,0.0207587776956639,0.000253717792701752,0.003338386640749702,1.8280137915510217
291,412,0.06563023650087417,0.025,0.0,1.1201735496520997,0.015394898727226325,0.003088581955104133,0.0025103718594716956,-0.0005782100956324373,continuous_direct_verified,gamma_low,0.06554787699221201,1.1201735512930626,0.012829082272688603,8.235950866215813e-05,1.6409629211011634e-09,1.2000000000000002
292,764,0.0625830113887787,0.025,0.0,1.175844756513834,0.02455742807200559,0.003537817909140961,0.0021304546714802004,-0.0014073632376607604,continuous_direct_verified,gamma_high,0.06296521098316993,1.171922377752286,0.03755623633578661,0.0003821995943912304,0.0039223787615478845,1.5293228682444597
293,29500,0.06120683741755784,0.025,0.0,1.127768312394619,0.023848190078421806,0.0033490587987435893,0.0018546605483294937,-0.0014943982504140956,continuous_direct_verified,gamma_high,0.06155949283816075,1.1238841558601302,0.036167487102949106,0.000352655420602907,0.003884156534488703,1.5165715714281387
294,14876,0.0644941323902458,0.025,0.0,1.111537505686283,0.02466208912257944,0.0032798712448031215,0.001982592795545959,-0.0012972784492571625,continuous_direct_verified,gamma_high,0.06485991493462269,1.1077687522988304,0.036779477431987354,0.00036578254437688584,0.003768753387452639,1.4913366523484746
295,27020,0.05396774569526315,0.025,0.0,1.1285501889884473,0.023378830652006848,0.0032180527968161524,0.003218048730399147,-4.066417005638839e-09,continuous_direct_verified,gamma_high,0.05411051258875282,1.1279999983514626,0.028840315028718703,0.0001427668934896667,0.0005501906369846932,1.2336081071806317
296,12860,0.06056665433570743,0.025,0.0,1.1524148538708685,0.03155151726506452,0.0036013457356961045,0.0024217536947655767,-0.0011795920409305278,continuous_direct_verified,gamma_high,0.06096821745882588,1.1482074261391217,0.0456142719332317,0.0004015631231184466,0.00420742773174676,1.445707715100541
297,25852,0.06274269823916256,0.025,0.0,1.1846785619854927,0.03647182608913359,0.003501131352294108,0.002810133193273847,-0.0006909981590202613,continuous_direct_verified,gamma_high,0.06318515435151244,1.1803392799443595,0.05135342063763643,0.00044245611234987325,0.004339282041133208,1.4080298724866058
298,2972,0.06536436183378101,0.025,0.0,1.1605793900787829,0.0439057285141539,0.0034559236023139284,0.003455923389766786,-2.1254714221291549e-10,continuous_direct_verified,gamma_low,0.06469731325699629,1.1679999995999935,0.02187761623946618,0.0006670485767847206,0.007420609521210597,2.006878996028372
299,17084,0.06033637523651124,0.025,0.0,1.1756016410887242,0.042360830378879576,0.0032607132364505234,0.0032607122607193374,-9.757311859523443e-10,continuous_direct_verified,gamma_high,0.06092404032762252,1.1680000008228495,0.06309573445237977,0.0005876650911112793,0.007601640265874732,1.4894829465816677
300,35900,0.06106579219922424,0.025,0.0,1.125088070333004,0.07330043609138828,0.004238605872767437,0.0042386052364037,-6.363637368791975e-10,continuous_direct_verified,gamma_low,0.06022457468637688,1.1359999992420224,0.04365158322257917,0.0008412175128473601,0.010911928909018487,1.679215979810624
301,4684,0.05001941695809364,0.025,0.0,1.139295545965433,0.06893366001306497,0.0034872704094617325,0.0034872703342952037,-7.516652881719987e-11,continuous_direct_verified,gamma_high,0.050759777096615735,1.127999999772336,0.09999999999116269,0.000740360138522092,0.011295546193097028,1.450670107639863
302,15404,0.05858561135828495,0.025,0.0,1.1900201812386513,0.07642701876723133,0.0034595429560055663,0.00345954065154023,-2.3044653364376333e-09,continuous_direct_verified,gamma_high,0.059122396333857186,1.1839999987101568,0.09549925857497865,0.0005367849755722326,0.0060201825284944555,1.2495483942116643
303,29308,0.06337862862274052,0.025,0.0,1.1521687343716622,0.05466870310925123,0.0033929946503597217,0.003392994626655375,-2.3704346645281316e-11,continuous_direct_verified,gamma_low,0.06269945134607685,1.1599999998686334,0.03162277660204195,0.0006791772766636672,0.007831265496971218,1.728776185508048
304,39660,0.055279417987912895,0.025,0.0,1.1990382455289363,0.1266810714289931,0.004944439836980139,0.004944438739589725,-1.0973904137831503e-09,continuous_direct_verified,gamma_high,0.05633272521721043,1.1839999989629915,0.16595869066356905,0.0010533072292975357,0.01503824656594488,1.3100512080574858
305,2220,0.05785500500351191,0.025,0.0,1.154058254510164,0.12902161819744015,0.004750052044885338,0.0047500503639850465,-1.6809002913523163e-09,continuous_direct_verified,gamma_low,0.05694474921742108,1.1679999987127103,0.0954992585834479,0.00091025578609083,0.013941744202546236,1.351022197567117
306,10364,0.06310063092969359,0.025,0.0,1.1802680611610412,0.09682798694301359,0.004646149212466094,0.004646148162709117,-1.049756976657934e-09,continuous_direct_verified,gamma_low,0.0621915605356091,1.1919999989787535,0.06606934479543619,0.0009090703940844921,0.011731937817712312,1.465550888128409
307,26924,0.05935998759232462,0.025,0.0,1.192479521781206,0.12330009683234935,0.004554973304394527,0.004554973270902269,-3.3492258445788625e-11,continuous_direct_verified,gamma_low,0.05869741664695494,1.2,0.10000000004173229,0.0006625709453696796,0.007520478218793869,1.233000967808934
308,8092,0.06541366754099727,0.025,0.0,1.1315935775637627,0.20207796973052064,0.00662111220126435,0.006621108095201403,-4.106062947116518e-09,continuous_direct_verified,gamma_low,0.0640739399288602,1.1519999976132203,0.15848931912782155,0.001339727612137076,0.020406420049457585,1.2750257925428077
309,17132,0.055379401659592986,0.025,0.0,1.1130645096302032,0.21428925782852432,0.006191971355154277,0.006191968568269944,-2.78688433268115e-09,continuous_direct_verified,gamma_low,0.054124137398348066,1.1359999981420452,0.16595869064055652,0.0012552642612449205,0.022935488511842017,1.2912204657763002
310,28252,0.0664602519478649,0.025,0.0,1.183542690426111,0.20071283398974432,0.005898173121514062,0.005898168729699066,-4.391814996743126e-09,continuous_direct_verified,gamma_low,0.06537083462967079,1.1999999976645583,0.1659586906151993,0.0010894173181941053,0.016457307238447294,1.2094144226235661
311,20332,0.05696292771026493,0.025,0.0,1.1960752174258231,0.16560776492403362,0.005651028686060082,0.0056510265738283615,-2.112231720259594e-09,continuous_direct_verified,gamma_high,0.058151023784960516,1.1760000015432683,0.20892961322523954,0.0011880960746955896,0.020075215882554787,1.2615930981320724
312,24764,0.05999437528662384,0.025,0.0,1.19407010525465,0.2684373352367943,0.009480532142354019,0.009480524564810442,-7.577543576983703e-09,continuous_direct_verified,m_low,0.06178124690392329,1.160000003613844,0.33113112250667565,0.00178687161729945,0.03407010164080604,1.2335509224697743
313,9644,0.057099758507683875,0.025,0.0,1.1972746513783932,0.24804204673534774,0.00905465859214952,0.009054651344880702,-7.247268818053043e-09,continuous_direct_verified,gamma_high,0.058565385722714025,1.168000003479167,0.3019951728452872,0.0014656272150301505,0.02927464789922607,1.217516049476505
314,37756,0.06403839560225606,0.025,0.0,1.1882432788610457,0.23883130079297202,0.00812293850303734,0.008122933965923024,-4.537114316194302e-09,continuous_direct_verified,gamma_high,0.06600256411289068,1.1599999973963366,0.3019951713409353,0.00196416851063462,0.028243281464709113,1.2644706549696185
315,16156,0.06521651009097695,0.025,0.0,1.1964926794171333,0.22509274454712452,0.007594631197537728,0.007594628737641266,-2.459896461873279e-09,continuous_direct_verified,gamma_high,0.067222974568788,1.1679999981382434,0.28840314983863075,0.00200646447781104,0.02849268127888993,1.2812636427659347
316,39452,0.06447483766824008,0.025,0.0,1.172210383415222,0.4504570910812975,0.007902143335326814,0.005912780304184321,-0.0019893630311424923,continuous_direct_verified,gamma_high,0.06707196635144638,1.1228913970308585,0.540548509297557,0.002597128683206301,0.049318986384363495,1.2000000000000002
317,35996,0.06632914389483631,0.025,0.0,1.1896735191345216,0.3796948363443167,0.00789314691262909,0.006012392818485016,-0.0018807540941440746,continuous_direct_verified,gamma_high,0.06866256663313322,1.1492513061860907,0.45563380361318007,0.0023334227382969114,0.04042221294843085,1.2
318,21804,0.05919478028081358,0.025,0.0,1.1744647592306137,0.5412679317910758,0.00787759340071362,0.005410031470923313,-0.0024675619297903073,continuous_direct_verified,gamma_high,0.061910269508140714,1.1142458275623064,0.6495215181492909,0.002715489227327131,0.060218931668307274,1.2
319,20796,0.06145042600110174,0.025,0.0,1.1462123848497867,0.4778986305572184,0.0075795360885454474,0.005488692384462392,-0.002090843704083055,continuous_direct_verified,gamma_low,0.05928110540346742,1.189074814232743,0.39824885879768196,0.0021693205976343194,0.04286242938295626,1.2
320,47612,0.062211250374093655,0.025,0.0,1.1932418413460253,0.9933856554309576,0.04750654125113612,0.047506517405316584,-2.3845819534240587e-08,continuous_direct_verified,m_low,0.0620483979355337,1.1600000147851564,1.0,0.00016285243855995724,0.03324182656086894,1.0066583854245137
321,25244,0.0659269251395017,0.025,0.0,1.1764768056571482,0.9788931651108129,0.036518613771723184,0.03651859244490827,-2.132681491129329e-08,continuous_direct_verified,m_low,0.0661462164238216,1.1440000123384713,1.0,0.00021929128431989742,0.03247679331867692,1.021561939179336
322,3884,0.058934869896620515,0.025,0.0,1.1962159082293509,0.9599983418925743,0.0229180676648302,0.02291805708591556,-1.0578914640124726e-08,continuous_direct_verified,m_low,0.059551768325595826,1.160000006813995,1.0,0.0006168984289753113,0.0362159014153558,1.0416684658314774
323,17932,0.05271788686513901,0.025,0.0,1.1675034239888191,0.9958952989564991,0.014596353356157195,0.014596341013232914,-1.2342924281608103e-08,continuous_direct_verified,m_high,0.052118855500412724,1.1999999962339363,0.9549925762647061,0.0005990313647262838,0.03249657224511715,1.0428304090611649
324,28731,0.0715600305236876,0.025,0.0,0.4003005467355252,0.0142858070164139,0.0026567112094183975,0.0026567112094183975,0.0,verified_grid,gamma_high,0.07169798847670023,0.4,0.017378008287493755,0.00013795795301262126,0.00030054673552515343,1.2164526839489727
325,47563,0.08069748487323523,0.025,0.0,0.4719099193811417,0.010038027548122887,0.002209433252251579,0.0022094311398229006,-2.1124286781609714e-09,continuous_direct_verified,gamma_high,0.08172954674422901,0.46400000105744876,0.033113112150147124,0.0010320618709937779,0.007909918323692922,3.2987668136395265
326,31755,0.0794526501558721,0.025,0.0,0.4326413169503212,0.014645755734716999,0.002154378993164909,0.002154370098755937,-8.894408971924644e-09,continuous_direct_verified,gamma_high,0.07961833283099748,0.43199999786230237,0.018197008584841752,0.0001656826751253726,0.0006413190880188435,1.2424765860123348
327,10587,0.07552519096061588,0.025,0.0,0.47254742681980133,0.01472504363732265,0.0020904347776470266,0.0017050216030215345,-0.00038541317462549205,continuous_direct_verified,gamma_high,0.07601433164320709,0.4682737147400972,0.026522772387769896,0.0004891406825912048,0.004273712079704117,1.8012016154943187
328,8395,0.08129225382581354,0.025,0.0,0.46477970704436306,0.020817128976690673,0.00257619233204015,0.0014277979856506808,-0.001148394346389469,continuous_direct_verified,gamma_high,0.08191991309444589,0.4603898526606049,0.03457809311611272,0.0006276592686323551,0.004389854383758163,1.6610404419759544
329,18315,0.07831824589520693,0.025,0.0,0.44907546043395996,0.024096652834208972,0.0025318215950937083,0.0011472724826639758,-0.0013845491124297325,continuous_direct_verified,gamma_low,0.07788379843970154,0.45253772940974546,0.014170583625157851,0.0004344474555053879,0.0034622689757854985,1.7004700350823094
330,33931,0.07922074007801712,0.025,0.0,0.41585051193833356,0.027531884773899253,0.00238352934943659,0.0018853404971252922,-0.0004981888523112978,continuous_direct_verified,gamma_high,0.07985264549820237,0.41192525434563576,0.04069195865978972,0.0006319054201852498,0.003925257592697795,1.4779939329967873
331,4107,0.07934942003339529,0.025,0.0,0.4882095366716385,0.02014138357675988,0.0022352012341070515,0.0010759637460592564,-0.0011592374880477951,continuous_direct_verified,gamma_high,0.07988299570820433,0.48410476812603537,0.032481439895790644,0.0005335756748090364,0.004104768545603155,1.612671729923724
332,44075,0.08331812461838127,0.025,0.0,0.408130169659853,0.03147305557585544,0.0024394943927690048,0.002439488754603616,-5.638165388559269e-09,continuous_direct_verified,gamma_high,0.08453414326214524,0.4000000018229651,0.05495408739523089,0.001216018643763972,0.008130167836887914,1.7460677519150358
333,17435,0.07708068820647895,0.025,0.0,0.4787064477801323,0.03678205728455166,0.0023721943667821704,0.002372189733800721,-4.632981449436552e-09,continuous_direct_verified,gamma_high,0.07798013060603769,0.471999998396158,0.0575439937231638,0.0008994423995587336,0.0067064493839743,1.5644582704549288
334,38091,0.08111396809108556,0.025,0.0,0.47946867197752,0.029634764748629333,0.0023490075043994594,0.002349004169769933,-3.334629526501043e-09,continuous_direct_verified,gamma_high,0.08215050882855235,0.4719999986320687,0.052480746017354855,0.0010365407374667845,0.0074686733454513154,1.7709182597706363
335,37707,0.08237695689313115,0.025,0.0,0.4715866453945637,0.042130492876593595,0.0021393228009481684,0.0021393225621091916,-2.3883897680779254e-10,continuous_direct_verified,gamma_low,0.08126315987772785,0.4799999996501418,0.017378008287374864,0.0011137970154033033,0.008413354255578098,2.4243568181056414
336,23307,0.08027241453528405,0.025,0.0,0.45325943902134896,0.07060247480828934,0.002487862836506516,0.002487862158375147,-6.781313687670432e-10,continuous_direct_verified,gamma_low,0.07887131876524243,0.463999999369007,0.03981071705389711,0.0014010957700416188,0.010740560347658024,1.7734539850840991
337,41531,0.07135768830776215,0.025,0.0,0.4455277033150196,0.07694135061747209,0.002411415070849749,0.0024114135623654084,-1.5084843404782056e-09,continuous_direct_verified,gamma_low,0.07007408837417754,0.45600000090775006,0.04570881896537731,0.0012835999335846088,0.01047229759273044,1.6832933416142788
338,11995,0.07448223326355219,0.025,0.0,0.4771655939519406,0.06273081441949276,0.0023401622270997676,0.0023401555615074386,-6.665592328959635e-09,continuous_direct_verified,gamma_high,0.07503540243112976,0.4720000018928107,0.07585775752331723,0.0005531691675775691,0.005165592059129864,1.2092582923607869
339,9979,0.07079222039319576,0.025,0.0,0.4367868386209011,0.06963716545098474,0.002313105072323283,0.0023131048111493333,-2.6117394965469165e-10,continuous_direct_verified,gamma_low,0.0694266717154252,0.4480000003699763,0.03630780547815271,0.001365548677770556,0.011213161749075162,1.9179667989817537
340,30987,0.07988434764556587,0.025,0.0,0.47227111607789996,0.11972682627485316,0.0034215480167622985,0.0017280713837056925,-0.001693476633056606,continuous_direct_verified,gamma_high,0.0810174581036672,0.46337453879867097,0.14367219152982377,0.0011331104581013274,0.00889657727922899,1.1999999999999997
341,23963,0.07610462913289667,0.025,0.0,0.4836109451949597,0.12208019854496259,0.0030868599230200948,0.0030868568648158554,-3.058204239327067e-09,continuous_direct_verified,gamma_low,0.07461111482662895,0.4960000014677064,0.08709635901933524,0.0014935143062677209,0.012389056272746723,1.401668220342724
342,19851,0.07856517410837115,0.025,0.0,0.48323311284184456,0.08226709492935844,0.0029663374340441716,0.0029663372149083185,-2.1913585312657857e-10,continuous_direct_verified,gamma_low,0.07698808126468672,0.49600000038982045,0.045708818963659255,0.00157709284368443,0.012766887547975891,1.7998079319171383
343,26955,0.08268419806845487,0.025,0.0,0.43549922183156015,0.12905035299017212,0.002921142862758887,0.0017553131378214182,-0.001165829724937469,continuous_direct_verified,gamma_high,0.08403077444170602,0.4260040381359478,0.15486042358820654,0.0013465763732511543,0.009495183695612364,1.2
344,25099,0.07967838332988322,0.025,0.0,0.4190582901239395,0.19752247243254897,0.004913484401744713,0.001998069553948585,-0.0029154148477961283,continuous_direct_verified,gamma_low,0.07801851628896184,0.43144551436170164,0.1646020603604575,0.0016598670409213867,0.012387224237762118,1.2
345,39003,0.07499999292194844,0.025,0.0,0.42405160740017894,0.1718239155895111,0.004755610718951583,0.0017269318633993632,-0.0030286788555522193,continuous_direct_verified,gamma_low,0.07365740001938245,0.4346789321642243,0.1431865963245926,0.0013425929025659838,0.010627324764045376,1.2
346,43811,0.06825992143712939,0.025,0.0,0.4329842053353787,0.2018406208878688,0.0046171243299093865,0.0018349596878662485,-0.002782164642043138,continuous_direct_verified,gamma_low,0.06684306799388777,0.44576388574464737,0.16820051740655736,0.0014168534432416197,0.01277968040926869,1.1999999999999997
347,17211,0.07186980862170458,0.025,0.0,0.4066030137240887,0.1759246440801378,0.004483529384257787,0.004483521528406357,-7.855851430309257e-09,continuous_direct_verified,gamma_low,0.06958435687177243,0.4240000027857035,0.1258925412691778,0.002285451749932152,0.017396989061614798,1.3974191187703775
348,2427,0.06939712888561189,0.025,0.0,0.47342101782560353,0.2894091925765175,0.006537638673581552,0.002557004756216771,-0.00398063391736478,continuous_direct_verified,gamma_low,0.06747328632490598,0.49294711006351294,0.24117432714709794,0.0019238425607059073,0.01952609223790941,1.1999999999999997
349,25803,0.08108125925064087,0.025,0.0,0.4556196860969067,0.276194049390997,0.006451259905878711,0.002743061729624708,-0.0037081981762540025,continuous_direct_verified,gamma_low,0.0788755107468922,0.4739775828530724,0.23016170782583087,0.002205748503748675,0.018357896756165726,1.2
350,12699,0.07629326023161412,0.025,0.0,0.439193082600832,0.27782243706738563,0.005999599674314225,0.002533731458121958,-0.0034658682161922668,continuous_direct_verified,gamma_low,0.07415162585922558,0.4574967571557767,0.23151869755615473,0.00214163437238854,0.018303674554944693,1.1999999999999997
351,34011,0.07421798314899207,0.025,0.0,0.47828438878059387,0.32972789094392824,0.0058047983249697515,0.002937591747801567,-0.0028672065771681845,continuous_direct_verified,gamma_low,0.07191608992380673,0.5008808543618672,0.27477324245327356,0.002301893225185342,0.022596465581273373,1.2
352,6603,0.08071449301205576,0.025,0.0,0.41143202036619186,0.5797909925842105,0.010163110857673605,0.0026471680953809814,-0.007515942762292624,continuous_direct_verified,m_high,0.07739525653278281,0.4414320203661919,0.5026767752859681,0.003319236479272944,0.030000000000000027,1.1534071615987687
353,29819,0.06903036013245584,0.025,0.0,0.41594819352030754,0.5919195790901616,0.008339651290276225,0.0029917279957970516,-0.005347923294479173,continuous_direct_verified,gamma_low,0.06547529533284663,0.45451160424703757,0.493266315908468,0.003555064799609209,0.03856341072673003,1.2
354,4187,0.07496806639246643,0.025,0.0,0.40045585110783577,0.532274337062045,0.0071866820649050195,0.002612297640140517,-0.004574384424764502,continuous_direct_verified,m_high,0.0717128884101832,0.4304558511078358,0.4555568599718913,0.003255177982283239,0.030000000000000027,1.1684037358034456
355,36395,0.08308367901481689,0.025,0.0,0.4146662846207619,0.4966603663261546,0.006522930239960619,0.00305586654058018,-0.003467063699380439,continuous_direct_verified,m_high,0.07953314188934463,0.44466628462076185,0.42126259460810217,0.003550537125472264,0.02999999999999997,1.178980457042939
356,23771,0.07429845877923072,0.025,0.0,0.40803253874182704,0.6170615925611991,0.0062958905148022045,0.002340952571204034,-0.0039549379435981705,continuous_direct_verified,m_high,0.07127986339410561,0.438032538741827,0.5387250902361665,0.0030185953851251113,0.02999999999999997,1.1454109039003388
357,11547,0.07761664148420096,0.025,0.0,0.45690855383872986,0.61012233992823,0.005906816810690418,0.002345885891738156,-0.0035609309189522623,continuous_direct_verified,m_low,0.08062225948512604,0.42690855383872983,0.6893021931085739,0.003005618000925081,0.030000000000000027,1.12977701027905
358,43787,0.08030454670079053,0.025,0.0,0.4801916539669037,0.6580364096332348,0.005678856997935201,0.002326178007964799,-0.003352678989970402,continuous_direct_verified,m_low,0.083179333494683,0.45019165396690375,0.7371584588240108,0.00287478679389247,0.02999999999999997,1.1202396220520314
359,10507,0.07994321291334927,0.025,0.0,0.43486796095967295,0.7446708951721973,0.005493207664312998,0.0020247966106953807,-0.003468411053617617,continuous_direct_verified,m_low,0.08295972627407068,0.4048679609596729,0.8313464301232695,0.0030165133607214095,0.030000000000000027,1.116394417336573
360,13003,0.08155473717488348,0.025,0.0,0.5361300878226757,0.01397249614220844,0.0023436338582307715,0.001433436882950681,-0.0009101969752800905,continuous_direct_verified,gamma_high,0.0820307604581237,0.5320650448619546,0.02524803724767551,0.00047602328324021503,0.004065042960721077,1.8069811571753205
361,25931,0.08257649005390705,0.025,0.0,0.5750201128423214,0.0108612998697508,0.002238402295391143,0.001497804206247067,-0.0007405980891440759,continuous_direct_verified,gamma_high,0.0829677024346599,0.5715100575669407,0.0203016588311186,0.0003912123807528478,0.003510055275380619,1.8691739547362667
362,34507,0.0814308105967939,0.025,0.0,0.5198618367314338,0.011184964239064937,0.002234277267307873,0.002043708010494018,-0.00019056925681385515,continuous_direct_verified,gamma_high,0.0818716867398823,0.5159309201843714,0.02157286983189946,0.00044087614308839507,0.003930916547062457,1.9287383822429596
363,16859,0.07348556797951461,0.025,0.0,0.5683684572577477,0.011042207622420317,0.0021991994189269936,0.0021991921572702884,-7.261656705202096e-09,continuous_direct_verified,gamma_high,0.07359157337552114,0.5679999980785004,0.013803842645342904,0.00010600539600652548,0.00036845917924721583,1.25009808883826
364,19099,0.07663353979587556,0.025,0.0,0.5770252011716366,0.023071490537290594,0.002646220171795639,0.0014107981161507607,-0.0012354220556448782,continuous_direct_verified,gamma_high,0.07715421865448713,0.5725126000589437,0.03640226857483133,0.0005206788586115674,0.0045126011126929155,1.57780306894321
365,2379,0.08268912299536169,0.025,0.0,0.5446594156324863,0.0270431614394506,0.0026426455445849955,0.0022361636270195545,-0.00040648191756544093,continuous_direct_verified,gamma_low,0.08217650346572031,0.548329709736319,0.015011984501929884,0.0005126195296413782,0.003670294103832683,1.8014381400389825
366,32331,0.08178460556082429,0.025,0.0,0.5288158275187016,0.021776448767677425,0.0025753712721403982,0.0016762288496225866,-0.0008991424225178117,continuous_direct_verified,gamma_high,0.08237076503388968,0.5244079126656708,0.03536585418032981,0.0005861594730653952,0.004407914853030825,1.6240413924984411
367,13899,0.08167184353806078,0.025,0.0,0.49711567983031274,0.02425644128045746,0.002528387026880391,0.0009519600100193943,-0.0015764270168609968,continuous_direct_verified,gamma_low,0.08123627840523855,0.5005578396188072,0.014217489604992787,0.0004355651328222382,0.0034421597884944366,1.7060987526193987
368,9723,0.0704798763152212,0.025,0.0,0.5527290463447571,0.029248629091462232,0.002474676369606323,0.0024746746871034584,-1.682502864461255e-09,continuous_direct_verified,gamma_high,0.07142941020688923,0.5439999990280513,0.05495408737939812,0.0009495338916680335,0.008729047316705763,1.8788602777775796
369,14731,0.07855335590429605,0.025,0.0,0.521223409473896,0.028077497303310273,0.0024140073060043314,0.0024140069585639958,-3.4744033561642795e-10,continuous_direct_verified,gamma_high,0.07968694151464267,0.5119999995552486,0.054954087382404024,0.0011335856103466269,0.009223409918647452,1.9572288366287214
370,11851,0.08172345091588795,0.025,0.0,0.5662173613905906,0.041317580860256525,0.00236099079995995,0.002360985515833748,-5.28412620213678e-09,continuous_direct_verified,gamma_high,0.08240847505264119,0.5600000017239073,0.05754399374423055,0.00068502413675324,0.006217359666683353,1.3927241756688191
371,36043,0.08116550059057773,0.025,0.0,0.5603166125714779,0.03397369097553702,0.00222168630192886,0.0022216860082081486,-2.937207113813678e-10,continuous_direct_verified,gamma_low,0.0802655891911571,0.5679999996057918,0.01202264434610975,0.0008999113994206248,0.0076833870343139266,2.825808532424077
372,20699,0.07411323380656541,0.025,0.0,0.5556608147919178,0.07442184079763503,0.002981941323106824,0.0029819385622324238,-2.760874400192098e-09,continuous_direct_verified,gamma_high,0.07531388203478431,0.5440000013688219,0.1047128548329409,0.0012006482282189007,0.011660813423095884,1.4070178016379897
373,45915,0.0752583765424788,0.025,0.0,0.5486943602561951,0.0713577642861444,0.0027736938937447135,0.0027736938937447135,0.0,verified_grid,gamma_low,0.07403097299062382,0.56,0.039810717055349734,0.0012274035518549803,0.01130563974380494,1.79242599893225
374,14987,0.07883152808062732,0.025,0.0,0.49317152574658396,0.06630594946018607,0.002748974344051133,0.0027489735475898043,-7.964613287468614e-10,continuous_direct_verified,gamma_low,0.0774834562359284,0.50400000071713,0.03467368504720403,0.0013480718446989282,0.010828474970546065,1.9122844707713802
375,37411,0.06766387606039644,0.025,0.0,0.49253324717283253,0.07296431642465771,0.0024777136535112324,0.0024777133169733095,-3.3653792296320373e-10,continuous_direct_verified,gamma_low,0.06644711685512222,0.5040000004310847,0.03981071705697486,0.001216759205274212,0.011466753258252194,1.8327807640398763
376,3363,0.06870077545754612,0.025,0.0,0.5763643696904183,0.11958391114755523,0.0034927509083280857,0.0034927495304480907,-1.377879994997333e-09,continuous_direct_verified,gamma_low,0.06728143081239697,0.5919999989688048,0.07943282346126072,0.0014193446451491454,0.015635629278386576,1.5054722460655845
377,46539,0.08060833662748337,0.025,0.0,0.5136643037199974,0.12089723922526222,0.0033865001038700343,0.0018926310163888305,-0.0014938690874812038,continuous_direct_verified,gamma_high,0.0817072632798275,0.50448677198407,0.14507668707031462,0.0010989266523441232,0.009177531735927391,1.1999999999999997
378,17931,0.0797524977941066,0.025,0.0,0.5202359944581986,0.12421177814203982,0.003328965847259054,0.0019400895590589624,-0.0013888762882000914,continuous_direct_verified,gamma_high,0.0808635242090321,0.5107379976064037,0.14905413377044777,0.0011110264149254978,0.009497996851794865,1.2
379,34059,0.08006079299375415,0.025,0.0,0.5402283556759357,0.10869848747216075,0.003310362182190965,0.003310359049736756,-3.132454208781138e-09,continuous_direct_verified,gamma_low,0.07866819144696549,0.5520000015541372,0.07585775752254977,0.0013926015467886632,0.011771645878201453,1.4329251354398214
380,8971,0.08020865814760328,0.025,0.0,0.4945109248161316,0.21421558170548294,0.005347645713557456,0.002466842389781454,-0.002880803323776002,continuous_direct_verified,gamma_low,0.07858887181755085,0.5086207564708672,0.17851298475456914,0.001619786330052428,0.014109831654735616,1.1999999999999997
381,6171,0.07721491516567767,0.025,0.0,0.5702399127185345,0.20264266521365548,0.005108120735083257,0.002600734909177879,-0.002507385825905378,continuous_direct_verified,gamma_low,0.07583822857790137,0.5839759198203743,0.16886888767804625,0.0013766865877763018,0.013736007101839864,1.2
382,47771,0.07660098155029119,0.025,0.0,0.5500934615731239,0.21436188177941604,0.005006498491227475,0.002605919518530148,-0.002400578972697327,continuous_direct_verified,gamma_low,0.07513414995113346,0.5646057352478138,0.17863490148284672,0.0014668315991577252,0.01451227367468988,1.2
383,19787,0.0826072203461081,0.025,0.0,0.5351182170212269,0.2052099900040252,0.004534277944450197,0.0026264257978624596,-0.001907852146587737,continuous_direct_verified,gamma_low,0.08107319899516971,0.5488367681828541,0.17100832500335436,0.001534021350938386,0.013718551161627235,1.1999999999999997
384,10763,0.07964000734500587,0.025,0.0,0.5506150022149086,0.3153381287491891,0.00671973096991219,0.0034318439306416488,-0.003287887039270541,continuous_direct_verified,gamma_low,0.07743488297431941,0.5730248371425791,0.2627817739576576,0.0022051243706864565,0.02240983492767057,1.1999999999999997
385,14923,0.08182988767512143,0.025,0.0,0.5384526260197162,0.294120135767617,0.005913793329810318,0.0033148144855860945,-0.002598978844224223,continuous_direct_verified,gamma_low,0.0796827284457241,0.5590390650432675,0.24510011313968086,0.00214715922939733,0.020586439023551284,1.1999999999999997
386,27787,0.07923574103042484,0.025,0.0,0.5236697681248188,0.33851620566752644,0.005779544355339029,0.003400339311397326,-0.0023792050439417033,continuous_direct_verified,gamma_low,0.07684214073648206,0.5475276452747218,0.28209683805627206,0.0023936002939427825,0.02385787714990295,1.2
387,3339,0.08016632073558867,0.025,0.0,0.5352611966431141,0.3540503008678518,0.005770278607159556,0.0035758349613402873,-0.002194443645819269,continuous_direct_verified,gamma_low,0.07767419195142698,0.5604813175597559,0.2950419173898765,0.00249212878416169,0.02522012091664183,1.2
388,36315,0.07361896135844291,0.025,0.0,0.571890015900135,0.48574884599706464,0.00800409013798474,0.0029268267898436336,-0.0050772633481411065,continuous_direct_verified,m_low,0.0760911926815928,0.541890015900135,0.5549940261856038,0.002472231323149887,0.030000000000000027,1.1425534630893546
389,19147,0.08163630566559732,0.025,0.0,0.5147773966193199,0.45645472822642863,0.006933100662696444,0.0031924749896524683,-0.0037406256730439756,continuous_direct_verified,m_low,0.08470230709222076,0.48477739661931984,0.5283868657057493,0.0030660014266234437,0.030000000000000027,1.1575887662700213
390,12123,0.07540371832437814,0.025,0.0,0.5546462707221508,0.513885242236867,0.006898737509347998,0.002826151662629394,-0.004072585846718604,continuous_direct_verified,m_low,0.07796062236943974,0.5246462707221508,0.5843752081193537,0.002556904045061592,0.030000000000000027,1.1371706367274808
391,15819,0.08049367289058865,0.025,0.0,0.5118221327662468,0.3678950799661041,0.006614728626076457,0.0035194461325411767,-0.00309528249353528,continuous_direct_verified,gamma_low,0.07785044184584808,0.5377443442708507,0.3065792333050868,0.0026432310447405682,0.025922211504603943,1.1999999999999997
392,41483,0.07967214845120907,0.025,0.0,0.573894913494587,0.9508531715792204,0.008571168302051424,0.001856824691714885,-0.006714343610336539,continuous_direct_verified,m_high,0.07766152646268686,0.603894913494587,0.873775373795128,0.0020106219885222126,0.030000000000000027,1.0882123713893597
393,20939,0.08067039554007352,0.025,0.0,0.5672318458557128,0.9256020003277576,0.006864111264632036,0.0019276223456015274,-0.004936488919030509,continuous_direct_verified,m_high,0.07859034984758358,0.5972318458557129,0.8488808460273021,0.002080045692489943,0.030000000000000027,1.0903791794331381
394,22059,0.08302004765719176,0.025,0.0,0.4974425502121449,0.9714584082631316,0.006331290693401346,0.001854124022408167,-0.004477166670993179,continuous_direct_verified,m_high,0.08069164546688957,0.5274825958512641,0.8872979266128298,0.002328402190302184,0.030040045639119217,1.0948503080262746
395,37899,0.07958978186361493,0.025,0.0,0.5279359981417656,0.7325898165249982,0.005813934451694023,0.002174579250268759,-0.003639355201425264,continuous_direct_verified,m_low,0.08208017754319177,0.4979359981417656,0.8104526396471082,0.0024903956795768456,0.030000000000000027,1.1062843372454292
396,22027,0.07979707191698254,0.025,0.0,0.6564723417162895,0.015520143035608497,0.002797668137909704,0.0013981962914391562,-0.001399471846470548,continuous_direct_verified,gamma_high,0.08025147395250828,0.6522361712782081,0.02722942576851449,0.00045440203552574165,0.0042361704380814436,1.754457140378211
397,37835,0.08104877476580441,0.025,0.0,0.6480598688125611,0.012733835045331841,0.0027962519503352498,0.0020937334317157677,-0.0007025185186194821,continuous_direct_verified,gamma_high,0.08145216516366643,0.6440299360909751,0.023018140303032623,0.0004033903978620246,0.004029932721585916,1.8076361301280524
398,10187,0.08076922530308367,0.025,0.0,0.6084687568247318,0.015908182882249662,0.0025425585511642547,0.001413350657776547,-0.0011292078933877077,continuous_direct_verified,gamma_high,0.08123657020023288,0.6042343790728868,0.02756772390230259,0.00046734489714921057,0.0042343777518449865,1.732927268083059
399,5899,0.08043779563158751,0.025,0.0,0.631898607313633,0.015365577610358878,0.0025095320829838716,0.0012448349087862758,-0.0012646971741975958,continuous_direct_verified,gamma_high,0.0808769503347085,0.6279493038748374,0.02647677399353794,0.00043915470312098914,0.003949303438795626,1.7231225968159065
400,2763,0.08162530413828792,0.025,0.0,0.6401495091617108,0.019669893647723376,0.002776919375487709,0.001333615287664843,-0.0014433040878228662,continuous_direct_verified,gamma_high,0.08209491562895374,0.636074754356049,0.03136834666515463,0.0004696114906658222,0.004074754805661773,1.5947390070807654
401,33827,0.06813602461479605,0.025,0.0,0.6491739802062512,0.026135699849849172,0.0027552004916099023,0.0023313997512382266,-0.00042380074037167564,continuous_direct_verified,gamma_low,0.06775670987719529,0.6525869917033522,0.014757963909993505,0.00037931473760076384,0.0034130114971010483,1.7709556690371846
402,27467,0.08246425930410625,0.025,0.0,0.6000314645469189,0.017810060111679394,0.0026479533255119284,0.0012326384421379043,-0.001415314883374024,continuous_direct_verified,gamma_high,0.08293232258315904,0.5960157324827402,0.029169119229505627,0.00046806327905278555,0.004015732064178712,1.6377889264044228
403,39515,0.07463342309929431,0.025,0.0,0.6403902880847454,0.023793324936997606,0.0026166132402797885,0.002293628655002318,-0.0003229845852774707,continuous_direct_verified,gamma_high,0.07512103670084075,0.6361951424308645,0.03696733905790757,0.0004876136015464355,0.004195145653880905,1.553685294333325
404,36683,0.08223397308029234,0.025,0.0,0.655838818103075,0.04306381744197703,0.00268075514265086,0.002680754899700342,-2.4295051777659116e-10,continuous_direct_verified,gamma_low,0.0813124297024547,0.664000000394494,0.01995262315014806,0.000921543377837647,0.008161182291419045,2.1583035532677552
405,10699,0.0807536795269698,0.025,0.0,0.5834833450615406,0.030123386540626716,0.002556344823413819,0.0025563409240319853,-3.89938183348662e-09,continuous_direct_verified,gamma_high,0.08157632249878383,0.5760000015392449,0.050118723369624196,0.0008226429718140305,0.007483343522295738,1.6637811722141609
406,2955,0.07815289162099362,0.025,0.0,0.664189251512289,0.03899177808084234,0.0024496648470006526,0.0024496646016450123,-2.453556403186896e-10,continuous_direct_verified,gamma_low,0.0773386052101466,0.6719999996249986,0.017378008287382507,0.0008142864108470205,0.007810748112709542,2.243742633564788
407,18523,0.07501771575771272,0.025,0.0,0.6074948526918889,0.044164980449309506,0.0024163151617001533,0.00241631506172031,-9.997984341467148e-11,continuous_direct_verified,gamma_low,0.0741189785287719,0.616000000236553,0.019952623149988073,0.0008987372289408213,0.008505147544664138,2.2134924374259985
408,38555,0.0764851852785796,0.025,0.0,0.6443350948393345,0.06525401611263472,0.0033477313244543406,0.003347731248854358,-7.559998243741872e-11,continuous_direct_verified,gamma_low,0.07528192734423195,0.656000000242217,0.033113112149263074,0.001203257934347654,0.011664905402882564,1.9706397821651727
409,29771,0.08203166760504246,0.025,0.0,0.5880691677331924,0.07302884429987859,0.0031130182230119517,0.003113017537759413,-6.852525387401887e-10,continuous_direct_verified,gamma_high,0.08339154133849148,0.5760000007095293,0.10471285481721812,0.0013598737334490213,0.012069167023663119,1.4338561128974652
410,10939,0.07342278291471303,0.025,0.0,0.651755154132843,0.07646401922520868,0.0030723563775804643,0.0030723488741118436,-7.503468620745357e-09,continuous_direct_verified,gamma_low,0.07293247892810517,0.6560000022889163,0.06309573446708981,0.0004903039866078623,0.004244848156073289,1.2118730350162046
411,12299,0.07936166571453214,0.025,0.0,0.6540998049080372,0.07291609162989951,0.0029924451261865827,0.0029924445464839613,-5.797026214095224e-10,continuous_direct_verified,gamma_low,0.07830189562324996,0.6640000006370309,0.0457088189649646,0.0010597700912821778,0.0099001957289937,1.5952302702414831
412,32699,0.0726501232944429,0.025,0.0,0.6557411395013333,0.12353325871976185,0.004124025150427905,0.004124016830784084,-8.319643821086409e-09,continuous_direct_verified,gamma_low,0.0717914711419988,0.6640000027682758,0.10000000006099748,0.0008586521524441004,0.008258863266942473,1.235332586444097
413,25547,0.08101592734456063,0.025,0.0,0.624259901791811,0.11854512864522386,0.003944575062579762,0.0022254112099883796,-0.0017191638525913826,continuous_direct_verified,gamma_high,0.08200983367676058,0.6148615385920284,0.1422541543742686,0.0009939063321999508,0.0093983631997826,1.1999999999999997
414,41163,0.0812875972595066,0.025,0.0,0.641862741112709,0.10339037271848524,0.0038749181524465343,0.003874918059730349,-9.27161854236136e-11,continuous_direct_verified,gamma_low,0.07978306137511548,0.6560000002893629,0.06606934480560203,0.0015045358843911172,0.014137259176653871,1.5648766159660592
415,9947,0.07460112916305661,0.025,0.0,0.6218000084161759,0.12848246584025347,0.003859491305898662,0.0038594832925400507,-8.013358611218269e-09,continuous_direct_verified,gamma_low,0.07370554041048501,0.6319999973601226,0.10471285474673826,0.000895588752571605,0.010199988943946692,1.2269980237956946
416,24859,0.07781748026609421,0.025,0.0,0.6282693766057491,0.1772104041213495,0.006061238667198964,0.0025778944358588146,-0.003483344231340149,continuous_direct_verified,gamma_low,0.0766469936440021,0.6403394914195137,0.14767533676779127,0.0011704866220921123,0.012070114813764632,1.2
417,1339,0.07204460832290352,0.025,0.0,0.6381468750536442,0.18400570873251446,0.00513796429643678,0.002519131091661054,-0.0026188332047757256,continuous_direct_verified,gamma_low,0.0709246486448696,0.650784146623181,0.15333809061042875,0.0011199596780339244,0.012637271569536757,1.1999999999999997
418,19483,0.07696154252626003,0.025,0.0,0.6231337197124958,0.1897505595966788,0.005059419052086709,0.0026682117613975867,-0.0023912072906891223,continuous_direct_verified,gamma_low,0.07571828961138376,0.6361704160861774,0.15812546633056568,0.0012432529148762722,0.013036696373681655,1.2
419,2315,0.07992136492393911,0.025,0.0,0.6198925524950027,0.20169309904484733,0.005029728025896352,0.0028657214510835723,-0.0021640065748127794,continuous_direct_verified,gamma_low,0.07854658989925452,0.633837277160573,0.1680775825373728,0.0013747750246845963,0.013944724665570285,1.2
420,8075,0.07840581722557545,0.025,0.0,0.6436148911714554,0.3078114616514722,0.007886996550005668,0.0038072230148025587,-0.004079773535203109,continuous_direct_verified,gamma_low,0.07640242999522791,0.6664031698018686,0.2565095513762269,0.002003387230347542,0.022788278630413217,1.1999999999999997
421,19163,0.0744231179356575,0.025,0.0,0.6521729126572609,0.3061901905725602,0.007321059357900986,0.00367228081092336,-0.003648778546977626,continuous_direct_verified,gamma_low,0.07253821971041516,0.6749061590033192,0.2551584921438002,0.0018848982252423485,0.022733246346058333,1.1999999999999997
422,21667,0.06719330148771406,0.025,0.0,0.6621407464146614,0.2915703017961173,0.007087699108827428,0.003316108314297951,-0.0037715907945294774,continuous_direct_verified,gamma_low,0.06557428199014968,0.6837372250848519,0.24297525149676444,0.001619019497564378,0.021596478670190544,1.2
423,37307,0.07246509920805694,0.025,0.0,0.6659746497869492,0.3121012550691513,0.006694898314100259,0.003689638691168113,-0.003005259622932146,continuous_direct_verified,gamma_low,0.07060838013777901,0.6893340289324532,0.2600843792242928,0.001856719070277929,0.02335937914550401,1.2
424,29227,0.08294771574437619,0.025,0.0,0.5978334732353687,0.4845332686331928,0.00852420098927525,0.0033068417657714697,-0.005217359223503779,continuous_direct_verified,m_low,0.08563460647525706,0.5678334732353687,0.5524855484265805,0.002686890730880867,0.030000000000000027,1.1402427535782476
425,23835,0.07765256129205228,0.025,0.0,0.6102550908923149,0.3754448623653505,0.006959063554906419,0.003982986686111223,-0.0029760768687951957,continuous_direct_verified,gamma_low,0.07524445117069056,0.6382615381651577,0.31287071863779214,0.0024081101213617173,0.02800644727284285,1.1999999999999997
426,9771,0.08298386074602604,0.025,0.0,0.6447702579200267,0.4481503685308433,0.006833225246860426,0.0036234240896093925,-0.0032098011572510338,continuous_direct_verified,m_low,0.08557942208154147,0.6147702579200267,0.5139104424027492,0.002595561335515431,0.030000000000000027,1.1467366279034534
427,31115,0.07855633762665093,0.025,0.0,0.6458131514489651,0.3692940409004545,0.006718502479744422,0.004178972742462478,-0.0025395297372819434,continuous_direct_verified,gamma_low,0.0761973589606832,0.6738173564320652,0.3077450340837121,0.002358978665967723,0.02800420498310008,1.1999999999999997
428,38795,0.07830052333883941,0.025,0.0,0.6324703067541122,0.9372101878842574,0.00954005019039866,0.0018730307830139119,-0.007667019407384748,continuous_direct_verified,m_high,0.07644510721801916,0.6624703067541122,0.8644256120823925,0.0018554161208202552,0.030000000000000027,1.084199929738925
429,27427,0.06826644213870169,0.025,0.0,0.584987310320139,0.9987765814256616,0.00666189868080623,0.0015416680244941493,-0.005120230656312081,continuous_direct_verified,m_high,0.06660765136376114,0.614987310320139,0.920884375552185,0.0016587907749405495,0.030000000000000027,1.08458413232038
430,46219,0.0791723960544914,0.025,0.0,0.5876472070813179,0.6119377125180154,0.006169500812673897,0.0026173635838735365,-0.003552137228800361,continuous_direct_verified,m_low,0.08158455033043605,0.5576472070813179,0.6822920748501974,0.002412154275944642,0.030000000000000027,1.114969809660343
431,41179,0.07414533384144306,0.025,0.0,0.5794672191143035,0.6920517739798199,0.006116998690245923,0.002206469886220063,-0.00391052880402586,continuous_direct_verified,m_low,0.07633255064861828,0.5494672191143035,0.7649730671816888,0.0021872168071752213,0.030000000000000027,1.1053697077929827
432,39627,0.08158309273421765,0.025,0.0,0.7044573202729225,0.015645730184932517,0.003006063312380968,0.0030060520531612267,-1.1259219741439896e-08,continuous_direct_verified,gamma_high,0.0817211827967078,0.70399999715726,0.019054607177626044,0.00013809006249014544,0.00045732311566248907,1.217879060446563
433,2651,0.07465760977938772,0.025,0.0,0.7042105332016945,0.012710393543529722,0.0027764280503827536,0.0016389122880855823,-0.0011375157622971713,continuous_direct_verified,gamma_high,0.07504247564433499,0.7001052675260773,0.023532611321704755,0.0003848658649472647,0.004105265675617198,1.851446317622803
434,32651,0.0783981720916927,0.025,0.0,0.7277653634548187,0.011522636645025895,0.002663234549710769,0.001970394870256568,-0.000692839679454201,continuous_direct_verified,gamma_high,0.07876329534536004,0.7238826831380776,0.021397673504678114,0.000365123253667346,0.003882680316741105,1.8570119117585024
435,25915,0.0720150584820658,0.025,0.0,0.7285474069416523,0.015543918901595347,0.002514459983979036,0.002514452782905629,-7.201073406841452e-09,continuous_direct_verified,gamma_high,0.07213937258129469,0.7279999979665164,0.019054607178191508,0.00012431409922888936,0.0005474089751359434,1.2258560597762667
436,10683,0.07253592866472901,0.025,0.0,0.736203571408987,0.018226133874985607,0.0028226253388211873,0.0015113152625768633,-0.001311310076244324,continuous_direct_verified,gamma_high,0.0729504720946119,0.732101785212142,0.03019519933566618,0.0004145434298828965,0.004101786196844981,1.6566979888756044
437,12843,0.08295041136443615,0.025,0.0,0.672425502538681,0.019905532696979512,0.0028155519618470763,0.0016633303603025148,-0.0011522216015445615,continuous_direct_verified,gamma_high,0.08345066713867036,0.6682127505051346,0.03229070486155031,0.0005002557742342095,0.00421275203354643,1.6221974740947342
438,12539,0.07089910544455053,0.025,0.0,0.680927474796772,0.024143739324904802,0.0028020844941111615,0.0010653207123627571,-0.0017367637817484044,continuous_direct_verified,gamma_low,0.07056079370335278,0.684463737398386,0.014184422008229306,0.00033831174119774987,0.003536262601613993,1.7021306409875177
439,25163,0.08192542628385127,0.025,0.0,0.7439288891851902,0.026230513871079334,0.0027511828376465186,0.0027511827584544442,-7.91920743391239e-11,continuous_direct_verified,gamma_high,0.08277464514992317,0.7360000002275275,0.04786300923230095,0.0008492188660718936,0.007928888957662639,1.824707265269122
440,10395,0.07686527776531876,0.025,0.0,0.67164361551404,0.0279462890893192,0.0027811009664081357,0.0024351460206187524,-0.0003459549457893833,continuous_direct_verified,gamma_high,0.07732289916894096,0.6678218059415474,0.04006385142179577,0.0004576214036221965,0.0038218095724925627,1.4336018386465408
441,21131,0.07874140921048821,0.025,0.0,0.7204868033528328,0.02927272408747124,0.0027519973184319934,0.0027519973184319934,0.0,verified_grid,gamma_high,0.07962449373207409,0.712,0.05248074602497726,0.0008830845215858779,0.008486803352832806,1.79282071146358
442,31275,0.08284688061103226,0.025,0.0,0.7032009229063988,0.029572225947853574,0.002721050026913168,0.0027210482897531067,-1.7371600611985893e-09,continuous_direct_verified,gamma_high,0.08367455230984108,0.6959999989368925,0.05011872335641016,0.0008276716988088184,0.007200923969506334,1.6947903564915074
443,21771,0.0800773893017322,0.025,0.0,0.7282252050936222,0.036610332806407464,0.0026897259773103837,0.002689725797632882,-1.796775016098262e-10,continuous_direct_verified,gamma_low,0.07926454601626672,0.7359999996625635,0.015135612484312522,0.0008128432854654782,0.007774794568941257,2.4188207014650156
444,28299,0.07886974285356702,0.025,0.0,0.7400091402232647,0.07226742019564411,0.003899257421889477,0.0038992572011817914,-2.207076856344803e-10,continuous_direct_verified,gamma_low,0.07764996852373723,0.7520000004477908,0.039810717057702116,0.0012197743298297814,0.011990860224526112,1.815275522189135
445,3627,0.08307903110980988,0.025,0.0,0.6919778801500798,0.07498946692521269,0.0038380940179147498,0.0038380902921341816,-3.725780568179099e-09,continuous_direct_verified,gamma_high,0.08430476898606422,0.6800000018370347,0.10471285484299207,0.0012257378762543375,0.011977878313045087,1.396367505151392
446,3851,0.08038625866174698,0.025,0.0,0.700269489735365,0.06552179083998076,0.003825203418208777,0.0038252017919462662,-1.6262625109411677e-09,continuous_direct_verified,gamma_low,0.07919762877101882,0.7119999987907706,0.03467368504304841,0.0011886298907281545,0.011730509055405625,1.8896690893579242
447,20875,0.07842448805458845,0.025,0.0,0.6924349196255207,0.06977569149103158,0.0036445560064227024,0.0036445554639104876,-5.42512214839197e-10,continuous_direct_verified,gamma_low,0.07722271171531724,0.7040000006787982,0.03801893963473796,0.00120177633927121,0.01156508105327747,1.8352876792828128
448,32843,0.0821250572334975,0.025,0.0,0.6800040304660797,0.12377520740839415,0.004342453831575723,0.002510104457947747,-0.0018323493736279758,continuous_direct_verified,gamma_high,0.08315134492563643,0.669970923552079,0.14853024889007296,0.0010262876921389302,0.010033106914000722,1.2
449,43851,0.08245203499682249,0.025,0.0,0.755452448874712,0.08808075969838536,0.0040942383338973334,0.004094238189525235,-1.4437209847756316e-10,continuous_direct_verified,gamma_low,0.08114865262983825,0.7680000003726716,0.05495408739002866,0.0013033823669842404,0.012547551497959608,1.6028063403772852
450,19595,0.07926012761890888,0.025,0.0,0.7340696424245834,0.12261886287854495,0.004094110316786381,0.0025847086741122615,-0.0015094016426741193,continuous_direct_verified,gamma_high,0.08022289136829303,0.7240161180530736,0.14714263545425393,0.0009627637493841434,0.010053524371509748,1.2
451,16571,0.07307191770523787,0.025,0.0,0.7017528928816319,0.1279205389944437,0.004058597802363088,0.00405859017395436,-7.628408727616831e-09,continuous_direct_verified,gamma_low,0.07224423870981919,0.7119999973700262,0.10471285474617066,0.0008276789954186764,0.010247104488394276,1.2216316640829787
452,46091,0.07956526339985431,0.025,0.0,0.7172546111047268,0.19875581283558355,0.006697433504234081,0.0031957856142176863,-0.0035016478900163944,continuous_direct_verified,gamma_low,0.07827021259401942,0.7314097185917904,0.16562984402965297,0.0012950508058348909,0.014155107487063612,1.2
453,30923,0.08122196374461055,0.025,0.0,0.6718069784343242,0.20036245924593393,0.006057842868122336,0.0030948547340671263,-0.00296298813405521,continuous_direct_verified,gamma_low,0.07986750570801597,0.6859030757297062,0.1669687160382783,0.0013544580365945774,0.01409609729538197,1.2
454,12827,0.0774953380227089,0.025,0.0,0.7440643988549709,0.21329039860439128,0.005387884067085516,0.0033866740996591183,-0.0020012099674263976,continuous_direct_verified,gamma_low,0.07615282847259365,0.7595086650928666,0.17774199883699274,0.0013425095501152506,0.015444266237895743,1.2
455,2891,0.082469613943249,0.025,0.0,0.7158808074891567,0.15808494173334084,0.0053302145800020705,0.0027704934249539936,-0.002559721155048077,continuous_direct_verified,gamma_low,0.08140262116078018,0.7267592329127346,0.1317374514444507,0.0010669927824688286,0.010878425423577864,1.2
456,26123,0.07976761288009585,0.025,0.0,0.734524566680193,0.3433036656842585,0.00804378130071443,0.004506737376922586,-0.0035370439237918444,continuous_direct_verified,m_low,0.0822161264133539,0.7045245666801929,0.4066561400506564,0.002448513533258048,0.030000000000000027,1.184537716019217
457,17691,0.0775942349806428,0.025,0.0,0.7294331096112728,0.26455922288562095,0.007814978024802733,0.003832374919481,-0.0039826031053217335,continuous_direct_verified,gamma_low,0.07592950079540597,0.7492073430222144,0.22046601907135083,0.001664734185236827,0.019774233410941533,1.1999999999999997
458,22795,0.07990584471262992,0.025,0.0,0.682294087857008,0.33148862190709044,0.0073172217478115935,0.004213262486421175,-0.0031039592613904187,continuous_direct_verified,gamma_low,0.07775730585086459,0.7075136370619752,0.2762405182559087,0.002148538861765331,0.025219549204967273,1.2000000000000002
459,40331,0.07862068451941014,0.025,0.0,0.6983123935759068,0.2819838837827702,0.007240962383357224,0.003883717508719145,-0.0033572448746380787,continuous_direct_verified,gamma_low,0.07681049411368131,0.7193760781155653,0.23498656981897517,0.0018101904057288287,0.021063684539658456,1.2
460,33179,0.0762449820060283,0.025,0.0,0.7384201653301716,0.4007651351030012,0.00754296512586269,0.004010882567253094,-0.003532082558609596,continuous_direct_verified,m_low,0.07856844567248879,0.707432476906092,0.465463596927305,0.002323463666460482,0.030987688424079618,1.161437351100104
461,3003,0.07277040779590607,0.025,0.0,0.7429532825946807,0.36503266617749286,0.007492875880077456,0.004015966284936971,-0.003476909595140485,continuous_direct_verified,m_low,0.07495776320272131,0.7129532825946807,0.4278336952010233,0.002187355406815236,0.030000000000000027,1.1720422166080726
462,6947,0.06830319119617344,0.025,0.0,0.7322236619889736,0.4444743584986738,0.007480997696045264,0.004373466509409145,-0.003107531186636118,continuous_direct_verified,gamma_low,0.06598380435453466,0.7678859665504727,0.3703952987488948,0.002319386841638779,0.0356623045614991,1.2
463,8763,0.07135318093933166,0.025,0.0,0.6728273674845695,0.4910166576725463,0.006998506540148692,0.003015585701632322,-0.00398292083851637,continuous_direct_verified,m_low,0.07345900233211328,0.6428273674845695,0.5556821027164346,0.0021058213927816205,0.030000000000000027,1.131697049445139
464,5515,0.07867101239971817,0.025,0.0,0.6777691580355167,0.9184746730547476,0.009588418734306513,0.0018046264397815427,-0.00778379229452497,continuous_direct_verified,m_low,0.08050047641335435,0.6477691580355167,0.9920374300831254,0.0018294640136361784,0.030000000000000027,1.080092308679254
465,3275,0.0811700213700533,0.025,0.0,0.7330386489629745,0.6840431784774614,0.006955044210951115,0.002553249569380376,-0.004401794641570739,continuous_direct_verified,m_low,0.08319514557508813,0.7030386489629745,0.7486649999716213,0.0020251242050348256,0.030000000000000027,1.0944703836357152
466,25227,0.07877145721577108,0.025,0.0,0.6986351527273655,0.6411875075922179,0.006662685324328539,0.002622768362718266,-0.0040399169616102725,continuous_direct_verified,m_low,0.08084719989327252,0.6686351527273655,0.70652413112918,0.0020757426775014354,0.030000000000000027,1.101899401911796
467,28571,0.07591457548551261,0.025,0.0,0.7265818402171135,0.8947899322155471,0.00636633369367684,0.0018078868892417378,-0.004558446804435103,continuous_direct_verified,m_low,0.07761937771590835,0.6965818402171134,0.9647407706196549,0.0017048022303957355,0.030000000000000027,1.0781757101702136
468,43108,0.0758380251005292,0.025,0.0,0.8324668638408184,0.014529553292740121,0.0030424415099246246,0.0030424323585003248,-9.151424299781719e-09,continuous_direct_verified,gamma_high,0.0759729980989343,0.8319999974596857,0.01819700858446014,0.00013497299840510568,0.0004668663811326912,1.2524134925436772
469,3659,0.08174723624251784,0.025,0.0,0.7758482716977596,0.011190812111086376,0.002944285994363554,0.002174680973786471,-0.000769605020577083,continuous_direct_verified,gamma_high,0.08212462375105177,0.7719241374702938,0.021087321779001956,0.0003773875085339301,0.0039241342274658475,1.8843424024706328
470,7268,0.07601673915050924,0.025,0.0,0.8241148605942725,0.010071447261387662,0.00282475646257264,0.002594227872044746,-0.00023052859052789375,continuous_direct_verified,gamma_high,0.076092602905579,0.8241148583920773,0.012085736713665196,7.586375506975218e-05,2.2021952039708026e-09,1.2000000000000002
471,36956,0.06698039597831668,0.025,0.0,0.8315754234790802,0.01116681344733508,0.002691673258068934,0.0019532605467130495,-0.0007384127113558847,continuous_direct_verified,gamma_high,0.06727177130530232,0.8277877129038483,0.020585207709233562,0.0002913753269856434,0.003787710575231862,1.843427205649804
472,17588,0.08251640005037189,0.025,0.0,0.8011943534016609,0.02666515326828258,0.0036270654845887294,0.0030280147466694124,-0.0005990507379193171,continuous_direct_verified,gamma_high,0.08307867305785269,0.7965971745327907,0.04097912350265298,0.0005622730074807958,0.004597178868870233,1.5368043487451635
473,9524,0.08156786882318556,0.025,0.0,0.8397739663720131,0.025049477343442445,0.003106293527609253,0.002400214971956553,-0.0007060785556527002,continuous_direct_verified,gamma_high,0.08203088085520176,0.8358869816360137,0.03706721502392103,0.000463012032016194,0.003886984735999355,1.4797600171735574
474,42331,0.07566504343412817,0.025,0.0,0.7928350932896138,0.026475991844583876,0.0030591853536462033,0.0023483254201121253,-0.000710859933534078,continuous_direct_verified,gamma_high,0.07614843087111658,0.788417545273449,0.0399040285289099,0.00048338743698841946,0.004417548016164785,1.5071778524162436
475,10212,0.07722436883486808,0.025,0.0,0.8076509594917297,0.019699463792279152,0.003048774621243217,0.001493967166826216,-0.0015548074544170013,continuous_direct_verified,gamma_high,0.07762339551485781,0.8038254794311601,0.030677348890723,0.00039902667998972796,0.003825480060569597,1.5572682187799665
476,20708,0.07783773024566472,0.025,0.0,0.8156271040439605,0.028256373113003174,0.0031341608437967738,0.00258061722527806,-0.0005535436185187138,continuous_direct_verified,gamma_high,0.07828265235958617,0.8118135502546127,0.04028550677508965,0.000444922113921456,0.00381355378934789,1.4257140013680965
477,37403,0.07747576194815338,0.025,0.0,0.7834426827728749,0.03897629147921663,0.0030650438044191866,0.003065043804419126,-6.071532165918825e-17,continuous_direct_verified,gamma_low,0.07661181352169687,0.792,0.01513561248436208,0.0008639484264565123,0.00855731722712516,2.575138040795272
478,17099,0.08151711975224317,0.025,0.0,0.7842062421143055,0.03139781525284208,0.0029965055326627477,0.002996504826428899,-7.062338487455466e-10,continuous_direct_verified,gamma_low,0.08070441700005908,0.7919999992914915,0.01,0.0008127027521840913,0.007793757177186,3.1397815252842083
479,25972,0.07885202490724624,0.025,0.0,0.8400170341134071,0.04428966757841288,0.002936072928889466,0.0029360726816037488,-2.4728571707682834e-10,continuous_direct_verified,gamma_high,0.07966787661443782,0.8319999995894084,0.06606934479496412,0.0008158517071915755,0.008017034523998712,1.4917552649947372
480,8011,0.08229221934452655,0.025,0.0,0.7887996703386306,0.07017712543313967,0.004009468321139705,0.0040094680076954515,-3.1344425319157487e-10,continuous_direct_verified,gamma_low,0.08111264051579377,0.8000000005449308,0.03981071705813998,0.0011795788287327774,0.01120033020630018,1.762769691654945
481,19675,0.07425619973801077,0.025,0.0,0.771796215325594,0.07675809601225343,0.003899309082158724,0.0038992997476385823,-9.334520141655173e-09,continuous_direct_verified,gamma_low,0.07376535817133754,0.7760000028768252,0.0630957344724572,0.000490841566673228,0.004203787551231297,1.2165338378897892
482,33116,0.06745198043063283,0.025,0.0,0.8444052331149579,0.07003701121444546,0.003678540784377798,0.003678540190530929,-5.9384686924846e-10,continuous_direct_verified,gamma_low,0.06649971828420025,0.8559999993055961,0.03981071705397482,0.0009522621464325837,0.011594766190638262,1.759250181791256
483,9668,0.07129185362719,0.025,0.0,0.8126956708729267,0.07171481899234466,0.0035656958997578748,0.003565695881945552,-1.7812322797294833e-11,continuous_direct_verified,gamma_low,0.0702856736343336,0.8239999998809324,0.041686938347535465,0.0010061799928563903,0.011304329008005709,1.7203186857828923
484,3060,0.07956160679459573,0.025,0.0,0.8260018907487392,0.12811183239243668,0.004926238250916309,0.002966292078939692,-0.0019599461719766167,continuous_direct_verified,gamma_high,0.08055166265934165,0.8152794504532983,0.153734198870924,0.0009900558647459173,0.010722440295440894,1.1999999999999997
485,40436,0.0796793133020401,0.025,0.0,0.8114952720701694,0.09955505028977486,0.004444482959341458,0.004444475921453344,-7.037888114305724e-09,continuous_direct_verified,gamma_high,0.08069112152447683,0.8000000026795965,0.1258925412667664,0.0010118082224367247,0.011495269390572882,1.264552033275369
486,33236,0.08304532733745873,0.025,0.0,0.8301731958985328,0.1135827180661775,0.004351668588429744,0.004351662949161634,-5.639268109772222e-09,continuous_direct_verified,gamma_low,0.08199516728380692,0.8400000023933695,0.08709635903854322,0.0010501600536518135,0.009826806494836693,1.3041040902285377
487,41820,0.06721750241704286,0.025,0.0,0.8253767699003219,0.12099176014892954,0.004299856568603849,0.004299855465449454,-1.1031543950892897e-09,continuous_direct_verified,gamma_low,0.06600948126043732,0.8400000010156005,0.08317637712877662,0.0012080211566055377,0.014623231115278523,1.4546409007644778
488,35147,0.08268448123708369,0.025,0.0,0.7737042620778083,0.17258135757085039,0.006208276571591429,0.003169482291326068,-0.0030387942802653613,continuous_direct_verified,gamma_low,0.08153329540926788,0.7858703710429247,0.14381779797570868,0.001151185827815815,0.012166108965116385,1.1999999999999997
489,13835,0.07978985817171634,0.025,0.0,0.77192772179842,0.18125584695727168,0.0060294829497654495,0.0031854040806475587,-0.002844078869117891,continuous_direct_verified,gamma_low,0.07862246637281446,0.7848018547262547,0.15104653913105975,0.001167391798901879,0.012874132927834792,1.1999999999999997
490,42059,0.08204825497232379,0.025,0.0,0.7811655461788177,0.1843446687607465,0.005945761859279105,0.0033335667532822747,-0.0026121951059968306,continuous_direct_verified,gamma_low,0.08082973113116151,0.794308909409623,0.1536205573006221,0.0012185238411622779,0.013143363230805227,1.2
491,12404,0.07835338870063424,0.025,0.0,0.842476374655962,0.20559107047952294,0.005795697824446379,0.003687577366645215,-0.002108120457801164,continuous_direct_verified,gamma_low,0.07706990109170839,0.857545057131085,0.17132589206626914,0.001283487608925854,0.015068682475122941,1.1999999999999997
492,45771,0.08155007585883142,0.025,0.0,0.7572313010692596,0.2916415023391452,0.008434296711808524,0.0043562032791847555,-0.004078093432623769,continuous_direct_verified,gamma_low,0.07964545809451669,0.7795493172780954,0.24303458528262104,0.0019046177643147338,0.022318016208835778,1.2
493,2516,0.08300395915284753,0.025,0.0,0.844345898926258,0.35190480836511084,0.008245133274739132,0.004902771972044757,-0.003342361302694375,continuous_direct_verified,m_low,0.08537241918741025,0.814345898926258,0.41255887516421363,0.0023684600345627166,0.030000000000000027,1.1723593010305575
494,8564,0.07889850451610983,0.025,0.0,0.8303794726729392,0.327852412230014,0.008024867816848868,0.004835817052035112,-0.0031890507648137554,continuous_direct_verified,gamma_low,0.07687427050847419,0.8564795975403072,0.27321034352501167,0.002024234007635642,0.026100124867368013,1.2
495,25700,0.07593351439572871,0.025,0.0,0.8265890084207057,0.3561056440352766,0.007718817159778003,0.004462785102673694,-0.003256032057104309,continuous_direct_verified,m_low,0.07811673672696863,0.7965890084207057,0.41713936480654934,0.002183222331239923,0.030000000000000027,1.1713921747480829
496,16628,0.08035749699920416,0.025,0.0,0.8168358013033867,0.3622922892238452,0.00815190142352086,0.0045966776521999915,-0.003555223771320869,continuous_direct_verified,m_low,0.08266329524312849,0.7868358013033867,0.42326877118903583,0.002305798243924323,0.030000000000000027,1.168307424085186
497,41243,0.07782516353763641,0.025,0.0,0.7772450543940067,0.3597348919804593,0.007991971147594302,0.004390180657347964,-0.003601790490246338,continuous_direct_verified,m_low,0.08011749147978467,0.7472450543940067,0.4217145446127799,0.002292327942148259,0.030000000000000027,1.1722925799360249
498,4532,0.08171570268459619,0.025,0.0,0.8038123734295368,0.39374066883668374,0.0076517549462535575,0.0043422309436970535,-0.003309524002556504,continuous_direct_verified,m_low,0.08403031383435215,0.7738123734295368,0.4546589266052455,0.0023146111497559657,0.030000000000000027,1.1547167021088938
499,26292,0.08271224112249911,0.025,0.0,0.8196612901985645,0.4226859395471194,0.007220991182274511,0.004181069105836554,-0.003039922076437957,continuous_direct_verified,m_low,0.08498713974974778,0.7896612901985645,0.48290489685817245,0.002274898627248667,0.030000000000000027,1.1424673774944436
500,36555,0.08138487078249455,0.025,0.0,0.7752399660646916,0.720397099828614,0.006667739477101702,0.002452547817114999,-0.0042151916599867025,continuous_direct_verified,m_low,0.0833088757989385,0.7452399660646916,0.7839349058266958,0.0019240050164439498,0.030000000000000027,1.0881983089787532
501,19380,0.08203941360116006,0.025,0.0,0.8254689060151577,0.7035744361735038,0.0066184514025026025,0.002561571686895893,-0.0040568797156067095,continuous_direct_verified,m_low,0.08393067179811078,0.7954689060151576,0.7649632554007155,0.0018912581969507264,0.030000000000000027,1.0872527710942486
502,38987,0.08221320970915258,0.025,0.0,0.7616561867296696,0.8097541761118501,0.006265510496967993,0.0021801701897612817,-0.004085340307206711,continuous_direct_verified,m_low,0.0840824349452944,0.7316561867296696,0.8756389722170075,0.0018692252361418166,0.030000000000000027,1.081363947292637
503,30532,0.07303626136854291,0.025,0.0,0.8337881900370121,0.612467282179601,0.005823691132507769,0.0026859313299989382,-0.003137759802508831,continuous_direct_verified,m_low,0.07480373285956284,0.8037881900370121,0.6725346442708501,0.0017674714910199257,0.030000000000000027,1.098074401423511
504,21156,0.07576427776366473,0.025,0.0,0.9196442417800427,0.011504933641630905,0.0031685876439457843,0.002036055665708778,-0.0011325319782370061,continuous_direct_verified,gamma_high,0.07610817205791126,0.9158221220706004,0.021381229842037528,0.0003438942942465273,0.00382211970944224,1.8584400838844464
505,9636,0.07463779523968697,0.025,0.0,0.9038533203303813,0.016480345578784448,0.0031312570153169436,0.001583738714307933,-0.0015475183010090106,continuous_direct_verified,gamma_high,0.0750166737821974,0.8999266604083378,0.02742039964001086,0.00037887854251042463,0.003926659922043552,1.6638243117492517
506,4052,0.08316165083087981,0.025,0.0,0.9265057750046253,0.01209093440697258,0.0029634972062641527,0.0003723160874102583,-0.0025911811188538943,continuous_direct_verified,gamma_low,0.08308332527070705,0.9272528873476861,0.010037817826815463,7.832556017275949e-05,0.0007471123430607962,1.2045381392230823
507,3108,0.0738076547626406,0.025,0.0,0.8868541128933429,0.010802216779432612,0.002698507379360865,0.0016412857156542038,-0.0010572216637066611,continuous_direct_verified,gamma_high,0.07411318051003275,0.883427057306006,0.019785501706744844,0.0003055257473921491,0.0034270555873369135,1.831614946333643
508,2676,0.07863962189294399,0.025,0.0,0.9050771586596965,0.02421730212164906,0.0038995696071529866,0.0014999515002576598,-0.002399618106895327,continuous_direct_verified,gamma_low,0.07827584165195893,0.9085385794464383,0.01420601460707927,0.00036378024098505934,0.003461420786741831,1.7047217528257976
509,21972,0.08286397438496351,0.025,0.0,0.9043638490140438,0.02160922611902454,0.0038176738323696044,0.0018836486868896202,-0.0019340251454799842,continuous_direct_verified,gamma_high,0.08332915995103324,0.9001819241896613,0.03364420185909644,0.0004651855660697257,0.00418192482438251,1.5569369154537391
510,7636,0.08289769673720003,0.025,0.0,0.8728315509855746,0.024070270423262898,0.0036122737007620856,0.0022385922654231823,-0.0013736814353389032,continuous_direct_verified,gamma_high,0.08340799740611293,0.8684157744705349,0.03718185969462512,0.0005103006689129025,0.004415776515039771,1.5447213114269969
511,43556,0.07366215218789876,0.025,0.0,0.928646981716156,0.02155477373170165,0.0034217927890408412,0.001974015803346593,-0.001447776985694248,continuous_direct_verified,gamma_high,0.07410327824084989,0.9243234902771592,0.034384471788821654,0.0004411260529511296,0.004323491438996796,1.595213766417355
512,15028,0.08256052616052331,0.025,0.0,0.928503954410553,0.031070855295971124,0.003393102079858698,0.0033931017112468036,-3.6861189448011977e-10,continuous_direct_verified,gamma_low,0.08176101048673318,0.9359999994553366,0.01,0.0007995156737901354,0.007496045044783628,3.1070855295971125
513,41140,0.08228668770752848,0.025,0.0,0.8554330974817276,0.03633824200954657,0.0033569385402678325,0.0033569361963592627,-2.3439085698392925e-09,continuous_direct_verified,gamma_high,0.08311349566030499,0.8479999986349017,0.05754399372271366,0.0008268079527765093,0.0074330988468258585,1.5835657021491585
514,25652,0.0809282802976668,0.025,0.0,0.8644208952784538,0.029702061709107774,0.003263963176066595,0.0032639630213908933,-1.5467570150043408e-10,continuous_direct_verified,gamma_high,0.08179579432795044,0.8560000003449673,0.052480746025302755,0.0008675140302836365,0.008420894933486522,1.7669058309581982
515,15668,0.08151640337891877,0.025,0.0,0.9206234626471996,0.03965305346914163,0.0031773075610887986,0.003177307481346543,-7.974225576731775e-11,continuous_direct_verified,gamma_low,0.0807411312040465,0.9279999997558095,0.019054607179694198,0.0007752721748722768,0.00737653710860986,2.081021828222124
516,39108,0.0717966249678284,0.025,0.0,0.9243271812796593,0.07063070901807932,0.004198966721073902,0.0041989663009235545,-4.2015034767278747e-10,continuous_direct_verified,gamma_low,0.07076946720931308,0.9359999993705352,0.039810717054478244,0.0010271577585153208,0.011672818090875947,1.7741631963429851
517,17316,0.07507327576167883,0.025,0.0,0.9074983596801758,0.0721476024321167,0.003999076033736085,0.003999067764346585,-8.269389499548918e-09,continuous_direct_verified,gamma_low,0.07455309902500956,0.9120000027440098,0.05754399375323143,0.0005201767366692645,0.004501643063834049,1.2537816325629152
518,19292,0.06719710100442172,0.025,0.0,0.9331986963748932,0.07644967947163686,0.0036122561965479657,0.0036122561371162115,-5.943175422282176e-11,continuous_direct_verified,gamma_low,0.06630264966648991,0.9439999997829756,0.04786300923253925,0.000894451337931812,0.010801303408082386,1.5972601952420329
519,1348,0.07336634839884937,0.025,0.0,0.8528875805437565,0.06438170088811862,0.0035565094365125794,0.0035565024454374573,-6.9910751220210454e-09,continuous_direct_verified,gamma_high,0.07389687191134355,0.8479999976299112,0.07943282343916643,0.0005305235124941771,0.004887582913845279,1.2337795110011676
520,18692,0.07073305337689817,0.025,0.0,0.9117833666503429,0.12534502932997124,0.005385476402009228,0.005385473117605072,-3.2844041557636428e-09,continuous_direct_verified,gamma_low,0.06946565748329517,0.9279999980231505,0.08709635896900399,0.0012673958936030016,0.0162166313728076,1.4391534940579922
521,44388,0.07657871250994504,0.025,0.0,0.8724871806800365,0.12395896208550429,0.005209915555227356,0.0052099123266740105,-3.2285533456757887e-09,continuous_direct_verified,gamma_low,0.0752508638290319,0.8879999980463518,0.08709635896955875,0.001327848680913138,0.015512817366315268,1.4232393127803364
522,17716,0.08159913527779282,0.025,0.0,0.9302268967032432,0.1206132326201865,0.004845924579737456,0.004845923361639526,-1.2180979298143102e-09,continuous_direct_verified,gamma_low,0.08031584691217114,0.943999998830021,0.08709635898310399,0.0012832883656216793,0.013773102126777736,1.3848251985319446
523,16164,0.07415405395440758,0.025,0.0,0.8806565798819065,0.1175665924389976,0.004740344027718213,0.004740343804214142,-2.235040711534575e-10,continuous_direct_verified,gamma_low,0.0728239315743284,0.8959999995114831,0.07943282347053443,0.0013301223800791795,0.015343419629576638,1.4800757080303066
524,21988,0.07740825954824687,0.025,0.0,0.8759966373443604,0.20002645026377822,0.006819602995712936,0.0036953588544676127,-0.003124244141245323,continuous_direct_verified,gamma_low,0.0761794308608857,0.8906461255891563,0.16668870855314855,0.0012288286873611692,0.01464948824479595,1.1999999999999997
525,2916,0.07673330330289901,0.025,0.0,0.9182122394442558,0.1947163298148941,0.006214682066073409,0.0037381991976737834,-0.0024764828683996255,continuous_direct_verified,gamma_low,0.07555166509709503,0.9324240083471206,0.16226360817907845,0.0011816382058039837,0.014211768902864796,1.1999999999999997
526,43492,0.07727284920401872,0.025,0.0,0.9115032158792019,0.205971961985944,0.00598120176508954,0.003886453252348176,-0.0020947485127413637,continuous_direct_verified,gamma_low,0.07601401738754063,0.9267003298238371,0.17164330165495334,0.0012588318164780954,0.015197113944635188,1.2
527,30948,0.07797122043557465,0.025,0.0,0.8694997563958168,0.16216599880089608,0.005864622232084313,0.003624846936328395,-0.0022397752957559174,continuous_direct_verified,gamma_high,0.07919732182703461,0.8553243107194707,0.19459919856107524,0.001226101391459955,0.014175445676346099,1.1999999999999997
528,28596,0.0821156056597829,0.025,0.0,0.9258615218102931,0.3502918645145579,0.008753958662116474,0.005107932173154345,-0.0036460264889621287,continuous_direct_verified,m_low,0.08438439444395135,0.8958615218102931,0.4095369864755175,0.002268788784168446,0.030000000000000027,1.1691307391425227
529,12596,0.08139952220954003,0.025,0.0,0.8680269338190556,0.35342949801888224,0.00814989275500246,0.004873837235481203,-0.0032760555195212576,continuous_direct_verified,m_low,0.0836953936514929,0.8380269338190556,0.41362468386529827,0.002295871441952868,0.030000000000000027,1.1703173792335808
530,5684,0.08074482488445939,0.025,0.0,0.8460722610354423,0.31478423027353625,0.008127292146613469,0.0049032295355786225,-0.0032240626110348466,continuous_direct_verified,gamma_low,0.07875340025611635,0.8710515247354979,0.2623201918946136,0.001991424628343036,0.024979263700055543,1.1999999999999997
531,26676,0.08081627963110805,0.025,0.0,0.9242294996976852,0.26533399319287215,0.008076650302733369,0.00478844125219536,-0.003288209050538009,continuous_direct_verified,gamma_low,0.07913189446237485,0.9448322993424307,0.22111166099406013,0.0016843851687331907,0.02060279964474554,1.2
532,41092,0.06980028389953077,0.025,0.0,0.9266821794211865,0.39168853320179114,0.00830485992456565,0.005082219986192599,-0.0032226399383730505,continuous_direct_verified,gamma_low,0.06772282501188381,0.9595378741428701,0.3264071110014926,0.00207745888764696,0.03285569472168359,1.2
533,15396,0.07385542546398938,0.025,0.0,0.9088547095656395,0.4931832778702185,0.008091270570004059,0.0034515086755374717,-0.004639761894466587,continuous_direct_verified,m_low,0.0757131852186738,0.8788547095656395,0.551084688282144,0.0018577597546844266,0.030000000000000027,1.1174034339971322
534,46596,0.07028930746018887,0.025,0.0,0.9097745113074779,0.44027305736326444,0.008033814182081595,0.004470283392621815,-0.00356353078945978,continuous_direct_verified,m_low,0.07254597841624144,0.8727881768825594,0.5120234373050813,0.0022566709560525727,0.0369863344249185,1.1629679098955545
535,27716,0.07283031437546016,0.025,0.0,0.887388601154089,0.38835382832342363,0.00795901059576127,0.00416384151517065,-0.0037951690805906194,continuous_direct_verified,m_low,0.07481617266121049,0.857388601154089,0.4475801012412361,0.001985858285750333,0.030000000000000027,1.1525059587374233
536,27444,0.08111047353595496,0.025,0.0,0.8901719503104686,0.631636804614083,0.0077668236128975,0.002893404853965467,-0.004873418758932033,continuous_direct_verified,m_low,0.08299249872460875,0.8601719503104686,0.690255152752239,0.0018820251886537825,0.030000000000000027,1.092803883038403
537,2740,0.0825350524391979,0.025,0.0,0.8500181786715983,0.604093266202232,0.00677667499269163,0.003042713618220198,-0.003733961374471432,continuous_direct_verified,m_low,0.08452174593106798,0.8200181786715983,0.6635591529593797,0.001986693491870084,0.030000000000000027,1.0984382546274574
538,1668,0.06935767862014473,0.025,0.0,0.8825207635760307,0.6166002737748884,0.006725349065518052,0.004806605217138395,-0.001918743848379657,continuous_direct_verified,m_low,0.0725148215951928,0.8245562889161157,0.731355453640167,0.0031571429750480717,0.057964474659915055,1.1861095181854786
539,36004,0.07526726024225355,0.025,0.0,0.8863008134067059,0.7473601788634399,0.006282663245864147,0.0022471246999496157,-0.004035538545914531,continuous_direct_verified,m_low,0.07690318306638708,0.8563008134067058,0.8074231850524917,0.0016359228241335233,0.030000000000000027,1.0803668805051851
540,44036,0.07001611595042051,0.025,0.0,1.0073852986097336,0.010699677640894294,0.003198138783042432,0.002172838456758306,-0.0010253003262841258,continuous_direct_verified,gamma_high,0.07031872522395721,1.0036926505262733,0.020150042653307512,0.00030260927353670253,0.0036926480834602593,1.88323829274013
541,1316,0.07444928791373968,0.025,0.0,0.96805584654212,0.013766158082837593,0.0031971906253004745,0.0027358941393146796,-0.00046129648598579494,continuous_direct_verified,gamma_low,0.07436565490027616,0.9680558487108961,0.011471798402364659,8.363301346352159e-05,2.168776158661956e-09,1.2000000000000002
542,45348,0.07447236455045642,0.025,0.0,0.9752434119582176,0.011019368191875214,0.0031616659596457207,0.0020147432216174794,-0.0011469227380282413,continuous_direct_verified,gamma_high,0.07479425197050929,0.9716217071053475,0.020448853815767214,0.0003218874200528743,0.0036217048528701667,1.855719262638355
543,47364,0.07076432695612311,0.025,0.0,0.9356325432658196,0.011668998280540055,0.0030419966436845006,0.0019566293253855467,-0.0010853673182989539,continuous_direct_verified,gamma_high,0.07108485941741059,0.9318162726802449,0.021533142327570132,0.0003205324612874788,0.003816270585574655,1.8453291199365534
544,12212,0.08210031259804965,0.025,0.0,1.000452382862568,0.025633007382535107,0.004096962464746947,0.003033208385821302,-0.0010637540789256448,continuous_direct_verified,gamma_high,0.08262494434610236,0.9962261896427635,0.03926362600031418,0.0005246317480527146,0.004226193219804442,1.5317604139991086
545,988,0.06806818693876267,0.025,0.0,1.0163812510669232,0.021118905200407483,0.003584256905721429,0.0020478911329604786,-0.0015363657727609503,continuous_direct_verified,gamma_high,0.06847808265685103,1.01219062493643,0.034035044546064284,0.00040989571808836,0.004190626130493147,1.6115913312309196
546,20932,0.07119899918325245,0.025,0.0,0.9764761105179787,0.018353411657911517,0.00350413376057854,0.0017679135198802585,-0.0017362202406982813,continuous_direct_verified,gamma_high,0.07159302838822974,0.9722380554965099,0.030300446338251956,0.0003940292049772892,0.0042380550214687895,1.6509435358951636
547,4468,0.0788730341475457,0.025,0.0,0.952036751061678,0.017465640473004734,0.0035002887221037616,0.0017813431942760053,-0.0017189455278277563,continuous_direct_verified,gamma_high,0.07929062277380543,0.9480183756594361,0.02888569897490072,0.00041758862625972115,0.004018375402241814,1.6538585584391865
548,15332,0.07707224707119167,0.025,0.0,1.0164667308330535,0.029116555225120678,0.0037299918843450458,0.002961169061538777,-0.0007688228228062686,continuous_direct_verified,gamma_high,0.07756820416705507,1.012233363776606,0.04282137605589983,0.0004959570958633919,0.00423336705644739,1.470688263938419
549,11636,0.07874498437158764,0.025,0.0,0.9840463072061538,0.03700078459979307,0.00361882414491725,0.0036188239334477654,-2.1146948471842397e-10,continuous_direct_verified,gamma_low,0.07792859469009385,0.9919999995782066,0.014454397707449836,0.0008163896814937927,0.00795369237205279,2.559828873445399
550,3684,0.0762832321226597,0.025,0.0,0.9765928015112877,0.028513352772696364,0.0036117703349327736,0.003021612547688004,-0.0005901577872447698,continuous_direct_verified,gamma_high,0.0767800715117531,0.9722963989932816,0.042375493267306115,0.0004968393890934092,0.004296402518006115,1.4861631182104889
551,4932,0.0729760061018169,0.025,0.0,1.0087468713521957,0.029743376983007393,0.003545143307382388,0.003336173072626485,-0.00020897023475590281,continuous_direct_verified,gamma_high,0.0734755466474689,1.0043734337486245,0.04428796862283487,0.0004995405456520025,0.0043734376035711175,1.489002699597188
552,26420,0.08121787756681442,0.025,0.0,0.9485275126993656,0.07080634717444446,0.004684972528987303,0.004684972517266887,-1.1720415436788922e-11,continuous_direct_verified,gamma_low,0.08004901286702258,0.9599999998878336,0.03981071705645806,0.0011688646997918412,0.01147248718846794,1.7785750272729217
553,40996,0.07400076808407903,0.025,0.0,0.9882441110908985,0.0742571455901442,0.004402309678881442,0.004402308621436031,-1.057445410748703e-09,continuous_direct_verified,gamma_high,0.07506890395682003,0.9760000010243519,0.10471285482187755,0.0010681358727410023,0.012244110066546576,1.4101384316578902
554,24532,0.08311065225861967,0.025,0.0,0.963907404243946,0.07373862505639142,0.004141489876125425,0.0041414798277425585,-1.0048382866230388e-08,continuous_direct_verified,gamma_low,0.08257963474694209,0.9680000031295254,0.060255958631856885,0.0005310175116775839,0.004092598885579335,1.2237565666643688
555,20164,0.07219463125802578,0.025,0.0,1.013536060601473,0.0740796028796551,0.004042039746878974,0.0040420334858123205,-6.261066653849567e-09,continuous_direct_verified,gamma_high,0.07278517922046258,1.0079999976245881,0.09120108389060323,0.0005905479624368076,0.0055360629768848035,1.231122742906203
556,10708,0.08301647249609233,0.025,0.0,1.0102193765342236,0.12732528742307248,0.005796028454730588,0.005796026053773884,-2.4009567042848623e-09,continuous_direct_verified,gamma_low,0.08160483990172411,1.024000001792812,0.09120108397557895,0.0014116325943682173,0.013780625258588364,1.3960940141585
557,13556,0.08029496939852834,0.025,0.0,0.9782697476446628,0.12363087293255141,0.00533525324647459,0.005335249339721336,-3.906753253367368e-09,continuous_direct_verified,gamma_low,0.07907697004536472,0.9919999978111306,0.09120108390397814,0.0012179993531636207,0.013730250166467783,1.3555855658767966
558,27844,0.07184999464079739,0.025,0.0,1.0078086629509926,0.11962667992699572,0.005040407844615842,0.005040407132151102,-7.124647399825434e-10,continuous_direct_verified,gamma_high,0.07319222816381618,0.9919999991249494,0.15848931917703776,0.0013422335230187932,0.01580866382604318,1.3248659853617826
559,43652,0.06955307852476836,0.025,0.0,0.9925778493285179,0.12893525699694924,0.00487320859172458,0.00487320815800024,-4.33724340297148e-10,continuous_direct_verified,gamma_low,0.0683234261463568,1.0079999993186108,0.09120108392977111,0.0012296523784115637,0.015422149990092948,1.413746980202945
560,10196,0.08319279015995562,0.025,0.0,0.9852309130132199,0.2126333832223038,0.007996166956841595,0.004488032944380262,-0.0035081340124613327,continuous_direct_verified,gamma_low,0.0817991827736632,1.001046204110367,0.1771944860185865,0.0013936073862924198,0.015815291097147077,1.2
561,42084,0.07594573311507702,0.025,0.0,0.9788826979696751,0.1730718277769612,0.007024949902942038,0.00407965737453045,-0.0029452925284115883,continuous_direct_verified,gamma_high,0.07721000649734967,0.9634798438647957,0.2076861933323534,0.0012642733822726543,0.015402854104879404,1.1999999999999997
562,4788,0.08262771661393345,0.025,0.0,0.9816687062382697,0.1666569879516974,0.006857723109817263,0.003746241479703914,-0.0031114816301133492,continuous_direct_verified,gamma_low,0.08154205659009328,0.9934692950072167,0.13888082329308118,0.0010856600238401681,0.011800588768946962,1.1999999999999997
563,31396,0.07564900647848845,0.025,0.0,0.9670413114130497,0.19340311373307761,0.006637021045736739,0.0038298204009949845,-0.0028072006447417545,continuous_direct_verified,gamma_low,0.07449484145725242,0.9811445006321281,0.16116926144423135,0.0011541650212360255,0.014103189219078383,1.2
564,47988,0.07921074773184955,0.025,0.0,0.9534508064389229,0.28770555612397947,0.009670206658323046,0.005040954597820928,-0.0046292520605021184,continuous_direct_verified,gamma_low,0.07743054228440109,0.9762648552130258,0.23975463010331627,0.0017802054474484602,0.02281404877410287,1.1999999999999997
565,11252,0.07957398658618331,0.025,0.0,1.0161121413111687,0.3481812715883507,0.008734439909491045,0.005250634116341726,-0.003483805793149319,continuous_direct_verified,m_low,0.08172802606766563,0.9861121413111686,0.40638374051914716,0.0021540394814823227,0.030000000000000027,1.1671614003397872
566,7348,0.0824108042754233,0.025,0.0,1.0066586956381798,0.2783182107861791,0.00853975747302995,0.005330306598022162,-0.0032094508750077884,continuous_direct_verified,gamma_low,0.08061817706535729,1.0286273395788437,0.23193184232181593,0.0017926272100660112,0.02196864394066389,1.1999999999999997
567,9476,0.07061898992396892,0.025,0.0,0.967365313321352,0.3124432262438671,0.008176512059760124,0.00482225040248707,-0.0033542616572730544,continuous_direct_verified,gamma_low,0.06890498781152041,0.9925553380995387,0.26036935520322263,0.001714002112448515,0.02519002477818666,1.1999999999999997
568,20276,0.08133365400135517,0.025,0.0,0.9897716574370861,0.41930158501749165,0.009338594219260435,0.004506399730115456,-0.004832194489144979,continuous_direct_verified,m_low,0.08342806184983788,0.959771657437086,0.4763904412222778,0.0020944078484827072,0.030000000000000027,1.1361522547128091
569,22964,0.08168533756397665,0.025,0.0,0.9721122555434704,0.47131119131916027,0.00908447519584483,0.0040277674566540295,-0.0050567077391908,continuous_direct_verified,m_low,0.08372176461343697,0.9421122555434703,0.5280986054186039,0.002036427049460318,0.030000000000000027,1.120488151237191
570,11364,0.07604162278585136,0.025,0.0,0.9958135224878788,0.529031314292881,0.00776539493891291,0.006131085597367425,-0.001634309341545485,continuous_direct_verified,gamma_low,0.07316524772914584,1.042863117071339,0.4408594285774008,0.0028763750567055157,0.04704959458346014,1.2
571,45252,0.07171110832132399,0.025,0.0,0.9654986530542373,0.42010060424993523,0.007609478763877224,0.005473168350072728,-0.0021363104138044956,continuous_direct_verified,gamma_low,0.06944876829416302,1.0014012533071546,0.350083836874946,0.0022623400271609695,0.03590260025291725,1.2000000000000002
572,34676,0.07904607909731567,0.025,0.0,0.9854673258960247,0.7102019656628656,0.007185561614512112,0.0025289625062248646,-0.004656599108287248,continuous_direct_verified,m_low,0.08073045645151142,0.9554673258960247,0.7671895579425446,0.001684377354195743,0.030000000000000027,1.0802413891187836
573,4388,0.07449166011065245,0.025,0.0,0.9397666066884994,0.613948389886814,0.0063563648263551134,0.002821273051103,-0.0035350917752521136,continuous_direct_verified,m_low,0.07619461803413521,0.9097666066884994,0.6710258017135983,0.0017029579234827674,0.030000000000000027,1.0929677685730341
574,37668,0.07427678387612105,0.025,0.0,0.9944397427141666,0.601645593571326,0.006242595317146088,0.005884205162506528,-0.00035839015463955994,continuous_direct_verified,gamma_high,0.07785626358453943,0.930777784712048,0.7219747122855912,0.003579479708418376,0.0636619580021186,1.2
575,45812,0.08016940318048,0.025,0.0,1.0207025833427905,0.7192317734890097,0.0061940735919538735,0.0025370248245675767,-0.003657048767386297,continuous_direct_verified,m_low,0.08184878878874849,0.9907025833427905,0.7754912833377772,0.0016793856082684827,0.030000000000000027,1.0782216691788398
576,21492,0.07951079960912466,0.025,0.0,1.0314788214862345,0.010678763989261484,0.003785137956578881,0.0025944638025901397,-0.001190674153988741,continuous_direct_verified,gamma_high,0.07959385333338163,1.03147881929547,0.012814516787113784,8.305372425697344e-05,2.1907644587315644e-09,1.2000000000000002
577,45172,0.07834874107502401,0.025,0.0,1.0633796498179435,0.010187951559329328,0.0037329649878549112,0.002395048961430358,-0.0013379160264245533,continuous_direct_verified,gamma_high,0.07842677300332307,1.0633796478488098,0.012225541871195195,7.803192829905492e-05,1.9691337449501134e-09,1.2000000000000002
578,20356,0.06879944847896696,0.025,0.0,1.0875939287245273,0.010259095766698893,0.003563287076426181,0.0021296218925918892,-0.0014336651838342917,continuous_direct_verified,gamma_high,0.06886845089209065,1.0875939272297854,0.012310914920038673,6.90024131236866e-05,1.4947418858213268e-09,1.2000000000000002
579,15940,0.07244035485200584,0.025,0.0,1.0394564494490623,0.010145772455407917,0.0034371145193214836,0.0022686084861456785,-0.0011685060331758051,continuous_direct_verified,gamma_high,0.07251221573325761,1.0394564477352675,0.012174926946489502,7.186088125177292e-05,1.7137948837842032e-09,1.2000000000000002
580,20020,0.08066616631112994,0.025,0.0,1.040607489645481,0.024522130528036243,0.004273365721650819,0.002290370745186746,-0.0019829949764640733,continuous_direct_verified,gamma_high,0.08115545361220763,1.0363037442695213,0.03752923595910855,0.0004892873010776955,0.004303745375959789,1.5304231382424638
581,16372,0.0793324693106115,0.025,0.0,1.0885912247002123,0.02392293276690814,0.003828899152030626,0.0038288885072756645,-1.0644754961600805e-08,continuous_direct_verified,gamma_high,0.07952068081137394,1.0879999969166374,0.028840315026419282,0.0001882115007624391,0.0005912277835748991,1.2055509793645873
582,772,0.07105946075171232,0.025,0.0,1.0959091536700725,0.02773955223979804,0.0035872498531365794,0.002612772382336759,-0.0009744774707998206,continuous_direct_verified,gamma_high,0.0714968281693849,1.0919545756801547,0.040845135984047105,0.00043736741767257115,0.003954577989917718,1.4724511639898223
583,38748,0.06706161997281015,0.025,0.0,1.0877645000815392,0.026983509235193465,0.003490344983490577,0.002804134786968279,-0.000686210196522298,continuous_direct_verified,gamma_high,0.06748114895446525,1.0838822487011261,0.040284672535429535,0.0004195289816550929,0.003882251380413093,1.4929367483043279
584,32692,0.08212155541405083,0.025,0.0,1.088050753623247,0.04355847027157986,0.0038641020670908167,0.003864102050064647,-1.702616953674907e-11,continuous_direct_verified,gamma_high,0.08299065201553885,1.0800000001229102,0.0660693447982034,0.0008690966014880119,0.008050753500336905,1.516796719128839
585,14292,0.08324219114147127,0.025,0.0,1.047431207448244,0.030259894537655888,0.0038350853149098528,0.0030735231376920118,-0.000761562177217841,continuous_direct_verified,gamma_high,0.08372748849732976,1.0437156017801446,0.042660341528707776,0.0004852973558584911,0.0037156056680993643,1.4097980901956078
586,23028,0.07975758477114142,0.025,0.0,1.0969303771853447,0.03547356212751713,0.0037209600551780884,0.0037209599565791477,-9.859894064406793e-11,continuous_direct_verified,gamma_low,0.07898485202080584,1.1039999997078689,0.014454397707527121,0.0007727327503355835,0.007069622522524188,2.4541708928518196
587,32836,0.07264618198387325,0.025,0.0,1.063703937828541,0.04345061693295551,0.003692363293296399,0.003692362109272613,-1.1840237861340808e-09,continuous_direct_verified,gamma_high,0.07342100494069337,1.0559999990084958,0.06606934478937469,0.0007748229568201176,0.007703938820045053,1.5205617193265628
588,13108,0.08117943927645684,0.025,0.0,1.095633663982153,0.06504034195171438,0.00401583626827719,0.004015836115602301,-1.5267488835679632e-10,continuous_direct_verified,gamma_low,0.08029813596396572,1.1039999996220589,0.041686938347329595,0.0008813033124911163,0.008366335639905964,1.5602091333694879
589,45364,0.08139486983418465,0.025,0.0,1.0378342404961587,0.07393610911438886,0.0037474317009471804,0.0037474263569114313,-5.344035749078185e-09,continuous_direct_verified,gamma_high,0.08206427147332584,1.031999997845072,0.09120108389355885,0.0006694016391411983,0.005834242651086674,1.2335120820661365
590,17140,0.08013755795545877,0.025,0.0,1.0445035517215728,0.06697572058438514,0.003671722354235298,0.0036717146511152272,-7.703120070631786e-09,continuous_direct_verified,gamma_low,0.07968170006821716,1.0480000025627356,0.054954087402116276,0.0004558578872416036,0.0034964508411627904,1.2187577621715888
591,27620,0.07706015896983445,0.025,0.0,1.0790636740624904,0.055194158734986405,0.003646340402753218,0.0036463385613347667,-1.8414184513142196e-09,continuous_direct_verified,gamma_high,0.0778138735907902,1.0719999987615172,0.07585775748482323,0.0007537146209557477,0.007063675300973182,1.3743801739791464
592,16500,0.07838988965377212,0.025,0.0,1.0903595022857189,0.10955532558676091,0.005576419164568896,0.005576412965481198,-6.199087698027794e-09,continuous_direct_verified,gamma_high,0.07946474498515764,1.079999997216643,0.13803842632721292,0.0010748553313855158,0.010359505069075903,1.2599882806965435
593,47156,0.08079625931568445,0.025,0.0,1.1065348505973815,0.09093719051441494,0.005482905166266079,0.00548290079870637,-4.367559708860769e-09,continuous_direct_verified,gamma_high,0.08193106818077585,1.0959999976626542,0.12022644337544305,0.0011348088650914023,0.010534852934727335,1.3220822272531645
594,37684,0.0811970520298928,0.025,0.0,1.0318367846310137,0.11879294195431155,0.005053400562189742,0.0050533930534431525,-7.508746589779403e-09,continuous_direct_verified,gamma_low,0.08029975898812025,1.0400000029524266,0.0954992586650227,0.0008972930417725511,0.008163218321412868,1.2439148074541058
595,19444,0.07956462427973748,0.025,0.0,1.1006049826741218,0.09343116520137527,0.0049526403400592086,0.004952640128927813,-2.111313953528926e-10,continuous_direct_verified,gamma_low,0.07843687051883992,1.1119999995093481,0.06309573444825857,0.0011277537608975624,0.011395016835226368,1.4807841769080787
596,34868,0.08081713751889766,0.025,0.0,1.0844865672290325,0.19907706066083955,0.007526783682942343,0.004511270189415211,-0.0030155134935271315,continuous_direct_verified,gamma_low,0.07954839895206609,1.0989944131940645,0.16589755055069963,0.0012687385668315732,0.014507845965032073,1.2
597,3620,0.07344108745455742,0.025,0.0,1.0518263690173626,0.21459769998419262,0.007060369645795613,0.004275816954798135,-0.002784552690997478,continuous_direct_verified,gamma_low,0.07219987962986817,1.0677654062114599,0.17883141665349386,0.0012412078246892555,0.015939037194097283,1.2
598,29748,0.08095711767673493,0.025,0.0,1.1030129104852677,0.20870607272808428,0.00698047218776321,0.004723000610200996,-0.002257471577562214,continuous_direct_verified,gamma_low,0.07962428114556078,1.1183448948644066,0.1739217272734036,0.0013328365311741502,0.015331984379138852,1.1999999999999997
599,16100,0.07779697505757213,0.025,0.0,1.0752623200416564,0.1923460298886644,0.006442920081370717,0.004240370924682889,-0.0022025491566878283,continuous_direct_verified,gamma_low,0.07661691627445259,1.0891655478677964,0.16028835824055368,0.0011800587831195392,0.013903227826139952,1.2
600,17876,0.0828397492878139,0.025,0.0,1.0658074267208577,0.3090163838289007,0.009384795828807226,0.005887299527561359,-0.003497496301245867,continuous_direct_verified,gamma_low,0.08084964523952973,1.090820398748336,0.2575136531907506,0.0019901040482841748,0.02501297202747832,1.2
601,24900,0.07315831012092532,0.025,0.0,1.0779286593198776,0.31416065647708036,0.00931155590170993,0.005382959462235898,-0.003928596439474032,continuous_direct_verified,gamma_low,0.07137296602048918,1.103475212877675,0.26180054706423367,0.0017853441004361398,0.025546553557797447,1.1999999999999997
602,3940,0.07692780955694617,0.025,0.0,1.0274286113679407,0.341664162004542,0.009252479746255779,0.00532863346294029,-0.003923846283315488,continuous_direct_verified,m_low,0.07907397117948237,0.996724706555579,0.4014824094841881,0.002146161622536197,0.030703904812361738,1.1750790809568459
603,47540,0.08170565906912089,0.025,0.0,1.0370443969964982,0.3544165470245265,0.00905001886636362,0.005351013539474325,-0.0036990053268892943,continuous_direct_verified,m_low,0.08390011488232932,1.0070443969964982,0.4122969704671418,0.002194455813208429,0.030000000000000027,1.1633118541686198
604,7668,0.07967480593360961,0.025,0.0,1.082642598450184,0.4769749866741468,0.009564700663899228,0.0049737306541539714,-0.0045909700097452565,continuous_direct_verified,m_low,0.08206267123709621,1.045544013089026,0.5453281893162807,0.0023878653034866,0.037098585361158065,1.1433056335275513
605,13428,0.07814514338970185,0.025,0.0,1.1015951067209242,0.3740919143809411,0.00886993478379532,0.005088476818361915,-0.0037814579654334044,continuous_direct_verified,m_low,0.08020013473583285,1.0715951067209242,0.4310881328541051,0.002054991346130991,0.030000000000000027,1.152358862306562
606,44516,0.07746744151227176,0.025,0.0,1.0460368201136587,0.3746616038903978,0.00836975185747408,0.005953336722466195,-0.002416415135007884,continuous_direct_verified,gamma_low,0.07525153149388804,1.077697798091392,0.3122180032419982,0.0022159100183837266,0.03166097797773326,1.2
607,27380,0.08007022445090116,0.025,0.0,1.0906370416283608,0.3842990810721766,0.008310116213330315,0.005051353648555694,-0.0032587625647746204,continuous_direct_verified,m_low,0.08214890513617276,1.0606370416283608,0.44086072957824424,0.0020786806852716028,0.030000000000000027,1.1471813264509072
608,38500,0.0763324644882232,0.025,0.0,1.0359244853258134,0.7069607566110724,0.007041548946554726,0.0024880975307073915,-0.004553451415847334,continuous_direct_verified,m_low,0.07793712218134559,1.0059244853258134,0.7628249456713172,0.0016046576931223883,0.030000000000000027,1.0790202122788803
609,5220,0.07597113070078194,0.025,0.0,1.0812470354139805,0.6927530286082777,0.006849135203774815,0.005992481362444602,-0.0008566538413302127,continuous_direct_verified,gamma_high,0.07992383970177584,1.0068439279694192,0.8313036343299331,0.003952709000993898,0.07440310744456125,1.2
610,52,0.08086737459525467,0.025,0.0,1.089431505650282,0.611275477365789,0.006424404236901797,0.003151983742296223,-0.003272420494605574,continuous_direct_verified,m_low,0.08265494007667183,1.0594315056502819,0.6658960254599352,0.001787565481417161,0.030000000000000027,1.0893550455017862
611,29172,0.07986425957642496,0.025,0.0,1.0382056683301926,0.6153788050357574,0.005784445298921474,0.0030535882404700305,-0.002730857058451444,continuous_direct_verified,m_low,0.0816371011044905,1.0082056683301925,0.6706370157792424,0.0017728415280655468,0.030000000000000027,1.0897954402902683
612,37636,0.07105390648357571,0.025,0.0,1.1594333782792092,0.011100473175962152,0.0039158432929549385,0.0022498929443760043,-0.0016659503485789342,continuous_direct_verified,gamma_high,0.0711311310686271,1.1594333766771685,0.013320567811154585,7.722458505139695e-05,1.6020407223038546e-09,1.2000000000000002
613,10724,0.07726834993809462,0.025,0.0,1.1826409488916396,0.010217816274618362,0.0038885000366036407,0.002176050082994914,-0.0017124499536087267,continuous_direct_verified,gamma_high,0.07734565711669347,1.1826409471960768,0.012261379529542036,7.730717859885661e-05,1.6955628012738089e-09,1.2000000000000002
614,9684,0.08282636590301992,0.025,0.0,1.1503001548349858,0.011514816353400391,0.003736781733763015,0.002087966117623527,-0.001648815616139488,continuous_direct_verified,gamma_high,0.08316674723113548,1.1471500784513216,0.020427683997499425,0.0003403813281155632,0.0031500763836642687,1.7740347193176913
615,12676,0.06932408451102674,0.025,0.0,1.1671072952449322,0.01174112079483498,0.0036655564216631336,0.0021837273173053898,-0.0014818291043577438,continuous_direct_verified,gamma_high,0.0696391439415781,1.1635536486220173,0.021599584708459296,0.000315059430551351,0.0035536466229149077,1.839652711686702
616,37556,0.08262322125956417,0.025,0.0,1.1124745048582554,0.026174074241478763,0.004477253312036422,0.0026854308853088735,-0.001791822426727549,continuous_direct_verified,gamma_high,0.08314581776509473,1.1082372514952528,0.03967585440977909,0.000522596505530562,0.004237253363002624,1.5158455670192794
617,9908,0.08271036804653706,0.025,0.0,1.144253319501877,0.018389195019636272,0.004432441655634654,0.0035900791178168287,-0.0008423625378178251,continuous_direct_verified,gamma_low,0.08258618348649471,1.144253322547079,0.015324329183030224,0.00012418456004234524,3.0452020904903065e-09,1.2000000000000002
618,28980,0.08138881572522225,0.025,0.0,1.1926677912473678,0.027297023215449655,0.0043451471088393695,0.0024187165762957264,-0.001926430532543643,continuous_direct_verified,gamma_low,0.08092624591725095,1.1963338960639203,0.015082280778143572,0.000462569807971297,0.0036661048165524956,1.8098736933081785
619,27972,0.07334843459539116,0.025,0.0,1.1365520045161248,0.025989709561678277,0.00425551350820274,0.00238625214525186,-0.00186926136295088,continuous_direct_verified,gamma_high,0.07381394405447551,1.1322760017158893,0.03953587328472589,0.0004655094590843567,0.0042760028002355455,1.5212125857312917
620,34532,0.0777257547248155,0.025,0.0,1.1206551603972912,0.02853076644058264,0.004450736420004663,0.0026684148424600605,-0.0017823215775446028,continuous_direct_verified,gamma_high,0.07823119988864598,1.1163275792655794,0.04238843107054342,0.0005054451638304841,0.004327581131711833,1.485709511478437
621,46516,0.08179507441818715,0.025,0.0,1.1766487225890159,0.0399005955960134,0.0042918889043974786,0.004291888774976686,-1.2942079265915174e-10,continuous_direct_verified,gamma_low,0.08094135027241486,1.1839999996394512,0.017378008287625493,0.0008537241457722833,0.0073512770504353675,2.2960396229311133
622,38564,0.07554045203141868,0.025,0.0,1.1839901715517045,0.03073067370773689,0.004244391955078512,0.0034003773374092243,-0.0008440146176692878,continuous_direct_verified,gamma_high,0.0760514561895691,1.1799950840465439,0.04501701182196539,0.0005110041581504188,0.003995087505160644,1.4648885426365288
623,41588,0.07862957492470742,0.025,0.0,1.135901339352131,0.02907100543953896,0.0041076652843208255,0.003283889154917264,-0.0008237761294035617,continuous_direct_verified,gamma_high,0.07913821357384526,1.1319506678910072,0.042787868177920935,0.0005086386491378464,0.0039506714611237115,1.4718399838942589
624,33284,0.07042695535346866,0.025,0.0,1.1724097169935703,0.07480509596405688,0.005199577381953998,0.0051995686823682824,-8.699585715872538e-09,continuous_direct_verified,gamma_low,0.06993623224009277,1.176000003164904,0.06025595863066827,0.0004907231133758905,0.003590286171333723,1.241455578236931
625,4164,0.07269098591059447,0.025,0.0,1.1807438187301158,0.07082734255794342,0.0043395609071918,0.004339554776580408,-6.130611391805263e-09,continuous_direct_verified,gamma_high,0.07325956708185591,1.1759999975650761,0.08709635895501772,0.0005685811712614341,0.0047438211650396855,1.229699658486618
626,41780,0.08114869012497367,0.025,0.0,1.1599414691329002,0.046492792316063104,0.004047561369272939,0.004047561347511497,-2.1761442474399484e-11,continuous_direct_verified,gamma_high,0.08201803203477817,1.1520000001418318,0.06918309708892431,0.0008693419098045052,0.007941468991068401,1.4880391915075788
627,23924,0.07878092206083238,0.025,0.0,1.136242337524891,0.06233191963086869,0.0038812879452715283,0.0038812879452699914,-1.536964999715451e-15,continuous_direct_verified,gamma_low,0.07795401072760798,1.1440000000000001,0.039810717055349734,0.000826911333224406,0.007757662475109228,1.5657070317072466
628,12868,0.07230972177349032,0.025,0.0,1.1999752432107926,0.12071736928134108,0.0059944430170972935,0.00599444102409925,-1.9929980435082206e-09,continuous_direct_verified,gamma_high,0.07362266029894732,1.1840000016176175,0.15848931931473217,0.001312938525456997,0.015975241593175094,1.3128957353714417
629,2724,0.07568579353392124,0.025,0.0,1.1126211188733577,0.11897804344933598,0.005773595762752003,0.005773595052525849,-7.102261539299048e-10,continuous_direct_verified,gamma_high,0.07711972127677068,1.0960000009579567,0.1584893192778408,0.0014339277428494362,0.016621117915400996,1.3320888012865144
630,23476,0.08205176601186395,0.025,0.0,1.1884508557617663,0.08673279038459131,0.0057349800301181,0.0057349798208594545,-2.0925864513410275e-10,continuous_direct_verified,gamma_high,0.08337048559467267,1.1759999994840218,0.12022644342876045,0.001318719582808714,0.01245085627774456,1.3861705924097598
631,40180,0.08019572137854994,0.025,0.0,1.1622219800949096,0.10310708506186182,0.00566955935589752,0.005669554295040537,-5.0608569826179894e-09,continuous_direct_verified,gamma_high,0.08130623570275916,1.151999997453539,0.13182567374355406,0.001110514324209222,0.01022198264137053,1.2785316708785022
632,38836,0.08217600355856122,0.025,0.0,1.1958542086184023,0.2139685633042042,0.008496694821887599,0.005791112057384472,-0.0027055827645031264,continuous_direct_verified,gamma_high,0.08387456896721282,1.1761512284264002,0.25676227596504503,0.0016985654086515978,0.019702980192002117,1.2
633,8548,0.07637048102915288,0.025,0.0,1.1927764192223549,0.20654538106329862,0.00803163993432149,0.00532638463215021,-0.0027052553021712803,continuous_direct_verified,gamma_high,0.07789470474991467,1.1739516190189874,0.2478544572759583,0.0015242237207617887,0.01882480020336752,1.2
634,13620,0.08163530318997801,0.025,0.0,1.1775606989860534,0.20318633824896476,0.0074338960853918765,0.00490615434708087,-0.002527741738311006,continuous_direct_verified,gamma_low,0.08032105109739503,1.1921697786576175,0.16932194854080398,0.0013142520925829848,0.014609079671564107,1.2
635,20644,0.07539842654950918,0.025,0.0,1.140915436297655,0.21268989049095285,0.007316703154875581,0.005186883377067671,-0.00212981977780791,continuous_direct_verified,gamma_high,0.0769424081236482,1.1212290239245237,0.25522786858914337,0.0015439815741390278,0.01968641237313129,1.1999999999999997
636,16948,0.08049009772948922,0.025,0.0,1.1988669216632841,0.29113786937160635,0.01108737223572941,0.006611493997391716,-0.004475878238337694,continuous_direct_verified,gamma_high,0.08272779872843397,1.1697583214240619,0.3493654432459276,0.0022377009989447555,0.029108600239222238,1.2
637,6492,0.06751267421059311,0.025,0.0,1.193081346899271,0.2874926581134043,0.010509753431467343,0.0056439108371647345,-0.004865842594302608,continuous_direct_verified,gamma_high,0.0693665785114637,1.1643841556590604,0.34499118973608517,0.0018539043008705958,0.02869719124021053,1.2
638,22116,0.07634328957647085,0.025,0.0,1.183628411591053,0.256499126384571,0.010173747565424315,0.0059366148393840724,-0.004237132726040243,continuous_direct_verified,gamma_high,0.07822391327316515,1.158762252276372,0.3077989516614852,0.0018806236966942974,0.024866159314680836,1.2
639,9140,0.08198799006640911,0.025,0.0,1.1608483433723449,0.3100903530992872,0.010091634510908432,0.006205632411919911,-0.003886002098988521,continuous_direct_verified,gamma_low,0.08000233501785226,1.1858739773752192,0.25840862758273936,0.001985655048556856,0.025025634002874275,1.1999999999999997
640,1204,0.0825056846253574,0.025,0.0,1.125027998536825,0.36173238610423664,0.009559347530867035,0.005557530871391602,-0.0040018166594754335,continuous_direct_verified,m_low,0.08468662638596706,1.095027998536825,0.41870334727879616,0.0021809417606096643,0.030000000000000027,1.157494776146869
641,33892,0.07595840571448208,0.025,0.0,1.1634266436100007,0.47730080568267175,0.009545343503593475,0.006786109182586572,-0.0027592343210069035,continuous_direct_verified,gamma_high,0.07914995163868807,1.1108828570673108,0.5727609668192061,0.0031915459242059935,0.052543786542689874,1.2
642,18276,0.07682427880354226,0.025,0.0,1.1966531492769716,0.5454444022956981,0.009458391021669088,0.0068620077417199336,-0.002596383279949155,continuous_direct_verified,gamma_high,0.08037526591004046,1.135678117631591,0.6545332827548377,0.0035509871064982046,0.06097503164538054,1.2
643,628,0.07861196133308113,0.025,0.0,1.199503666162491,0.5124654474710932,0.009202110714558533,0.007075231095171452,-0.0021268796193870815,continuous_direct_verified,gamma_high,0.08209871038027151,1.1424097983147385,0.6149585369653119,0.003486749047190388,0.05709386784775239,1.2
644,14836,0.07974691991694272,0.025,0.0,1.1814810827374458,0.9824274993598182,0.05702681542634465,0.0417685316879284,-0.01525828373841625,continuous_direct_verified,m_low,0.07992986710947704,1.1514810827374458,1.0,0.00018294719253432457,0.030000000000000027,1.0178868167387747
645,7524,0.07653486356139183,0.025,0.0,1.1748530201613903,0.9661989537871272,0.025477240237620147,0.02547721999596057,-2.0241659577646676e-08,continuous_direct_verified,m_low,0.0772023471287758,1.14400001020782,1.0,0.0006674835673839696,0.03085300995357021,1.0349835259916043
646,36644,0.07412466267123818,0.025,0.0,1.1783043302595615,0.9491422192425265,0.014024119761601797,0.014024109278359781,-1.0483242015787986e-08,continuous_direct_verified,m_low,0.07525047210132238,1.1440000054344288,1.0,0.0011258094300841959,0.03430432482513268,1.0535828875024242
647,21572,0.0727542924694717,0.025,0.0,1.1894541345536709,0.937452130682348,0.007811811930981315,0.007811806568510696,-5.362470618594517e-09,continuous_direct_verified,m_low,0.07418106239888961,1.1520000028957882,1.0,0.001426769929417912,0.037454131657882694,1.0667211340936682
648,7255,0.08939146026968957,0.025,0.0,0.4000568009912968,0.012924225723517006,0.0038771052872710182,0.003173739185103199,-0.0007033661021678193,continuous_direct_verified,gamma_low,0.08927040729638494,0.4000568046707083,0.010770188102930836,0.00012105297330462783,3.6794114977034553e-09,1.2000000000000004
649,17719,0.0947555234655738,0.025,0.0,0.47240200191736226,0.011563690169097054,0.0024915212184491915,0.002491519813338703,-1.4051104884650611e-09,continuous_direct_verified,gamma_high,0.09605855162356335,0.46400000094525434,0.036307805478889024,0.0013030281579895497,0.008402000972107915,3.139811335997089
650,39063,0.08996612341143193,0.025,0.0,0.416608714312315,0.014538146874292758,0.0024297579701135687,0.0017089261067759441,-0.0007208318633376246,continuous_direct_verified,gamma_high,0.09063050651516397,0.41230435876000954,0.02696777704999554,0.0006643831037320413,0.004304355552305461,1.854966611850759
651,32215,0.08846348370425404,0.025,0.0,0.44022487774491315,0.012364118865811494,0.002351585134125536,0.002086300212437768,-0.00026528492168776795,continuous_direct_verified,gamma_high,0.0890377487810674,0.43611244098099455,0.02375047002923108,0.0005742650768133656,0.004112436763918592,1.9209189338113228
652,19623,0.09839040786027908,0.025,0.0,0.46453825011849403,0.026098038191803577,0.0031186950237997463,0.0011214075980594547,-0.0019972874257402915,continuous_direct_verified,gamma_low,0.0977755434144821,0.468269125257746,0.014747326930720747,0.0006148644457969893,0.0037308751392519657,1.7696792316604653
653,47991,0.09238545764237643,0.025,0.0,0.4488000556826592,0.02776882327778454,0.002848426171629833,0.002746192519759379,-0.00010223365187045407,continuous_direct_verified,gamma_low,0.09173040042214559,0.45240003081136393,0.015212062999018214,0.000655057220230848,0.0035999751287047466,1.8254475595832558
654,8471,0.09132511294446886,0.025,0.0,0.4564942449331284,0.026520697604839723,0.002557492906893073,0.0025574901579148972,-2.7489781757351894e-09,continuous_direct_verified,gamma_high,0.09268898105145255,0.44799999867267654,0.05248074601746744,0.00136386810698369,0.008494246260451865,1.9788599379787923
655,30839,0.09327854621224106,0.025,0.0,0.4163517497479916,0.02388937465829511,0.0025143482996912475,0.0022456247201223327,-0.0002687235795689148,continuous_direct_verified,gamma_high,0.09406831264678134,0.41217587255465093,0.03790469563686536,0.0007897664345402761,0.004175877193340671,1.5866759251357678
656,11959,0.09594879355281592,0.025,0.0,0.4465639136731625,0.03674618090490554,0.0025947430069556856,0.0025947335757463665,-9.431209319153006e-09,continuous_direct_verified,gamma_high,0.0969655988512947,0.44000000249858967,0.05495408739911832,0.001016805298478779,0.006563911174572834,1.4955047312626184
657,33495,0.08773363549262286,0.025,0.0,0.4382176198065281,0.04626738651229838,0.0025011782825099687,0.002501178119961273,-1.6254869585757836e-10,continuous_direct_verified,gamma_low,0.0862521685796942,0.44800000031653076,0.016595869074608242,0.001481466912928664,0.00978238051000263,2.7878857265202037
658,22775,0.09360380596481264,0.025,0.0,0.4555543176829815,0.028595725235185162,0.0024376037602005713,0.0024375986115127576,-5.148687813767705e-09,continuous_direct_verified,gamma_high,0.09475866867245995,0.4480000017817793,0.05011872337040543,0.0011548627076473084,0.007554315901202202,1.7526648811388645
659,20279,0.09509374513290823,0.025,0.0,0.4069959603250027,0.04056063024875304,0.0023669571389849106,0.0023669563053211277,-8.336637829717275e-10,continuous_direct_verified,gamma_low,0.09354444978742635,0.4159999992916457,0.013182567385397066,0.0015492953454818853,0.009004038966643035,3.0768384536144233
660,14183,0.09942907625809314,0.025,0.0,0.4534085623919964,0.07664781895208765,0.0028933900540451464,0.0013589563945597943,-0.0015344336594853522,continuous_direct_verified,gamma_high,0.10033140793544054,0.4479944209615987,0.09197738274250519,0.0009023316773474066,0.005414141430397701,1.2000000000000002
661,41559,0.08973495848476887,0.025,0.0,0.47742018178105355,0.05538185364027594,0.0028842587860767018,0.0028842481326405434,-1.0653436158421237e-08,continuous_direct_verified,gamma_high,0.09060540962674533,0.47199999724794023,0.07244359597893874,0.0008704511419764666,0.005420184533113326,1.3080745987572868
662,12711,0.0991977786179632,0.025,0.0,0.42112000882625583,0.07053358051371589,0.002853765890986502,0.002853765383343825,-5.076426770264653e-10,continuous_direct_verified,gamma_low,0.09728293917928846,0.4320000006104178,0.03801893963415026,0.001914839438674737,0.01087999178416199,1.8552221916878389
663,11735,0.08852134761400521,0.025,0.0,0.4526265069842339,0.07276084545843198,0.0027799753406444285,0.002779975289660613,-5.098381569354493e-11,continuous_direct_verified,gamma_low,0.08686643755316362,0.46399999981406626,0.039810717055310085,0.0016549100608415912,0.011373492829832355,1.827669804523827
664,45351,0.09703979715704919,0.025,0.0,0.42056824117898944,0.11365725374452001,0.003996590568171729,0.0015044146971895155,-0.0024921758709822136,continuous_direct_verified,gamma_low,0.09590194257981671,0.4272825908780541,0.09471437812043333,0.0011378545772324777,0.006714349699064648,1.2000000000000002
665,40343,0.09069021604955196,0.025,0.0,0.4750135831534863,0.12403486576246604,0.0038520054204083144,0.001714609038369017,-0.0021373963820392975,continuous_direct_verified,gamma_low,0.08961710749179566,0.48261160019012317,0.10336238813538838,0.0010731085577563027,0.007598017036636873,1.2
666,24215,0.09041826031170785,0.025,0.0,0.45829041153192523,0.10618659552315607,0.0038405497901511944,0.001685501105414988,-0.0021550486847362067,continuous_direct_verified,gamma_high,0.09156998979995916,0.4505457316251194,0.12742391462778727,0.0011517294882513046,0.007744679906805829,1.1999999999999997
667,28247,0.0895742387045175,0.025,0.0,0.4817355372011662,0.12741751802960313,0.00375186020755523,0.0017587362842237794,-0.0019931239233314507,continuous_direct_verified,gamma_low,0.08849327956696243,0.48958604195927613,0.10618126502466929,0.001080959137555071,0.007850504758109944,1.1999999999999997
668,34455,0.09033776735886932,0.025,0.0,0.4288108177483082,0.19171149322102418,0.005549386682410576,0.0022111298996057103,-0.0033382567828048656,continuous_direct_verified,gamma_low,0.08854467573198747,0.44085531914911585,0.15975957768418683,0.0017930916268818486,0.01204450140080765,1.2
669,36535,0.09593179128132762,0.025,0.0,0.4821881540119648,0.21234089639981238,0.005443577982821867,0.0027762949004778285,-0.0026672830823440386,continuous_direct_verified,gamma_low,0.09398293967246213,0.4960684356644134,0.17695074699984367,0.0019488516088654873,0.01388028165244859,1.1999999999999997
670,11319,0.0953910070937127,0.025,0.0,0.4881042093038559,0.19453341789784792,0.005270852167789323,0.0026205651405479106,-0.002650287027241412,continuous_direct_verified,gamma_low,0.09362879877989085,0.5007243834584786,0.16211118158153995,0.0017622083138218586,0.012620174154622688,1.2
671,5479,0.09977142293937505,0.025,0.0,0.4726109951734543,0.15282061384480178,0.005128170347382335,0.0021887778323928914,-0.0029393925149894438,continuous_direct_verified,gamma_low,0.0983024161477499,0.4821732697348367,0.12735051153733482,0.0014690067916251492,0.009562274561382422,1.2
672,7607,0.09684751378372312,0.025,0.0,0.440270321816206,0.34554968942899994,0.00825184457107925,0.0034995348454389856,-0.004752309725640264,continuous_direct_verified,gamma_low,0.09354361149562905,0.46350265604411256,0.28795807452416666,0.003303902288094074,0.023232334227906548,1.1999999999999997
673,19319,0.0923432054463774,0.025,0.0,0.42265610024333,0.2988616917241724,0.008218849311960362,0.003000684148914128,-0.005218165163046235,continuous_direct_verified,gamma_low,0.08948739855425318,0.44230477956799713,0.24905140977014364,0.002855806892124224,0.01964867932466713,1.2
674,599,0.0897539637517184,0.025,0.0,0.4388197146356106,0.30855140314528395,0.00779247340169079,0.003085186839668254,-0.004707286562022536,continuous_direct_verified,gamma_low,0.0869767092740397,0.45934548942645304,0.25712616928773663,0.002777254477678695,0.020525774790842444,1.2
675,47911,0.09737910176627339,0.025,0.0,0.46097129210829735,0.33282807141733345,0.007542213264452137,0.0035861860658185944,-0.003956027198633543,continuous_direct_verified,gamma_low,0.09426269732419808,0.4835587070392515,0.27735672618111123,0.00311640444207531,0.022587414930954175,1.2
676,9783,0.09563814960420133,0.025,0.0,0.4286045469343662,0.574809961380566,0.01182632909449417,0.0031350626332024944,-0.008691266461291675,continuous_direct_verified,m_high,0.09185345026786422,0.45860454693436625,0.4988873805004663,0.0037846993363371134,0.030000000000000027,1.152183807102791
677,16919,0.0916137896012515,0.025,0.0,0.4377978764474392,0.5530763318399589,0.011772789246604777,0.002847145576116074,-0.008925643670488703,continuous_direct_verified,m_low,0.09545917981246167,0.40779787644743926,0.6317800459086202,0.0038453902112101784,0.02999999999999997,1.1423017213678843
678,32235,0.08665219675749541,0.025,0.0,0.4206015050411225,0.5583010020783534,0.010851160343912244,0.0029246696046893567,-0.007926490739222887,continuous_direct_verified,m_high,0.08312715013681628,0.4506015050411225,0.48226789808649706,0.003525046620679137,0.030000000000000027,1.157657402231279
679,12199,0.09867965895682573,0.025,0.0,0.4333327248692513,0.5277658600618985,0.00904472534753006,0.0031126458874681643,-0.005932079460061896,continuous_direct_verified,m_low,0.1029356614743785,0.4033327248692513,0.6060495168880666,0.004256002517552773,0.02999999999999997,1.1483302781596876
680,20715,0.08748082374222577,0.025,0.0,0.42806865721940995,0.6021181594695199,0.008404392010096857,0.0028055414076857566,-0.005598850602411101,continuous_direct_verified,m_high,0.08406911227247668,0.4580686572194099,0.5255873858485706,0.0034117114697490847,0.02999999999999997,1.1456099892834928
681,20791,0.09458478521555663,0.025,0.0,0.44479526057839397,0.9511051915847591,0.0072503047595102775,0.0020718812036691478,-0.00517842355584113,continuous_direct_verified,m_high,0.09163305924600605,0.47479526057839394,0.8629144166010609,0.002951725969550581,0.02999999999999997,1.102201068016772
682,25079,0.09417960876598955,0.025,0.0,0.4213531628251076,0.7928640486843074,0.0070874079641480145,0.002378189522034913,-0.004709218442113102,continuous_direct_verified,m_high,0.09081761521132485,0.4513531628251076,0.7093518292906069,0.0033619935546646967,0.030000000000000027,1.1177303221692083
683,17767,0.09975833403877915,0.025,0.0,0.4350141517817974,0.7781260704338625,0.006240864645722799,0.0023635056649561627,-0.003877358980766636,continuous_direct_verified,m_low,0.10344736480391939,0.40501415178179745,0.8663954528353108,0.0036890307651402388,0.02999999999999997,1.1134384076763186
684,43383,0.09272723156027496,0.025,0.0,0.552059431374073,0.010480707842384312,0.0028129138147338748,0.0028129103170888383,-3.4976450364460066e-09,continuous_direct_verified,gamma_high,0.09380859412572734,0.5440000015757147,0.033113112151126604,0.0010813625654523817,0.008059429798358275,3.1594347108137235
685,24231,0.09814677177928388,0.025,0.0,0.5361815936863422,0.013105978309835299,0.002806648082759947,0.0023673205817986783,-0.00043932750096126877,continuous_direct_verified,gamma_high,0.09869273298345388,0.5320907994162628,0.023896007478056938,0.0005459612041699979,0.004090794270079412,1.8232906321937317
686,43179,0.08459594575688244,0.025,0.0,0.5688289500772953,0.016667367449417637,0.0026267616268282183,0.0015162993051037461,-0.0011104623217244721,continuous_direct_verified,gamma_high,0.08512022719433442,0.5644144759084888,0.028875141959757662,0.0005242814374519789,0.00441447416880647,1.7324356739232125
687,31287,0.09549777200445533,0.025,0.0,0.5201525062322616,0.012889419294874034,0.0026122743618247246,0.002317900335509184,-0.0002943740263155405,continuous_direct_verified,gamma_high,0.09603665290330968,0.516076255580823,0.023697760110958564,0.0005388808988543436,0.004076250651438573,1.838543658858462
688,9975,0.09366496661677957,0.025,0.0,0.5772689022123814,0.025440312704112174,0.0033048115037129515,0.002208376604602706,-0.0010964348991102453,continuous_direct_verified,gamma_low,0.09315074285718454,0.5806344532301916,0.014560309265021614,0.0005142237595950339,0.00336555101781022,1.7472371115926575
689,25895,0.09701179587282241,0.025,0.0,0.5448031447827816,0.021620320790443726,0.0032707877871387164,0.0020887656662681685,-0.001182022120870548,continuous_direct_verified,gamma_high,0.09770041660492919,0.5404015706140711,0.03523884697330578,0.0006886207321067789,0.004401574168710454,1.6298947325925663
690,4647,0.09793525193817915,0.025,0.0,0.5285727702081203,0.026809686191820278,0.003231267150125997,0.0020458437909104494,-0.0011854233592155476,continuous_direct_verified,gamma_low,0.09733060426389555,0.5322863870727395,0.01494704156758607,0.000604647674283601,0.003713616864619129,1.7936449879124816
691,23079,0.09803885868750514,0.025,0.0,0.4970649100840092,0.022397606699845113,0.0031619743560400647,0.0013929941912156497,-0.001768980164824415,continuous_direct_verified,gamma_high,0.09875372456085624,0.49253245481507557,0.035866700816372984,0.0007148658733510949,0.004532455268933644,1.6013630963803385
692,21287,0.09740551328286529,0.025,0.0,0.5531705372035504,0.028065699193521258,0.003272879035195215,0.0032728756883573283,-3.346837886691878e-09,continuous_direct_verified,gamma_high,0.09877757105684756,0.5439999983241288,0.054954087374601106,0.001372057773982277,0.009170538879421541,1.9580516058294681
693,16935,0.09795063021592797,0.025,0.0,0.5661712348461151,0.04474913811213989,0.0028240271741227273,0.0028240194199401812,-7.754182546060306e-09,continuous_direct_verified,gamma_high,0.09888839226333117,0.5599999976337776,0.06309573442823921,0.0009377620474032011,0.006171237212337477,1.4099877023357041
694,4395,0.08382290210574866,0.025,0.0,0.5039413675665856,0.030822457364798318,0.0027592675236359607,0.002759262828276669,-4.695359291477519e-09,continuous_direct_verified,gamma_high,0.08492788705317239,0.4959999982309546,0.05495408737485387,0.001104984947423726,0.007941369335630999,1.782923623656814
695,46887,0.09717524438165129,0.025,0.0,0.5027279742062092,0.036771120527444294,0.0027412303117133768,0.002741221265144067,-9.046569309639763e-09,continuous_direct_verified,gamma_high,0.09813626823839715,0.49600000251973464,0.0549540873994629,0.0009610238567458601,0.006727971686474543,1.494490421047889
696,47223,0.09327229401096702,0.025,0.0,0.564156387001276,0.06558510432279079,0.0036695654767765935,0.0036695639430496434,-1.5337269501300432e-09,continuous_direct_verified,gamma_low,0.09173000248620963,0.5759999988144824,0.03311311214635564,0.0015422915247573915,0.011843611813206367,1.980638486437432
697,32919,0.08991008480079474,0.025,0.0,0.5482866361737251,0.06893792341072419,0.0033408368250750086,0.003340836708402895,-1.1667211337676453e-10,continuous_direct_verified,gamma_low,0.08839634340007414,0.5599999996906666,0.03630780547684325,0.0015137414007205946,0.011713363516941522,1.8987080740721742
698,36007,0.09838401847518982,0.025,0.0,0.5159515760838985,0.07197168784786181,0.003216138488708045,0.0032161384723322453,-1.6375799587881046e-11,continuous_direct_verified,gamma_high,0.10017154027790294,0.5040000001150599,0.10471285480297463,0.0017875218027131184,0.011951575968838668,1.454917314490708
699,19627,0.08482628590427341,0.025,0.0,0.5245447419583797,0.07149782406493,0.003075671378453404,0.00307567033429635,-1.044157053788769e-09,continuous_direct_verified,gamma_low,0.08341211888244338,0.5359999991212033,0.03981071705328595,0.0014141670218300317,0.011455257162823584,1.795944141604669
700,45783,0.08775908797979357,0.025,0.0,0.5660736039280891,0.11938835443543616,0.004175490441080051,0.0018911833900176068,-0.0022843070510624444,continuous_direct_verified,gamma_low,0.0868428564842318,0.5736590109457186,0.09949029536286345,0.0009162314955617618,0.007585407017629442,1.2000000000000002
701,41623,0.09026125008240343,0.025,0.0,0.5292093463242054,0.12855459405664768,0.004080538231392544,0.0019393622041608053,-0.0021411760272317384,continuous_direct_verified,gamma_low,0.08921434996418261,0.5373123380048218,0.10712882838053975,0.0010469001182208254,0.008102991680616456,1.1999999999999997
702,22903,0.09275903934612871,0.025,0.0,0.5751340351998806,0.11245425016296,0.0037771575946853875,0.0019064128449807344,-0.001870744749704653,continuous_direct_verified,gamma_low,0.09185392841452036,0.5822525591881303,0.09371187513579998,0.0009051109316083467,0.0071185239882497475,1.2000000000000002
703,35383,0.09552972703240813,0.025,0.0,0.54629722610116,0.11976240760885733,0.003660073822342477,0.0019668350345499273,-0.0016932387877925496,continuous_direct_verified,gamma_low,0.09451428024957442,0.5538521419798516,0.09980200634071443,0.0010154467828337038,0.007554915878691504,1.2000000000000002
704,5927,0.09719457346946002,0.025,0.0,0.5639300964772701,0.21249253615268823,0.0063811052547213375,0.0032176741514319054,-0.003163431103289432,continuous_direct_verified,gamma_low,0.09536934454026334,0.5783856376981584,0.17707711346057356,0.0018252289291966761,0.014455541220888324,1.1999999999999997
705,33143,0.09267589966766537,0.025,0.0,0.5112054228782654,0.1843156001703695,0.005500255800752794,0.0025609973499712414,-0.0029392584507815524,continuous_direct_verified,gamma_low,0.09109540642114476,0.5232231259365993,0.15359633347530793,0.0015804932465206117,0.012017703058333828,1.1999999999999997
706,38039,0.09008726035244763,0.025,0.0,0.568910626322031,0.17299060717654977,0.005441645393191855,0.002619201527566966,-0.002822443865624889,continuous_direct_verified,gamma_low,0.08871619132299091,0.5804052613408459,0.1441588393137915,0.0013710690294567174,0.01149463501881487,1.1999999999999997
707,4919,0.09493430596776307,0.025,0.0,0.5419032827019692,0.18750923215463844,0.005247349636414536,0.0027841002242783505,-0.0024632494121361852,continuous_direct_verified,gamma_low,0.09333340414768469,0.5543322867302158,0.1562576934621987,0.001600901820078382,0.012429004028246649,1.2
708,12647,0.09955013790167869,0.025,0.0,0.573006448149681,0.30660039159682034,0.008998862074505289,0.0042010307249018665,-0.004797831349603422,continuous_direct_verified,gamma_low,0.09690884528037584,0.5949612637284433,0.25550032633068365,0.002641292621302846,0.02195481557876222,1.2
709,24615,0.09775248244404794,0.025,0.0,0.5594703279435634,0.2637363201244279,0.008296627005112165,0.0037093295655893023,-0.004587297439522863,continuous_direct_verified,gamma_low,0.09547799123874239,0.5778998335059641,0.21978026677035659,0.002274491205305554,0.01842950556240064,1.2
710,25655,0.09527488783933223,0.025,0.0,0.5315719559788704,0.31052253673062513,0.007583103206693373,0.003832542213654255,-0.0037505609930391184,continuous_direct_verified,gamma_low,0.09263070333370998,0.5533622892501351,0.25876878060885433,0.0026441845056222463,0.021790333271264672,1.1999999999999997
711,8487,0.09707544161938131,0.025,0.0,0.5347761027514935,0.285944861879191,0.007447965366052508,0.003729534874391592,-0.0037184304916609155,continuous_direct_verified,gamma_low,0.09458628372736534,0.5546967885441028,0.23828738489932585,0.002489157892015967,0.019920685792609305,1.2
712,24935,0.09953461601398886,0.025,0.0,0.535408078879118,0.5217812172843554,0.008928107770712396,0.0034853207612461196,-0.005442787009466276,continuous_direct_verified,m_low,0.1029974316712318,0.505408078879118,0.593366749751873,0.0034628156572429486,0.030000000000000027,1.1371945368982217
713,34551,0.09368254248984159,0.025,0.0,0.5377380780875682,0.4404991036306903,0.007960826616472731,0.003749244599492668,-0.004211582016980063,continuous_direct_verified,m_low,0.0970887459296978,0.5077380780875682,0.5109888856832627,0.0034062034398562036,0.030000000000000027,1.1600225323311222
714,42151,0.0984448587987572,0.025,0.0,0.5692325301468373,0.4129762278987789,0.00776363561981583,0.004191301277169199,-0.0035723343426466315,continuous_direct_verified,m_low,0.10190703870932448,0.5392325301468373,0.4818411293669302,0.003462179910567284,0.030000000000000027,1.1667527010417418
715,37543,0.09830763069912793,0.025,0.0,0.5295224942266941,0.5360911855639034,0.007721808294506638,0.003358224130428215,-0.004363584164078423,continuous_direct_verified,m_low,0.10173891184329308,0.49952249422669404,0.6083885417420192,0.0034312811441651464,0.030000000000000027,1.134860184470423
716,18071,0.09032566878013314,0.025,0.0,0.5766124419867993,0.9438590512656986,0.009427574981647343,0.0020869209943545856,-0.007340653987292757,continuous_direct_verified,m_high,0.08804621323843788,0.6066124419867993,0.8672034085595919,0.0022794555416952578,0.030000000000000027,1.0883940745037317
717,4023,0.09646830097772183,0.025,0.0,0.5620113335549831,0.9771971746782705,0.008665696863804593,0.002124690985671059,-0.006541005878133534,continuous_direct_verified,m_high,0.09402597286785182,0.5920113335549831,0.8983071946761811,0.0024423281098700095,0.030000000000000027,1.0878207148619436
718,24311,0.09372993670403959,0.025,0.0,0.5735905140638351,0.8218171608419044,0.007673276459473662,0.0023001011659990497,-0.005373175293474612,continuous_direct_verified,m_low,0.09632765796258676,0.5435905140638351,0.8992707062220885,0.002597721258547167,0.030000000000000027,1.0942466877922548
719,39659,0.08714976510964334,0.025,0.0,0.5384939409792423,0.980885546640355,0.00752004966106427,0.0019317691865319826,-0.005588280474532288,continuous_direct_verified,m_high,0.08487252267698668,0.5684939409792423,0.8999941596409172,0.0022772424326566593,0.030000000000000027,1.0898799021448229
720,24567,0.09427096745930613,0.025,0.0,0.6243164129555225,0.012274638782682418,0.003019669146279257,0.0021968604167572816,-0.0008228087295219753,continuous_direct_verified,gamma_high,0.09477167987723698,0.6201582085068613,0.02312570510829119,0.0005007124179308431,0.004158204448661218,1.8840232708858133
721,28471,0.09511598651297391,0.025,0.0,0.6477646276354789,0.010998774828699704,0.0028487047264154066,0.0023333802756516525,-0.0005153244507637542,continuous_direct_verified,gamma_high,0.09557143463035148,0.643882316113713,0.020905606840060813,0.0004554481173775632,0.00388231152176588,1.9007214135805992
722,13783,0.08843319066800179,0.025,0.0,0.5842296622693539,0.013774436145196125,0.002837226799979768,0.0015567756780258376,-0.0012804511219539306,continuous_direct_verified,gamma_high,0.08893414185853295,0.5801148321531315,0.02506845323461681,0.0005009511905311598,0.004114830116222379,1.819925909879041
723,43819,0.08352752244099976,0.025,0.0,0.6643190555274486,0.01302475953245944,0.00276988286064941,0.0019863811914687755,-0.0007835016691806343,continuous_direct_verified,gamma_high,0.08396212158741374,0.6601595292776484,0.023821849690097294,0.0004345991464139859,0.004159526249800205,1.8289665640835875
724,18967,0.09171429895795882,0.025,0.0,0.6572369784116745,0.02591425788597107,0.003595047504405931,0.0028910389148221233,-0.0007040085895838079,continuous_direct_verified,gamma_low,0.09121244738803845,0.6606184919963821,0.014695310445319748,0.0005018515699203724,0.0033815135847076183,1.7634372531561184
725,10151,0.09870692612603307,0.025,0.0,0.6652603842318058,0.027149892599927075,0.0033903952281788808,0.00290186445159855,-0.0004885307765803309,continuous_direct_verified,gamma_high,0.09939636137577589,0.6606301894669766,0.04134992068933056,0.0006894352497428119,0.004630194764829176,1.5230233614051802
726,38839,0.09652204755693675,0.025,0.0,0.6005296476185322,0.02060502313328729,0.0033333571592907233,0.0014874390349629949,-0.0018459181243277284,continuous_direct_verified,gamma_high,0.09711458562689684,0.596264823646548,0.03285316207801614,0.0005925380699600968,0.004264823971984244,1.5944249062716196
727,31767,0.09214470898732544,0.025,0.0,0.6406878709793091,0.020328183801578692,0.003328093419010732,0.0015216612330022248,-0.0018064321860085074,continuous_direct_verified,gamma_high,0.09270211513698735,0.6363439354896545,0.03263171598934481,0.0005574061496619181,0.004343935489654616,1.6052450286685536
728,1831,0.09721836885437371,0.025,0.0,0.6003743179142476,0.030242008260191813,0.0033472754651115324,0.003134393936211221,-0.0002128815289003114,continuous_direct_verified,gamma_high,0.09787951051629525,0.5961871557268222,0.04364112492486431,0.0006611416619215355,0.0041871621874253195,1.4430630581603945
729,2839,0.09107444221153857,0.025,0.0,0.6327125012874604,0.029100878396242782,0.0030835223300906055,0.002922033488577922,-0.00016148884151268332,continuous_direct_verified,gamma_high,0.09169777092504582,0.6283562479650457,0.042809846636251404,0.0006233287135072457,0.004356253322414627,1.471084345061508
730,46711,0.09286226681433618,0.025,0.0,0.6391177602112293,0.039283551991151605,0.003057670115212283,0.003057662700016379,-7.415195903918287e-09,continuous_direct_verified,gamma_high,0.0937036896343954,0.6320000023802317,0.05754399374829234,0.0008414228200592233,0.007117757830997662,1.4648368294510077
731,167,0.09851914104074241,0.025,0.0,0.6487407729029655,0.04074126176911807,0.002735795310240508,0.0027357938984011385,-1.4118393693723919e-09,continuous_direct_verified,gamma_low,0.09757003500507107,0.6559999990050136,0.020892961307919566,0.000949106035671346,0.0072592261020481,1.9499993882473194
732,23207,0.09819479533471168,0.025,0.0,0.620397898554802,0.07274151691493465,0.0038950186295644115,0.0038950173211789105,-1.3083855010705137e-09,continuous_direct_verified,gamma_low,0.09668292068455435,0.6319999988618732,0.041686938344281846,0.0015118746501573271,0.011602100307071206,1.7449474536647647
733,36343,0.09407046870328487,0.025,0.0,0.6289215050637722,0.06714178289161492,0.003778749833098198,0.003778748978563965,-8.545342333049488e-10,continuous_direct_verified,gamma_low,0.09263836223006741,0.640000000899037,0.036307805480126645,0.0014321064732174538,0.011078495835264768,1.8492382561751215
734,32311,0.09558698926120998,0.025,0.0,0.6356432564556599,0.07413017223256878,0.0035382399736998593,0.003538239973697368,-2.491496592371689e-15,continuous_direct_verified,gamma_high,0.09707681574502004,0.624,0.10471285480508996,0.0014898264838100611,0.01164325645565989,1.4125537773819552
735,44843,0.08358926940709353,0.025,0.0,0.5796877697110177,0.07494253248999361,0.00347336021037725,0.003473359137675858,-1.0727013916890515e-09,continuous_direct_verified,gamma_low,0.08218140305584294,0.5919999990570262,0.04168693834462774,0.0014078663512505918,0.012312229346008507,1.7977461398205936
736,19575,0.09314089664258063,0.025,0.0,0.6537230737507344,0.12821124769540748,0.004821704512211826,0.0023908240143342124,-0.002430880497877614,continuous_direct_verified,gamma_low,0.09214445256141215,0.6621664652822383,0.10684270641283958,0.0009964440811684738,0.008443391531503974,1.2
737,19751,0.0968873849604279,0.025,0.0,0.5919312305748463,0.11914713767567778,0.004490985657463935,0.002126719128032841,-0.0023642665294310943,continuous_direct_verified,gamma_low,0.09589484540413577,0.5995681204455268,0.09928928139639814,0.000992539556292124,0.007636889870680452,1.2
738,3447,0.09249985525384546,0.025,0.0,0.6284169234335423,0.10435822608638398,0.004374781481518415,0.0022457937305140683,-0.0021289877510043465,continuous_direct_verified,gamma_high,0.09349178130338034,0.6202614618303806,0.12522987130366076,0.0009919260495348803,0.008155461603161718,1.1999999999999997
739,38679,0.09121978399343789,0.025,0.0,0.6644330732524395,0.12550900264531115,0.004310819459025515,0.0023424555020112644,-0.0019683639570142507,continuous_direct_verified,gamma_low,0.09026918602057066,0.6727087178250644,0.10459083553775929,0.0009505979728672287,0.008275644572624863,1.2
740,25511,0.09880724661052229,0.025,0.0,0.6549406416714192,0.20257212456484977,0.0072901122782591905,0.0035819976767198177,-0.0037081146015393728,continuous_direct_verified,gamma_low,0.0971294124457175,0.6691284687350771,0.1688101038040415,0.001677834164804784,0.014187827063657954,1.2
741,9911,0.09592116484418511,0.025,0.0,0.6521267205476761,0.18988545928966497,0.006686336969591285,0.0033248395503602418,-0.0033614974192310433,continuous_direct_verified,gamma_low,0.09439238735884757,0.6653065975055298,0.15823788274138748,0.001528777485337543,0.01317987695785372,1.2
742,7767,0.08961097099818291,0.025,0.0,0.6354757450520993,0.1793600794488008,0.006606691518963192,0.0029506801536607263,-0.003656011365302466,continuous_direct_verified,gamma_low,0.08825155261406757,0.6477430051722453,0.1494667328740007,0.0013594183841153379,0.012267260120146006,1.1999999999999997
743,32807,0.09771843138150871,0.025,0.0,0.649390310049057,0.1965486967432004,0.006485624648165155,0.003448892578422097,-0.003036732069743058,continuous_direct_verified,gamma_low,0.09610424636568585,0.6630719820042772,0.1637905806193337,0.001614185015822861,0.013681671955220187,1.2
744,43607,0.08978053173050285,0.025,0.0,0.6204955324530601,0.2587980594182908,0.00811443968387315,0.003734599201489386,-0.004379840482383764,continuous_direct_verified,gamma_low,0.08780908129557691,0.6390270013948608,0.21566504951524237,0.001971450434925942,0.01853146894180069,1.2
745,17591,0.09625818287022413,0.025,0.0,0.5965677544474601,0.25941829829341223,0.00810706230399088,0.003829267053198009,-0.00427779525079287,continuous_direct_verified,gamma_low,0.09410982186610427,0.6149613366122629,0.21618191524451025,0.0021483610041198586,0.018393582164802802,1.1999999999999997
746,13223,0.09883192377164961,0.025,0.0,0.6425375834107399,0.3315340205736071,0.007871248579104711,0.004785073722480246,-0.0030861748566244655,continuous_direct_verified,gamma_low,0.0961288084986809,0.6673186836786374,0.2762783504780059,0.002703115272968709,0.024781100267897593,1.2
747,38315,0.08423300166614354,0.025,0.0,0.6375147081911564,0.256286401624344,0.00785679293435423,0.003602260819095698,-0.004254532115258533,continuous_direct_verified,gamma_low,0.08241679381426685,0.6559736046046806,0.21357200135362006,0.0018162078518766944,0.018458896413524162,1.1999999999999997
748,42615,0.09290924654342235,0.025,0.0,0.5779180370271206,0.49074119628732654,0.009355393991375716,0.003552022173424742,-0.005803371817950974,continuous_direct_verified,m_low,0.09599231413827289,0.5479180370271206,0.5597252227544761,0.0030830675948505387,0.030000000000000027,1.1405710932545385
749,37879,0.09443068196997048,0.025,0.0,0.616131816059351,0.49783811844229525,0.00926915413068937,0.003653004351068833,-0.005616149779620537,continuous_direct_verified,m_low,0.09739539246039908,0.5861318160593509,0.5650792187989715,0.002964710490428596,0.030000000000000027,1.1350661949451952
750,871,0.09930973444133998,0.025,0.0,0.6159704782068729,0.39637645587006787,0.008720973928019635,0.004504075304768508,-0.004216898623251127,continuous_direct_verified,m_low,0.10262296385812172,0.5859704782068729,0.46327272889740173,0.003313229416781749,0.030000000000000027,1.168769542278925
751,3927,0.0890574671328068,0.025,0.0,0.6483052164316178,0.38141312320997706,0.008497282432300508,0.004339817530368515,-0.004157464901931993,continuous_direct_verified,m_low,0.09193840000161198,0.6183052164316177,0.4469670320427273,0.0028809328688051833,0.030000000000000027,1.1718711414044902
752,29463,0.09115717299282552,0.025,0.0,0.6164379246532917,0.9580551089012294,0.011669477320647173,0.0020824474849374464,-0.009587029835709727,continuous_direct_verified,m_high,0.08898052899723304,0.6464379246532918,0.8836301927673018,0.0021766439955924893,0.030000000000000027,1.0842263163290606
753,11047,0.09732287134975195,0.025,0.0,0.5944204494357109,0.9934605924712187,0.010808244191796093,0.0021130748209245444,-0.008695169370871548,continuous_direct_verified,m_high,0.09497792408074665,0.624420449435711,0.9163788852786193,0.002344947269005304,0.030000000000000027,1.0841155426329614
754,6379,0.08736463240347803,0.025,0.0,0.5962922424077988,0.8945208066461627,0.008533840898506997,0.0020053904684427318,-0.006528450430064265,continuous_direct_verified,m_low,0.08962521191282262,0.5662922424077987,0.972932400216787,0.002260579509344593,0.030000000000000027,1.0876576519942713
755,40439,0.09404420456849039,0.025,0.0,0.5911462135612965,0.9598030847459246,0.00825938381733523,0.0021277358255200785,-0.006131647991815151,continuous_direct_verified,m_high,0.09173204927093132,0.6211462135612965,0.8836274354831938,0.002312155297559071,0.030000000000000027,1.0862078815163494
756,26167,0.09564088098704815,0.025,0.0,0.703965213894844,0.013520617455471172,0.003239338725022133,0.0017260872028810545,-0.0015132515221410786,continuous_direct_verified,gamma_high,0.09613169632211814,0.6999826079309653,0.02427106792558324,0.0004908153350699912,0.0039826059638786715,1.7951153492447829
757,26391,0.09118793569505215,0.025,0.0,0.6882334217429161,0.011700694223325342,0.0030398445180197676,0.0024925255982096006,-0.000547318919810167,continuous_direct_verified,gamma_high,0.09163832806190303,0.6841167131683573,0.022064619272973644,0.0004503923668508769,0.004116708574558814,1.8857530033549472
758,13995,0.08510957062244416,0.025,0.0,0.7115406662225723,0.011063736632967613,0.0028341195020078038,0.002241576721112605,-0.0005925427808951989,continuous_direct_verified,gamma_high,0.0854888146393176,0.7077703350088909,0.020489980145590073,0.000379244016873434,0.0037703312136814215,1.851994567959457
759,38695,0.09718991299159827,0.025,0.0,0.7427064388990402,0.010180169465382182,0.002807605126441594,0.0019911300139880696,-0.0008164751124535245,continuous_direct_verified,gamma_high,0.09758188933041653,0.7393532212358098,0.018770166578497186,0.0003919763388182673,0.003353217663230379,1.8437970647075588
760,31015,0.09715264285914602,0.025,0.0,0.7293025098741055,0.025491235262769682,0.0038480222043863234,0.002341341147893944,-0.0015066810564923795,continuous_direct_verified,gamma_high,0.09779091116889023,0.7246512534483482,0.03915489498878066,0.0006382683097442138,0.004651256425757255,1.536014029338427
761,44663,0.09280837061814964,0.025,0.0,0.7207973092794419,0.02528425839416821,0.003522735689101935,0.0017731076981538064,-0.0017496279909481288,continuous_direct_verified,gamma_low,0.09233286858444313,0.7243986556883784,0.01451558311948456,0.00047550203370651245,0.003601346408936501,1.741869974222988
762,3623,0.09778525806032122,0.025,0.0,0.7439772747457027,0.020549852069588332,0.003511264623785369,0.0018123961726538211,-0.0016988684511315478,continuous_direct_verified,gamma_high,0.09832201995265054,0.7399886366596443,0.03206232211498583,0.0005367618923293183,0.003988638086058427,1.5602215532458634
763,10935,0.09570384277030827,0.025,0.0,0.7123476967215538,0.020953599648739916,0.0032470753453357946,0.0018930303550954502,-0.0013540449902403444,continuous_direct_verified,gamma_high,0.09626450100630825,0.7081738474286222,0.033129886183553475,0.0005606582359999751,0.004173849292931631,1.581107148124108
764,5991,0.09940499532967806,0.025,0.0,0.6887055173516273,0.028219927676451907,0.0033712377956394766,0.0033712373673349446,-4.283045320317702e-10,continuous_direct_verified,gamma_high,0.10058274781961604,0.6799999993905448,0.05248074601988427,0.0011777524899379832,0.008705517961082543,1.8597051920752008
765,47655,0.09801854696124793,0.025,0.0,0.7117956385016442,0.029784865589879726,0.0033665782822931006,0.003366573091492775,-5.190800325596129e-09,continuous_direct_verified,gamma_high,0.09897975080853742,0.7040000021134205,0.050118723372011606,0.0009612038472894963,0.00779563638822367,1.6826909364681135
766,32055,0.09468413060531021,0.025,0.0,0.7515368893742561,0.031095171519277067,0.0033236428388268386,0.003323640247706019,-2.5911208196421898e-09,continuous_direct_verified,gamma_high,0.09565744283103707,0.7439999985285825,0.05248074601517823,0.0009733122257268578,0.0075368908456736605,1.6877458284043694
767,40631,0.09599263803102076,0.025,0.0,0.7442302606999873,0.030366254465106404,0.0032222070207691953,0.0032222064278036432,-5.929655520937882e-10,continuous_direct_verified,gamma_high,0.09701119925147784,0.7360000006951937,0.05248074602716451,0.0010185612204570843,0.008230260004793655,1.728258784351217
768,6231,0.08944407934322954,0.025,0.0,0.740840470790863,0.07368031474177553,0.003973874339658568,0.003973874151035461,-1.8862310758455125e-10,continuous_direct_verified,gamma_low,0.08816256410803981,0.7520000004274735,0.04365158322698165,0.0012815152351897258,0.011159529636610488,1.6879184967621679
769,37495,0.0929369546007365,0.025,0.0,0.7402891226112842,0.062451556971820095,0.0039059859438616115,0.003905971604329664,-1.4339531947699796e-08,continuous_direct_verified,gamma_high,0.09354697835004502,0.7359999962779679,0.07585775745647812,0.0006100237493085192,0.004289126333316351,1.2146655925761352
770,11111,0.09927694555372,0.025,0.0,0.6691533379256726,0.07490032509547115,0.0038095149285167036,0.0038095149285167036,0.0,verified_grid,gamma_low,0.09786433140992697,0.68,0.04570881896148752,0.0014126141437930395,0.010846662074327496,1.6386405686521732
771,10155,0.08448248677887024,0.025,0.0,0.7238088987767697,0.07439978372439766,0.003562631856841536,0.003562631843943723,-1.2897812592255198e-11,continuous_direct_verified,gamma_high,0.08574361705728689,0.7120000001033809,0.10471285480174648,0.00126113027841665,0.011808898673388746,1.4074349354245281
772,42023,0.09750040411017835,0.025,0.0,0.7490108072757721,0.12475099465773418,0.004970651415100601,0.002726095769703425,-0.002244555645397176,continuous_direct_verified,gamma_low,0.09651752800348597,0.7573701188500778,0.1039591622147785,0.0009828761066923847,0.008359311574305694,1.1999999999999997
773,279,0.09133960050530732,0.025,0.0,0.6980709560215473,0.09758821847901678,0.004858625826988684,0.002305820664577255,-0.0025528051624114294,continuous_direct_verified,gamma_high,0.09222633455317251,0.6903544353302615,0.11710586217482012,0.000886734047865198,0.007716520691285811,1.2
774,13675,0.08574688471853734,0.025,0.0,0.7287840120494365,0.1134653821761076,0.00484730253001734,0.002575465640305173,-0.0022718368897121674,continuous_direct_verified,gamma_high,0.08670990073388807,0.7195843928541115,0.1361584586113291,0.0009630160153507317,0.009199619195325082,1.2
775,1703,0.09805942396633327,0.025,0.0,0.7307046212255954,0.10258239646042397,0.004734145452415401,0.0022720212673270415,-0.002462124185088359,continuous_direct_verified,gamma_low,0.09724577790609153,0.73739498501551,0.08548533038368664,0.0008136460602417434,0.006690363789914611,1.2
776,3607,0.09181461944244804,0.025,0.0,0.6723422884941102,0.19224521162862268,0.007061609468828776,0.0033240570270957398,-0.0037375524417330363,continuous_direct_verified,gamma_low,0.09034571770766174,0.6857828368790875,0.16020434302385225,0.001468901734786296,0.013440548384977324,1.2
777,24663,0.08952564783394337,0.025,0.0,0.7067009158432483,0.2127881075170997,0.0068189658713740525,0.0036505851188268056,-0.003168380752547247,continuous_direct_verified,gamma_low,0.08796095793120078,0.7219528191478074,0.17732342293091644,0.001564689902742597,0.015251903304559056,1.2
778,3819,0.0869562310166657,0.025,0.0,0.7404329992830754,0.18705958927988353,0.006477809344555947,0.003380431710562773,-0.0030973776339931745,continuous_direct_verified,gamma_low,0.0856329915605639,0.7537051302670046,0.15588299106656964,0.001323239456101799,0.013272130983929209,1.1999999999999997
779,11623,0.0996999792288989,0.025,0.0,0.7513000518083572,0.17964107900525372,0.0063525895064888835,0.0037097627695925335,-0.00264282673689635,continuous_direct_verified,gamma_low,0.0982471673409955,0.7639859123115089,0.1497008991710448,0.001452811887903388,0.01268586050315168,1.2
780,7015,0.09925147406756879,0.025,0.0,0.7476499974727631,0.2505910620015617,0.00966014224291663,0.004630776704536237,-0.005029365538380392,continuous_direct_verified,gamma_low,0.0972405875574202,0.7663214843947006,0.20882588500130148,0.0020108865101485934,0.01867148692193754,1.1999999999999997
781,16999,0.09983948203735055,0.025,0.0,0.6913494892418385,0.33379440569947433,0.00893621824835474,0.005136152949866969,-0.003800065298487772,continuous_direct_verified,gamma_low,0.09714698794523507,0.7168314487532835,0.278162004749562,0.0026924940921154716,0.02548195951144505,1.1999999999999997
782,36519,0.09816450327634813,0.025,0.0,0.7445836879312993,0.33715537419967506,0.008816472082435104,0.005399516825691599,-0.003416955256743505,continuous_direct_verified,gamma_low,0.09553653773018149,0.7708618570158385,0.2809628118330626,0.0026279655461666357,0.026278169084539282,1.1999999999999997
783,3895,0.09508643611334265,0.025,0.0,0.7324039295315743,0.29514693910164264,0.008533369545326209,0.004846953121069449,-0.0036864164242567596,continuous_direct_verified,gamma_low,0.09282586804405378,0.7548614642126129,0.24595578258470221,0.0022605680692888708,0.022457534681038616,1.2
784,8503,0.09454741813242437,0.025,0.0,0.6973668359220028,0.4232597154492103,0.009464523571569291,0.0043615934136401295,-0.005102930157929161,continuous_direct_verified,m_low,0.09738965484121127,0.6673668359220027,0.4869832194149661,0.002842236708786902,0.030000000000000027,1.1505541435667348
785,24299,0.08693384267389775,0.025,0.0,0.7530313715338707,0.3606500018482095,0.008647841812872408,0.0047373104768341084,-0.0039105313360383,continuous_direct_verified,m_low,0.08953507828230838,0.7230313715338706,0.42323010575087505,0.002601235608410621,0.030000000000000027,1.1735203204823614
786,26859,0.08740080143325032,0.025,0.0,0.7489948526024819,0.45981511286466276,0.008471807483185927,0.003941214907665077,-0.00453059257552085,continuous_direct_verified,m_low,0.08986513007240228,0.7189948526024819,0.5219101470664705,0.0024643286391519553,0.030000000000000027,1.1350434826183806
787,26935,0.09465102097019554,0.025,0.0,0.7281666912138463,0.37997864511814505,0.008394244402717759,0.004826622142866126,-0.0035676222598516327,continuous_direct_verified,m_low,0.09749566938102765,0.6981666912138462,0.4429258747325849,0.0028446484108321096,0.030000000000000027,1.165659913848232
788,41131,0.08471484556794168,0.025,0.0,0.7259618356823921,0.8598630520696524,0.009218571171163396,0.0020792325707391706,-0.007139338600424225,continuous_direct_verified,m_low,0.08665088681448511,0.6959618356823921,0.9288347265697626,0.001936041246543438,0.030000000000000027,1.08021239467622
789,15659,0.08394055804237724,0.025,0.0,0.6981768675148488,0.9424968159549596,0.008787961265042653,0.001988954388663803,-0.0067990068763788495,continuous_direct_verified,m_high,0.08208027333070025,0.7281768675148488,0.873249949772317,0.001860284711676985,0.030000000000000027,1.0792978759411294
790,19447,0.09451487637124956,0.025,0.0,0.6959783837199212,0.9691288065871086,0.00824432238875969,0.002132980669751718,-0.006111341719007971,continuous_direct_verified,m_high,0.09244289938327853,0.7259783837199212,0.8990450093277226,0.0020719769879710276,0.030000000000000027,1.0779536024695722
791,21175,0.09578599799424412,0.025,0.0,0.7399270705878734,0.7482334130939216,0.007848278373422822,0.002686119149740797,-0.0051621592236820255,continuous_direct_verified,m_low,0.09808186426352482,0.7099270705878734,0.8138783821905003,0.0022958662692807025,0.030000000000000027,1.087733276739325
792,25127,0.09797199317254127,0.025,0.0,0.776089683920145,0.016492971415845534,0.0037087419217595318,0.001832693221986986,-0.0018760486997725459,continuous_direct_verified,gamma_high,0.09847616250088957,0.7720448427795342,0.02743090121712091,0.0005041693283483056,0.0040448411406107665,1.6631873375325696
793,22696,0.08901386111974717,0.025,0.0,0.8004300951957702,0.015968741289804314,0.003533823046353145,0.0017480541784714995,-0.0017857688678816455,continuous_direct_verified,gamma_high,0.08950056103411853,0.7962150479214561,0.027620145717835613,0.0004866999143713635,0.004215047274314099,1.7296382486621198
794,18103,0.09589233193546534,0.025,0.0,0.7678756654262542,0.0161863932379585,0.003279975236635872,0.0016657062723527025,-0.0016142689642831695,continuous_direct_verified,gamma_high,0.09638981971756458,0.7639378328648919,0.027174756831436376,0.0004974877820992374,0.0039378325613622644,1.6788642430673937
795,42068,0.08433107286691666,0.025,0.0,0.8001317784190178,0.013856115113542254,0.00318851454166132,0.0018731687621008671,-0.0013153457795604527,continuous_direct_verified,gamma_high,0.08475299632791083,0.7960658902722701,0.024570351212446485,0.000421923460994178,0.004065888146747687,1.7732496454531246
796,21656,0.0992802368476987,0.025,0.0,0.8321578569710255,0.016812063667269804,0.0038216593892401083,0.0019215507052026631,-0.0019001086840374451,continuous_direct_verified,gamma_high,0.09981589240168068,0.8280789284855128,0.028340084187049336,0.0005356555539819813,0.004078928485512723,1.6856993137744658
797,11943,0.09818383711390198,0.025,0.0,0.7841562859714031,0.018448550390652112,0.0037349643570169077,0.0020418070568503717,-0.001693157300166536,continuous_direct_verified,gamma_high,0.09873787801390432,0.7800781420228546,0.03037887916209642,0.0005540409000023422,0.0040781439485484405,1.6466810951981035
798,14632,0.08752743969671428,0.025,0.0,0.840535169839859,0.017636293245999694,0.0036439172325668464,0.0018337396832127334,-0.001810177549354113,continuous_direct_verified,gamma_high,0.08802158555317684,0.8362675849199295,0.029702587144210733,0.000494145856462555,0.004267584919929512,1.6841740341864606
799,28680,0.09429149501957,0.025,0.0,0.823965671658516,0.01714019796411801,0.0036417762302461453,0.0018682311872963901,-0.0017735450429497551,continuous_direct_verified,gamma_high,0.09479915785057819,0.8199828353642825,0.02861531557834205,0.0005076628310081849,0.0039828362942334605,1.6694857106228598
800,10535,0.0971027892548591,0.025,0.0,0.7668994486331939,0.04340290395120311,0.0034804906265192117,0.0034804849523667435,-5.674152468194971e-09,continuous_direct_verified,gamma_high,0.09802390826490441,0.7599999977648924,0.06309573442749525,0.0009211190100453098,0.006899450868301571,1.4537214951891777
801,26776,0.0994085704907775,0.025,0.0,0.8001169294118882,0.03829899608272566,0.0034059574906863932,0.003405957465719512,-2.496688142686332e-11,continuous_direct_verified,gamma_high,0.10044863520331011,0.7919999998540608,0.06025595860373867,0.0010400647125326096,0.00811692955782739,1.5733038660748722
802,37096,0.09130608658306302,0.025,0.0,0.8242229640483856,0.028038690484642477,0.0034027621903108683,0.003248779544683674,-0.0001539826456271945,continuous_direct_verified,gamma_high,0.0918709294124185,0.8201114793192031,0.04106477864847182,0.000564842829355483,0.004111484729182435,1.4645754826162112
803,22951,0.09910696907900274,0.025,0.0,0.7925413779914379,0.030517182544717997,0.003383714786716433,0.0033634790198216985,-2.0235766894734306e-05,continuous_direct_verified,gamma_high,0.09973734232363958,0.7882706859186752,0.043839222241349535,0.0006303732446368421,0.00427069207276265,1.4365422554035008
804,12952,0.09972251900471749,0.025,0.0,0.8284142896533012,0.06853226385037657,0.004830255225772636,0.004830254785639368,-4.401332683728887e-10,continuous_direct_verified,gamma_high,0.10123010986513721,0.8160000007346894,0.10000000000612438,0.0015075908604197247,0.012414288918611849,1.4591667396899353
805,29479,0.09741848036646844,0.025,0.0,0.7889435663819313,0.07739468745095554,0.00439520955549468,0.004395209302626945,-2.528677354313169e-10,continuous_direct_verified,gamma_low,0.09605701469891631,0.80000000052857,0.0478630092367648,0.0013614656675521308,0.011056434146638705,1.6170042102473303
806,18856,0.08964077257551253,0.025,0.0,0.8126494579017163,0.07510536065886866,0.004329867191677196,0.00432986605791644,-1.1337607562847407e-09,continuous_direct_verified,gamma_low,0.08840216504194795,0.8239999989068373,0.045708818958589637,0.001238607533564584,0.011350541005121006,1.643126258127805
807,45867,0.08343943702057005,0.025,0.0,0.7959742322564125,0.07660469320004715,0.00431557698085882,0.004315575320118915,-1.6607399049711757e-09,continuous_direct_verified,gamma_low,0.08222534337688196,0.8079999986966419,0.04570881895750193,0.0012140936436880884,0.012025766440229346,1.675928080121056
808,13320,0.09452074035070837,0.025,0.0,0.8089581072330474,0.12705455571398286,0.0055579581041985664,0.0028822596655066314,-0.002675698438691935,continuous_direct_verified,gamma_low,0.09356190174335124,0.8175493233131023,0.10587879642831906,0.0009588386073571264,0.008591216080054864,1.2
809,33959,0.09842991302721203,0.025,0.0,0.7853819042444229,0.11197996721082666,0.005386794435856632,0.002613190119217266,-0.0027736043166393665,continuous_direct_verified,gamma_low,0.09754801656931314,0.7928097859549385,0.09331663934235554,0.0008818964578988925,0.00742788171051556,1.2000000000000002
810,41015,0.0952149716205895,0.025,0.0,0.7709400124847889,0.11418031361667223,0.0053478660185416575,0.0025461738308488234,-0.002801692187692834,continuous_direct_verified,gamma_low,0.09434230206849764,0.77852883037855,0.09515026134722684,0.0008726695520918648,0.007588817893761091,1.2000000000000002
811,19351,0.0908010471612215,0.025,0.0,0.7862931668758393,0.1154834326466275,0.005305566008295552,0.002920233584416265,-0.002385332423879287,continuous_direct_verified,gamma_high,0.0918245117745416,0.7768297397602444,0.13858011917595298,0.0010234646133200909,0.009463427115594891,1.1999999999999997
812,47448,0.09805503701791168,0.025,0.0,0.8125518240034579,0.21481303420485756,0.007572372501087657,0.004436236765389015,-0.0031361357356986417,continuous_direct_verified,gamma_low,0.09636975498923576,0.828351500235838,0.17901086183738132,0.001685282028675919,0.0157996762323801,1.2
813,22360,0.09860373120754959,0.025,0.0,0.8025242820382118,0.17302633598175174,0.007333101654978093,0.003777223354691277,-0.0035558783002868164,continuous_direct_verified,gamma_low,0.09723530013149123,0.814782822428894,0.14418861331812646,0.0013684310760583573,0.012258540390682193,1.2
814,30312,0.09044561185874045,0.025,0.0,0.8149826236069202,0.193832673433794,0.007285551148042548,0.003877677071835612,-0.003407874076206936,continuous_direct_verified,gamma_low,0.08904232543209123,0.8289891401294026,0.16152722786149504,0.0014032864266492195,0.014006516522482415,1.1999999999999997
815,22711,0.09610606110654772,0.025,0.0,0.7806749686598777,0.2134390895089673,0.007202310022075814,0.004206906887734422,-0.002995403134341392,continuous_direct_verified,gamma_low,0.09445455981482667,0.7962597596388588,0.17786590792413945,0.0016515012917210498,0.015584790978981022,1.1999999999999997
816,39271,0.09961340688169004,0.025,0.0,0.7929482527077198,0.2557200854428273,0.00933687699129126,0.0049327127749500405,-0.00440416421634122,continuous_direct_verified,gamma_low,0.09757641574712844,0.8122606082106266,0.21310007120235613,0.0020369911345616,0.019312355502906775,1.1999999999999997
817,26263,0.0903386185411364,0.025,0.0,0.7685781672596932,0.2563627163113047,0.009255811056154533,0.004450601835857852,-0.0048052092202966815,continuous_direct_verified,gamma_low,0.08847714057693896,0.7878342914150565,0.21363559692608727,0.0018614779641974305,0.019256124155363263,1.1999999999999997
818,3239,0.09837937057018281,0.025,0.0,0.7899096220731735,0.34402555247962474,0.008986336313165061,0.0055500350076180946,-0.0034363013055469663,continuous_direct_verified,m_low,0.10128459347502013,0.7599096220731735,0.4059411031715351,0.002905222904837315,0.030000000000000027,1.1799736974350978
819,10696,0.0956673549488187,0.025,0.0,0.8131099380552769,0.3117287966386409,0.008884131341636717,0.0054469269872285545,-0.0034372043544081627,continuous_direct_verified,gamma_low,0.09331728282573726,0.8375887918730397,0.25977399719886746,0.0023500721230814425,0.024478853817762825,1.1999999999999997
820,31095,0.0927438097074628,0.025,0.0,0.767175380885601,0.40756634198037117,0.009711249386082265,0.0046034510978128565,-0.0051077982882694085,continuous_direct_verified,m_low,0.09541088528318631,0.737175380885601,0.46933493701422946,0.0026670755757235154,0.030000000000000027,1.1515547008463056
821,11848,0.09667369155213237,0.025,0.0,0.8366152420639992,0.39700047426349694,0.008906964897144985,0.005052111796874635,-0.0038548531002703503,continuous_direct_verified,m_low,0.09935729343133716,0.8066152420639991,0.45714760509753494,0.002683601879204786,0.030000000000000027,1.1515039269049265
822,24855,0.09130949801765384,0.025,0.0,0.7827101923525333,0.363647422938023,0.008675861741605373,0.004996998200068485,-0.0036788635415368875,continuous_direct_verified,m_low,0.09398095274135042,0.7527101923525332,0.42540263248182864,0.0026714547236965785,0.030000000000000027,1.1698216614457644
823,35511,0.09572345823980868,0.025,0.0,0.7729718893766403,0.36919619319342384,0.008653764057858001,0.0051059363362798114,-0.0035478277215781895,continuous_direct_verified,m_low,0.09853348920824749,0.7429718893766403,0.4311633025897913,0.0028100309684388064,0.030000000000000027,1.1678433053720643
824,27688,0.08828178849071265,0.025,0.0,0.8425931952893734,0.6166846561224739,0.007683617092573641,0.003147096055993836,-0.004536521036579805,continuous_direct_verified,m_low,0.09040114729057466,0.8125931952893733,0.6765074358577227,0.0021193587998620117,0.030000000000000027,1.0970070831847776
825,10200,0.09768044138327242,0.025,0.0,0.8257118441164493,0.7759350836406507,0.007609436361304823,0.002667269264378892,-0.004942167096925931,continuous_direct_verified,m_low,0.09984548556418224,0.7957118441164492,0.8385793842149104,0.0021650441809098198,0.030000000000000027,1.0807339452681217
826,37848,0.09753827606327833,0.025,0.0,0.8185364842414855,0.6182209195339408,0.007480835275570741,0.0033887612333228317,-0.004092074042247909,continuous_direct_verified,m_low,0.09991204659701419,0.7885364842414855,0.6787986818466675,0.0023737705337358583,0.030000000000000027,1.0979872411279685
827,9079,0.09247582615353167,0.025,0.0,0.7886859506368638,0.7267322047433374,0.0071786870051358444,0.0027178851676654273,-0.004460801837470417,continuous_direct_verified,m_low,0.0946337586624206,0.7586859506368637,0.7898710016582067,0.0021579325088889323,0.030000000000000027,1.0868804168891457
828,456,0.09559085052460434,0.025,0.0,0.8720299236476421,0.016648247343957062,0.003994019546641481,0.0019662600302919725,-0.0020277595163495084,continuous_direct_verified,gamma_high,0.09607536110238718,0.8680149626029684,0.02755972519719282,0.0004845105777828429,0.004014961044673693,1.6554130070152027
829,18888,0.09569788658991457,0.025,0.0,0.9036079473793507,0.011206396828139877,0.0038350102340617086,0.00234592670091257,-0.0014890835331491385,continuous_direct_verified,gamma_high,0.09613373853564733,0.8998039754279626,0.02110200014196701,0.000435851945732757,0.003803971951388041,1.883031670713171
830,35816,0.09209797554649413,0.025,0.0,0.8717946097254753,0.014994360503499385,0.0035430701116736505,0.0018865497668055073,-0.0016565203448681432,continuous_direct_verified,gamma_high,0.09254942495382311,0.8678973056513966,0.025559632026562144,0.00045144940732898264,0.0038973040740787335,1.7046163469657165
831,16072,0.09455250566825271,0.025,0.0,0.9197933323681354,0.01606511360340047,0.0034091045840961573,0.0019374604716207993,-0.001471644112475358,continuous_direct_verified,gamma_high,0.09503525998413262,0.9158966663862922,0.027072759392442063,0.00048275431587990747,0.003896665981843239,1.685189414826897
832,11752,0.09166447971947492,0.025,0.0,0.9128020338714122,0.02763044234594191,0.004191853157510665,0.0035834486322530194,-0.0006084045252576454,continuous_direct_verified,gamma_high,0.09227261118662322,0.9084010141629474,0.04171425981495051,0.000608131467148304,0.004401019708464848,1.5097210277227826
833,22232,0.09709520866163077,0.025,0.0,0.9281640335917473,0.01862697212558258,0.004108664930123854,0.0021787305192325543,-0.0019299344108913,continuous_direct_verified,gamma_high,0.09763282297673474,0.9240820163264448,0.030525427535561245,0.0005376143151039764,0.00408201726530244,1.6387756061349947
834,39112,0.09499550992622972,0.025,0.0,0.86470547914505,0.02577435683821823,0.0040071337016674285,0.002193116560437372,-0.0018140171412300565,continuous_direct_verified,gamma_low,0.09450404489185708,0.8683527408539932,0.014655589616349659,0.0004914650343726401,0.003647261708943139,1.7586707538169983
835,1128,0.09084781650453808,0.025,0.0,0.8965820856392384,0.020513338943072845,0.003970865539932127,0.00203673676692,-0.0019341287730121272,continuous_direct_verified,gamma_high,0.0913675009976018,0.892291042561295,0.03277998881065798,0.0005196844930637212,0.004291043077943368,1.5979840679095036
836,43016,0.0943754030391574,0.025,0.0,0.8881384246051311,0.028675401439456415,0.0038466938752342366,0.00322159387002672,-0.0006251000052075167,continuous_direct_verified,gamma_high,0.09494742968496028,0.8840692097294188,0.0415284169419745,0.0005720266458028866,0.004069214875712324,1.448224431300646
837,29544,0.08999554067850113,0.025,0.0,0.8800160057842732,0.029423773917139965,0.0038319102743673973,0.003056153529242425,-0.0007757567451249724,continuous_direct_verified,gamma_high,0.09053259907084235,0.8760080005573592,0.04206683232124273,0.000537058392341222,0.004008005226914024,1.4296885382448483
838,20824,0.09817596818320454,0.025,0.0,0.9203766115009785,0.04295094051177241,0.003774500490830701,0.003774500197037218,-2.9379348259750415e-10,continuous_direct_verified,gamma_low,0.09722003263691528,0.9279999994701915,0.02187761623945797,0.0009559355462892549,0.007623387969213025,1.9632367640815946
839,11080,0.09624479333870115,0.025,0.0,0.8715582087635994,0.04496387054462141,0.0036807106980253205,0.0036807081892562712,-2.50876904927394e-09,continuous_direct_verified,gamma_high,0.09720791881163372,0.8639999984782242,0.06606934478383257,0.0009631254729325772,0.007558210285375178,1.4693873988954407
840,1608,0.09663382833823563,0.025,0.0,0.8766938626766205,0.0746789923959975,0.005014067429896044,0.0050140644709614395,-2.9589346042802056e-09,continuous_direct_verified,gamma_low,0.09532893238351502,0.8879999980726943,0.04570881895564461,0.0013048959547206085,0.011306135396073724,1.6337983370006839
841,12232,0.09525325330905618,0.025,0.0,0.9077452585101128,0.07538759002890681,0.004715659674734716,0.004715658766960162,-9.077745534435966e-10,continuous_direct_verified,gamma_high,0.09658357141646211,0.8960000010300619,0.10471285481926389,0.0013303181074059284,0.011745257480050841,1.388993265060105
842,33620,0.08484796499833466,0.025,0.0,0.8857446171343326,0.06939865665405692,0.004103102939670651,0.004103102875887921,-6.378272996571122e-11,continuous_direct_verified,gamma_low,0.08375067072866987,0.8960000002493487,0.04168693834927593,0.0010972942696647892,0.010255383115016059,1.6647578210852783
843,1940,0.08542716722004116,0.025,0.0,0.8941894643008709,0.07668927473515125,0.004011418413064405,0.0040114178594545,-5.536099044467502e-10,continuous_direct_verified,gamma_low,0.08436467967628453,0.9040000007271413,0.050118723368315445,0.0010624875437566378,0.009810536426270389,1.5301521982428117
844,4248,0.09949006801471115,0.025,0.0,0.8476167000830173,0.12488600211367058,0.006417791046035543,0.0030789070014332768,-0.0033388840446022666,continuous_direct_verified,gamma_low,0.0985039483809112,0.856059305599677,0.10407166842805883,0.0009861196337999506,0.008442605516659762,1.2
845,35080,0.0937231740448624,0.025,0.0,0.903189056366682,0.12494061336200676,0.00632646839548005,0.00309588420944885,-0.0032305841860312,continuous_direct_verified,gamma_low,0.09279905045896021,0.91163688362285,0.10411717780167232,0.0009241235859021868,0.008447827256167995,1.1999999999999997
846,41384,0.0896163646131754,0.025,0.0,0.9204742453992366,0.12312279155075899,0.006136539117292078,0.003470044186450934,-0.002666494930841144,continuous_direct_verified,gamma_high,0.09067516486529723,0.9101908347773282,0.14774734986091076,0.001058800252121822,0.010283410621908406,1.1999999999999997
847,21096,0.09066611011512579,0.025,0.0,0.9145947761833667,0.12649890865332605,0.005734831072826301,0.00307649237600578,-0.0026583386968205207,continuous_direct_verified,gamma_low,0.08976158855063254,0.9231620978409963,0.10541575721110506,0.0009045215644932492,0.008567321657629634,1.1999999999999997
848,39384,0.09787740157917144,0.025,0.0,0.8530360050499439,0.1794586083548853,0.007664133126049566,0.00405698592683585,-0.0036071471992137156,continuous_direct_verified,gamma_low,0.09647924180500662,0.8658925194192341,0.14954884029573776,0.0013981597741648116,0.01285651436929014,1.2
849,32328,0.0966982251033187,0.025,0.0,0.8742136128246785,0.20995633594944857,0.007632981987254074,0.004580831337636111,-0.0030521506496179627,continuous_direct_verified,gamma_low,0.0950873175868951,0.8897224830758328,0.17496361329120716,0.001610907516423593,0.015508870251154327,1.2
850,22824,0.08751391381956639,0.025,0.0,0.9310395866632462,0.20138993117875859,0.007342483551179676,0.004315295479446376,-0.0030271880717333,continuous_direct_verified,gamma_low,0.08612156454869313,0.9458464256537616,0.16782494264896552,0.0013923492708732554,0.014806838990515492,1.1999999999999997
851,23688,0.0924765402916819,0.025,0.0,0.9001275315880776,0.1694318900597044,0.007298101149219863,0.0038799329506540256,-0.003418168198565837,continuous_direct_verified,gamma_low,0.09123568504562757,0.9121709070800262,0.14119324171642036,0.0012408552460543287,0.012043375491948671,1.1999999999999997
852,35624,0.08793714321218432,0.025,0.0,0.923144368827343,0.3418552870628138,0.00984214592305599,0.005508879939640927,-0.004333265983415062,continuous_direct_verified,m_low,0.09039447886365208,0.8931130984056176,0.40155236748393325,0.0024573356514677597,0.030031270421725376,1.1746267578133154
853,24808,0.0912642297334969,0.025,0.0,0.8480724282562733,0.3011849272921919,0.00964547180204924,0.005316515852292007,-0.004328955949757234,continuous_direct_verified,gamma_low,0.08910427483103889,0.8717998636927008,0.25098743941015994,0.0021599549024580167,0.023727435436427524,1.1999999999999997
854,46120,0.08836351581849158,0.025,0.0,0.8695093214511871,0.3299232640099771,0.009518049617813632,0.0054944784942786385,-0.004023571123534994,continuous_direct_verified,m_low,0.09089645780958977,0.8395093214511871,0.3905563195317269,0.0025329419910981865,0.030000000000000027,1.1837792666840137
855,7912,0.09131736471317708,0.025,0.0,0.9191015146672725,0.25847855871943265,0.009396027508756327,0.0051949525438622825,-0.004201074964894044,continuous_direct_verified,gamma_low,0.0894608259904567,0.9390651995598303,0.21539879893286054,0.0018565387227203883,0.01996368489255773,1.2
856,30504,0.088057513628155,0.025,0.0,0.8893561579287053,0.3851018895210069,0.010087830102607444,0.004929264133978381,-0.005158565968629063,continuous_direct_verified,m_low,0.09045903657039579,0.8593561579287052,0.44426917439008456,0.0024015229422407885,0.030000000000000027,1.1536405987066707
857,44104,0.09631235776469113,0.025,0.0,0.8787923596799374,0.38906253347273706,0.009714000460422343,0.005234710556490405,-0.004479289903931938,continuous_direct_verified,m_low,0.09894785569654321,0.8487923596799374,0.4484623755082561,0.002635497931852082,0.030000000000000027,1.1526742796468255
858,34248,0.09550169403664768,0.025,0.0,0.911792979389429,0.4534901851091325,0.009601721629848155,0.004639059031119665,-0.00496266259872849,continuous_direct_verified,m_low,0.09796076695051611,0.881792979389429,0.5114371690558457,0.002459072913868432,0.030000000000000027,1.1277800178470636
859,6504,0.09034620136953891,0.025,0.0,0.9300137430429458,0.360975050230932,0.009382482534797117,0.005416090514243159,-0.003966392020553959,continuous_direct_verified,m_low,0.09281971647885175,0.9000137430429458,0.4199515158957232,0.002473515109312832,0.030000000000000027,1.1633810027232112
860,35928,0.09881610809825361,0.025,0.0,0.9009247556328773,0.6646411859701113,0.008704009880259309,0.003245707574024715,-0.005458302306234593,continuous_direct_verified,m_low,0.10105225847594794,0.8709247556328773,0.7232551277406979,0.0022361503776943265,0.030000000000000027,1.0881888498754912
861,29608,0.08934091599658132,0.025,0.0,0.9250549204647541,0.6633303303888848,0.007928563597246535,0.0030061944916084946,-0.00492236910563804,continuous_direct_verified,m_low,0.09134045419347948,0.8950549204647541,0.7212507174041813,0.0019995381968981596,0.030000000000000027,1.0873175616458546
862,11560,0.0877869814168662,0.025,0.0,0.8672626785933971,0.6815165481979111,0.007524215570584793,0.002837741912573534,-0.004686473658011258,continuous_direct_verified,m_low,0.08978589411154882,0.8372626785933971,0.741227078630908,0.0019989126946826224,0.030000000000000027,1.0876142048067439
863,21704,0.09486225987784566,0.025,0.0,0.869789543747902,0.6377711021900164,0.007426855194378592,0.0032554094996790424,-0.004171445694699549,continuous_direct_verified,m_low,0.0970753650194085,0.8397895437479019,0.6969394316440224,0.0022131051415628378,0.030000000000000027,1.092773613057773
864,10312,0.09651595545001329,0.025,0.0,0.9437019236385822,0.010717723876786286,0.004101121221081949,0.002624733116126251,-0.0014763881049556977,continuous_direct_verified,gamma_high,0.09695505356440177,0.9398509638995517,0.020636778607772563,0.0004390981143884837,0.0038509597390304906,1.925481459031627
865,22920,0.0929082989692688,0.025,0.0,0.9917478397488594,0.010456729035558714,0.004046271927149648,0.0029477830276346518,-0.0010984888995149958,continuous_direct_verified,gamma_high,0.09300340252801371,0.9917478367191974,0.012548074842670459,9.510355874491061e-05,3.029661965747721e-09,1.2000000000000002
866,28968,0.0876298310700804,0.025,0.0,0.983832024037838,0.011048859811248063,0.003952655754546217,0.002772883754627163,-0.0011797719999190543,continuous_direct_verified,gamma_high,0.0880268023660778,0.9799160141109904,0.02095315157470566,0.00039697129599738923,0.003916009926847597,1.8964084921572395
867,15688,0.09583615837618709,0.025,0.0,1.0149175487458706,0.011662406330472903,0.0038755811625072975,0.002213010827544055,-0.0016625703349632424,continuous_direct_verified,gamma_high,0.09624887164432744,1.0114587757213054,0.02103704361523152,0.00041271326814035225,0.0034587730245652093,1.8038338760555328
868,17368,0.09759150659665466,0.025,0.0,1.0006984204053877,0.021196282846265353,0.00463601985238478,0.00463599926429507,-2.0588089709623614e-08,continuous_direct_verified,gamma_high,0.09783110905541864,0.9999999950820637,0.026302679912380257,0.00023960245876397668,0.0006984253233239812,1.2409100266849202
869,3432,0.09023994342423977,0.025,0.0,0.9527857504785061,0.024801855428638386,0.004448951494506076,0.0018183679842735704,-0.002630583510232506,continuous_direct_verified,gamma_low,0.08980639613617668,0.9563928752392531,0.014376443530024608,0.0004335472880630936,0.0036071247607469825,1.725173223602954
870,45384,0.09593892036937178,0.025,0.0,0.9445810064673423,0.021744706581393623,0.004274552113150752,0.0024781799150320667,-0.0017963721981186852,continuous_direct_verified,gamma_high,0.0965114103494229,0.9402905022381196,0.03453563127558277,0.0005724899800511191,0.004290504229222725,1.5882316528995615
871,22408,0.09322625962086023,0.025,0.0,1.016709028184414,0.020160090066406507,0.004155423301320825,0.004155406674932105,-1.662638871979122e-08,continuous_direct_verified,gamma_high,0.09344807727169065,1.0159999958555015,0.02511886431006917,0.0002218176508304165,0.0007090323289125067,1.2459698457362374
872,6088,0.09517273870296777,0.025,0.0,1.0161708459258079,0.03604900959824446,0.004332373847004359,0.004325053545068361,-7.320301935997801e-06,continuous_direct_verified,gamma_high,0.09579496310287536,1.0120854193611049,0.04989273270809914,0.0006222243999075838,0.00408542656470301,1.3840250609972056
873,5384,0.09386851554736496,0.025,0.0,0.9997640013694763,0.029231340561433724,0.004061601588583953,0.003375950410433238,-0.0006856511781507149,continuous_direct_verified,gamma_high,0.09442845642378137,0.9958819981692656,0.041929046787949655,0.0005599408764164066,0.003882003200210704,1.4343867226968239
874,34648,0.09858598629944026,0.025,0.0,1.015936218202114,0.044497442145079016,0.004058895753192376,0.0040588956276487445,-1.2554363191391582e-10,continuous_direct_verified,gamma_high,0.0995842009896589,1.0080000003584926,0.06606934479946328,0.0009982146902186295,0.00793621784362153,1.4847897230598435
875,16232,0.08990340288728477,0.025,0.0,1.0082615092396736,0.03203594322599415,0.004051933313167236,0.004018355387552744,-3.3577925614492084e-05,continuous_direct_verified,gamma_high,0.09049359540999173,1.0041307515370552,0.045963107237881086,0.0005901925227069643,0.004130757702618393,1.4347355691586552
876,36552,0.09459620877169073,0.025,0.0,1.0205648191273213,0.07463342253959629,0.005618533692569473,0.005618533534321053,-1.5824842044404042e-10,continuous_direct_verified,gamma_low,0.09323583922458906,1.0319999995318212,0.04365158322493995,0.0013603695471016697,0.011435180404499867,1.7097529350769376
877,2904,0.0984647304750979,0.025,0.0,0.9487719736993313,0.07685798693905259,0.0053432161820438145,0.005343213720186687,-2.461857127877831e-09,continuous_direct_verified,gamma_low,0.09713873180704699,0.9599999981808247,0.0478630092268436,0.001325998668050915,0.011228024481493404,1.6057909475517762
878,31384,0.09976661647669971,0.025,0.0,0.9976143836975098,0.07634908372254989,0.005280421773692846,0.0052804214619444996,-3.1174834675545826e-10,continuous_direct_verified,gamma_low,0.0984434558429466,1.0080000006438805,0.047863009238242396,0.0013231606337531093,0.010385616946370746,1.5951584519584951
879,24616,0.08810999244451523,0.025,0.0,0.9968323417007923,0.07445563800442824,0.005189883240459571,0.005189882996852996,-2.4360657501637517e-10,continuous_direct_verified,gamma_low,0.08684812768639145,1.008000000550996,0.043651583228246096,0.0012618647581237735,0.011167658850203654,1.705680126540048
880,2824,0.09349859715439379,0.025,0.0,0.9609871670603752,0.12243207154391501,0.0066579855900120105,0.003703977285004391,-0.0029540083050076196,continuous_direct_verified,gamma_high,0.09459429999111017,0.9507907857599157,0.14691848585269798,0.0010957028367163807,0.010196381300459523,1.1999999999999997
881,24152,0.09916607909835876,0.025,0.0,0.9461302876472473,0.12399618193129498,0.006151072811045228,0.0033446595523620127,-0.0028064132586832153,continuous_direct_verified,gamma_low,0.09819833928938537,0.9544818571220589,0.1033301516094125,0.0009677398089733835,0.008351569474811638,1.1999999999999997
882,2568,0.09398982794955374,0.025,0.0,1.0117260597646236,0.08234657521529798,0.005832980596618196,0.005832979467180114,-1.1294380812543192e-09,continuous_direct_verified,gamma_low,0.09258306179801751,1.0239999987266988,0.05011872335992049,0.0014067661515362317,0.012273938962075182,1.6430301830303566
883,16936,0.08845230448059738,0.025,0.0,0.9776360109448433,0.11809063310163306,0.005812772383536605,0.003491279032837096,-0.0023214933506995094,continuous_direct_verified,gamma_high,0.0894506113003553,0.9678711875931096,0.14170875972195965,0.0009983068197579187,0.009764823351733676,1.1999999999999997
884,33352,0.09687426169402899,0.025,0.0,0.9382861450314521,0.20390474321048416,0.008684432384476729,0.004756927878974954,-0.003927504505501775,continuous_direct_verified,gamma_low,0.09531451209461063,0.9533125628714529,0.16992061934207014,0.0015597495994183613,0.015026417840000805,1.2
885,10472,0.09123500902205706,0.025,0.0,0.979018747061491,0.2027609539712228,0.00835246291553395,0.004666575928368672,-0.0036858869871652785,continuous_direct_verified,gamma_low,0.08977667818083106,0.9939467972673294,0.16896746164268567,0.0014583308412259993,0.014928050205838428,1.2
886,17752,0.0982276342343539,0.025,0.0,0.9999487027525902,0.19152733040537978,0.008143348889953134,0.004841236902377925,-0.003302111987575209,continuous_direct_verified,gamma_low,0.09674474789374886,1.0138800597789477,0.15960610867114983,0.0014828863406050469,0.013931357026357505,1.2
887,5908,0.08740638154558839,0.025,0.0,0.9618040651082992,0.20445561935804207,0.008055738100825027,0.004469008120390428,-0.0035867299804345993,continuous_direct_verified,gamma_low,0.08599684864825113,0.9768822655141086,0.1703796827983684,0.0014095328973372512,0.015078200405809428,1.2
888,29912,0.09733882630243898,0.025,0.0,0.9473664678633212,0.340969855512216,0.010560197574940245,0.006075610671642341,-0.004484586903297904,continuous_direct_verified,m_low,0.10003204286285836,0.9173664678633212,0.4001673577727886,0.002693216560419376,0.030000000000000027,1.1736150609901987
889,22168,0.09964666445739567,0.025,0.0,1.0033792667090893,0.24961366703590562,0.010301128047452115,0.005839382410445933,-0.004461745637006182,continuous_direct_verified,gamma_low,0.09769440630202299,1.0226162494845856,0.20801138919658804,0.0019522581553726853,0.019236982775496347,1.2
890,21464,0.09754463527351619,0.025,0.0,0.9635099276900291,0.303004799174265,0.010212708999025676,0.006201386490438194,-0.0040113225085874815,continuous_direct_verified,gamma_low,0.09524386230167567,0.9878190457802178,0.2525039993118875,0.0023007729718405173,0.024309118090188764,1.2
891,30088,0.09302811073139311,0.025,0.0,1.0107878662645815,0.31831437165020277,0.009894979387173236,0.00632950280014381,-0.0035654765870294265,continuous_direct_verified,gamma_low,0.09073275333282772,1.036690849848903,0.265261976375169,0.002295357398565387,0.025902983584321415,1.1999999999999997
892,21144,0.09969926509074867,0.025,0.0,0.9375223949551582,0.4500622874858457,0.010156322464630404,0.004894188081931939,-0.005262134382698465,continuous_direct_verified,m_low,0.10224909686255888,0.9075223949551582,0.5075883204965351,0.0025498317718102154,0.030000000000000027,1.1278179367839136
893,4424,0.09595882166177036,0.025,0.0,0.9841589897871017,0.3831146236400615,0.009525824609554978,0.005580609364209684,-0.003945215245345294,continuous_direct_verified,m_low,0.09850145220534762,0.9541589897871017,0.4408768945312906,0.0025426305435772567,0.030000000000000027,1.1507702064265162
894,21592,0.09891836298629642,0.025,0.0,0.9869725055992603,0.40820032593288896,0.009272890393751444,0.005431676048599684,-0.0038412143451517595,continuous_direct_verified,m_low,0.10148342193605506,0.9569725055992603,0.4653913474804832,0.002565058949758642,0.030000000000000027,1.1401052814372248
895,34984,0.08899612962268294,0.025,0.0,1.018610355257988,0.47407246635591127,0.009267143785416656,0.004391307544397472,-0.0048758362410191835,continuous_direct_verified,m_low,0.09117824992873697,0.9886103552579879,0.5300118428756405,0.002182120306054025,0.030000000000000027,1.1179975225090009
896,3672,0.09918717830441892,0.025,0.0,0.9587272308766842,0.7288231713601274,0.008013156252772591,0.002964048455540153,-0.005049107797232439,continuous_direct_verified,m_low,0.10129807083790233,0.9287272308766842,0.7866471093044061,0.0021108925334834133,0.030000000000000027,1.079338775462322
897,15764,0.0857176022604108,0.025,0.0,0.9567902393639087,0.6496300878204088,0.007795055831020592,0.002990236137907829,-0.0048048196931127635,continuous_direct_verified,m_low,0.08762994328576615,0.9267902393639087,0.7067428125673744,0.0019123410253553547,0.030000000000000027,1.0879157628591158
898,616,0.09071696507744492,0.025,0.0,0.9769964054226875,0.6559641532133625,0.007652398896376875,0.003123740263658476,-0.004528658632718399,continuous_direct_verified,m_low,0.09271399698554283,0.9469964054226875,0.7125556216753243,0.0019970319080979126,0.030000000000000027,1.086272196711875
899,47240,0.09224856216460467,0.025,0.0,0.9557457774877548,0.7033879937989957,0.007435667314659126,0.0029052939145171016,-0.004530373400142024,continuous_direct_verified,m_low,0.09424320217531151,0.9257457774877548,0.7610092208596827,0.001994640010706844,0.030000000000000027,1.0819195487677788
900,38888,0.09195500011555852,0.025,0.0,1.0556561574339867,0.011623176674279758,0.004463548714332646,0.002541312484464958,-0.0019222362298676882,continuous_direct_verified,gamma_high,0.0923930082316383,1.0518280802796938,0.021991408338814945,0.0004380081160797883,0.003828077154292897,1.8920308066450058
901,19592,0.09241597070358695,0.025,0.0,1.063696277141571,0.011795049917906955,0.004451084512869428,0.0026433046080592444,-0.0018077799048101832,continuous_direct_verified,gamma_high,0.09285560843711078,1.0598481402769178,0.022153406401524068,0.0004396377335238316,0.00384813686465324,1.8781952222085394
902,42792,0.08803863325156272,0.025,0.0,1.0790982611477373,0.011230092442650235,0.004061159078291041,0.002536150135840163,-0.0015250089424508782,continuous_direct_verified,gamma_high,0.08841858954658026,1.0755491322690052,0.02064345042575147,0.0003799562950175389,0.003549128878732155,1.838226223975743
903,21524,0.08654730995185675,0.025,0.0,1.1023362562060357,0.011233045039794973,0.0036423929498844644,0.0019962688202614094,-0.001646124129623055,continuous_direct_verified,gamma_high,0.08690370042817423,1.099168129042648,0.020176199947948115,0.00035639047631748355,0.0031681271633876573,1.7961469820935012
904,8792,0.09901644424535336,0.025,0.0,1.0402668505907058,0.022186093726449262,0.004688784986149735,0.0027087220496971984,-0.001980062936452537,continuous_direct_verified,gamma_high,0.09960260821946154,1.0361334242695224,0.034884382891255616,0.0005861639741081837,0.004133426321183409,1.572353534667891
905,20456,0.09201981136575342,0.025,0.0,1.0322304762899877,0.023354885845579692,0.004526062141441905,0.0024263168889686847,-0.0020997452524732204,continuous_direct_verified,gamma_high,0.09255307457386915,1.0281152374548692,0.03579146684072171,0.0005332632081157251,0.00411523883511844,1.532504465120126
906,28520,0.0898456814698875,0.025,0.0,1.0958599753677845,0.01950850919969415,0.004208587926357655,0.0022812993439987905,-0.0019272885823588648,continuous_direct_verified,gamma_high,0.09033538200430476,1.0919299876838924,0.031239398590565487,0.0004897005344172561,0.003929987683892078,1.6013216730602486
907,30420,0.08373560793697835,0.025,0.0,1.0720033682882786,0.024586765768609672,0.0041261349997996685,0.002801256351539093,-0.0013248786482605752,continuous_direct_verified,gamma_high,0.0842450474694236,1.0680016827558905,0.037578663042317155,0.000509439532445255,0.004001685532388111,1.5284101778971861
908,6248,0.09098851205781103,0.025,0.0,1.0808372981846333,0.027960852252040404,0.004848773441163406,0.00305653710556651,-0.0017922363355968958,continuous_direct_verified,gamma_high,0.09158556267826308,1.0764186476623026,0.041962932003401815,0.0005970506204520526,0.004418650522330703,1.500774426514114
909,5080,0.09754279796034099,0.025,0.0,1.0881000511348247,0.03949721381674213,0.004780204907887813,0.004780204028292909,-8.795949038575834e-10,continuous_direct_verified,gamma_high,0.09862647111293332,1.0799999989742803,0.06309573443503384,0.0010836731525923349,0.008100052160544324,1.59747304525791
910,45768,0.09472425854764879,0.025,0.0,1.040129116177559,0.02837243355062921,0.004622837135549028,0.0030399627736707987,-0.0015828743618782294,continuous_direct_verified,gamma_high,0.09529847158137869,1.0360645562676696,0.041308451645426666,0.0005742130337298978,0.004064559909889409,1.4559361491397544
911,35368,0.08841864652931691,0.025,0.0,1.0723077915608883,0.028465325120912082,0.004423704829208722,0.003157065411582024,-0.0012666394176266984,continuous_direct_verified,gamma_low,0.08788207876930887,1.0761538976423362,0.015401657141441788,0.0005365677600080443,0.0038461060814478643,1.84819885675285
912,9320,0.09086017617955805,0.025,0.0,1.0613034278154374,0.07421530383200398,0.005237816264931574,0.0052378032573100865,-1.3007621487738652e-08,continuous_direct_verified,gamma_high,0.09159867489599392,1.0559999959444009,0.0912010838595536,0.0007384987164358731,0.005303431871036546,1.228871663262326
913,42968,0.09767593233846128,0.025,0.0,1.0559321299195288,0.04957268117334339,0.004587301250506979,0.0045873012505051845,-1.794571435898007e-15,continuous_direct_verified,gamma_low,0.09662463507924987,1.064,0.026302679918953815,0.001051297259211409,0.008067870080471273,1.8847007729285075
914,33608,0.09617930790409446,0.025,0.0,1.087560199946165,0.0503979368511101,0.004535637771133139,0.0045356354743769905,-2.2967561481151977e-09,continuous_direct_verified,gamma_high,0.09718147484549755,1.0799999983920208,0.07244359598485714,0.0010021669414030931,0.007560201554144275,1.4374317781871946
915,25224,0.09253156371414661,0.025,0.0,1.1034081883728504,0.06175130413299703,0.004339688514866689,0.004339685933161834,-2.581704855106337e-09,continuous_direct_verified,gamma_high,0.09347223264007166,1.0959999983490865,0.0831763770803286,0.0009406689259250506,0.0074081900237639164,1.3469574164974276
916,20296,0.09601959339343012,0.025,0.0,1.0965505085885523,0.12345143315270145,0.007293805838921103,0.004236978897164914,-0.003056826941756189,continuous_direct_verified,gamma_high,0.09715367416974753,1.086427078568604,0.14814171978324173,0.0011340807763174088,0.010123430019948199,1.2
917,34904,0.09876800128258766,0.025,0.0,1.0417816393077373,0.11558648100774853,0.006508482764549392,0.0039504827975305155,-0.0025579999670188765,continuous_direct_verified,gamma_high,0.09985767703341235,1.0323428940250101,0.13870377720929822,0.0010896757508246924,0.009438745282727146,1.2
918,11976,0.09457892123609782,0.025,0.0,1.0570185206830502,0.12915276543828078,0.006504081235117091,0.0036414287788872307,-0.00286265245622986,continuous_direct_verified,gamma_low,0.09361836280603088,1.0656393002437035,0.10762730453190066,0.0009605584300669406,0.008620779560653213,1.2
919,7688,0.09417860852554441,0.025,0.0,1.083570381999016,0.10016007346081421,0.006356277420295102,0.006356276303750394,-1.11654470825312e-09,continuous_direct_verified,gamma_low,0.09267461912707779,1.0960000013148965,0.06606934481878426,0.001503989398466618,0.012429619315880602,1.5159840578945405
920,37720,0.09840641464106739,0.025,0.0,1.0887688644230367,0.20480085076450405,0.008628096260422593,0.0054214071991412465,-0.0032066890612813467,continuous_direct_verified,gamma_low,0.09681700981499954,1.1037574139382424,0.17066737563708673,0.0015894048260678556,0.014988549515205785,1.2
921,24728,0.09945444324985148,0.025,0.0,1.0945453964173795,0.18218689073592273,0.00845078473626736,0.005062484724904862,-0.003388300011362499,continuous_direct_verified,gamma_low,0.09802464644626435,1.1075239472998408,0.1518224089466023,0.0014297968035871245,0.01297855088246136,1.2
922,17416,0.0944834280293435,0.025,0.0,1.0613305613398551,0.17880201864460638,0.008258621374122404,0.00468033433080461,-0.003578287043317794,continuous_direct_verified,gamma_low,0.09315144937895917,1.0740670777147223,0.14900168220383866,0.0013319786503843273,0.012736516374867168,1.2
923,23656,0.09077859036624433,0.025,0.0,1.0895590163767337,0.21125312310437355,0.008218676411308173,0.005186089255495667,-0.003032587155812506,continuous_direct_verified,gamma_low,0.08926662530905025,1.1051344807180177,0.17604426925364466,0.0015119650571940868,0.015575464341283984,1.1999999999999997
924,45720,0.0997270129621029,0.025,0.0,1.0524425216019153,0.33922180294824195,0.0114516712430262,0.006594841491375186,-0.004856829751651014,continuous_direct_verified,m_low,0.1024363687816436,1.0224425216019153,0.39742713731294355,0.002709355819540696,0.030000000000000027,1.171584885932531
925,34264,0.09802739489823581,0.025,0.0,1.07439601495862,0.30698206597743355,0.01061928658937691,0.00678339865885308,-0.0038358879305238304,continuous_direct_verified,gamma_low,0.09568630263819737,1.0992062108949359,0.25581838831452797,0.002341092260038438,0.024810195936315838,1.2
926,3048,0.09210262596607209,0.025,0.0,1.0473487682640552,0.31402921245200915,0.010504857407285599,0.006398515604105811,-0.004106341803179788,continuous_direct_verified,gamma_low,0.08985770505851297,1.0728697357475605,0.2616910103766743,0.0022449209075591225,0.025520967483505297,1.2
927,26056,0.09550198279321195,0.025,0.0,1.0970683321356773,0.34257513323818223,0.01013387875047218,0.006470833423654853,-0.003663045326817327,continuous_direct_verified,m_low,0.09807833421871948,1.0670683321356773,0.4003719487428173,0.0025763514255075226,0.030000000000000027,1.168712816246504
928,8712,0.0940503084100783,0.025,0.0,1.0530990071594715,0.4724744194811461,0.010605975938632255,0.00467449943461599,-0.005931476504016265,continuous_direct_verified,m_low,0.09634548952354942,1.0230990071594714,0.5280366153406961,0.0022951811134711148,0.030000000000000027,1.1175983155248201
929,13448,0.0923516465816647,0.025,0.0,1.0854084677994251,0.42033644271312565,0.010081896498764937,0.005226273486433775,-0.004855623012331162,continuous_direct_verified,m_low,0.09469280056918014,1.055408467799425,0.47644818449127,0.002341153987515443,0.030000000000000027,1.1334924505140753
930,30552,0.09861894519999624,0.025,0.0,1.042910062521696,0.47744381668379365,0.010053483903063194,0.004792331789141925,-0.005261152113921269,continuous_direct_verified,m_low,0.10102157547532215,1.012910062521696,0.5330851453338014,0.002402630275325904,0.030000000000000027,1.1165400549879954
931,33368,0.09903376726433635,0.025,0.0,1.0758907124400139,0.40521128814462287,0.009724640765802327,0.005701089614069272,-0.004023551151733055,continuous_direct_verified,m_low,0.1015724365022082,1.0458907124400139,0.4615915448530504,0.0025386692378718406,0.030000000000000027,1.1391379222592264
932,47576,0.09789880868047476,0.025,0.0,1.0923499375581742,0.6507284875368066,0.007833753531807104,0.0034431491570468867,-0.004390604374760217,continuous_direct_verified,m_low,0.10000112716150132,1.0623499375581742,0.7052399009502283,0.0021023184810265577,0.030000000000000027,1.0837698279043584
933,16328,0.09520623837597669,0.025,0.0,1.068968990445137,0.6060664116342531,0.0076724210179539435,0.00363511463057511,-0.004037306387378833,continuous_direct_verified,m_low,0.0973218257456066,1.038968990445137,0.6608956716719262,0.002115587369629912,0.030000000000000027,1.0904674124570382
934,14548,0.0836436823476106,0.025,0.0,1.0231711506843566,0.6434260439983885,0.007539751206146711,0.0030097207371008487,-0.004530030469045862,continuous_direct_verified,m_low,0.08547380958716688,0.9931711506843566,0.6990257945799859,0.0018301272395562784,0.030000000000000027,1.0864120299453353
935,36104,0.09392235181294382,0.025,0.0,1.0376983001828193,0.7124518165607229,0.00727924683403832,0.00294607316233021,-0.00433317367170811,continuous_direct_verified,m_low,0.09589045146594036,1.0076983001828193,0.7683507230771289,0.0019680996529965328,0.030000000000000027,1.0784599115576003
936,12936,0.09250932009890676,0.025,0.0,1.1910051301121711,0.010122525996916655,0.004740817292844233,0.002478827313911659,-0.0022619899789325737,continuous_direct_verified,gamma_high,0.09260103054240108,1.1910051277271019,0.01214703119629999,9.171044349431945e-05,2.3850692532079165e-09,1.2000000000000002
937,17224,0.0961914252024144,0.025,0.0,1.1428813703358172,0.01019062124239492,0.004591988168429733,0.0026752608749901667,-0.001916727293439566,continuous_direct_verified,gamma_high,0.09628731441848816,1.1428813675972667,0.012228745490873905,9.588921607375789e-05,2.738550497483061e-09,1.2
938,6696,0.08841280615888536,0.025,0.0,1.1830976828932762,0.011416869442057297,0.004556055849640152,0.0027208438644898305,-0.0018352119851503218,continuous_direct_verified,gamma_high,0.08851171709682563,1.1830976804092843,0.013700243330468759,9.891093794027472e-05,2.4839919010588574e-09,1.2000000000000002
939,42200,0.09735658043064177,0.025,0.0,1.1343745417892932,0.011697156699428855,0.0042893719305220285,0.0024021332193425284,-0.0018872387111795001,continuous_direct_verified,gamma_high,0.09775520956234951,1.131187272413361,0.020588787774283548,0.0003986291317077395,0.003187269375932278,1.760153198194639
940,27224,0.09897349062375725,0.025,0.0,1.1837101832032202,0.026560356640501995,0.005049589178945497,0.003599848689348521,-0.0014497404895969755,continuous_direct_verified,gamma_high,0.09959942509179294,1.1798550894743813,0.03996755433671528,0.0006259344680356882,0.0038550937288388543,1.5047822918073546
941,26216,0.09049248262308539,0.025,0.0,1.151964434236288,0.023996473127988766,0.004789410457841168,0.0029341391084893274,-0.0018552713493518403,continuous_direct_verified,gamma_high,0.09104992746067876,1.1479822159280346,0.03712481781172586,0.0005574448375933738,0.003982218308253405,1.5470947590387598
942,28904,0.09127432741224767,0.025,0.0,1.1844922386109829,0.020967838926577203,0.00477943724043893,0.004316115011890652,-0.0004633222285482779,continuous_direct_verified,gamma_low,0.09111774304988435,1.184492242672321,0.017473199105480997,0.00015658436236332118,4.0613381546705796e-09,1.2000000000000004
943,3032,0.0974845375865698,0.025,0.0,1.1689707830548286,0.02537538881450026,0.004505513407420427,0.0024189569253781234,-0.002086556482042304,continuous_direct_verified,gamma_low,0.09699586904796484,1.1724853911386488,0.014541718380390476,0.0004886685386049638,0.003514608083820203,1.745006205643413
944,36296,0.09545572348870338,0.025,0.0,1.1923664167523382,0.03160313782498228,0.005578898993781521,0.003431531416366054,-0.0021473675774154673,continuous_direct_verified,gamma_high,0.09608901026470809,1.188183206749814,0.04565157080042455,0.0006332867760047156,0.004183210002524307,1.4445265230700282
945,19160,0.09695450416766108,0.025,0.0,1.1443971022963524,0.029585590114163722,0.005352077520482389,0.004065300692555223,-0.001286776827927166,continuous_direct_verified,gamma_low,0.09632600232107225,1.148198554012768,0.015701801945253953,0.0006285018465888303,0.0038014517164155492,1.8842162330996859
946,8072,0.09333780123852195,0.025,0.0,1.1607901275157928,0.02994604060506232,0.00530076325714736,0.004702559200777708,-0.0005982040563696518,continuous_direct_verified,gamma_low,0.09271875391970463,1.1643950673418735,0.01579716235366353,0.0006190473188173173,0.0036049398260806775,1.8956594820409323
947,44760,0.09703601552173496,0.025,0.0,1.1997284650802613,0.0402785559095797,0.004885523352332492,0.004885523314262119,-3.807037324277118e-11,continuous_direct_verified,gamma_high,0.09808237348533054,1.1920000002134006,0.06309573444408768,0.001046357963595576,0.00772846486686074,1.566484523073014
948,31784,0.08825083104893566,0.025,0.0,1.1805992729961872,0.0767057372593522,0.005735268415602128,0.005735253633302454,-1.4782299674262478e-08,continuous_direct_verified,gamma_low,0.08767508826430596,1.1840000045003622,0.06309573448441368,0.0005757427846296986,0.0034007315041750807,1.2157040073493488
949,13256,0.09539638073183597,0.025,0.0,1.1165564522147178,0.07309057057955287,0.005286278914864797,0.0052862627641820795,-1.615068271742376e-08,continuous_direct_verified,gamma_low,0.09481313175227436,1.120000004591101,0.060255958641985886,0.0005832489795616069,0.0034435523763831632,1.213001539214147
950,42824,0.09610984036698939,0.025,0.0,1.1887216918170451,0.07526353875197916,0.0051917378271439515,0.005191725533820412,-1.2293323539691592e-08,continuous_direct_verified,gamma_high,0.09684698672574936,1.183999996039285,0.09120108386254565,0.0007371463587599741,0.004721695777760049,1.2117565208179557
951,15944,0.09670468475669623,0.025,0.0,1.1995609283447264,0.049385701213438646,0.005053618441831845,0.005053616821104385,-1.6207274593574295e-09,continuous_direct_verified,gamma_high,0.09776473113845294,1.1919999985757124,0.07244359598605442,0.0010600463817567046,0.007560929769014013,1.4668941455941371
952,13656,0.09826325899921359,0.025,0.0,1.145387554168701,0.11785618109323905,0.007140478301872132,0.00430991423521415,-0.002830564066657982,continuous_direct_verified,gamma_high,0.09937243369847366,1.1359269668714131,0.14142741731188685,0.001109174699260071,0.009460587297287937,1.2
953,10536,0.08755127978511155,0.025,0.0,1.176796407997608,0.12388921680722781,0.007087159793425046,0.007087159114386568,-6.790384782240366e-10,continuous_direct_verified,gamma_high,0.08933144632471006,1.1599999989666305,0.1659586906391511,0.0017801665395985045,0.016796409030977566,1.3395733294317584
954,392,0.09281966816633941,0.025,0.0,1.1972087010741235,0.12430734807877097,0.0063951556339854245,0.004440623814342937,-0.0019545318196424874,continuous_direct_verified,gamma_high,0.0939296243580761,1.1872711953111206,0.14916881769452514,0.0011099561917366912,0.009937505763002896,1.1999999999999997
955,17560,0.09923541238531472,0.025,0.0,1.1941628657281398,0.11655346152327732,0.006393668310606998,0.004449835004097487,-0.0019438333065095112,continuous_direct_verified,gamma_high,0.10034629987162814,1.1849691212292501,0.13986415382793277,0.001110887486313425,0.009193744498889656,1.2
956,25304,0.09693923904560507,0.025,0.0,1.1907259494066238,0.17521710352805056,0.009707444033529739,0.0058504437025625996,-0.0038570003309671393,continuous_direct_verified,gamma_high,0.09858049870848579,1.1754263420939834,0.21026052423366065,0.0016412596628807147,0.015299607312640351,1.2
957,15636,0.08708255691453815,0.025,0.0,1.1363915383815764,0.2151759317068266,0.009166535355337941,0.005234645723073809,-0.003931889632264133,continuous_direct_verified,gamma_low,0.08560249693537555,1.1522206538089925,0.17931327642235553,0.0014800599791625901,0.015829115427416163,1.2
958,44520,0.09165982846170664,0.025,0.0,1.1930555164813996,0.1367600886959794,0.009019621997227067,0.004709615732919466,-0.004310006264307601,continuous_direct_verified,gamma_high,0.09286753467097361,1.1818525616524922,0.16411210643517524,0.0012077062092669677,0.01120295482890743,1.1999999999999997
959,41064,0.09091743254102767,0.025,0.0,1.1229415103793143,0.20242908619999497,0.008601901202330528,0.005163265027804673,-0.003438636174525855,continuous_direct_verified,gamma_low,0.08946386920713735,1.1376419461533143,0.1686909051666625,0.001453563333890323,0.014700435773999931,1.2
960,40408,0.09797121323645117,0.025,0.0,1.1935266643762588,0.3264839561359918,0.013085834063600931,0.007254823541446286,-0.005831010522154645,continuous_direct_verified,m_low,0.10065864967316054,1.1635266643762587,0.38458466488748067,0.0026874364367093784,0.030000000000000027,1.1779588480828378
961,4776,0.08868566672317685,0.025,0.0,1.1916816890239716,0.22974777550937708,0.013027275852759158,0.006398398737662034,-0.006628877115097124,continuous_direct_verified,gamma_high,0.09065088908786417,1.17010855865737,0.27569733061125246,0.0019652223646873246,0.02157313036660158,1.1999999999999997
962,13544,0.0910827179439366,0.025,0.0,1.1953006319701671,0.2817099172451205,0.012713443208025654,0.007220103438703919,-0.005493339769321735,continuous_direct_verified,gamma_high,0.09353716163014936,1.1673282124715625,0.33805190069414465,0.002454443686212754,0.027972419498604628,1.2000000000000002
963,26024,0.08981394073925913,0.025,0.0,1.1816951751708984,0.24672401838958197,0.012388920514507275,0.006150318161508114,-0.0062386023529991605,continuous_direct_verified,gamma_low,0.08806027886925259,1.2,0.205603348657985,0.0017536618700065426,0.018304824829101562,1.2
964,37352,0.09178758990019562,0.025,0.0,1.1734962798655033,0.3595684536460823,0.011984333852558034,0.006257922925109987,-0.0057264109274480475,continuous_direct_verified,m_low,0.09422820261541826,1.1434962798655033,0.4166181689481456,0.00244061271522264,0.030000000000000027,1.158661625411156
965,23560,0.09439069679938258,0.025,0.0,1.1797242544591426,0.5605359106336288,0.01141779085357126,0.004079723546329762,-0.007338067307241497,continuous_direct_verified,m_low,0.09652070196597713,1.1497242544591426,0.6140293799650113,0.002130005166594548,0.030000000000000027,1.095432724855957
966,40712,0.09352478794753552,0.025,0.0,1.159829358756542,0.48251425565918954,0.010757667666550797,0.004750894897487815,-0.006006772769062982,continuous_direct_verified,m_low,0.09576097076602633,1.129829358756542,0.536851633881053,0.002236182818490806,0.030000000000000027,1.1126130007239476
967,13160,0.09000170528888704,0.025,0.0,1.156170129776001,0.37860888023025896,0.010532230729962297,0.00582566576020403,-0.0047065649697582675,continuous_direct_verified,m_low,0.09235225876994926,1.126170129776001,0.43513536955474524,0.002350553481062223,0.030000000000000027,1.1493004846851678
968,8856,0.0996616633143276,0.025,0.0,1.192141702771187,0.975320088766982,0.04640031451663436,0.04113430417612809,-0.0052660103405062705,continuous_direct_verified,m_low,0.1001775686213008,1.162141702771187,1.0,0.0005159053069731939,0.030000000000000027,1.0253044221248624
969,20264,0.08797753266990185,0.025,0.0,1.186899022012949,0.9640686364857143,0.03491840461041358,0.024017046822711288,-0.010901357787702293,continuous_direct_verified,m_low,0.08883591519343784,1.156899022012949,1.0,0.0008583825235359832,0.030000000000000027,1.0372705450156174
970,45272,0.0972525889519602,0.025,0.0,1.1609555646777152,0.957353585382949,0.016037942338624146,0.0022035877674504525,-0.013834354571173694,continuous_direct_verified,m_high,0.09549076502278503,1.1909555646777152,0.9019660191542007,0.001761823929175177,0.030000000000000027,1.0614075974621382
971,33480,0.09468562523834409,0.025,0.0,1.1680797062814237,0.6155618464209075,0.008795500196562521,0.003643080107431925,-0.005152420089130597,continuous_direct_verified,m_low,0.09674970761717297,1.1380797062814236,0.6691138432420294,0.00206408237882888,0.030000000000000027,1.0869969396779413
972,1263,0.11587697579525412,0.025,0.0,0.4640767857432366,0.015029065631191642,0.002893048092560222,0.0015342705246154382,-0.001358777567944784,continuous_direct_verified,gamma_high,0.11663495131039717,0.4600383941546906,0.026795175972904175,0.0007579755151430473,0.004038391588545964,1.7828903426499714
973,42175,0.11147972266189755,0.025,0.0,0.48813490346074107,0.012690853625728435,0.0028667590907961124,0.002764119176923444,-0.00010263991387266837,continuous_direct_verified,gamma_high,0.11212823283516965,0.48406745542997476,0.023514515812611096,0.000648510173272096,0.0040674480307663075,1.852871091739615
974,12351,0.11277928296476604,0.025,0.0,0.41597116589546207,0.014233651867821159,0.0027158747382449466,0.0022880109588863592,-0.00042786377935858733,continuous_direct_verified,gamma_high,0.11353188530010767,0.41198558604632757,0.025482896646577626,0.0007526023353416345,0.003985579849134502,1.7903273793135468
975,32735,0.11040048389695586,0.025,0.0,0.48001285120844844,0.012478310038290788,0.0026158218327714975,0.002492969367865487,-0.0001228524649060105,continuous_direct_verified,gamma_high,0.1110494696508715,0.4760064288380862,0.023316776458242424,0.0006489857539156291,0.00400642237036225,1.868584478722908
976,21535,0.10728086917661131,0.025,0.0,0.4004328534007073,0.02275447752143606,0.005936418127985809,0.005936418108304778,-1.968103111038566e-11,continuous_direct_verified,gamma_high,0.10760352264977266,0.4,0.02754228702197059,0.0003226534731613495,0.000432853400707256,1.2104117528527796
977,17503,0.10919169359840454,0.025,0.0,0.48866110220551495,0.021137219714896113,0.0031760535629697796,0.0014263493474569833,-0.0017497042155127963,continuous_direct_verified,gamma_high,0.1099603407367273,0.4843305509010782,0.034049799105291954,0.0007686471383227533,0.004330551304436769,1.6108929918202965
978,40071,0.10159670263528825,0.025,0.0,0.48844019025564195,0.01773423113385828,0.003032440056901783,0.001531260087460077,-0.0015011799694417062,continuous_direct_verified,gamma_high,0.10226057897596105,0.4842200962862181,0.029784945190316447,0.0006638763406728032,0.004220093969423855,1.6795171420457513
979,35263,0.1118689007125795,0.025,0.0,0.457333966344595,0.02432606895323863,0.003007692929175888,0.0010770162183844371,-0.0019306767107914507,continuous_direct_verified,gamma_low,0.11124278187786368,0.4606669831722975,0.014237880505081802,0.0006261188347158192,0.003333016827702484,1.7085456606098175
980,40431,0.11645401534624399,0.025,0.0,0.47257343009114267,0.030680929703631742,0.0031652032920702596,0.003165195165118798,-8.126951461621956e-09,continuous_direct_verified,gamma_high,0.11804635669622976,0.4640000026788377,0.05495408739960097,0.0015923413499857736,0.00857342741230499,1.7911480496334498
981,42759,0.10280433231964708,0.025,0.0,0.47979412972927094,0.028413142768356568,0.0030138768468163752,0.0027866478080870068,-0.00022722903872936847,continuous_direct_verified,gamma_high,0.10354285768985207,0.47589706158292383,0.04133807603015201,0.0007385253702049815,0.0038970681463471046,1.454892771530709
982,10879,0.11531325117684901,0.025,0.0,0.4389408007264137,0.04407684049171294,0.0028693482788765506,0.0028693480457905782,-2.3308597239812823e-10,continuous_direct_verified,gamma_low,0.11351129365240575,0.4480000004313167,0.01659586907471159,0.0018019575244432595,0.009059199704902987,2.655892276161435
983,13639,0.10536175072193146,0.025,0.0,0.4733151182532311,0.02788802660975998,0.002816354742148374,0.002633269661176552,-0.00018308508097182206,continuous_direct_verified,gamma_high,0.1062464104526408,0.46865755616501326,0.0428844174581035,0.0008846597307093362,0.004657562088217826,1.5377358196831048
984,37887,0.11431933543644847,0.025,0.0,0.4849922187626362,0.07566920305044791,0.0034850877200533568,0.0013554827260576553,-0.0021296049939957015,continuous_direct_verified,gamma_low,0.11351804888450741,0.48945540711010305,0.06305766920870658,0.0008012865519410606,0.00446318834746684,1.2000000000000004
985,14687,0.10882720248773695,0.025,0.0,0.4444794446229935,0.07541481284172939,0.0032939427019987822,0.0012014851142836973,-0.0020924575877150848,continuous_direct_verified,gamma_low,0.10802690276706922,0.4488366575048877,0.06284567736810781,0.0008002997206677243,0.0043572128818942235,1.2000000000000004
986,6407,0.10329401986673475,0.025,0.0,0.4040326058864594,0.069045350991627,0.003102332115739476,0.0031023321157364514,-3.024490380365563e-15,continuous_direct_verified,gamma_low,0.10103529387577909,0.41600000000000004,0.03311311214825911,0.002258725990955668,0.011967394113540641,2.0851362651292495
987,20063,0.10951156867668034,0.025,0.0,0.42901811301708226,0.07025045328053948,0.0030763039844531694,0.0012884465011379824,-0.001787857483315187,continuous_direct_verified,gamma_high,0.11045336593274646,0.42415004019073993,0.0843005439366474,0.0009417972560661209,0.004868072826342329,1.2000000000000004
988,11079,0.10542898322455586,0.025,0.0,0.48473215699195865,0.11947094095984556,0.004300114013825094,0.0019059105671072874,-0.002394203446717806,continuous_direct_verified,gamma_low,0.10424291469919487,0.49206139127797,0.09955911746653796,0.0011860685253609893,0.0073292342860113435,1.2
989,3015,0.10460017784498633,0.025,0.0,0.4496311813592911,0.10723953695365715,0.003960770798147209,0.0016129381088662222,-0.0023478326892809867,continuous_direct_verified,gamma_low,0.10349903505927459,0.45602185766685593,0.08936628079471429,0.001101142785711745,0.0063906763075648465,1.2
990,6623,0.11083589261397721,0.025,0.0,0.4836827695369721,0.09028387784508,0.0038967608562623024,0.0015484192273603546,-0.0023483416289019478,continuous_direct_verified,gamma_low,0.1099018846137374,0.4890750424906189,0.0752365648709,0.0009340080002398082,0.005392272953646804,1.2000000000000002
991,5567,0.11201423914171757,0.025,0.0,0.43966493308544163,0.11274329254184362,0.0038930797248684598,0.0017403008506235494,-0.00215277887424491,continuous_direct_verified,gamma_low,0.11075310055998029,0.44638326957597,0.09395274378486967,0.0012611385817372783,0.006718336490528387,1.2000000000000002
992,13919,0.10959486830979587,0.025,0.0,0.42026974335312844,0.21530555983746932,0.006293320233797994,0.0027610678102358934,-0.0035322524235621004,continuous_direct_verified,gamma_low,0.10711076407150405,0.43391460704892104,0.1794212998645578,0.0024841042382918177,0.013644863695792597,1.2
993,11839,0.11314862496219577,0.025,0.0,0.42955174297094345,0.18937206973560525,0.005966983180461075,0.0026237147861436602,-0.003343268394317415,continuous_direct_verified,gamma_low,0.11093352603296008,0.44143864819928375,0.1578100581130044,0.002215098929235687,0.011886905228340294,1.2
994,26399,0.10645782579667867,0.025,0.0,0.4067260876297951,0.18107390748642785,0.0057691433883483014,0.002302642106338078,-0.0034665012820102236,continuous_direct_verified,gamma_low,0.1043770184265444,0.4179020600196414,0.15089492290535658,0.0020808073701342744,0.0111759723898463,1.1999999999999997
995,23535,0.11658692131750287,0.025,0.0,0.4025209575891495,0.21208278098668196,0.005753958578909444,0.0027588779937455883,-0.0029950805851638555,continuous_direct_verified,gamma_low,0.11388749745664342,0.41581437165632773,0.176735650822235,0.0026994238608594456,0.01329341406717821,1.1999999999999997
996,9927,0.10410115243867041,0.025,0.0,0.404846565425396,0.31461716604750073,0.009302752450785904,0.00328131582842891,-0.006021436622356994,continuous_direct_verified,gamma_low,0.1006071275429957,0.4254221077139358,0.26218097170625065,0.0034940248956747133,0.020575542288539805,1.1999999999999997
997,18815,0.11501541701145471,0.025,0.0,0.45774398222565654,0.29095972000979237,0.00876968534293274,0.0037733616866551366,-0.004996323656277604,continuous_direct_verified,gamma_low,0.11174069033376031,0.47720799002508046,0.24246643334149365,0.0032747266776943923,0.01946400779942392,1.2
998,10079,0.10890358914621176,0.025,0.0,0.40726903825998306,0.3201791153367067,0.007675280366079575,0.0034544634309195727,-0.004220816935160002,continuous_direct_verified,gamma_low,0.10521014622548637,0.42825235084697294,0.2668159294472556,0.00369344292072539,0.020983312586989877,1.2
999,40383,0.1120371355675161,0.025,0.0,0.4348419576883316,0.34173227300653536,0.007412358785340152,0.0038714869858684753,-0.003540871799471677,continuous_direct_verified,gamma_low,0.10821745354624411,0.45771084712512183,0.2847768941721128,0.003819682021271989,0.02286888943679022,1.2
1000,6527,0.11500104065053166,0.025,0.0,0.4451470419764519,0.5498488196129253,0.012911315468323876,0.0034727523532483403,-0.009438563115075536,continuous_direct_verified,m_low,0.11975023350784275,0.4151470419764519,0.6279764128187966,0.004749192857311096,0.02999999999999997,1.1420892260182907
1001,15855,0.11643640147522093,0.025,0.0,0.4111744724214077,0.5606582100024591,0.012862941866497552,0.0036821083664747437,-0.009180833500022807,continuous_direct_verified,m_high,0.11159175659465012,0.4411744724214077,0.4839323550868398,0.004844644880570806,0.030000000000000027,1.1585466524590016
1002,20575,0.10944434651173653,0.025,0.0,0.4160348251461983,0.5303407117525349,0.011370230044582492,0.003668614165589479,-0.007701615878993014,continuous_direct_verified,m_high,0.10487008937192757,0.4460348251461983,0.4545289362522995,0.004574257139808954,0.030000000000000027,1.1667919673614662
1003,13439,0.11538105001673103,0.025,0.0,0.40037520229816437,0.5891063037537622,0.01119480337856335,0.003479096295079923,-0.007715707083483427,continuous_direct_verified,m_high,0.11052394766008242,0.4303752022981644,0.5110191322569078,0.0048571023566486154,0.030000000000000027,1.1528067474733943
1004,32895,0.11557757505215706,0.025,0.0,0.4430960960686207,0.8384377952940447,0.007487360115190697,0.002531653094979227,-0.00495570702021147,continuous_direct_verified,m_low,0.11962575854153787,0.41309609606862074,0.9288878435934399,0.0040481834893808105,0.02999999999999997,1.1078792592689286
1005,5375,0.11336149247363211,0.025,0.0,0.4652614533901215,0.6561999442288821,0.0071497967265053775,0.0030725358193830358,-0.004077260907122342,continuous_direct_verified,m_low,0.11755228765858948,0.43526145339012146,0.7363376902936446,0.004190795184957366,0.030000000000000027,1.122123975732632
1006,38655,0.11357693197205664,0.025,0.0,0.41995969489216806,0.7459154375388077,0.00712286777230489,0.0029189771587893633,-0.004203890613515527,continuous_direct_verified,m_high,0.10940486896688402,0.449959694892168,0.6641618519231053,0.004172063005172616,0.02999999999999997,1.1230928656606547
1007,6855,0.10397281656041743,0.025,0.0,0.4368994139134884,0.6725826257638753,0.0070199875863254215,0.002740454646343732,-0.00427953293998169,continuous_direct_verified,m_low,0.10804566183836427,0.4068994139134884,0.7557981166748304,0.004072845277946838,0.030000000000000027,1.1237253055956424
1008,30783,0.11275006281211973,0.025,0.0,0.5600522741675377,0.01188949965489868,0.0031097794779240662,0.002914813371002359,-0.00019496610692170714,continuous_direct_verified,gamma_high,0.11334031722690996,0.5560261409220346,0.02224192707040361,0.0005902544147902283,0.00402613324550305,1.8707201914287077
1009,12575,0.10656851623207332,0.025,0.0,0.5762281313538551,0.012381969079686916,0.003038871640747119,0.002384739778524209,-0.0006541318622229099,continuous_direct_verified,gamma_high,0.10714856650063949,0.5721140683559489,0.023226591438249473,0.0005800502685661679,0.004114062997906176,1.875839883686478
1010,16391,0.10388333206065001,0.025,0.0,0.5603330917656422,0.01639171827695928,0.002997942098798841,0.001648093621689683,-0.001349848477109158,continuous_direct_verified,gamma_high,0.10449774802168123,0.5561665470432146,0.027983553565152867,0.00061441596103122,0.004166544722427612,1.7071763369974113
1011,12743,0.1048863034695387,0.025,0.0,0.5122257605195045,0.016208836607969457,0.0027890809695415666,0.0015965832154683822,-0.0011924977540731844,continuous_direct_verified,gamma_high,0.10553120050757861,0.5081128815304109,0.027827010074507223,0.0006448970380399099,0.004112878989093627,1.7167802197984658
1012,39135,0.11034744922071696,0.025,0.0,0.5605029836297035,0.022561137477170264,0.003609376737123452,0.001730715400871008,-0.0018786613362524443,continuous_direct_verified,gamma_high,0.11106387592090035,0.5562514908171083,0.03517799792517191,0.0007164267001833896,0.004251492812595181,1.559229802166168
1013,23839,0.10674856258556248,0.025,0.0,0.5443268686532974,0.027497769636875547,0.003426335415938402,0.0025357846547392595,-0.0008905507611991427,continuous_direct_verified,gamma_low,0.10606909656764144,0.5481634371625775,0.015137637872054112,0.0006794660179210432,0.0038365685092801582,1.8165165443440627
1014,5871,0.11610942259430887,0.025,0.0,0.5365744426846504,0.022467704435732358,0.003412021164798881,0.002561907775764175,-0.0008501133890347059,continuous_direct_verified,gamma_high,0.11692953412004178,0.5322872183828976,0.03592278292775801,0.0008201115257329139,0.004287224301752768,1.5988630716819856
1015,46695,0.1000754475593567,0.025,0.0,0.576710120588541,0.019939161764417897,0.003395136328594855,0.0033951159432600367,-2.03853348181883e-08,continuous_direct_verified,gamma_high,0.1002859117632964,0.57599999575692,0.02398832918553983,0.00021046420393970589,0.0007101248316210285,1.203076110669196
1016,41191,0.1004550417419523,0.025,0.0,0.559831253439188,0.03154464531690107,0.003232246416880764,0.003232237419537554,-8.997343210314507e-09,continuous_direct_verified,gamma_high,0.10154444342325401,0.5520000027475334,0.05248074603860006,0.0010894016813017132,0.00783125069165469,1.6636974520199088
1017,31263,0.10696386210620404,0.025,0.0,0.5666714064776898,0.032585539164598845,0.0030684458472423036,0.003068437716020748,-8.131221555449097e-09,continuous_direct_verified,gamma_high,0.10806737085503008,0.5599999974194224,0.05248074601000799,0.0011035087488260459,0.006671409058267352,1.6105532501675908
1018,34431,0.11511325323954226,0.025,0.0,0.5359605863690377,0.028028620206460658,0.0030615775060887024,0.0030615720301183807,-5.4759703217201194e-09,continuous_direct_verified,gamma_high,0.1164541909262759,0.5280000021548771,0.050118723371865855,0.0013409376867336426,0.007960584214160571,1.7881266720476443
1019,26111,0.11393324178643525,0.025,0.0,0.5683023951947689,0.02937237699227874,0.003051666223077965,0.003051664809732076,-1.4133458891077422e-09,continuous_direct_verified,gamma_high,0.11529248311507467,0.5600000010891615,0.05248074602927971,0.0013592413286394184,0.008302394105607402,1.7867381330110117
1020,4319,0.11022379002533854,0.025,0.0,0.5649840667843818,0.07482010083290563,0.004025257802865641,0.0014985595695170399,-0.0025266982333486013,continuous_direct_verified,gamma_low,0.1095114183549788,0.5695356452166364,0.06235008402742136,0.0007123716703597432,0.0045515784322545105,1.2000000000000002
1021,20743,0.103191632963717,0.025,0.0,0.5730648621916771,0.07692097884518764,0.0038117167002169874,0.0017365204503456903,-0.002075196249871297,continuous_direct_verified,gamma_high,0.10402448095747889,0.5673358207919825,0.09230517461422519,0.0008328479937618899,0.0057290413996945455,1.2000000000000002
1022,8391,0.10426798150874675,0.025,0.0,0.5242987312376499,0.07605133961502902,0.0034877976313882736,0.0015989573219509503,-0.0018888403094373233,continuous_direct_verified,gamma_high,0.10513243648138693,0.5187542529001383,0.09126160753803483,0.0008644549726401773,0.005544478337511594,1.2000000000000002
1023,25791,0.11147249145433308,0.025,0.0,0.5422879748046399,0.046854340581122034,0.0032891992367322788,0.003289182829797121,-1.6406935157697866e-08,continuous_direct_verified,gamma_high,0.11242672027823296,0.5360000038248917,0.06309573447639348,0.0009542288238998803,0.006287970979748203,1.3466358440612698
1024,8863,0.1078015777282417,0.025,0.0,0.5456591323018074,0.12710034849145366,0.005387847857152914,0.0022722037249010268,-0.0031156441322518873,continuous_direct_verified,gamma_low,0.1065827704469998,0.5537192634379449,0.10591695707621139,0.0012188072812418932,0.00806013113613746,1.2
1025,1031,0.10367203908972443,0.025,0.0,0.5694443263113499,0.12356648406506786,0.005140937826873074,0.002235727376838557,-0.002905210450034517,continuous_direct_verified,gamma_low,0.10255335158799334,0.5773276119341968,0.10297207005422324,0.0011186875017310943,0.007883285622846903,1.1999999999999997
1026,25503,0.10833073970861734,0.025,0.0,0.5710381492972374,0.10527272106380066,0.004987110757566154,0.0020223454452687637,-0.0029647653122973905,continuous_direct_verified,gamma_low,0.10734031166153621,0.5776521700745431,0.0877272675531672,0.0009904280470811322,0.0066140207773056625,1.2000000000000002
1027,36959,0.10945200994610788,0.025,0.0,0.5644246727228165,0.10814369985368653,0.004580758430256799,0.002065059367221952,-0.002515699063034847,continuous_direct_verified,gamma_low,0.10841855038321903,0.5712187932713354,0.0901197498780721,0.001033459562888847,0.0067941205485189116,1.2000000000000002
1028,18527,0.1093860906083137,0.025,0.0,0.5469072096049785,0.18813356110903043,0.007692035886592661,0.0031479551798077304,-0.004544080706784931,continuous_direct_verified,gamma_low,0.10754302297759599,0.5594123359627569,0.1567779675908587,0.001843067630717704,0.01250512635777834,1.1999999999999997
1029,28863,0.11130173085257412,0.025,0.0,0.5655116856098175,0.18103345618092162,0.007354522396357578,0.003191091609177537,-0.004163430787180041,continuous_direct_verified,gamma_low,0.10952372845437508,0.5775913529892005,0.15086121348410136,0.001778002398199044,0.012079667379383041,1.2
1030,44671,0.1151095104403794,0.025,0.0,0.5773027181625366,0.16011534483333234,0.006977416033763481,0.0030332345050874355,-0.003944181528676045,continuous_direct_verified,gamma_low,0.11349928063613021,0.5878613338927943,0.13342945402777698,0.0016102298042491858,0.010558615730257626,1.1999999999999997
1031,33663,0.11468385322950782,0.025,0.0,0.5712942615151405,0.19987351979698603,0.006532440443072712,0.0035471995590864256,-0.002985240883986286,continuous_direct_verified,gamma_low,0.1126686285938072,0.5848350930226709,0.16656126649748837,0.002015224635700613,0.013540831507530382,1.2
1032,21231,0.11606433326378467,0.025,0.0,0.5461265608668328,0.2956892189765358,0.009712137050991663,0.004464369715179496,-0.0052477673358121675,continuous_direct_verified,gamma_low,0.11302381061076916,0.5669215646677279,0.2464076824804465,0.0030405226530155066,0.020795003800895162,1.2
1033,34239,0.11198574723675848,0.025,0.0,0.5031914241611958,0.2932885122164015,0.0095155261982719,0.0040290114579681225,-0.005486514740303778,continuous_direct_verified,gamma_low,0.10895253157947529,0.5233281510165795,0.24440709351366793,0.003033215657283192,0.020136726855383702,1.2
1034,28143,0.11648625396192075,0.025,0.0,0.49877284169197084,0.2853934641375989,0.009117150846253615,0.004056374917575364,-0.005060775928678251,continuous_direct_verified,gamma_low,0.11339533792517047,0.5182700285669853,0.23782788678133246,0.0030909160367502825,0.019497186875014505,1.2
1035,37359,0.11633253865875305,0.025,0.0,0.5137272976338864,0.2590755479135823,0.00898200220523484,0.00391308660890361,-0.00506891559633123,continuous_direct_verified,gamma_low,0.11356093431326977,0.5313680990983789,0.2158962899279853,0.002771604345483278,0.01764080146449254,1.1999999999999997
1036,33007,0.11564126312732698,0.025,0.0,0.5009223848581315,0.5520857676123508,0.009724448707562996,0.003666382633790525,-0.006058066073772472,continuous_direct_verified,m_low,0.119855202699687,0.4709223848581314,0.6264515295431456,0.00421393957236002,0.030000000000000027,1.1346996540997794
1037,33511,0.10080882664769888,0.025,0.0,0.5657966658473015,0.5000327110257865,0.009372551068281236,0.003714220243992414,-0.005658330824288823,continuous_direct_verified,m_low,0.10419469672715968,0.5357966658473015,0.5697127433069548,0.003385870079460798,0.030000000000000027,1.1393509479374337
1038,18431,0.1142844674177468,0.025,0.0,0.5623064637184143,0.5352513634475776,0.009324819588134513,0.00389301383828302,-0.005431805749851493,continuous_direct_verified,m_low,0.11806726417640391,0.5323064637184143,0.6056734278523179,0.0037827967586571143,0.030000000000000027,1.1315682111506427
1039,42111,0.1153571539092809,0.025,0.0,0.5427072711288929,0.561672331028379,0.009192779911463136,0.0037275781568543837,-0.005465201754608752,continuous_direct_verified,m_low,0.11923548682208941,0.5127072711288929,0.6336780130938756,0.0038783329128085076,0.030000000000000027,1.1281987345427178
1040,23271,0.10074396231211723,0.025,0.0,0.5455211736261845,0.9648881118682279,0.009306844028892224,0.002226320359602606,-0.007080523669289618,continuous_direct_verified,m_high,0.09811792012548366,0.5755211736261845,0.8851570148773119,0.002626042186633565,0.030000000000000027,1.0900756539809688
1041,33159,0.10237697330303491,0.025,0.0,0.5351530931890011,0.9901198468813499,0.008779053269302391,0.002194608743575929,-0.006584444525726462,continuous_direct_verified,m_high,0.09970145107371266,0.5651530931890011,0.9086262022338947,0.0026755222293222553,0.030000000000000027,1.089688856041241
1042,15743,0.11478011435829104,0.025,0.0,0.5439762517809867,0.8521446366226708,0.008569848892330412,0.0026053767219382847,-0.005964472170392128,continuous_direct_verified,m_low,0.1180576577763655,0.5139762517809867,0.9332026813965549,0.003277543418074458,0.030000000000000027,1.0951224021019996
1043,46983,0.10258751483634115,0.025,0.0,0.5637970559298993,0.7098803977553351,0.008060613817335806,0.0028228016549767033,-0.005237812162359103,continuous_direct_verified,m_low,0.1056545148844517,0.5337970559298992,0.7843721042510023,0.0030670000481105436,0.030000000000000027,1.104935573275741
1044,17247,0.10911032655276359,0.025,0.0,0.6322279118001461,0.015564195669911454,0.0034807213684575926,0.0019463834047700654,-0.0015343379636875271,continuous_direct_verified,gamma_high,0.10970286198366175,0.6281139575290756,0.02664734618718566,0.0005925354308981556,0.00411395427107053,1.7120927256588043
1045,12015,0.116175623703748,0.025,0.0,0.6402698174118996,0.016544662090093552,0.0034334082692493496,0.0017559507131640476,-0.001677457556085302,continuous_direct_verified,gamma_high,0.1168342165959521,0.63613490923245,0.02811380147759152,0.0006585928922041018,0.0041349081794496145,1.699267191103602
1046,17287,0.10260314610786737,0.025,0.0,0.6558234833180905,0.011902247611867164,0.003313675057408338,0.0020064078768407792,-0.0013072671805675587,continuous_direct_verified,gamma_high,0.10311669755027768,0.6519117434540355,0.022253847804315767,0.0005135514424103038,0.003911739864055019,1.8697181011532238
1047,39143,0.10053499140776695,0.025,0.0,0.6639119483530521,0.011730872942002755,0.0032902707919592955,0.0021113059246872902,-0.0011789648672720053,continuous_direct_verified,gamma_high,0.10103684796183048,0.6599559761159117,0.02209305575310097,0.0005018565540635261,0.003955972237140393,1.883325807237763
1048,8095,0.10845290203578771,0.025,0.0,0.6643939331173897,0.01959301922342544,0.0036247516860386914,0.0021212489008801787,-0.0015035027851585127,continuous_direct_verified,gamma_high,0.10911207211685173,0.6601969650490075,0.03203622279349302,0.0006591700810640172,0.004196968068382212,1.6350835176638048
1049,10111,0.11447022994980217,0.025,0.0,0.6482323862612247,0.02007313445617983,0.003585882144966956,0.002283578468177985,-0.0013023036767889707,continuous_direct_verified,gamma_high,0.11516571780929152,0.6441161911267269,0.03242636148031506,0.0006954878594893493,0.004116195134497791,1.6154109638981715
1050,37759,0.11473082401789726,0.025,0.0,0.6085434079170227,0.02463414138972543,0.003550340030854383,0.0024683091050630482,-0.001082030925791335,continuous_direct_verified,gamma_high,0.11547889108172954,0.6042717014692895,0.03761485030657198,0.0007480670638322778,0.004271706447733115,1.5269397748224596
1051,1007,0.11652818708680572,0.025,0.0,0.6079853892326355,0.02041012311871666,0.0034935113593752226,0.0024653719889072166,-0.001028139370468006,continuous_direct_verified,gamma_high,0.11724589445067579,0.6039926919740533,0.03269741618456806,0.000717707363870071,0.003992697258582201,1.6020195465937002
1052,41919,0.11154269869439305,0.025,0.0,0.6319702498614788,0.02953396195888379,0.003512763836020545,0.0035127592607315226,-4.575289022212131e-09,continuous_direct_verified,gamma_high,0.11282216426550835,0.6239999979104205,0.05248074601180953,0.0012794655711153013,0.007970251951058271,1.7769626061302408
1053,22527,0.11426048316061498,0.025,0.0,0.6237751021981239,0.03727348239256617,0.003369608555640264,0.0033696084081045125,-1.4753575141093767e-10,continuous_direct_verified,gamma_low,0.11294796203671431,0.6320000003703351,0.013803842646300675,0.0013125211239006646,0.00822489817221117,2.7002251001865183
1054,14407,0.105690038157627,0.025,0.0,0.6638281233608723,0.04052564207117661,0.003313280323320851,0.0033132799783576637,-3.4496318735560694e-10,continuous_direct_verified,gamma_low,0.10450880699582295,0.6720000005503142,0.01737800828801604,0.0011812311618040472,0.0081718771894419,2.332007293328505
1055,16447,0.11281630024313928,0.025,0.0,0.6636925503611565,0.0308457044494533,0.0032583912662351015,0.003258389912963579,-1.353271522619437e-09,continuous_direct_verified,gamma_high,0.1140191652279056,0.6559999989034886,0.052480746017094876,0.001202864984766322,0.0076925514576678955,1.7013956060914353
1056,9567,0.10868407506495716,0.025,0.0,0.6282952159643174,0.07303471384040669,0.004215012742610102,0.0018752383683264485,-0.002339774374283653,continuous_direct_verified,gamma_high,0.10948893332401409,0.6227877073674475,0.08764165660848805,0.0008048582590569342,0.005507508596869881,1.2000000000000004
1057,3583,0.11395219494588674,0.025,0.0,0.6453803479671478,0.06668080633389482,0.00411284185573707,0.0018366100008102878,-0.002276231854926782,continuous_direct_verified,gamma_high,0.11471413289886077,0.6403677803321521,0.0800169676006738,0.0007619379529740372,0.0050125676349956905,1.2000000000000002
1058,46151,0.10586150521412493,0.025,0.0,0.5966653853654862,0.07287486049226104,0.003884010645032335,0.0017509140593774284,-0.0021330965856549066,continuous_direct_verified,gamma_high,0.10665721548157786,0.5912234726629952,0.08744983259071326,0.0007957102674529259,0.0054419127024909475,1.2000000000000002
1059,23039,0.11406157766468825,0.025,0.0,0.598738007247448,0.07186146116491032,0.0035724547347831246,0.0015622856363354855,-0.002010169098447639,continuous_direct_verified,gamma_low,0.11336877465977378,0.6031466795951907,0.05988455097075859,0.0006928030049144634,0.004408672347742781,1.2000000000000002
1060,16319,0.11169032454490663,0.025,0.0,0.6650705873966217,0.12398614926453955,0.00526135765566779,0.0027231897081989127,-0.0025381679474688777,continuous_direct_verified,gamma_low,0.11054106340652912,0.673229144213341,0.10332179105378296,0.0011492611383775025,0.008158556816719287,1.2
1061,16367,0.11665648720227183,0.025,0.0,0.6275132574141026,0.07763690409073155,0.004753928460128345,0.0017781318208855887,-0.0029757966392427566,continuous_direct_verified,gamma_low,0.11590071087131143,0.6323381523784728,0.06469742007560962,0.0007557763309603976,0.004824894964370219,1.2000000000000002
1062,19007,0.11306355143897237,0.025,0.0,0.6045840494334698,0.09196656874967064,0.004638256289955028,0.0019537592181545394,-0.002684497071800489,continuous_direct_verified,gamma_low,0.11218198821417041,0.6103520614993134,0.07663880729139219,0.0008815632248019567,0.005768012065843653,1.2000000000000002
1063,42463,0.11070318738929928,0.025,0.0,0.6292375698685646,0.10951772256921989,0.004628214135550899,0.002319112077966755,-0.002309102057584144,continuous_direct_verified,gamma_low,0.1096838741541691,0.6362838109509228,0.09126476880768322,0.001019313235130187,0.0070462410823581845,1.2000000000000002
1064,36383,0.10701585630886258,0.025,0.0,0.6527705572545528,0.19444590008321172,0.007778256533898735,0.0036943703814753307,-0.004083886152423404,continuous_direct_verified,gamma_low,0.10526965882209159,0.6662991205970757,0.16203825006934314,0.0017461974867709895,0.013528563342522948,1.1999999999999997
1065,5247,0.11540485322475434,0.025,0.0,0.6419345684349537,0.21301253116998303,0.0075319065958836355,0.004124219563705305,-0.0034076870321783307,continuous_direct_verified,gamma_low,0.11333245779991014,0.6568924542223102,0.17751044264165255,0.002072395424844206,0.014957885787356573,1.1999999999999997
1066,10215,0.10155021520331503,0.025,0.0,0.5905002444982529,0.2045462177251668,0.007206549673234443,0.003374314443887482,-0.0038322352293469605,continuous_direct_verified,gamma_low,0.09974771993420058,0.6045039388976834,0.17045518143763902,0.0018024952691144541,0.0140036943994305,1.1999999999999997
1067,17727,0.11236680322326721,0.025,0.0,0.6287136420607566,0.18322883881082053,0.006627646328049066,0.0035562746267252063,-0.00307137170132386,continuous_direct_verified,gamma_low,0.110619283765885,0.6412580645118143,0.15269069900901713,0.0017475194573822184,0.01254442245105769,1.1999999999999997
1068,19423,0.11059298967011275,0.025,0.0,0.6424049653112889,0.2456746057776186,0.00948497831512117,0.004396594314182386,-0.005088384000938784,continuous_direct_verified,gamma_low,0.1083093204397585,0.6600216403922538,0.2047288381480155,0.0022836692303542516,0.017616675080964872,1.2
1069,34031,0.11587246814742685,0.025,0.0,0.641779238730669,0.3147601944068641,0.008961718663714587,0.005281275778567574,-0.003680442885147013,continuous_direct_verified,gamma_low,0.11284796655329372,0.6651544161237458,0.2623001620057201,0.0030245015941331305,0.023375177393076818,1.2
1070,35039,0.11028670137748123,0.025,0.0,0.6225575804710388,0.2805455770395825,0.008874268832971727,0.004642094980774017,-0.0042321738521977105,continuous_direct_verified,gamma_low,0.10767447069405083,0.6428870783025444,0.23378798086631875,0.0026122306834304027,0.020329497831505616,1.2
1071,9191,0.10130990855395794,0.025,0.0,0.6558688290417194,0.355848663006212,0.008407310504452786,0.005072062533925664,-0.0033352479705271226,continuous_direct_verified,m_low,0.10461956555464569,0.6258688290417194,0.4214758908985201,0.003309657000687749,0.030000000000000027,1.1844245453611906
1072,25151,0.11305765840224923,0.025,0.0,0.6571625627577304,0.48895231068974737,0.009540787862225177,0.004400102048316412,-0.005140685813908765,continuous_direct_verified,m_low,0.11645876032300118,0.6271625627577304,0.5543284157221746,0.0034011019207519505,0.030000000000000027,1.13370650593757
1073,47039,0.11181401978246869,0.025,0.0,0.6602239608764648,0.37239393468213666,0.009532369882128426,0.005341629633576938,-0.0041907402485514885,continuous_direct_verified,m_low,0.11541441406781991,0.6302239608764648,0.4377395636909704,0.0036003942853512216,0.030000000000000027,1.1754744718509194
1074,5607,0.10115430871956052,0.025,0.0,0.6459622718393803,0.46186398890711,0.009507148847311762,0.004176438558483865,-0.005330710288827897,continuous_direct_verified,m_low,0.10428439447572993,0.6159622718393802,0.5275424721803058,0.0031300857561694095,0.030000000000000027,1.1422030832683192
1075,19015,0.10609209584072234,0.025,0.0,0.6447226293385029,0.4137331544147435,0.009401020955561369,0.004707169114090465,-0.004693851841470904,continuous_direct_verified,m_low,0.10947852165291705,0.6147226293385029,0.4794490608448308,0.0033864258121947127,0.030000000000000027,1.1588364522612342
1076,3311,0.11583100971765818,0.025,0.0,0.633710814267397,0.9534052520293683,0.01306758874931516,0.0025665816216101666,-0.010501007127704994,continuous_direct_verified,m_high,0.11311103929654037,0.663710814267397,0.8801999279161231,0.0027199704211178094,0.030000000000000027,1.08316897308383
1077,9887,0.1078953815624118,0.025,0.0,0.6110521607100964,0.6987846206630972,0.009872000108602692,0.0030480083493578205,-0.006823991759244872,continuous_direct_verified,m_low,0.11093291570492322,0.5810521607100964,0.7699264502824705,0.0030375341425114277,0.030000000000000027,1.1018079498542266
1078,22367,0.10893976711668076,0.025,0.0,0.6599434345960618,0.7194669225307919,0.009180562673301883,0.003043194729719758,-0.006137367943582125,continuous_direct_verified,m_low,0.11180123263249879,0.6299434345960617,0.7883527492026712,0.0028614655158180347,0.030000000000000027,1.0957456479438512
1079,3647,0.11316385460086167,0.025,0.0,0.6125135324895382,0.6964368027521073,0.00859196327556526,0.003180955704672829,-0.00541100757089243,continuous_direct_verified,m_low,0.11634797823573172,0.5825135324895382,0.7674334790976612,0.0031841236348700425,0.030000000000000027,1.1019427406262803
1080,42479,0.11637805881910028,0.025,0.0,0.7513670809566975,0.01182594166147832,0.0038122423014158263,0.002575166385368896,-0.0012370759160469304,continuous_direct_verified,gamma_high,0.11688885135985287,0.7476835433986535,0.021184025434658534,0.0005107925407525915,0.003683537558043959,1.7913182764686828
1081,27359,0.10994044914841652,0.025,0.0,0.7519609190523624,0.011361238564841048,0.0037494239340856413,0.0029710245616922162,-0.0007783993723934251,continuous_direct_verified,gamma_high,0.1104493015316919,0.7479804628928081,0.021247285949122986,0.0005088523832753739,0.003980456159554335,1.8701557781627527
1082,47519,0.10801218994893134,0.025,0.0,0.7202508293092251,0.012319212385108027,0.003702635862338138,0.0035926567687764497,-0.00010997909356168841,continuous_direct_verified,gamma_low,0.10790038172441153,0.7202508340907204,0.010266010320923355,0.00011180822451981043,4.781495310801631e-09,1.2000000000000002
1083,25343,0.11384959933348002,0.025,0.0,0.7119670547544956,0.012169200305777523,0.003626363889766881,0.0024362969543522592,-0.0011900669354146217,continuous_direct_verified,gamma_high,0.1144078010267424,0.7079835299157772,0.02250202707503473,0.0005582016932623862,0.003983524838718444,1.8490966135508125
1084,35391,0.11307462630793454,0.025,0.0,0.7524871595203877,0.019018662501580758,0.0041148315144203685,0.0019876717714058124,-0.002127159743014556,continuous_direct_verified,gamma_high,0.11370918051652194,0.7482435798786532,0.03084470413800005,0.0006345542085874067,0.004243579641734496,1.621812476846695
1085,33599,0.11254437579773367,0.025,0.0,0.69618586525321,0.026510514073498807,0.004023627147407264,0.002862703050189294,-0.0011609240972179696,continuous_direct_verified,gamma_high,0.11322899654219266,0.6920929296498627,0.039021117040554214,0.0006846207444589913,0.004092935603347336,1.471910990951383
1086,3487,0.10830025067552926,0.025,0.0,0.7365005776286124,0.017536814938859977,0.003930408560248093,0.0019494561146896792,-0.001980952445558414,continuous_direct_verified,gamma_high,0.10892374484265796,0.7322502884406598,0.02961869929169837,0.000623494167128702,0.004250289187952672,1.6889440525523276
1087,45575,0.10348437973298133,0.025,0.0,0.7521816417574883,0.024297454264188965,0.003851716880890746,0.0024021142332222188,-0.0014496026476685272,continuous_direct_verified,gamma_high,0.10408840881346296,0.7480908190502342,0.03650656825058451,0.0006040290804816273,0.004090822707254027,1.5024853161012042
1088,35711,0.11463816431351007,0.025,0.0,0.7268654622137547,0.04032200659829905,0.00377652090878548,0.003776507895797209,-1.301298827071154e-08,continuous_direct_verified,gamma_high,0.1155874417973883,0.7200000036653407,0.05754399375624672,0.0009492774838782275,0.006865458548414027,1.4271113620291447
1089,6463,0.11223214711062612,0.025,0.0,0.7199900083243846,0.04108738184153807,0.0035036976910833464,0.0035036962649244983,-1.4261588481348508e-09,continuous_direct_verified,gamma_high,0.11343280907366911,0.7119999988380203,0.06309573443555203,0.0012006619630429843,0.007990009486364302,1.5356474812363001
1090,28223,0.11313788271509112,0.025,0.0,0.7034117095172405,0.04412025492335294,0.0034785326884914313,0.00347852490582267,-7.782668761183165e-09,continuous_direct_verified,gamma_high,0.11418139268352985,0.6960000027113485,0.06309573446748748,0.00104350996843873,0.007411706805891982,1.430085446629883
1091,14215,0.10258299238048495,0.025,0.0,0.7428453683853149,0.03517711353313378,0.003477568611338538,0.0034775596660445896,-8.945293948278699e-09,continuous_direct_verified,gamma_high,0.1034313474868166,0.7360000028441895,0.05248074603930969,0.0008483551063316469,0.006845365541125359,1.491900294487704
1092,17215,0.11253814706578852,0.025,0.0,0.7483849622309208,0.07343806124817566,0.004846524326010587,0.0022595505687336578,-0.0025869737572769293,continuous_direct_verified,gamma_high,0.1133409715737086,0.7427105824526641,0.08812567349781081,0.0008028245079200746,0.0056743797782566885,1.2000000000000002
1093,743,0.10080431816168131,0.025,0.0,0.7400599308311939,0.07550097480670578,0.004600656031657333,0.004600656031657333,0.0,verified_grid,gamma_low,0.09927325490546443,0.752,0.04365158322401661,0.0015310632562168802,0.011940069168806078,1.7296274093711679
1094,25159,0.10597004750743509,0.025,0.0,0.6920277677476406,0.07177945447220391,0.004574793283404821,0.0019732351644389107,-0.0026015581189659104,continuous_direct_verified,gamma_high,0.1067207522168562,0.6865412728399902,0.0861353453666447,0.00075070470942111,0.005486494907650408,1.2000000000000002
1095,33519,0.11600769185461106,0.025,0.0,0.7346315696835517,0.07602146608455376,0.004469612022006002,0.0019966283555865262,-0.0024729836664194754,continuous_direct_verified,gamma_low,0.11529948050052055,0.7394497827131314,0.06335122173712812,0.0007082113540905072,0.004818213029579743,1.2000000000000002
1096,11783,0.1033367524854839,0.025,0.0,0.7448630221188068,0.11261067484396935,0.0060947328173949974,0.0026074872050408926,-0.003487245612354105,continuous_direct_verified,gamma_low,0.10239719700002052,0.7523024479071138,0.0938422290366411,0.0009395554854633725,0.007439425788306919,1.2000000000000002
1097,44543,0.11397148603573443,0.025,0.0,0.6818336680531502,0.11754330531331447,0.005997219531490475,0.0027040687492339,-0.0032931507822565745,continuous_direct_verified,gamma_low,0.11286791997168996,0.6895385272560893,0.09795275442776205,0.0011035660640444644,0.007704859202939174,1.2000000000000002
1098,8255,0.11282625263556839,0.025,0.0,0.754587884247303,0.11545478674878185,0.005805622398550962,0.0028832310639643416,-0.0029223913345866204,continuous_direct_verified,gamma_low,0.1117765479220969,0.7622550200685287,0.09621232229065152,0.0010497047134714887,0.00766713582122569,1.2000000000000002
1099,24895,0.11215006117708982,0.025,0.0,0.7291108354926109,0.11641149793960665,0.005662453825684815,0.00280603922226828,-0.0028564146034165353,continuous_direct_verified,gamma_low,0.11109090851515452,0.7368141440185447,0.09700958161633885,0.0010591526619353059,0.007703308525933816,1.2000000000000002
1100,34823,0.10377050535753371,0.025,0.0,0.6897824168205261,0.20676446479417734,0.007978892951474508,0.003947931485791797,-0.004030961465682711,continuous_direct_verified,gamma_low,0.1019973403859507,0.7044735746662458,0.17230372066181449,0.0017731649715830161,0.014691157845719727,1.1999999999999997
1101,15167,0.11247372739017011,0.025,0.0,0.7009630471467971,0.2059587645183607,0.007636735555269061,0.004251412122520566,-0.003385323432748495,continuous_direct_verified,gamma_low,0.11056684238063726,0.7156342655577302,0.17163230376530061,0.0019068850095328577,0.014671218410933107,1.1999999999999997
1102,39359,0.11184263769537212,0.025,0.0,0.7193756647408008,0.19467415420973105,0.007423502583388647,0.004155058424761741,-0.0032684441586269056,continuous_direct_verified,gamma_low,0.11006053159172426,0.733187472677352,0.16222846184144257,0.0017821061036478597,0.013811807936551124,1.1999999999999997
1103,29167,0.11634540697559716,0.025,0.0,0.6771152734756469,0.19308812917650767,0.007289686531236447,0.004046583529655828,-0.003243103001580619,continuous_direct_verified,gamma_low,0.11447941631081239,0.6906415798134564,0.1609067743137564,0.0018659906647847668,0.01352630633780949,1.1999999999999997
1104,31463,0.10072217914275826,0.025,0.0,0.7121690273284912,0.26714792283364386,0.010482019548378465,0.004685725346885346,-0.005796294201493119,continuous_direct_verified,gamma_low,0.09852935907582568,0.7320509439752141,0.22262326902803659,0.0021928200669325826,0.019881916646722897,1.1999999999999997
1105,40175,0.1157842385582626,0.025,0.0,0.7234100311994552,0.3169908840415808,0.010424710519128251,0.00583674901239548,-0.004587961506732771,continuous_direct_verified,gamma_low,0.11283603845271539,0.7477372618081585,0.26415907003465067,0.002948200105547208,0.024327230608703232,1.2000000000000002
1106,25759,0.10766357821412385,0.025,0.0,0.7022027790546417,0.25410650309490196,0.009984180147696574,0.004735660001389177,-0.005248520146307397,continuous_direct_verified,gamma_low,0.10542215821233164,0.7209136292792848,0.21175541924575164,0.002241420001792213,0.01871085022464314,1.2
1107,13255,0.10451988116838039,0.025,0.0,0.727234062552452,0.25890326936673524,0.009792886572752338,0.004815998200462926,-0.004976888372289412,continuous_direct_verified,gamma_low,0.10232202595141336,0.746503789779509,0.2157527244722794,0.0021978552169670262,0.019269727227057,1.2
1108,40991,0.10726419184356929,0.025,0.0,0.7174344971776009,0.3712229069373262,0.010537595507579212,0.005385355706080926,-0.005152239801498286,continuous_direct_verified,m_low,0.11054393515807928,0.6874344971776009,0.4347502123985425,0.003279743314509989,0.030000000000000027,1.1711298098097747
1109,31327,0.10972246490418912,0.025,0.0,0.691435168683529,0.4363918209155436,0.00966668480723159,0.004791256991192797,-0.004875427816038794,continuous_direct_verified,m_low,0.11301549074496729,0.6614351686835289,0.5003537420533165,0.0032930258407781743,0.030000000000000027,1.1465699357141519
1110,35231,0.10805996065028013,0.025,0.0,0.6981020361185074,0.4817391726590867,0.009626221495350392,0.004394807753011817,-0.005231413742338575,continuous_direct_verified,m_low,0.11119206569485646,0.6681020361185074,0.5454641747956606,0.003132105044576325,0.030000000000000027,1.1322811300248365
1111,35007,0.1113616303075105,0.025,0.0,0.7065950736403466,0.4149130429281857,0.009478829845079837,0.0050838813587223974,-0.00439494848635744,continuous_direct_verified,m_low,0.11470267477592233,0.6765950736403465,0.47842582910730086,0.0033410444684118246,0.030000000000000027,1.1530749328362477
1112,20583,0.10021325442939998,0.025,0.0,0.7064254559576512,0.88734142787296,0.011642878423188216,0.002312914985768176,-0.00932996343742004,continuous_direct_verified,m_low,0.10251336403339727,0.6764254559576511,0.9581865323592582,0.0023001096039972913,0.030000000000000027,1.079839735034259
1113,36591,0.11619291570968927,0.025,0.0,0.6758877635002136,0.9052951387986612,0.011201784084723873,0.002551890712348347,-0.008649893372375525,continuous_direct_verified,m_low,0.1189163392847933,0.6458877635002136,0.9785139239537171,0.0027234235751040226,0.030000000000000027,1.0808783589098006
1114,43647,0.11530859433114529,0.025,0.0,0.6676957346498966,0.9210102462831383,0.008621330527229458,0.002487661234867469,-0.006133669292361988,continuous_direct_verified,m_low,0.11801365288932225,0.6376957346498966,0.9952726917255604,0.0027050585581769593,0.030000000000000027,1.0806315084355667
1115,19999,0.10700932247564197,0.025,0.0,0.7042823411524296,0.9318343966054558,0.008337669231360187,0.0024797770743378187,-0.005857892157022368,continuous_direct_verified,m_high,0.10463763132651593,0.7342823411524296,0.8631657871466373,0.00237169114912604,0.030000000000000027,1.0795543689072942
1116,37248,0.11509891012683512,0.025,0.0,0.8397023431956767,0.0156353313420172,0.003941165274282141,0.002110383157839853,-0.001830782116442288,continuous_direct_verified,gamma_high,0.1156599572544782,0.8358511726490955,0.02610021997555262,0.0005610471276430717,0.0038511705465812396,1.6693103206206363
1117,26351,0.11607323680073024,0.025,0.0,0.7837131291627883,0.010364736088823092,0.0038858537611476717,0.0032120236376288903,-0.0006738301235187814,continuous_direct_verified,gamma_high,0.11658372835809408,0.7798565685156933,0.01983214765861941,0.0005104915573638374,0.003856560647095053,1.9134252419611135
1118,19704,0.10297632939182223,0.025,0.0,0.8164398446679115,0.014655736724805458,0.0038287967256717824,0.003828775275396537,-2.1450275245263328e-08,continuous_direct_verified,gamma_high,0.10315376125522935,0.8159999953660811,0.018197008583107577,0.00017743186340711536,0.0004398493018303862,1.2416304225981603
1119,23071,0.10697640953585506,0.025,0.0,0.7753938451409339,0.011802410711812416,0.003660641869498623,0.001964639489358037,-0.001696002380140586,continuous_direct_verified,gamma_high,0.10747029264285596,0.7716969239744896,0.021655887408956357,0.0004938831070008948,0.003696921166444267,1.8348698361498395
1120,11280,0.11654943213798107,0.025,0.0,0.8091482855379581,0.024242127593057806,0.004870478345123624,0.001957075581700446,-0.0029134027634231782,continuous_direct_verified,gamma_low,0.11600344222807588,0.8125741436745552,0.014213294127493632,0.0005459899099051896,0.0034258581365970153,1.7055952951937299
1121,120,0.10247152117080988,0.025,0.0,0.8248726785182953,0.022424940925203012,0.004384709787565778,0.002178778868618609,-0.002205930918947169,continuous_direct_verified,gamma_high,0.10308112399411835,0.8204363386723669,0.035071656331364505,0.0006096028233084777,0.004436339845928394,1.563957579569276
1122,35904,0.11156251211650671,0.025,0.0,0.8323274627327919,0.021532886092731907,0.004316175376776299,0.0023099422519212774,-0.0020062331248550213,continuous_direct_verified,gamma_high,0.1121944848550703,0.828163730351077,0.03358472097552999,0.0006319727385635937,0.0041637323817148575,1.5596943591721313
1123,33976,0.10537620056420566,0.025,0.0,0.8082231119275093,0.026616518689378435,0.004222550750774373,0.0028391579140347556,-0.001383392836739617,continuous_direct_verified,gamma_high,0.10600015258793229,0.8041115535506573,0.03909905389007068,0.0006239520237266288,0.004111558376851954,1.468977004332032
1124,14400,0.11177806267514825,0.025,0.0,0.8235911481082439,0.030511493499231174,0.004033743276484104,0.004033736210191904,-7.0662921998129735e-09,continuous_direct_verified,gamma_high,0.11281020422864055,0.8160000027736348,0.050118723374583646,0.001032141553492294,0.0075911453346090285,1.6426178343530293
1125,29024,0.10798032488673927,0.025,0.0,0.8402278207242488,0.02968606950665559,0.00401742375731023,0.0040174233085408925,-4.487693376631352e-10,continuous_direct_verified,gamma_high,0.10914379953316458,0.8319999993088155,0.05248074601841327,0.0011634746464253137,0.008227821415433323,1.7678576817536298
1126,22239,0.1097755301743746,0.025,0.0,0.7840259730815887,0.04321646721021694,0.003794122536989257,0.003794122179721614,-3.572676429870747e-10,continuous_direct_verified,gamma_low,0.10862558025739169,0.7920000006028696,0.020892961309456858,0.0011499499169829036,0.007974027521280846,2.068470168977708
1127,3839,0.11367187756113709,0.025,0.0,0.7675726555287838,0.02798274069052473,0.003735500369202525,0.0036880574945749173,-4.744287462760772e-05,continuous_direct_verified,gamma_high,0.11433162926152529,0.763786323502914,0.04008997144011739,0.0006597517003882059,0.003786332025869865,1.4326677963210481
1128,4800,0.1122865224722773,0.025,0.0,0.8199971511960029,0.07742104980809651,0.0054307253419710174,0.0025580544706859287,-0.0028726708712850887,continuous_direct_verified,gamma_high,0.11312017816292688,0.8139459536408276,0.09290525976971584,0.0008336556906495818,0.006051197555175358,1.2000000000000002
1129,19808,0.10785174090415241,0.025,0.0,0.8206633374094963,0.06758422834901111,0.005195394058763194,0.005195391476614044,-2.582149149880919e-09,continuous_direct_verified,gamma_low,0.1063590004883716,0.8319999981202494,0.03801893962843996,0.001492740415780805,0.011336660710753121,1.777646326002604
1130,31711,0.11064075925387443,0.025,0.0,0.7642535641789436,0.07109489228960932,0.005031230800076844,0.002207419264169178,-0.0028238115359076658,continuous_direct_verified,gamma_high,0.11140129078620406,0.7587670820362399,0.08531387074753119,0.0007605315323296336,0.0054864821427037525,1.2000000000000002
1131,26048,0.11312012900598348,0.025,0.0,0.8033784285187722,0.07205852661321101,0.004994625320578423,0.002372915983002429,-0.002621709337575994,continuous_direct_verified,gamma_high,0.11390248493814804,0.7977993606211978,0.08647023193585322,0.0007823559321645662,0.005579067897574341,1.2000000000000002
1132,14431,0.10934990481473507,0.025,0.0,0.7953037865459919,0.12896121254935222,0.006319334152997994,0.0032273316519060326,-0.0030920025010919613,continuous_direct_verified,gamma_low,0.10822097834781251,0.8040287836929582,0.10746767712446019,0.0011289264669225585,0.008724997146966285,1.2
1133,3719,0.10196828776970507,0.025,0.0,0.7832965232431888,0.1254546939301515,0.006112524101846581,0.002948187609626095,-0.003164336492220486,continuous_direct_verified,gamma_low,0.10094234431065033,0.7917484319330151,0.10454557827512624,0.00102594345905474,0.00845190868982637,1.2
1134,46080,0.11440024147741498,0.025,0.0,0.8159351430833339,0.12847449352060653,0.005757684281308419,0.003404812985960697,-0.0023528712953477223,continuous_direct_verified,gamma_low,0.11322787510220808,0.8246364367228659,0.10706207793383879,0.0011723663752069013,0.008701293639531982,1.1999999999999997
1135,15391,0.10741181797347964,0.025,0.0,0.7859091974794865,0.09850695384595448,0.005756410852545215,0.0025092829348064695,-0.0032471279177387455,continuous_direct_verified,gamma_low,0.1065673677197231,0.7923446677982041,0.08208912820496206,0.0008444502537565401,0.0064354703187176066,1.2000000000000002
1136,11032,0.10062618944793941,0.025,0.0,0.8342954449355602,0.2111979250987387,0.009068068840082122,0.00457383212222875,-0.004494236717853373,continuous_direct_verified,gamma_low,0.0989313873690958,0.8498343770804332,0.1759982709156156,0.0016948020788436075,0.015538932144873008,1.2
1137,35224,0.10006717406213284,0.025,0.0,0.8391219213604927,0.1934537837405644,0.008015265784265124,0.004302558912302985,-0.0037127068719621393,continuous_direct_verified,gamma_low,0.09852344563600386,0.8531414652431306,0.16121148645047037,0.0015437284261289735,0.01401954388263793,1.1999999999999997
1138,13575,0.10310326367616654,0.025,0.0,0.7980728022754192,0.21024055532723962,0.007831522760299268,0.004484015876860894,-0.0033475068834383746,continuous_direct_verified,gamma_low,0.10136395490013582,0.8134443300974765,0.1752004627726997,0.0017393087760307208,0.015371527822057307,1.1999999999999997
1139,24960,0.11505822869949044,0.025,0.0,0.812770365178585,0.16776225523657293,0.007829483367776734,0.004210732366725324,-0.0036187510010514106,continuous_direct_verified,gamma_low,0.11351297666479887,0.8246020509914913,0.13980187936381078,0.001545252034691566,0.011831685812906279,1.2
1140,15871,0.11398165398277343,0.025,0.0,0.7737789444625378,0.26191944172542103,0.011771667576087904,0.005461028495679251,-0.0063106390804086535,continuous_direct_verified,gamma_low,0.11158713509818019,0.7935753865187591,0.2182662014378509,0.002394518884593244,0.01979644205622133,1.2
1141,9184,0.1073984340298921,0.025,0.0,0.8062574736773968,0.2607561970585665,0.011297719570107367,0.005370983440998584,-0.005926736129108783,continuous_direct_verified,gamma_low,0.10516639602839958,0.8260900999700012,0.2172968308821388,0.00223203800149252,0.019832626292604405,1.1999999999999997
1142,3264,0.11251167310401798,0.025,0.0,0.8314278572797775,0.3228494603466538,0.010678474509737182,0.006424196224025971,-0.004254278285711211,continuous_direct_verified,gamma_low,0.10966561294064085,0.8570554714508469,0.2690412169555449,0.0028460601633771287,0.0256276141710694,1.1999999999999997
1143,9312,0.10840507517568768,0.025,0.0,0.8422721207141877,0.357609053669594,0.010547655846437685,0.00602319660443614,-0.004524459242001545,continuous_direct_verified,m_low,0.11148887577881186,0.8122721207141876,0.41820191116178584,0.003083800603124187,0.030000000000000027,1.169438823962705
1144,45151,0.10946408575400711,0.025,0.0,0.7809608645737172,0.39793753620098143,0.010842466566510715,0.005407799466856972,-0.005434667099653743,continuous_direct_verified,m_low,0.11260038446974385,0.7509608645737171,0.4593814637011753,0.0031362987157367433,0.030000000000000027,1.1544059605102472
1145,5319,0.10442393491975964,0.025,0.0,0.7618894033133983,0.40274429453289606,0.01020680901187424,0.005104252670128952,-0.005102556341745288,continuous_direct_verified,m_low,0.10744259804598832,0.7318894033133982,0.4646012174439965,0.003018663126228685,0.030000000000000027,1.1535885765503948
1146,34528,0.10667533366940916,0.025,0.0,0.8374425448477267,0.3921959751384627,0.010058968752613327,0.00552832913036946,-0.004530639622243867,continuous_direct_verified,m_low,0.10964240297195885,0.8074425448477267,0.4523328079599171,0.0029670693025496825,0.030000000000000027,1.1533336307192428
1147,27119,0.11625510873273016,0.025,0.0,0.7579891838133335,0.5144080724593267,0.01000811849511762,0.004544729627691377,-0.005463388867426243,continuous_direct_verified,m_low,0.1193943139620727,0.7279891838133334,0.5761558472887883,0.003139205229342537,0.030000000000000027,1.120036558785426
1148,12607,0.11213468345813454,0.025,0.0,0.7667093016207218,0.7223860514847321,0.009211578986041195,0.0031971029953539666,-0.0060144759906872285,continuous_direct_verified,m_low,0.11479928468182775,0.7367093016207218,0.7862917103897054,0.0026646012236932054,0.030000000000000027,1.0884646911075135
1149,4352,0.1136587976012379,0.025,0.0,0.8402679212391376,0.7966898295600141,0.008701325369293461,0.0029430177661354836,-0.005758307603157977,continuous_direct_verified,m_low,0.11612784118726718,0.8102679212391376,0.8591886397632917,0.0024690435860292848,0.030000000000000027,1.078448108516452
1150,46055,0.10130206993781031,0.025,0.0,0.7885367721319199,0.9298793789057269,0.008580392931096343,0.0022259247293735874,-0.006354468201722756,continuous_direct_verified,m_low,0.10343124490588954,0.7585367721319198,0.9976588066073833,0.0021291749680792255,0.030000000000000027,1.0728905589684314
1151,47903,0.10631664590910078,0.025,0.0,0.7646122723817825,0.6405505391215836,0.008178351512021361,0.0034552567535131137,-0.004723094758508248,continuous_direct_verified,m_low,0.10896616921583858,0.7346122723817825,0.7032066010324212,0.0026495233067378027,0.030000000000000027,1.0978159537524717
1152,36352,0.1141143323853612,0.025,0.0,0.9283345080912113,0.014547484561221513,0.004642834353746474,0.0041493142817574016,-0.0004935200719890726,continuous_direct_verified,gamma_low,0.11397855216158773,0.9283345136464185,0.012122903801017926,0.00013578022377347398,5.555207183149946e-09,1.2000000000000002
1153,29720,0.1013718966394663,0.025,0.0,0.8959818042814731,0.015090980718272678,0.004178060913497166,0.0020494876424482764,-0.0021285732710488894,continuous_direct_verified,gamma_high,0.10189635571776533,0.8919909025649027,0.02623912540292396,0.0005244590782990249,0.003990901716570461,1.7387289728064343
1154,15136,0.11019206955097617,0.025,0.0,0.8804349854588509,0.015408550214443597,0.00414379916021659,0.004143773566762501,-2.559345408867375e-08,continuous_direct_verified,gamma_high,0.11038642581048133,0.879999994659764,0.019054607175864317,0.0001943562595051601,0.0004349907990869317,1.2366255689651449
1155,32528,0.11564019010402264,0.025,0.0,0.9187438882887363,0.010926038778593664,0.003951152372040314,0.002283953871215348,-0.0016671985008249656,continuous_direct_verified,gamma_high,0.11611771747399155,0.9153719460014922,0.019898575710929952,0.0004775273699689081,0.003371942287244134,1.821206762501641
1156,1056,0.11063975901342929,0.025,0.0,0.9277948051691055,0.017163086524257284,0.004602535584304455,0.002220105836597794,-0.002382429747706661,continuous_direct_verified,gamma_high,0.11119433510422856,0.9238974032721367,0.027982616399983392,0.000554576090799272,0.003897401896968855,1.630395346456736
1157,10528,0.10978368297219278,0.025,0.0,0.9204131051898002,0.018541768114122767,0.004588638053406648,0.0023383151949713725,-0.0022503228584352755,continuous_direct_verified,gamma_high,0.11039147414762643,0.9162065525949001,0.030455532388420244,0.0006077911754336501,0.004206552594900104,1.6425365801669736
1158,26136,0.1010155764874071,0.025,0.0,0.9047341533005238,0.02235826921380467,0.004459648122041009,0.002359801764242509,-0.0020998463577985003,continuous_direct_verified,gamma_high,0.10161284830769989,0.9003670759449955,0.03501948165775084,0.0005972718202927885,0.004367077355528215,1.5662876818805258
1159,14776,0.1061942237429321,0.025,0.0,0.9046053566038609,0.027025040505203383,0.004416217328116573,0.003288771912052973,-0.0011274454160636002,continuous_direct_verified,gamma_high,0.10685764947736962,0.9003026756257424,0.040315662390311126,0.00066342573443752,0.004302680978118478,1.4917891568950201
1160,30336,0.11500539113767447,0.025,0.0,0.9201497510075569,0.02822174588401054,0.004511676244199322,0.0038548162011583834,-0.0006568600430409389,continuous_direct_verified,gamma_high,0.11570767780497987,0.9160748716547673,0.04119860978967396,0.0007022866673054018,0.0040748793527896066,1.4598178992539104
1161,13328,0.11663765613920989,0.025,0.0,0.9275190651416778,0.041157059769004606,0.004507000051946802,0.004506991308297263,-8.743649538775489e-09,continuous_direct_verified,gamma_high,0.11767939648264973,0.9200000032825659,0.06025595862767314,0.0010417403434398453,0.007519061859111886,1.4640491562288889
1162,2832,0.11591300289146604,0.025,0.0,0.8799753233790397,0.036955522541597265,0.004381309020401886,0.0043813030015640965,-6.018837789278919e-09,continuous_direct_verified,gamma_high,0.11703327498594897,0.8720000026853345,0.05754399374822173,0.001120272094482927,0.007975320693705212,1.5571148718963455
1163,12160,0.11558886589482428,0.025,0.0,0.8639472804963588,0.03767646614940899,0.004343226880911032,0.004343226850460804,-3.045022827635746e-11,continuous_direct_verified,gamma_low,0.11438263883384035,0.871999999810758,0.015135612484568534,0.0012062270609839304,0.008052719314399215,2.489259432865496
1164,29856,0.10907274293713273,0.025,0.0,0.9002003274857998,0.07717324239784942,0.00570581789239807,0.00270173710880418,-0.0030040807835938895,continuous_direct_verified,gamma_high,0.10987230112653178,0.8941790128383731,0.09260789087741932,0.0007995581893990439,0.006021314647426723,1.2000000000000002
1165,17728,0.11097410977818073,0.025,0.0,0.8684605464339257,0.06469085126971846,0.00544310762624569,0.0054430796215472355,-2.800469845430642e-08,continuous_direct_verified,gamma_low,0.11032815669829883,0.872000006371718,0.052480746061995924,0.0006459530798818974,0.0035394599377923663,1.2326587581910258
1166,47200,0.10855041667819024,0.025,0.0,0.8607358567416667,0.07646977162234417,0.005437359157210097,0.0025699636326413015,-0.002867395524568795,continuous_direct_verified,gamma_high,0.10934181113612373,0.8547702559335685,0.09176372594681301,0.0007913944579334975,0.00596560080809827,1.2000000000000002
1167,44992,0.11278914636932315,0.025,0.0,0.9179541029036045,0.076229479820866,0.005051807907595802,0.002788675661210687,-0.0022631322463851147,continuous_direct_verified,gamma_high,0.113604552909273,0.9120286495750797,0.09147537578503923,0.0008154065399498533,0.005925453328524788,1.2000000000000004
1168,2304,0.11360511486418547,0.025,0.0,0.9211127430200576,0.12580545992032757,0.006756953028729466,0.003683196832358582,-0.0030737561963708844,continuous_direct_verified,gamma_low,0.11247856352890442,0.9296260038135172,0.10483788326693964,0.0011265513352810425,0.008513260793459598,1.2
1169,13824,0.11403831760399044,0.025,0.0,0.8737338498234748,0.12144836959790486,0.006364279811196068,0.0034342666240207444,-0.002930013187175324,continuous_direct_verified,gamma_low,0.11294286491388697,0.8819134664338452,0.10120697466492073,0.0010954526901034711,0.008179616610370366,1.1999999999999997
1170,32544,0.11025548898614944,0.025,0.0,0.8899859592318535,0.1169410859262653,0.006345690564309392,0.0032924555363168795,-0.0030532350279925125,continuous_direct_verified,gamma_low,0.10923787943048698,0.897819325749206,0.0974509049385544,0.0010176095556624631,0.007833366517352447,1.2000000000000002
1171,7840,0.10875984830781818,0.025,0.0,0.8501980647444725,0.12689480327605138,0.006326473805354389,0.0033546740038872406,-0.0029717998014671485,continuous_direct_verified,gamma_low,0.10766460044174128,0.8587973440376674,0.1057456693967095,0.0010952478660768983,0.008599279293194928,1.1999999999999997
1172,5600,0.10693162614479662,0.025,0.0,0.8916671894490719,0.2008745143460721,0.00917028134789808,0.004891253475294746,-0.0042790278726033346,continuous_direct_verified,gamma_low,0.105229602965602,0.9064050468282215,0.16739542862172677,0.0017020231791946144,0.014737857379149677,1.1999999999999997
1173,34720,0.10935525596141817,0.025,0.0,0.8614275462925434,0.19734053847376978,0.009099861321884412,0.004782064966898115,-0.004317796354986297,continuous_direct_verified,gamma_low,0.1076395755405807,0.8758199694200319,0.16445044872814152,0.0017156804208374593,0.014392423127488563,1.1999999999999997
1174,27648,0.11431624377146364,0.025,0.0,0.8953903198242188,0.21513309552373777,0.008812777398717728,0.005421187437249647,-0.003391589961468081,continuous_direct_verified,gamma_low,0.11236947729380826,0.9113782417485746,0.17927757960311486,0.0019467664776553761,0.01598792192435583,1.1999999999999997
1175,38424,0.10098444623872638,0.025,0.0,0.9285353600978851,0.20767681686733797,0.008521943283068224,0.0049390179337941735,-0.0035829253492740505,continuous_direct_verified,gamma_low,0.09932788018211149,0.9439040195536864,0.173064014056115,0.0016565660566148915,0.015368659455801348,1.2
1176,40208,0.11601276095025242,0.025,0.0,0.8575221240520476,0.28733090090678354,0.011360989786714551,0.006338086774170674,-0.005022903012543877,continuous_direct_verified,gamma_low,0.11338875495812571,0.8799983026568542,0.23944241742231964,0.002624005992126713,0.02247617860480655,1.2
1177,11200,0.11284625940024853,0.025,0.0,0.8545460037887096,0.2773812889367383,0.01091945797283099,0.006063801648986917,-0.004855656323844073,continuous_direct_verified,gamma_low,0.11037661780730085,0.8760837200057017,0.23115107411394864,0.0024696415929476856,0.021537716216992076,1.1999999999999997
1178,36544,0.11214118404313923,0.025,0.0,0.8767547227442265,0.35241847534588505,0.010845332380879195,0.006381408596525274,-0.004463923784353921,continuous_direct_verified,m_low,0.1152933830966635,0.8467547227442265,0.4124525325597638,0.0031521990535242628,0.030000000000000027,1.1703487796857348
1179,37152,0.10985458395443858,0.025,0.0,0.8750161416828632,0.29579959035602754,0.010662419409585441,0.006265869905967764,-0.0043965495036176775,continuous_direct_verified,gamma_low,0.10730602483136725,0.8983405165637371,0.246499658630023,0.002548559123071323,0.02332437488087391,1.1999999999999997
1180,11328,0.11158208930864932,0.025,0.0,0.8967053651809692,0.3865071750662309,0.01223799277647799,0.005984249275747591,-0.006253743500730398,continuous_direct_verified,m_low,0.1146174639122386,0.8667053651809692,0.44559837121323265,0.003035374603589283,0.030000000000000027,1.1528851207920683
1181,45840,0.11583766955882312,0.025,0.0,0.9222531922161579,0.4756992619871531,0.010493530121346545,0.0052204169878137955,-0.005273113133532749,continuous_direct_verified,m_low,0.11876279429579711,0.8922531922161578,0.5332825906636117,0.002925124736973997,0.030000000000000027,1.1210498591818578
1182,17432,0.10140593331307174,0.025,0.0,0.9239335134625435,0.3793620361316592,0.01044122589181918,0.005705188225362007,-0.004736037666457173,continuous_direct_verified,m_low,0.10415137657132448,0.8939335134625435,0.43811502143403996,0.002745443258252739,0.030000000000000027,1.154873128322177
1183,31776,0.11055654822848739,0.025,0.0,0.924434182792902,0.4955383158191548,0.010056492569816432,0.0048431903330010935,-0.0052133022368153386,continuous_direct_verified,m_low,0.11330989123159171,0.894434182792902,0.5530023037405517,0.0027533430031043277,0.030000000000000027,1.1159627542148893
1184,6080,0.11271763741970063,0.025,0.0,0.8850541844964027,0.7358017184777532,0.008618344297082223,0.0032209205418414336,-0.00539742375524079,continuous_direct_verified,m_low,0.11518712252699975,0.8550541844964027,0.7957799599972251,0.0024694851072991214,0.030000000000000027,1.081514136231642
1185,40464,0.1162999447900802,0.025,0.0,0.9295191667973995,0.6841946141140972,0.008280222094565219,0.0036178949361732864,-0.004662327158391932,continuous_direct_verified,m_low,0.11886835879324499,0.8995191667973995,0.742245420971817,0.002568414003164793,0.030000000000000027,1.08484546013693
1186,10432,0.11258196430280806,0.025,0.0,0.9325978845357895,0.6610615369159625,0.00818471789907373,0.003665568214475046,-0.004519149684598683,continuous_direct_verified,m_low,0.11509704700673289,0.9025978845357895,0.718773216484973,0.002515082703924823,0.030000000000000027,1.0873015239069146
1187,46400,0.11100506316870452,0.025,0.0,0.8915286175906658,0.6024300059098444,0.008151616105008759,0.003957431596029884,-0.004194184508978875,continuous_direct_verified,m_low,0.11362453075925537,0.8615286175906658,0.66079389004648,0.0026194675905508447,0.030000000000000027,1.0968807721462832
1188,17912,0.1035812526009977,0.025,0.0,0.935338819026947,0.010125171761227755,0.004168230396604223,0.003106037911437972,-0.001062192485166251,continuous_direct_verified,gamma_high,0.10400865424710871,0.9316694126087548,0.019155426349502323,0.0004274016461110197,0.0036694064181922448,1.8918618667639846
1189,32992,0.1065131537616253,0.025,0.0,0.9427826687693596,0.010849744954039972,0.0038182437160578777,0.002272524828680704,-0.0015457188873771737,continuous_direct_verified,gamma_high,0.10695253938628708,0.9393913361427519,0.01982898059206697,0.0004393856246617811,0.003391332626607624,1.8275987754609406
1190,12832,0.11072212336584927,0.025,0.0,0.9740363895893097,0.012754300916590466,0.003635235853652039,0.0009028580472413538,-0.002732377806410685,continuous_direct_verified,gamma_low,0.11059907266355855,0.9750181938427913,0.010309502459780809,0.00012305070229072512,0.0009818042534815996,1.2371402952128145
1191,42616,0.1023286080453545,0.025,0.0,0.9658724732697009,0.010389233025422282,0.003354047747677804,0.0017512071114285132,-0.0016028406362492908,continuous_direct_verified,gamma_high,0.10271190686849387,0.9629362374730189,0.01853029642681126,0.00038329882313936636,0.0029362357966820074,1.7836058139679736
1192,18192,0.11571101858280601,0.025,0.0,1.0083216287195682,0.02545301660551131,0.005285614349393,0.0031491250439801377,-0.002136489305412862,continuous_direct_verified,gamma_high,0.11640195155309441,1.0041608124347938,0.03823492594505391,0.0006909329702883965,0.004160816284774382,1.5021766000331354
1193,8448,0.11369283315725626,0.025,0.0,0.9687108024954796,0.02355955163278726,0.00504849855737116,0.0031134629832737185,-0.0019350355740974413,continuous_direct_verified,gamma_high,0.11439512958038273,0.9643553993545226,0.03678528570402963,0.0007022964231264694,0.004355403140956948,1.5613746083705782
1194,4544,0.11314145787619055,0.025,0.0,0.9921406276524066,0.01828625137484255,0.004977737909654287,0.002579166038543039,-0.002398571871111248,continuous_direct_verified,gamma_high,0.11376957440534223,0.9880703134642382,0.030244956609514942,0.0006281165291516788,0.004070314188168389,1.653972484000995
1195,45888,0.11142882104031743,0.025,0.0,0.9843939155340194,0.02233677003817485,0.004896764140728817,0.002857431591653756,-0.002039332549075061,continuous_direct_verified,gamma_high,0.11208680779950006,0.9801969563930694,0.03500264065951286,0.0006579867591826327,0.004196959140950085,1.5670412776641964
1196,31712,0.10733744786120952,0.025,0.0,1.000783594697714,0.028977418400805952,0.0051286893069885965,0.0034832396241161155,-0.001645449682872481,continuous_direct_verified,gamma_high,0.10802884239325378,0.9963917948301941,0.0427189400827826,0.0006913945320442538,0.004391799867519808,1.4742148348727453
1197,20064,0.10812746277078987,0.025,0.0,0.9922698117792607,0.02861806648132404,0.0049484570104354605,0.004099538697348471,-0.0008489183130869892,continuous_direct_verified,gamma_low,0.10746504653810537,0.9961349096546547,0.015442923537991031,0.0006624162326844957,0.003865097875394019,1.8531508241247798
1198,34848,0.1104269588366151,0.025,0.0,1.0075063474476336,0.030312679754542726,0.004691440332482179,0.003851147649129087,-0.0008402926833530919,continuous_direct_verified,gamma_high,0.11106987597292309,1.0037531701513713,0.04269753355911363,0.0006429171363079855,0.0037531772962622334,1.4085700738059916
1199,45048,0.10385560793802143,0.025,0.0,1.0080201104283333,0.04617845383628823,0.00452583415446613,0.004525833234592236,-9.198738940702222e-10,continuous_direct_verified,gamma_low,0.10279291645751946,1.0159999989625774,0.023988329189810843,0.0010626914805019622,0.00797988853424414,1.9250383580655024
1200,3776,0.11214581797830761,0.025,0.0,1.0041028276085853,0.073810459017082,0.006003946561882104,0.002911215434555754,-0.0030927311273263496,continuous_direct_verified,gamma_high,0.11292765055393571,0.9984553612326859,0.0885725508204984,0.0007818325756280969,0.005647466375899413,1.2000000000000002
1201,15168,0.11145182475447657,0.025,0.0,0.9893381863832473,0.07271418190789332,0.00583251535963117,0.0028242515660567937,-0.0030082637935743765,continuous_direct_verified,gamma_high,0.11221723018276095,0.9837752674014916,0.087257018289472,0.000765405428284377,0.00556291898175576,1.2000000000000002
1202,42808,0.10433617653325201,0.025,0.0,0.9414937950670719,0.06994576879229597,0.005191120324033687,0.005191120262030459,-6.200322720528728e-11,continuous_direct_verified,gamma_low,0.10296589645594849,0.951999999712658,0.04168693834841806,0.0013702800773035262,0.010506204645586159,1.677882127195131
1203,24448,0.11555238170549274,0.025,0.0,1.015764120966196,0.06124445974660825,0.004994003275386475,0.0049940028978616,-3.7752487507675125e-10,continuous_direct_verified,gamma_low,0.11430596670084149,1.024000000713643,0.03801893963631056,0.0012464150046512523,0.008235879747446884,1.610893421344024
1204,41888,0.10928278658539058,0.025,0.0,0.9618270762264728,0.12425848512247012,0.00710896233107429,0.0036662337130534068,-0.0034427286180208835,continuous_direct_verified,gamma_low,0.10821472689582601,0.9701879671192648,0.10354873760205845,0.0010680596895645683,0.008360890892792017,1.1999999999999997
1205,30912,0.1125961970537901,0.025,0.0,0.9700009457767009,0.12722849075341527,0.006915652490128243,0.0038520892465851407,-0.0030635632435431024,continuous_direct_verified,gamma_low,0.11146938230536671,0.9785868521052283,0.10602374229451275,0.0011268147484233965,0.008585906328527404,1.1999999999999997
1206,31168,0.1132699792739004,0.025,0.0,1.019176621735096,0.07924208374238728,0.006529330598109961,0.0031590024576179793,-0.0033703281404919815,continuous_direct_verified,gamma_high,0.11411914145725195,1.0130779785052413,0.09509050049086475,0.0008491621833515567,0.00609864322985465,1.2000000000000002
1207,42976,0.10719483634456993,0.025,0.0,0.9712185360491276,0.09490987280781098,0.006520901548862942,0.0029011639517363317,-0.0036197375971266104,continuous_direct_verified,gamma_low,0.10639822821465805,0.977348696631528,0.0790915606731758,0.0007966081299118771,0.006130160582400457,1.2000000000000002
1208,38944,0.11049213176593185,0.025,0.0,0.9689135931432247,0.21202599215653226,0.008899616115419602,0.005562662598955369,-0.0033369535164642326,continuous_direct_verified,gamma_low,0.10864554431826545,0.9846717603419607,0.17668832679711025,0.0018465874476664007,0.015758167198736017,1.1999999999999997
1209,2360,0.10408105179667473,0.025,0.0,1.0060334883630275,0.2096656188455614,0.008852736953835755,0.005421812039957102,-0.0034309249138786534,continuous_direct_verified,gamma_low,0.10236221199582772,1.0215747701136886,0.17472134903796785,0.0017188398008470135,0.015541281750661051,1.2
1210,22288,0.11575331338681281,0.025,0.0,0.9711208574473857,0.20370692069168211,0.008767710301649015,0.005623825794306274,-0.0031438845073427403,continuous_direct_verified,gamma_low,0.11389407556335898,0.9861349689573254,0.16975576724306846,0.0018592378234538326,0.015014111509939698,1.1999999999999997
1211,3192,0.10262962006963791,0.025,0.0,0.9645529046654701,0.19941366173746888,0.008698362475118194,0.005013533949675013,-0.0036848285254431814,continuous_direct_verified,gamma_low,0.10101542171662657,0.9792025416373812,0.16617805144789075,0.0016141983530113396,0.014649636971911129,1.2
1212,34064,0.11592002524994315,0.025,0.0,0.9759158946573734,0.3472500175879087,0.012604750841484845,0.007005449046333469,-0.005599301795151376,continuous_direct_verified,m_low,0.11908582956467643,0.9459158946573734,0.4059014412040337,0.0031658043147332893,0.030000000000000027,1.1689025792526475
1213,25856,0.11379285077564419,0.025,0.0,0.951688589155674,0.31112768948525976,0.012320391472149557,0.0070469564042935084,-0.005273435067856049,continuous_direct_verified,gamma_low,0.11104052907708134,0.9767360306320638,0.25927307457104987,0.0027523216985628485,0.02504744147638982,1.1999999999999997
1214,35104,0.10980068775825204,0.025,0.0,0.9566697746515274,0.3388227772598379,0.011698996671829373,0.0067633962035418245,-0.0049356004682875486,continuous_direct_verified,m_low,0.1128387912849463,0.9266697746515273,0.3980000482812712,0.003038103526694258,0.030000000000000027,1.1746555278839805
1215,1600,0.11183276004157962,0.025,0.0,1.0205302387475967,0.3554199389986078,0.011539063497040945,0.006846974649823226,-0.004692088847217719,continuous_direct_verified,m_low,0.11484235478141624,0.9905302387475967,0.41343953489999896,0.003009594739836627,0.030000000000000027,1.163242377636046
1216,18976,0.11065715495496989,0.025,0.0,0.976615572720766,0.38872355483724214,0.010762278963407729,0.0061645439800479375,-0.004597734983359791,continuous_direct_verified,m_low,0.11358598404694534,0.946615572720766,0.4465470333197429,0.002928829091975449,0.030000000000000027,1.148752185873355
1217,25216,0.11476403479464353,0.025,0.0,0.9970233120024204,0.3962331600127687,0.010570312035969235,0.0063081956330343445,-0.00426211640293489,continuous_direct_verified,m_low,0.11776623591224915,0.9670233120024204,0.45360528645243886,0.0030022011176056157,0.030000000000000027,1.1447938542998808
1218,37400,0.10121563728898764,0.025,0.0,1.0131422080099584,0.3779124906577126,0.010274538653134697,0.0059830505164000175,-0.0042914881367346796,continuous_direct_verified,m_low,0.10389456711017954,0.9831422080099583,0.43549648037563304,0.0026789298211919027,0.030000000000000027,1.1523738726330592
1219,15648,0.11002537459135056,0.025,0.0,0.9998863883316517,0.48233093885738326,0.010197695977393915,0.005101710340545397,-0.005095985636848518,continuous_direct_verified,m_low,0.11272266076047188,0.9698863883316516,0.5385295809805956,0.0026972861691213212,0.030000000000000027,1.1165146947785352
1220,15808,0.11304153413511814,0.025,0.0,1.0104056999087332,0.6007101096512243,0.008670479111165709,0.00416667893901253,-0.0045038001721531785,continuous_direct_verified,m_low,0.11559522188559988,0.9804056999087332,0.6564697915745802,0.002553687750481745,0.030000000000000027,1.0928229457561989
1221,7184,0.11651480314321817,0.025,0.0,0.9873425975441933,0.720541280140589,0.008652701539538538,0.003449135179067805,-0.005203566360470733,continuous_direct_verified,m_low,0.1189809900363126,0.9573425975441933,0.7775866671830548,0.002466186893094427,0.030000000000000027,1.079170185823823
1222,14464,0.1144740115851164,0.025,0.0,0.9689697615802287,0.7082467549601047,0.00859753915834437,0.003458402411136246,-0.005139136747208124,continuous_direct_verified,m_low,0.1169301305397253,0.9389697615802287,0.7655984439218967,0.002456118954608899,0.030000000000000027,1.0809769879779012
1223,8416,0.10652990820817651,0.025,0.0,0.9784499675035476,0.6157956305134644,0.008305422793418076,0.003832557220230554,-0.004472865573187521,continuous_direct_verified,m_low,0.10893377027347487,0.9484499675035476,0.6721555527523766,0.0024038620652983567,0.030000000000000027,1.0915237449670079
1224,10016,0.11033518803305925,0.025,0.0,1.095447339117527,0.011304389252044675,0.005121560707462404,0.0032540052420051307,-0.001867555465457273,continuous_direct_verified,gamma_high,0.11083573961476353,1.091723672429108,0.02119406074745484,0.0005005515817042838,0.0037236666884190583,1.8748523493758298
1225,35424,0.1082140222657472,0.025,0.0,1.1037051305174828,0.010710641609679402,0.0049994516422954705,0.003176433512619647,-0.0018230181296758235,continuous_direct_verified,gamma_high,0.10832737434259727,1.1037051267150004,0.012852769931615285,0.00011335207685007898,3.802482329007262e-09,1.2000000000000002
1226,26648,0.10152173852548005,0.025,0.0,1.0796983934938909,0.01159368234680693,0.0049002188924530485,0.0029312869477713262,-0.0019689319446817223,continuous_direct_verified,gamma_high,0.10200524981123786,1.0758491989061283,0.02196348852796184,0.0004835112857578122,0.003849194587762561,1.8944359411409015
1227,64,0.1116974648088217,0.025,0.0,1.1026655606925488,0.011759076524800344,0.004669604515491299,0.002580296871598777,-0.002089307643892522,continuous_direct_verified,gamma_high,0.11217920283247272,1.099332782043827,0.02112405216869067,0.00048173802365102103,0.0033327786487218347,1.7964040053773978
1228,23392,0.10767243509180845,0.025,0.0,1.0648038081824778,0.024208454703912842,0.005622744177671804,0.003446631460833764,-0.0021761127168380403,continuous_direct_verified,gamma_high,0.10837493620083093,1.060401902119563,0.03815699428282088,0.0007025011090224798,0.0044019060629147955,1.5761846325801834
1229,27264,0.11486454359255732,0.025,0.0,1.1039624586701393,0.020335501378944756,0.005499231970901709,0.0029582332392364737,-0.0025409987316652354,continuous_direct_verified,gamma_high,0.11552299425271277,1.0999812286655724,0.032637588710925314,0.0006584506601554491,0.00398123000456696,1.6049561848874825
1230,6840,0.10530374543741347,0.025,0.0,1.072152604907751,0.023534319681789383,0.005275337362854564,0.0034049344796614435,-0.0018704028831931204,continuous_direct_verified,gamma_high,0.10595594240385346,1.0680763002669027,0.03676558216265969,0.0006521969664399913,0.004076304640848294,1.5622113857452409
1231,21400,0.10038677994161846,0.025,0.0,1.088346742838621,0.022846152314699286,0.005273397985683139,0.0031545111600654097,-0.0021188868256177295,continuous_direct_verified,gamma_high,0.10101487249164924,1.084173369848727,0.036224062702202145,0.0006280925500307816,0.004173372989894064,1.5855651403888904
1232,27552,0.10924440822564066,0.025,0.0,1.0882367432117461,0.031084548487237188,0.005244771616552334,0.004658405232528999,-0.0005863663840233353,continuous_direct_verified,gamma_high,0.10997546769209793,1.0841183674510455,0.04527546345553191,0.0007310594664572678,0.004118375760700621,1.456526334108449
1233,45248,0.11263580056838693,0.025,0.0,1.0799194023013114,0.030768649839571168,0.005166360202197412,0.00409211478801044,-0.0010742454141869718,continuous_direct_verified,gamma_high,0.11333806107818485,1.0759596976339227,0.04401947337284221,0.0007022605097979223,0.003959704667388708,1.4306598957822754
1234,4856,0.10305543038994075,0.025,0.0,1.1040271557867527,0.04542777441968455,0.00506262716202161,0.005062627136762999,-2.5258611174860945e-11,continuous_direct_verified,gamma_low,0.10193303054066856,1.1119999998197416,0.02187761624007939,0.0011223998492721904,0.007972844032988924,2.0764499167172383
1235,21312,0.11143483184278014,0.025,0.0,1.0243201486766338,0.029869398484455363,0.005031303044959534,0.0039415275024736315,-0.0010897755424859028,continuous_direct_verified,gamma_high,0.11214149690155577,1.0201600709603627,0.04337144196100939,0.0007066650587756323,0.004160077716271138,1.4520360021170415
1236,39488,0.11198039148002864,0.025,0.0,1.076468076556921,0.07737992359346382,0.006615332911790244,0.0032096458714616608,-0.003405687040328583,continuous_direct_verified,gamma_high,0.11280018961461934,1.0706086516642914,0.09285590831215661,0.0008197981345906963,0.005859424892629583,1.2000000000000002
1237,16672,0.1099077831953764,0.025,0.0,1.0932482816278934,0.0760906638331667,0.006550242915100572,0.006550242634785266,-2.803153056896157e-10,continuous_direct_verified,gamma_low,0.10835204657482238,1.1040000006926967,0.04570881896847319,0.0015557366205540268,0.010751719064803211,1.664682342496069
1238,14864,0.11636962480843069,0.025,0.0,1.0525075286626815,0.06748797988908127,0.005743095296108153,0.005743068220525598,-2.7075582554637878e-08,continuous_direct_verified,gamma_low,0.11567797388071141,1.0560000064813568,0.054954087426663835,0.0006916509277192784,0.0034924778186753436,1.2280793485861066
1239,20416,0.11278486084192993,0.025,0.0,1.07957830876112,0.05681371468564753,0.005018359532375968,0.005018350085758835,-9.44661713263295e-09,continuous_direct_verified,gamma_high,0.11379109064541863,1.0720000035533734,0.07585775753706231,0.0010062298034887035,0.007578305207746494,1.335201508241209
1240,23808,0.11385962744243444,0.025,0.0,1.074568112194538,0.11570176946450876,0.007678403523957179,0.0039056821099544914,-0.0037727214140026877,continuous_direct_verified,gamma_low,0.11282486935489792,1.0821138652431734,0.09641814122042396,0.0010347580875365164,0.007545753048635362,1.2000000000000002
1241,5152,0.11057229614816608,0.025,0.0,1.0892516180872915,0.12056943319640588,0.007121870063522526,0.003993150772321953,-0.0031287192912005735,continuous_direct_verified,gamma_low,0.10952399170338818,1.097134978836398,0.10047452766367158,0.001048304444777895,0.00788336074910645,1.1999999999999997
1242,34400,0.10801935703493656,0.025,0.0,1.0576444298028944,0.11845658643887523,0.00659662984777379,0.0037737684197488735,-0.0028228614280249166,continuous_direct_verified,gamma_low,0.1070143205337097,1.065429603510667,0.09871382203239601,0.0010050365012268664,0.007785173707772541,1.2000000000000002
1243,8096,0.10941586983390153,0.025,0.0,1.1010338507592676,0.07958456515486531,0.0064990643183276105,0.00649906232360982,-1.9947177902490676e-09,continuous_direct_verified,gamma_low,0.10791585703482033,1.1119999981581525,0.05011872335886353,0.001500012799081199,0.010966147398884907,1.587920837189296
1244,30400,0.11220902283675971,0.025,0.0,1.044986542314291,0.21241280537797078,0.010088179839323036,0.005976518532032941,-0.004111661307290094,continuous_direct_verified,gamma_low,0.11033186911912808,1.0607371077276155,0.177010671148309,0.0018771537176316272,0.015750565413324535,1.1999999999999997
1245,1792,0.1135427910834551,0.025,0.0,1.09612694978714,0.20629215697771217,0.0099740266475241,0.006134574679658964,-0.003839451967865137,continuous_direct_verified,gamma_low,0.11169529219326253,1.111244762489061,0.17191013081476017,0.0018474988901925615,0.015117812701920919,1.1999999999999997
1246,41880,0.10034523853100838,0.025,0.0,1.0653207287192346,0.21275357013785898,0.00974137100265918,0.005556172244589581,-0.0041851987580695995,continuous_direct_verified,gamma_low,0.09866329785681284,1.0810712410317898,0.17729464178154916,0.0016819406741955395,0.015750512312555198,1.2
1247,33040,0.11616490953601898,0.025,0.0,1.0667727589607239,0.19266077310958127,0.00917956528900643,0.005836921840232731,-0.0033426434487737,continuous_direct_verified,gamma_low,0.11440035208291204,1.0807186254599563,0.1605506442579844,0.0017645574531069408,0.013945866499232462,1.2
1248,20608,0.11456498876214029,0.025,0.0,1.0415631920099258,0.30675976890254086,0.01238600169804048,0.0075153966332877405,-0.00487060506475274,continuous_direct_verified,gamma_low,0.11183291471060577,1.0663365825084286,0.2556331407521174,0.0027320740515345138,0.0247733904985028,1.2
1249,34048,0.11375823058187963,0.025,0.0,1.0383250482380388,0.23448759356977972,0.01196141030121311,0.006408355910689948,-0.005553054390523162,continuous_direct_verified,gamma_low,0.11166101109534934,1.056115428903962,0.19540632797481644,0.0020972194865302857,0.0177903806659232,1.2
1250,37496,0.10226419563405217,0.025,0.0,1.1035058222711087,0.31425472200266574,0.011152988196868661,0.007234106043368872,-0.003918882153499789,continuous_direct_verified,gamma_low,0.0997652431421523,1.129055905254571,0.2618789350022215,0.0024989524918998807,0.025550082983462286,1.2
1251,25016,0.10612525353208185,0.025,0.0,1.1100818999111652,0.2795966925373854,0.010966006396956569,0.007058588101674835,-0.003907418295281733,continuous_direct_verified,gamma_low,0.10380154250540555,1.1321367343135487,0.2329972437811545,0.002323711026676306,0.022054834402383428,1.2
1252,7712,0.11091073323041202,0.025,0.0,1.0299962036311627,0.41886683655304036,0.012522050390868041,0.005937261208201153,-0.006584789182666888,continuous_direct_verified,m_low,0.11374218824725556,0.9999962036311627,0.47544801819818727,0.002831455016843537,0.030000000000000027,1.1350815502864051
1253,46496,0.10975586553104223,0.025,0.0,1.105967330932617,0.47880415558525524,0.012158835822964398,0.0053458111216179395,-0.006813024701346458,continuous_direct_verified,m_low,0.11240221162574934,1.075967330932617,0.5337258864262375,0.002646346094707111,0.030000000000000027,1.1147060446329042
1254,43768,0.10313144321553411,0.025,0.0,1.0992252722382545,0.38005735914918487,0.011144252261581573,0.006312533418311309,-0.004831718843270264,continuous_direct_verified,m_low,0.10582561215731881,1.0692252722382545,0.4368319164812552,0.0026941689417847026,0.030000000000000027,1.1493841810067003
1255,14520,0.10553589579649271,0.025,0.0,1.053879427909851,0.3732661029630032,0.010993187892959045,0.00638649847922846,-0.004606689413730585,continuous_direct_verified,m_low,0.10831837588681716,1.0238794279098509,0.43050094752962603,0.002782480090324446,0.030000000000000027,1.1533352321903596
1256,36608,0.11343771177344025,0.025,0.0,1.0791702926158906,0.6810571414134926,0.009781456577741965,0.0036708433876131586,-0.006110613190128806,continuous_direct_verified,m_low,0.11583593927006174,1.0491702926158906,0.7359521842400878,0.002398227496621483,0.030000000000000027,1.0806026976131018
1257,31936,0.11254818411543967,0.025,0.0,1.0857847109436989,0.6996400158089177,0.00910074842454459,0.0035351886649797855,-0.005565559759564804,continuous_direct_verified,m_low,0.11489621805592783,1.0557847109436989,0.7545036083343775,0.002348033940488159,0.030000000000000027,1.0784168876647615
1258,34592,0.11031589778140188,0.025,0.0,1.0316568970680238,0.6415886308231032,0.00857989200456265,0.0038137826501837284,-0.004766109354378921,continuous_direct_verified,m_low,0.1127292206758963,1.0016568970680237,0.6970682387947678,0.0024133228944944185,0.030000000000000027,1.0864722429705291
1259,25760,0.10906264414079489,0.025,0.0,1.0640123553574083,0.6261807037879201,0.00839693246243415,0.003914684805025883,-0.004482247657408267,continuous_direct_verified,m_low,0.1114550194557518,1.0340123553574083,0.6810764055900377,0.00239237531495691,0.030000000000000027,1.087667507909522
1260,29056,0.11508889053948225,0.025,0.0,1.1515339225530625,0.01167842391253097,0.0057090604425623255,0.0034353334403570053,-0.0022737270022053203,continuous_direct_verified,gamma_high,0.1156383626751288,1.1477669641951487,0.022043611119095655,0.0005494721356465448,0.003766958357913852,1.887550176650363
1261,39456,0.11071149888448419,0.025,0.0,1.191649518162012,0.011547441314932442,0.005688018069503171,0.0032652560460826293,-0.0024227620234205417,continuous_direct_verified,gamma_high,0.11083681528150544,1.1916495142571506,0.013856929577918932,0.00012531639702124953,3.904861323178466e-09,1.2000000000000002
1262,27104,0.1070709546096623,0.025,0.0,1.1983058504760264,0.01027247152713935,0.004857266239991153,0.002792334670263455,-0.0020649315697276976,continuous_direct_verified,gamma_high,0.10751717753848414,1.195152927233498,0.019294258647868847,0.000446222928821835,0.0031529232425284714,1.8782489293734612
1263,12416,0.11459323382005096,0.025,0.0,1.1261076033115387,0.011379949170176363,0.004563627580718508,0.0023588147056344054,-0.0022048128750841024,continuous_direct_verified,gamma_high,0.11506561340318779,1.123053802820261,0.020307702108206056,0.0004723795831368255,0.0030538004912776806,1.7845160645731895
1264,18944,0.11388009968213739,0.025,0.0,1.1678719386458396,0.022654912036725355,0.005794028461364197,0.003164544476919945,-0.0026294839844442524,continuous_direct_verified,gamma_high,0.1145517852237441,1.1639359684909287,0.035251030158377786,0.0006716855416067091,0.003935970154910873,1.5559994274633755
1265,9568,0.10771985333412887,0.025,0.0,1.1929980494081973,0.027705364908688586,0.005696110312525006,0.003521205077828688,-0.002174905234696318,continuous_direct_verified,gamma_low,0.10709045905241771,1.196499026804527,0.015194671465271856,0.0006293942817111597,0.0035009773963297075,1.8233605755814146
1266,36632,0.10040289931930602,0.025,0.0,1.1602312505245207,0.021020441827733684,0.005454251034142448,0.002889544991466243,-0.002564706042676205,continuous_direct_verified,gamma_high,0.1010098628180486,1.1561156249152553,0.03395561049191871,0.0006069634987425909,0.004115625609265372,1.615361407252572
1267,29408,0.10669098589569331,0.025,0.0,1.1446779914200307,0.023151440580195966,0.005362529749171479,0.005362503794516998,-2.5954654481186168e-08,continuous_direct_verified,gamma_high,0.10698412500624531,1.1439999939629633,0.0288403150219665,0.00029313911055199593,0.0006779974570674252,1.245724425746399
1268,7696,0.11629543211311104,0.025,0.0,1.1521187037229539,0.03398046831946214,0.005691367365540037,0.005137019452403397,-0.0005543479131366394,continuous_direct_verified,gamma_high,0.11709192570070318,1.14805934705827,0.048440130315384126,0.000796493587592137,0.004059356664683822,1.4255286260325108
1269,46880,0.11029501957818867,0.025,0.0,1.1601457230746746,0.02925092581797658,0.0056852674867824545,0.003805669771652644,-0.0018795977151298106,continuous_direct_verified,gamma_high,0.1110052543605565,1.1560728591053666,0.042920070943206864,0.0007102347823678273,0.004072863969307949,1.467306409728396
1270,14976,0.11484001115895809,0.025,0.0,1.191559398919344,0.03332541784590887,0.005594469740274061,0.004558234481763526,-0.001036235258510535,continuous_direct_verified,gamma_high,0.1155779703500559,1.1877796956034805,0.046879009244217985,0.0007379591910978145,0.003779703315863525,1.406704319837148
1271,37304,0.10616536024026574,0.025,0.0,1.136275064945221,0.030091703256639665,0.0055932451507574145,0.004521089605815081,-0.0010721555449423334,continuous_direct_verified,gamma_high,0.10688990223801688,1.1321375288443505,0.04454654315522065,0.0007245419977511408,0.00413753610087042,1.4803596451587218
1272,43536,0.11641871607862414,0.025,0.0,1.192105210572481,0.04814783488449671,0.006001951673754751,0.006001950257796403,-1.4159583479680937e-09,continuous_direct_verified,gamma_high,0.11776159106360853,1.1839999984904015,0.07244359598149677,0.0013428749849843935,0.008105212082079483,1.5046075520380904
1273,34576,0.11570008704438807,0.025,0.0,1.1596380613744257,0.06859351875363275,0.005771783038400869,0.005771778950305458,-4.088095411670933e-09,continuous_direct_verified,gamma_low,0.11446675153203942,1.1679999974827489,0.04570881895580026,0.0012333355123486517,0.008361936108323142,1.5006626799953342
1274,6496,0.107884238101542,0.025,0.0,1.1734579741954803,0.07349310086242956,0.0057199260819830585,0.005719910911562396,-1.5170420662735662e-08,continuous_direct_verified,gamma_high,0.10880116618538235,1.1679999952672988,0.09120108384655111,0.0009169280838403487,0.005457978928181451,1.2409475552986777
1275,1816,0.10050796074792744,0.025,0.0,1.1650542140007019,0.06935976193769322,0.005487349722930162,0.00548733111640525,-1.8606524911958522e-08,continuous_direct_verified,gamma_low,0.09994015510293372,1.1680000050730144,0.05754399376768762,0.0005678056449937158,0.0029457910723125202,1.20533451706024
1276,26128,0.11621222412213685,0.025,0.0,1.1987399496138096,0.10941235945742916,0.00870011108979183,0.004807183205007859,-0.003892927884783971,continuous_direct_verified,gamma_high,0.11743211939182883,1.190237816142209,0.13129483134891498,0.0012198952696919896,0.00850213347160067,1.2
1277,25088,0.11400231118313969,0.025,0.0,1.1203776389360427,0.1288222117737444,0.008449971304018958,0.004412170847028891,-0.0040378004569900676,continuous_direct_verified,gamma_low,0.11284513860340971,1.128842845982905,0.10735184314478702,0.0011571725797299842,0.008465207046862266,1.1999999999999997
1278,43296,0.1097791621927172,0.025,0.0,1.1979442782700063,0.12252325685644101,0.0076182989329225265,0.005022222765756169,-0.0025960761671663573,continuous_direct_verified,gamma_high,0.11107275676419526,1.1881833376069824,0.14702790822772918,0.0012935945714780545,0.00976094066302391,1.1999999999999997
1279,4064,0.10720310132019223,0.025,0.0,1.1879987180233003,0.08563530002549158,0.007561411495744844,0.0075614097280532165,-1.7676916276229693e-09,continuous_direct_verified,gamma_low,0.10554067056135773,1.1999999981374452,0.05248074602211641,0.0016624307588345016,0.012001280114144919,1.631747002784663
1280,31904,0.10911861122585834,0.025,0.0,1.1948344081640243,0.1607793456114486,0.01170613736716535,0.00608396471027696,-0.00562217265688839,continuous_direct_verified,gamma_high,0.11081319561372195,1.1811299483217466,0.1929352147337383,0.0016945843878636152,0.01370445984227775,1.2
1281,47616,0.11392181823030115,0.025,0.0,1.1909468762576578,0.21072815718479265,0.01036490280180303,0.0074571224027239124,-0.0029077803990791183,continuous_direct_verified,gamma_high,0.11624069569989637,1.171625047456381,0.25287378862175114,0.002318877469595221,0.019321828801276864,1.1999999999999997
1282,24928,0.10796753494068981,0.025,0.0,1.1772092707455157,0.20579086570519656,0.010177210613559215,0.006210394170913161,-0.003966816442646053,continuous_direct_verified,gamma_low,0.10620736646852036,1.1920641586889353,0.17149238808766382,0.0017601684721694488,0.014854887943419604,1.2
1283,15376,0.11653703502379359,0.025,0.0,1.1703964345157147,0.19581723137634544,0.010134147795988957,0.00634995446563397,-0.0037841933303549864,continuous_direct_verified,gamma_low,0.11472948640235675,1.18436936951993,0.16318102614695457,0.0018075486214368386,0.013972935004215259,1.1999999999999997
1284,33336,0.10505474773235621,0.025,0.0,1.1918377816677093,0.29183449654146937,0.015665433993397402,0.008208577637047548,-0.007456856356349854,continuous_direct_verified,gamma_high,0.10798006516940019,1.1626173700815963,0.35020139584976323,0.002925317437043981,0.029220411586112993,1.2
1285,46304,0.10628402521833778,0.025,0.0,1.1804163962602616,0.27977731226666647,0.01505909011069434,0.008091254987385223,-0.006967835123309117,continuous_direct_verified,gamma_high,0.10912648405753686,1.1526677221615351,0.3357327747199998,0.0028424588391990774,0.0277486740987265,1.2000000000000002
1286,7744,0.11192320692352953,0.025,0.0,1.1396838910877705,0.2832600437379486,0.013078615587689503,0.007555598519069909,-0.005523017068619594,continuous_direct_verified,gamma_low,0.10943802261357993,1.1620522471614199,0.23605003644829056,0.002485184309949595,0.022368356073649398,1.1999999999999997
1287,33696,0.10927053252235056,0.025,0.0,1.1960588902235032,0.34324017306109145,0.012864244403830926,0.0076057669651610005,-0.005258477438669925,continuous_direct_verified,m_low,0.11222147641635984,1.1660588902235032,0.4007442393510207,0.002950943894009281,0.030000000000000027,1.167533030230976
1288,30784,0.11176245668902995,0.025,0.0,1.1497929796576498,0.4216538060296489,0.013473845796220478,0.006268755871032944,-0.007205089925187535,continuous_direct_verified,m_low,0.11457542047115514,1.1197929796576498,0.47717988899707964,0.0028129637821251857,0.030000000000000027,1.1316864265741415
1289,24064,0.1141309331636876,0.025,0.0,1.1399244792759418,0.48974413050440446,0.0126813641712828,0.005459734590588754,-0.007221629580694045,continuous_direct_verified,m_low,0.11685325100397193,1.1099244792759417,0.5442495851412141,0.00272231784028433,0.030000000000000027,1.1112937373658212
1290,24824,0.10287197777070106,0.025,0.0,1.185675374418497,0.4791513568121844,0.011506943664750939,0.005226088450976579,-0.0062808552137743594,continuous_direct_verified,m_low,0.10534107097948231,1.1556753744184969,0.533446413368838,0.002469093208781248,0.030000000000000027,1.1133150429081138
1291,12224,0.11279365094378592,0.025,0.0,1.1886891081929205,0.5042791735389871,0.011351491921697415,0.005336380472752291,-0.006015111448945123,continuous_direct_verified,m_low,0.11545026767234387,1.1586891081929205,0.5582602362914929,0.0026566167285579506,0.030000000000000027,1.1070459887797297
1292,34304,0.11408673943951728,0.025,0.0,1.1729685381054877,0.9851769572510091,0.08068391820294485,0.061237832258308346,-0.019446085944636503,continuous_direct_verified,m_low,0.1142224707682769,1.1429685381054877,1.0,0.00013573132875963068,0.030000000000000027,1.0150460713071816
1293,27576,0.10587751087732614,0.025,0.0,1.1693343698978422,0.9454772828047487,0.011782487564327397,0.002414545305409602,-0.009367942258917794,continuous_direct_verified,m_high,0.10394959525019357,1.1993343698978423,0.8903794922356457,0.0019279156271325704,0.030000000000000027,1.0618812439522372
1294,2616,0.10494042346253993,0.025,0.0,1.1842316031455993,0.8884394054052666,0.01044831787264341,0.0024412084201274327,-0.008007109452515976,continuous_direct_verified,m_low,0.10689339536511508,1.1542316031455992,0.9438081142106663,0.0019529719025751513,0.030000000000000027,1.0623213113562235
1295,16,0.11666479646228255,0.025,0.0,1.1899068430066109,0.7932352608302891,0.010349012104237502,0.0031312920692984922,-0.0072177200349390095,continuous_direct_verified,m_low,0.1189445803998436,1.1599068430066108,0.8473650450130665,0.00227978393756105,0.030000000000000027,1.0682392561900478
1296,417,0.13285134211182598,0.025,0.0,0.4801823802292347,0.011881863071644483,0.00306870514846956,0.0030687051158145326,-3.265502755353533e-11,continuous_direct_verified,gamma_high,0.13464031039681273,0.47200000017271465,0.03630780547661888,0.0017889682849867583,0.008182380056520056,3.0557333692277417
1297,5921,0.1332309228833765,0.025,0.0,0.45627431347966196,0.013355673318330397,0.003027525397487758,0.0029061335917419445,-0.0001213918057458136,continuous_direct_verified,gamma_high,0.13407375246839295,0.45213716156937067,0.02468445351648598,0.0008428295850164413,0.004137151910291292,1.8482372942296408
1298,26337,0.1298841296695173,0.025,0.0,0.40827682167291646,0.013750243634872837,0.0028957165423056704,0.002394810396158324,-0.0005009061461473466,continuous_direct_verified,gamma_high,0.13081248722097408,0.4041384145904853,0.025629835558538882,0.0009283575514567877,0.004138407082431184,1.863955013388816
1299,23375,0.12066209157928826,0.025,0.0,0.46401046067476276,0.012716379509450424,0.0028648034038211774,0.0028102792621151024,-5.4524141706075065e-05,continuous_direct_verified,gamma_high,0.12138315442893607,0.4600052345234781,0.023538152019791127,0.0007210628496478189,0.00400522615128468,1.8510105020299443
1300,10849,0.13185149505734445,0.025,0.0,0.40021175742149356,0.02069656053829565,0.007547182191229133,0.006879167856088834,-0.000668014335140299,continuous_direct_verified,gamma_low,0.13156465546436105,0.4002117702625079,0.01724713378191304,0.00028683959298339556,1.2841014362940939e-08,1.2000000000000002
1301,19425,0.1303830265533179,0.025,0.0,0.4399753093719483,0.02282731916475244,0.0034946507882269474,0.0017234614958358888,-0.0017711892923910587,continuous_direct_verified,gamma_high,0.13133240532191215,0.43598765291404595,0.03538490862773796,0.0009493787685942445,0.003987656457902333,1.5501123181549779
1302,46497,0.13267298596911134,0.025,0.0,0.4640178829431534,0.01691044504433781,0.003381172204953577,0.0014946602191509993,-0.0018865119858025778,continuous_direct_verified,gamma_high,0.13357455826089362,0.46000894114608165,0.02908493795657773,0.0009015722917822822,0.00400894179707173,1.719939237572955
1303,29441,0.1278814619407058,0.025,0.0,0.4726419381797314,0.022976131383790135,0.0032813299390484184,0.0018679262875515655,-0.001413403651496853,continuous_direct_verified,gamma_high,0.1288315260461103,0.4683209674070065,0.03632696169414734,0.0009500641054045189,0.004320970772724864,1.5810739017525088
1304,46785,0.12664121380075816,0.025,0.0,0.432201648503542,0.029029557102605515,0.0034669997632961022,0.0030743593365340667,-0.0003926404267620355,continuous_direct_verified,gamma_high,0.1276695522376975,0.42810081950806433,0.042757354629063084,0.0010283384369393356,0.004100828995477646,1.4728903537155738
1305,29249,0.12565817679278554,0.025,0.0,0.4482146166265011,0.03162304229588432,0.0033489015343870047,0.0033488874170768917,-1.4117310113016118e-08,continuous_direct_verified,gamma_high,0.12736285350919774,0.44000000370390013,0.05495408740512206,0.0017046767164121956,0.00821461292260095,1.7377862285019374
1306,4175,0.12098184050992132,0.025,0.0,0.47903594300150876,0.035910629168580926,0.00332226538077197,0.0033222513061906492,-1.4074581320723534e-08,continuous_direct_verified,gamma_high,0.12245204397667933,0.47199999635672196,0.057543993709583,0.0014702034667580105,0.007035946644786795,1.6024223201282595
1307,42255,0.12305733440443875,0.025,0.0,0.44000415652990343,0.030262407733499207,0.003070386576597813,0.0030703785986536513,-7.977944161633582e-09,continuous_direct_verified,gamma_high,0.12484996012499959,0.43199999734687144,0.054954087369710365,0.0017926257205608392,0.00800415918303199,1.815919204236962
1308,35151,0.12038649935275318,0.025,0.0,0.4842103660106659,0.07485015812347695,0.0038999794538011937,0.0013937328044836617,-0.002506246649317532,continuous_direct_verified,gamma_low,0.11955136451048005,0.4886150399145914,0.06237513176956412,0.0008351348422731275,0.00440467390392546,1.2000000000000002
1309,27663,0.12364917108789088,0.025,0.0,0.4609030857682228,0.07620363007406919,0.0037581889730550293,0.0013814856169698066,-0.002376703356085223,continuous_direct_verified,gamma_low,0.12275053928556859,0.4653458748822189,0.06350302506172432,0.0008986318023222889,0.004442789113996093,1.2
1310,33505,0.12979977293871345,0.025,0.0,0.46087392270565036,0.05678788611629193,0.0037490001696725292,0.0010912682060200568,-0.0026577319636524725,continuous_direct_verified,gamma_low,0.12910373005300135,0.4641189663744462,0.04732323843024327,0.0006960428857120948,0.003245043668795855,1.2000000000000002
1311,7631,0.12260158504359425,0.025,0.0,0.4120465345680714,0.07672377752690715,0.003535235516192179,0.0012464530121425608,-0.0022887825040496185,continuous_direct_verified,gamma_low,0.1216334164036131,0.4164067441723359,0.06393648127242262,0.0009681686399811568,0.004360209604264531,1.2000000000000002
1312,609,0.13177457712590696,0.025,0.0,0.4599136009812355,0.12200571080839955,0.0050743182564345875,0.0021928780203098316,-0.002881440236124756,continuous_direct_verified,gamma_low,0.13021121349839432,0.46731781321239135,0.1016714256736663,0.0015633636275126372,0.007404212231155838,1.2
1313,2625,0.12572307591326537,0.025,0.0,0.4010854437947273,0.11341485862189528,0.004955385725748747,0.001758416397777945,-0.0031969693279708025,continuous_direct_verified,gamma_low,0.12419512473657736,0.407704182454098,0.09451238218491272,0.001527951176688011,0.006618738659370682,1.2000000000000002
1314,41185,0.13004368338733913,0.025,0.0,0.46662268564105036,0.11176981039002212,0.004768207912897989,0.0020405711364442723,-0.0027276367764537167,continuous_direct_verified,gamma_low,0.1286475696804034,0.4733686558247561,0.09314150865835176,0.0013961137069357366,0.006745970183705763,1.2000000000000002
1315,27585,0.12713658707216385,0.025,0.0,0.4391046777367592,0.10639327771451015,0.00448319246555884,0.0018190634442611338,-0.002664129021297706,continuous_direct_verified,gamma_low,0.125787931522709,0.4454082099188972,0.08866106476209178,0.0013486555494548469,0.006303532182137972,1.2000000000000002
1316,8577,0.12964359824545685,0.025,0.0,0.4808743439614773,0.20177497192273358,0.006648269157918564,0.0033741447636828005,-0.003274124394235763,continuous_direct_verified,gamma_low,0.12713694725365157,0.49397567199189024,0.16814580993561132,0.002506650991805276,0.013101328030412918,1.2
1317,40975,0.12378141949884595,0.025,0.0,0.4550374433398247,0.1867687349301767,0.006426403687974786,0.0029283238346045548,-0.0034980798533702315,continuous_direct_verified,gamma_low,0.1214886942319168,0.4668907386688635,0.15564061244181396,0.002292725266929155,0.011853295329038782,1.1999999999999997
1318,6497,0.1309552094899118,0.025,0.0,0.40650850236415864,0.19405112498442595,0.00638458448194427,0.002846107714012881,-0.0035384767679313887,continuous_direct_verified,gamma_low,0.12820702995459207,0.4185702648854316,0.16170927082035497,0.0027481795353197225,0.012061762521272945,1.2
1319,26785,0.13228777102194728,0.025,0.0,0.4584332160651684,0.1962612040440631,0.006366485653771884,0.0032172777760846585,-0.003149207877687225,continuous_direct_verified,gamma_low,0.1297241310631489,0.4709851529662858,0.16355100337005263,0.0025636399587983805,0.012551936901117389,1.1999999999999997
1320,37377,0.12839359901845457,0.025,0.0,0.48656739071011545,0.3174104877317094,0.01021803289163708,0.004554456952477579,-0.005663575939159502,continuous_direct_verified,gamma_low,0.12458360949878114,0.5083396455420555,0.26450873977642453,0.003809989519673429,0.021772254831940008,1.1999999999999997
1321,43375,0.11718776994384826,0.025,0.0,0.4835350468754769,0.32464232233652596,0.01009416675491912,0.0042750574055449,-0.00581910934937422,continuous_direct_verified,gamma_low,0.1136263467389843,0.505799288508721,0.27053526861377164,0.003561423204863967,0.022264241633244142,1.2
1322,25167,0.12123757223598661,0.025,0.0,0.41066887900233273,0.34085318298423756,0.009415777469140674,0.003917070575466825,-0.005498706893673849,continuous_direct_verified,gamma_low,0.11692587723891879,0.4331497494559364,0.28404431915353134,0.004311694997067822,0.02248087045360364,1.1999999999999997
1323,7215,0.11980327521450819,0.025,0.0,0.4476141355931759,0.29381909441214904,0.009095363767867345,0.003844314658045676,-0.005251049109821669,continuous_direct_verified,gamma_low,0.1163081769468959,0.4671643066558667,0.24484924534345756,0.0034950982676122955,0.019550171062690802,1.2
1324,25249,0.1325535112991929,0.025,0.0,0.423888336122036,0.5699117514135629,0.015978396615063492,0.003918752717453702,-0.01205964389760979,continuous_direct_verified,a1_low,0.12744057941851009,0.45266121925225555,0.49676240412386546,0.0051129318806828195,0.02877288313021953,1.1472521806852718
1325,20385,0.13297914308495823,0.025,0.0,0.430567941069603,0.5320385116886454,0.01385197555693345,0.0034746199800624656,-0.010377355576870985,continuous_direct_verified,a1_high,0.13797914308495823,0.4044212543525797,0.6003174195059553,0.0050000000000000044,0.026146686717023304,1.1283345215003298
1326,33455,0.11825703256763519,0.025,0.0,0.40941021069884304,0.568028271681706,0.013828806134909631,0.0036847943335309476,-0.010144011801378684,continuous_direct_verified,m_high,0.1133352703074809,0.439410210698843,0.49103208377173835,0.004921762260154283,0.02999999999999997,1.1568048004491702
1327,1665,0.12852226584218446,0.025,0.0,0.4081512689590454,0.5482097396040568,0.01327732848372389,0.0037183124888125205,-0.00955901599491137,continuous_direct_verified,a1_low,0.12348816256389222,0.43590028677016035,0.4771826177546602,0.005034103278292235,0.02774901781111494,1.1488468339094335
1328,29039,0.11710386108607056,0.025,0.0,0.4035671599209309,0.6270572980892893,0.011300714452842133,0.003372351308895224,-0.007928363143946909,continuous_direct_verified,m_high,0.11232236717138469,0.43356715992093087,0.5481928756744651,0.0047814939146858665,0.02999999999999997,1.1438625453090647
1329,14415,0.12095992350950839,0.025,0.0,0.43271295800805093,0.6090851983692783,0.009704445974881586,0.003320797918236353,-0.006383648056645232,continuous_direct_verified,m_low,0.12593452136300962,0.40271295800805096,0.6901032485499609,0.004974597853501225,0.02999999999999997,1.133015956384418
1330,7695,0.12324572536163034,0.025,0.0,0.42927622944116595,0.8039304358418686,0.009548268962044838,0.002956397516168706,-0.006591871445876132,continuous_direct_verified,m_high,0.11895082559449192,0.459276229441166,0.7206700321650823,0.004294899767138413,0.030000000000000027,1.1155319355054214
1331,43535,0.1235343560576439,0.025,0.0,0.4141920678317547,0.6435579327666053,0.009288105859559056,0.003492678846138178,-0.005795427013420878,continuous_direct_verified,m_high,0.11866275077283074,0.4441920678317547,0.5648401814833031,0.00487160528481316,0.02999999999999997,1.1393628744268598
1332,20321,0.13142753350548447,0.025,0.0,0.576058515906334,0.012917911104875857,0.0034662623442080734,0.002438515385462844,-0.0010277469587452294,continuous_direct_verified,gamma_high,0.1321414583207639,0.5720292612392641,0.023723937371938234,0.000713924815279432,0.004029254667069826,1.836514989097862
1333,46209,0.12893653917126358,0.025,0.0,0.5281810864806176,0.010999317751942286,0.003257100938544088,0.00325709939551752,-1.5430265680634048e-09,continuous_direct_verified,gamma_high,0.13054172328420016,0.5200000012176739,0.034673685047191545,0.0016051841129365862,0.0081810852629437,3.1523487028155706
1334,30369,0.13236701507121326,0.025,0.0,0.4964158065617085,0.014750353009365785,0.0032432954933726867,0.0021593836728013007,-0.001083911820571386,continuous_direct_verified,gamma_high,0.13320396699413495,0.4922079060974411,0.026545556244431934,0.000836951922921686,0.004207900464267389,1.7996556575681102
1335,16033,0.13240195782855155,0.025,0.0,0.5279450826346874,0.013240420231479557,0.0031801472788269155,0.002436102370203946,-0.0007440449086229695,continuous_direct_verified,gamma_high,0.1331435733675836,0.5239725448719245,0.024018258113591158,0.0007416155390320422,0.003972537762762962,1.8140102575057941
1336,47759,0.12433828003704549,0.025,0.0,0.5293991178274154,0.024363217903608115,0.0035750170528575857,0.0015610364642192225,-0.002013980588638363,continuous_direct_verified,gamma_low,0.12368590186420063,0.5326995602743637,0.01424874787056577,0.0006523781728448586,0.0033004424469482707,1.70984974433692
1337,25985,0.12939573782496155,0.025,0.0,0.4893510989844799,0.02725810415508667,0.0034939008316826102,0.003431003349122181,-6.289748256042924e-05,continuous_direct_verified,gamma_high,0.13047371541174854,0.4846755443657445,0.04239732401656318,0.0010779775867869879,0.0046755546187354224,1.5554025245241188
1338,47361,0.12762652495875956,0.025,0.0,0.5611922144889832,0.02508427810009004,0.003489067871469039,0.002106730500154153,-0.001382337371314886,continuous_direct_verified,gamma_low,0.12693711528455914,0.5645961097833029,0.014458065253159059,0.0006894096742004197,0.0034038952943197254,1.7349678301257614
1339,40769,0.12522170650772751,0.025,0.0,0.5523106925189495,0.01934997672370217,0.0033833389977473123,0.001927732949310588,-0.0014556060484367244,continuous_direct_verified,gamma_high,0.126029378403468,0.5481553447683569,0.031836905361565,0.0008076718957404916,0.004155347750592564,1.645320085711904
1340,9057,0.13125020232982937,0.025,0.0,0.5441091850399971,0.030440790629327905,0.0037847747603254656,0.0037847599618849306,-1.4798440535045837e-08,continuous_direct_verified,gamma_high,0.13276697590354497,0.5360000040711088,0.052480746044796654,0.0015167735737156018,0.008109180968888241,1.7240270360860652
1341,1121,0.1316031528171152,0.025,0.0,0.5668894656002521,0.03425487858301688,0.003650368886054118,0.0036503497073629913,-1.9178691126539582e-08,continuous_direct_verified,gamma_high,0.13283883832730808,0.5600000045501532,0.05248074604774315,0.0012356855101928743,0.006889461050098911,1.5320663280284526
1342,6849,0.1265259247738868,0.025,0.0,0.5428965754806996,0.04217008314633584,0.0035707775915321403,0.0035707775915321403,0.0,verified_grid,gamma_low,0.12481922936878745,0.552,0.015848931924611134,0.001706695405099351,0.009103424519300463,2.6607523678521017
1343,11457,0.1263335538096726,0.025,0.0,0.5591786660254001,0.033680667500348205,0.0035198940413886685,0.003519882798118579,-1.1243270089684315e-08,continuous_direct_verified,gamma_high,0.12773589344944153,0.551999996614993,0.054954087364061883,0.0014023396397689347,0.007178669410407124,1.631621088373434
1344,42369,0.12940795710310343,0.025,0.0,0.5411574192345142,0.07412113987994391,0.004062015909834835,0.0016129538069031464,-0.0024490621029316885,continuous_direct_verified,gamma_low,0.12856517769219758,0.5456227310788434,0.06176761656661992,0.0008427794109058528,0.0044653118443291895,1.2000000000000002
1345,41167,0.12180830915458501,0.025,0.0,0.5000272914767265,0.07555088130895624,0.003995656591820588,0.0014601043518905547,-0.0025355522399300337,continuous_direct_verified,gamma_low,0.12096929712622273,0.5045115910018593,0.06295906775746352,0.0008390120283622848,0.00448429952513274,1.2000000000000002
1346,9231,0.12354105766862632,0.025,0.0,0.5166754990816116,0.06841263976175288,0.003971591552591887,0.0013883874913017131,-0.002583204061290174,continuous_direct_verified,gamma_low,0.1227848687060853,0.5207343068225456,0.05701053313479406,0.0007561889625410101,0.004058807740934034,1.2000000000000002
1347,3873,0.13328932630829515,0.025,0.0,0.5754247754812241,0.07437184056104357,0.003767110676625779,0.0017477486539971834,-0.0020193620226285954,continuous_direct_verified,gamma_low,0.13243901481386272,0.5799629472702488,0.061976533800869635,0.0008503114944324319,0.004538171789024714,1.2000000000000002
1348,7649,0.13085484011098744,0.025,0.0,0.5704267740249633,0.11342127426093904,0.00601349904075334,0.002486522669636463,-0.003526976371116877,continuous_direct_verified,gamma_low,0.12956265805572786,0.5776031795355004,0.09451772855078253,0.0012921820552595775,0.007176405510537109,1.2
1349,14031,0.12168859546072783,0.025,0.0,0.537470918893814,0.10448112695314835,0.005091973110381748,0.0020799312974086426,-0.003012041812973105,continuous_direct_verified,gamma_low,0.12055667368673596,0.5439478486929121,0.08706760579429028,0.0011319217739918647,0.006476929799098086,1.2000000000000002
1350,47279,0.1185522240586579,0.025,0.0,0.5470048882067203,0.08929519927509622,0.004889041925779578,0.0018043814895921534,-0.003084660436187425,continuous_direct_verified,gamma_low,0.11762123315340627,0.5524764812702344,0.07441266606258017,0.0009309909052516302,0.00547159306351408,1.2000000000000002
1351,23777,0.13017951590009036,0.025,0.0,0.5458774596452713,0.1166498814074494,0.00485099912810879,0.0024398400341675646,-0.0024111590939412254,continuous_direct_verified,gamma_low,0.12883223267967903,0.5532065110967231,0.09720823450620782,0.0013472832204113327,0.007329051451451796,1.2000000000000002
1352,30497,0.13320723813958468,0.025,0.0,0.5721631325781346,0.21080805938790484,0.009534223545004678,0.004137425233813845,-0.005396798311190833,continuous_direct_verified,gamma_low,0.13074035955171284,0.5865441049593736,0.17567338282325404,0.0024668785878718402,0.014380972381239032,1.2
1353,44097,0.1261546137277037,0.025,0.0,0.5585113249719142,0.2054214934863057,0.008677680400486755,0.0038174861638704113,-0.004860194236616344,continuous_direct_verified,gamma_low,0.12385454915267569,0.5723922815117528,0.17118457790525476,0.0023000645750280158,0.013880956539838563,1.2
1354,3777,0.12671247017569842,0.025,0.0,0.5648999616503716,0.1950736236837579,0.008531811442489434,0.003724773019856382,-0.004807038422633052,continuous_direct_verified,gamma_low,0.12452921550949106,0.5780281961675533,0.16256135306979827,0.0021832546662073626,0.013128234517181703,1.2
1355,47023,0.1186610320582986,0.025,0.0,0.5228163331747055,0.18860471785136818,0.00814560889204649,0.003228799389991425,-0.004916809502055065,continuous_direct_verified,gamma_low,0.1166134101405126,0.5352195647301105,0.1571705982094735,0.0020476219177859994,0.012403231555404903,1.2
1356,39489,0.12566942488774657,0.025,0.0,0.5435151867568493,0.29175748024674486,0.009452792985440366,0.004691222143472317,-0.00476157084196805,continuous_direct_verified,gamma_low,0.1224108398078328,0.5639758337994444,0.24313123353895408,0.0032585850799137783,0.020460647042595093,1.2
1357,20833,0.1309202667325735,0.025,0.0,0.5632574990391731,0.3097893914473589,0.009386077555001487,0.005163279804343552,-0.0042227977506579355,continuous_direct_verified,gamma_low,0.12738845340873067,0.5853607328994966,0.2581578262061324,0.003531813323842836,0.022103233860323535,1.2
1358,40495,0.12002787892706694,0.025,0.0,0.49293985515832905,0.2984983298972752,0.00933272428947836,0.00422172287221085,-0.00511100141726751,continuous_direct_verified,gamma_low,0.11668528651863075,0.5133618014164012,0.24874860824772935,0.003342592408436193,0.020421946258072143,1.2
1359,19727,0.12299680742435158,0.025,0.0,0.5446822002530098,0.352565774855836,0.009153750290456848,0.005123118845640892,-0.0040306314448159564,continuous_direct_verified,gamma_low,0.11921752285807861,0.5699194086315047,0.2938048123798634,0.003779284566272967,0.025237208378494858,1.1999999999999997
1360,28833,0.1322363782208413,0.025,0.0,0.5767811074852943,0.5129629225263029,0.011100346817521636,0.004559663408422703,-0.006540683409098933,continuous_direct_verified,m_low,0.1365745677485543,0.5467811074852943,0.5822657878024126,0.0043381895277130045,0.030000000000000027,1.1351030693111275
1361,46433,0.13114890647120775,0.025,0.0,0.5183936506509781,0.420869516520419,0.010413781057757374,0.00497109759866302,-0.005442683459094354,continuous_direct_verified,m_low,0.13613988548807776,0.48839365065097806,0.49222805676510567,0.004990979016870012,0.030000000000000027,1.1695502701993021
1362,26817,0.12627018801867962,0.025,0.0,0.5737483568489552,0.4469132252988819,0.010050669055715281,0.004859891749641979,-0.005190777306073302,continuous_direct_verified,m_low,0.13059166006557088,0.5437483568489552,0.5156626845782365,0.0043214720468912615,0.030000000000000027,1.1538317852047835
1363,36367,0.12331107500940562,0.025,0.0,0.5153614036738873,0.41152504432430353,0.009936028418612328,0.004793902866965842,-0.005142125551646486,continuous_direct_verified,m_low,0.12805875901030728,0.48536140367388725,0.4830336964947377,0.004747684000901656,0.030000000000000027,1.1737650069094738
1364,399,0.12467116885818542,0.025,0.0,0.5405645728111267,0.996670314910192,0.011371325993140668,0.0025705720970427134,-0.008800753896097954,continuous_direct_verified,m_high,0.12144881533818616,0.5705645728111267,0.9153674601018237,0.003222353519999263,0.030000000000000027,1.0888199093283526
1365,14703,0.11721197003498675,0.025,0.0,0.5720592550933361,0.9315540972262842,0.009590168634447652,0.002631557520949984,-0.006958611113497668,continuous_direct_verified,m_high,0.11421796802467861,0.6020592550933361,0.8549797948171226,0.002994002010308139,0.030000000000000027,1.0895627041403249
1366,4559,0.12248929827474059,0.025,0.0,0.5516528747975826,0.9305719531248552,0.009581570811874175,0.0027193709962951723,-0.006862199815579003,continuous_direct_verified,m_high,0.11927055521904602,0.5816528747975827,0.852543721829863,0.00321874305569457,0.030000000000000027,1.0915240231052499
1367,43169,0.13229968743398787,0.025,0.0,0.5095566101372242,0.958144512619278,0.009130999877600274,0.0027838216296433016,-0.006347178247956973,continuous_direct_verified,m_high,0.1286449867418151,0.5395566101372242,0.875724511171996,0.0036547006921727743,0.030000000000000027,1.094116357822368
1368,47585,0.13063438585959375,0.025,0.0,0.6475343696773053,0.011498449464137962,0.0035694562386090448,0.002468861986678589,-0.001100594251930456,continuous_direct_verified,gamma_high,0.13125943409405239,0.6437671880622113,0.021375203766834917,0.0006250482344586361,0.0037671816150939286,1.8589640136699437
1369,26575,0.12231822852045299,0.025,0.0,0.6240360245108605,0.015823253275540444,0.0035315011797982204,0.0018715975113173203,-0.0016599036684809,continuous_direct_verified,gamma_high,0.12298349818968064,0.6200180136135731,0.026868196317625426,0.0006652696692276555,0.004018010897287372,1.6980197339796257
1370,26561,0.12733100196346642,0.025,0.0,0.5995945870876312,0.011926722214241818,0.003404753119051014,0.002716786592886478,-0.0006879665261645359,continuous_direct_verified,gamma_high,0.127950808204562,0.5957972974376086,0.021769636387138025,0.0006198062410955885,0.003797289650022684,1.825282420105558
1371,23137,0.1318138608708978,0.025,0.0,0.6544518873095513,0.011025582207029089,0.0031828651270908136,0.002071577268730523,-0.0011112878583602907,continuous_direct_verified,gamma_high,0.13235535415460264,0.6512259462879729,0.019534009244698558,0.0005414932837048414,0.00322594102157836,1.7716986620665829
1372,40129,0.126363094849512,0.025,0.0,0.656814257055521,0.02660852306533402,0.004201242091821183,0.0030752541180371876,-0.001125987973783995,continuous_direct_verified,gamma_high,0.1271971720118173,0.6524071249086919,0.04000377790848072,0.0008340771623052967,0.004407132146829085,1.503419705417556
1373,27073,0.12677002004347743,0.025,0.0,0.6245849579572678,0.022584207560062453,0.004072496219057304,0.002167106283860445,-0.0019053899351968587,continuous_direct_verified,gamma_high,0.12756444520064802,0.6202924773648959,0.03519597910832324,0.0007944251571705974,0.004292480592371861,1.55843321111533
1374,1697,0.132330521941185,0.025,0.0,0.6489200703799725,0.027680937672529212,0.004015464414915493,0.004015464367629704,-4.728578899965141e-11,continuous_direct_verified,gamma_high,0.13395614812971224,0.6399999997639559,0.05248074602086885,0.0016256261885272405,0.008920070616016518,1.8959164838173517
1375,25057,0.13067945605143905,0.025,0.0,0.6645635515451431,0.018014961385394743,0.003991442292507191,0.002019259144709573,-0.0019721831477976176,continuous_direct_verified,gamma_high,0.13144216168633238,0.6602817761009372,0.030019765180988423,0.0007627056348933348,0.0042817754442059375,1.6663796573733611
1376,34607,0.11944626020267607,0.025,0.0,0.6245374217629432,0.030042834815002684,0.0038688918023663896,0.0035411220550812983,-0.00032776974728509134,continuous_direct_verified,gamma_high,0.12025182795875393,0.6202687063439883,0.04349717759911281,0.0008055677560778601,0.004268715418954905,1.447838656603449
1377,6465,0.125389038072899,0.025,0.0,0.6473803304135799,0.03327964345653417,0.0038406318560333876,0.0038406176965475342,-1.4159485853346837e-08,continuous_direct_verified,gamma_high,0.12657729818194177,0.640000003953236,0.05248074604469668,0.0011882601090427714,0.007380326460343922,1.5769623888320996
1378,44943,0.12472503683529795,0.025,0.0,0.6010057613253593,0.028818225270191664,0.003791435034561869,0.0037914190957588343,-1.5938803034788035e-08,continuous_direct_verified,gamma_low,0.12357149378365238,0.6079999958282062,0.01,0.0011535430516455697,0.006994234502846863,2.881822527019166
1379,35265,0.12678232397884132,0.025,0.0,0.584622060507536,0.030066765212298632,0.003786824956630418,0.0037868202435456335,-4.713084784425947e-09,continuous_direct_verified,gamma_high,0.12840076816520987,0.5759999977248234,0.054954087369954385,0.0016184441863685561,0.008622062782712603,1.8277352745441249
1380,36865,0.1281735180411488,0.025,0.0,0.6528939597308636,0.07240916419003675,0.0043909511521070445,0.0018556397303379048,-0.0025353114217691397,continuous_direct_verified,gamma_low,0.12740891645753566,0.6574026913080087,0.06034097015836395,0.0007646015836131337,0.004508731577145042,1.2000000000000002
1381,24161,0.131907659675926,0.025,0.0,0.5889855943620205,0.06061128821315358,0.004226742090883227,0.0014676551200906048,-0.0027590869707926216,continuous_direct_verified,gamma_low,0.13123088609148142,0.5926470057094604,0.05050940684429464,0.0006767735844445677,0.0036614113474399135,1.2000000000000002
1382,463,0.12246073805727066,0.025,0.0,0.61539201810956,0.07447078805056644,0.003995095777860012,0.001745414916653997,-0.002249680861206015,continuous_direct_verified,gamma_low,0.12169597589718202,0.6199920025374349,0.06205899004213869,0.000764762160088639,0.004599984427874904,1.2000000000000002
1383,1153,0.128888260666281,0.025,0.0,0.6305334076285363,0.07590844009160881,0.0039101874683426085,0.0018853891913167083,-0.0020247982770259,continuous_direct_verified,gamma_low,0.12807349193989656,0.6352532916232888,0.06325703340967401,0.0008147687263844461,0.004719883994752538,1.2
1384,6305,0.13225184227339926,0.025,0.0,0.6119043059647084,0.1164696612777656,0.0061476424250526554,0.0027284638372181173,-0.003419178587834538,continuous_direct_verified,gamma_low,0.13094323115941464,0.6193989214244673,0.09705805106480465,0.0013086111139846146,0.007494615459758935,1.2000000000000002
1385,35553,0.12969918814487758,0.025,0.0,0.6412409864366054,0.1228978884135051,0.005880899452438435,0.002932896085471055,-0.00294800336696738,continuous_direct_verified,gamma_low,0.1283629553194663,0.6492660824303659,0.10241490701125426,0.0013362328254112876,0.008025095993760445,1.2
1386,9167,0.12207038095220925,0.025,0.0,0.6086865559220314,0.11804776340323371,0.005849477060295913,0.002587560045062572,-0.0032619170152333407,continuous_direct_verified,gamma_low,0.12084357747361883,0.6162838258332851,0.09837313616936141,0.0012268034785904158,0.007597269911253757,1.2000000000000002
1387,41537,0.12560265716165306,0.025,0.0,0.6335209600627423,0.12527478894741026,0.005713997191741856,0.0028786122762628065,-0.0028353849154790496,continuous_direct_verified,gamma_low,0.12427832116393601,0.6417095508603927,0.10439565745617524,0.0013243359977170438,0.008188590797650441,1.1999999999999997
1388,929,0.13307128199376167,0.025,0.0,0.6592529825866222,0.20416232098935383,0.00813658830008159,0.004562169255506763,-0.003574419044574827,continuous_direct_verified,gamma_low,0.13079826263238484,0.673586750044292,0.17013526749112823,0.0022730193613768324,0.014333767457669788,1.1999999999999997
1389,18401,0.13053195117972793,0.025,0.0,0.5987240985035897,0.20298912999899518,0.007779296671580209,0.00412390384824311,-0.0036553928233370985,continuous_direct_verified,gamma_low,0.12824444594989964,0.6126540086500757,0.16915760833249602,0.0022875052298282905,0.013929910146486035,1.1999999999999997
1390,31887,0.12386608021333816,0.025,0.0,0.5957009918987751,0.19848395093682467,0.00773200839892933,0.0038817989570644035,-0.0038502094418649264,continuous_direct_verified,gamma_low,0.12173961743406217,0.6092775824878933,0.1654032924473539,0.0021264627792759866,0.013576590589118198,1.1999999999999997
1391,36687,0.12085145595483483,0.025,0.0,0.5897587738931179,0.17977250862626265,0.007717942919979461,0.0035081253036667913,-0.0042098176163126695,continuous_direct_verified,gamma_low,0.11896605224533939,0.6018576061924666,0.1498104238552189,0.0018854037094954423,0.012098832299348716,1.2
1392,19521,0.12615261366590858,0.025,0.0,0.645129281282425,0.2762442808416822,0.010691764739235027,0.005257914874617767,-0.00543384986461726,continuous_direct_verified,gamma_low,0.12324142287706595,0.6653098233431602,0.23020356736806852,0.002911190788842624,0.020180542060735274,1.1999999999999997
1393,1953,0.1330140137579292,0.025,0.0,0.5996460393071175,0.3581247356814189,0.010329000310656358,0.005934937686687308,-0.00439406262396905,continuous_direct_verified,gamma_low,0.1290288548298464,0.6260991392146344,0.2984372797345158,0.003985158928082794,0.026453099907516986,1.2
1394,29295,0.11740475995466114,0.025,0.0,0.582009668648243,0.26545392353945607,0.010132391642827383,0.004453152213164933,-0.00567923942966245,continuous_direct_verified,gamma_low,0.11470055329142707,0.6007653124075704,0.22121160294954675,0.0027042066632340656,0.018755643759327367,1.2
1395,35009,0.1262567474972457,0.025,0.0,0.635360236465931,0.33531472754040526,0.009989586632574649,0.0057879286360051204,-0.004201657996569528,continuous_direct_verified,gamma_low,0.12275611140840674,0.6603760841030337,0.2794289396170044,0.0035006360888389515,0.02501584763710274,1.2
1396,30177,0.1307311578653753,0.025,0.0,0.6432559691369534,0.46652011158948126,0.013421617004947038,0.0050751509472863636,-0.008346466057660675,continuous_direct_verified,m_low,0.13477897378667675,0.6132559691369533,0.5323529086832043,0.004047815921301434,0.030000000000000027,1.1411145960447966
1397,36225,0.12953057987615468,0.025,0.0,0.594028951972723,0.39406611035654954,0.010956328638445886,0.005489716425850766,-0.00546661221259512,continuous_direct_verified,m_low,0.1339782441173143,0.564028951972723,0.46182331334341264,0.00444766424115961,0.030000000000000027,1.1719437454937616
1398,8673,0.13069049334153535,0.025,0.0,0.589973048120737,0.43143768310998654,0.010545283429932112,0.005178534657786585,-0.0053667487721455265,continuous_direct_verified,m_low,0.13510442529262182,0.559973048120737,0.49940870778550134,0.004413931951086469,0.030000000000000027,1.1575454053654997
1399,38497,0.1320204964373261,0.025,0.0,0.6610987797379494,0.4800331963985133,0.010502531091538423,0.005057649282909335,-0.0054448818086290885,continuous_direct_verified,m_low,0.13599470098804337,0.6310987797379494,0.5451703632484138,0.0039742045507172585,0.030000000000000027,1.1356930465196933
1400,28751,0.12099364977329971,0.025,0.0,0.58863490447402,0.9723860817509172,0.01347161479283505,0.0025913193708135833,-0.010880295422021466,continuous_direct_verified,m_high,0.11802766292602876,0.61863490447402,0.8956115896941369,0.0029659868472709516,0.030000000000000027,1.0857229773935817
1401,17871,0.12252524211071433,0.025,0.0,0.6050105907022953,0.9848353694268682,0.01154657649397317,0.0025883554768585627,-0.008958221017114607,continuous_direct_verified,m_high,0.11959879163929382,0.6350105907022954,0.9087920978258627,0.002926450471420511,0.030000000000000027,1.0836751021305386
1402,46607,0.12338222591206432,0.025,0.0,0.6116781763732433,0.8921263407525177,0.010975504132059409,0.002693880077835645,-0.008281624054223764,continuous_direct_verified,m_low,0.12651540033598643,0.5816781763732433,0.9692864398223734,0.003133174423922108,0.030000000000000027,1.086490102965428
1403,23983,0.11897046621888878,0.025,0.0,0.6455432936549187,0.8500518660084115,0.01082637968851051,0.00276372319471532,-0.00806265649379519,continuous_direct_verified,m_low,0.12193401862748636,0.6155432936549187,0.9234513717487649,0.0029635524085975806,0.030000000000000027,1.0863470908957773
1404,29665,0.1303028226364404,0.025,0.0,0.7362799584865569,0.016219789471256997,0.004425793020195017,0.002136206272880771,-0.0022895867473142458,continuous_direct_verified,gamma_high,0.13102280739333813,0.7321399792432784,0.027836410314641208,0.000719984756897718,0.004139979243278469,1.716200470047405
1405,5281,0.13217648058198395,0.025,0.0,0.7517889998853207,0.010509502600992654,0.0043299204482072475,0.0037131201862173517,-0.0006168002619898957,continuous_direct_verified,gamma_high,0.13276051949214898,0.7478945055167258,0.019970167342743445,0.0005840389101650356,0.003894494368594903,1.9002009991278943
1406,43137,0.12907738671638075,0.025,0.0,0.7443683668971062,0.016422086790598686,0.004277435624833975,0.0021632254652201198,-0.002114210159613855,continuous_direct_verified,gamma_high,0.12978695734321585,0.7401841840204832,0.02800946377273189,0.0007095706268351043,0.004184182876622922,1.7055971101533056
1407,40207,0.12297678682953121,0.025,0.0,0.7362782046198845,0.012090171306445598,0.0041664694811458566,0.003244464086101611,-0.0009220053950442456,continuous_direct_verified,gamma_high,0.12357477508501799,0.7321391065111242,0.022428841936107696,0.0005979882554867783,0.004139098108760231,1.855130201848362
1408,6831,0.11816664617508651,0.025,0.0,0.7531062133610249,0.02643278949714195,0.004741914190366615,0.002825524419422631,-0.0019163897709439837,continuous_direct_verified,gamma_high,0.1189265272219837,0.7485531043046147,0.039871458422577284,0.0007598810468971845,0.004553109056410154,1.5084090321563826
1409,16225,0.1313910314347595,0.025,0.0,0.7286543145775795,0.018845145272595915,0.004588253782226504,0.004588210228222787,-4.355400371695156e-08,continuous_direct_verified,gamma_high,0.1316538359746515,0.7279999923202248,0.022908676519765393,0.0002628045398919976,0.0006543222573546226,1.215627483279662
1410,30881,0.13228196487762034,0.025,0.0,0.7214029349386692,0.024187235310841333,0.0044635768660341675,0.0022863397937030326,-0.002177237072331135,continuous_direct_verified,gamma_low,0.13165294376615905,0.7247014698237029,0.014197193183337266,0.000629021111461292,0.0032985348850336216,1.7036631817639152
1411,18337,0.13300674050115052,0.025,0.0,0.6734449706971646,0.026939386542094625,0.0044454743140613494,0.003365099601418244,-0.0010803747126431054,continuous_direct_verified,gamma_high,0.133935439597007,0.6687224812551802,0.041189305925744046,0.0009286990958564667,0.00472248944198439,1.52896228209885
1412,30561,0.13136073839850726,0.025,0.0,0.6968809276819229,0.027992363959224827,0.004205022294001541,0.004205022249208303,-4.479323769540633e-11,continuous_direct_verified,gamma_high,0.13292666017640595,0.6879999997660114,0.05248074602057426,0.0015659217778986878,0.00888092791591144,1.8748236518009167
1413,23471,0.11884427289478482,0.025,0.0,0.7276536263525486,0.028147704232701957,0.004094983279122207,0.004094976526806678,-6.752315528761599e-09,continuous_direct_verified,gamma_high,0.12010594381595754,0.7199999972216026,0.05011872334643884,0.0012616709211727278,0.007653629130946027,1.7805616732398015
1414,29121,0.12686046245507898,0.025,0.0,0.7437354154884814,0.04437984528012818,0.0040948493370543074,0.004094848330311926,-1.0067423813001075e-09,continuous_direct_verified,gamma_low,0.12551224337474182,0.7519999989119326,0.021877616239037247,0.0013482190803371652,0.008264583423451155,2.0285503134906975
1415,40751,0.11953434562310578,0.025,0.0,0.7436665944755076,0.03321040442485376,0.004044999794496618,0.0040449941100010435,-5.684495574774517e-09,continuous_direct_verified,gamma_high,0.1207874504806085,0.7359999974659205,0.05495408736746878,0.0012531048575027265,0.007666597009587162,1.6547250272671368
1416,47489,0.1295577894896269,0.025,0.0,0.7316122777760029,0.07705189732008651,0.005626076550217113,0.0021883014786713713,-0.0034377750715457417,continuous_direct_verified,gamma_low,0.12875523494918886,0.7364940204027008,0.06420991443340542,0.0008025545404380385,0.004881742626697938,1.2000000000000002
1417,15681,0.12545840167440475,0.025,0.0,0.7477737091481685,0.06860411190662236,0.005483652698790085,0.001960240078869061,-0.0035234126199210243,continuous_direct_verified,gamma_low,0.12477075479783817,0.7520849754969575,0.057170093255518625,0.0006876468765665833,0.004311266348788978,1.2000000000000002
1418,25313,0.12983152959495786,0.025,0.0,0.7490604631602764,0.07628610372892404,0.005166751888372657,0.0022172110850189565,-0.002949540803353701,continuous_direct_verified,gamma_low,0.12903887557515836,0.7539017490048935,0.0635717531074367,0.0007926540197994991,0.0048412858446170715,1.2000000000000002
1419,26543,0.11867992612533272,0.025,0.0,0.7081379652023315,0.0746718854846112,0.005080796059353181,0.0019355985098211284,-0.0031451975495320524,continuous_direct_verified,gamma_low,0.11796326507415332,0.7128417418421227,0.062226571237175995,0.0007166610511794014,0.004703776639791157,1.2000000000000002
1420,24129,0.12575566251762213,0.025,0.0,0.753979280591011,0.10394119063626588,0.006365931961460654,0.0028609472671049276,-0.0035049846943557266,continuous_direct_verified,gamma_low,0.12470432123035484,0.7607942727915403,0.08661765886355488,0.0010513412872672906,0.0068149922005292796,1.2000000000000002
1421,11201,0.1271290277130902,0.025,0.0,0.7152454756200314,0.07851342124313554,0.005957541221457415,0.002151302252618369,-0.0038062389688390463,continuous_direct_verified,gamma_low,0.1263227003602752,0.7202191218231089,0.06542785103594627,0.000806327352814995,0.0049736462030774975,1.2000000000000002
1422,42401,0.1326308705378324,0.025,0.0,0.700290922820568,0.11829468818383028,0.005925886058394495,0.003118106763408541,-0.002807779294985954,continuous_direct_verified,gamma_low,0.13134657626427576,0.7080950482028068,0.09857890681985855,0.001284294273556641,0.007804125382238736,1.2000000000000002
1423,8001,0.12522620549425484,0.025,0.0,0.729332685470581,0.12786049091848942,0.005753794904045846,0.003301882687257045,-0.0024519122167888006,continuous_direct_verified,gamma_low,0.12392505600862411,0.737895566622789,0.1065504090987412,0.0013011494856307315,0.008562881152207935,1.1999999999999997
1424,11009,0.12779279425740242,0.025,0.0,0.6671691082417965,0.17900303606611723,0.009027701539085175,0.0040575563264903716,-0.004970145212594803,continuous_direct_verified,gamma_low,0.1258854794043674,0.6795325771371791,0.14916919672176437,0.0019073148530350248,0.012363468895382534,1.2
1425,37345,0.13064678325317802,0.025,0.0,0.6876375354826451,0.19329494744328735,0.009027295403931655,0.004481769900061445,-0.00454552550387021,continuous_direct_verified,gamma_low,0.1285575408247781,0.701221256277819,0.16107912286940615,0.002089242428399918,0.013583720795173893,1.1999999999999997
1426,13153,0.1312790497671813,0.025,0.0,0.6827012002468109,0.2110154839222692,0.00897876311592101,0.004761496460758544,-0.004217266655162466,continuous_direct_verified,gamma_low,0.12898403245063844,0.6977064444093309,0.17584623660189103,0.002295017316542858,0.015005244162520026,1.2
1427,28129,0.1308192444033921,0.025,0.0,0.7248622283339501,0.2129057137018037,0.008857568222034378,0.005024879329487371,-0.0038326888925470076,continuous_direct_verified,gamma_low,0.1285447153564961,0.7402040905011601,0.17742142808483644,0.002274529046896012,0.015341862167210008,1.1999999999999997
1428,17505,0.13160013533197346,0.025,0.0,0.6906742811203003,0.26205036896311684,0.012411773029510761,0.005562304169130634,-0.0068494688603801274,continuous_direct_verified,gamma_low,0.12876665756215352,0.7100016219414574,0.21837530746926404,0.002833477769819931,0.01932734082115717,1.2
1429,34657,0.13132049031555654,0.025,0.0,0.673855010420084,0.30034938208074174,0.012278239819207297,0.005899863731705101,-0.006378376087502196,continuous_direct_verified,gamma_low,0.1280835215795743,0.6963105314484556,0.25029115173395144,0.0032369687359822263,0.02245552102837156,1.2
1430,3393,0.12551132221706213,0.025,0.0,0.6698231309652328,0.273608491721399,0.011997022782293065,0.005371641445881773,-0.006625381336411292,continuous_direct_verified,gamma_low,0.12267236042810385,0.6899785451065276,0.2280070764344992,0.0028389617889582747,0.020155414141294736,1.2
1431,42881,0.12918844777159394,0.025,0.0,0.7201793126761913,0.32421173456989355,0.01170024282069926,0.006406850849329101,-0.0052933919713701585,continuous_direct_verified,gamma_low,0.12582719862572533,0.7450951580332842,0.2701764454749113,0.0033612491458686056,0.024915845357092903,1.2
1432,33217,0.12690117964521053,0.025,0.0,0.7167542278766632,0.47656483710971764,0.011861661707540721,0.005090527311118096,-0.0067711343964226255,continuous_direct_verified,m_low,0.13052806875432857,0.6867542278766632,0.5395849528845349,0.003626889109118042,0.030000000000000027,1.13223828295227
1433,29889,0.1264110355637968,0.025,0.0,0.7521396167576313,0.4059624583755791,0.011422097346908505,0.00586991145482324,-0.0055521858920852644,continuous_direct_verified,m_low,0.1300839464644184,0.7221396167576313,0.46807522809939156,0.0036729109006216065,0.030000000000000027,1.1530012651227675
1434,38721,0.12519408226944506,0.025,0.0,0.7467524588108063,0.4164167936860813,0.011077228093064113,0.005695615917213999,-0.005381612175850114,continuous_direct_verified,m_low,0.12882658637482153,0.7167524588108063,0.47869339285535567,0.003632504105376466,0.030000000000000027,1.1495535245300939
1435,43073,0.1259233997669071,0.025,0.0,0.6989775940775871,0.3735597915924415,0.01104961755644272,0.006010283869957803,-0.005039333686484917,continuous_direct_verified,m_low,0.12982763055722607,0.6689775940775871,0.4376066332667725,0.0039042307903189577,0.030000000000000027,1.1714500412405384
1436,46465,0.1294500993564725,0.025,0.0,0.6789070568978787,0.9176178262872419,0.01220408801775823,0.0027482795209669837,-0.009455808496791247,continuous_direct_verified,m_low,0.13245653996568252,0.6489070568978786,0.9910432592720962,0.003006440609210015,0.030000000000000027,1.0800174439526091
1437,12385,0.13157537099905314,0.025,0.0,0.7044541500508785,0.8941809143070135,0.011099663822758524,0.0028707515689783522,-0.008228912253780172,continuous_direct_verified,m_low,0.13459121080389544,0.6744541500508785,0.9653550841991956,0.0030158398048422963,0.030000000000000027,1.0795970577691671
1438,28385,0.12991178967058659,0.025,0.0,0.6904139079153537,0.9023290060891385,0.010743686713274149,0.002809560853597973,-0.007934125859676176,continuous_direct_verified,m_low,0.13291744329323504,0.6604139079153537,0.9745704470671385,0.0030056536226484576,0.030000000000000027,1.0800610869100926
1439,44225,0.12632904029451314,0.025,0.0,0.7349647119641304,0.6804613021405475,0.010518269797509075,0.0037092807907642984,-0.006808989006744776,continuous_direct_verified,m_low,0.12948148285904815,0.7049647119641304,0.7449277826606182,0.0031524425645350074,0.030000000000000027,1.0947393780032408
1440,8734,0.13084770208224655,0.025,0.0,0.8078318350017071,0.0111290822628019,0.004403074896068304,0.0031442187280366993,-0.0012588561680316043,continuous_direct_verified,gamma_high,0.13144887766890345,0.803915921548089,0.021029081269105982,0.0006011755866568991,0.003915913453618081,1.889561131145024
1441,45150,0.1329825216904283,0.025,0.0,0.8390235997736454,0.011340328619186723,0.004355608017146831,0.0023166220424510036,-0.0020389859746958276,continuous_direct_verified,gamma_high,0.1335628018725205,0.835511801901062,0.020744522512507753,0.0005802801820922188,0.0035117978725833776,1.8292699629012563
1442,27969,0.12548193274997177,0.025,0.0,0.7601752400398254,0.012997706888964216,0.004355122491834302,0.0024787541625134364,-0.0018763683293208655,continuous_direct_verified,gamma_high,0.12611909902551255,0.7560876223760404,0.023797097641298105,0.0006371662755407792,0.004087617663784959,1.8308689251565735
1443,32926,0.13140557752922177,0.025,0.0,0.8155784979462624,0.011720825810008663,0.0043352951765467974,0.002690790007569579,-0.0016445051689772186,continuous_direct_verified,gamma_high,0.13200766731344318,0.8117892519565775,0.02158090877418213,0.0006020897842214101,0.0037892459896848862,1.8412447317281802
1444,44446,0.13178557991050185,0.025,0.0,0.8330199360847472,0.0257247388513316,0.004992770860963962,0.0033282971305078415,-0.0016644737304561206,continuous_direct_verified,gamma_low,0.13110191562891696,0.8365099720215814,0.014641476148691861,0.0006836642815848948,0.0034900359368341682,1.756977137419984
1445,34110,0.12651747846975925,0.025,0.0,0.840924122929573,0.02523813312075958,0.004977066468311951,0.0025787077483754753,-0.002398358719936476,continuous_direct_verified,gamma_low,0.12588409821081187,0.844462063634484,0.014502336916359583,0.0006333802589473803,0.00353794070491098,1.7402804297209036
1446,1200,0.12064601145684721,0.025,0.0,0.8168587751686573,0.026792947444265493,0.004713330087114667,0.0032771116651247505,-0.0014362184219899165,continuous_direct_verified,gamma_high,0.12140906904945953,0.8124293844569478,0.04014217214289676,0.0007630575926123179,0.004429390711709558,1.4982365126643955
1447,32880,0.1247771786991507,0.025,0.0,0.8005997143685817,0.022177666118022528,0.004456296701364972,0.002808303702381267,-0.0016479929989837053,continuous_direct_verified,gamma_high,0.12552689142986506,0.7962998549653094,0.03487775666902804,0.0007497127307143636,0.004299859403272266,1.5726522567081513
1448,3870,0.1299826107453555,0.025,0.0,0.8403974510729313,0.028211613974180195,0.0049514268013211805,0.003822172183212434,-0.0011292546181087466,continuous_direct_verified,gamma_high,0.1307810666228514,0.8361987210677349,0.04119121375188775,0.0007984558774959127,0.004198730005196438,1.4600800149040296
1449,17982,0.12682230495847763,0.025,0.0,0.8242032654583453,0.02934855807636429,0.00471460822676168,0.004714604437063649,-3.789698031081423e-09,continuous_direct_verified,gamma_high,0.12821363888928297,0.815999997735313,0.05248074600867081,0.001391333930805344,0.00820326772303237,1.7881882262193967
1450,45694,0.12954003578051926,0.025,0.0,0.8316171616315842,0.041260258777035805,0.0046886886919981705,0.00468868815742572,-5.345724505417815e-10,continuous_direct_verified,gamma_low,0.1281513513073727,0.8399999991485367,0.018197008586057373,0.0013886844731465509,0.008382837516952568,2.2674198663976886
1451,28318,0.1309291124343872,0.025,0.0,0.8006685294210911,0.029512427229945407,0.00455104132393259,0.004337185033788882,-0.00021385629014370865,continuous_direct_verified,gamma_high,0.13177805488898015,0.79633425906196,0.043111495401700166,0.000848942454592938,0.004334270359131143,1.4607912478969598
1452,31294,0.1269503547344357,0.025,0.0,0.843718734383583,0.0718386744454045,0.006423231176269764,0.0022902449252554893,-0.004132986251014275,continuous_direct_verified,gamma_low,0.12623312880188817,0.8482641139744408,0.05986556203783707,0.0007172259325475272,0.004545379590857768,1.2000000000000002
1453,27120,0.12336618923582138,0.025,0.0,0.8359088025987148,0.06875727864046385,0.005821409168798735,0.002137609907772594,-0.003683799261026141,continuous_direct_verified,gamma_low,0.12269888719764958,0.8402352803544834,0.05729773220038654,0.0006673020381717937,0.004326477755768554,1.2000000000000002
1454,13086,0.13014724585227672,0.025,0.0,0.8208809316158294,0.0748386403201478,0.00564319596468043,0.002364120744638973,-0.0032790752200414575,continuous_direct_verified,gamma_low,0.12937837666896226,0.825636748997574,0.06236553360012315,0.0007688691833144523,0.004755817381744576,1.2000000000000002
1455,13904,0.11899535153061153,0.025,0.0,0.8360252909362316,0.07611088490813503,0.005564273455814969,0.0022798142827393105,-0.0032844591730756584,continuous_direct_verified,gamma_low,0.11828169589181516,0.8408706873297513,0.06342573742344584,0.0007136556387963705,0.004845396393519774,1.2000000000000002
1456,36495,0.12420069305226208,0.025,0.0,0.7918346270918846,0.12459192098671144,0.007245117624944741,0.0034456358605675494,-0.0037994817643771913,continuous_direct_verified,gamma_low,0.12296180954586507,0.8002238119936423,0.10382660082225956,0.0012388835063970177,0.008389184901757774,1.1999999999999997
1457,42543,0.1200940817128867,0.025,0.0,0.7841236546635628,0.12362372762046876,0.006723374499642155,0.003309772300652929,-0.0034136021989892257,continuous_direct_verified,gamma_low,0.1189038234788052,0.7924291954233984,0.10301977301705731,0.0011902582340815038,0.008305540759835583,1.2
1458,4382,0.1299125038087368,0.025,0.0,0.8016342483460903,0.11816521994789697,0.006628675825774508,0.003445912324788979,-0.0031827635009855294,continuous_direct_verified,gamma_low,0.12868675929333592,0.8095389466945326,0.09847101662324746,0.0012257445154008895,0.007904698348442318,1.2000000000000002
1459,19440,0.12360094776377083,0.025,0.0,0.841685026884079,0.12757122479541763,0.006621173965994109,0.0036862196437034834,-0.002934954322290625,continuous_direct_verified,gamma_low,0.12234810354107128,0.8503312628956478,0.10630935399618137,0.0012528442226995423,0.008646236011568775,1.2
1460,21374,0.12888144114986064,0.025,0.0,0.8205487206578255,0.18027755958004124,0.009397742173418436,0.004884605074701567,-0.004513137098716869,continuous_direct_verified,gamma_low,0.12702332532123345,0.8334327951125522,0.1502312996500344,0.0018581158286271882,0.012884074454726724,1.1999999999999997
1461,19230,0.130229313345626,0.025,0.0,0.8300265438854695,0.2094941483003896,0.009092232376718795,0.005535074509419044,-0.003557157867299751,continuous_direct_verified,gamma_low,0.12805215748878843,0.8454222039669944,0.17457845691699134,0.002177155856837587,0.015395660081524931,1.2
1462,23311,0.12280843546614052,0.025,0.0,0.7888226710259914,0.16875195832287462,0.008925560334852225,0.00433756113952575,-0.004587999195326475,continuous_direct_verified,gamma_low,0.12114193148053048,0.8006924252304655,0.14062663193572886,0.0016665039856100378,0.011869754204474114,1.2
1463,45936,0.12384198266081513,0.025,0.0,0.8069010369479657,0.18090074624560995,0.00887422080100413,0.004685865595427449,-0.004188355205576681,continuous_direct_verified,gamma_low,0.12204622750547091,0.8198183248446165,0.15075062187134164,0.0017957551553442197,0.012917287896650809,1.2
1464,15262,0.1315919802989811,0.025,0.0,0.8044843778014183,0.35554154734125615,0.012364670615341147,0.006883832377466177,-0.005480838237874971,continuous_direct_verified,m_low,0.13541855078238363,0.7744843778014183,0.416996894186044,0.0038265704834025416,0.030000000000000027,1.1728499729619553
1465,45121,0.12601391817443075,0.025,0.0,0.7673713348805904,0.2682916281981374,0.012236211291502624,0.00594969413652143,-0.006286517154981195,continuous_direct_verified,gamma_low,0.1233008731672977,0.7876760883377792,0.2235763568317812,0.0027130450071330553,0.02030475345718885,1.1999999999999997
1466,14945,0.13184110233560206,0.025,0.0,0.7639994457364082,0.29455411112324253,0.012153051092416937,0.006478300770506203,-0.005674750321910733,continuous_direct_verified,gamma_low,0.1287381819121746,0.7866191996870358,0.24546175926936883,0.0031029204234274688,0.02261975395062754,1.1999999999999997
1467,30014,0.12647519218735398,0.025,0.0,0.8179053582251072,0.2710245904876108,0.011882450080550024,0.006315715284367276,-0.0055667347961827485,continuous_direct_verified,gamma_low,0.1237531247563787,0.8387022087573602,0.22585382540634236,0.002722067430975278,0.020796850532252997,1.2
1468,44961,0.13295082719996573,0.025,0.0,0.7656480304896831,0.39649964645465646,0.012242124076434392,0.006260326309931589,-0.005981797766502803,continuous_direct_verified,m_low,0.1368027948526278,0.7356480304896831,0.45835508771051403,0.003851967652662075,0.030000000000000027,1.156003774048589
1469,39198,0.12988048787228765,0.025,0.0,0.8221066258847713,0.3898471702320684,0.01171270757846499,0.006433631409526561,-0.00527907616893843,continuous_direct_verified,m_low,0.13352675730243127,0.7921066258847713,0.45032415948068716,0.0036462694301436227,0.030000000000000027,1.1551299941785342
1470,5441,0.12556514353491366,0.025,0.0,0.7889263577759266,0.3679654231704628,0.011690134336188419,0.006417990394680735,-0.005272143941507683,continuous_direct_verified,m_low,0.12921538466609178,0.7589263577759265,0.42953379659290863,0.0036502411311781224,0.030000000000000027,1.167321083845217
1471,22831,0.11936595011502506,0.025,0.0,0.781428225338459,0.4624962869532105,0.011591847895445645,0.005139284119966652,-0.006452563775478993,continuous_direct_verified,m_low,0.12264272472946902,0.751428225338459,0.5235271442894555,0.003276774614443964,0.030000000000000027,1.1319596698565912
1472,20830,0.1324703834950924,0.025,0.0,0.802949246019125,0.6607298816706149,0.010834199293125093,0.004043946090669616,-0.006790253202455476,continuous_direct_verified,m_low,0.13564780609631996,0.772949246019125,0.7223264288836589,0.003177422601227553,0.030000000000000027,1.093225006045286
1473,6270,0.12918194411322476,0.025,0.0,0.8363583855330944,0.6796803906219744,0.010038388581630437,0.003883309770325627,-0.00615507881130481,continuous_direct_verified,m_low,0.13218283559772423,0.8063583855330944,0.7404097982658644,0.003000891484499474,0.030000000000000027,1.0893499481253486
1474,20289,0.12527491468936208,0.025,0.0,0.7669310592114925,0.6519025699595073,0.009915539335206778,0.00388073246400591,-0.006034806871200869,continuous_direct_verified,m_low,0.12837208182287801,0.7369310592114925,0.7146483238131102,0.0030971671335159323,0.030000000000000027,1.09625020170959
1475,40847,0.124745912803337,0.025,0.0,0.7790535993874073,0.6282066154461732,0.009726896871217925,0.004026075391984318,-0.005700821479233607,continuous_direct_verified,m_low,0.12784617123593933,0.7490535993874072,0.6902261658382262,0.0031002584326023375,0.030000000000000027,1.098724764857824
1476,29168,0.12331458074040712,0.025,0.0,0.9042797073721885,0.01451127119524026,0.004953899179721518,0.002628559805361162,-0.0023253393743603566,continuous_direct_verified,gamma_high,0.12395470479919093,0.9001398553514974,0.02573021127678623,0.000640124058783817,0.004139852020691115,1.7731190417849687
1477,38430,0.13057737969793382,0.025,0.0,0.8479159966111183,0.013657287985101256,0.004784319885303783,0.002448446812534852,-0.002335873072768931,continuous_direct_verified,gamma_high,0.1312290542509392,0.8439579998860758,0.024393429170038478,0.0006516745530053825,0.00395799672504249,1.7861107707949986
1478,10814,0.12693826607428493,0.025,0.0,0.8561203651130199,0.011550700969356807,0.004781749925390396,0.003150160232294657,-0.0016315896930957394,continuous_direct_verified,gamma_high,0.12754629685793997,0.8520601861995355,0.021922737992517937,0.0006080307836550392,0.004060178913484425,1.8979573664557166
1479,6910,0.1274900302756578,0.025,0.0,0.8795594036579132,0.011175739349426072,0.00473503306326874,0.003350200655706611,-0.0013848324075621285,continuous_direct_verified,gamma_high,0.128041807077805,0.8757797060562252,0.020593433193422207,0.0005517768021471858,0.003779697601687948,1.8426908994150601
1480,19998,0.13065821211785078,0.025,0.0,0.8649696059525013,0.0264909512070755,0.005336083621765955,0.003419603723577623,-0.0019164798981883319,continuous_direct_verified,gamma_high,0.13148388560747448,0.8604847998479757,0.039915300140337236,0.0008256734896237017,0.004484806104525618,1.506752242617706
1481,47536,0.12145730340853335,0.025,0.0,0.9210687801241875,0.02733449332774373,0.005215168337977672,0.004045926509924148,-0.0011692418280535239,continuous_direct_verified,gamma_high,0.12226549700479747,0.9165343860781672,0.04149025814891107,0.0008081935962641201,0.004534394046020296,1.5178718570502876
1482,17758,0.13249190151691437,0.025,0.0,0.8798716813325882,0.01710093369878227,0.005076508621344055,0.0025904210716076533,-0.0024860875497364015,continuous_direct_verified,gamma_high,0.13320171635694844,0.8759358395613628,0.028582521220181418,0.0007098148400340731,0.003935841771225412,1.671401206719884
1483,4254,0.1314114181790501,0.025,0.0,0.9290050618350506,0.026255746930338938,0.005029661956960101,0.003760868067998475,-0.001268793888961626,continuous_direct_verified,gamma_low,0.13071086965985393,0.9325025352556797,0.014791818385291087,0.0007005485191961813,0.003497473420629116,1.7750182057702606
1484,42430,0.12566056801006198,0.025,0.0,0.8809086978435516,0.028116475888487258,0.004985126738334699,0.004241826934542683,-0.0007432998037920167,continuous_direct_verified,gamma_high,0.12648839604146114,0.8764543441633201,0.042079547938855454,0.0008278280313991637,0.004454353680231504,1.4966152979394405
1485,47710,0.13264382532797755,0.025,0.0,0.8794299989938736,0.03350826360336404,0.004848282707633677,0.0048482689885590464,-1.3719074630665073e-08,continuous_direct_verified,gamma_high,0.13382149226806161,0.8720000044147271,0.05248074604587649,0.00117766694008406,0.007429994579146504,1.5662030914848037
1486,14334,0.12808962594717743,0.025,0.0,0.8721839502453803,0.028627905783014412,0.004842827244334914,0.004021922044812233,-0.0008209051995226816,continuous_direct_verified,gamma_high,0.12886772221830775,0.8680919704144926,0.04149401049640077,0.0007780962711303185,0.004091979830887715,1.4494252849267135
1487,39614,0.12552900705486536,0.025,0.0,0.9273164197802544,0.031322351649207755,0.004841718659030185,0.004443418599006672,-0.00039830006002351294,continuous_direct_verified,gamma_high,0.12624448470644764,0.9236582044826629,0.043402805566494514,0.0007154776515822803,0.0036582152975914717,1.3856815750164886
1488,36382,0.1306700382847339,0.025,0.0,0.9170710854232311,0.07338448860582478,0.006366443011533067,0.0025628958977486687,-0.0038035471137843986,continuous_direct_verified,gamma_low,0.12992045410251363,0.9216861819694655,0.061153740504853976,0.0007495841822202642,0.004615096546234376,1.2000000000000002
1489,10032,0.1218697181902826,0.025,0.0,0.932856510579586,0.07042900973350628,0.006355217471059265,0.0027981405805930612,-0.003557076890466204,continuous_direct_verified,gamma_high,0.12268137667830344,0.9274386569166864,0.08451481168020755,0.0008116584880208388,0.005417853662899597,1.2000000000000002
1490,38526,0.1296100744046271,0.025,0.0,0.9327992051839828,0.06386350326427984,0.00600044451484477,0.0022778175739223707,-0.003722626940922399,continuous_direct_verified,gamma_low,0.1289650959938274,0.9367587292954476,0.05321958605356652,0.0006449784107996903,0.003959524111464718,1.2000000000000002
1491,42686,0.12540070693939925,0.025,0.0,0.9093510530889034,0.06640040451038234,0.005913651168263962,0.002253152894088576,-0.0036604982741753854,continuous_direct_verified,gamma_low,0.12475066419370243,0.9135000108268849,0.055333670425318615,0.0006500427456968272,0.004148957737981518,1.2000000000000002
1492,27504,0.12392621310427786,0.025,0.0,0.8802046328783035,0.11451151968910916,0.007655707698884275,0.0035056946521284764,-0.004150013046755799,continuous_direct_verified,gamma_low,0.12280559161530445,0.8878568395056772,0.09542626640759096,0.0011206214889734056,0.007652206627373648,1.2000000000000002
1493,30590,0.12909796526655556,0.025,0.0,0.9217240884900093,0.11778907083241755,0.007360257511172698,0.0038471033833545614,-0.003513154127818137,continuous_direct_verified,gamma_low,0.12790048182585945,0.9296063716051569,0.09815755902701462,0.0011974834406961177,0.007882283115147604,1.2
1494,350,0.1324090869165957,0.025,0.0,0.8905461847782135,0.1272741857355032,0.0069229045838637105,0.004061586158049431,-0.0028613184258142795,continuous_direct_verified,gamma_low,0.13107734956424533,0.8991767956492295,0.10606182144625269,0.0013317373523503706,0.00863061087101602,1.1999999999999997
1495,35710,0.12892536665312948,0.025,0.0,0.8907753832638263,0.11490459154978644,0.006900719093230778,0.0036583724383121175,-0.0032423466549186602,continuous_direct_verified,gamma_low,0.12775661298123528,0.8984565499302464,0.09575382629148868,0.0011687536718942015,0.007681166666420047,1.2000000000000002
1496,27550,0.13165327855385842,0.025,0.0,0.8918860055506229,0.18807427321988732,0.009910216126932447,0.005480436381794874,-0.004429779745137572,continuous_direct_verified,gamma_low,0.12969084400492065,0.905524162465742,0.1567285610165728,0.0019624345489377693,0.013638156915119048,1.1999999999999997
1497,39006,0.13298612143844368,0.025,0.0,0.8976756863296032,0.19671036872931005,0.009423112352264796,0.005732654561920071,-0.0036904577903447257,continuous_direct_verified,gamma_low,0.13091404545766422,0.9120498546677127,0.16392530727442506,0.002072075980779464,0.01437416833810956,1.2
1498,7614,0.125589705305174,0.025,0.0,0.9232103936374187,0.20324130689023323,0.00937200487672348,0.00574396942566846,-0.0036280354510550197,continuous_direct_verified,gamma_low,0.123572432908087,0.9381854406027051,0.16936775574186105,0.002017272397086989,0.014975046965286398,1.1999999999999997
1499,41776,0.1219269030261785,0.025,0.0,0.8946441024541855,0.1940822766917235,0.009236390016146949,0.005301844024382167,-0.003934545991764782,continuous_direct_verified,gamma_low,0.12005189676875622,0.9087877086294843,0.16173523057643627,0.0018750062574222764,0.014143606175298862,1.2
1500,47518,0.13196305944584313,0.025,0.0,0.8622857563197612,0.32568809346629857,0.012843207925957827,0.007509352981286279,-0.0053338549446715474,continuous_direct_verified,gamma_low,0.12861161466518276,0.8883629805098838,0.2714067445552488,0.0033514447806603787,0.026077224190122594,1.2
1501,15390,0.13032901049591603,0.025,0.0,0.8465964384377003,0.25979573593392075,0.012835609444982502,0.006473946438651353,-0.006361663006331149,continuous_direct_verified,gamma_low,0.12764701844341655,0.8664956771343569,0.21649644661160064,0.002681992052499471,0.019899238696656663,1.2
1502,43600,0.1188477200921625,0.025,0.0,0.8669756174087524,0.3591455004089036,0.012688099350193317,0.006550828365100494,-0.006137270985092823,continuous_direct_verified,m_low,0.12218526047822638,0.8369756174087524,0.41921672603713295,0.0033375403860638753,0.030000000000000027,1.1672615292683204
1503,39294,0.12854929622262717,0.025,0.0,0.906949994713068,0.3044417695634068,0.012462559173605803,0.007390999768243279,-0.005071559405362524,continuous_direct_verified,gamma_low,0.125494470680457,0.9312156669606652,0.2537014746361724,0.003054825542170181,0.024265672247597125,1.1999999999999997
1504,9246,0.1303874128032476,0.025,0.0,0.914967343211174,0.38232513556723224,0.014030861194207883,0.006888421799791071,-0.007142439394416812,continuous_direct_verified,m_low,0.13391720285237996,0.884967343211174,0.44111677771743996,0.0035297900491323697,0.030000000000000027,1.1537739391970192
1505,6942,0.13025155807845296,0.025,0.0,0.8674296990036965,0.39603448493494636,0.012475109550272827,0.006525912957589208,-0.0059491965926836195,continuous_direct_verified,m_low,0.1338141166326896,0.8374296990036965,0.4555269215841866,0.00356255855423665,0.030000000000000027,1.1502203442182886
1506,31678,0.12604228630661968,0.025,0.0,0.9130924582481384,0.4328448372248065,0.011627700542093845,0.006047353906546202,-0.005580346635547643,continuous_direct_verified,m_low,0.12933290799409777,0.8830924582481384,0.49095281598654894,0.003290621687478096,0.030000000000000027,1.1342466717041213
1507,2256,0.11947996872477235,0.025,0.0,0.8596069909632206,0.37990806979861774,0.01122599443514657,0.006277256389608604,-0.004948738045537965,continuous_direct_verified,m_low,0.12279592812975623,0.8296069909632205,0.43976125682240214,0.003315959404983887,0.030000000000000027,1.1575465008035009
1508,38334,0.12571348967030646,0.025,0.0,0.9030576758086681,0.6212535635853629,0.010630681854335083,0.0042547133580529955,-0.0063759684962820876,continuous_direct_verified,m_low,0.12862595946564265,0.8730576758086681,0.6793675086334494,0.0029124697953361867,0.030000000000000027,1.0935430369408279
1509,14142,0.126254269387573,0.025,0.0,0.9204083278775215,0.6571010921503873,0.010052172806832974,0.0040349335345757475,-0.006017239272257226,continuous_direct_verified,m_low,0.129097676093637,0.8904083278775214,0.7151116217824481,0.0028434067060640056,0.030000000000000027,1.0882825037502515
1510,13854,0.13059495529159904,0.025,0.0,0.8874890208244324,0.7613358412269636,0.00935701381612525,0.003492418432513232,-0.005864595383612017,continuous_direct_verified,m_low,0.13341194805157972,0.8574890208244323,0.8216152062997851,0.00281699275998068,0.030000000000000027,1.0791757878831445
1511,40752,0.12179885325022043,0.025,0.0,0.8626337833702564,0.7857393852651502,0.008708610472201743,0.003173182264649783,-0.00553542820755196,continuous_direct_verified,m_low,0.12442601971164274,0.8326337833702564,0.8472428449396808,0.0026271664614223172,0.030000000000000027,1.0782746300209656
1512,2974,0.131644919840619,0.025,0.0,0.9763814099133015,0.016105114909091535,0.005168605203187452,0.005004583004632251,-0.0001640221985552007,continuous_direct_verified,gamma_low,0.1314718014052313,0.9763814177989537,0.01342092909090961,0.000173118435387698,7.885652242300978e-09,1.2000000000000002
1513,43006,0.12813671450130643,0.025,0.0,0.9833667688071728,0.011344083522499387,0.005159022051715139,0.002873729549559213,-0.002285292502155926,continuous_direct_verified,gamma_high,0.12871877977948948,0.979683386985856,0.02123123858738286,0.0005820652781830526,0.003683381821316778,1.8715693114629928
1514,44112,0.11872672997415067,0.025,0.0,0.9598288558423519,0.011636047201680442,0.005010940064642656,0.0034273766043772507,-0.0015835634602654053,continuous_direct_verified,gamma_high,0.11926301206000949,0.9559144316790175,0.021502718043656076,0.0005362820858588191,0.003914424163334429,1.8479400840304876
1515,36702,0.13223301274701954,0.025,0.0,0.9910778306424618,0.010171735246806307,0.004985947902106336,0.003419351130524521,-0.001566596771581815,continuous_direct_verified,gamma_high,0.13277876460088692,0.9875389195183112,0.019199421668225414,0.0005457518538673767,0.003538911124150612,1.8875266807847357
1516,26526,0.13145861220546068,0.025,0.0,0.9444694690406322,0.02115575662353512,0.005731189821114373,0.0027834513803141054,-0.0029477384408002675,continuous_direct_verified,gamma_high,0.13220041394686718,0.9402347342385368,0.033289318481904744,0.0007418017414065059,0.004234734802095463,1.5735347628678718
1517,33118,0.13241374655626714,0.025,0.0,1.016091089695692,0.01926099349410312,0.005710828106775004,0.0028962342150733954,-0.0028145938917016086,continuous_direct_verified,gamma_high,0.13313733988565074,1.012045544847846,0.03104058984538712,0.0007235933293835983,0.004045544847846028,1.6115778168395312
1518,24446,0.12895680172368884,0.025,0.0,0.9681505441665649,0.021468057113636786,0.005337887561998888,0.0028895829084725753,-0.0024483046535263126,continuous_direct_verified,gamma_high,0.12968126574079356,0.9640752708713882,0.03353412616808071,0.0007244640171047145,0.004075273295176651,1.5620475570087526
1519,9022,0.12636729096993804,0.025,0.0,0.999918607622385,0.017016572379161907,0.005315322019213326,0.00270278070311423,-0.002612541316099096,continuous_direct_verified,gamma_high,0.1270404218319842,0.9959593038111925,0.028511933254103144,0.0006731308620461507,0.003959303811192583,1.675539151998565
1520,9168,0.11981216561980547,0.025,0.0,0.9850130647420883,0.02792894323393013,0.005476995940694916,0.00379190849874147,-0.001685087441953446,continuous_direct_verified,gamma_high,0.12059875242062984,0.9805065292668836,0.041938981042635395,0.0007865868008243709,0.004506535475204632,1.501631504327197
1521,35184,0.12413270156830551,0.025,0.0,0.9444956131279468,0.02827639925118406,0.005344318882640496,0.004817231749199513,-0.000527087133440983,continuous_direct_verified,gamma_low,0.1233849085950793,0.948247812312722,0.015350461247465084,0.0007477929732262051,0.0037521991847752068,1.8420553490438938
1522,41566,0.13269542935304346,0.025,0.0,0.9602763183414936,0.029776041811399874,0.005235504599922963,0.004865652372878343,-0.00036985222704462046,continuous_direct_verified,gamma_high,0.13354036885020185,0.9561381532173552,0.04330361028273114,0.0008449394971583868,0.004138165124138449,1.4543105009394561
1523,1886,0.13228353732265535,0.025,0.0,0.9834229312837124,0.03283517361616138,0.004998769026257275,0.004998762129970789,-6.89628648631313e-09,continuous_direct_verified,gamma_high,0.1334947961047511,0.9760000031693008,0.05248074603776743,0.0012112587820957421,0.007422928114411587,1.5983087725151102
1524,6814,0.13109067445620898,0.025,0.0,0.9886497423052788,0.0755656711659438,0.006956330048236942,0.0028091637738275714,-0.004147166274409371,continuous_direct_verified,gamma_low,0.13031817149618147,0.9933765865629344,0.0629713926382865,0.0007725029600275102,0.004726844257655571,1.2000000000000002
1525,12062,0.1300041100475937,0.025,0.0,1.0049881339073181,0.07666792306072615,0.0068375962587310275,0.0028673093903514415,-0.003970286868379586,continuous_direct_verified,gamma_low,0.12922674391077427,1.0097710591608275,0.06388993588393845,0.0007773661368194462,0.004782925253509429,1.2000000000000002
1526,28862,0.12528608497232202,0.025,0.0,1.0043239563703537,0.06825765514200346,0.006814990245344861,0.0029577508971615207,-0.00385723934818334,continuous_direct_verified,gamma_high,0.12609236883026714,0.9991547766615685,0.08190918617040417,0.0008062838579451226,0.005169179708785165,1.2000000000000002
1527,3102,0.13030868661589923,0.025,0.0,0.9748943492770195,0.06722693260074666,0.005555702579369942,0.002487684366810838,-0.0030680182125591036,continuous_direct_verified,gamma_low,0.12962654896962406,0.9790528264187934,0.05602244383395555,0.0006821376462751716,0.004158477141773975,1.2000000000000002
1528,31262,0.1307591740973294,0.025,0.0,1.0023586712777615,0.12313428111460442,0.008297028782227121,0.004317510505793056,-0.003979518276434065,continuous_direct_verified,gamma_low,0.1294941011503218,1.010587448201694,0.10261190092883703,0.0012650729470075894,0.008228776923932646,1.2
1529,41342,0.1286197832785547,0.025,0.0,1.016987470537424,0.12161129330160932,0.008235776550752628,0.004271177694088902,-0.003964598856663726,continuous_direct_verified,gamma_low,0.12739114853092634,1.0250797821236965,0.10134274441800778,0.0012286347476283543,0.00809231158627255,1.1999999999999997
1530,1726,0.12538366443477572,0.025,0.0,0.9697795517742633,0.116981017005998,0.008069241963146597,0.0039031924846186965,-0.0041660494785279,continuous_direct_verified,gamma_low,0.12423123624788701,0.9775599977985323,0.09748418083833164,0.0011524281868887098,0.007780446024268972,1.2000000000000002
1531,38142,0.12778974534012377,0.025,0.0,0.9770638488233089,0.12346403361049454,0.0078072382029774215,0.004165072270856995,-0.003642165932120426,continuous_direct_verified,gamma_low,0.12654945917485141,0.9853457419591445,0.10288669467541213,0.0012402861652723585,0.008281893135835605,1.2
1532,14462,0.12919688038527966,0.025,0.0,1.0213806942105292,0.1846070712369528,0.010118596631405382,0.005940025998930294,-0.0041785706324750874,continuous_direct_verified,gamma_low,0.12731705407678137,1.0346798416777594,0.15383922603079403,0.0018798263084982836,0.013299147467230155,1.1999999999999997
1533,11646,0.12877335972152654,0.025,0.0,0.949774444103241,0.21005986371061272,0.010104777268567603,0.006124759588573255,-0.003980017679994348,continuous_direct_verified,gamma_low,0.1266394231437961,0.9653626145151643,0.17504988642551061,0.0021339365777304498,0.015588170411923286,1.2
1534,44958,0.13156549418345095,0.025,0.0,1.0056452378630638,0.1617904431775411,0.009766625171067606,0.005396600462177312,-0.004370024708890294,continuous_direct_verified,gamma_low,0.12988822317918713,1.0170056228208355,0.13482536931461758,0.0016772710042638195,0.011360384957771696,1.2
1535,26576,0.11989409173838796,0.025,0.0,0.9945659875869751,0.21150191041689329,0.009687943295267619,0.006039894724813895,-0.0036480485704537234,continuous_direct_verified,gamma_low,0.11789659708471695,1.0102740353535145,0.17625159201407778,0.0019974946536710086,0.015708047766539335,1.1999999999999997
1536,20638,0.13142330483533443,0.025,0.0,1.00365621894598,0.34186393618446353,0.014058486459934554,0.007938882033868193,-0.006119604426066362,continuous_direct_verified,m_low,0.1350099278882862,0.9736562189459799,0.4003915222856165,0.003586623052951765,0.030000000000000027,1.1712014047295487
1537,27632,0.12358555495738985,0.025,0.0,1.0004294075071811,0.34652036006245296,0.013680423517916224,0.007477053227027681,-0.006203370290888543,continuous_direct_verified,m_low,0.12694916724111366,0.9704294075071811,0.40498545758311205,0.0033636122837238103,0.030000000000000027,1.1687205262920828
1538,30782,0.12731677703559402,0.025,0.0,1.0207517221570015,0.3376711809516539,0.013079525357916833,0.00789602840140276,-0.005183496956514074,continuous_direct_verified,m_low,0.1307961713370118,0.9907517221570015,0.3961965157337881,0.0034793943014177764,0.030000000000000027,1.1733204907128678
1539,13982,0.130970729701221,0.025,0.0,1.0076954610645772,0.24712279481729402,0.012600010224952095,0.007214604344602086,-0.005385405880350009,continuous_direct_verified,gamma_low,0.12842959724085443,1.0266870807212105,0.20593566234774505,0.0025411324603665797,0.01899161965663332,1.1999999999999997
1540,3888,0.1218299019150436,0.025,0.0,0.9804548889398574,0.42083145840717523,0.013222070948181982,0.0062261939536664415,-0.00699587699451554,continuous_direct_verified,m_low,0.12497272203704991,0.9504548889398574,0.47805475773872996,0.0031428201220063123,0.030000000000000027,1.1359767626406587
1541,7422,0.12790397992357613,0.025,0.0,0.9976323686540126,0.37396794201273476,0.012375341621258156,0.007213588903275806,-0.00516175271798235,continuous_direct_verified,m_low,0.13130766168645053,0.9676323686540126,0.43176487144931386,0.0034036817628743943,0.030000000000000027,1.1545504920168022
1542,36542,0.12533358801156286,0.025,0.0,0.9555091090500355,0.3810396862948629,0.012330682013940423,0.006841155522299962,-0.005489526491640461,continuous_direct_verified,m_low,0.1286877169791378,0.9255091090500355,0.4392658991180286,0.0033541289675749486,0.030000000000000027,1.1528087884738285
1543,12958,0.13106911508366467,0.025,0.0,0.948088476061821,0.4454911842051405,0.01182975757883571,0.006175366272666049,-0.005654391306169661,continuous_direct_verified,m_low,0.13442163933511356,0.918088476061821,0.5029045220032209,0.003352524251448885,0.030000000000000027,1.1288764847289157
1544,40350,0.1317463945131749,0.025,0.0,0.9611148945987225,0.6548906988287374,0.010585197775139096,0.00422929232307928,-0.006355905452059816,continuous_direct_verified,m_low,0.13466986462259803,0.9311148945987224,0.7119128026203967,0.002923470109423121,0.030000000000000027,1.0870711767530712
1545,16158,0.13003495908342305,0.025,0.0,0.968593479692936,0.6191590452869878,0.009753442515723769,0.004461227119335187,-0.005292215396388582,continuous_direct_verified,m_low,0.13297546724798653,0.9385934796929359,0.6757832623792701,0.0029405081645634823,0.030000000000000027,1.0914534278765744
1546,28254,0.1328927707858384,0.025,0.0,0.9551797188818455,0.7361693386417153,0.009423076507351566,0.0037200069628741013,-0.005703069544477465,continuous_direct_verified,m_low,0.135714158223206,0.9251797188818455,0.7941911696736571,0.002821387437367623,0.030000000000000027,1.0788158756231225
1547,11472,0.11970364316366615,0.025,0.0,0.9607908226549625,0.6033474223023284,0.009208238274804329,0.004284331484022743,-0.0049239067907815865,continuous_direct_verified,m_low,0.12244730582722252,0.9307908226549625,0.6601122165939434,0.0027436626635563705,0.030000000000000027,1.0940830973885738
1548,13168,0.12383731743320824,0.025,0.0,1.0872429132461547,0.01195379615300186,0.005375492825360883,0.0031808881801029787,-0.002194604645257904,continuous_direct_verified,gamma_high,0.12439734035952664,1.0836214595093843,0.021794331171624822,0.0005600229263184042,0.0036214537367704747,1.823214223554564
1549,38704,0.12191798998974265,0.025,0.0,1.0320591554045677,0.015790732626300524,0.005305708428262557,0.004491926035277069,-0.0008137823929854878,continuous_direct_verified,gamma_low,0.12176103533838305,1.0320591617305028,0.013158943855250434,0.00015695465135960596,6.325935109074976e-09,1.2000000000000002
1550,29182,0.12824468459002675,0.025,0.0,1.0787274301052094,0.01093745099795817,0.0051984565805140055,0.003180827092579504,-0.0020176294879345013,continuous_direct_verified,gamma_high,0.1287721933188106,1.0753637183682636,0.01990896500507722,0.0005275087287838487,0.003363711736945829,1.8202563841240407
1551,37502,0.1295162118971348,0.025,0.0,1.0231922514736653,0.011206753798495957,0.005170204275847937,0.00327212485983212,-0.0018980794160158168,continuous_direct_verified,gamma_high,0.13007482483900376,1.0195961293032525,0.020621988416642787,0.0005586129418689578,0.00359612217041283,1.8401393291436845
1552,23806,0.12790127536281945,0.025,0.0,1.0730174735188482,0.02772261161847201,0.006454209820823134,0.0038432655945392314,-0.0026109442262839027,continuous_direct_verified,gamma_high,0.1287431867413059,1.0685087343648847,0.04178377683438093,0.0008419113784864374,0.004508739153963548,1.5072092560911448
1553,47550,0.12581040933728221,0.025,0.0,1.0963162541389466,0.02041987645248102,0.006265890075481535,0.0031106535519362247,-0.00315523652354531,continuous_direct_verified,gamma_high,0.12652860538078328,1.092158127498034,0.032705227772328115,0.0007181960435010681,0.0041581266409125295,1.6016369074727883
1554,16990,0.1327220417559147,0.025,0.0,1.0484384909272193,0.02241610378444466,0.006159502357261268,0.003233599903156499,-0.002925902454104769,continuous_direct_verified,gamma_high,0.1335035333116753,1.044219244575136,0.03506474519222868,0.0007814915557605995,0.004219246352083372,1.5642658300217793
1555,9502,0.12975711813196542,0.025,0.0,1.0642406053841114,0.025943370963511125,0.006026109252704463,0.004360969721886321,-0.0016651395308181424,continuous_direct_verified,gamma_high,0.1305822566118845,1.0601202985322276,0.03950061211947936,0.0008251384799190797,0.004120306851883804,1.5225705316027067
1556,19294,0.13215592172928156,0.025,0.0,1.104835534095764,0.028041616564401316,0.006733764414582067,0.004001504939564633,-0.002732259475017434,continuous_direct_verified,gamma_high,0.13302205072452467,1.1004177644919184,0.04202349280503264,0.0008661289952431039,0.004417769603845656,1.498611633481261
1557,44208,0.12070862748660148,0.025,0.0,1.0485344022512435,0.02979504854920345,0.005941840060841527,0.0037988658135815288,-0.002142974247259998,continuous_direct_verified,gamma_high,0.12147401394351404,1.0442671981621223,0.04331742893799542,0.0007653864569125562,0.004267204089121179,1.453846563346294
1558,11582,0.12656179345212878,0.025,0.0,1.0249314792454243,0.027911134575853872,0.005907938222027395,0.003982560595505186,-0.001925377626522209,continuous_direct_verified,gamma_high,0.12739266136084312,1.0204657363546001,0.041925607888693164,0.0008308679087143389,0.0044657428908241315,1.5021104847870754
1559,21694,0.12506695128977302,0.025,0.0,1.1031591981649398,0.03344724527768428,0.005471044455887576,0.005471041822791813,-2.633095763128479e-09,continuous_direct_verified,gamma_high,0.12633131905176814,1.095999997987622,0.05495408736815805,0.0012643677619951221,0.007159200177317748,1.6430078743980436
1560,6430,0.12988512990996243,0.025,0.0,1.0962568372488022,0.059061405347429714,0.005623612017672328,0.0028734972371883397,-0.0027501147804839883,continuous_direct_verified,gamma_high,0.13060714385471664,1.091978792064424,0.07087368641691567,0.0007220139447542129,0.004278045184378243,1.2000000000000002
1561,43376,0.12415694566443564,0.025,0.0,1.1102653294801712,0.07680718538035812,0.005620585914719738,0.003539656018545091,-0.002080929896174647,continuous_direct_verified,gamma_high,0.1250600296148123,1.104515377989981,0.09216862245642975,0.0009030839503766652,0.005749951490190197,1.2
1562,382,0.12860077270306647,0.025,0.0,1.0555391125380993,0.06902497206495266,0.005520573869238582,0.0031751921590045707,-0.0023453817102340115,continuous_direct_verified,gamma_high,0.12943813824966033,1.050374610822035,0.0828299664779432,0.0008373655465938601,0.005164501716064196,1.2000000000000002
1563,9310,0.13315516193397345,0.025,0.0,1.040209636837244,0.051168561543254235,0.005497841325452143,0.005497841288570092,-3.6882051232534074e-11,continuous_direct_verified,gamma_low,0.13177889033206489,1.0480000002418852,0.028840315033440558,0.001376271601908563,0.007790363404641232,1.7742025870356795
1564,6160,0.11675974498502911,0.025,0.0,1.071558903902769,0.12521591194242399,0.008684337162919109,0.0042394671920947735,-0.004444869970824336,continuous_direct_verified,gamma_low,0.11561013895499284,1.079840403186264,0.10434659328535334,0.0011496060300362765,0.008281499283494975,1.1999999999999997
1565,2128,0.11864764434285463,0.025,0.0,1.0331352919340133,0.11691053257433828,0.007778797314764162,0.003939202450711787,-0.0038395948640523756,continuous_direct_verified,gamma_low,0.11755863427469722,1.0408382432080605,0.09742544381194855,0.0010890100681574116,0.007702951274047187,1.2000000000000002
1566,9086,0.1288443601690233,0.025,0.0,1.0747888475656509,0.1280670554887582,0.007382921645666494,0.0046649857678125375,-0.0027179358778539565,continuous_direct_verified,gamma_low,0.12754640808381004,1.0832890553875563,0.10672254624063186,0.0012979520852132442,0.008500207821905414,1.1999999999999997
1567,16222,0.1322076154407114,0.025,0.0,1.0934178970754145,0.08216495260252835,0.0073260749032795745,0.0033106588749414463,-0.004015416028338128,continuous_direct_verified,gamma_low,0.13135830137955506,1.0984666630705033,0.06847079383544027,0.0008493140611563477,0.005048765995088855,1.2000000000000002
1568,5502,0.1287071424070746,0.025,0.0,1.027286487817764,0.17233606039947694,0.010877392506669841,0.0056592188696690865,-0.005218173637000755,continuous_direct_verified,gamma_low,0.1269591056245874,1.0395221389679463,0.1436133836662308,0.0017480367824871945,0.012235651150182214,1.1999999999999997
1569,6398,0.1277094015851617,0.025,0.0,1.0567754194140435,0.2056627832434628,0.010710779388238622,0.006519474520666447,-0.0041913048675721746,continuous_direct_verified,gamma_low,0.12563979972286018,1.0718992900633122,0.1713856527028857,0.0020696018623015122,0.015123870649268678,1.1999999999999997
1570,11678,0.1317900978960097,0.025,0.0,1.0603437416255472,0.17036770182463054,0.010623721024546843,0.0058571068664330424,-0.0047666141581138004,continuous_direct_verified,gamma_low,0.13002003315637314,1.0723529616110714,0.1419730848538588,0.001770064739636562,0.012009219985524178,1.2
1571,7024,0.12396238995715977,0.025,0.0,1.0276332452893255,0.21495601862738956,0.01059783231242912,0.006424863141242987,-0.004172969171186133,continuous_direct_verified,gamma_low,0.12186435217417747,1.0436346897221018,0.17913001552282465,0.002098037782982301,0.01600144443277629,1.2
1572,46238,0.1311947522684932,0.025,0.0,1.053018534183502,0.2613968619426836,0.013533179948843295,0.007720062037936777,-0.005813117910906518,continuous_direct_verified,gamma_low,0.12850677625758167,1.0733693902200654,0.21783071828556966,0.0026879760109115303,0.02035085603656328,1.2
1573,16062,0.12530348175205291,0.025,0.0,1.0531569309532642,0.3147004758433844,0.013305985801063564,0.00822601921145553,-0.005079966589608034,continuous_direct_verified,gamma_low,0.12224295911617068,1.07875584224583,0.2622503965361537,0.003060522635882232,0.025598911292565862,1.2
1574,32702,0.12598050916567446,0.025,0.0,1.0285832025110722,0.23801452238555917,0.01318520747985646,0.006950457649967979,-0.00623474982988848,continuous_direct_verified,gamma_low,0.1236242198342903,1.0467316088213356,0.19834543532129933,0.0023562893313841676,0.018148406310263487,1.2
1575,6704,0.12254589092917742,0.025,0.0,1.0516216859221457,0.34414959279139146,0.012529378371530878,0.0076813390440598935,-0.0048480393274709845,continuous_direct_verified,m_low,0.12585889595588992,1.0216216859221456,0.4021785018728736,0.003313005026712501,0.030000000000000027,1.1686153646465498
1576,38238,0.13251078217290344,0.025,0.0,1.0885819494724274,0.4319313892232301,0.012413497708040074,0.006820100174947422,-0.005593397533092652,continuous_direct_verified,m_low,0.1358296899871489,1.0585819494724273,0.48768473313878163,0.0033189078142454587,0.030000000000000027,1.1290791669848685
1577,16894,0.12829302749596538,0.025,0.0,1.100576000660658,0.4871532560460027,0.012368635667250728,0.005936969156760819,-0.006431666510489909,continuous_direct_verified,m_low,0.13136897637191025,1.070576000660658,0.5420364594888437,0.003075948875944867,0.030000000000000027,1.1126610625335907
1578,32112,0.12440588972531261,0.025,0.0,1.0360639013350008,0.5288378095139232,0.012306984858686169,0.005200597973467775,-0.007106386885218394,continuous_direct_verified,m_low,0.1273327501982025,1.0060639013350008,0.5842136533361885,0.0029268604728898973,0.030000000000000027,1.1047123386906914
1579,26750,0.12921926872804762,0.025,0.0,1.0839790649712087,0.3621783970379763,0.012160686650361057,0.007809691439731631,-0.004350995210629426,continuous_direct_verified,m_low,0.13264896364370554,1.0539790649712086,0.419488729227458,0.0034296949156579215,0.030000000000000027,1.1582378536604778
1580,12926,0.1295355412643403,0.025,0.0,1.0617396496236324,0.6472732297043409,0.010496783777874885,0.004328389465795606,-0.006168394312079279,continuous_direct_verified,m_low,0.1323393530556095,1.0317396496236324,0.7022516968642452,0.002803811791269206,0.030000000000000027,1.0849385771523676
1581,16432,0.1222196400165558,0.025,0.0,1.0800170809030534,0.6145463956824709,0.009851810617953755,0.004405427046396312,-0.005446383571557443,continuous_direct_verified,m_low,0.12491399309649784,1.0500170809030533,0.6692015787134875,0.0026943530799420357,0.030000000000000027,1.0889358125196071
1582,33584,0.12195111750625075,0.025,0.0,1.0601168401539325,0.7009825906703057,0.00933081786676252,0.0037456708167725545,-0.005585147049989965,continuous_direct_verified,m_low,0.1245104560584517,1.0301168401539325,0.756371640402871,0.002559338552200946,0.030000000000000027,1.079016298649586
1583,43038,0.1305224996060133,0.025,0.0,1.0446292467415332,0.663393682066089,0.009095889804866567,0.0042133519408475255,-0.004882537864019041,continuous_direct_verified,m_low,0.13333259019832686,1.0146292467415332,0.7187820132844311,0.0028100905923135466,0.030000000000000027,1.0834924008408393
1584,36464,0.12463749554008247,0.025,0.0,1.1756114475429058,0.011708748872053816,0.006227059960543519,0.003671930497707371,-0.002555129462836148,continuous_direct_verified,gamma_high,0.12478049194755274,1.1756114424270827,0.014050498646464581,0.0001429964074702722,5.115823098478245e-09,1.2000000000000002
1585,38302,0.13186557651497427,0.025,0.0,1.143044501543045,0.010653956120823635,0.005912874585336809,0.0035655920822995875,-0.0023472825030372213,continuous_direct_verified,gamma_high,0.13200304336773758,1.1430444961586639,0.012784747344988363,0.00013746685276330717,5.384381163153762e-09,1.2000000000000002
1586,34384,0.1190437758807093,0.025,0.0,1.1352403096854686,0.010982052872635326,0.005560773712020659,0.0033502141702988985,-0.0022105595417217607,continuous_direct_verified,gamma_high,0.11958628031462033,1.1316201578522656,0.020889708905177745,0.0005425044339110313,0.003620151833203078,1.9021679414082908
1587,10078,0.13226129817776383,0.025,0.0,1.1743161484599112,0.012089153827579012,0.005468047106753844,0.001242103469792451,-0.004225943636961393,continuous_direct_verified,gamma_low,0.13213798521029962,1.1751580725634527,0.010037078686455328,0.0001233129674642064,0.0008419241035415581,1.2044494424351664
1588,31646,0.13160844459198417,0.025,0.0,1.1282806627452373,0.027138951594635398,0.006580646740216107,0.0038198171462039123,-0.0027608295940121947,continuous_direct_verified,gamma_high,0.1324268523891141,1.124140329070687,0.04040053870992387,0.0008184077971299386,0.004140333674550245,1.4886551003654065
1589,38256,0.12428499320521952,0.025,0.0,1.1282610185444355,0.020191996684761567,0.006360387558625272,0.003181065013378384,-0.003179322545246888,continuous_direct_verified,gamma_high,0.12499787184669651,1.1241305098283696,0.032522225453954653,0.0007128786414769966,0.004130508716065906,1.6106493063411815
1590,28304,0.11710878768935801,0.025,0.0,1.1760869048535825,0.022218126320037602,0.006202241805091538,0.003212293449450664,-0.0029899483556408745,continuous_direct_verified,gamma_high,0.11780404823613015,1.1720434521645267,0.034909557089874685,0.0006952605467721445,0.004043452689055815,1.571219669337788
1591,8016,0.11844835872761907,0.025,0.0,1.1281127154827117,0.022774873846728674,0.005968955056301277,0.003127495709245028,-0.002841459347056249,continuous_direct_verified,gamma_high,0.11914345410389071,1.1240563570965663,0.03534423718850927,0.0006950953762716455,0.004056358386145487,1.551896068727776
1592,27742,0.1331122798379511,0.025,0.0,1.1842633210122586,0.03205617212095569,0.007067064926087561,0.005855051114973273,-0.0012120138111142882,continuous_direct_verified,gamma_high,0.1340588280468002,1.1801316542601714,0.04704857275759976,0.0009465482088490962,0.004131666752087204,1.467691544083121
1593,32894,0.12912125899456445,0.025,0.0,1.176158855110407,0.02945843311159914,0.006666509730164493,0.004151518959770706,-0.002514990770393787,continuous_direct_verified,gamma_high,0.12994959402150266,1.1720794247018653,0.04307204028920424,0.000828335026938215,0.00407943040854164,1.462129371444566
1594,17662,0.12784294905140997,0.025,0.0,1.1921710364520548,0.035990831031580975,0.006430125342904985,0.005968616726673216,-0.00046150861623176897,continuous_direct_verified,gamma_high,0.1287563947500337,1.1880855119414067,0.051013669015636365,0.0009134456986237272,0.004085524510648142,1.417407366083691
1595,43230,0.13322785804048182,0.025,0.0,1.1994942493736742,0.02942716486191295,0.006408511200767691,0.005121533226282302,-0.001286977974485389,continuous_direct_verified,gamma_high,0.13408763222745282,1.1957471195490463,0.043049175099495754,0.0008597741869710018,0.0037471298246278817,1.4629059680572059
1596,18814,0.12856705035083,0.025,0.0,1.1247911103069783,0.07689789546617629,0.0077646603263473645,0.0031309182077598166,-0.0046337421185875475,continuous_direct_verified,gamma_low,0.12779363576786135,1.1294047717967133,0.0640815795551469,0.0007734145829686456,0.004613661489734966,1.2000000000000002
1597,14526,0.12518248269334437,0.025,0.0,1.1727672174572943,0.07603112588166767,0.007233311521622499,0.003691677573895614,-0.0035416339477268846,continuous_direct_verified,gamma_high,0.12608668926258104,1.167219669284587,0.09123735105800122,0.0009042065692366763,0.005547548172707195,1.2000000000000002
1598,19504,0.12213937994092704,0.025,0.0,1.1336823806166647,0.07277664072732683,0.006856043438249285,0.0033935815106845716,-0.0034624619275647134,continuous_direct_verified,gamma_high,0.12298110594435831,1.1283278429039563,0.08733196887279221,0.0008417260034312701,0.00535453771270844,1.2000000000000002
1599,44976,0.12097764327190817,0.025,0.0,1.1644281201064586,0.071028212831388,0.0063912476393701055,0.006391218514532858,-2.912483724765852e-08,continuous_direct_verified,gamma_low,0.1201999080500907,1.1680000071378827,0.05754399378209083,0.0007777352218174688,0.0035718870314240814,1.2343288701920756
1600,7294,0.1292666016146541,0.025,0.0,1.1209897711873054,0.1236686333995708,0.009469655011180567,0.004701207396056939,-0.0047684476151236286,continuous_direct_verified,gamma_low,0.12800762233729263,1.1290515035675155,0.10305719449964235,0.0012589792773614605,0.00806173238021013,1.1999999999999997
1601,40574,0.1296376718208194,0.025,0.0,1.1631632648408412,0.12620237721283145,0.008730188375604877,0.004931424785870408,-0.003798763589734469,continuous_direct_verified,gamma_low,0.12834600185694156,1.1713246732185987,0.10516864767735955,0.001291669963877834,0.008161408377757473,1.2
1602,38494,0.13283244245685638,0.025,0.0,1.122688367217779,0.10203122069683442,0.008638107270662249,0.004094092098801593,-0.004544015171860655,continuous_direct_verified,gamma_low,0.1317679327893145,1.1291072421914057,0.085026017247362,0.0010645096675418741,0.006418874973626698,1.2000000000000002
1603,46416,0.11814505788497628,0.025,0.0,1.128937866538763,0.11863792103668679,0.008619237251471156,0.004267861688190366,-0.00435137556328079,continuous_direct_verified,gamma_low,0.11704141830762246,1.1365937490183429,0.09886493419723898,0.001103639577353821,0.007655882479579823,1.2000000000000002
1604,30000,0.12152725164778531,0.025,0.0,1.193225123733282,0.20221850414687909,0.013748306767748002,0.007664706737850544,-0.006083600029897458,continuous_direct_verified,gamma_high,0.12390217790478665,1.174881412379977,0.24266220497625485,0.0023749262570013363,0.018343711353305148,1.1999999999999997
1605,14768,0.1214618244674057,0.025,0.0,1.1980751939117908,0.174637555805697,0.01361086313962352,0.0070065313643664535,-0.006604331775257067,continuous_direct_verified,gamma_high,0.12351259897165535,1.1828716998626347,0.20956506696683638,0.002050774504249661,0.015203494049156108,1.1999999999999997
1606,34544,0.12319032810628415,0.025,0.0,1.1998517103493214,0.18315740247447015,0.012917485857649404,0.007313984321785656,-0.005603501535863748,continuous_direct_verified,gamma_high,0.12537246179971043,1.1837063105616152,0.21978888296936416,0.0021821336934262775,0.016145399787706127,1.2
1607,20062,0.13288008701056242,0.025,0.0,1.190205842256546,0.19951682225774392,0.012063154680319946,0.008123981738276007,-0.003939172942043939,continuous_direct_verified,gamma_high,0.13544202118120768,1.1721783800562708,0.2394201867092927,0.0025619341706452636,0.01802746220027518,1.2
1608,14686,0.1323382701724768,0.025,0.0,1.186514365673065,0.2860206480205,0.019442827544099428,0.009730155127763682,-0.009712672416335746,continuous_direct_verified,gamma_high,0.13595318896013106,1.1580015454744792,0.3432247776246,0.00361491878765427,0.02851282019858581,1.2000000000000002
1609,4606,0.12823287532664837,0.025,0.0,1.187979057431221,0.30291204190166016,0.01840648779652641,0.009517638054927703,-0.008888849741598707,continuous_direct_verified,m_low,0.1318336488769015,1.157979057431221,0.3619919914443058,0.0036007735502531224,0.030000000000000027,1.1950399501180144
1610,26654,0.13051500157453122,0.025,0.0,1.199856512993574,0.2449254473149093,0.01719779907764478,0.009038224439939537,-0.008159574637705242,continuous_direct_verified,gamma_high,0.13359414095876843,1.1764441302187263,0.29391053677789114,0.003079139384237206,0.023412382774847806,1.2
1611,41136,0.12086640340276064,0.025,0.0,1.1901648208498954,0.26435733589968746,0.015421132955187305,0.008785523290636938,-0.006635609664550367,continuous_direct_verified,gamma_high,0.12393254513521999,1.164364273971829,0.3172288030796249,0.0030661417324593515,0.025800546878066433,1.2
1612,6302,0.13131061377935113,0.025,0.0,1.1718828499317169,0.5456959199762386,0.016228228085495768,0.005486618291469847,-0.01074160979402592,continuous_direct_verified,m_low,0.1343129037684321,1.1418828499317168,0.5994524212491715,0.003002289989080975,0.030000000000000027,1.09850999302922
1613,17008,0.12455102377571167,0.025,0.0,1.1838326655328273,0.5103168955740038,0.015470658194074593,0.0056943917243885605,-0.009776266469686032,continuous_direct_verified,m_low,0.1274694245763104,1.1538326655328273,0.5642327844912381,0.002918400800598714,0.030000000000000027,1.1056517810498705
1614,1598,0.12682075374759735,0.025,0.0,1.149574613571167,0.3795515187105299,0.012832828401631859,0.007641857404930772,-0.005190970996701087,continuous_direct_verified,m_low,0.13013055030722517,1.119574613571167,0.43608589901727757,0.00330979655962782,0.030000000000000027,1.1489504784457585
1615,20254,0.12999818096868695,0.025,0.0,1.1142429202795028,0.36754157151695477,0.01275516828432238,0.007872340480054002,-0.004882827804268379,continuous_direct_verified,m_low,0.13342439819723184,1.0842429202795028,0.4244959967367241,0.0034262172285448866,0.030000000000000027,1.1549604987122988
1616,39422,0.12833804404363036,0.025,0.0,1.1865253299474716,0.9909756192991402,0.08967205976788505,0.07591624934557895,-0.0137558104223061,continuous_direct_verified,m_low,0.12819206666438976,1.1565253299474716,1.0,0.00014597737924060272,0.030000000000000027,1.0091065617812496
1617,31216,0.12334224968217315,0.025,0.0,1.1971456237137317,0.9876745550099096,0.08876936459505677,0.06786954024667949,-0.020899824348377283,continuous_direct_verified,m_low,0.12336462882974661,1.1671456237137317,1.0,2.237914757345638e-05,0.030000000000000027,1.012479257390575
1618,17054,0.1310329024679959,0.025,0.0,1.1941224232316017,0.9656855288994776,0.04875857894246385,0.0359845831160697,-0.012773995826394144,continuous_direct_verified,m_low,0.13222702619429044,1.1641224232316016,1.0,0.0011941237262945437,0.030000000000000027,1.0355337944637404
1619,41616,0.11727765719406308,0.025,0.0,1.1835028938949108,0.968900334337532,0.04231767691866587,0.03804356617335703,-0.00427411074530884,continuous_direct_verified,m_low,0.11818943522722578,1.1535028938949108,1.0,0.0009117780331626968,0.030000000000000027,1.0320978996087682
1620,15177,0.14730895678512754,0.025,0.0,0.4721802443265915,0.012813952370774831,0.0036811327459560427,0.0026560208108296793,-0.0010251119351263635,continuous_direct_verified,gamma_high,0.14822672134923273,0.46809012681825024,0.024178657079853623,0.0009177645641051946,0.004090117508341262,1.886900807825587
1621,37169,0.13588907206431033,0.025,0.0,0.48004474118351936,0.016586818438279388,0.003314276769899112,0.0017908994917233366,-0.0015233772781757754,continuous_direct_verified,gamma_high,0.1367475928093944,0.47602237251962853,0.02814959614228184,0.0008585207450840793,0.00402236866389083,1.6971064250222723
1622,9521,0.13608631347306074,0.025,0.0,0.46339806616306306,0.011652808457323211,0.0032003034135840505,0.002226580642451842,-0.0009737227711322087,continuous_direct_verified,gamma_high,0.13686627310831148,0.45969903659925154,0.02201942262046474,0.0007799596352507376,0.003699029563811518,1.8896236646391134
1623,31305,0.14798457603901627,0.025,0.0,0.44763287901878357,0.010418267519039771,0.00314815184655921,0.003148144669418666,-7.177140543771637e-09,continuous_direct_verified,gamma_high,0.1499042649406079,0.4400000026904583,0.03311311215289348,0.0019196889015916374,0.0076328763283252665,3.178370308919217
1624,33481,0.1464615170378238,0.025,0.0,0.40114244148135186,0.023392042074984586,0.004166847276545033,0.0004973660990637591,-0.003669481177481274,continuous_direct_verified,gamma_low,0.14607640865336072,0.40253430995964823,0.019056498610086844,0.00038510838446309537,0.0013918684782963653,1.2275099719841969
1625,41545,0.14790372573770583,0.025,0.0,0.46446675285696987,0.019539374445358533,0.003971819318879348,0.002042606031659229,-0.0019292132872201192,continuous_direct_verified,gamma_high,0.14899742825520104,0.46023337412417836,0.032737533118144334,0.0010937025174952153,0.004233378732791504,1.6754647498922848
1626,29137,0.1434486834332347,0.025,0.0,0.48113246336579324,0.0276416383995828,0.0037602603641133433,0.003760254996511105,-5.3676022381161925e-09,continuous_direct_verified,gamma_high,0.14563915422588353,0.4719999974899892,0.05495408736921148,0.0021904707926488354,0.009132465875804019,1.988090813388287
1627,20817,0.14186914563179018,0.025,0.0,0.4407571978867054,0.024811911277832506,0.003705623584182956,0.00210753284369161,-0.0015980907404913457,continuous_direct_verified,gamma_high,0.14300801623076403,0.4363785963109851,0.03862964639162848,0.0011388705989738568,0.004378601575720342,1.5568992633848824
1628,47857,0.13687146687880158,0.025,0.0,0.4004463851451874,0.030427627016093153,0.006793238175374839,0.005858353669980478,-0.0009348845053943605,continuous_direct_verified,gamma_low,0.13566144104946418,0.4042232035824695,0.015923679179851612,0.0012100258293374078,0.0037768184372821145,1.9108415004111317
1629,22225,0.14291326897218826,0.025,0.0,0.407966922223568,0.03224436504272742,0.0037741602271375648,0.0037741601756640605,-5.147350427836539e-11,continuous_direct_verified,gamma_high,0.14517140069206114,0.4,0.057543993700674,0.00225813171987288,0.007966922223567985,1.7846217044256172
1630,43697,0.1346814423799515,0.025,0.0,0.4885861836373806,0.028365023810475516,0.0036825334721234384,0.0032476586481463092,-0.0004348748239771292,continuous_direct_verified,gamma_high,0.1357122381980414,0.4842930867137904,0.042265129021911416,0.0010307958180899024,0.0042930969235902006,1.4900438407635828
1631,10185,0.1472215016838163,0.025,0.0,0.43015447035431864,0.04336371088065195,0.0036789611291531002,0.0008688881224867502,-0.00281007300666635,continuous_direct_verified,gamma_low,0.14659736288845535,0.4325611419809885,0.03613642573387662,0.0006241387953609678,0.002406671626669854,1.2000000000000002
1632,39049,0.14430799335241318,0.025,0.0,0.4288060583174229,0.07344185514083874,0.004072403690494592,0.0013997628562798443,-0.002672640834214747,continuous_direct_verified,gamma_low,0.14325039570325046,0.4330036896369556,0.06120154595069894,0.001057597649162717,0.004197631319532713,1.2000000000000002
1633,36561,0.14301466527394952,0.025,0.0,0.478365246206522,0.06313198982485187,0.0038666074408477574,0.0013372230026401993,-0.002529384438207558,continuous_direct_verified,gamma_low,0.14217704648523086,0.4820312575214218,0.05260999152070989,0.0008376187887186581,0.0036660113148997975,1.2
1634,38577,0.1348460774868727,0.025,0.0,0.4690819725394249,0.07456921730733435,0.003837458090950559,0.0014675257470862936,-0.002369932343864265,continuous_direct_verified,gamma_low,0.1338976628726445,0.47343755803397,0.06214101442277862,0.0009484146142281769,0.004355585494545067,1.2
1635,6793,0.14393749535083772,0.025,0.0,0.4866075545549393,0.06727837526630906,0.0037646774767578373,0.0014474463987060877,-0.0023172310780517494,continuous_direct_verified,gamma_low,0.1430454562974587,0.49054186773463876,0.05606531272192421,0.0008920390533790068,0.003934313179699445,1.2000000000000002
1636,14001,0.13482678527943792,0.025,0.0,0.4084159582853317,0.12911892959753585,0.0059148956252692815,0.002102460169935785,-0.0038124354553334965,continuous_direct_verified,gamma_low,0.13297783362675544,0.4160884201807361,0.10759910799794654,0.001848951652682479,0.007672461895404381,1.2
1637,4137,0.14959376147016884,0.025,0.0,0.481517555564642,0.11680956865667497,0.005807839099312094,0.002415004689035907,-0.0033928344102761867,continuous_direct_verified,gamma_low,0.14794338820080466,0.48864906361731236,0.09734130721389579,0.0016503732693641804,0.007131508052670377,1.2000000000000002
1638,7697,0.1401043954305351,0.025,0.0,0.4163215696811676,0.11920563764182704,0.00521250702088421,0.002054430736410185,-0.003158076284474025,continuous_direct_verified,gamma_low,0.1383640505762648,0.42338088640159327,0.09933803136818918,0.0017403448542702982,0.007059316720425646,1.2000000000000002
1639,35401,0.1479440382216126,0.025,0.0,0.42378360703587536,0.11213045830966806,0.005023354773341899,0.002059869696214108,-0.002963485077127791,continuous_direct_verified,gamma_low,0.14624343912670557,0.43040626941250787,0.09344204859139003,0.0017005990949070238,0.006622662376632504,1.2000000000000002
1640,18985,0.14929776615463197,0.025,0.0,0.4595190949738026,0.20896779501645713,0.008096835319240978,0.003691272253289673,-0.004405563065951305,continuous_direct_verified,gamma_low,0.14622096537283158,0.473003125964672,0.17413982918038096,0.003076800781800393,0.013484030990869367,1.2
1641,42025,0.1493324334267527,0.025,0.0,0.4742336854338646,0.16551497361708906,0.0074692115351467185,0.0031762096465824084,-0.00429300188856431,continuous_direct_verified,gamma_low,0.14695103946358037,0.48470446034495046,0.13792914468090756,0.002381393963172329,0.010470774911085834,1.2
1642,25745,0.14081949735991658,0.025,0.0,0.4776823863387108,0.1897901764678229,0.007301241405444498,0.0034066066820418145,-0.003894634723402684,continuous_direct_verified,gamma_low,0.13824944379607873,0.4899046714027564,0.15815848038985242,0.002570053563837854,0.012222285064045602,1.2
1643,777,0.14545997907407582,0.025,0.0,0.4760763801634312,0.21489103276532157,0.00718466224035856,0.0038141973290178217,-0.003370464911340738,continuous_direct_verified,gamma_low,0.14244637025006085,0.49009975729872507,0.179075860637768,0.0030136088240149683,0.01402337713529389,1.1999999999999997
1644,33233,0.14341612071730198,0.025,0.0,0.4541511803865433,0.2975869513752245,0.011471809624866007,0.0044963928158818665,-0.006975416808984141,continuous_direct_verified,gamma_low,0.13922482789576515,0.474056177058651,0.24798912614602045,0.004191292821536824,0.01990499667210771,1.2
1645,28145,0.13774174549616874,0.025,0.0,0.46245305687189103,0.31805169743441397,0.010771980213934851,0.004604594824997693,-0.006167385388937159,continuous_direct_verified,gamma_low,0.13351671117291167,0.4839702008952566,0.265043081195345,0.004225034323257076,0.021517144023365575,1.2
1646,46857,0.145263381395489,0.025,0.0,0.4673461616039276,0.30590867403403027,0.010505711102234102,0.004729400329804681,-0.005776310772429421,continuous_direct_verified,gamma_low,0.14099083309816504,0.48801590667389694,0.2549238950283586,0.004272548297323958,0.020669745069969325,1.1999999999999997
1647,9545,0.1478156499564648,0.025,0.0,0.4857632711529732,0.30046349551807217,0.009798219481730314,0.004898774297392057,-0.004899445184338257,continuous_direct_verified,gamma_low,0.14363892997870054,0.5062608984951572,0.2503862462650602,0.004176719977764254,0.02049762734218402,1.1999999999999997
1648,34441,0.14378986950032413,0.025,0.0,0.41679008230566983,0.5446063946216423,0.013955391529660553,0.0037176843423780805,-0.010237707187282473,continuous_direct_verified,a1_low,0.13876643856026577,0.4419510901894886,0.4805814141331231,0.00502343094005836,0.025161007883818753,1.1332240045196253
1649,30025,0.14780241856351495,0.025,0.0,0.42336021140217783,0.4932675192011319,0.012731151764906499,0.003419761082326102,-0.009311390682580398,continuous_direct_verified,a1_high,0.15280241856351495,0.40071360602062855,0.5518061694874876,0.0050000000000000044,0.02264660538154928,1.118675258369255
1650,39153,0.13725013961084187,0.025,0.0,0.41894384250044825,0.518602956273625,0.011552140203147685,0.0038962657266244714,-0.007655874476523213,continuous_direct_verified,a1_low,0.1322057147911808,0.4451927010211292,0.4523503845960495,0.005044424819661081,0.02624885852068093,1.146462949814311
1651,44585,0.1490674796514213,0.025,0.0,0.4088752202689648,0.5027898652911412,0.010576333620519521,0.0036658677480588533,-0.006910465872460668,continuous_direct_verified,a1_low,0.1440606435565975,0.4319624523522296,0.4441474791682784,0.005006836094823802,0.023087232083264797,1.132033589907294
1652,32265,0.14582788972184063,0.025,0.0,0.43199400007724764,0.7957953649652165,0.011351012700104777,0.0030110611712438214,-0.008339951528860955,continuous_direct_verified,a1_high,0.15094691157501763,0.4034037947701279,0.8809292867683202,0.005119021853177003,0.028590205307119754,1.10697966531487
1653,24689,0.13873886186629536,0.025,0.0,0.42944805324077606,0.8356686947444185,0.010850935163826743,0.0031486153015324206,-0.007702319862294322,continuous_direct_verified,m_high,0.1339872863130538,0.4594480532407761,0.7511053053733513,0.0047515755532415715,0.030000000000000027,1.11258526436454
1654,10577,0.14195180656388404,0.025,0.0,0.4070252776145935,0.8128542504847488,0.010506990870410453,0.003102860560454222,-0.007404130309956231,continuous_direct_verified,a1_low,0.13694981753511934,0.4359130076736865,0.730221989249568,0.005001989028764697,0.02888773005909301,1.1131604668877473
1655,35793,0.1437365411780775,0.025,0.0,0.41330754533410075,0.8873209267084251,0.009951508753452815,0.00304888886670842,-0.006902619886744395,continuous_direct_verified,m_high,0.13876589840517917,0.44330754533410077,0.798867326594572,0.004970642772898326,0.030000000000000027,1.110723767475777
1656,38609,0.14292422286234796,0.025,0.0,0.5599685430526733,0.015946650130608118,0.003939547079795836,0.0020763575307452733,-0.0018631895490505623,continuous_direct_verified,gamma_high,0.14372763943197367,0.555984273932034,0.026972758007575825,0.000803416569625709,0.003984269120639317,1.6914372477392048
1657,27633,0.137574424687773,0.025,0.0,0.567867136746645,0.013140403127985518,0.0036136856433597445,0.00215151534957128,-0.0014621702937884645,continuous_direct_verified,gamma_high,0.1383252099508214,0.5639335710495483,0.02392737012112864,0.0007507852630483924,0.003933565697096686,1.8209007659871401
1658,21265,0.13946725302375856,0.025,0.0,0.544576732814312,0.01262140940707528,0.00329877136086873,0.003298731963970627,-3.9396898103213895e-08,continuous_direct_verified,gamma_high,0.13970430820288338,0.5439999936711934,0.01584893192164308,0.0002370551791248121,0.0005767391431185098,1.2557180747784416
1659,19313,0.13833864135667684,0.025,0.0,0.5040423609316349,0.01097772237362222,0.0032244918962814873,0.003224491557414313,-3.3886717433831426e-10,continuous_direct_verified,gamma_high,0.14009990515260182,0.49600000057868526,0.0346736850456914,0.0017612637959249777,0.00804236035294964,3.1585500038702867
1660,22665,0.14431435340084137,0.025,0.0,0.576708372682333,0.02651164894663261,0.004360473117048358,0.003068204411423954,-0.001292268705624404,continuous_direct_verified,gamma_low,0.14346625302616256,0.5803541912242872,0.014863727929088048,0.0008481003746788063,0.0036458185419542266,1.7836473509952904
1661,1833,0.14843803588300947,0.025,0.0,0.5763841681182384,0.022794408278074458,0.004238835938255761,0.002386567448514446,-0.001852268489741315,continuous_direct_verified,gamma_high,0.14938908621103777,0.5721920813946715,0.03535939163915383,0.0009510503280283078,0.004192086723566968,1.551230951371763
1662,21449,0.14702714574523273,0.025,0.0,0.5681477949023247,0.017087854981620448,0.0038973297291594457,0.0019390410640432643,-0.0019582886651161816,continuous_direct_verified,gamma_high,0.14788543597146167,0.5640738988571594,0.028571589241842728,0.000858290226228936,0.004073896045165282,1.6720407138622189
1663,47881,0.145384571980685,0.025,0.0,0.5213044181466102,0.025766127185533717,0.0038028973882211444,0.0030588427658304303,-0.0007440546223907141,continuous_direct_verified,gamma_high,0.14650890639916841,0.5166522044728308,0.04028238685904187,0.0011243344184834192,0.004652213673779437,1.5633853923401513
1664,35785,0.1471079245209694,0.025,0.0,0.5447465397417546,0.028746963472291193,0.004517122401801472,0.0035116636584732017,-0.00100545874332827,continuous_direct_verified,gamma_high,0.14817242756936422,0.5403732640055917,0.042548730944743186,0.0010645030483948104,0.004373275736162863,1.4801121859620174
1665,30257,0.136423333035782,0.025,0.0,0.5604921072721482,0.03014099892779442,0.003942044958869832,0.003942037037403252,-7.921466579907666e-09,continuous_direct_verified,gamma_high,0.13818724358107198,0.5519999969289877,0.05495408736523062,0.0017639105452899873,0.008492110343160442,1.823233778577753
1666,20177,0.14300814932212236,0.025,0.0,0.5271434627473355,0.030803634004780072,0.003843227224643947,0.0038432029313921483,-2.4293251798656462e-08,continuous_direct_verified,gamma_high,0.1444729553736436,0.5200000053850562,0.05011872338694878,0.0014648060515212447,0.007143457362279282,1.6270393090364408
1667,16145,0.1395801743026823,0.025,0.0,0.5751024127006531,0.031153990880970275,0.003736954720893379,0.0037369363088216438,-1.8412071735307567e-08,continuous_direct_verified,gamma_high,0.14093551655736955,0.5680000045858653,0.05011872338335753,0.0013553422546872529,0.007102408114787795,1.6087416721294427
1668,23153,0.1390293664764613,0.025,0.0,0.5168474152684212,0.07397788928528323,0.004694356279215803,0.0016275353233505894,-0.003066820955865213,continuous_direct_verified,gamma_low,0.13810713281299578,0.5212596037971124,0.06164824107106935,0.000922233663465527,0.0044121885286912965,1.2000000000000002
1669,785,0.13945187418721616,0.025,0.0,0.557173577696085,0.06663785802385915,0.004397765731432734,0.001586567119818459,-0.0028111986116142753,continuous_direct_verified,gamma_low,0.1386473068218141,0.5611821893256908,0.05553154835321595,0.0008045673654020757,0.004008611629605752,1.2000000000000002
1670,3369,0.14877629331313075,0.025,0.0,0.5418863281607628,0.0649770549662339,0.004272873156059389,0.001583165952460882,-0.0026897072035985074,continuous_direct_verified,gamma_low,0.14793046219059416,0.5457661815179495,0.054147545805194916,0.0008458311225365833,0.003879853357186769,1.2000000000000002
1671,19497,0.14945594035089016,0.025,0.0,0.5664096549153328,0.06438874830100964,0.004171305737054203,0.0016395978928416322,-0.002531707844212571,continuous_direct_verified,gamma_low,0.14862869262675035,0.5702856624041195,0.053657290250841365,0.0008272477241398069,0.0038760074887866924,1.2000000000000002
1672,6089,0.1472555562388152,0.025,0.0,0.5522487357258796,0.1273715290370672,0.006376130413628354,0.002906505032190499,-0.0034696253814378544,continuous_direct_verified,gamma_low,0.1455956084687588,0.5603471099647692,0.10614294086422267,0.0016599477700564025,0.008098374238889594,1.2
1673,38345,0.14688504035584632,0.025,0.0,0.5069470249116421,0.1204165380234049,0.006224094808655169,0.002562007743272894,-0.003662087065382275,continuous_direct_verified,gamma_low,0.1452586541026849,0.5144181713768861,0.10034711501950411,0.001626386253161416,0.0074711464652439386,1.1999999999999997
1674,9969,0.13672383991070092,0.025,0.0,0.49625267907977105,0.11994097553887123,0.005921874424270479,0.0023779120360967834,-0.0035439623881736953,continuous_direct_verified,gamma_low,0.13519923572727724,0.5036548817940707,0.09995081294905934,0.0015246041834236779,0.007402202714299644,1.2000000000000002
1675,41745,0.13943483252078298,0.025,0.0,0.5215083293616771,0.11740361091189887,0.005462530989497269,0.002477089900798741,-0.002985441088698528,continuous_direct_verified,gamma_low,0.13795165016015093,0.5288137660632499,0.09783634242658237,0.0014831823606320516,0.007305436701572798,1.2000000000000002
1676,6801,0.14027310749515892,0.025,0.0,0.5551438122987747,0.2133283114116062,0.010057369338350466,0.004224587011088992,-0.005832782327261474,continuous_direct_verified,gamma_low,0.1376106640674892,0.5696067101367531,0.17777359284300517,0.0026624434276697195,0.014462897837978383,1.2
1677,36553,0.14667908945120872,0.025,0.0,0.5593770898878574,0.196418651496224,0.008297947628507895,0.0041371791672357,-0.004160768461272195,continuous_direct_verified,gamma_low,0.14412373174685408,0.572578491334158,0.1636822095801867,0.0025553577043546383,0.013201401446300554,1.1999999999999997
1678,5905,0.13956719799898565,0.025,0.0,0.535023708641529,0.16635231233232722,0.008032304020101723,0.003378707667356669,-0.004653596352745054,continuous_direct_verified,gamma_low,0.13747013037969694,0.5458606987434432,0.13862692694360604,0.0020970676192887117,0.01083699010191419,1.1999999999999997
1679,24113,0.13627989855594935,0.025,0.0,0.501254503428936,0.17218163848316928,0.0076804844024372845,0.0032197951990963368,-0.004460689203340948,continuous_direct_verified,gamma_low,0.13408821794530848,0.5123394291079492,0.14348469873597441,0.0021916806106408726,0.011084925679013202,1.2
1680,5233,0.13849930623546244,0.025,0.0,0.5656803958117962,0.2851701598698427,0.012491488063691072,0.005152329960337509,-0.007339158103353563,continuous_direct_verified,gamma_low,0.13504537463124963,0.5858564471759437,0.23764179989153558,0.003453931604212812,0.020176051364147463,1.2
1681,31689,0.1470673911739141,0.025,0.0,0.5217276304960251,0.3087062019600137,0.010496899442576355,0.005271157511195265,-0.005225741931381089,continuous_direct_verified,gamma_low,0.14297002592444938,0.5432586909980862,0.25725516830001144,0.004097365249464718,0.021531060502061106,1.2
1682,34825,0.14569678194820884,0.025,0.0,0.5151027604937554,0.27462150128312846,0.010417632204921012,0.004825790634116326,-0.005591841570804686,continuous_direct_verified,gamma_low,0.14203241664812868,0.5339608131497229,0.22885125106927373,0.003664365300080158,0.018858052655967517,1.2
1683,41129,0.14979443610645832,0.025,0.0,0.510513712465763,0.315352032276339,0.009995959511418032,0.0053072315972963295,-0.004688727914121702,continuous_direct_verified,gamma_low,0.14549161142214204,0.5324430157156738,0.26279336023028255,0.004302824684316281,0.021929303249910714,1.1999999999999997
1684,47497,0.14482760806567968,0.025,0.0,0.5625820733606816,0.4889002663525451,0.012044665026706447,0.0050217004417523825,-0.007022964584954065,continuous_direct_verified,m_low,0.14974439506058687,0.5325820733606815,0.5585624955483339,0.004916786994907191,0.030000000000000027,1.142487607371348
1685,15761,0.14140363261103633,0.025,0.0,0.5339794628322124,0.449555641064748,0.01169306549250364,0.0049757064511875525,-0.006717359041316087,continuous_direct_verified,a1_high,0.14641105897461892,0.5048052792110123,0.5184129906619657,0.00500742636358259,0.029174183621200167,1.1531675799554708
1686,31889,0.14072454436682166,0.025,0.0,0.5592840395867824,0.5233716063468977,0.011635442729026415,0.004656084478007257,-0.006979358251019158,continuous_direct_verified,m_low,0.14543336998787698,0.5292840395867824,0.5937161175107156,0.004708825621055318,0.030000000000000027,1.1344064338048798
1687,23049,0.14604431213811042,0.025,0.0,0.5323734313249588,0.5101623356504773,0.011225889623579881,0.00478232354380511,-0.006443566079774771,continuous_direct_verified,m_low,0.15119357695563215,0.5023734313249588,0.5818333525486862,0.0051492648175217315,0.030000000000000027,1.140486688039848
1688,46289,0.14271922316402197,0.025,0.0,0.5659660242497921,0.9880641735063672,0.013501623828498689,0.0029038222555236937,-0.010597801572974994,continuous_direct_verified,m_high,0.13914446667150146,0.5959660242497922,0.9090958584849583,0.003574756492520509,0.030000000000000027,1.0868646736033012
1689,28593,0.1354098029434681,0.025,0.0,0.5522130109369755,0.9671718163446347,0.01237017967341358,0.0028383917746612475,-0.009531787898752333,continuous_direct_verified,m_high,0.1319175026541004,0.5822130109369755,0.8878817004454145,0.0034923002893677,0.030000000000000027,1.0893025679653534
1690,29129,0.1468201410956681,0.025,0.0,0.562180832773447,0.9209910449505504,0.011857341070648767,0.003184939066035133,-0.008672402004613633,continuous_direct_verified,m_high,0.14299991391641773,0.592180832773447,0.8440646808659834,0.003820227179250374,0.030000000000000027,1.0911379966824852
1691,18193,0.13951634415425362,0.025,0.0,0.57262217476964,0.8949175397910382,0.011579529438001234,0.0029390142897850486,-0.008640515148216186,continuous_direct_verified,m_low,0.14324586590429325,0.5426221747696399,0.9752367108181857,0.003729521750039627,0.030000000000000027,1.0897503596207334
1692,30217,0.14594682529568676,0.025,0.0,0.6639197491109371,0.015591134204895347,0.004059298357675214,0.002043685703386155,-0.0020156126542890595,continuous_direct_verified,gamma_high,0.1467314407701301,0.6599598752289018,0.02667039685086672,0.0007846154744433342,0.003959873882035336,1.7106129996939334
1693,42313,0.14782015033997598,0.025,0.0,0.6083755291998386,0.014378790429782951,0.0040114532775069045,0.0026087057389613637,-0.0014027475385455408,continuous_direct_verified,gamma_high,0.14864182337499834,0.6041877682607861,0.025612489894766503,0.0008216730350223689,0.004187760939052487,1.7812687388304278
1694,17937,0.14018381396308544,0.025,0.0,0.6233610957860947,0.011476630148230539,0.0038531624272413008,0.002250673827020404,-0.0016024886002208969,continuous_direct_verified,gamma_high,0.140862397833926,0.6196805508108403,0.021354913474788014,0.0006785838708405767,0.003680544975254385,1.8607303014012788
1695,38281,0.14463685299269857,0.025,0.0,0.6318237021565437,0.015997465959199778,0.003784598454413368,0.0019262166169598752,-0.001858381837453493,continuous_direct_verified,gamma_high,0.14542024774408396,0.6279118516684797,0.027015699715249055,0.0007833947513853912,0.003911850488063973,1.6887486920835073
1696,32145,0.14139145985245705,0.025,0.0,0.608545146882534,0.01858250168509235,0.004490631145373891,0.002047528418834922,-0.002443102726538969,continuous_direct_verified,gamma_high,0.14222909021552038,0.6042725746732449,0.030488967227485966,0.0008376303630633353,0.004272572209289116,1.640735340384523
1697,34889,0.14816355146467686,0.025,0.0,0.6398781351745129,0.02068260749705433,0.004471384933982316,0.0032985451212361764,-0.0011728398127461397,continuous_direct_verified,gamma_high,0.14905986655310713,0.635939062539873,0.032914955175770186,0.0008963150884302717,0.003939072634639884,1.5914316016710184
1698,38449,0.13639158168807627,0.025,0.0,0.6486603610217572,0.022539864420769353,0.004460106226889772,0.0023186827071798597,-0.002141423519709912,continuous_direct_verified,gamma_high,0.13723804968736378,0.6443301788024285,0.03516140921999537,0.0008464679992875035,0.004330182219328682,1.5599654267483478
1699,3153,0.14235900905914606,0.025,0.0,0.656591073423624,0.01905049454289895,0.004453244576093276,0.002385883702958406,-0.00206736087313487,continuous_direct_verified,gamma_high,0.1432323361783231,0.6522955349985228,0.03158957260487178,0.0008733271191770364,0.00429553842510122,1.658202233739216
1700,35081,0.1452083942946047,0.025,0.0,0.6642791293561459,0.0354543074808171,0.003927344584447876,0.003927344368036604,-2.1641127171539987e-10,continuous_direct_verified,gamma_low,0.1436948009224396,0.6719999994866006,0.013803842646074465,0.001513593372165084,0.007720870130454749,2.568437527857476
1701,7057,0.1409652002621442,0.025,0.0,0.6058827050030231,0.04566660312541359,0.0038954166437579173,0.001212763132305987,-0.0026826535114519304,continuous_direct_verified,gamma_low,0.14042836079345816,0.6086025635512727,0.03805550260451132,0.0005368394686860456,0.002719858548249632,1.2000000000000002
1702,29737,0.1493890882469714,0.025,0.0,0.6565253034234046,0.04256278813986761,0.0037694031359295946,0.0012706022233758244,-0.00249880091255377,continuous_direct_verified,gamma_low,0.1488713130765601,0.6590857713251377,0.03546899011655633,0.0005177751704112943,0.0025604679017330323,1.2000000000000002
1703,13809,0.1376346599776298,0.025,0.0,0.6554265066981315,0.040823169146494045,0.0037307016416691426,0.0013646814800949195,-0.002366020161574223,continuous_direct_verified,gamma_high,0.1381880743142618,0.6524560951627822,0.04898780297579286,0.0005534143366320021,0.002970411535349271,1.2000000000000002
1704,33929,0.14415572015568617,0.025,0.0,0.6437741734087468,0.07507055181865281,0.0054737259204081555,0.002063336340115755,-0.0034103895802924007,continuous_direct_verified,gamma_low,0.14326001755984613,0.6484507317655719,0.06255879318221066,0.0008957025958400422,0.004676558356825122,1.2000000000000002
1705,42193,0.1426519307307899,0.025,0.0,0.6044968850910664,0.0688085404154846,0.005224049452407997,0.0017883143398420458,-0.003435735112565951,continuous_direct_verified,gamma_low,0.14182565921206947,0.6087043789214144,0.05734045034623716,0.000826271518720445,0.004207493830348019,1.2000000000000004
1706,35505,0.13470309367403388,0.025,0.0,0.6536744043231011,0.07691245288926157,0.004745814622151788,0.0020353819418518055,-0.002710432680299982,continuous_direct_verified,gamma_low,0.13384863912683984,0.6584839138132117,0.0640937107410513,0.0008544545471940446,0.004809509490110608,1.2000000000000002
1707,8209,0.13975640940479936,0.025,0.0,0.6129432819783688,0.07734566279722356,0.0047409830746159886,0.0019842947637254797,-0.002756688310890509,continuous_direct_verified,gamma_low,0.1388479669589329,0.617730972523279,0.06445471899768629,0.0009084424458664642,0.004787690544910239,1.2000000000000002
1708,11377,0.13857462517917157,0.025,0.0,0.6572541885077954,0.1269493308634348,0.006886236535474011,0.0032334472299200526,-0.0036527893055539585,continuous_direct_verified,gamma_low,0.13710924520258863,0.6656154757089271,0.10579110905286235,0.0014653799765829423,0.008361287201131717,1.1999999999999997
1709,29449,0.14549731933511795,0.025,0.0,0.6285861693322659,0.11447690037548758,0.006128435425849363,0.002951758438566987,-0.0031766769872823763,continuous_direct_verified,gamma_low,0.1440950324786986,0.6359849813467687,0.09539741697957296,0.0014022868564193547,0.007398812014502876,1.2000000000000002
1710,9737,0.14588552871719004,0.025,0.0,0.6265182137489319,0.09505721373244287,0.006068779650761923,0.002509158261495139,-0.0035596213892667844,continuous_direct_verified,gamma_low,0.14472211307999863,0.6325393317675513,0.07921434477703572,0.0011634156371914117,0.006021118018619376,1.2000000000000002
1711,3313,0.1370774904266,0.025,0.0,0.6208835683763028,0.1139532569692637,0.006012059541992712,0.002785043141906097,-0.003227016400086615,continuous_direct_verified,gamma_low,0.1357574297478941,0.6282244696877448,0.0949610474743864,0.0013200606787059088,0.00734090131144205,1.2000000000000002
1712,43785,0.14541566353291274,0.025,0.0,0.6585303902626037,0.1810495531539459,0.010282873806388485,0.004453066291066501,-0.005829807515321984,continuous_direct_verified,gamma_low,0.14321245469013014,0.6710326763773887,0.15087462762828827,0.0022032088427826058,0.012502286114784988,1.2
1713,24617,0.14955757344141604,0.025,0.0,0.6356445886194706,0.19677865886590715,0.009498358630091939,0.004691980041459588,-0.004806378588632351,continuous_direct_verified,gamma_low,0.1470679350956007,0.6492812478644252,0.1639822157215893,0.002489638345815337,0.013636659244954608,1.2
1714,18569,0.1442879730369896,0.025,0.0,0.6402404017746448,0.1854067048001732,0.008611729017085146,0.004400931142065117,-0.004210797875020029,continuous_direct_verified,gamma_low,0.14203012520559596,0.6529996176084106,0.1545055873334777,0.002257847831393628,0.012759215833765825,1.2
1715,1033,0.14554347847588361,0.025,0.0,0.6448142550885677,0.16412179903255222,0.008565141674844448,0.004058080541763237,-0.004507061133081211,continuous_direct_verified,gamma_low,0.1435338733113912,0.6559409758670771,0.1367681658604602,0.0020096051644924173,0.011126720778509402,1.2
1716,36169,0.1477346538100392,0.025,0.0,0.654923640936613,0.27051231630735334,0.01342929027071758,0.005918405880105296,-0.0075108843906122845,continuous_direct_verified,gamma_low,0.14440759021473595,0.6746898892141223,0.22542693025612778,0.0033270635953032424,0.01976624827750928,1.2
1717,16265,0.14440907421521842,0.025,0.0,0.6361643798649311,0.30710540096354244,0.012413475452127329,0.006120984775463372,-0.006292490676663957,continuous_direct_verified,gamma_low,0.14071369161525163,0.6588250154187817,0.25592116746961874,0.0036953825999667955,0.02266063555385056,1.1999999999999997
1718,17193,0.14868566384539011,0.025,0.0,0.5907223545014858,0.3021281722008571,0.012013683211083398,0.005826126993781251,-0.006187556217302147,continuous_direct_verified,gamma_low,0.1448402185646253,0.6125307456237804,0.2517734768340476,0.003845445280764803,0.0218083911222946,1.1999999999999997
1719,24817,0.13719087494537235,0.025,0.0,0.6527962781488895,0.2575794180891193,0.011994581334069662,0.005419132606720208,-0.0065754487273494535,continuous_direct_verified,gamma_low,0.13423987180160718,0.6714650641862421,0.21464951507426613,0.002951003143765174,0.018668786037352558,1.2
1720,28497,0.14148439601995053,0.025,0.0,0.6377878203988075,0.38521759598948235,0.012213027102844169,0.00616391030366768,-0.006049116799176488,continuous_direct_verified,m_low,0.1461139445365216,0.6077878203988075,0.4512772505517985,0.004629548516571075,0.030000000000000027,1.1714865967963721
1721,42273,0.1336268923711032,0.025,0.0,0.5800615958869457,0.3909712297859723,0.01202109717541705,0.005587361390169709,-0.006433735785247341,continuous_direct_verified,m_low,0.13831540397296058,0.5500615958869457,0.4593713607502371,0.004688511601857376,0.030000000000000027,1.1749492692894787
1722,35345,0.14005957166664304,0.025,0.0,0.6174831926822663,0.4695426925187161,0.011748732541779595,0.00524392585387954,-0.006504806687900055,continuous_direct_verified,m_low,0.14451579282285112,0.5874831926822662,0.5363887417288936,0.0044562211562080845,0.030000000000000027,1.1423641561784352
1723,9513,0.1488281012978405,0.025,0.0,0.5948496013879776,0.3882871313546301,0.011271777811699052,0.006042462488848173,-0.005229315322850879,continuous_direct_verified,a1_high,0.15384949247106147,0.5654730381202433,0.45470083595443944,0.005021391173220979,0.0293765632677343,1.1710427651004287
1724,46985,0.14443188123404982,0.025,0.0,0.6375678606331349,0.9428366545589089,0.017096297349091565,0.0031069765302237508,-0.013989320818867813,continuous_direct_verified,m_high,0.14103827861602786,0.6675678606331349,0.8702097172931395,0.0033936026180219625,0.030000000000000027,1.083459120051752
1725,4881,0.13948253714479508,0.025,0.0,0.6191424183547497,0.9483594065274424,0.014998128249046658,0.00299664449685054,-0.012001483752196118,continuous_direct_verified,m_high,0.1361465098286506,0.6491424183547497,0.874410108755901,0.003336027316144491,0.030000000000000027,1.0845704973342034
1726,9873,0.14043777612969283,0.025,0.0,0.5871907480061054,0.9365105283208007,0.013995336048513397,0.003038328100741193,-0.010957007947772204,continuous_direct_verified,m_high,0.1369284212555573,0.6171907480061054,0.8608310411084145,0.003509354874135534,0.030000000000000027,1.087914449640362
1727,23089,0.13623186270706356,0.025,0.0,0.6420382104814053,0.9901448634701232,0.013969969403533867,0.0028129247554049045,-0.011157044648128962,continuous_direct_verified,m_high,0.1331164918888956,0.6720382104814053,0.9163276140852783,0.0031153708181679562,0.030000000000000027,1.0805577047446429
1728,33841,0.1366014132741839,0.025,0.0,0.7520419858396052,0.015252630378746681,0.004437871192106437,0.002199305454563151,-0.002238565737543286,continuous_direct_verified,gamma_high,0.1373205905468519,0.7480209936653429,0.026379283545001964,0.0007191772726679868,0.004020992174262328,1.7294907756867552
1729,46345,0.1450434373226017,0.025,0.0,0.6963190123438835,0.013364565793773495,0.004420918610464126,0.0030372393510662405,-0.0013836792593978852,continuous_direct_verified,gamma_high,0.1457882573288361,0.6921595105848367,0.024130596063288552,0.000744820006234409,0.00415950175904678,1.8055652862684781
1730,46121,0.14937729253433646,0.025,0.0,0.7114587992429733,0.011626084476255457,0.004362656772673467,0.0025340560327095064,-0.0018286007399639609,continuous_direct_verified,gamma_high,0.15007734589951693,0.7077294028930927,0.02149351081227911,0.0007000533651804752,0.003729396349880565,1.8487316908952793
1731,22385,0.13818634971976282,0.025,0.0,0.7202769435942173,0.01653872436486065,0.004356905403316441,0.0021812634751296987,-0.0021756419281867426,continuous_direct_verified,gamma_high,0.1389497391617278,0.7161384720795326,0.028108756133449927,0.0007633894419649678,0.004138471514684716,1.6995721987586776
1732,25809,0.14266370828263464,0.025,0.0,0.7524945966899395,0.025403937908563212,0.004830764040981411,0.0033874766615637018,-0.0014432873794177096,continuous_direct_verified,gamma_high,0.14353753281931633,0.7482472941540671,0.03819804571666474,0.0008738245366816944,0.004247302535872355,1.50362695162268
1733,913,0.1408723941538483,0.025,0.0,0.7367534905672073,0.022045996738387016,0.004674789192128398,0.0027181559163320375,-0.0019566332757963603,continuous_direct_verified,gamma_high,0.14173040863719022,0.7323767431550104,0.034774067465166585,0.0008580144833419123,0.004376747412196846,1.5773415862217355
1734,28113,0.14330786326900125,0.025,0.0,0.6960990525782108,0.019940102730721748,0.004412215942742075,0.0022564148934504837,-0.0021558010492915914,continuous_direct_verified,gamma_high,0.14411287043046903,0.6920495251309122,0.031583068242748986,0.0008050071614677801,0.004049527447298584,1.5838969672954042
1735,40753,0.1357911467086524,0.025,0.0,0.7050593353807926,0.027700093478815073,0.004410633813732709,0.004123467245368162,-0.0002871665683645474,continuous_direct_verified,gamma_high,0.13671977231064053,0.7005296619229494,0.04176680360177543,0.0009286256019881423,0.004529673457843164,1.5078217564037655
1736,6865,0.14304086556658152,0.025,0.0,0.680304304510355,0.028555350480779697,0.004866646550804543,0.004866633387093348,-1.316371119487042e-08,continuous_direct_verified,gamma_high,0.14472012613262908,0.671999995553862,0.052480745997006695,0.001679260566047558,0.008304308956492923,1.837860334872476
1737,9681,0.14319517221301797,0.025,0.0,0.7278724633157253,0.029618884618495926,0.00458248648459368,0.004528436364038829,-5.4050120554850756e-05,continuous_direct_verified,gamma_high,0.14406776082201755,0.7239362244318808,0.04220607561907769,0.0008725886089995805,0.003936238883844534,1.4249718098000732
1738,27889,0.13705139169469477,0.025,0.0,0.711629455536604,0.030578530949209624,0.004495598889541992,0.004495587900557766,-1.0988984226051324e-08,continuous_direct_verified,gamma_high,0.13850979611658032,0.7039999961460012,0.05248074600047932,0.0014584044218855508,0.0076294593906027774,1.7162611927842077
1739,7337,0.14967089816927912,0.025,0.0,0.7523577749729156,0.03191792703003186,0.004455576716175671,0.00445557667183593,-4.4339741080146045e-11,continuous_direct_verified,gamma_low,0.1481639162357756,0.7599999997515211,0.010471285480633476,0.001506981933503515,0.007642224778605544,3.0481383674491256
1740,12657,0.13805528511293236,0.025,0.0,0.7160276249051094,0.07221953892249589,0.0058349304347628675,0.002121682363349854,-0.0037132480714130137,continuous_direct_verified,gamma_low,0.13725144039428647,0.7205736624975523,0.0601829491020799,0.0008038447186458908,0.004546037592442875,1.2000000000000002
1741,6609,0.14332347232848408,0.025,0.0,0.7083071216940879,0.06743348965539639,0.005788473752428957,0.0020285976915776806,-0.003759876060851277,continuous_direct_verified,gamma_low,0.14254351985174013,0.7125180758159658,0.05619457471283031,0.0007799524767439503,0.004210954121877886,1.2000000000000002
1742,40209,0.13923350689001385,0.025,0.0,0.724959859251976,0.07578935647299208,0.005640123574541911,0.0022546947522574115,-0.0033854288222844994,continuous_direct_verified,gamma_low,0.13838401401635406,0.7297573584765573,0.06315779706082672,0.0008494928736597906,0.004797499224581281,1.2000000000000002
1743,11817,0.14906284655444324,0.025,0.0,0.6844808280467987,0.07617612480544313,0.005568839900183857,0.0022614937620830567,-0.0033073461381008004,continuous_direct_verified,gamma_low,0.14813728796207234,0.6892723118888404,0.06348010400453594,0.0009255585923708953,0.004791483842041755,1.2
1744,31529,0.14861913304775953,0.025,0.0,0.68224121555686,0.120705117477179,0.006619464177053217,0.003368605074340967,-0.0032508591027122498,continuous_direct_verified,gamma_low,0.14714096208164762,0.6901959130024309,0.10058759789764919,0.0014781709661119136,0.007954697445570869,1.1999999999999997
1745,40777,0.14752505915239456,0.025,0.0,0.7457808516919613,0.12645018971413746,0.006413961617261142,0.0037629385103466187,-0.002651023106914523,continuous_direct_verified,gamma_low,0.14601607183612184,0.754265354014379,0.10537515809511457,0.0015089873162727196,0.008484502322417709,1.1999999999999997
1746,16945,0.1361392030026764,0.025,0.0,0.7228632435202599,0.10167620009354693,0.00639206649947689,0.0028706107802089365,-0.003521455719267953,continuous_direct_verified,gamma_low,0.13501735536485907,0.7294800581411612,0.08473016674462243,0.0011218476378173359,0.006616814620901357,1.2000000000000002
1747,44497,0.1433003233280033,0.025,0.0,0.7483928106725215,0.09773115313398283,0.0061391085218096084,0.0029672664994149513,-0.003171842022394657,continuous_direct_verified,gamma_low,0.14217373010918377,0.754748474210917,0.08144262761165234,0.0011265932188195271,0.006355663538395451,1.2000000000000002
1748,1609,0.1481204802170396,0.025,0.0,0.7409943908452987,0.19809147486734824,0.009440507841941665,0.005330264202423284,-0.0041102436395183805,continuous_direct_verified,gamma_low,0.1457341157215713,0.755173131705746,0.16507622905612357,0.002386364495468307,0.014178740860447236,1.1999999999999997
1749,27569,0.13536170506849887,0.025,0.0,0.6925817370414734,0.17587865210603543,0.009214914015989934,0.00431514910386189,-0.004899764912128044,continuous_direct_verified,gamma_low,0.13339614459111995,0.7047881820259834,0.1465655434216962,0.0019655604773789193,0.012206444984509957,1.2
1750,6129,0.13743909494951367,0.025,0.0,0.6737301982939243,0.20753192125055736,0.008898146819672477,0.004815281391127254,-0.0040828654285452225,continuous_direct_verified,gamma_low,0.13506745661291747,0.6884152387919633,0.1729432677087978,0.0023716383365962046,0.014685040498038981,1.2
1751,40401,0.14326628777198497,0.025,0.0,0.6699478477239609,0.1852675501811397,0.00888272036467192,0.0045487801624943735,-0.004333940202177546,continuous_direct_verified,gamma_low,0.14105538488185,0.6828190922368678,0.15438962515094976,0.0022109028901349803,0.012871244512906888,1.2
1752,16777,0.144886941742152,0.025,0.0,0.7091343961656094,0.2732140331994609,0.01347761416187183,0.006266197111533727,-0.007211417050338104,continuous_direct_verified,gamma_low,0.14166135737718644,0.7295337471840421,0.2276783609995508,0.0032255843649655613,0.02039935101843271,1.1999999999999997
1753,35665,0.14156819563359024,0.025,0.0,0.693107184767723,0.29310153946558154,0.013103306996741958,0.006301560995902279,-0.006801746000839679,continuous_direct_verified,gamma_low,0.13818187069977222,0.715087298653802,0.24425128288798462,0.003386324933818019,0.02198011388607901,1.2
1754,2217,0.14985769391059878,0.025,0.0,0.7304646782577038,0.2624102629174792,0.012708337743704131,0.006420527135554023,-0.006287810608150108,continuous_direct_verified,gamma_low,0.1466686880811084,0.7500706020544708,0.2186752190978994,0.003189005829490388,0.019605923796767066,1.1999999999999997
1755,35529,0.14643414705060426,0.025,0.0,0.6940083563327789,0.3444576111992333,0.012545711938528112,0.007047182157392697,-0.005498529781135415,continuous_direct_verified,gamma_low,0.14237636631882591,0.720454514174978,0.2870480093326944,0.004057780731778343,0.02644615784219906,1.2
1756,24649,0.14826291822828352,0.025,0.0,0.7445762299001217,0.4521416182047647,0.013638065704447163,0.0060745631930798115,-0.007563502511367352,continuous_direct_verified,m_low,0.1524676928663351,0.7145762299001217,0.5142426110609511,0.004204774638051578,0.030000000000000027,1.1373485438097015
1757,37769,0.1445014951750636,0.025,0.0,0.7387385316193104,0.4645417046778805,0.013207154302232986,0.00580952658180813,-0.0073976277204248556,continuous_direct_verified,m_low,0.14859060568157062,0.7087385316193103,0.5268732137549288,0.00408911050650701,0.030000000000000027,1.1341784999051265
1758,12753,0.14344566594809294,0.025,0.0,0.7549531608819962,0.3749840645782878,0.01300554992231512,0.006863922015991413,-0.006141627906323707,continuous_direct_verified,m_low,0.1476942292314894,0.7249531608819961,0.43737072694107537,0.004248563283396456,0.030000000000000027,1.1663715028342563
1759,39793,0.13839298528619112,0.025,0.0,0.7144112952053547,0.3762529869548932,0.012116762785168385,0.0064956791163542325,-0.005621083668814152,continuous_direct_verified,m_low,0.1426177462684577,0.6844112952053547,0.4397663395796697,0.004224760982266568,0.030000000000000027,1.1688049127232332
1760,7465,0.1487524984870106,0.025,0.0,0.6782821029424667,0.9375475412436495,0.013894442712287777,0.0032124008647729605,-0.010682041847514817,continuous_direct_verified,m_high,0.14538782241331932,0.7082821029424667,0.867387113592881,0.003364676073691286,0.030000000000000027,1.080887099371526
1761,46761,0.14991705678403378,0.025,0.0,0.754654660075903,0.6127204302792872,0.012768444371174414,0.00472263834644003,-0.008045806024734384,continuous_direct_verified,m_low,0.15374351480756576,0.724654660075903,0.6753906052063424,0.0038264580235319867,0.030000000000000027,1.1022818431213224
1762,44561,0.14012936553917826,0.025,0.0,0.7186616837978363,0.9328119760108219,0.011503562170420076,0.0030906424206322758,-0.0084129197497878,continuous_direct_verified,m_high,0.13706301929870748,0.7486616837978364,0.8648383259081687,0.0030663462404707797,0.030000000000000027,1.078596944730998
1763,32937,0.1498162365984172,0.025,0.0,0.7442468516528606,0.8546042784829299,0.011357236549081266,0.00335704584256209,-0.008000190706519177,continuous_direct_verified,m_low,0.1531982935848645,0.7142468516528606,0.9225424323874171,0.003382056986447307,0.030000000000000027,1.0794966227235478
1764,39470,0.14319035639055075,0.025,0.0,0.8163591228425502,0.015319932895942055,0.005061001819595626,0.0027905840678489483,-0.0022704177517466773,continuous_direct_verified,gamma_high,0.1439331737789802,0.812179564067805,0.026437419028391973,0.000742817388429462,0.0041795587747451846,1.7256876520258597
1765,18262,0.14988617058843376,0.025,0.0,0.8399723693728447,0.01605479751705539,0.00503900352888072,0.002573286336889512,-0.0024657171919912077,continuous_direct_verified,gamma_high,0.1506560142155422,0.8359861857087617,0.027064065717579355,0.0007698436271084408,0.003986183664082987,1.6857307411587446
1766,28561,0.14097647978924216,0.025,0.0,0.7922974839806556,0.015442967375259499,0.004819174988413715,0.0026169798276780448,-0.0022021951607356705,continuous_direct_verified,gamma_high,0.141709744402159,0.7881487442501375,0.026543366278397595,0.0007332646129168396,0.004148739730518103,1.7187996084820822
1767,36041,0.14631252214312557,0.025,0.0,0.7761551223695278,0.01235332920985312,0.004815635541872177,0.003433384897111341,-0.0013822506447608357,continuous_direct_verified,gamma_high,0.1470175430813492,0.7720775663304787,0.02267162402091064,0.0007050209382236383,0.004077556039049024,1.8352642948127342
1768,43350,0.14992112508043648,0.025,0.0,0.8250059850513936,0.02315350013257953,0.0054631476882746315,0.002523323943665604,-0.0029398237446090275,continuous_direct_verified,gamma_low,0.14927830174022064,0.8285029898116721,0.013890494390591744,0.0006428233402158423,0.003497004760278588,1.6668593270705878
1769,31438,0.13606561995111408,0.025,0.0,0.816690032929182,0.02506102052785216,0.005182011225339648,0.002289534883689812,-0.002892476341649836,continuous_direct_verified,gamma_low,0.13539227416693536,0.8203450174824687,0.014451361103634276,0.0006733457841787138,0.003654984553286722,1.734163332307137
1770,17142,0.14492348153144125,0.025,0.0,0.8161892175674439,0.018419022194132467,0.005134920460252406,0.002771043586856259,-0.002363876873396147,continuous_direct_verified,gamma_high,0.14573728673284636,0.8120946069521257,0.03035455766259342,0.0008138052014051156,0.004094610615318239,1.6480004933303742
1771,46921,0.14744862625375393,0.025,0.0,0.7925183124840259,0.023047430814639662,0.005121122117175722,0.003045937428710393,-0.002075184688465329,continuous_direct_verified,gamma_high,0.14832228405480338,0.7882591533709506,0.03555509823612481,0.0008736578010494489,0.004259159113075284,1.5426924815212075
1772,25262,0.14173998553305867,0.025,0.0,0.8324173420667649,0.028799240005834805,0.005233283336948925,0.005233279077584743,-4.259364182537806e-09,continuous_direct_verified,gamma_high,0.14332987265855376,0.8239999973942158,0.052480746005663534,0.0015898871254950986,0.008417344672549065,1.8222962131997509
1773,42934,0.14818393597379328,0.025,0.0,0.8394724681973458,0.0310357647775812,0.005178046028132046,0.004971318373349435,-0.00020672765478261038,continuous_direct_verified,gamma_high,0.14904076568844243,0.835736226164191,0.04320379020952567,0.0008568297146491488,0.003736242033154813,1.3920646234802658
1774,6870,0.1488364217337221,0.025,0.0,0.8322615467011929,0.03758750150447029,0.004883383473732875,0.0016520890400996491,-0.0032312944336332257,continuous_direct_verified,gamma_high,0.14936333976155636,0.8295076738049547,0.04510500180536435,0.00052691802783425,0.0027538728962381853,1.2000000000000002
1775,32777,0.1457426412962377,0.025,0.0,0.783173144608736,0.04517979247457708,0.0046411144814571485,0.0018333881213575024,-0.0028077263600996463,continuous_direct_verified,gamma_high,0.14636971977310814,0.7798108794675624,0.05421575096949251,0.0006270784768704352,0.0033622651411735482,1.2000000000000002
1776,2449,0.14112014463171363,0.025,0.0,0.7963493086397648,0.07262428322572949,0.006170086057343386,0.0023781947780795094,-0.0037918912792638767,continuous_direct_verified,gamma_low,0.14030844431759568,0.8009515519417518,0.06052023602144123,0.0008117003141179524,0.004602243301986997,1.2000000000000002
1777,16201,0.14754467573948205,0.025,0.0,0.7813965089619159,0.07048935995449565,0.005941323403138876,0.00235109871950347,-0.0035902246836354056,continuous_direct_verified,gamma_low,0.1467191623536448,0.785845631473357,0.05874113329541303,0.000825513385837251,0.004449122511441028,1.2000000000000002
1778,26641,0.1397134563419968,0.025,0.0,0.7564384736120701,0.0694378739708163,0.005887334598965663,0.002167200976880101,-0.003720133622085562,continuous_direct_verified,gamma_low,0.13893973203371038,0.7608113684482458,0.057864894975680245,0.0007737243082864276,0.004372894836175756,1.2000000000000002
1779,44297,0.14498725677840413,0.025,0.0,0.7654452227056026,0.07432204477208354,0.005737152687300236,0.0023924371939578284,-0.003344715493342408,continuous_direct_verified,gamma_low,0.14412838618278398,0.7701546656423184,0.06193503731006961,0.0008588705956201481,0.004709442936715824,1.2000000000000002
1780,31414,0.1478361557237804,0.025,0.0,0.8326059646904469,0.1128703244883775,0.008364829474283403,0.003764502942093863,-0.004600326532189541,continuous_direct_verified,gamma_low,0.1465113232570515,0.8401229386564452,0.09405860374031456,0.0013248324667289035,0.007516973965998264,1.2000000000000002
1781,47569,0.1433405139949173,0.025,0.0,0.7687848299741744,0.12322897550355301,0.008046918090217951,0.003702578863853131,-0.00434433922636482,continuous_direct_verified,gamma_low,0.14191994908420233,0.7770457007473591,0.10269081291962752,0.001420564910714961,0.008260870773184714,1.2
1782,13710,0.13902513389475646,0.025,0.0,0.8418576762080192,0.1161478784788046,0.007560691128489455,0.0037225702687417317,-0.003838120859747723,continuous_direct_verified,gamma_low,0.13774410022837755,0.8496274989575067,0.09678989873233715,0.0012810336663789113,0.007769822749487454,1.2000000000000002
1783,19062,0.14464831203222278,0.025,0.0,0.8091791316866874,0.11668982215414511,0.00722808206483108,0.003719792956597424,-0.003508289108233656,continuous_direct_verified,gamma_low,0.14330259127887382,0.8169754492888408,0.09724151846178758,0.0013457207533489612,0.00779631760215338,1.2000000000000002
1784,29225,0.1492178159300238,0.025,0.0,0.7636355884373187,0.1777689371975047,0.009940607618481654,0.005074700181236149,-0.004865907437245505,continuous_direct_verified,gamma_low,0.14707254865033453,0.7761914492538808,0.14814078099792058,0.002145267279689278,0.012555860816562125,1.2
1785,46318,0.13941243384033442,0.025,0.0,0.8057186141610145,0.21086261197336975,0.009806276760977733,0.005711295098568215,-0.004094981662409518,continuous_direct_verified,gamma_low,0.13705704512086686,0.8211617572147036,0.1757188433111415,0.002355388719467555,0.015443143053689101,1.1999999999999997
1786,46934,0.14985332624055447,0.025,0.0,0.8137790136039257,0.17245072384992874,0.009595512274770304,0.005245551184763611,-0.004349961090006693,continuous_direct_verified,gamma_low,0.1477846601775841,0.82600536323573,0.1437089365416073,0.0020686660629703757,0.012226349631804356,1.2
1787,5742,0.14114223681390287,0.025,0.0,0.8239485614001751,0.19229664548712658,0.009573581341988203,0.005498920555463981,-0.0040746607865242215,continuous_direct_verified,gamma_low,0.1389729223762253,0.8378472591152816,0.1602472045726055,0.0021693144376775664,0.013898697715106434,1.2
1788,26486,0.1443049265537411,0.025,0.0,0.8391019254922867,0.25831767945992695,0.014048860211883863,0.006915423500551745,-0.007133436711332117,continuous_direct_verified,gamma_low,0.1413484163261398,0.8588331735152809,0.21526473288327247,0.002956510227601322,0.019731248022994197,1.2
1789,20438,0.14957309477031233,0.025,0.0,0.8345125913619995,0.2511593580558306,0.01392867347244472,0.006946745613769456,-0.0069819278586752635,continuous_direct_verified,gamma_low,0.14658879990375015,0.8536009453241971,0.20929946504652552,0.0029842948665621816,0.019088353962197546,1.2
1790,41481,0.14597482853569094,0.025,0.0,0.7897336497902869,0.2615278532383914,0.013748133290789102,0.006694710914717152,-0.00705342237607195,continuous_direct_verified,gamma_low,0.14292289061203547,0.8095663226746115,0.21793987769865952,0.0030519379236554622,0.019832672884324554,1.2
1791,37713,0.1416609972715378,0.025,0.0,0.774711937457323,0.3419465603265009,0.012845843903343188,0.007343905116782054,-0.0055019387865611336,continuous_direct_verified,m_low,0.14589099119314833,0.744711937457323,0.4042662523926083,0.004229993921610525,0.030000000000000027,1.1822497995201435
1792,4489,0.14487256538122895,0.025,0.0,0.7965375483036041,0.43917637736907716,0.01388247829000754,0.006278246179191747,-0.007604232110815794,continuous_direct_verified,m_low,0.1488704502112297,0.7665375483036041,0.4998855394543896,0.003997884830000742,0.030000000000000027,1.138234124633469
1793,18129,0.142907639965415,0.025,0.0,0.7715718835592269,0.46528279826054714,0.013833663060976288,0.00585181276475286,-0.007981850296223428,continuous_direct_verified,m_low,0.14685126246138114,0.7415718835592269,0.5266040982389156,0.003943622495966137,0.030000000000000027,1.131793610697875
1794,24822,0.14531126259826127,0.025,0.0,0.8094395063817501,0.36069333781315344,0.01351350416405712,0.00736796544323686,-0.006145538720820259,continuous_direct_verified,m_low,0.14950539824506726,0.7794395063817501,0.4218945026372975,0.004194135646805985,0.030000000000000027,1.1696764492385705
1795,273,0.1390858762897551,0.025,0.0,0.7783830486238003,0.36086691019222766,0.013477539469353877,0.006993504333046587,-0.00648403513630729,continuous_direct_verified,m_low,0.1431758616657415,0.7483830486238002,0.42279317617557444,0.004089985375986399,0.030000000000000027,1.1716041682801
1796,39030,0.14444711590185763,0.025,0.0,0.8387548238039017,0.6751980711291613,0.011185935835209078,0.00427190464348175,-0.006914031191727329,continuous_direct_verified,m_low,0.14780618407563056,0.8087548238039016,0.7357873434598741,0.0033590681737729333,0.030000000000000027,1.089735553049473
1797,44745,0.14665457042865457,0.025,0.0,0.7951881825923919,0.7118764256742418,0.010814178243313103,0.004047954772128654,-0.006766223471184449,continuous_direct_verified,m_low,0.15008864627821852,0.7651881825923919,0.7744997683024907,0.0034340758495639556,0.030000000000000027,1.0879694008253415
1798,5161,0.14935796651989225,0.025,0.0,0.7718862041831016,0.6718939421986762,0.01044580368319936,0.004328768102499401,-0.006117035580699959,continuous_direct_verified,m_low,0.1529953881944004,0.7418862041831016,0.7347537058171784,0.0036374216745081456,0.030000000000000027,1.093556080313513
1799,45233,0.13440310102887454,0.025,0.0,0.7910797238349914,0.6532194179216834,0.010364942225026506,0.0041254986272188255,-0.006239443597807681,continuous_direct_verified,m_low,0.13766436780417607,0.7610797238349913,0.7150809629023792,0.00326126677530153,0.030000000000000027,1.0947025506031614
1800,39670,0.1450234836433083,0.025,0.0,0.8959129653871059,0.011252888459562384,0.005324420980494848,0.0038501158241392775,-0.0014743051563555708,continuous_direct_verified,gamma_high,0.14568226747323204,0.8919564883261135,0.02114572744663005,0.000658783829923737,0.003956477060992336,1.8791377451769737
1801,3758,0.14185304818674924,0.025,0.0,0.8877500012516975,0.011776093384997688,0.005093929877785894,0.003428979308793387,-0.0016649505689925069,continuous_direct_verified,gamma_high,0.1424964309913951,0.8838750052245923,0.021631729502412832,0.0006433828046458756,0.003874996027105171,1.8369189845225637
1802,14262,0.14817804195918144,0.025,0.0,0.9033903770148753,0.010661751536296647,0.005080829212230017,0.0033973461755238935,-0.0016834830367061233,continuous_direct_verified,gamma_high,0.14882157493441003,0.89969519325058,0.020114299007128272,0.0006435329752285945,0.00369518376429534,1.8865848579055298
1803,41678,0.13601940562948586,0.025,0.0,0.8961940497159957,0.01443721850917579,0.004751113739189393,0.004751068949891389,-4.4789298003951317e-08,continuous_direct_verified,gamma_high,0.13621435096878157,0.8959999920257189,0.017378008282853276,0.00019494533929570457,0.00019405769027680542,1.2036950380579488
1804,45550,0.14015262057073416,0.025,0.0,0.8891350343823432,0.026559743900474962,0.006017919477941351,0.0046908358314966,-0.0013270836464447508,continuous_direct_verified,gamma_high,0.1410995735482506,0.8845675112295308,0.04089804649648171,0.0009469529775164298,0.004567523152812392,1.5398509356767682
1805,42862,0.1406513604335487,0.025,0.0,0.8724185302853584,0.023628851888387207,0.00554654900253676,0.003048368422132848,-0.0024981805804039124,continuous_direct_verified,gamma_high,0.14146736922187686,0.8682092628793716,0.03600078187193208,0.0008160087883281597,0.004209267405986816,1.5235942077077922
1806,33270,0.14582454520277682,0.025,0.0,0.8485352911055088,0.021042490039974455,0.005544578268759068,0.0027715295282798734,-0.002773048740479194,continuous_direct_verified,gamma_high,0.14665518143727377,0.8442676447049675,0.03320008442863099,0.0008306362344969453,0.004267646400541336,1.5777640557538928
1807,13614,0.14306182172149423,0.025,0.0,0.8806856095790863,0.022372485266435236,0.005537466495532828,0.003071734696585372,-0.002465731798947456,continuous_direct_verified,gamma_high,0.1439094862394387,0.8763428029267911,0.03503061309927185,0.0008476645179444631,0.004342806652295139,1.565789972910485
1808,35062,0.14525567116215826,0.025,0.0,0.9047389321029186,0.029872120238097558,0.00510697890981991,0.004312996678860893,-0.000793982230959017,continuous_direct_verified,gamma_high,0.1461788742421098,0.900369460714692,0.043373417950198875,0.000923203079951529,0.00436947138822652,1.4519698502981508
1809,31542,0.14633688735775652,0.025,0.0,0.9113638021051883,0.028556642089290797,0.0051069640886016905,0.004559260606396261,-0.0005477034822054293,continuous_direct_verified,gamma_high,0.1471603437794304,0.9076818944897596,0.040498989949388164,0.0008234564216738904,0.0036819076154287478,1.4181986041200532
1810,19054,0.14128148844465616,0.025,0.0,0.9280816003680229,0.03888258624458833,0.005088480385314211,0.005088477043741372,-3.341572839613005e-09,continuous_direct_verified,gamma_high,0.14269766384192462,0.9200000022662181,0.06025595861756481,0.0014161753972684599,0.008081598101804754,1.5496900910481801
1811,30062,0.140268193744123,0.025,0.0,0.8801479995250702,0.040277536866349155,0.00497298705367302,0.004972986993808964,-5.98640555529717e-11,continuous_direct_verified,gamma_low,0.13883381281065335,0.8880000003004802,0.018197008586904644,0.0014343809334696478,0.00785200077541004,2.2134152805387264
1812,12142,0.1405277738813311,0.025,0.0,0.8522903218865394,0.07125875851962082,0.0066450910318270745,0.002471756299398941,-0.004173334732428134,continuous_direct_verified,gamma_low,0.13974112946664144,0.8567923704584809,0.05938229876635068,0.0007866444146896467,0.004502048571941475,1.2000000000000002
1813,43894,0.1441350506618619,0.025,0.0,0.8449553608894348,0.063351545824316,0.006491191018945064,0.0022447728999658127,-0.004246418118979251,continuous_direct_verified,gamma_low,0.14341859832294016,0.8489206075425652,0.05279295485359666,0.0007164523389217581,0.003965246653130361,1.2000000000000002
1814,17118,0.13353514866903426,0.025,0.0,0.8688646577298641,0.07267915619320064,0.006144721490702201,0.002464345532559103,-0.003680375958143098,continuous_direct_verified,gamma_low,0.13277386717134224,0.8734646975539447,0.060565963494333866,0.000761281497692029,0.004600039824080637,1.2000000000000002
1815,30774,0.14720543106086553,0.025,0.0,0.8772575184702873,0.06746834738483425,0.005745070546533143,0.002493549622247889,-0.003251520924285254,continuous_direct_verified,gamma_low,0.14642791946180111,0.8814908127411532,0.0562236228206952,0.0007775115990644177,0.004233294270865828,1.2000000000000002
1816,15286,0.14833156210370363,0.025,0.0,0.8571289159357547,0.11801716082956037,0.007989460250377398,0.0040154509418045175,-0.0039740093085728805,continuous_direct_verified,gamma_low,0.14694502222399494,0.8650417979422748,0.09834763402463363,0.001386539879708687,0.007912882006520072,1.2000000000000002
1817,29838,0.13834695285186172,0.025,0.0,0.866454292833805,0.1152014602699747,0.00775350527239929,0.003774363945900845,-0.003979141326498445,continuous_direct_verified,gamma_low,0.13708648833740028,0.8741587984539748,0.09600121689164558,0.0012604645144614346,0.007704505620169777,1.2000000000000002
1818,41430,0.14902570480480792,0.025,0.0,0.8492394141852855,0.11504924217026673,0.007484909228361914,0.003912717106502766,-0.003572192121859148,continuous_direct_verified,gamma_low,0.14766706333745433,0.8569314868800377,0.09587436847522227,0.001358641467353594,0.00769207269475225,1.2000000000000002
1819,32526,0.1371584825217724,0.025,0.0,0.929982041567564,0.0981515865609747,0.007480511447145433,0.003472895562989251,-0.004007615884156182,continuous_direct_verified,gamma_low,0.13610195625790658,0.9363773535722784,0.08179298880081223,0.0010565262638658202,0.006395312004714326,1.2000000000000002
1820,18134,0.1489766747225076,0.025,0.0,0.9157158747315407,0.20077507268799943,0.012071711154252577,0.006427266965230576,-0.0056444441890220005,continuous_direct_verified,gamma_low,0.1466112763404369,0.930464865266244,0.16731256057333288,0.002365398382070699,0.014748990534703244,1.2
1821,16590,0.13577056229114534,0.025,0.0,0.9292907126247882,0.21350305024005298,0.01183914567776741,0.006335315228425813,-0.005503830449341597,continuous_direct_verified,gamma_low,0.13348157286955237,0.9451658231791213,0.1779192085333775,0.002288989421592974,0.015875110554333105,1.1999999999999997
1822,47830,0.148819668404758,0.025,0.0,0.896783597022295,0.20581323153311246,0.010956309481835801,0.006426397164439631,-0.004529912317396171,continuous_direct_verified,gamma_low,0.14639420015344848,0.9119521141330574,0.17151102627759374,0.002425468251309515,0.015168517110762392,1.1999999999999997
1823,25014,0.14806958585977556,0.025,0.0,0.8854266576468944,0.2107024648548324,0.010627226374151933,0.006441110651850439,-0.0041861157223014945,continuous_direct_verified,gamma_low,0.14559705595002995,0.9010157293881111,0.17558538737902704,0.0024725299097456133,0.015589071741216709,1.1999999999999997
1824,4270,0.1414831074420363,0.025,0.0,0.851522907614708,0.28368116928736326,0.01350139684492761,0.00728563906952832,-0.00621575777539929,continuous_direct_verified,gamma_low,0.1383188659131868,0.8736226135614968,0.23640097440613608,0.003164241528849504,0.022099705946788895,1.1999999999999997
1825,35502,0.1417958636302501,0.025,0.0,0.9277205765247345,0.3236285161447965,0.013319426641375866,0.00835206688185719,-0.0049673597595186764,continuous_direct_verified,gamma_low,0.1382352570902371,0.9539110391050153,0.26969043012066374,0.0035606065400130005,0.026190462580280793,1.2
1826,36142,0.14313297304324807,0.025,0.0,0.9229574553668499,0.24958490360716648,0.01329235384993799,0.007252001772164311,-0.006040352077773679,continuous_direct_verified,gamma_low,0.14032070048799009,0.9421250885157887,0.20798741967263876,0.002812272555257983,0.019167633148938767,1.2
1827,18030,0.14116462515667083,0.025,0.0,0.8863500922918319,0.32651371434719295,0.013269479740418318,0.008078989304594473,-0.005190490435823845,continuous_direct_verified,gamma_low,0.13758006358042957,0.91263620187274,0.27209476195599414,0.003584561576241263,0.026286109580908046,1.2
1828,32630,0.14425353263504803,0.025,0.0,0.920703650265932,0.3880034487905721,0.014751041839094332,0.007376253362531584,-0.007374788476562748,continuous_direct_verified,m_low,0.14813300331708024,0.890703650265932,0.4465860504765998,0.0038794706820322045,0.030000000000000027,1.1509847447712975
1829,5934,0.14285685471259058,0.025,0.0,0.8999353252351283,0.38131174717620686,0.01474601035779569,0.0073423396109158125,-0.007403670746879877,continuous_direct_verified,m_low,0.14674925595418084,0.8699353252351283,0.44038053081212186,0.0038924012415902653,0.030000000000000027,1.1549094253543122
1830,430,0.14203724414110186,0.025,0.0,0.8635225377976894,0.4523753393168637,0.01293464363147712,0.006236897885613132,-0.0066977457458639875,continuous_direct_verified,m_low,0.14577702712561463,0.8335225377976894,0.5113395326590577,0.003739782984512774,0.030000000000000027,1.1303435183518988
1831,24846,0.13679827372543515,0.025,0.0,0.9185621090233326,0.40744413239520366,0.012754674042998227,0.006800109684391307,-0.00595456435860692,continuous_direct_verified,m_low,0.1404274478678849,0.8885621090233325,0.4657591760471733,0.0036291741424497592,0.030000000000000027,1.1431240236769602
1832,13518,0.13560822075232865,0.025,0.0,0.8663034930825233,0.6312068795042813,0.011136619597567697,0.004393813737545808,-0.006742805860021889,continuous_direct_verified,m_low,0.13879407777835526,0.8363034930825233,0.6904801472876845,0.0031858570260266117,0.030000000000000027,1.0939046605923457
1833,21838,0.1346779374871403,0.025,0.0,0.8810063794255256,0.6030461189434476,0.010134424213715906,0.004599665844253698,-0.005534758369462207,continuous_direct_verified,m_low,0.1378716955757382,0.8510063794255256,0.661695847423332,0.0031937580885978978,0.030000000000000027,1.097255792944394
1834,25270,0.14774349266663195,0.025,0.0,0.900929519534111,0.8840052105861796,0.010098623382209852,0.0032312339549667333,-0.006867389427243118,continuous_direct_verified,m_low,0.1507138154823857,0.870929519534111,0.9461293033039574,0.00297032281575374,0.030000000000000027,1.0702757087558155
1835,19758,0.14314390933141113,0.025,0.0,0.8715403206646442,0.6760200994876769,0.009972039436834064,0.00427007738628212,-0.005701962050551944,continuous_direct_verified,m_low,0.1464104480900705,0.8415403206646441,0.7356069654716451,0.003266538758659371,0.030000000000000027,1.088143630683653
1836,45998,0.14237369764596225,0.025,0.0,0.9993727006018162,0.011594840628871743,0.005523188309131109,0.003207457612276812,-0.0023157306968542967,continuous_direct_verified,gamma_high,0.14301898574412092,0.995686353706746,0.021464610637116542,0.0006452880981586695,0.0036863468950701916,1.8512208424554426
1837,3926,0.14978256830945613,0.025,0.0,0.9840046644210815,0.010056664208555511,0.005114586531941373,0.004081821652345911,-0.0010327648795954618,continuous_direct_verified,gamma_high,0.14993002588179083,0.984004656817007,0.012067997050266614,0.00014745757233469714,7.604074481193379e-09,1.2000000000000002
1838,10230,0.14567716731689873,0.025,0.0,0.9919169813394546,0.0114706487603509,0.005114564995193479,0.004555944101401448,-0.000558620893792031,continuous_direct_verified,gamma_high,0.14584084273881517,0.9919169731596392,0.013764778512421083,0.00016367542191644824,8.179815380593425e-09,1.2000000000000002
1839,22070,0.14671676931902766,0.025,0.0,0.9431413047015667,0.011140822956575216,0.005114181693158008,0.0030615847457179718,-0.0020525969474400364,continuous_direct_verified,gamma_high,0.1473518070424332,0.9395706559448271,0.020561237966500653,0.0006350377234055349,0.003570648756739514,1.845576224184192
1840,14702,0.14043242037296297,0.025,0.0,1.0081493519246578,0.026513706873768937,0.006004543878582469,0.004852415404712823,-0.0011521284738696463,continuous_direct_verified,gamma_high,0.14131702035431118,1.0040746700777172,0.03993244002735348,0.0008845999813482108,0.004074681846940598,1.5061055105372771
1841,41102,0.13830400216393174,0.025,0.0,0.9922040365636349,0.021330701258857113,0.005859994721884743,0.0030512042249713897,-0.0028087904969133536,continuous_direct_verified,gamma_high,0.13908203755286783,0.9881020173378676,0.03342667583309656,0.000778035388936088,0.0041020192257672505,1.5670687722569296
1842,4558,0.1363269540015608,0.025,0.0,1.0158679537475108,0.024480269291102637,0.005755189386440928,0.0034196586168343673,-0.0023355307696065605,continuous_direct_verified,gamma_high,0.1371011931830355,1.0119339742921003,0.036643649326839695,0.0007742391814747063,0.003933979455410519,1.4968646337627438
1843,19246,0.142715708212927,0.025,0.0,0.9521377459168434,0.01954867151617116,0.005683056180672892,0.0028830038296748834,-0.002800052350998009,continuous_direct_verified,gamma_high,0.1434929708837714,0.9480688726204058,0.031271538449620676,0.0007772626708443808,0.0040688732964375696,1.5996758871185726
1844,44342,0.1465190965216607,0.025,0.0,1.0007668510079384,0.028222335961234284,0.006248814919720358,0.00469186935755022,-0.0015569455621701382,continuous_direct_verified,gamma_high,0.14747689388151355,0.9963834200824987,0.04215868941501932,0.0009577973598528522,0.004383430925439691,1.4938058094456734
1845,23982,0.1421900677494705,0.025,0.0,0.9844532147049904,0.02983396569534336,0.0059231083225557354,0.004636125695975029,-0.0012869826265807065,continuous_direct_verified,gamma_high,0.1430924497508562,0.9802266018119781,0.0433457094761005,0.0009023820013857042,0.004226612893012294,1.4528980129137214
1846,27062,0.1480972464196384,0.025,0.0,1.0159985661506652,0.033122200291492425,0.005795136305347973,0.005795133563995939,-2.7413520333960384e-09,continuous_direct_verified,gamma_high,0.14960787025280364,1.0080000022172693,0.054954087391715284,0.0015106238331652477,0.00799856393339593,1.6591315464579952
1847,34646,0.14989708927460016,0.025,0.0,0.9920738518238067,0.03320156829710175,0.005789131662377972,0.005789127113585022,-4.54879294994881e-09,continuous_direct_verified,gamma_high,0.1514200364399059,0.9840000028661477,0.05495408739583904,0.001522947165305738,0.008073848957658947,1.6551654097808424
1848,29814,0.1445565311703831,0.025,0.0,1.0123376943171025,0.07622654689373863,0.00765432566292731,0.0031027009368746546,-0.004551624726052656,continuous_direct_verified,gamma_low,0.1436972424712788,1.0170829930001781,0.06352212241144886,0.0008592886991043158,0.004745298683075605,1.2
1849,32726,0.14955221768468618,0.025,0.0,0.9565088264644146,0.07473599705155701,0.007539233686072911,0.0029782444744235266,-0.004560989211649385,continuous_direct_verified,gamma_low,0.14868001453056812,0.9612018398893808,0.06227999754296417,0.0008722031541180675,0.004693013424966197,1.2
1850,29166,0.14014536757022145,0.025,0.0,0.9413303762674331,0.07320309699279098,0.006732449629774146,0.002751677244025407,-0.003980772385748739,continuous_direct_verified,gamma_low,0.13934457678182055,0.9459272783903226,0.06100258082732581,0.0008007907884008958,0.004596902122889546,1.2000000000000002
1851,47822,0.13607788057997824,0.025,0.0,0.9653689689934254,0.06973628457711536,0.006647328845471245,0.002633318365749106,-0.004014010479722139,continuous_direct_verified,gamma_low,0.13533836594901738,0.9697080879518358,0.05811357048092946,0.0007395146309608636,0.004339118958410437,1.2000000000000002
1852,38646,0.14518615906126797,0.025,0.0,0.9435126192867755,0.12455941677104458,0.009075803061078773,0.004480018083154905,-0.004595784977923867,continuous_direct_verified,gamma_low,0.1437626166417728,0.9519100002098414,0.10379951397587049,0.0014235424194951607,0.008397380923065856,1.2
1853,4846,0.13927189558744432,0.025,0.0,0.9600301764905452,0.11447216448173879,0.008539043322846527,0.004110214935057578,-0.004428828387788949,continuous_direct_verified,gamma_low,0.13801942550071628,0.9676395426345485,0.09539347040144898,0.001252470086728047,0.007609366144003316,1.2000000000000002
1854,2518,0.14916156358085575,0.025,0.0,1.0160562172532082,0.12794254841440675,0.008442353786734589,0.004962759513238986,-0.003479594273495603,continuous_direct_verified,gamma_low,0.14766146240213093,1.0246439492596686,0.10661879034533897,0.0015001011787248164,0.008587732006460458,1.1999999999999997
1855,35294,0.1338985386770219,0.025,0.0,1.0090806134045125,0.1264934860718882,0.008405661387675564,0.004516787669130245,-0.003888873718545319,continuous_direct_verified,gamma_low,0.13256739920214167,1.0175688943642032,0.10541123839324018,0.0013311394748802274,0.008488280959690675,1.2
1856,8118,0.14825447932817043,0.025,0.0,0.9567502476274967,0.18082986081584485,0.010101611166752083,0.006153785588452077,-0.003947825578300005,continuous_direct_verified,gamma_low,0.14613866869617428,0.9697753723331616,0.15069155067987072,0.0021158106319961456,0.013025124705664859,1.2
1857,1846,0.1461792483460158,0.025,0.0,1.0047208495438098,0.17130521222175246,0.009838419545349584,0.006085963427751934,-0.00375245611759765,continuous_direct_verified,gamma_low,0.14420555053866507,1.0168903802924563,0.14275434351812707,0.0019736978073507383,0.012169530748646462,1.1999999999999997
1858,25590,0.14559401297010482,0.025,0.0,0.9753820121288299,0.15153590867242825,0.009786596136773532,0.005397190992500868,-0.004389405144272664,continuous_direct_verified,gamma_low,0.14385549217986773,0.985929086436208,0.12627992389369022,0.0017385207902370914,0.010547074307378113,1.2
1859,17270,0.14408828956075015,0.025,0.0,0.9402801543474197,0.16879594840417134,0.009743701421261599,0.005647683289320729,-0.00409601813194087,continuous_direct_verified,gamma_low,0.1421674725832489,0.9522724467481769,0.14066329033680947,0.0019208169775012385,0.011992292400757165,1.1999999999999997
1860,2670,0.14129223069176078,0.025,0.0,1.0019522480666638,0.286467477518817,0.015381075175654211,0.008283672098864762,-0.0070974030767894485,continuous_direct_verified,gamma_low,0.13813346065122942,1.0247191004804632,0.23872289793234755,0.0031587700405313612,0.022766852413799388,1.1999999999999997
1861,26590,0.13429960352368653,0.025,0.0,1.0193003937602043,0.2834364667312562,0.014173202507589036,0.00802875245291133,-0.006144450054677706,continuous_direct_verified,gamma_low,0.13132734609772573,1.0417735121525349,0.2361970556093802,0.0029722574259608003,0.02247311839233057,1.2
1862,43958,0.148323383461684,0.025,0.0,0.9999531149864197,0.25626204810667425,0.014042489174909186,0.008047935962414373,-0.005994553212494813,continuous_direct_verified,gamma_low,0.1453422773609037,1.0197988972785874,0.2135517067555619,0.002981106100780312,0.019845782292167713,1.1999999999999997
1863,20406,0.14824239066801967,0.025,0.0,0.9441518768668175,0.34873674029535323,0.013997700623345983,0.008286727329621634,-0.005710973293724348,continuous_direct_verified,m_low,0.1523200947296933,0.9141518768668174,0.40775641467362517,0.004077704061673626,0.030000000000000027,1.1692384757863103
1864,43382,0.14376848419196905,0.025,0.0,1.0163599595427513,0.36949581861288877,0.013732664714045866,0.008045668911974604,-0.005686995802071262,continuous_direct_verified,m_low,0.1475925686280465,0.9863599595427512,0.4271695508281728,0.0038240844360774573,0.030000000000000027,1.1560876451370816
1865,40878,0.14254843769595027,0.025,0.0,1.005918635427952,0.37939910366464785,0.013659251688974573,0.007777695658097438,-0.005881556030877135,continuous_direct_verified,m_low,0.14632194367534224,0.9759186354279519,0.43702694634773026,0.0037735059793919667,0.030000000000000027,1.151892405982118
1866,1614,0.13500009761191906,0.025,0.0,0.9968517437577248,0.4715866418646723,0.013480167603007432,0.006122090966313186,-0.007358076636694246,continuous_direct_verified,m_low,0.13833947930715143,0.9668517437577248,0.5279489757608298,0.003339381695232374,0.030000000000000027,1.1195163918835753
1867,27126,0.14591429037973286,0.025,0.0,0.9407408006489276,0.44404741016322247,0.013111141713761381,0.006702395609631298,-0.006408746104130084,continuous_direct_verified,m_low,0.14966011621858047,0.9107408006489276,0.501607908349858,0.0037458258388476107,0.030000000000000027,1.1296269201648481
1868,45358,0.1430046371649951,0.025,0.0,0.940959532558918,0.6109907669064795,0.011194320148912274,0.004838685559383005,-0.006355634589529269,continuous_direct_verified,m_low,0.14628867348101013,0.9109595325589179,0.6681867242006103,0.0032840363160150376,0.030000000000000027,1.0936118193466668
1869,25198,0.14138751728460194,0.025,0.0,0.9867335528135299,0.6506948719094536,0.010721739576388795,0.004530027957888427,-0.006191711618500368,continuous_direct_verified,m_low,0.14450517733781498,0.9567335528135299,0.7071278987668833,0.0031176600532130394,0.030000000000000027,1.086727326883379
1870,35982,0.13840607223100962,0.025,0.0,1.011439350247383,0.652071038977463,0.010678574505437246,0.004469567594123764,-0.006209006911313482,continuous_direct_verified,m_low,0.1414326735211872,0.981439350247383,0.708014228895497,0.003026601290177594,0.030000000000000027,1.0857930908966003
1871,13622,0.146428665984422,0.025,0.0,0.9617465198040008,0.7387534928344103,0.010648907738892611,0.0040035021308738455,-0.006645405608018766,continuous_direct_verified,m_low,0.1495254023554666,0.9317465198040008,0.7966449069644279,0.0030967363710446005,0.030000000000000027,1.07836364185285
1872,42670,0.1419911968987435,0.025,0.0,1.0717602245509625,0.010637285797578609,0.006066127466435528,0.003949977787675046,-0.002116149678760482,continuous_direct_verified,gamma_high,0.14213888735207977,1.071760217843908,0.012764742957094332,0.0001476904533362633,6.707054467369744e-09,1.2000000000000002
1873,44918,0.14419688200578096,0.025,0.0,1.1108367778360844,0.011515522395640368,0.005871117241244808,0.0034371690325497414,-0.002433948208695067,continuous_direct_verified,gamma_high,0.1448194192475518,1.1074183926428052,0.02090414673457376,0.0006225372417708319,0.003418385193279194,1.8153016438479428
1874,23886,0.13477851334027946,0.025,0.0,1.023885653167963,0.011573627621467164,0.005811079435948482,0.0036185699974150467,-0.0021925094385334357,continuous_direct_verified,gamma_high,0.13541945718276857,1.0199428306305713,0.021944484111239036,0.0006409438424891112,0.003942822537391644,1.896076565530383
1875,28046,0.13891932801343504,0.025,0.0,1.0473185792565345,0.011178660204464277,0.005779887067100669,0.00331316007639724,-0.002466726990703429,continuous_direct_verified,gamma_high,0.13955063542867086,1.0436592930363833,0.02107586949371237,0.0006313074152358156,0.0036592862201512144,1.8853663237116352
1876,10542,0.142911980394274,0.025,0.0,1.096581447124481,0.02462945896166443,0.006988442305414415,0.004373896471102034,-0.0026145458343123816,continuous_direct_verified,gamma_high,0.14383971103045723,1.09229071991888,0.03848735438259739,0.0009277306361832327,0.004290727205600975,1.5626552918804542
1877,36278,0.1478874897118658,0.025,0.0,1.0648724302649497,0.02533315520601719,0.006940337868750213,0.003022925722243495,-0.003917412146506718,continuous_direct_verified,gamma_low,0.1471504950407402,1.068436215483217,0.014529612063965634,0.0007369946711255904,0.003563785218267279,1.7435534475724257
1878,41742,0.13702957849018277,0.025,0.0,1.097096688300371,0.02777605440091143,0.006879138489434318,0.005024055550235542,-0.0018550829391987753,continuous_direct_verified,gamma_low,0.13622697891731783,1.1005483501181943,0.015214043515502504,0.0008025995728649371,0.003451661817823304,1.8256852211976875
1879,34126,0.13473344342783095,0.025,0.0,1.0882292911410332,0.02345574866149437,0.006377700469091424,0.0039658878409935296,-0.002411812628097894,continuous_direct_verified,gamma_high,0.13556867973552145,1.0841146425540071,0.036704158578990106,0.0008352363076905012,0.004114648587026037,1.5648257111163841
1880,18742,0.14660003567114474,0.025,0.0,1.0558846086263656,0.03689482994400063,0.006348201651134417,0.005967633394903627,-0.0003805682562307896,continuous_direct_verified,gamma_high,0.1475409156654967,1.051942295996149,0.050474657316370956,0.0009408799943519675,0.0039423126302164935,1.3680685720189505
1881,31222,0.14590160828083754,0.025,0.0,1.0793328188359737,0.03569592400666443,0.006170233204398927,0.005654774426915978,-0.0005154587774829494,continuous_direct_verified,gamma_high,0.1467856979798778,1.0756664016808466,0.04851767006903777,0.0008840896990402747,0.0036664171551270552,1.3591935611466317
1882,35886,0.14367171470075846,0.025,0.0,1.072218532860279,0.03971894979527633,0.006161585928887226,0.006161585537420041,-3.914671841895312e-10,continuous_direct_verified,gamma_high,0.14525028168532259,1.0639999991509332,0.0630957344309658,0.0015785669845641281,0.008218533709345666,1.5885549531440435
1883,12622,0.1348939005751163,0.025,0.0,1.0560476504266263,0.029306889735497294,0.005842188714221958,0.004860671687637075,-0.000981517026584883,continuous_direct_verified,gamma_low,0.13403607154218253,1.0600238305354657,0.015627670370551135,0.0008578290329337712,0.003976180108839378,1.8753204438406477
1884,1462,0.14798357579857113,0.025,0.0,1.0604156658053396,0.07674421754048713,0.008332867594110904,0.003300060768800793,-0.005032806825310111,continuous_direct_verified,gamma_low,0.1470973882303888,1.0651345434082011,0.0639535146170726,0.000886187568182345,0.004718877602861493,1.2000000000000002
1885,33142,0.14387529534287752,0.025,0.0,1.0687676697969435,0.06950268844251903,0.006880658441959788,0.0029780230399329634,-0.0039026354020268244,continuous_direct_verified,gamma_low,0.14309603526589607,1.0729795007043867,0.05791890703543251,0.0007792600769814528,0.004211830907443259,1.2000000000000002
1886,17518,0.14094454250298444,0.025,0.0,1.0531162157654763,0.07498455205511453,0.006845562161515714,0.0031023081410147734,-0.003743254020500941,continuous_direct_verified,gamma_low,0.14012029023941333,1.0577244839544877,0.06248712671259544,0.0008242522635711069,0.004608268189011389,1.2000000000000002
1887,7414,0.14544659457169473,0.025,0.0,1.1035781674087048,0.057161924074396145,0.0065458043925326,0.0030485428533593285,-0.0034972615391732713,continuous_direct_verified,gamma_high,0.14622885363956925,1.0994685789733925,0.06859430888927538,0.0007822590678745189,0.004109588435312395,1.2000000000000002
1888,20662,0.14750310736708344,0.025,0.0,1.056406805664301,0.1238466429313865,0.010048866067922307,0.004947660881417468,-0.005101205186504839,continuous_direct_verified,gamma_low,0.1460674016785198,1.0646122451046165,0.10320553577615543,0.0014357056885636321,0.008205439440315487,1.1999999999999997
1889,35798,0.14938614941202105,0.025,0.0,1.0738585256040096,0.12094522236760792,0.009875749452831218,0.004962408247303493,-0.004913341205527725,continuous_direct_verified,gamma_low,0.14796615933002225,1.0818112416186103,0.10078768530633994,0.0014199900819988065,0.00795271601460068,1.2
1890,13534,0.1333731953520328,0.025,0.0,1.103894244134426,0.12465161658961352,0.009715088691932319,0.00478463671140746,-0.004930451980524859,continuous_direct_verified,gamma_low,0.13206473247835657,1.112072659318919,0.10387634715801126,0.001308462873676225,0.008178415184493026,1.2
1891,40054,0.14454556778073313,0.025,0.0,1.1045384593307972,0.12281915486656926,0.0096925039099577,0.005019116429806534,-0.0046733874801511656,continuous_direct_verified,gamma_low,0.14314854665994625,1.1125696563850138,0.10234929572214106,0.0013970211207868788,0.008031197054216621,1.2
1892,36694,0.1497779117431492,0.025,0.0,1.1101324193179607,0.21014150072030147,0.012515184795629408,0.007736508739071582,-0.004778676056557826,continuous_direct_verified,gamma_low,0.1472944476800829,1.1255731213377702,0.17511791726691792,0.002483464063066293,0.015440702019809516,1.1999999999999997
1893,19886,0.14216597732156516,0.025,0.0,1.0482164859771728,0.20769756331095246,0.012454309710153669,0.0070691340512639075,-0.005385175658889761,continuous_direct_verified,gamma_low,0.139839935351764,1.0635457293097907,0.1730813027591271,0.002326041969801157,0.015329243332617981,1.1999999999999997
1894,38606,0.13595506474375726,0.025,0.0,1.0336334690451623,0.21216503128522315,0.012332891065971026,0.00686204677297409,-0.005470844292996936,continuous_direct_verified,gamma_low,0.13368351435953457,1.0493756796871456,0.17680419273768597,0.0022715503842226925,0.015742210641983334,1.2
1895,43062,0.14725978365167977,0.025,0.0,1.09198432713747,0.20023875244631106,0.012308447052175818,0.007302547125507925,-0.005005899926667893,continuous_direct_verified,gamma_low,0.14493382723335063,1.106567848211332,0.1668656270385926,0.0023259564183291392,0.01458352107386185,1.1999999999999997
1896,29710,0.13758736159652474,0.025,0.0,1.0399734400212766,0.34755636581727206,0.014979092608510335,0.00828088994870508,-0.006698202659805256,continuous_direct_verified,m_low,0.14130002805854192,1.0099734400212765,0.40555979742273623,0.003712666462017178,0.030000000000000027,1.166889279869958
1897,1486,0.13621132173575462,0.025,0.0,1.0888356983661651,0.34525204276092947,0.014284507821085805,0.008483885955708332,-0.005800621865377473,continuous_direct_verified,m_low,0.13987769372753098,1.058835698366165,0.40299561554204216,0.003666371991776357,0.030000000000000027,1.1672504884238943
1898,38958,0.1435562076047063,0.025,0.0,1.044954339414835,0.2816267323384801,0.014267006851830208,0.008568709779353378,-0.00569829707247683,continuous_direct_verified,gamma_low,0.14039763870237207,1.0672528329976427,0.23468894361540013,0.0031585689023342356,0.022298493582807666,1.2
1899,32182,0.14791972665116193,0.025,0.0,1.0886729709804057,0.27242883457576245,0.014050024281552657,0.008864811509654465,-0.005185212771898193,continuous_direct_verified,gamma_low,0.14476316275151355,1.1100555315554468,0.2270240288131354,0.0031565638996483847,0.021382560575041065,1.1999999999999997
1900,19190,0.1450423729605973,0.025,0.0,1.0856264166533947,0.37879133383891433,0.014393759844722166,0.008217054534938593,-0.006176705309783573,continuous_direct_verified,m_low,0.1488402817818406,1.0556264166533946,0.43570179771310324,0.003797908821243312,0.030000000000000027,1.1502422542179669
1901,3566,0.13999286945909262,0.025,0.0,1.0471877813339234,0.3722286381712565,0.014115397408052045,0.007963384795991868,-0.006152012612060177,continuous_direct_verified,m_low,0.14368982858990004,1.0171877813339234,0.42954034577340994,0.00369695913080742,0.030000000000000027,1.153969097820424
1902,23374,0.13465739805251362,0.025,0.0,1.106045387685299,0.36110544802800015,0.013302155598585342,0.008175609998277697,-0.005126545600307645,continuous_direct_verified,m_low,0.13823132065080623,1.076045387685299,0.4183343074128542,0.003573922598292617,0.030000000000000027,1.1584824036784307
1903,13782,0.14928989722393454,0.025,0.0,1.04805414006114,0.5229474469990091,0.012524904427085225,0.0060872960970149445,-0.00643760833007028,continuous_direct_verified,m_low,0.1528103703370753,1.01805414006114,0.5782189451449117,0.0035204731131407707,0.030000000000000027,1.1056922611690412
1904,4342,0.14534834581427278,0.025,0.0,1.0577226139605045,0.6770837473063245,0.011501393104628966,0.004488165749733339,-0.007013227354895626,continuous_direct_verified,m_low,0.1484444064334695,1.0277226139605045,0.7323524247763102,0.0030960606191967333,0.030000000000000027,1.0816275352788542
1905,42454,0.14927056059241295,0.025,0.0,1.1088463142514229,0.6326636903296845,0.010918522514176904,0.00502162719130307,-0.0058968953228738345,continuous_direct_verified,m_low,0.15250738307690404,1.0788463142514229,0.6869286614968858,0.0032368224844910864,0.030000000000000027,1.0857722230572826
1906,47758,0.1380308103747666,0.025,0.0,1.0905868709087372,0.9261198961710475,0.010227279192079983,0.0028859094152456763,-0.0073413697768343065,continuous_direct_verified,m_low,0.14058479883289832,1.0605868709087372,0.9838279678060279,0.0025539884581317063,0.030000000000000027,1.0623116638283756
1907,20982,0.14584341216832403,0.025,0.0,1.0324183650314809,0.6249355418320103,0.01003508144317943,0.004911284635296349,-0.0051237968078830815,continuous_direct_verified,m_low,0.1490670121667189,1.0024183650314809,0.680339268112661,0.0032235999983948604,0.030000000000000027,1.0886551053221163
1908,19702,0.1455067484173924,0.025,0.0,1.1911750108003616,0.011032462430005368,0.006818213334392378,0.003822445481331367,-0.0029957678530610115,continuous_direct_verified,gamma_high,0.14566405348665548,1.1911750043631693,0.013238954916006445,0.00015730506926309173,6.437192334729502e-09,1.2000000000000004
1909,42894,0.13865987989120188,0.025,0.0,1.1361126221716402,0.016271894136191317,0.005895820969182644,0.004756100282706458,-0.001139720686476186,continuous_direct_verified,gamma_low,0.13847585033566567,1.1361126297923265,0.01355991178015943,0.0001840295555362026,7.620686304221636e-09,1.2000000000000002
1910,31982,0.13945087394677103,0.025,0.0,1.14415270909667,0.01607314106568802,0.005880981991696062,0.0046880211887683244,-0.0011929608029277372,continuous_direct_verified,gamma_low,0.1392680425595905,1.1441527166459982,0.013394284221406682,0.00018283138718053205,7.549328051581483e-09,1.2000000000000002
1911,17422,0.13755332492291927,0.025,0.0,1.1682240337133407,0.015889563970324868,0.005779610220796079,0.004503401957324948,-0.0012762082634711304,continuous_direct_verified,gamma_low,0.13737495609265027,1.1682240407940925,0.013241303308604053,0.00017836883026900452,7.080751762700288e-09,1.2000000000000004
1912,42038,0.147051349747926,0.025,0.0,1.1443713307380676,0.022122822269159736,0.007480820071401001,0.0037163292407961313,-0.0037644908306048693,continuous_direct_verified,gamma_high,0.1479231619806521,1.1401856655959925,0.03483460482774209,0.0008718122327261157,0.004185665142075079,1.574600401518534
1913,32598,0.14981959676370027,0.025,0.0,1.1362825259566307,0.02259828900687621,0.007425908877787499,0.0042702411692787665,-0.0031556677085087326,continuous_direct_verified,gamma_high,0.1507618484234013,1.1321412600870804,0.0360270251033196,0.0009422516597010211,0.004141265869550326,1.5942368509561629
1914,4334,0.13963775211013857,0.025,0.0,1.1763080336153506,0.021185928782414376,0.007207764621382372,0.00372207950701656,-0.003485685114365812,continuous_direct_verified,gamma_high,0.14047974067535735,1.1721540168076754,0.03408900907764285,0.0008419885652187764,0.004154016807675243,1.6090401052390406
1915,40150,0.14867424056865275,0.025,0.0,1.1680535607039928,0.02370743650615035,0.007180684403901235,0.004205671284239425,-0.0029750131196618103,continuous_direct_verified,gamma_high,0.1495946571549208,1.1640267777882984,0.03690055693606729,0.0009204165862680413,0.00402678291569436,1.5564971323025283
1916,25078,0.1458133786916733,0.025,0.0,1.160177616775036,0.02795130838796442,0.007083050741556301,0.005033971453904902,-0.002049079287651399,continuous_direct_verified,gamma_high,0.14677597393763803,1.1560888033646184,0.041955769785094445,0.0009625952459647313,0.004088813410417558,1.5010306209193491
1917,42222,0.13936800276860595,0.025,0.0,1.1679682374000548,0.030016369596113736,0.006787094096035898,0.004525427916523946,-0.002261666179511951,continuous_direct_verified,gamma_high,0.14025260371839543,1.1639841147821752,0.043478014695287635,0.0008846009497894824,0.003984122617879615,1.4484767905082299
1918,39950,0.13745223288424313,0.025,0.0,1.144676285237074,0.030931803787500496,0.00676199887437462,0.004524576306198507,-0.002237422568176113,continuous_direct_verified,gamma_high,0.13837320567911074,1.1403381389963316,0.045164088128835746,0.0009209727948676083,0.004338146240742358,1.4601181502090899
1919,6542,0.13890231917612256,0.025,0.0,1.160311759263277,0.038165795812553936,0.00669287187168957,0.006692869275294273,-2.596395296677878e-09,continuous_direct_verified,gamma_low,0.13742432188159473,1.1679999977301996,0.015135612484174731,0.0014779972945278275,0.00768823846692257,2.5215891231662253
1920,46734,0.13811532622203232,0.025,0.0,1.1488447681069374,0.07635792875403713,0.008433623897667119,0.003337350400969268,-0.005096273496697851,continuous_direct_verified,gamma_low,0.13728948353859086,1.1533909877747242,0.06363160729503094,0.0008258426834414634,0.004546219667786788,1.2000000000000002
1921,25558,0.14940236741676927,0.025,0.0,1.1660524301230906,0.07647708015212075,0.0073422555153687,0.0035818171747342624,-0.0037604383406344374,continuous_direct_verified,gamma_low,0.1485067118717704,1.1705761640925898,0.06373090012676727,0.0008956555449988746,0.004523733969499233,1.2000000000000004
1922,8630,0.14805314838886263,0.025,0.0,1.160030870139599,0.04920033133610829,0.0065937969918529946,0.0028083558250043077,-0.003785441166848687,continuous_direct_verified,gamma_high,0.14873854602588787,1.156636971108328,0.05904039760332996,0.0006853976370252424,0.003393899031270964,1.2000000000000002
1923,16438,0.1471340588759631,0.025,0.0,1.199782060086727,0.053388134004062233,0.006459882871355086,0.0030968337952348274,-0.003363049076120259,continuous_direct_verified,gamma_high,0.14787630712302285,1.1961326967597623,0.0640657608048747,0.0007422482470597624,0.0036493633269647496,1.2000000000000002
1924,22358,0.14984159646555784,0.025,0.0,1.1769655257463456,0.12910612577652075,0.01050854800894221,0.00564248699375269,-0.004866061015189519,continuous_direct_verified,gamma_low,0.1483123712102702,1.1853082550642606,0.10758843814710065,0.0015292252552876473,0.00834272931791502,1.1999999999999997
1925,6254,0.14108493854291737,0.025,0.0,1.1989614330232143,0.10155181973705743,0.010195735619792264,0.005240044602538186,-0.004955691017254077,continuous_direct_verified,gamma_high,0.14245727150569906,1.19119687164145,0.1218621836844689,0.0013723329627816916,0.00776456138176429,1.1999999999999997
1926,19822,0.14033953016623857,0.025,0.0,1.1967218160629272,0.09048854570879003,0.00986955049344182,0.004738054352013378,-0.005131496141428442,continuous_direct_verified,gamma_high,0.14155262076088065,1.1899656321505279,0.10858625485054803,0.0012130905946420856,0.006756183912399294,1.2
1927,46814,0.13373512816615404,0.025,0.0,1.1616963855922222,0.12214918420865416,0.0097998509242999,0.004911350613746881,-0.004888500310553019,continuous_direct_verified,gamma_low,0.13244601949014256,1.1695405906675824,0.10179098684054515,0.00128910867601148,0.007844205075360211,1.1999999999999997
1928,47030,0.148173550516367,0.025,0.0,1.1774670064449309,0.21515507590468705,0.012763004437165893,0.008148332352649617,-0.004614672084516276,continuous_direct_verified,gamma_low,0.1456491999898392,1.193190201035306,0.17929589658723924,0.002524350526527802,0.015723194590375078,1.1999999999999997
1929,21558,0.14708276833407583,0.025,0.0,1.1205159075558186,0.20619048612645877,0.012365737363638515,0.0075910503673978225,-0.004774686996240693,continuous_direct_verified,gamma_low,0.14468823562965358,1.1355674363924877,0.17182540510538233,0.0023945327044222475,0.015051528836669048,1.1999999999999997
1930,5430,0.14644372519105675,0.025,0.0,1.1959929145872592,0.20429309464685436,0.012281928953829265,0.008893964493201316,-0.0033879644606279492,continuous_direct_verified,gamma_high,0.14933514345969817,1.177406616181235,0.2451517135762252,0.0028914182686414214,0.018586298406024104,1.2
1931,9718,0.14604302356019616,0.025,0.0,1.1694258525967598,0.2113253126571591,0.012121049343516791,0.007927114507222808,-0.004193934836293984,continuous_direct_verified,gamma_low,0.14359996594844657,1.1848102524920243,0.17610442721429928,0.002443057611749594,0.015384399895264522,1.1999999999999997
1932,39902,0.13412414584308863,0.025,0.0,1.1931993700563908,0.27037670436879285,0.01835974669581168,0.009633493310482332,-0.008726253385329346,continuous_direct_verified,gamma_high,0.1376008138186398,1.166649538926862,0.32445204524255145,0.0034766679755511842,0.02654983112952869,1.2000000000000002
1933,37366,0.14585567195899785,0.025,0.0,1.1871528439223766,0.3008376180637062,0.01807278634918664,0.010547765263944341,-0.007525021085242297,continuous_direct_verified,m_low,0.14995738195026118,1.1571528439223766,0.3599779617826391,0.00410170999126333,0.030000000000000027,1.1965856002303847
1934,21742,0.13940814300440252,0.025,0.0,1.1909879095852376,0.2788196130262931,0.01760175844165612,0.010040956208682327,-0.007560802232973793,continuous_direct_verified,gamma_high,0.1431275473006125,1.1633831498707612,0.3345835356315517,0.0037194042962099827,0.0276047597144764,1.2
1935,42798,0.14282745895907284,0.025,0.0,1.1975998125970362,0.3134239920213695,0.01711939824126977,0.010115181981816518,-0.007004216259453251,continuous_direct_verified,m_low,0.14679790520173355,1.1675998125970362,0.3720480659736829,0.0039704462426607134,0.030000000000000027,1.1870439897540337
1936,758,0.14493991006165746,0.025,0.0,1.1415727980434895,0.42193829394050025,0.01647479823356801,0.007649365074534509,-0.008825433159033502,continuous_direct_verified,m_low,0.1485882940604985,1.1115727980434895,0.47751228259591033,0.0036483839988410427,0.030000000000000027,1.1317111754337397
1937,42974,0.13428877871483566,0.025,0.0,1.173647278547287,0.5731124500015711,0.014920681500662348,0.005282314702475476,-0.009638366798186873,continuous_direct_verified,m_low,0.13730056434096452,1.1436472785472869,0.6267109361691675,0.00301178562612886,0.030000000000000027,1.0935217620336977
1938,26038,0.14797119209542872,0.025,0.0,1.1695697382092476,0.3662501379353811,0.014759082694545305,0.008970115579538489,-0.005788967115006816,continuous_direct_verified,m_low,0.15187510134918214,1.1395697382092476,0.4230254057431166,0.003903909253753418,0.030000000000000027,1.155017737680013
1939,34542,0.13917216756381096,0.025,0.0,1.1611879847943782,0.5208821509414341,0.013647339377332663,0.006025080889929304,-0.007622258487403359,continuous_direct_verified,m_low,0.14241506484177863,1.1311879847943782,0.5749425211224698,0.0032428972779676712,0.030000000000000027,1.1037861828886397
1940,6646,0.1458783549256623,0.025,0.0,1.1889232032001018,0.997527949841194,0.11875370387473234,0.09546971502040036,-0.023283988854331986,continuous_direct_verified,m_low,0.1453304762891599,1.1589232032001018,1.0,0.000547878636502408,0.030000000000000027,1.0024781763350086
1941,20694,0.1485774638131261,0.025,0.0,1.172356703132391,0.9583600741070943,0.04965159544654972,0.027462681411549644,-0.022188914035000076,continuous_direct_verified,m_low,0.1503680139938911,1.142356703132391,1.0,0.001790550180765016,0.030000000000000027,1.0434491450738927
1942,12078,0.14278626986779275,0.025,0.0,1.1771053932607174,0.9541763799159925,0.029432746691878214,0.01899642079856141,-0.010436325893316802,continuous_direct_verified,m_low,0.14475498442550372,1.1471053932607174,1.0,0.001968714557710971,0.030000000000000027,1.0480242657945924
1943,20142,0.14185577956959605,0.025,0.0,1.1639636360108851,0.880381172054925,0.014225215357845655,0.003168632732685653,-0.011056582625160002,continuous_direct_verified,m_low,0.14451144867588428,1.1339636360108851,0.9359713797257073,0.0026556691062882276,0.030000000000000027,1.0631433399933206
1944,43993,0.15891371932812037,0.025,0.0,0.47242169082164764,0.015534492546525747,0.003992679684190549,0.0027843196104052554,-0.0012083600737852933,continuous_direct_verified,gamma_high,0.15993623034926535,0.4682108506907511,0.02724201066733843,0.0010225110211449784,0.004210840130896565,1.7536466405805475
1945,22309,0.1636059489566833,0.025,0.0,0.47193873673677444,0.013419716667861235,0.003946668578132196,0.0032879492529347782,-0.0006587193251974179,continuous_direct_verified,gamma_high,0.1645700617926658,0.46796937547597045,0.024180334057841896,0.0009641128359825224,0.003969361260803994,1.801851310002034
1946,14745,0.16104512359015644,0.025,0.0,0.48068302720785144,0.016386121331950408,0.0035898719717810837,0.0035898129974626177,-5.897431846601381e-08,continuous_direct_verified,gamma_high,0.16136387551539036,0.4799999915606713,0.0199526231435496,0.00031875192523392326,0.0006830356471801413,1.2176538144292306
1947,29289,0.15169259631074966,0.025,0.0,0.48841408491134647,0.013266933764116112,0.003518988000819835,0.0032820781985915155,-0.00023690980222831936,continuous_direct_verified,gamma_high,0.15261803548736116,0.48420704877379045,0.024602310968266212,0.0009254391766115033,0.0042070361375560195,1.8544082156202204
1948,24425,0.15134005807340145,0.025,0.0,0.45671612173318865,0.025431174995791738,0.004293218212634507,0.000599622930486037,-0.00369359528214847,continuous_direct_verified,gamma_low,0.15095656739809954,0.45821848775854185,0.020894388335368958,0.00038349067530191183,0.0015023660253531967,1.2171294314819994
1949,21913,0.16123343338258567,0.025,0.0,0.44875906109809877,0.02078145316359845,0.00407847962981162,0.0005726540082577274,-0.0035058256215538923,continuous_direct_verified,gamma_low,0.16085418552741268,0.45013632085723326,0.0165965898303695,0.0003792478551729872,0.001377259759134497,1.2521520008629254
1950,18921,0.15290138660930097,0.025,0.0,0.4798748388886452,0.021436193970014027,0.003963830610415431,0.0018576985288088323,-0.0021061320816065984,continuous_direct_verified,gamma_high,0.15391778144819776,0.4759374176458821,0.033509231053999125,0.0010163948388967892,0.003937421242763084,1.5632080536719084
1951,27237,0.16505977204069497,0.025,0.0,0.4158888660371304,0.020586428510801932,0.0039050220607630254,0.0015864264691102309,-0.0023185955916527946,continuous_direct_verified,gamma_high,0.1662733271735581,0.41194443237699546,0.0328383348665342,0.0012135551328631422,0.003944433660134916,1.5951448231685041
1952,4697,0.1597611590754241,0.025,0.0,0.40127407237887386,0.02866294161708747,0.004871577952395751,0.004228645257940127,-0.0006429326944556238,continuous_direct_verified,gamma_high,0.16033115622550514,0.4,0.03439552994050497,0.0005699971500810475,0.0012740723788738362,1.2000000000000002
1953,15097,0.1544827389530838,0.025,0.0,0.4246109209954739,0.030218337950079735,0.00407093700680233,0.003660314716765522,-0.00041062229003680775,continuous_direct_verified,gamma_high,0.1558185200356471,0.4203054531914449,0.04464017718233621,0.0013357810825633254,0.004305467804028962,1.477254548416301
1954,537,0.1622533422429115,0.025,0.0,0.4877466529607773,0.03086328592120555,0.003925476550321053,0.0008970001009765283,-0.003028476449344525,continuous_direct_verified,gamma_high,0.1628005728911567,0.48564694246626106,0.03703594310544666,0.0005472306482452172,0.002099710494516238,1.2
1955,29657,0.15886984691023828,0.025,0.0,0.4396942548453808,0.031076440048011363,0.0037512420917090216,0.0008091736017545616,-0.0029420684899544598,continuous_direct_verified,gamma_high,0.15944230021792039,0.437623513890516,0.03729172805761364,0.0005724533076821026,0.0020707409548648137,1.2000000000000002
1956,33337,0.15610523666255177,0.025,0.0,0.4280255168676377,0.07731630283702394,0.004514134618428328,0.0015487454071783817,-0.002965389211249946,continuous_direct_verified,gamma_low,0.15489674079472646,0.4324585160291173,0.0644302523641866,0.0012084958678253155,0.0044329991614796005,1.2000000000000002
1957,44121,0.15999476718716327,0.025,0.0,0.4770841084420681,0.06969159902067115,0.004413897171873823,0.001582094190646708,-0.002831802981227115,continuous_direct_verified,gamma_low,0.15895546801445398,0.4811518549356598,0.058076332517225944,0.0010392991727092848,0.004067746493591706,1.2000000000000004
1958,33765,0.16658075889572505,0.025,0.0,0.4448377333581448,0.0740304383800804,0.0043153296632242304,0.0016128618650077197,-0.0027024677982165107,continuous_direct_verified,gamma_low,0.16537968586765506,0.4491066411953453,0.06169203198340033,0.0012010730280699877,0.00426890783720052,1.2000000000000002
1959,42105,0.1537412953563035,0.025,0.0,0.43708871826529505,0.06276995884829668,0.0041191252176547505,0.001288482299684371,-0.00283064291797038,continuous_direct_verified,gamma_low,0.15279641630426452,0.4406568660185011,0.052308299040247225,0.000944879052038966,0.0035681477532060746,1.2000000000000002
1960,41445,0.16622729473747316,0.025,0.0,0.42639670968055726,0.11954755068532466,0.0064922872810450356,0.0023761882845609868,-0.004116098996484048,continuous_direct_verified,gamma_low,0.16419369518537036,0.43351813933386557,0.0996229589044372,0.002033599552102805,0.007121429653308309,1.2000000000000002
1961,13221,0.16380234896205367,0.025,0.0,0.4204978182911873,0.12163551156161677,0.005912482344567118,0.002357791696463446,-0.003554690648103672,continuous_direct_verified,gamma_low,0.16174027121342505,0.4277296149561284,0.10136292630134731,0.002062077748628627,0.007231796664941059,1.2
1962,37157,0.1631895474623889,0.025,0.0,0.4029607705771923,0.11498212554014021,0.005884025935994389,0.0021546897512057703,-0.0037293361847886186,continuous_direct_verified,gamma_low,0.16118536656903998,0.40970111329762093,0.09581843795011682,0.002004180893348917,0.006740342720428616,1.2000000000000002
1963,45477,0.164026934793219,0.025,0.0,0.4626709304749966,0.1280955348356237,0.005838494566312576,0.0026896562506826156,-0.0031488383156299607,continuous_direct_verified,gamma_low,0.16198776163532128,0.47049293139210396,0.10674627902968643,0.002039173157897728,0.007822000917107386,1.1999999999999997
1964,35365,0.16281873458065094,0.025,0.0,0.45561187937855724,0.20567486791496906,0.00854822684105184,0.003853835737030466,-0.004694391104021374,continuous_direct_verified,gamma_low,0.15949737264727157,0.46882141051208875,0.17139572326247424,0.0033213619333793687,0.013209531133531516,1.1999999999999997
1965,31465,0.15196890910156075,0.025,0.0,0.4860739275813103,0.20110029147861075,0.008399355649946249,0.003819317444262411,-0.004580038205683838,continuous_direct_verified,gamma_low,0.1490590949070778,0.4991643556419962,0.16758357623217562,0.0029098141944829403,0.013090428060685888,1.2
1966,43433,0.15036795008927584,0.025,0.0,0.4416197180747986,0.21416848078650372,0.008323570697488628,0.003649067728977316,-0.004674502968511312,continuous_direct_verified,gamma_low,0.14710342082304653,0.4553349789653586,0.17847373398875313,0.0032645292662293046,0.013715260890560022,1.1999999999999997
1967,15337,0.15264455070719124,0.025,0.0,0.41147735267877583,0.21040155244448974,0.008110038809893564,0.0034204034309175645,-0.004689635378975999,continuous_direct_verified,gamma_low,0.14920421141015455,0.42471845424172033,0.1753346270370748,0.0034403392970366875,0.013241101562944502,1.1999999999999997
1968,2405,0.1659332417882979,0.025,0.0,0.484692069888115,0.3221701983473678,0.012480339671289638,0.005047218152621777,-0.007433121518667861,continuous_direct_verified,a1_high,0.17118674328800476,0.462433725365472,0.3762689171554464,0.005253501499706853,0.02225834452264297,1.1679196868164345
1969,473,0.15868609254248442,0.025,0.0,0.47051551863551144,0.29554411759507393,0.011194859861389317,0.004802550986666961,-0.006392308874722356,continuous_direct_verified,a1_high,0.16368937219511018,0.4493001554979461,0.347794693215426,0.005003279652625758,0.021215363137565335,1.1767945037970295
1970,43241,0.15238811629824342,0.025,0.0,0.4656503111124039,0.3423252237168439,0.010735449917159126,0.004827762315922902,-0.005907687601236224,continuous_direct_verified,a1_high,0.15776980821749584,0.44160354950471276,0.40141513350163616,0.005381691919252418,0.024046761607691147,1.1726133679055704
1971,43897,0.15363277290016414,0.025,0.0,0.411254121363163,0.29922056400579183,0.01010675420731096,0.004355881292100973,-0.005750872915209987,continuous_direct_verified,gamma_low,0.14876942403741258,0.4308047509751768,0.24935047000482657,0.004863348862751554,0.01955062961201376,1.1999999999999997
1972,21625,0.1537824011873454,0.025,0.0,0.4108887329697609,0.583226384485311,0.01690603356407357,0.0035077869891091216,-0.013398246574964448,continuous_direct_verified,a1_low,0.14870491454570936,0.43479424438598957,0.5213238236716993,0.005077486641636042,0.023905511416228653,1.118741093352746
1973,8869,0.16428351337090136,0.025,0.0,0.40820522084832195,0.572004666779762,0.016287203786276,0.003435662578019128,-0.012851541208256871,continuous_direct_verified,a1_low,0.1591943058597023,0.43027926841930186,0.5148095409178224,0.0050892075111990676,0.022074047570979916,1.1110995840519389
1974,15465,0.1516378900036216,0.025,0.0,0.43801629915833473,0.5119714916447848,0.013633118135803876,0.0035119644066637446,-0.010121153729140131,continuous_direct_verified,a1_high,0.15664206568849176,0.41480591456059,0.5716211003813142,0.00500417568487016,0.023210384597744715,1.1165096293641197
1975,20953,0.15863509508781137,0.025,0.0,0.4331138879060745,0.5015515447149292,0.011903896119564801,0.0034733722858295932,-0.008430523833735208,continuous_direct_verified,a1_high,0.16367498906515757,0.41114601055615657,0.5579782928978141,0.005039893977346194,0.021967877349917952,1.1125043851972514
1976,29241,0.1560648416168988,0.025,0.0,0.4010447598993778,0.8302469518511466,0.011174540565778875,0.0029388021862352563,-0.008235738379543618,continuous_direct_verified,a1_low,0.15106165252515305,0.42710913085007046,0.7542340743221128,0.005003189091745741,0.02606437095069264,1.1007815479529381
1977,42345,0.15104304561391474,0.025,0.0,0.448661382496357,0.7806805084611897,0.010048072017202607,0.003159931767030875,-0.006888140250171732,continuous_direct_verified,a1_high,0.1561473568366584,0.4202514411092276,0.8628852492414424,0.005104311222743657,0.028409941387129434,1.1052988256902783
1978,9317,0.16522376886568965,0.025,0.0,0.46705589145421983,0.9536794178541479,0.010024132586901113,0.0032851106399015184,-0.006739021946999595,continuous_direct_verified,m_high,0.16029496799781162,0.4970558914542198,0.8675645424114657,0.00492880086787803,0.02999999999999997,1.0992604829184454
1979,39321,0.16106470189988614,0.025,0.0,0.4421365350484848,0.9134095661593109,0.00989102287728606,0.003203342563635216,-0.0066876803136508445,continuous_direct_verified,a1_low,0.15606424296074478,0.4712154684360201,0.8291839722242975,0.005000458939141361,0.029078933387535255,1.1015764857454697
1980,16293,0.16390549833886325,0.025,0.0,0.5681954860687256,0.010063352023282792,0.0042968836106491584,0.004296872054269682,-1.1556379476626577e-08,continuous_direct_verified,gamma_high,0.16583203056763576,0.5600000041027661,0.03311311215547459,0.0019265322287725095,0.008195481965959539,3.290465451160147
1981,18329,0.1609872533939779,0.025,0.0,0.5521401196718216,0.014062596594465413,0.0040101519675072,0.0023651543915754153,-0.001644997575931785,continuous_direct_verified,gamma_high,0.16191561504587837,0.5480700632760404,0.02532931134838589,0.0009283616519004667,0.004070056395781285,1.8011831014447712
1982,44777,0.15222121570259334,0.025,0.0,0.5602733783423901,0.012208043363693546,0.0038593488413442797,0.003294871463735311,-0.0005644773776089687,continuous_direct_verified,gamma_high,0.15305827572193348,0.5561366952466736,0.02306288613139237,0.0008370600193401412,0.004136683095716465,1.889154997596166
1983,8409,0.15801555439829829,0.025,0.0,0.5363503687083722,0.012148999137710264,0.003841528312374431,0.003766989349716221,-7.453896265820995e-05,continuous_direct_verified,gamma_high,0.15889858328339018,0.5321751920613614,0.023007046686908353,0.0008830288850918966,0.0041751766470107254,1.8937400872385375
1984,7001,0.1591510863043368,0.025,0.0,0.5449758268892765,0.02330369921742019,0.004863263115063343,0.0006865037528842787,-0.004176759362179064,continuous_direct_verified,gamma_low,0.15880407767420057,0.5464334438446447,0.019056917922784498,0.00034700863013623073,0.0014576169553681684,1.2228472259702725
1985,13541,0.1666182728018612,0.025,0.0,0.5768529392778874,0.021922488484977517,0.004853318648905168,0.0006555492288940963,-0.0041977694200110716,continuous_direct_verified,gamma_low,0.16630626336200743,0.5781424572654109,0.01819799130932317,0.0003120094398537665,0.0012895179875235252,1.204665290379945
1986,27737,0.16000097831711174,0.025,0.0,0.5283998049795627,0.025044979135131474,0.004377635344560909,0.0008014138635042575,-0.003576221481056651,continuous_direct_verified,gamma_low,0.15957740804714937,0.530139027004373,0.019954516480105173,0.00042357026996237,0.0017392220248102497,1.255103282512585
1987,825,0.15560548272915187,0.025,0.0,0.5044550344347953,0.020114457273057534,0.004213367293635632,0.002436783862506403,-0.001776583431129229,continuous_direct_verified,gamma_high,0.15670146501688648,0.5002275138731501,0.03321580501378324,0.0010959822877346093,0.004227520561645215,1.6513398578381933
1988,47257,0.16054522660560908,0.025,0.0,0.5509109884500504,0.03930940446688984,0.004222014248348561,0.001056346118510281,-0.00316566812983828,continuous_direct_verified,gamma_low,0.16000289236246157,0.5532021797547255,0.03275783705574153,0.0005423342431475076,0.002291191304675144,1.2000000000000002
1989,37029,0.16469320794567466,0.025,0.0,0.5288995407521725,0.028993791607059557,0.004198925510860887,0.0009199188436773499,-0.003279006667183537,continuous_direct_verified,gamma_high,0.16519494699248632,0.5268993305475271,0.03479254992847147,0.0005017390468116667,0.0020002102046453585,1.2000000000000002
1990,18281,0.15128859821707014,0.025,0.0,0.5750624947249889,0.039586860174006006,0.003938594212083921,0.0010611346138750463,-0.0028774595982088745,continuous_direct_verified,gamma_low,0.15078190235309363,0.5773901348777799,0.032989050145005,0.0005066958639765029,0.0023276401527909663,1.2000000000000002
1991,44889,0.1591102190781385,0.025,0.0,0.5115322709083557,0.029242212059243686,0.003814602782918383,0.0008782758579597667,-0.0029363269249586166,continuous_direct_verified,gamma_high,0.15960642543872472,0.5095263822835748,0.03509065447109243,0.0004962063605862266,0.002005888624780905,1.2000000000000002
1992,11941,0.164450444560498,0.025,0.0,0.5562205605208874,0.06766273779838551,0.005368312308268413,0.0018052361417072505,-0.003563076166561162,continuous_direct_verified,gamma_low,0.16348599774496214,0.5602914088452094,0.05638561483198792,0.0009644468155358688,0.0040708483243220295,1.2000000000000002
1993,43961,0.15765634207054974,0.025,0.0,0.5563403382897377,0.0726525276428068,0.005248780950794225,0.0018715030032712917,-0.0033772779475229335,continuous_direct_verified,gamma_low,0.1566618014782687,0.5607380979968996,0.06054377303567233,0.0009945405922810457,0.00439775970716183,1.2000000000000002
1994,43621,0.16505255955271425,0.025,0.0,0.5645708240568638,0.07604802312458163,0.005221884725175695,0.0020411512332612976,-0.0031807334919143975,continuous_direct_verified,gamma_low,0.16396757414340965,0.5692045631895322,0.06337335260381802,0.0010849854093046007,0.004633739132668402,1.2000000000000002
1995,19865,0.1613262361381203,0.025,0.0,0.5178881861269474,0.048010771889187204,0.004351727999172558,0.001211158723705241,-0.0031405692754673167,continuous_direct_verified,gamma_low,0.16064044496618898,0.5206790437129415,0.04000897657432267,0.0006857911719313214,0.0027908575859940665,1.2000000000000002
1996,31353,0.15424818340688945,0.025,0.0,0.5688818179070949,0.12886032039515236,0.007208656627772162,0.0031150787821389732,-0.0040935778456331895,continuous_direct_verified,gamma_low,0.15250986202421934,0.5771390209178826,0.10738360032929366,0.001738321382670105,0.008257203010787695,1.1999999999999997
1997,32101,0.16581299249082804,0.025,0.0,0.5232552878558636,0.12703287448719267,0.006994871291411799,0.0030051579849653476,-0.003989713306446451,continuous_direct_verified,gamma_low,0.16390305539061992,0.5312347693045292,0.10586072873932724,0.00190993710020812,0.00797948144866556,1.1999999999999997
1998,40425,0.15308274039998654,0.025,0.0,0.5540762685239315,0.1147180040874241,0.006741026067887963,0.002741410866502991,-0.003999615201384973,continuous_direct_verified,gamma_low,0.1515353068784203,0.5613031528180008,0.09559833673952006,0.0015474335215662494,0.007226884294069258,1.2000000000000002
1999,36517,0.16446977839805188,0.025,0.0,0.5166965521872043,0.12364142675611377,0.006324501561868319,0.002887549605261083,-0.003436951956607236,continuous_direct_verified,gamma_low,0.16261609942308738,0.524419129465847,0.10303452229676148,0.0018536789749644955,0.007722577278642673,1.2
2000,14117,0.1636326377745718,0.025,0.0,0.5564865037798882,0.20992045032600576,0.011020868076588615,0.0046766385260656905,-0.006344229550522925,continuous_direct_verified,gamma_low,0.1605794166577296,0.5707051565107839,0.17493370860500482,0.0030532211168421974,0.014218652730895731,1.2
2001,249,0.15477791284210982,0.025,0.0,0.5372117020189762,0.19198424684810064,0.01003288013738687,0.004081363191672483,-0.0059515169457143875,continuous_direct_verified,gamma_low,0.1520943254718686,0.5499511180510852,0.15998687237341722,0.002683587370241214,0.012739416032109041,1.2
2002,17897,0.15298164780251683,0.025,0.0,0.5338244259357452,0.18056750762931592,0.008750683112991032,0.0038415452037343168,-0.004909137909256715,continuous_direct_verified,gamma_low,0.15048088520832759,0.5456994236611005,0.15047292302442994,0.002500762594189243,0.011874997725355274,1.2
2003,18905,0.15857905647717419,0.025,0.0,0.5022888787090778,0.19893882973724936,0.008479349848822893,0.004020090309616098,-0.004459259539206795,continuous_direct_verified,gamma_low,0.15563073088647286,0.5153367368750421,0.16578235811437447,0.002948325590701323,0.013047858165964321,1.2
2004,293,0.16320230793207885,0.025,0.0,0.5414872720837594,0.28756838087146647,0.013451869820783936,0.005626573000304111,-0.007825296820479825,continuous_direct_verified,gamma_low,0.15902005915441364,0.5616165777394945,0.23964031739288874,0.0041822487776652095,0.02012930565573512,1.2
2005,44185,0.1606676314491779,0.025,0.0,0.5287618838250637,0.28001843538159804,0.01224793144742292,0.005365383079948528,-0.006882548367474392,continuous_direct_verified,gamma_low,0.15660588750337168,0.5481553570946859,0.23334869615133172,0.004061743945806218,0.019393473269622152,1.2
2006,26649,0.16194593105465177,0.025,0.0,0.5377489157021046,0.32788528488233326,0.011499831687738778,0.0059986327618361,-0.005501198925902678,continuous_direct_verified,gamma_low,0.15725081213157924,0.5609775693629254,0.27323773740194446,0.004695118923072533,0.02322865366082083,1.1999999999999997
2007,24409,0.15906792581081391,0.025,0.0,0.5346064932644368,0.31473012515748006,0.011407129219106365,0.005759869511415367,-0.005647259707690999,continuous_direct_verified,gamma_low,0.15461108847362223,0.5567826402633509,0.2622751042979001,0.0044568373371916825,0.022176146998914126,1.2
2008,10233,0.15502039431594314,0.025,0.0,0.551789502799511,0.5407241933793572,0.0132606582007437,0.004704714589032062,-0.008555943611711636,continuous_direct_verified,a1_high,0.16004347643261535,0.522798595523331,0.6094079093484823,0.005023082116672212,0.028990907276180033,1.1270217179295667
2009,26405,0.1636445833835751,0.025,0.0,0.5440833486616612,0.39707183210632097,0.011759721279313259,0.00522795161513216,-0.006531769664181099,continuous_direct_verified,a1_high,0.16864525448779338,0.5191783200806794,0.4551383321746938,0.005000671104218285,0.02490502858098176,1.1462367646688794
2010,20773,0.16317777438089254,0.025,0.0,0.5540856428444385,0.5538189900798479,0.011647025309021477,0.0046641021519967475,-0.006982923157024729,continuous_direct_verified,a1_high,0.1682376749594884,0.5259983947096228,0.6203852723397518,0.005059900578595872,0.028087248134815668,1.1201950157944325
2011,30393,0.15712518924847246,0.025,0.0,0.5649646528065204,0.47356212331697484,0.011381845331633526,0.005469073092426351,-0.005912772239207175,continuous_direct_verified,m_low,0.16249143517611508,0.5349646528065204,0.5429847443312604,0.005366245927642621,0.030000000000000027,1.1465966503571448
2012,39269,0.16587732010520995,0.025,0.0,0.5708718068897725,0.9380759269411116,0.014881553237850235,0.0034445353416658847,-0.01143701789618435,continuous_direct_verified,m_high,0.16164699532158014,0.6008718068897725,0.8611947514782018,0.0042303247836298075,0.030000000000000027,1.0892726939300859
2013,14569,0.15232305247336628,0.025,0.0,0.5772244520485401,0.8828469173977135,0.012003615209372164,0.0031937311547002014,-0.008809884054671962,continuous_direct_verified,m_low,0.1563940220419788,0.5472244520485401,0.9623358905798833,0.004070969568612526,0.030000000000000027,1.0900370965970774
2014,27301,0.16438712012022735,0.025,0.0,0.5641973100602626,0.913168082895907,0.011624579066880194,0.0032704764891599092,-0.008354102577720283,continuous_direct_verified,m_low,0.16879510413672114,0.5341973100602626,0.9949396402347667,0.004407984016493782,0.030000000000000027,1.0895471040550821
2015,26009,0.16118509047664703,0.025,0.0,0.5703629426658153,0.8108272721565573,0.011562383133110978,0.00360356250247909,-0.007958820630631889,continuous_direct_verified,m_low,0.16570298545941628,0.5403629426658153,0.8881929546506083,0.004517894982769249,0.030000000000000027,1.0954157379145395
2016,36329,0.15308855548501016,0.025,0.0,0.6160934813320637,0.014266584124457337,0.004478348720006311,0.0021425219804332295,-0.002335826739573081,continuous_direct_verified,gamma_high,0.1539391874813128,0.6120467424300643,0.02551235937325407,0.0008506319963026421,0.004046738901999358,1.7882598350587646
2017,6757,0.16502243960276247,0.025,0.0,0.6637752331793308,0.010966815756204692,0.004389923036501188,0.0034986142101685502,-0.0008913088263326377,continuous_direct_verified,gamma_high,0.1658080499034154,0.6598876233781198,0.020875212101114274,0.0007856103006529391,0.003887609801211056,1.9034889037233722
2018,15865,0.15529873622581364,0.025,0.0,0.6560441114008426,0.012511993272538862,0.004388716885307693,0.0033389209636687737,-0.001049795921638919,continuous_direct_verified,gamma_high,0.15607101199720871,0.6520220615939945,0.022816754744411773,0.0007722757713950756,0.004022049806848171,1.8235907139184329
2019,45337,0.161361547280103,0.025,0.0,0.6244127683341503,0.01626602095793698,0.00435595477804873,0.0023364215777003762,-0.002019533200348354,continuous_direct_verified,gamma_high,0.16228475473663984,0.6202063863226325,0.02787605333819051,0.0009232074565368453,0.004206382011517795,1.713759831631622
2020,47705,0.1598261362873018,0.025,0.0,0.6329435899853706,0.024118510324994732,0.005304562406713158,0.0018828080026947484,-0.003421754404018409,continuous_direct_verified,gamma_low,0.15905175782804895,0.6364717942772753,0.014177009065300325,0.0007743784592528502,0.003528204291904702,1.701241087870025
2021,18085,0.16450921064242724,0.025,0.0,0.6332434386014938,0.027797794598463384,0.004964070034740418,0.0037615288776004577,-0.0012025411571399604,continuous_direct_verified,gamma_high,0.16565948243901252,0.6286217130415421,0.04184039670148242,0.0011502717965852782,0.0046217255599516616,1.505169647659577
2022,31065,0.15950872157700363,0.025,0.0,0.6005435697734356,0.027568840479279072,0.004857746621027672,0.004609870027059323,-0.00024787659396834864,continuous_direct_verified,gamma_low,0.15851980372075727,0.6042717940382302,0.015157187649813029,0.0009889178562463574,0.0037282242647945774,1.8188625169933255
2023,23001,0.1585894419346005,0.025,0.0,0.665039636939764,0.02474656666824032,0.004844608324804734,0.002331629379318679,-0.002512978945486055,continuous_direct_verified,gamma_low,0.15779322930797543,0.6685198210804608,0.014360410472343257,0.0007962126266250757,0.0034801841406968403,1.723249256412258
2024,24997,0.1639737218618393,0.025,0.0,0.655782514065504,0.03235439182780044,0.0049415258848488795,0.0012401343279034266,-0.003701391556945453,continuous_direct_verified,gamma_high,0.16449368634227032,0.6534616594081483,0.03882527019336053,0.0005199644804310122,0.0023208546573557642,1.2
2025,41529,0.15612033442594114,0.025,0.0,0.6172135598957539,0.02797208213546103,0.004711581569835858,0.0035028295160943876,-0.00120875205374147,continuous_direct_verified,gamma_high,0.15721648779497496,0.612606774511461,0.0419713579044487,0.0010961533690338199,0.004606785384292933,1.5004731396537827
2026,6361,0.1580951754935086,0.025,0.0,0.6405163101851941,0.030404983731341168,0.0043699948451323255,0.0011153231301404372,-0.0032546717149918884,continuous_direct_verified,gamma_high,0.15856860209249088,0.6383450836144499,0.036485980477609405,0.00047342659898227946,0.0021712265707442002,1.2000000000000002
2027,30057,0.15102530070580544,0.025,0.0,0.6321031376719475,0.030907166075354018,0.004325619192835158,0.004325604528079433,-1.46647557248622e-08,continuous_direct_verified,gamma_high,0.15264635741350072,0.6240000044980433,0.05248074604649221,0.001621056707695273,0.008103133173904209,1.6980122318086415
2028,40985,0.16205283901654186,0.025,0.0,0.6121201157569885,0.07649287608607289,0.005832173855558309,0.002179290923362476,-0.0036528829321958328,continuous_direct_verified,gamma_low,0.1610109400097796,0.6168512346414888,0.06374406340506072,0.0010418990067622425,0.004731118884500285,1.2000000000000002
2029,31609,0.15357611807994548,0.025,0.0,0.6197054252028465,0.0755585926466609,0.005818747322568963,0.002098517395476525,-0.003720229927092438,continuous_direct_verified,gamma_low,0.15260482652503837,0.6243868558720793,0.0629654938722174,0.0009712915549071055,0.004681430669232767,1.2000000000000002
2030,40933,0.16642847619950774,0.025,0.0,0.6294820450246335,0.07712999501934227,0.005693358120723393,0.002293346326334784,-0.003400011794388609,continuous_direct_verified,gamma_low,0.16535847604207574,0.6342779263493729,0.06427499584945189,0.0010700001574319995,0.004795881324739404,1.2000000000000002
2031,24553,0.1527060956694186,0.025,0.0,0.6365157626569271,0.07703245174410019,0.005347489293772409,0.002178761820938533,-0.003168727472833876,continuous_direct_verified,gamma_low,0.15172873569241416,0.6413128296054065,0.06419370978675015,0.0009773599770044328,0.004797066948479367,1.2
2032,27941,0.16330607449635864,0.025,0.0,0.5845394700765609,0.11839020414533395,0.007547470780758284,0.0030918898621719185,-0.004455580918586366,continuous_direct_verified,gamma_low,0.16163637236571474,0.5920997380650511,0.09865850345444495,0.0016697021306439075,0.007560267988490188,1.2000000000000002
2033,34009,0.15794754852540793,0.025,0.0,0.6566229343414307,0.11985175007233317,0.007281506181889192,0.0033816085297193976,-0.0038998976521697946,continuous_direct_verified,gamma_low,0.1563722680106565,0.664467584810044,0.09987645839361096,0.0015752805147514204,0.007844650468613268,1.2000000000000002
2034,19433,0.15268187308683995,0.025,0.0,0.6588113635778428,0.10815473787965996,0.007026261347826701,0.003033006432056922,-0.003993254915769779,continuous_direct_verified,gamma_low,0.15131207363623606,0.6658086518875761,0.09012894823304995,0.0013697994506038924,0.0069972883097333405,1.2000000000000002
2035,13145,0.15925555722787976,0.025,0.0,0.5917135648429394,0.12498749416112409,0.006779604709317358,0.0032152790182194764,-0.0035643256910978817,continuous_direct_verified,gamma_low,0.1575418573440753,0.5997672953007059,0.10415624513427009,0.0017136998838044593,0.008053730457766584,1.1999999999999997
2036,677,0.1642612563446164,0.025,0.0,0.6494850516319275,0.20695883446466654,0.009902415346080709,0.005301391163977632,-0.004601024182103077,continuous_direct_verified,gamma_low,0.16140490003038552,0.6640031228813313,0.17246569538722212,0.0028563563142308956,0.014518071249403852,1.2
2037,2105,0.15634796568192544,0.025,0.0,0.613260455429554,0.16981007342308696,0.009284195479103311,0.004201404900708838,-0.005082790578394473,continuous_direct_verified,gamma_low,0.15407728723652092,0.6246985737873016,0.14150839451923913,0.002270678445404517,0.011438118357747662,1.2
2038,21477,0.16656072963960472,0.025,0.0,0.6361167840659618,0.19042532684625305,0.009072538383309217,0.0049474690897960685,-0.004125069293513149,continuous_direct_verified,gamma_low,0.16387835197171988,0.6492660370383788,0.15868777237187756,0.0026823776678848443,0.01314925297241698,1.1999999999999997
2039,42341,0.16574927256442606,0.025,0.0,0.5904065400362015,0.2136928716589394,0.009009452811737794,0.005031069469657066,-0.003978383342080729,continuous_direct_verified,gamma_low,0.16267636636621569,0.6051290899789619,0.1780773930491162,0.003072906198210379,0.014722549942760343,1.1999999999999997
2040,9445,0.16666299947537483,0.025,0.0,0.640579592436552,0.31482027266247886,0.014653240770851872,0.006927190409707549,-0.007726050361144323,continuous_direct_verified,gamma_low,0.16230948595098926,0.6639466540770084,0.2623502272187324,0.004353513524385566,0.02336706164045632,1.2
2041,18341,0.16382400249131024,0.025,0.0,0.5840792484581471,0.35641961066871897,0.012739909562822706,0.005997936370481698,-0.006741973192341008,continuous_direct_verified,a1_high,0.16883182024867735,0.5582884697050501,0.415207653598695,0.005007817757367111,0.025790778753096988,1.1649405396624422
2042,34405,0.1648771014530212,0.025,0.0,0.6328354850411415,0.24975032494005375,0.012462698522325441,0.00591706012501842,-0.006545638397307021,continuous_direct_verified,gamma_low,0.1614015162881551,0.6507343317884979,0.20812527078337817,0.0034755851648660963,0.017898846747356423,1.1999999999999997
2043,38585,0.15714492877013983,0.025,0.0,0.6250017777085304,0.3525243618614212,0.012350370879277676,0.006714763038828735,-0.005635607840448941,continuous_direct_verified,a1_high,0.16224870184096365,0.5962776811413437,0.41657257928220753,0.005103773070823825,0.028724096567186663,1.1816845141782397
2044,13369,0.15651260078884663,0.025,0.0,0.6452820293605328,0.38660844668070987,0.013277657193162824,0.006576196284582517,-0.006701460908580308,continuous_direct_verified,a1_high,0.16151889398560196,0.6157082310498463,0.45150140615487777,0.005006293196755329,0.029573798310686517,1.1678518926094787
2045,27545,0.1608857622370124,0.025,0.0,0.6453990839421749,0.4280791969440507,0.012767150153299147,0.006234458840196125,-0.006532691313103022,continuous_direct_verified,a1_high,0.16588676868408878,0.6159030920994245,0.49264701863041443,0.005001006447076378,0.029495991842750424,1.15083148666718
2046,24937,0.15084590786136687,0.025,0.0,0.6601005144417286,0.3897634480500798,0.012765370124962918,0.0065183388974052,-0.0062470312275577184,continuous_direct_verified,m_low,0.15565115935729068,0.6301005144417285,0.4549858793063982,0.004805251495923812,0.030000000000000027,1.1673385012951192
2047,2585,0.16228067590855064,0.025,0.0,0.6073795400559903,0.46435292989369564,0.012358103397606122,0.005589434320565414,-0.006768669077040708,continuous_direct_verified,a1_high,0.16728134148870694,0.5788214845199474,0.5284798124683929,0.005000665580156299,0.028558055536042848,1.138099446447722
2048,24357,0.16357835992239417,0.025,0.0,0.629071245342493,0.924617819645336,0.01719181860233328,0.0034920282480506194,-0.013699790354282662,continuous_direct_verified,m_high,0.15966365355722892,0.6590712453424931,0.8519988394211131,0.003914706365165249,0.030000000000000027,1.0852336609678523
2049,18553,0.15392537661828104,0.025,0.0,0.6134056761860848,0.9452475066215644,0.016628114654033965,0.0032480098320841247,-0.01338010482194984,continuous_direct_verified,m_high,0.15021514179116896,0.6434056761860848,0.8710467933141143,0.00371023482711208,0.030000000000000027,1.0851856798934247
2050,27881,0.15242993626743556,0.025,0.0,0.6302144460380077,0.9611221672405895,0.01615176244235111,0.003173038203581124,-0.012978724238769987,continuous_direct_verified,m_high,0.14885064149267996,0.6602144460380077,0.8874703386685349,0.0035792947747556036,0.030000000000000027,1.0829907495078133
2051,345,0.15942713911645118,0.025,0.0,0.6471901819109916,0.9756243986885911,0.01429105875672983,0.003238197771360485,-0.011052860985369346,continuous_direct_verified,m_high,0.15577599698009445,0.6771901819109917,0.9025759526361109,0.0036511421363567276,0.030000000000000027,1.0809332952413933
2052,37221,0.16599620650522412,0.025,0.0,0.7278006121516227,0.015277510413539537,0.004913796381357132,0.002548303953568585,-0.0023654924277885475,continuous_direct_verified,gamma_high,0.16682555093971985,0.7239003087142792,0.025799834334008453,0.0008293444344957268,0.0039003034373434886,1.6887459825354538
2053,35033,0.15804156051017346,0.025,0.0,0.7039451792836189,0.010121313112118049,0.004854968217776839,0.0037924482967282786,-0.0010625199210485608,continuous_direct_verified,gamma_high,0.15878498142754516,0.699972596664293,0.020054371384003636,0.000743420917371701,0.003972582619325871,1.9814001564671417
2054,35321,0.15534877912141384,0.025,0.0,0.6882316589355468,0.015631278592069104,0.004658038402310732,0.0025328799592050973,-0.002125158443105635,continuous_direct_verified,gamma_high,0.15617476807836955,0.6841158322489406,0.02670471053522404,0.0008259889569557088,0.004115826686606261,1.7084149820458898
2055,21145,0.16027108584530653,0.025,0.0,0.6799479469656944,0.01586181924739439,0.004378562760614381,0.0022425316565630334,-0.002136031104051348,continuous_direct_verified,gamma_high,0.1611247097111769,0.6759739745513391,0.02690091928084329,0.0008536238658703732,0.003973972414355265,1.695954219454511
2056,1881,0.1590081198140979,0.025,0.0,0.7291303314268589,0.02452653819616101,0.005381463643821312,0.0024885250958139953,-0.0028929385480073165,continuous_direct_verified,gamma_low,0.1582360172684091,0.7325651684137567,0.014296426768077759,0.0007721025456887964,0.003434836986897838,1.7155712118867275
2057,16537,0.1604849717579782,0.025,0.0,0.7207071200013161,0.019108857944884327,0.005141910380297052,0.002728907335948852,-0.0024130030443482,continuous_direct_verified,gamma_high,0.16144863782320507,0.7163535582830144,0.03163792476131151,0.0009636660652268536,0.004353561718301702,1.6556680076101233
2058,23785,0.1524096302688122,0.025,0.0,0.7522138893604278,0.018174302022665793,0.005134101168784638,0.0027263567551433087,-0.002407744413641329,continuous_direct_verified,gamma_high,0.1532781550382308,0.7481069425156289,0.030152233901217275,0.0008685247694185938,0.004106946844798842,1.6590587007750501
2059,43833,0.15548500362783674,0.025,0.0,0.736109485477209,0.022318392787011147,0.005089133611004779,0.002797628316430849,-0.00229150529457393,continuous_direct_verified,gamma_high,0.15636865671985595,0.7320547399281663,0.034191809190300175,0.0008836530920192098,0.0040547455490427264,1.5320014087304314
2060,15273,0.15075569888576867,0.025,0.0,0.7366683624684811,0.027920722920770847,0.005244799017830224,0.00524479035969856,-8.658131663875912e-09,continuous_direct_verified,gamma_high,0.15254156937049398,0.7279999962045856,0.052480745999347884,0.0017858704847253104,0.008668366263895555,1.879634211057848
2061,9829,0.1648577709682286,0.025,0.0,0.6942838907241822,0.04482681858642008,0.004847786606857539,0.0015032860114164836,-0.0033445005954410552,continuous_direct_verified,gamma_low,0.16426322806612664,0.6970027970658957,0.03735568215535006,0.0005945429021019522,0.0027189063417135673,1.2000000000000002
2062,44441,0.1612933303229511,0.025,0.0,0.6795000419020653,0.03606493104331095,0.004783074835199305,0.0011808789852712838,-0.003602195849928021,continuous_direct_verified,gamma_low,0.1608246733668395,0.6816616798078673,0.030054109202759118,0.00046865695611159053,0.0021616379058020385,1.2000000000000002
2063,2149,0.165401371056214,0.025,0.0,0.7355156727135181,0.03132869145120239,0.00473003454736122,0.0013412294501359027,-0.003388805097225317,continuous_direct_verified,gamma_high,0.1658965279684648,0.7332459741569982,0.03759442974144287,0.0004951569122507993,0.002269698556519928,1.2000000000000002
2064,7449,0.16153236054815354,0.025,0.0,0.7006839387118816,0.07527045436507918,0.006004508425659482,0.002416948373681942,-0.00358756005197754,continuous_direct_verified,gamma_low,0.16054676419630878,0.7054265421039658,0.06272537863756597,0.000985596351844753,0.00474260339208421,1.2000000000000002
2065,39385,0.158595634624362,0.025,0.0,0.7169459320604801,0.06820572053408218,0.005765215498425296,0.002226202776595424,-0.0035390127218298717,continuous_direct_verified,gamma_low,0.15772468045495014,0.7212160973987731,0.05683810044506848,0.0008709541694118528,0.004270165338293053,1.2000000000000002
2066,45433,0.15331838265992703,0.025,0.0,0.7090367622673511,0.0714220163872958,0.005732800432506064,0.0022450693340363573,-0.0034877310984697063,continuous_direct_verified,gamma_low,0.1524338996708312,0.7135207788640641,0.059518346989413155,0.000884482989095825,0.004484016596712936,1.2000000000000002
2067,21785,0.16157187591306865,0.025,0.0,0.6689838357269764,0.06756377994501704,0.005653448721729965,0.0021025643482985154,-0.0035508843734314496,continuous_direct_verified,gamma_low,0.16067939443993384,0.6731770647427647,0.05630314995418086,0.0008924814731348096,0.004193229015788336,1.2000000000000002
2068,47081,0.1528023873921484,0.025,0.0,0.7286881141364574,0.12184126582282984,0.007084498199044296,0.0036674623668000498,-0.003417035832244246,continuous_direct_verified,gamma_low,0.15129051588746886,0.736796512229726,0.10153438818569155,0.0015118715046795461,0.008108398093268576,1.1999999999999997
2069,19621,0.1648298113141209,0.025,0.0,0.6990903176367282,0.09485626934427376,0.0069970378300407985,0.0030076435032389813,-0.003989394326801817,continuous_direct_verified,gamma_low,0.16355548974202863,0.7051979095533811,0.07904689112022811,0.0012743215720922574,0.006107591916652888,1.2000000000000002
2070,30693,0.16634427257813517,0.025,0.0,0.7372843317687512,0.11988743229108033,0.0069240832349408915,0.0038797106308626826,-0.003044372604078209,continuous_direct_verified,gamma_low,0.16472917310654547,0.7452665207357252,0.09990619357590026,0.0016150994715896927,0.007982188966974002,1.2000000000000002
2071,24761,0.15665209158323706,0.025,0.0,0.7216049313545227,0.1273382461403694,0.0066167360990583264,0.0038404664803809363,-0.00277626961867739,continuous_direct_verified,gamma_low,0.15502762748445612,0.7301175838834684,0.1061152051169745,0.0016244640987809478,0.008512652528945619,1.2
2072,29541,0.1656317895743996,0.025,0.0,0.6982683502137661,0.2121446438269704,0.011512420894325769,0.0057709825664524,-0.005741438327873369,continuous_direct_verified,gamma_low,0.1627373450196843,0.713433970213523,0.176787203189142,0.0028944445547153252,0.015165619999756852,1.2
2073,32681,0.15054437015205624,0.025,0.0,0.746255635470152,0.21167681188107026,0.011217875684670501,0.005688272469044624,-0.0055296032156258775,continuous_direct_verified,gamma_low,0.14795743755533936,0.7615766967046347,0.17639734323422523,0.0025869325967168844,0.015321061234482736,1.2
2074,42809,0.15567026324570182,0.025,0.0,0.6775838680565357,0.19846324468910537,0.010823588124278954,0.005131089116828757,-0.005692499007450197,continuous_direct_verified,gamma_low,0.15310479605436,0.6915579797993694,0.16538603724092116,0.0025654671913418192,0.013974111742833695,1.2
2075,17317,0.1637667443137616,0.025,0.0,0.674838462471962,0.20491207646945697,0.010450484932003243,0.005426013547752071,-0.0050244713842511725,continuous_direct_verified,gamma_low,0.16097743301448492,0.68931290972757,0.1707600637245475,0.0027893112992766755,0.01447444725560798,1.2
2076,38437,0.16296184356324378,0.025,0.0,0.6718449361622334,0.26801746915090047,0.014129230682316411,0.006453700655434934,-0.007675530026881477,continuous_direct_verified,gamma_low,0.15935033638173302,0.6915255432031489,0.22334789095908375,0.0036115071815107647,0.019680607040915454,1.2
2077,43481,0.15854729171842338,0.025,0.0,0.688894821703434,0.265448398431924,0.013921807430052396,0.006421035703192985,-0.007500771726859411,continuous_direct_verified,gamma_low,0.15508883638055904,0.7084834703609351,0.22120699869327004,0.0034584553378643468,0.019588648657501095,1.2
2078,21977,0.1584267653990537,0.025,0.0,0.7236046500504016,0.27826827055746334,0.012895890755313279,0.006875753978026949,-0.00602013677728633,continuous_direct_verified,gamma_low,0.1548541300066365,0.7445297084476878,0.23189022546455282,0.0035726353924172005,0.0209250583972862,1.1999999999999997
2079,27173,0.1628035648725927,0.025,0.0,0.7406552985310555,0.27598331456318426,0.012645658452074885,0.0071100894696129995,-0.0055355689824618855,continuous_direct_verified,gamma_low,0.1591787468370505,0.7615022428116623,0.22998609546932025,0.00362481803554221,0.02084694428060685,1.1999999999999997
2080,31481,0.1544946256093681,0.025,0.0,0.7484830930829047,0.3961289322830652,0.014058369256282429,0.006944247409532227,-0.007114121846750201,continuous_direct_verified,m_low,0.159028566296369,0.7184830930829047,0.4584775743560675,0.004533940687000887,0.030000000000000027,1.1573948202007351
2081,23737,0.1568172988947481,0.025,0.0,0.7395772613584994,0.5155452587616461,0.013300815983789616,0.0056689713944453575,-0.007631844589344259,continuous_direct_verified,m_low,0.16111491012854262,0.7095772613584994,0.5779758044253329,0.004297611233794518,0.030000000000000027,1.1210961493732803
2082,13273,0.15886225178837776,0.025,0.0,0.7150434777140617,0.41404998477968447,0.013139947884653776,0.006723795391257953,-0.006416152493395823,continuous_direct_verified,m_low,0.16359541911546824,0.6850434777140617,0.47728310491752923,0.004733167327090476,0.030000000000000027,1.1527185665071116
2083,44457,0.15026949262246492,0.025,0.0,0.7008360482752323,0.38590876835417404,0.012623755980178638,0.006729417317776364,-0.005894338662402274,continuous_direct_verified,m_low,0.15488036751504913,0.6708360482752322,0.4497327289201327,0.004610874892584216,0.030000000000000027,1.1653861373457657
2084,28773,0.1653376129921526,0.025,0.0,0.713771390914917,0.8899293490145276,0.014035710422074667,0.0034562742290858727,-0.010579436192988794,continuous_direct_verified,m_low,0.1691027044072002,0.683771390914917,0.9604495845537088,0.0037650914150476056,0.030000000000000027,1.0792425102254157
2085,19561,0.15160113088786603,0.025,0.0,0.6916947208344937,0.8627227285789805,0.013231562448120642,0.003330426098670575,-0.009901136349450067,continuous_direct_verified,m_low,0.15517420073746677,0.6616947208344937,0.9336887250192969,0.003573069849600735,0.030000000000000027,1.082258174138065
2086,11801,0.1623571227770299,0.025,0.0,0.7069879017770291,0.9389833369267229,0.013126202946026535,0.0034407713792856103,-0.009685431566740925,continuous_direct_verified,m_high,0.15878032635676967,0.7369879017770291,0.870278114361385,0.0035767964202602365,0.030000000000000027,1.078946283299051
2087,8485,0.16321508111432198,0.025,0.0,0.7006267599761486,0.7793676760533308,0.012326035287214423,0.0039190528353510124,-0.008406982451863412,continuous_direct_verified,m_low,0.1671974927793711,0.6706267599761486,0.8475838202257459,0.003982411665049118,0.030000000000000027,1.0875275512038904
2088,25114,0.16606584489345552,0.025,0.0,0.8235023587942123,0.011088452086145572,0.005165053939403649,0.003712442876366963,-0.0014526110630366856,continuous_direct_verified,gamma_high,0.16679001990263145,0.8197511859730676,0.020512853824116446,0.0007241750091759314,0.003751172821144677,1.8499294279087124
2089,40678,0.16138278841972353,0.025,0.0,0.8239822581410408,0.01277376715336793,0.005153555673865831,0.0034135377007326333,-0.0017400179731331977,continuous_direct_verified,gamma_high,0.16215291991427733,0.8199911342399084,0.023054203416262894,0.000770131494553794,0.003991123901132321,1.8048084906717927
2090,21669,0.16473478679545225,0.025,0.0,0.7674596428871154,0.01047102517295223,0.004787539601209766,0.0034290385672519665,-0.0013585010339578,continuous_direct_verified,gamma_high,0.1654629170749712,0.7637298275218429,0.019933576396760518,0.000728130279518957,0.003729815365272504,1.90368909132709
2091,39065,0.16052998802624646,0.025,0.0,0.791398424655199,0.010846929672771644,0.0047333731547578054,0.003276052493643675,-0.0014573206611141303,continuous_direct_verified,gamma_high,0.16123538762844689,0.7876992176744197,0.020288224189957172,0.0007053996022004239,0.0036992069807793015,1.8704117019293864
2092,19049,0.15176340020261708,0.025,0.0,0.7847188532352447,0.02773648970915458,0.005643247568928637,0.005536815324554062,-0.00010643224437457532,continuous_direct_verified,gamma_high,0.1527842751657844,0.7803594173457965,0.04179423409529962,0.0010208749631673286,0.004359435889448204,1.5068321382249465
2093,22182,0.15956215034238996,0.025,0.0,0.800973691046238,0.023211280870132002,0.005542790005135378,0.002586461886475622,-0.002956328118659756,continuous_direct_verified,gamma_low,0.15887267547139744,0.8044868424661205,0.013907815808317446,0.0006894748709925236,0.00351315141988251,1.6689378972254363
2094,18789,0.1659316816367209,0.025,0.0,0.7608690835535525,0.02412485110956232,0.005479948023513701,0.0022639673815525907,-0.00321598064196111,continuous_direct_verified,gamma_low,0.16515695081858092,0.7644345411668161,0.01417887251905982,0.0007747308181399737,0.003565457613263545,1.7014647022979232
2095,27222,0.1502019547391683,0.025,0.0,0.8082797914743423,0.019816160684708605,0.005371977500185424,0.002578529574775446,-0.0027934479254099784,continuous_direct_verified,gamma_high,0.15102620655647386,0.8041398953563255,0.03148475952557611,0.0008242518173055546,0.004139896118016795,1.5888425627206249
2096,11930,0.16598228877410293,0.025,0.0,0.8162354156374931,0.02963721394958915,0.005396586512337335,0.005396584433581078,-2.0787562574065e-09,continuous_direct_verified,gamma_high,0.16778068111057923,0.8079999980630924,0.05248074600806735,0.001798392336476301,0.008235417574400716,1.7707719118717928
2097,30566,0.1605943664908409,0.025,0.0,0.8402362182736396,0.038500059148381977,0.0051464310891836465,0.001797668738794281,-0.0033487623503893654,continuous_direct_verified,gamma_high,0.16117638704686119,0.8374128818989662,0.04620007097805837,0.000582020556020274,0.0028233363746733575,1.2
2098,35738,0.16527742296457293,0.025,0.0,0.839963862299919,0.03327773145981742,0.005146262468467416,0.0015974687991844377,-0.0035487936692829786,continuous_direct_verified,gamma_high,0.1657939474898012,0.8375477368102756,0.039933277751780905,0.000516524525228268,0.002416125489643428,1.2000000000000002
2099,15942,0.15730817569419742,0.025,0.0,0.8240695044398307,0.036883893824435035,0.005138464398434972,0.0016731552563912396,-0.0034653091420437324,continuous_direct_verified,gamma_high,0.15785503320269775,0.8213663236568934,0.04426067258932205,0.0005468575085003369,0.002703180782937298,1.2000000000000002
2100,19686,0.16172877186909318,0.025,0.0,0.8285842716693879,0.07384732817111876,0.006858797591038468,0.0027537437628867303,-0.004105053828151737,continuous_direct_verified,gamma_low,0.16078719959665574,0.833268753124818,0.061539440142598954,0.0009415722724374354,0.004684481455430101,1.2000000000000002
2101,32986,0.16358982454985382,0.025,0.0,0.8048408038914203,0.06633312379307121,0.006761647132620698,0.00245475524933299,-0.004306891883287709,continuous_direct_verified,gamma_low,0.16273295955838685,0.8090097843152806,0.05527760316089267,0.0008568649914669768,0.004168980423860269,1.2000000000000002
2102,45846,0.15245509273372593,0.025,0.0,0.8044205628335476,0.07399163846517742,0.006513932485132856,0.002579222398551667,-0.003934710086581189,continuous_direct_verified,gamma_low,0.15156253066130243,0.8091142997437787,0.061659698720981176,0.0008925620724234973,0.004693736910231117,1.2000000000000002
2103,21285,0.16339771370403472,0.025,0.0,0.7814480476081371,0.0765129835273917,0.006430220266505774,0.002721401017125941,-0.0037088192493798335,continuous_direct_verified,gamma_low,0.1624039149776799,0.7863163176450055,0.06376081960615974,0.0009937987263548276,0.004868270036868405,1.2000000000000002
2104,25050,0.16307770647108555,0.025,0.0,0.840646605938673,0.11371485885331224,0.008635415934282159,0.004095049924914831,-0.004540366009367328,continuous_direct_verified,gamma_low,0.16160681994206377,0.8482323961826445,0.09476238237776019,0.0014708865290217754,0.007585790243971435,1.2000000000000002
2105,46470,0.15428801686502996,0.025,0.0,0.833206657320261,0.11744586083763614,0.008051696542360761,0.004016261794916401,-0.00403543474744436,continuous_direct_verified,gamma_low,0.15284846624113885,0.8410704450459975,0.09787155069803011,0.001439550623891117,0.007863787725736482,1.2000000000000002
2106,613,0.16508091343566778,0.025,0.0,0.7946688771247863,0.09098080096100719,0.00789409491036031,0.003245436598280934,-0.004648658312079376,continuous_direct_verified,gamma_low,0.16388605230636596,0.8005683971628823,0.07581733413417265,0.0011948611293018108,0.005899520038096018,1.2000000000000002
2107,1573,0.16299062129110098,0.025,0.0,0.7852738112211227,0.12343905739492599,0.00750613202405093,0.004138471297597316,-0.003367660726453614,continuous_direct_verified,gamma_low,0.16137803931218347,0.7935667410228295,0.10286588116243833,0.0016125819789175044,0.008292929801706816,1.2
2108,39258,0.16449316949583592,0.025,0.0,0.8074496388435364,0.2143087897683724,0.010404575646105212,0.006524657720013876,-0.0038799179260913357,continuous_direct_verified,gamma_low,0.16166995740234594,0.8231867762988031,0.17859065814031036,0.002823212093489985,0.015737137455266725,1.1999999999999997
2109,33946,0.16568120298907163,0.025,0.0,0.8142383672297,0.1543839192643152,0.010259333487565,0.005176284372300855,-0.005083049115264145,continuous_direct_verified,gamma_low,0.16363539414675232,0.8249829441148182,0.128653266053596,0.0020458088423193077,0.010744576885118207,1.2
2110,36313,0.15847331918776036,0.025,0.0,0.7877285614609718,0.1766292418775382,0.010175874032557791,0.005412097211148433,-0.004763776821409358,continuous_direct_verified,gamma_low,0.15622148899861626,0.8002437892040568,0.14719103489794852,0.0022518301891440995,0.012515227743085,1.2
2111,19718,0.15453164316713813,0.025,0.0,0.8180149689316749,0.19647291671963157,0.009855242145832816,0.005931237129606085,-0.003924005016226731,continuous_direct_verified,gamma_low,0.15210276584310756,0.8322523340162518,0.163727430599693,0.002428877324030576,0.014237365084576847,1.2
2112,45094,0.1587016845587641,0.025,0.0,0.8102170847356319,0.25179384087180784,0.014056167239525807,0.0070941026759333906,-0.006962064563592416,continuous_direct_verified,gamma_low,0.155514971906895,0.8292695058612717,0.20982820072650654,0.0031867126518690947,0.019052421125639762,1.2
2113,31770,0.16658168579451743,0.025,0.0,0.8372792914509772,0.2611859607642575,0.013973675344007761,0.007713227556783042,-0.006260447787224719,continuous_direct_verified,gamma_low,0.16313166753065722,0.8572805385182353,0.21765496730354794,0.0034500182638602106,0.020001247067258032,1.1999999999999997
2114,43449,0.15729049141518775,0.025,0.0,0.779222771525383,0.3163583487747174,0.013241798485918076,0.0077985326184174105,-0.005443265867500665,continuous_direct_verified,gamma_low,0.15334897153725308,0.8039328544439558,0.2636319573122645,0.003941519877934674,0.024710082918572795,1.2
2115,8041,0.15133849792182447,0.025,0.0,0.782100822776556,0.3285360948962489,0.013115077386518416,0.007752222365320437,-0.005362855021197979,continuous_direct_verified,gamma_low,0.14741527454691566,0.8079283223043323,0.27378007908020746,0.003923223374908802,0.0258274995277763,1.1999999999999997
2116,40710,0.1548061010427773,0.025,0.0,0.8352900743484497,0.3599946115683281,0.015008305302190656,0.007852124514449482,-0.007156180787741174,continuous_direct_verified,m_low,0.15921644674703916,0.8052900743484497,0.4206716763277015,0.004410345704261853,0.030000000000000027,1.1685499249420201
2117,3990,0.15147179476916792,0.025,0.0,0.8359282970428467,0.44110456496581485,0.013979029262148737,0.0065990381106312826,-0.007379991151517455,continuous_direct_verified,m_low,0.1555514723476767,0.8059282970428466,0.5008235565469578,0.0040796775785087724,0.030000000000000027,1.1353851134725188
2118,34662,0.16055236686952412,0.025,0.0,0.8133106790482998,0.41354392495877235,0.013101660850617022,0.0071751206858177785,-0.005926540164799244,continuous_direct_verified,m_low,0.16501053901210172,0.7833106790482998,0.4739807048823895,0.004458172142577599,0.030000000000000027,1.1461435564061118
2119,47430,0.15709192748181522,0.025,0.0,0.8262131683528423,0.42630940528754085,0.0128414568659629,0.006938386313212135,-0.005903070552750764,continuous_direct_verified,m_low,0.1613864050641536,0.7962131683528423,0.48634597905253774,0.004294477582338391,0.030000000000000027,1.1408286399979914
2120,18777,0.15953875281848015,0.025,0.0,0.7787468433380127,0.6112139413284701,0.013650628313455088,0.005004125548417279,-0.008646502765037808,continuous_direct_verified,m_low,0.16354126447583878,0.7487468433380127,0.6730049481523347,0.004002511657358626,0.030000000000000027,1.1010955455131834
2121,8602,0.16492147482931616,0.025,0.0,0.8420623593032359,0.6330200315265786,0.01342829973211299,0.005055743880644648,-0.00837255585146834,continuous_direct_verified,m_low,0.1688441378417437,0.8120623593032359,0.6930191505215204,0.003922663012427552,0.030000000000000027,1.0947823386414
2122,22342,0.1567641400266439,0.025,0.0,0.8395700991153716,0.6084005274224485,0.012395312108269923,0.005061107762989365,-0.007334204345280558,continuous_direct_verified,m_low,0.16054995560795374,0.8095700991153716,0.6681993810577074,0.0037858155813098315,0.030000000000000027,1.0982886288554068
2123,20793,0.15576483933255078,0.025,0.0,0.7694632850587368,0.7168853976356246,0.011599550220257049,0.004184065283470588,-0.007415484936786461,continuous_direct_verified,m_low,0.15947116640211395,0.7394632850587368,0.7806023523405908,0.00370632706956317,0.030000000000000027,1.0888802518716554
2124,29274,0.16415405655279758,0.025,0.0,0.8874173991382122,0.010285884887423387,0.005498189099179515,0.0036326454069653758,-0.0018655436922141392,continuous_direct_verified,gamma_high,0.16486901179599045,0.8837087054314059,0.019756565695583143,0.0007149552431928718,0.0037086937068062653,1.920745362388764
2125,16998,0.16128448699600995,0.025,0.0,0.9271466232836246,0.011805532313486938,0.005387475509974875,0.0032623380537099133,-0.0021251374562649616,continuous_direct_verified,gamma_high,0.16197859865501074,0.9235733161111103,0.021165737722857524,0.0006941116590007956,0.0035733071725143617,1.7928660191524994
2126,25862,0.15449885427951815,0.025,0.0,0.8718573987483977,0.011325349748778635,0.0053488238680555475,0.0038031900375374585,-0.001545633830518089,continuous_direct_verified,gamma_high,0.15520221425374772,0.8679287053273236,0.021213700568610886,0.0007033599742295726,0.003928693421074159,1.8731165958824931
2127,21958,0.15614854050800206,0.025,0.0,0.8952933363616467,0.011709044406599532,0.005277539418863283,0.0033576007076547053,-0.0019199387112085776,continuous_direct_verified,gamma_high,0.15682176362703618,0.891646673066683,0.021079065319430112,0.0006732231190341165,0.003646663294963659,1.8002378834219286
2128,10406,0.15902821933850647,0.025,0.0,0.9287246644496917,0.020281430094606964,0.006205418267480114,0.006205341913733709,-7.635374640532766e-08,continuous_direct_verified,gamma_high,0.159398117866906,0.9279999875770187,0.02511886429975333,0.00036989852839952597,0.0007246768726729691,1.2385154391273763
2129,35590,0.15468344138935208,0.025,0.0,0.8568905942142009,0.024612969533396395,0.006138884825069808,0.0024983979828359752,-0.003640486842233833,continuous_direct_verified,gamma_low,0.15394468188739355,0.8604452980156895,0.01432159486441905,0.0007387595019585358,0.00355470380148859,1.718591383599707
2130,18374,0.15639503789134324,0.025,0.0,0.904045494645834,0.024858818090610975,0.00587478200063333,0.004904107859559332,-0.0009706741410739975,continuous_direct_verified,gamma_high,0.15734642920743863,0.9000227398836507,0.03778599484032581,0.0009513913160953957,0.004022754762183278,1.5200237880415302
2131,30246,0.1585679107811302,0.025,0.0,0.8646885260939599,0.019388389587097505,0.005848312228977268,0.0030933786233659655,-0.0027549336056113026,continuous_direct_verified,gamma_high,0.15949332215338824,0.8603442617825175,0.031868490421217435,0.0009254113722580448,0.004344264311442303,1.6436893986504753
2132,29018,0.16447097659111026,0.025,0.0,0.9027736693620682,0.04359880273619366,0.005669417644233829,0.001843352404046387,-0.003826065240187442,continuous_direct_verified,gamma_low,0.16391433728179558,0.9054126758043594,0.036332335613494714,0.0005566393093146826,0.002639006442291203,1.2000000000000002
2133,44006,0.1620706290472299,0.025,0.0,0.9121505357325077,0.04091348394590634,0.0055307640039625764,0.0017335340356571401,-0.0037972299683054363,continuous_direct_verified,gamma_low,0.1615565268682775,0.914607986133207,0.034094569954921945,0.000514102178952397,0.0024574504006993347,1.2000000000000002
2134,28806,0.15355958030559125,0.025,0.0,0.9197019003331661,0.041511891150157555,0.005467003742846196,0.002022773340277918,-0.0034442304025682777,continuous_direct_verified,gamma_high,0.15415628716897065,0.9166695777661996,0.049814269380189076,0.0005967068633793982,0.0030323225669665055,1.2000000000000002
2135,10630,0.15414267843589188,0.025,0.0,0.8634017720818519,0.031164688970940376,0.005338253332011404,0.005189373688102797,-0.0001488796439086072,continuous_direct_verified,gamma_high,0.1550290054690797,0.859700877416496,0.04329343261286662,0.0008863270331878059,0.003700894665355836,1.3891822457537033
2136,13030,0.16147521189413966,0.025,0.0,0.901114059984684,0.06337674363501578,0.007372681431441746,0.0025731912608168003,-0.004799490170624946,continuous_direct_verified,gamma_low,0.16067641147620956,0.9050597171725228,0.05281395302917981,0.0007988004179300956,0.003945657187838791,1.2000000000000002
2137,3606,0.152975749457255,0.025,0.0,0.9084323674440383,0.07290149955644445,0.007175904844813999,0.0028329391105763268,-0.004342965734237671,continuous_direct_verified,gamma_low,0.15210384905261096,0.9130378325934374,0.06075124963037037,0.0008719004046440493,0.0046054651493990795,1.2000000000000002
2138,34758,0.15638864766806365,0.025,0.0,0.8530190385878086,0.06790161033330071,0.006323076458050115,0.0025559043174927963,-0.0037671721405573184,continuous_direct_verified,gamma_low,0.155555205954855,0.8572890955996936,0.05658467527775058,0.0008334417132086491,0.004270057011884987,1.2000000000000002
2139,5286,0.15919285221025348,0.025,0.0,0.9107767559587955,0.07641379203680629,0.0059055129192702805,0.0030465066342258494,-0.002859006285044431,continuous_direct_verified,gamma_low,0.1582410603311998,0.9156158263562404,0.0636781600306719,0.0009517918790536706,0.004839070397444911,1.2000000000000002
2140,16730,0.16442721355706455,0.025,0.0,0.8812171183526516,0.1266670213498092,0.008525729235048306,0.004690032339797305,-0.0038356968952510014,continuous_direct_verified,gamma_low,0.16278005880252144,0.889803300817574,0.10555585112484102,0.0016471547545431064,0.008586182464922376,1.1999999999999997
2141,14406,0.157758764596656,0.025,0.0,0.9061559952795505,0.11535916471060782,0.008496586168713944,0.004313801700202241,-0.0041827844685117035,continuous_direct_verified,gamma_low,0.1563246151718968,0.9138638025499949,0.09613263725883985,0.0014341494247591957,0.0077078072704444,1.2000000000000002
2142,22022,0.15532361706718806,0.025,0.0,0.8655637353658676,0.12050288346728835,0.008494700432651707,0.004257815938602915,-0.004236884494048792,continuous_direct_verified,gamma_low,0.15384214710223304,0.8736746680692211,0.10041906955607365,0.0014814699649550178,0.008110932703353502,1.1999999999999997
2143,45670,0.16132488176226617,0.025,0.0,0.9001658648252487,0.1266335619136997,0.008335671855220776,0.004709679309591593,-0.0036259925456291822,continuous_direct_verified,gamma_low,0.15971195610781388,0.9087478087322971,0.10552796826141644,0.0016129256544522852,0.008581943907048362,1.1999999999999997
2144,34522,0.16313868160359563,0.025,0.0,0.9243044629693031,0.19922986450669242,0.01234344203200434,0.006875594252778781,-0.005467847779225559,continuous_direct_verified,gamma_low,0.16056989249918394,0.9389335245953448,0.16602488708891036,0.0025687891044116895,0.014629061626041717,1.2
2145,21126,0.15317833153530958,0.025,0.0,0.901251721382141,0.2110326999927405,0.01100341079989156,0.006703780596705235,-0.004299630203186324,continuous_direct_verified,gamma_low,0.1506202108747267,0.9168879463011663,0.17586058332728374,0.0025581206605828632,0.015636224919025277,1.2
2146,35302,0.16246098587289454,0.025,0.0,0.9180686697363853,0.20892854421045773,0.010823112559931387,0.007048242658412556,-0.003774869901518831,continuous_direct_verified,gamma_low,0.15977825186118144,0.9335464251809923,0.17410712017538146,0.002682734011713095,0.015477755444606944,1.1999999999999997
2147,5274,0.1656916212756187,0.025,0.0,0.9288360953330993,0.1958624124384662,0.01067817864850282,0.006895929331122448,-0.0037822493173803725,continuous_direct_verified,gamma_low,0.16312696829626436,0.9431534758344072,0.1632186770320552,0.002564652979354348,0.01431738050130793,1.1999999999999997
2148,21722,0.1634885084349662,0.025,0.0,0.9290799260139465,0.3455877959442358,0.016072651071917195,0.00889037467980629,-0.007182276392110904,continuous_direct_verified,m_low,0.16801729948324257,0.8990799260139465,0.40489174274705114,0.004528791048276359,0.030000000000000027,1.1716031280583319
2149,45126,0.15773606458678843,0.025,0.0,0.9201090671122074,0.34648572314445314,0.014458350044581002,0.008600482703055225,-0.005857867341525777,continuous_direct_verified,m_low,0.16211486244200432,0.8901090671122074,0.40589679859034206,0.004378797855215888,0.030000000000000027,1.1714676001848419
2150,12838,0.15848623611964285,0.025,0.0,0.8555399432778359,0.256944438667659,0.014402695382591403,0.0074962316076132105,-0.006906463774978193,continuous_direct_verified,gamma_low,0.1552629027591729,0.8752006553619852,0.2141203655563825,0.0032233333604699543,0.019660712084149323,1.2
2151,44890,0.1646854686550796,0.025,0.0,0.8913052886724472,0.2832077057401992,0.014351066197829571,0.008428599708496385,-0.005922466489333186,continuous_direct_verified,gamma_low,0.16102402588948403,0.9135077263666737,0.23600642145016604,0.003661442765595574,0.022202437694226473,1.2
2152,25626,0.16652571423910562,0.025,0.0,0.9056500785052776,0.3837234794841332,0.01504110441788806,0.00821006143613583,-0.006831042981752231,continuous_direct_verified,m_low,0.17104375763015142,0.8756500785052775,0.4426374840628829,0.004518043391045806,0.030000000000000027,1.1535324464845154
2153,38406,0.1553355376701802,0.025,0.0,0.9164887800812721,0.4428972855365963,0.01493664475440103,0.0069634471302840156,-0.007973197624117015,continuous_direct_verified,m_low,0.1593616143714255,0.8864887800812721,0.5009018498845985,0.004026076701245274,0.030000000000000027,1.1309661771300454
2154,11290,0.16655944106169046,0.025,0.0,0.8746823497116565,0.4274308372767076,0.013885082810579024,0.00740693772362542,-0.006478145086953604,continuous_direct_verified,m_low,0.17099782833780044,0.8446823497116565,0.4863706506178424,0.004438387276109984,0.030000000000000027,1.1378932173370044
2155,2650,0.1642367694526911,0.025,0.0,0.8649954363703727,0.3614547984545997,0.013880227664967512,0.008317656324460146,-0.005562571340507366,continuous_direct_verified,m_low,0.16884342932727311,0.8349954363703727,0.42149900598089374,0.004606659874582003,0.030000000000000027,1.1661181641052023
2156,24422,0.16045329459011556,0.025,0.0,0.8995773792266846,0.6679750934196614,0.01249020452101795,0.004753230310830599,-0.007736974210187352,continuous_direct_verified,m_low,0.1640806743121004,0.8695773792266845,0.7266766761355266,0.003627379721984847,0.030000000000000027,1.0878798974604662
2157,3802,0.1631616495549679,0.025,0.0,0.9009779289364814,0.6119892055153358,0.012482365569523141,0.005281749376246155,-0.0072006161932769855,continuous_direct_verified,m_low,0.16697007397465075,0.8709779289364814,0.6701393612763934,0.0038084244196828487,0.030000000000000027,1.0950182703175153
2158,27734,0.15065718358382585,0.025,0.0,0.9154028587043285,0.6669533749874569,0.012170789352741341,0.004554147492596718,-0.007616641860144623,continuous_direct_verified,m_low,0.15404093930582133,0.8854028587043284,0.725230420285618,0.0033837557219954795,0.030000000000000027,1.087377989952082
2159,34086,0.15830681491643192,0.025,0.0,0.9220094949007034,0.7583224600599708,0.011222866871548219,0.004100835461297296,-0.007122031410250923,continuous_direct_verified,m_low,0.16167171391666002,0.8920094949007034,0.8175257931742169,0.0033648990002281,0.030000000000000027,1.0780714487997152
2160,19354,0.16526520424522462,0.025,0.0,0.9920646205544471,0.01601956966358487,0.0065774237390037425,0.0035021911818060125,-0.00307523255719773,continuous_direct_verified,gamma_high,0.1661048681619195,0.9880323136398736,0.02703435707665549,0.0008396639166948772,0.004032306914573458,1.687583227538818
2161,30806,0.15063322922214867,0.025,0.0,0.9924225747585297,0.016658905886349717,0.0062021445802060374,0.005662762760064452,-0.0005393818201415851,continuous_direct_verified,gamma_low,0.1504283932465773,0.9924225853089763,0.013882421571958094,0.00020483597557136024,1.0550446627455301e-08,1.2000000000000004
2162,870,0.16060511684045198,0.025,0.0,0.9516699500381947,0.011282752699760909,0.005866149393090514,0.003825544953932998,-0.0020406044391575165,continuous_direct_verified,gamma_high,0.16133372454015274,0.9478349807119836,0.02117376836472359,0.0007286076997007618,0.0038349693262110796,1.8766491589567749
2163,15238,0.1537134021986276,0.025,0.0,0.9358990535140037,0.011022945859823573,0.005768486040189411,0.004146795538227745,-0.0016216905019616652,continuous_direct_verified,gamma_high,0.15441078294413468,0.9319495332111963,0.020928565434716336,0.0006973807455070702,0.003949520302807374,1.89863632651928
2164,47462,0.16031427290290595,0.025,0.0,1.0167866349220276,0.02669730873767653,0.007245070305755256,0.004093262124667133,-0.0031518081810881235,continuous_direct_verified,gamma_high,0.161315984031057,1.0123933140831054,0.0400704633903979,0.0010017111281510616,0.004393320838922188,1.5009177061300014
2165,37318,0.15621805009432138,0.025,0.0,1.0088786154985427,0.024318721330733754,0.0071067628717915,0.0029184128780067676,-0.0041883499937847325,continuous_direct_verified,gamma_low,0.15549443375709596,1.012439306146761,0.014235730085974898,0.0007236163372254245,0.003560690648218179,1.7082876103904683
2166,36070,0.161717946222052,0.025,0.0,0.9768756076693534,0.027264262823441954,0.0068264719834640955,0.005214084038553425,-0.0016123879449106704,continuous_direct_verified,gamma_low,0.16080079335207983,0.9804378120618445,0.01507322760081383,0.0009171528699721543,0.0035622043924911084,1.8087873112172677
2167,41818,0.16478377217426898,0.025,0.0,0.9450443193316459,0.02520521201671247,0.006640194341003629,0.003276488995508203,-0.0033637053454954264,continuous_direct_verified,gamma_low,0.16396671317411468,0.9485221628924234,0.014492875267447294,0.0008170590001543021,0.003477843560777516,1.7391450317195751
2168,46234,0.1657106642611325,0.025,0.0,0.9923842564225197,0.03450731492351278,0.006225806331806086,0.0019156825215451694,-0.004310123810260916,continuous_direct_verified,gamma_high,0.16624319101095447,0.989944502678569,0.04140877790821534,0.0005325267498219599,0.002439753743950668,1.2000000000000002
2169,24486,0.16010096604004503,0.025,0.0,0.9445796728134155,0.02903598848976096,0.006110457282781933,0.005257136281238503,-0.0008533210015434301,continuous_direct_verified,gamma_high,0.16113463337406778,0.9402898285222838,0.0427620907160539,0.001033667334022742,0.0042898442911316614,1.4727272237049278
2170,36390,0.15864655859768392,0.025,0.0,1.0073453724384307,0.0386538387317872,0.006050717254311378,0.0020939581569405937,-0.003956759097370784,continuous_direct_verified,gamma_high,0.1592184544458955,1.0045903517406303,0.04638460647814465,0.0005718958482115732,0.0027550206978004255,1.2000000000000002
2171,29402,0.16333875246345997,0.025,0.0,1.0076208099722863,0.03340594504327275,0.0059670943345870595,0.005967093746896164,-5.876908950805393e-10,continuous_direct_verified,gamma_high,0.1649873336951805,0.9999999989312784,0.054954087370689846,0.0016485812317205417,0.007620811041007869,1.6450391479571818
2172,6170,0.16634918577037755,0.025,0.0,1.012287040799856,0.07165988545824249,0.00881065709886807,0.00324298009551276,-0.005567677003355309,continuous_direct_verified,gamma_low,0.16542046678087177,1.0167144982210896,0.059716571215202074,0.0009287189895057779,0.004427457421233516,1.2
2173,4710,0.16130558731965722,0.025,0.0,0.9645481571555138,0.07059537706900208,0.008018339268553075,0.0030067045582473887,-0.005011634710305687,continuous_direct_verified,gamma_low,0.16041790033392014,0.968941131478074,0.05882948089083507,0.0008876869857370739,0.00439297432256025,1.2
2174,44822,0.15230526034720243,0.025,0.0,1.01987389549613,0.07717722395807743,0.007459262825413185,0.0032776902062741434,-0.004181572619139042,continuous_direct_verified,gamma_low,0.1513883972643914,1.0246735151911652,0.06431435329839785,0.0009168630828110258,0.004799619695035284,1.2
2175,10886,0.1532420912757516,0.025,0.0,0.947898680716753,0.07429300505936061,0.00711503509951488,0.0029914750801508516,-0.004123560019364029,continuous_direct_verified,gamma_low,0.1523534442930342,0.9525655065689268,0.06191083754946716,0.0008886469827174004,0.004666825852173817,1.2000000000000002
2176,14874,0.1661510927602649,0.025,0.0,1.018041878938675,0.12379533976320592,0.009991006661404653,0.005224758394775229,-0.004766248266629424,continuous_direct_verified,gamma_low,0.16453506413830765,1.0263045646920845,0.10316278313600494,0.001616028621957255,0.008262685753409604,1.2
2177,39066,0.16553820967674257,0.025,0.0,1.0116252936422825,0.1133896237618172,0.00843814774554483,0.0048199486868646954,-0.0036181990586801353,continuous_direct_verified,gamma_low,0.1640653102685166,1.0190927094276105,0.09449135313484765,0.0014728994082259805,0.007467415785328058,1.2000000000000002
2178,40410,0.16290524699725212,0.025,0.0,0.9718532532453537,0.11868513371281852,0.008072305148892291,0.004789975212088302,-0.003282329936803989,continuous_direct_verified,gamma_low,0.16138603508423982,0.9797725554544093,0.09890427809401542,0.0015192119130122972,0.007919302209055679,1.2000000000000002
2179,47942,0.15687184063717724,0.025,0.0,1.010130811482668,0.09757243596685823,0.008043871720879803,0.004079402827232356,-0.003964468893647447,continuous_direct_verified,gamma_low,0.15567346389987388,1.0164066736658648,0.08131036330571519,0.0011983767373033583,0.0062758621831968675,1.2000000000000002
2180,20698,0.16353661189787091,0.025,0.0,1.013613686710596,0.19688336607377,0.012589688362589948,0.007348938906367043,-0.005240749456222904,continuous_direct_verified,gamma_low,0.16099940079506975,1.0280049352056064,0.16406947172814168,0.002537211102801168,0.01439124849501039,1.2
2181,7258,0.16374620334245266,0.025,0.0,1.0216359548270701,0.16683438079947482,0.011943745187339514,0.006561487039189396,-0.005382258148150118,continuous_direct_verified,gamma_low,0.1615935609848917,1.0334109161607876,0.13902865066622905,0.0021526423575609632,0.01177496133371747,1.1999999999999997
2182,33222,0.156262445403263,0.025,0.0,0.971055381000042,0.19462225137853484,0.011567077924850726,0.006821342928187565,-0.004745734996663161,continuous_direct_verified,gamma_low,0.1538637319930842,0.9852639833586817,0.16218520948211237,0.0023987134101788044,0.014208602358639744,1.2
2183,9030,0.1568203018512577,0.025,0.0,0.9523620091378688,0.2058977491510558,0.011436490405655399,0.007004808773011769,-0.00443168163264363,continuous_direct_verified,gamma_low,0.15427276457472652,0.9675723217990473,0.17158145762587987,0.0025475372765311755,0.015210312661178449,1.1999999999999997
2184,4250,0.16548795471899214,0.025,0.0,1.013076839596033,0.34042956123671286,0.016781210464117416,0.009509660916522143,-0.007271549547595273,continuous_direct_verified,m_low,0.17000384141578384,0.983076839596033,0.3989261013891818,0.004515886696791704,0.030000000000000027,1.1718315528767909
2185,46938,0.16459502736106518,0.025,0.0,0.9721257872879505,0.3538842463076418,0.01585112201877142,0.008987312966927926,-0.006863809051843495,continuous_direct_verified,m_low,0.16907365040914013,0.9421257872879505,0.41245923601083745,0.004478623048074948,0.030000000000000027,1.1655201956977612
2186,26182,0.15725737744942309,0.025,0.0,1.0185964360833166,0.3582092081269246,0.014932366945407567,0.008829499866886794,-0.006102867078520773,continuous_direct_verified,m_low,0.1614824899129396,0.9885964360833166,0.41619490219114136,0.004225112463516506,0.030000000000000027,1.161876614974316
2187,36954,0.1639588685706258,0.025,0.0,0.9388482108712196,0.3151905524741272,0.014603286289623823,0.009256084156773382,-0.005347202132850441,continuous_direct_verified,gamma_low,0.15994338684265694,0.9642841046432064,0.26265879372843937,0.004015481727968867,0.02543589377198674,1.1999999999999997
2188,8102,0.16008424246683717,0.025,0.0,1.0191457636654375,0.3836370773989934,0.01546132273062417,0.008460438229929725,-0.007000884500694445,continuous_direct_verified,m_low,0.16429364962955254,0.9891457636654375,0.4409909230667042,0.004209407162715367,0.030000000000000027,1.1495002674312973
2189,9750,0.1528329609427601,0.025,0.0,0.9548767194151878,0.3999912205092545,0.014914621015792875,0.007643130385740676,-0.007271490630052199,continuous_direct_verified,m_low,0.15686620282307182,0.9248767194151878,0.45790293357231676,0.004033241880311705,0.030000000000000027,1.1447824604483348
2190,34374,0.15723248501308262,0.025,0.0,0.9788410790264607,0.47471882910189334,0.014585963428456358,0.006782694083619417,-0.007803269344836941,continuous_direct_verified,m_low,0.16113086334201568,0.9488410790264606,0.5313134080208614,0.0038983783289330554,0.030000000000000027,1.1192170511248472
2191,12438,0.15131696844473483,0.025,0.0,0.9817256793379784,0.45776671466516755,0.013445777135939637,0.006826563277384111,-0.006619213858555526,continuous_direct_verified,m_low,0.15510958534502145,0.9517256793379784,0.5144479108797244,0.0037926169002866217,0.030000000000000027,1.1238211394553144
2192,47834,0.16330388891510667,0.025,0.0,0.9422461800277233,0.7510534036535533,0.011954327680520389,0.004259925423352883,-0.007694402257167506,continuous_direct_verified,m_low,0.16675797697890116,0.9122461800277233,0.809578506606806,0.0034540880637944915,0.030000000000000027,1.077924023336494
2193,24678,0.16090352097526195,0.025,0.0,0.9453694209456444,0.7447523068547671,0.011703887384445291,0.004254916466222242,-0.007448970918223049,continuous_direct_verified,m_low,0.16431595639249538,0.9153694209456443,0.8031322986264898,0.0034124354172334337,0.030000000000000027,1.078388467191559
2194,12582,0.15820121481083335,0.025,0.0,0.933982402831316,0.6069754538009822,0.011279911876660166,0.0052535387162106675,-0.006026373160449499,continuous_direct_verified,m_low,0.1618541332133102,0.9039824028313159,0.6643205764732069,0.0036529184024768346,0.030000000000000027,1.0944768397356432
2195,11866,0.1640184884890914,0.025,0.0,0.9646068498492241,0.7326579351899204,0.01073113992168852,0.004414091311307263,-0.006317048610381256,continuous_direct_verified,m_low,0.16749459820891563,0.934606849849224,0.790391556904842,0.003476109719824233,0.030000000000000027,1.078800240797168
2196,14810,0.16298231203109026,0.025,0.0,1.0476734422147274,0.011816174741430992,0.006725429257375329,0.0038854176565387443,-0.002840011600836585,continuous_direct_verified,gamma_high,0.16375771352427249,1.0438367260201387,0.02217323580056988,0.0007754014931822262,0.0038367161945886963,1.8765155632663404
2197,16870,0.16242613014765084,0.025,0.0,1.0319905333220958,0.016526077890985775,0.006688260425628118,0.003377545464691359,-0.003310714960936759,continuous_direct_verified,gamma_high,0.16329631270536357,1.0279952675227249,0.028098007280557828,0.0008701825577127342,0.003995265799370928,1.7002223676970574
2198,6490,0.16448867805302145,0.025,0.0,1.086693000048399,0.010608021180485169,0.006146440446896046,0.00376371740847596,-0.002382723038420086,continuous_direct_verified,gamma_high,0.16516765897865668,1.083346505272252,0.019606849361488266,0.0006789809256352308,0.003346494776147013,1.8483041302328476
2199,23958,0.15171355358324945,0.025,0.0,1.088008377701044,0.01572116891441569,0.006100570653760092,0.005065700962823864,-0.0010348696909362274,continuous_direct_verified,gamma_low,0.15151916183031378,1.0880083869531738,0.013100974095346407,0.00019439175293567423,9.252129729020453e-09,1.2
2200,18070,0.15089412783272566,0.025,0.0,1.0408275149762631,0.02687052106691064,0.006980256384626096,0.00413794362598296,-0.0028423127586431366,continuous_direct_verified,gamma_low,0.1500607695702407,1.0444137621104057,0.014963990408812413,0.0008333582624849567,0.003586247134142573,1.7956788485433925
2201,25798,0.15550881535746158,0.025,0.0,1.0723213531076907,0.021396897534720773,0.006944592137106217,0.0038708040612222953,-0.003073788075883922,continuous_direct_verified,gamma_high,0.15644124953452576,1.0681606744144496,0.03425831721568143,0.0009324341770641786,0.004160678693241104,1.601088062420751
2202,4634,0.166028237529099,0.025,0.0,1.0717862144112587,0.02080890883672617,0.006841056991625499,0.003946717354180325,-0.002894339637445174,continuous_direct_verified,gamma_high,0.16697327092894257,1.067893104285855,0.03301530218783243,0.0009450333998435589,0.0038931101254036093,1.586594590176823
2203,33158,0.15400395835749808,0.025,0.0,1.0958403401076793,0.026080731993027073,0.006678050822179894,0.004187731486275958,-0.002490319335903936,continuous_direct_verified,gamma_high,0.15491453118007206,1.0919201662317553,0.038703524108066045,0.0009105728225739795,0.003920173875924027,1.4839891809176902
2204,23910,0.16023392439819872,0.025,0.0,1.0641103014349937,0.03629524852202001,0.006817279183512483,0.006090704484428857,-0.0007265746990836259,continuous_direct_verified,gamma_high,0.16127552775718274,1.0600551416219413,0.05006284310286869,0.0010416033589840112,0.004055159813052489,1.3793222292580802
2205,37210,0.1644472386222333,0.025,0.0,1.0880246572196484,0.03256717172869,0.0067873047049409165,0.006094662451034406,-0.0006926422539065107,continuous_direct_verified,gamma_high,0.16551581139047658,1.0840123194932563,0.04634262657078822,0.0010685727682432922,0.00401233772639209,1.4229859122203956
2206,28070,0.15975529509596528,0.025,0.0,1.087537122517824,0.03753545578015185,0.006565344925391153,0.00656532758780415,-1.7337587003216082e-08,continuous_direct_verified,gamma_high,0.1612471972376207,1.0800000060531874,0.057543993763309084,0.0014919021416554268,0.007537116464636728,1.533057014156131
2207,46790,0.15585649586282674,0.025,0.0,1.0802451841533185,0.03715589506088218,0.006527994035390536,0.006527993406611061,-6.287794746678843e-10,continuous_direct_verified,gamma_high,0.1575449702255277,1.0720000011404898,0.06025595860434656,0.001688474362700948,0.008245183012828727,1.6217065557326373
2208,35718,0.15375724360346796,0.025,0.0,1.03668262809515,0.07573153083125618,0.008047962141463375,0.003289203690212401,-0.004758758451250973,continuous_direct_verified,gamma_low,0.15284923863007505,1.0413680969830832,0.0631096090260468,0.0009080049733929119,0.004685468887933197,1.2000000000000004
2209,27098,0.16295877983793616,0.025,0.0,1.060271906852722,0.07085169036759621,0.0077630993968787225,0.00328959873306071,-0.004473500663818013,continuous_direct_verified,gamma_low,0.16205890902266523,1.0645835556354097,0.05904307530633016,0.0008998708152709312,0.004311648782687749,1.2000000000000002
2210,14490,0.16552088665775955,0.025,0.0,1.0720950417220592,0.06432336493672468,0.006608275645462868,0.003075249736146228,-0.00353302590931664,continuous_direct_verified,gamma_low,0.16469203587785242,1.0759521690920506,0.05360280411393723,0.000828850779907131,0.003857127369991442,1.2
2211,20038,0.15734525891020895,0.025,0.0,1.0712667524814605,0.062135545685268884,0.006485435760201279,0.002873893993593062,-0.003611541766608217,continuous_direct_verified,gamma_low,0.1565846040236608,1.0749841940027463,0.05177962140439073,0.00076065488654814,0.003717441521285725,1.2000000000000002
2212,47130,0.16636594217270614,0.025,0.0,1.0727151580154897,0.12632252848513995,0.009642443569823104,0.005547430017373067,-0.004095013552450037,continuous_direct_verified,gamma_low,0.1647133459993163,1.081091358386037,0.10526877373761663,0.0016525961733898364,0.008376200370547426,1.2
2213,2778,0.1632554673589766,0.025,0.0,1.041468685120344,0.11130234561085871,0.009509432617348598,0.004813096455050854,-0.0046963361622977436,continuous_direct_verified,gamma_low,0.1618298417228316,1.048730699790239,0.09275195467571558,0.0014256256361450115,0.007262014669894956,1.2000000000000002
2214,44870,0.15668549193069342,0.025,0.0,1.0820727452635763,0.12304614093228072,0.009311025197762425,0.005240861991444233,-0.0040701632063181925,continuous_direct_verified,gamma_low,0.15516949020702925,1.0901688287789426,0.10253845077690062,0.0015160017236641732,0.008096083515366281,1.1999999999999997
2215,28774,0.16095252856612208,0.025,0.0,1.084169241786003,0.09303652555534497,0.009235138289482891,0.00422633789563911,-0.005008800393843781,continuous_direct_verified,gamma_low,0.1597798290621998,1.0900057987783234,0.07753043796278747,0.0011726995039222643,0.005836556992320441,1.2000000000000002
2216,20314,0.16467259363271297,0.025,0.0,1.106231331080198,0.21153497445098968,0.014625954944461995,0.008300254572134035,-0.00632570037232796,continuous_direct_verified,gamma_low,0.1619246080983467,1.1218016447213965,0.17627914537582473,0.002747985534366282,0.01557031364119843,1.2
2217,4570,0.16304034721106292,0.025,0.0,1.089015919715166,0.21346245135689582,0.014269915193517328,0.008193329236877607,-0.006076585956639721,continuous_direct_verified,gamma_low,0.16029676760563752,1.1047917976635693,0.17788537613074654,0.0027435796054254002,0.015775877948403183,1.1999999999999997
2218,28454,0.15798679273575544,0.025,0.0,1.0463494166731833,0.19503383159845483,0.012224333479519041,0.007301798805007779,-0.004922534674511262,continuous_direct_verified,gamma_low,0.1555583153021385,1.0605346034358205,0.16252819299871238,0.0024284774336169324,0.014185186762637247,1.2
2219,33690,0.16515831304714085,0.025,0.0,1.0578297816216944,0.2096784459210134,0.011984535524586337,0.007989761277021161,-0.003994774247565176,continuous_direct_verified,gamma_low,0.16243016966683688,1.0733252754758156,0.17473203826751119,0.002728143380303971,0.01549549385412119,1.1999999999999997
2220,16710,0.15716077629476788,0.025,0.0,1.095429367572069,0.31334884973470856,0.016640137335858066,0.01001660540741475,-0.0066235319284433155,continuous_direct_verified,gamma_low,0.1533319858581537,1.1208861458416421,0.26112404144559054,0.003828790436614188,0.025456778269573155,1.1999999999999997
2221,39642,0.16328165703453124,0.025,0.0,1.102944453060627,0.2764983738098577,0.016500100057810472,0.009699479838799341,-0.006800620219011131,continuous_direct_verified,gamma_low,0.15974568110299686,1.1247222627282767,0.2304153115082148,0.003535975931534374,0.02177780966764975,1.1999999999999997
2222,38422,0.15288080330938103,0.025,0.0,1.0540811523795126,0.2783792287787939,0.015427826221220919,0.00897750396170391,-0.006450322259517008,continuous_direct_verified,gamma_low,0.14955354501008808,1.0760664142356906,0.23198269064899496,0.003327258299292951,0.021985261856177996,1.1999999999999997
2223,8134,0.1564813854638487,0.025,0.0,1.1095187060534952,0.2995499814016193,0.014839587959405341,0.009853777399473271,-0.00498581055993207,continuous_direct_verified,gamma_low,0.152824145863755,1.133575337708253,0.24962498450134948,0.0036572396000937035,0.024056631654757687,1.1999999999999997
2224,22362,0.1646164790261537,0.025,0.0,1.0370762661099433,0.47166466558435377,0.016697875319887787,0.007230269310898382,-0.009467606008989406,continuous_direct_verified,m_low,0.1686513863728922,1.0070762661099433,0.5274738172521362,0.004034907346738503,0.030000000000000027,1.1183237917528535
2225,25750,0.15113775888457898,0.025,0.0,1.0351062417030334,0.4242685317101753,0.014964842643240564,0.007482825550619315,-0.007482017092621249,continuous_direct_verified,m_low,0.1549781157617465,1.0051062417030334,0.4807248577204213,0.0038403568771675223,0.030000000000000027,1.1330674367544473
2226,10054,0.15672650360502305,0.025,0.0,1.0932189509272576,0.37438207153315844,0.014887442076385362,0.008830596908712896,-0.006056845167672466,continuous_direct_verified,m_low,0.1608384898496335,1.0632189509272576,0.4312908357782436,0.004111986244610455,0.030000000000000027,1.1520071834958177
2227,18470,0.15876938002184035,0.025,0.0,1.0677494443953037,0.529903072604047,0.014740398824489015,0.006335122905479767,-0.008405275919009247,continuous_direct_verified,m_low,0.16247857523491258,1.0377494443953037,0.5848341131278938,0.003709195213072225,0.030000000000000027,1.1036624306666216
2228,4870,0.15459757926873863,0.025,0.0,1.1055777706205845,0.6107130777403323,0.010851472648460054,0.005371081799398008,-0.005480390849062046,continuous_direct_verified,m_low,0.15799970536716848,1.0755777706205845,0.6649995776743326,0.003402126098429853,0.030000000000000027,1.0888903511528898
2229,40646,0.15581612973473968,0.025,0.0,1.0330189146101474,0.6927227235642096,0.0107877169275314,0.004588031022081711,-0.006199685905449689,continuous_direct_verified,m_low,0.15912274785963024,1.0030189146101474,0.7485414127698741,0.0033066181248905535,0.030000000000000027,1.0805786894335805
2230,13414,0.16086965585127475,0.025,0.0,1.0987515091896056,0.6888357981400487,0.010728356098897695,0.004792700490382377,-0.005935655608515319,continuous_direct_verified,m_low,0.16424379078903995,1.0687515091896056,0.7434754982521418,0.0033741349377651997,0.030000000000000027,1.0793218068219272
2231,19846,0.1542105936445296,0.025,0.0,1.088412144035101,0.6388576185144252,0.010510212522902676,0.005065497516916323,-0.005444715005986353,continuous_direct_verified,m_low,0.15755374968081212,1.0584121440351009,0.6934532139057887,0.0033431560362825186,0.030000000000000027,1.0854581581390828
2232,18394,0.16264177528209986,0.025,0.0,1.119527656584978,0.010140706144891388,0.007152828754655461,0.004009242295746208,-0.0031435864589092538,continuous_direct_verified,gamma_high,0.16280304605897852,1.1195276485936991,0.012168847373869668,0.00016127077687866365,7.991278971886118e-09,1.2000000000000002
2233,39846,0.15988507964648307,0.025,0.0,1.1591163419187067,0.010532500602339649,0.0070631139837631215,0.003998447274261119,-0.003064666709502003,continuous_direct_verified,gamma_high,0.1600499007750914,1.1591163342351303,0.012639000722807579,0.00016482112860832787,7.683576441763762e-09,1.2
2234,25686,0.15077636502683164,0.025,0.0,1.1832695841789245,0.01046492770002014,0.007039451747402653,0.0037388169199320223,-0.003300634827470631,continuous_direct_verified,gamma_high,0.15093089143812238,1.1832695775693713,0.01255791324002417,0.00015452641129073963,6.609553127034928e-09,1.2000000000000002
2235,24646,0.15768056311644615,0.025,0.0,1.1116318233311175,0.011879284464158481,0.006927972088703769,0.004193457034893776,-0.0027345150538099936,continuous_direct_verified,gamma_high,0.15843112311912755,1.1078159170225195,0.02223237013586692,0.0007505600026813941,0.0038159063085980716,1.8715243500519914
2236,25382,0.15785646364092829,0.025,0.0,1.1923010259866715,0.023542410714535996,0.007994531606967238,0.004228908698173552,-0.003765622908793686,continuous_direct_verified,gamma_high,0.15883571344911368,1.188150512031954,0.03677190157257514,0.000979249808185395,0.00415051395471755,1.5619429130879425
2237,5158,0.15892896223813296,0.025,0.0,1.1843218177556991,0.025294416318006045,0.007851216978274166,0.004621588798884857,-0.003229628179389309,continuous_direct_verified,gamma_high,0.15995327580618893,1.180160905825439,0.03900344374503065,0.0010243135680559623,0.004160911930260136,1.541978405616172
2238,1126,0.16081671854481103,0.025,0.0,1.1204078309237957,0.027248340173667177,0.007665378006159071,0.005457164229041812,-0.002208213777117259,continuous_direct_verified,gamma_high,0.16188914303159174,1.1162039089007165,0.041424821814176026,0.0010724244867807153,0.004203922023079176,1.520269548535988
2239,19610,0.16564181544817985,0.025,0.0,1.1358755737543107,0.0217675015869905,0.007531298513175801,0.004356691767444599,-0.0031746067457312016,continuous_direct_verified,gamma_high,0.16663309794417686,1.1319377835864668,0.03455372840214615,0.0009912824959970035,0.003937790167843902,1.587399833832902
2240,3142,0.1575667483266443,0.025,0.0,1.1685941271483897,0.0285330112029813,0.008187173067863995,0.004546315285897137,-0.0036408577819668575,continuous_direct_verified,gamma_high,0.15859309510455516,1.164297060703838,0.04239009856091044,0.0010263467779108582,0.004297066444551634,1.4856510677878003
2241,40454,0.1554363733623177,0.025,0.0,1.1845519222319125,0.028021307948098956,0.008010250534197919,0.004337265610983647,-0.0036729849232142713,continuous_direct_verified,gamma_low,0.15451384082033948,1.188275964122055,0.015281063432191553,0.000922532541978216,0.0037240418901425265,1.8337276114611512
2242,35162,0.16454004026018085,0.025,0.0,1.1688695445656776,0.030636917943335597,0.007681448535206058,0.006256138672339884,-0.001425309862866174,continuous_direct_verified,gamma_high,0.16573454355137926,1.1644347645253157,0.0459952686013156,0.0011945032911984121,0.0044347800403619075,1.5013020789619238
2243,11354,0.163798549445346,0.025,0.0,1.1998304665088653,0.03193880247107749,0.007519928633353767,0.005882425410504477,-0.0016375032228492905,continuous_direct_verified,gamma_high,0.1648817916017481,1.19591522590469,0.04589336866420667,0.0010832421564020978,0.003915240604175363,1.4369157611894148
2244,31078,0.16030346569605175,0.025,0.0,1.1652717933058738,0.07292343270481991,0.009409420720119346,0.0036079672399146685,-0.005801453480204678,continuous_direct_verified,gamma_low,0.15938780096861727,1.1695574244108602,0.06076952725401658,0.0009156647274344842,0.004285631104986365,1.2000000000000002
2245,9238,0.15261301659047605,0.025,0.0,1.183801805973053,0.05958388173694772,0.007290146121737521,0.0029403336343067814,-0.00434981248743074,continuous_direct_verified,gamma_low,0.15190188075649472,1.1871824933459474,0.049653234780789764,0.0007111358339813301,0.00338068737289432,1.2000000000000002
2246,23386,0.16470562727190557,0.025,0.0,1.176574170589447,0.052813891593915065,0.007121114575331212,0.0027634572414194938,-0.004357657333911719,continuous_direct_verified,gamma_low,0.16402675732522656,1.1795402793491048,0.044011576328262546,0.0006788699466790116,0.0029661087596577485,1.2000000000000002
2247,12358,0.1577314169611782,0.025,0.0,1.199034883081913,0.06984224561554707,0.007120323880535082,0.00413488166352525,-0.0029854422170098316,continuous_direct_verified,gamma_high,0.15877789767142475,1.194062122046065,0.08381069473865649,0.0010464807102465445,0.0049727610358480945,1.2000000000000002
2248,15078,0.161594393895939,0.025,0.0,1.1939940966665743,0.1271378735871502,0.013844724668468396,0.006880038419377161,-0.006964686249091235,continuous_direct_verified,gamma_high,0.1635712307817862,1.1837676329143563,0.15256544830458021,0.0019768368858472107,0.010226463752218029,1.1999999999999997
2249,45254,0.1556936722248793,0.025,0.0,1.199684426188469,0.11452371063444325,0.010518767016734116,0.0062004579117292905,-0.004318309105004825,continuous_direct_verified,gamma_high,0.15740642493902415,1.190715048850221,0.13742845276133187,0.0017127527141448662,0.008969377338247986,1.1999999999999997
2250,29914,0.16346439174376431,0.025,0.0,1.113229439407587,0.12510838397752078,0.010354085426826806,0.005600812407991118,-0.004753273018835688,continuous_direct_verified,gamma_low,0.1618542228583817,1.1214282627813228,0.10425698664793398,0.0016101688853826235,0.008198823373735786,1.2
2251,19238,0.15791685692965984,0.025,0.0,1.145947812497616,0.1262849569800708,0.009977363597530256,0.005635690021861913,-0.004341673575668343,continuous_direct_verified,gamma_low,0.15634397832898342,1.1541607321422445,0.10523746415005902,0.001572878600676425,0.008212919644628558,1.1999999999999997
2252,16026,0.16597204748541117,0.025,0.0,1.154218104481697,0.2054666883520566,0.013307164371497473,0.008453175445634559,-0.004853988925862914,continuous_direct_verified,gamma_low,0.1632744415792084,1.169109500927945,0.1712222402933805,0.0026976059062027713,0.01489139644624804,1.1999999999999997
2253,9050,0.16478826641105115,0.025,0.0,1.1740922160446643,0.1610358956854932,0.013022228584259046,0.007159372088696752,-0.005862856495562294,continuous_direct_verified,gamma_low,0.16268653848660886,1.185043269260322,0.13419657973791102,0.002101727924442298,0.010951053215657813,1.1999999999999997
2254,7706,0.16622292064130306,0.025,0.0,1.1176395118236542,0.18443267565058039,0.012952586435062764,0.007659400602321755,-0.005293185832741009,continuous_direct_verified,gamma_low,0.1638014359198356,1.1307533285836746,0.15369389637548367,0.0024214847214674706,0.013113816760020436,1.2
2255,3674,0.16403304086998105,0.025,0.0,1.180779119580984,0.1986750372070281,0.012947813383727075,0.008334465944811862,-0.0046133474389152135,continuous_direct_verified,gamma_low,0.16145025256342996,1.194991376827332,0.16556253100585674,0.0025827883065510926,0.014212257246347892,1.2
2256,3974,0.15399753390811385,0.025,0.0,1.1983359426259994,0.2779425512465542,0.022783926699349012,0.010845576300610532,-0.01193835039873848,continuous_direct_verified,gamma_high,0.15809648917479815,1.1708599273737406,0.33353106149586503,0.004098955266684301,0.027476015252258845,1.2
2257,35482,0.1657657930161804,0.025,0.0,1.1892256803810595,0.2977273031229367,0.021683285976262075,0.011697765036204328,-0.009985520940057746,continuous_direct_verified,m_low,0.17044063782746277,1.1592256803810594,0.3569782870807255,0.004674844811282358,0.030000000000000027,1.1990109181666924
2258,10266,0.16632373104803266,0.025,0.0,1.184191682934761,0.24375872482756494,0.021655787068943305,0.010686891489862438,-0.010968895579080868,continuous_direct_verified,gamma_high,0.1702251141375456,1.1608870412949654,0.2925104697930779,0.003901383089512933,0.02330464163979551,1.1999999999999997
2259,10694,0.15628902232274416,0.025,0.0,1.188650193065405,0.23497909058161331,0.02052184517287206,0.010050983708639593,-0.010470861464232468,continuous_direct_verified,gamma_high,0.15982794071195244,1.166412781850083,0.28197490869793596,0.0035389183892082787,0.022237411215322078,1.2
2260,19994,0.16616291152313353,0.025,0.0,1.1802378855645657,0.3625234492823845,0.01884287216256229,0.009916687592434676,-0.008926184570127614,continuous_direct_verified,m_low,0.17056614400245496,1.1502378855645656,0.4194167806939053,0.004403232479321423,0.030000000000000027,1.1569369692474825
2261,39494,0.15737333199940623,0.025,0.0,1.193903798609972,0.36715923956035035,0.0173891675054977,0.009491438271375208,-0.007897729234122491,continuous_direct_verified,m_low,0.16152654431843197,1.163903798609972,0.4238551459322743,0.00415321231902574,0.030000000000000027,1.1544177573736498
2262,3782,0.15578080266714098,0.025,0.0,1.122323614358902,0.4776738993676207,0.01634098645554833,0.007092162067371646,-0.009248824388176684,continuous_direct_verified,m_low,0.15953451000462912,1.092323614358902,0.532460868846674,0.0037537073374881436,0.030000000000000027,1.1146953382874472
2263,14870,0.15298522519879043,0.025,0.0,1.1710166975855827,0.4518749748892565,0.01631094168839136,0.0075490023488222185,-0.008761939339569142,continuous_direct_verified,m_low,0.1567386900793708,1.1410166975855827,0.5066907848301261,0.0037534648805803705,0.030000000000000027,1.1213074699573784
2264,666,0.16580684017390013,0.025,0.0,1.1846957691013813,0.9692259695403639,0.061058557598485795,0.050919339873024286,-0.01013921772546151,continuous_direct_verified,m_low,0.1670743124625953,1.1546957691013813,1.0,0.0012674722886951706,0.030000000000000027,1.031751141041165
2265,44838,0.1579807017464191,0.025,0.0,1.1981540799140928,0.9607558969353407,0.032825571121637837,0.03227276618760277,-0.0005528049340350685,continuous_direct_verified,m_low,0.15974247820334914,1.1681540799140928,1.0,0.001761776456930042,0.030000000000000027,1.0408471113108353
2266,37082,0.163529362808913,0.025,0.0,1.1684449337422849,0.9525843754066357,0.027566388761409807,0.003403654871654209,-0.024162733889755598,continuous_direct_verified,m_high,0.1605619791091608,1.198444933742285,0.8973816146709692,0.0029673836997521907,0.030000000000000027,1.0615153685268077
2267,23782,0.16173683106899261,0.025,0.0,1.1915780499577522,0.9185762205879676,0.015612868556726809,0.0033104370532408825,-0.012302431503485926,continuous_direct_verified,m_low,0.1647017124454766,1.1615780499577522,0.9742713824413561,0.0029648813764839854,0.030000000000000027,1.0606320527410766
2268,7685,0.1686522053088993,0.025,0.0,0.4885601088404656,0.013862242668414843,0.004110096513026928,0.0029038740307897755,-0.0012062224822371524,continuous_direct_verified,gamma_high,0.1697324152143659,0.4842800601882865,0.025734004450977125,0.001080209905466617,0.004280048652179069,1.8564098945989542
2269,3653,0.17112579294480385,0.025,0.0,0.4005212582647801,0.014864410400854278,0.00407086519854067,0.00407086518379891,-1.4741759896130802e-11,continuous_direct_verified,gamma_high,0.1714788899045068,0.4,0.018197008579937543,0.0003530969597029532,0.0005212582647800557,1.224199822879738
2270,34413,0.1824930250644684,0.025,0.0,0.4643916472792626,0.016357672403811634,0.0038492057360082653,0.002135699320107708,-0.001713506415900557,continuous_direct_verified,gamma_high,0.18373731414437283,0.4601958266126273,0.02860562073117343,0.001244289079904426,0.004195820666635264,1.7487586268390973
2271,6677,0.17554732160642744,0.025,0.0,0.41654400154948235,0.015735718258704005,0.0035278171133964597,0.00042698746647064855,-0.003100829646925811,continuous_direct_verified,gamma_low,0.17522324127603053,0.417554004256826,0.012589414899173422,0.00032408033039690864,0.001010002707343638,1.2499165675870416
2272,14837,0.17782474937848747,0.025,0.0,0.44851600974798206,0.026049550759685153,0.004557846412651253,0.0006890099957000906,-0.003868836416951163,continuous_direct_verified,gamma_low,0.17734769245445642,0.45008383187890355,0.021297781673475742,0.0004770569240310496,0.0015678221309214924,1.2231109868182781
2273,24245,0.18071178221143785,0.025,0.0,0.46417148485779763,0.022507452335897182,0.004517618245771848,0.0006547870977635097,-0.003862831148008339,continuous_direct_verified,gamma_low,0.18028155194548728,0.4655972879976971,0.018197461735700304,0.0004302302659505708,0.0014258031398994842,1.2368457020432368
2274,46357,0.1763344609644264,0.025,0.0,0.480159404873848,0.018525804390478698,0.004431947216507814,0.0019442912511733756,-0.0024876559653344383,continuous_direct_verified,gamma_high,0.17748559548160897,0.4760797042605151,0.030442419067850512,0.0011511345171825726,0.004079700613332904,1.6432441164873972
2275,47045,0.16955623044632379,0.025,0.0,0.47321950644254684,0.02594187956345231,0.004145605198539492,0.0007605753421063787,-0.0033850298564331136,continuous_direct_verified,gamma_high,0.1700423738501702,0.4714765805312144,0.031130255476142777,0.00048614340384642296,0.0017429259113324602,1.2000000000000002
2276,1685,0.17523069633170962,0.025,0.0,0.48735393136739735,0.03488761760643943,0.004408932013342962,0.0008931895411742208,-0.0035157424721687413,continuous_direct_verified,gamma_low,0.17467749007076708,0.4893269024711925,0.029073014672032854,0.0005532062609425459,0.001972971103795129,1.2000000000000002
2277,41877,0.1747822877019644,0.025,0.0,0.45644374191761017,0.02930865101679356,0.003976935132660649,0.0007090543686794947,-0.0032678807639811543,continuous_direct_verified,gamma_low,0.17430389270933613,0.4580678709654611,0.024423875847327966,0.0004783949926282782,0.0016241290478509196,1.2000000000000002
2278,38405,0.16852860059589148,0.025,0.0,0.4867401704192162,0.04275037318287596,0.0037416293810173906,0.0010557080562854908,-0.0026859213247318998,continuous_direct_verified,gamma_low,0.1678733166883485,0.4891778895730134,0.03562531098572996,0.000655283907542964,0.002437719153797202,1.2000000000000002
2279,39661,0.18235149774700404,0.025,0.0,0.4317103795707226,0.03594440681596875,0.0036587436625371474,0.0008432952831170327,-0.0028154483794201146,continuous_direct_verified,gamma_low,0.1817154441705642,0.4336916341195227,0.02995367234664062,0.0006360535764398378,0.0019812545488001043,1.2000000000000002
2280,38765,0.18311121934093538,0.025,0.0,0.4522210665047169,0.07674874016993423,0.00542150140756548,0.0018041200435896226,-0.0036173813639758575,continuous_direct_verified,gamma_low,0.18175485363965174,0.4566756092520622,0.06395728347494518,0.0013563657012836405,0.0044545427473453025,1.2000000000000002
2281,40853,0.1746536657214165,0.025,0.0,0.4759286887943745,0.07170302958889023,0.004678420209385493,0.0017208178561419502,-0.002957602353243543,continuous_direct_verified,gamma_low,0.17348371111627864,0.4801191062399801,0.05975252465740852,0.0011699546051378573,0.00419041744560561,1.2000000000000002
2282,10565,0.1714873130898923,0.025,0.0,0.48535513728857044,0.07444743831136372,0.004630341670818444,0.0017911178922222146,-0.0028392237785962293,continuous_direct_verified,gamma_low,0.17030579800363604,0.48973683901059895,0.06203953192613642,0.0011815150862562462,0.004381701722028508,1.2000000000000002
2283,43765,0.17874008184298873,0.025,0.0,0.4786165773868561,0.04872806290905478,0.004296064315304584,0.0012246777696365313,-0.003071386545668053,continuous_direct_verified,gamma_low,0.17793831322542542,0.48140167572603026,0.04060671909087898,0.0008017686175633143,0.0027850983391741746,1.2000000000000002
2284,20053,0.17359500648453835,0.025,0.0,0.4883025586605072,0.12784067342662486,0.0070789627549910404,0.0029323211239367093,-0.004146641631054332,continuous_direct_verified,gamma_low,0.17150891694878032,0.4962006425557725,0.1065338945221874,0.0020860895357580345,0.007898083895265307,1.2
2285,31365,0.16815284085460008,0.025,0.0,0.44332040995359423,0.11676127472535495,0.006304723213563882,0.0024316739735851184,-0.0038730492399787634,continuous_direct_verified,gamma_low,0.16620044256726985,0.4503151497432516,0.09730106227112911,0.001952398287330237,0.006994739789657367,1.2000000000000002
2286,16277,0.1746369506698102,0.025,0.0,0.4403111718595028,0.12415164409024386,0.006242923500033439,0.0026147645889048436,-0.0036281589111285956,continuous_direct_verified,gamma_low,0.1724653463856266,0.4477831810807159,0.10345970340853657,0.002171604284183587,0.007472009221213105,1.1999999999999997
2287,16493,0.18290110388770703,0.025,0.0,0.41070889458060267,0.12578271437559713,0.00569477079856311,0.002561204715528273,-0.0031335660830348368,continuous_direct_verified,gamma_low,0.1804717543995512,0.41818146924547167,0.10481892864633094,0.0024293494881558186,0.007472574664869003,1.2
2288,8325,0.16787233054637912,0.025,0.0,0.4148792356252671,0.20823333342824699,0.009175601117273072,0.0036579288396788277,-0.005517672277594244,continuous_direct_verified,gamma_low,0.16415348956814915,0.4279994861642226,0.1735277778568725,0.0037188409782299703,0.013120250538955547,1.1999999999999997
2289,4165,0.1709092195145786,0.025,0.0,0.43830608353018763,0.20135376872375002,0.009044307102583665,0.0037926072228909313,-0.005251699879692734,continuous_direct_verified,gamma_low,0.16740226235894612,0.45108972234163336,0.1677948072697917,0.003506957155632484,0.01278363881144573,1.1999999999999997
2290,47845,0.16717490772716703,0.025,0.0,0.4790447875857353,0.19887962619425184,0.009031423151236184,0.00400147584224862,-0.005029947308987564,continuous_direct_verified,gamma_low,0.16398190822479153,0.4919352937664646,0.16573302182854324,0.0031929995023755042,0.012890506180729289,1.1999999999999997
2291,20805,0.17155220997519793,0.025,0.0,0.46373426243662835,0.21060937278667377,0.008949633219619533,0.00413190456135294,-0.0048177286582665926,continuous_direct_verified,gamma_low,0.1680103082608609,0.47735962593129955,0.1755078106555615,0.00354190171433702,0.013625363494671194,1.1999999999999997
2292,26437,0.17168950038030745,0.025,0.0,0.43497165068984034,0.28851205116136514,0.01218449777900556,0.004552798126465752,-0.007631699652539808,continuous_direct_verified,a1_high,0.17714653314218484,0.4153302156817173,0.3379190984410278,0.005457032761877395,0.019641435008123043,1.1712477765860436
2293,27509,0.1772245722822845,0.025,0.0,0.4042177334427834,0.29434052071420663,0.011422548196734331,0.004183920377367389,-0.007238627819366942,continuous_direct_verified,a1_low,0.172196867254127,0.4213222383955446,0.25051679394369,0.0050277050281574975,0.017104504952761224,1.174933289224383
2294,44653,0.18249908126890663,0.025,0.0,0.42392201721668243,0.2749773177971671,0.010935119338738863,0.0040246369712921785,-0.006910482367446685,continuous_direct_verified,a1_high,0.1875025963949981,0.40752142141888537,0.31664733983895105,0.0050035151260914845,0.01640059579779707,1.151539851997979
2295,8789,0.1734806172549725,0.025,0.0,0.4313768848776818,0.3077489776405479,0.0109324185549384,0.004061022239626381,-0.006871396315312019,continuous_direct_verified,a1_high,0.17851320637144857,0.4133905616337606,0.35293218020824335,0.005032589116476083,0.017986323243921187,1.1468183677297852
2296,18053,0.16831804816611112,0.025,0.0,0.42381619438529017,0.5508422852743361,0.017219216286722364,0.003186253416483999,-0.014032962870238364,continuous_direct_verified,a1_high,0.17332844906533382,0.4031050376394385,0.605338735090378,0.0050104008992226945,0.020711156745851667,1.098932945550651
2297,11061,0.18007084308192134,0.025,0.0,0.40368646532297137,0.5395269483353935,0.01598880750453637,0.0032867066290619418,-0.01270210087547443,continuous_direct_verified,a1_low,0.17506629731224146,0.4228250056873585,0.4901340761309785,0.0050045457696798745,0.019138540364387113,1.100774205691456
2298,9989,0.1692094405181706,0.025,0.0,0.435212429612875,0.5171388884661121,0.014800180612973479,0.0033922409426735047,-0.011407939670299974,continuous_direct_verified,a1_high,0.17421393380842543,0.4144299434044847,0.5706408756509493,0.005004493290254819,0.020782486208390294,1.1034576752553453
2299,37333,0.17223204937763514,0.025,0.0,0.4260836035013199,0.49853154284777856,0.0121650876714384,0.0033394719798480557,-0.008825615691590344,continuous_direct_verified,a1_high,0.1772789248730946,0.4061886537140238,0.5498272492385522,0.0050468754954594575,0.019894949787296112,1.1028936024744902
2300,20245,0.17603631080128257,0.025,0.0,0.41272968947887423,0.5999424102260418,0.012276108296957695,0.003340727368617553,-0.008935380928340142,continuous_direct_verified,a1_low,0.17097007757260965,0.43378928613753065,0.545041115952595,0.005066233228672917,0.02105959665865642,1.1007287205800853
2301,19909,0.16985324905253948,0.025,0.0,0.4339155301451683,0.822454587415071,0.012107289857538357,0.0029629528470801313,-0.009144337010458225,continuous_direct_verified,a1_high,0.17505466120854843,0.4083879529196336,0.8991039592377422,0.005201412156008944,0.025527577225534726,1.0931958712317185
2302,26549,0.18013377077877524,0.025,0.0,0.41126325726509094,0.6088098322702563,0.011960132777998444,0.0032864384147162705,-0.008673694363282173,continuous_direct_verified,a1_low,0.17505833346677543,0.4318972828774974,0.5547527983932652,0.005075437311999803,0.02063402561240646,1.09744346316694
2303,11925,0.17510807355865837,0.025,0.0,0.4274573832750321,0.62747303463673,0.01180563597104558,0.0031092151019875337,-0.008696420869058048,continuous_direct_verified,a1_high,0.18021089020991637,0.4060395184185875,0.6855474786309653,0.005102816651258002,0.02141786485644459,1.0925528919786283
2304,44853,0.1798352022189647,0.025,0.0,0.5684491395950317,0.014835505927187184,0.00482015643058275,0.002460071784372409,-0.002360084646210341,continuous_direct_verified,gamma_high,0.18091037428080572,0.5642245730370857,0.026622068943028914,0.0010751720618410177,0.004224566557946008,1.794483388277441
2305,19637,0.1810518347658217,0.025,0.0,0.5366933651268482,0.015196445868347837,0.004581239128358414,0.0004575539607520778,-0.004123685167606336,continuous_direct_verified,gamma_low,0.18080904951035406,0.5375733656623767,0.012589645548914563,0.0002427852554676424,0.0008800005355285023,1.2070590716239842
2306,11253,0.17808870319277048,0.025,0.0,0.5521900311112404,0.013188572289748067,0.004385292633886034,0.0035759443619867875,-0.0008093482718992463,continuous_direct_verified,gamma_high,0.17906753037781836,0.5480950236851696,0.02397118564112429,0.0009788271850478814,0.004095007426070829,1.8175724494271395
2307,6965,0.18003221200779085,0.025,0.0,0.5756290771067143,0.010236582928984089,0.004334220768157389,0.004334205697663396,-1.507049399336602e-08,continuous_direct_verified,gamma_high,0.18198432370028647,0.5680000048511048,0.031622776609510815,0.0019521116924956228,0.0076290722556094925,3.0891926367316755
2308,44117,0.1731949670240283,0.025,0.0,0.5369990982115269,0.02543875464773636,0.005047158359187681,0.0008511661764547192,-0.0041959921827329615,continuous_direct_verified,gamma_high,0.1736536897859305,0.5352455799893637,0.030526505577283633,0.000458722761902175,0.0017535182221631862,1.2000000000000002
2309,37997,0.18279413669370115,0.025,0.0,0.5365226998925209,0.01810739579659349,0.004932647261577091,0.000643807114424574,-0.004288840147152517,continuous_direct_verified,gamma_low,0.18245037052728844,0.537767854462728,0.014455066763092701,0.0003437661664127123,0.0012451545702071298,1.2526677388184795
2310,30517,0.17991571277379992,0.025,0.0,0.5452187858521939,0.024844097262956433,0.004800421273897867,0.0008655550207071885,-0.003934866253190679,continuous_direct_verified,gamma_high,0.1803781150469996,0.5435058637989495,0.029812916715547724,0.00046240227319968574,0.001712922053244359,1.2000000000000002
2311,53,0.17908468786627058,0.025,0.0,0.5282559774816036,0.02312166096736751,0.004710402817523137,0.0006917579051478827,-0.0040186449123752535,continuous_direct_verified,gamma_low,0.17870611161994618,0.5296403262489264,0.019055378215154867,0.0003785762463243969,0.0013843487673228516,1.2133929175427598
2312,28501,0.17409602622501555,0.025,0.0,0.5045019626617432,0.029049684432104508,0.004804378167044255,0.0009161511508547517,-0.003888227016189503,continuous_direct_verified,gamma_high,0.17463877340417405,0.5025150594781839,0.034859621318525415,0.0005427471791585037,0.0019869031835593187,1.2000000000000002
2313,46005,0.18032428012229507,0.025,0.0,0.5354505009949208,0.03762419557879201,0.004340326634079845,0.0010677323357609525,-0.003272594298318893,continuous_direct_verified,gamma_low,0.17973512061858665,0.5376279628957749,0.03135349631566,0.0005891595037084141,0.002177461900854105,1.2000000000000002
2314,42293,0.1794965066947043,0.025,0.0,0.5029471106827259,0.04229104997973773,0.004045728199026002,0.001123663093512415,-0.0029220651055135863,continuous_direct_verified,gamma_low,0.17881723550392986,0.5053743611847864,0.03524254164978144,0.0006792711907744331,0.002427250502060496,1.2000000000000002
2315,14197,0.17737868279218677,0.025,0.0,0.5438983999192715,0.04463146257711829,0.004040703656961315,0.0012609696892197392,-0.0027797339677415756,continuous_direct_verified,gamma_low,0.17669320857241183,0.5465085165311946,0.0371928854809319,0.0006854742197749397,0.002610116611923119,1.2000000000000002
2316,17173,0.17613457744009797,0.025,0.0,0.5728445813059807,0.06628213240410093,0.005709546367626294,0.0019060590061991854,-0.003803487361427109,continuous_direct_verified,gamma_low,0.1751344816358897,0.576853125246302,0.05523511033675076,0.001000095804208262,0.004008543940321241,1.2000000000000002
2317,31733,0.17802740549668672,0.025,0.0,0.5397884972393513,0.06851997611823393,0.00531729131532786,0.0018763744392637394,-0.003440916876064121,continuous_direct_verified,gamma_low,0.17695675442089834,0.5438863056613733,0.05709998009852827,0.0010706510757883814,0.004097808422022009,1.2000000000000002
2318,15093,0.17870702599175275,0.025,0.0,0.5644095338881016,0.06202844338870961,0.005201986305179636,0.001786182023780641,-0.0034158042813989954,continuous_direct_verified,gamma_low,0.17775372811372683,0.5681301369022205,0.05169036949059133,0.0009532978780259216,0.0037206030141189173,1.2000000000000002
2319,6773,0.17663246528245513,0.025,0.0,0.5011828728020191,0.07424778569343479,0.004708894778792,0.0018771461780571173,-0.0028317486007348822,continuous_direct_verified,gamma_low,0.17543881154546395,0.5055828248059829,0.06187315474452899,0.0011936537369911793,0.004399952003963814,1.2000000000000002
2320,25941,0.17384881079196932,0.025,0.0,0.5637570805847645,0.09743277806166693,0.006555984169612072,0.00263861921107285,-0.0039173649585392215,continuous_direct_verified,gamma_low,0.17237356176990476,0.5698133635574335,0.08119398171805577,0.0014752490220645564,0.006056282972669025,1.2000000000000002
2321,23989,0.18043360947631304,0.025,0.0,0.5486685857176781,0.09529659838869849,0.006357392262834751,0.0025889621533100944,-0.003768430109524657,continuous_direct_verified,gamma_low,0.1789205466588104,0.5545545314500147,0.07941383199058205,0.0015130628175026306,0.005885945732336584,1.2000000000000004
2322,34437,0.16830597165971994,0.025,0.0,0.569180116802454,0.11188309817771896,0.006314545138688528,0.002937391913316712,-0.003377153225371816,continuous_direct_verified,gamma_low,0.16666567018559963,0.5762413824379838,0.09323591514809912,0.0016403014741203092,0.00706126563552989,1.2000000000000002
2323,2797,0.18241918566636744,0.025,0.0,0.5236525610089302,0.09040388682677841,0.006209011840423849,0.0023856353277012018,-0.003823376512722647,continuous_direct_verified,gamma_low,0.1809402665095234,0.5291503504809149,0.07533657235564867,0.001478919156844033,0.005497789471984649,1.2000000000000002
2324,25205,0.17669743313454095,0.025,0.0,0.5479209899902344,0.21117651925716596,0.011021548554232565,0.004890068301331906,-0.0061314802529006595,continuous_direct_verified,gamma_low,0.17335786752392904,0.5621748671339516,0.175980432714305,0.003339565610611911,0.014253877143717175,1.1999999999999997
2325,25709,0.18282669773325327,0.025,0.0,0.5095428012311458,0.1949354562092488,0.010201039855368493,0.004428629217087426,-0.005772410638281067,continuous_direct_verified,gamma_low,0.17952179375496355,0.5223275950628726,0.16244621350770735,0.003304903978289725,0.012784793831726815,1.1999999999999997
2326,21173,0.18083753255195917,0.025,0.0,0.5244789592921734,0.20402354642244314,0.009755471762133715,0.004664312594575676,-0.005091159167558039,continuous_direct_verified,gamma_low,0.1774659818434005,0.5380341829339621,0.17001962201870263,0.003371550708558657,0.013555223641788738,1.2
2327,7733,0.17930754548870032,0.025,0.0,0.516821364313364,0.1730072808385127,0.00939276074681339,0.0040363086304534895,-0.005356452116359901,continuous_direct_verified,gamma_low,0.17645595707228004,0.5280514242410069,0.14417273403209394,0.0028515884164202754,0.011230059927642921,1.1999999999999997
2328,21621,0.17709115166217093,0.025,0.0,0.5500036686658859,0.2841315068932906,0.012971261475276295,0.005997854370858964,-0.006973407104417332,continuous_direct_verified,gamma_low,0.17263569031255155,0.569937360480273,0.23677625574440886,0.004455461349619383,0.01993369181438709,1.1999999999999997
2329,31957,0.17298434306867422,0.025,0.0,0.5735376179218292,0.3049685160603371,0.01268441052187645,0.006374613639554914,-0.0063097968823215365,continuous_direct_verified,gamma_low,0.1684188988642913,0.5953748193110001,0.254140430050281,0.004565444204382929,0.02183720138917089,1.1999999999999997
2330,47189,0.1731708696112037,0.025,0.0,0.5583066895604134,0.3571129235596473,0.012669657065097158,0.006359069281075849,-0.006310587784021308,continuous_direct_verified,a1_low,0.1681694329285261,0.5824913814501992,0.3012397531922566,0.005001436682677607,0.02418469188978578,1.1854774138383106
2331,40789,0.17412744732573632,0.025,0.0,0.5306947000324727,0.3123957724224196,0.011749895381450551,0.005679335172650956,-0.006070560208799596,continuous_direct_verified,a1_high,0.17912744732573632,0.5088533620422625,0.36411362732727526,0.0050000000000000044,0.021841337990210152,1.1655523520815227
2332,32149,0.1742594852112234,0.025,0.0,0.5495528072118759,0.4511999832483393,0.012495617761824484,0.0049455479200817545,-0.00755006984174273,continuous_direct_verified,a1_high,0.1792615826672552,0.5251726700024686,0.5079518565097612,0.0050020974560318066,0.02438013720940735,1.1257798656215503
2333,5173,0.17904224414378406,0.025,0.0,0.55141861140728,0.5208481146632463,0.012247849608528837,0.004920650092031139,-0.007327199516497697,continuous_direct_verified,a1_high,0.18404224414378406,0.526672557352265,0.5790525822439436,0.0050000000000000044,0.024746054055014954,1.1117494062896423
2334,25397,0.17996731176972391,0.025,0.0,0.5719588309526443,0.36322116563543544,0.010966223056653599,0.005757281355201741,-0.005208941701451858,continuous_direct_verified,a1_high,0.18505282886513946,0.5483960816842806,0.4172774690896109,0.005085517095415548,0.02356274926836377,1.1488247617938423
2335,10437,0.17057011676952244,0.025,0.0,0.5581750109791755,0.4488077065980659,0.010631678410916407,0.005088961644321791,-0.005542716766594616,continuous_direct_verified,a1_high,0.17558248922321726,0.5329303738215826,0.5072310904889388,0.005012372453694819,0.025244637157592953,1.1301746450249672
2336,41349,0.1672026419080794,0.025,0.0,0.5417208358645439,0.9942371549007887,0.014891227262448696,0.0032534572207176763,-0.01163777004173102,continuous_direct_verified,m_high,0.1628825140831721,0.5717208358645439,0.9131098633703615,0.004320127824907316,0.030000000000000027,1.0888472403868028
2337,16901,0.16849251580424607,0.025,0.0,0.559417175501585,0.947708668163434,0.014055303087372545,0.003442988519080454,-0.010612314568292092,continuous_direct_verified,m_high,0.16415079232916946,0.589417175501585,0.8696870473347735,0.004341723475076609,0.030000000000000027,1.0897122948625761
2338,45509,0.1699747756123543,0.025,0.0,0.5535849966108799,0.9224153634472159,0.012237872062612837,0.0035552652642624294,-0.008682606798350407,continuous_direct_verified,m_high,0.1655020616569419,0.5835849966108799,0.8448090795118732,0.004472713955412405,0.030000000000000027,1.0918625116815543
2339,34069,0.17629584777168933,0.025,0.0,0.5022567234933376,0.9772747298689877,0.012165021570326052,0.003414424852975449,-0.008750596717350602,continuous_direct_verified,m_high,0.17141213016189288,0.5322567234933376,0.893426340291514,0.004883717609796445,0.030000000000000027,1.0938503666123331
2340,22965,0.18062820681370795,0.025,0.0,0.6079093836247921,0.016573445325329186,0.004884732128527505,0.002330806351153472,-0.0025539257773740326,continuous_direct_verified,gamma_high,0.1816693014526223,0.6039546901391516,0.028138246050501085,0.0010410946389143583,0.003954693485640481,1.697790984201542
2341,40949,0.17825826196931305,0.025,0.0,0.5918912164866924,0.016477797882320684,0.004788730750403141,0.00230482535559757,-0.0024839053948055713,continuous_direct_verified,gamma_high,0.17923456912299104,0.5879456110313311,0.0274182801015762,0.0009763071536779966,0.003945605455361267,1.6639529321447588
2342,44141,0.1827184489462525,0.025,0.0,0.6405423358082771,0.014857655695208033,0.004663931991658908,0.004663841462372589,-9.052928631909929e-08,continuous_direct_verified,gamma_high,0.1830259322320352,0.639999987631514,0.018197008578220007,0.00030748328578270034,0.00054234817676313,1.2247563782278923
2343,1221,0.17044745627790692,0.025,0.0,0.639721117168665,0.013654476921787295,0.004655344135638306,0.002900652161592338,-0.0017546919740459676,continuous_direct_verified,gamma_high,0.17129241116737526,0.6358605637641946,0.0238357135183963,0.0008449548894683412,0.003860553404470335,1.7456335863268162
2344,13749,0.18045048392377794,0.025,0.0,0.6649928011000157,0.023633635298114825,0.005403793210453599,0.0009911071922951021,-0.004412686018158496,continuous_direct_verified,gamma_high,0.18086481670056478,0.6633159198571454,0.028360362357737794,0.00041433277678684655,0.0016768812428702429,1.2000000000000002
2345,21237,0.17865228769369423,0.025,0.0,0.6492518529295921,0.0273499382266268,0.005209024848836336,0.0011087991561630323,-0.004100225692673303,continuous_direct_verified,gamma_high,0.17913087794936816,0.6473027950242145,0.03281992587195216,0.00047859025567392743,0.0019490579053775825,1.2
2346,10357,0.1769506698474288,0.025,0.0,0.6566419422626495,0.01706331685821749,0.005088621962886105,0.0006763467345879853,-0.004412275228298119,continuous_direct_verified,gamma_low,0.1766719822276108,0.6577830029867899,0.013804488074436167,0.00027868761981800216,0.0011410607241404414,1.2360702378972084
2347,47445,0.17369130100123586,0.025,0.0,0.6091424576938153,0.027728234945128112,0.005058836168964635,0.0010402618301182044,-0.0040185743388464305,continuous_direct_verified,gamma_high,0.17417167848681028,0.6071833992307998,0.03327388193415374,0.00048037748557441806,0.001959058463015473,1.2000000000000002
2348,47813,0.17039721291512253,0.025,0.0,0.6639534898102284,0.03173988838687994,0.0050776645084773244,0.001062272464840563,-0.004015392043636761,continuous_direct_verified,gamma_low,0.169959885758614,0.6658413732973617,0.026449906989066612,0.0004373271565085157,0.0018878834871333128,1.2000000000000002
2349,4717,0.1826679284218699,0.025,0.0,0.6632308825850487,0.036125294032649524,0.004727169453756542,0.001259099840094012,-0.0034680696136625295,continuous_direct_verified,gamma_low,0.1821332599000804,0.6653909840449043,0.030104411693874598,0.0005346685217895164,0.002160101459855568,1.2000000000000002
2350,19733,0.17640273757278924,0.025,0.0,0.6478070989251137,0.040410372236869066,0.004638368740885868,0.0013402531296407881,-0.0032981156112450796,continuous_direct_verified,gamma_low,0.17582075623028195,0.6502276706558097,0.03367531019739088,0.0005819813425072817,0.002420571730695986,1.2000000000000002
2351,42677,0.18078013034537438,0.025,0.0,0.6074477456510067,0.0333716818566942,0.004630413241088527,0.0010700339992928197,-0.003560379241795707,continuous_direct_verified,gamma_low,0.18028007717349118,0.6094110961347228,0.027809734880578495,0.0005000531718832024,0.0019633504837160975,1.2000000000000004
2352,13189,0.16761127561330796,0.025,0.0,0.6365649618208409,0.07096954894715407,0.00576865391567588,0.002157939482298873,-0.003610714433377007,continuous_direct_verified,gamma_low,0.16662483022353494,0.6409553598318987,0.05914129078929506,0.0009864453897730219,0.004390398011057783,1.2
2353,2613,0.17940474203787748,0.025,0.0,0.5878485277295112,0.06899303188249392,0.00569744542375982,0.0020497317390206844,-0.003647713684739136,continuous_direct_verified,gamma_low,0.17835307962448296,0.5920542161005903,0.057494193235411585,0.0010516624133945218,0.004205688371079042,1.2000000000000004
2354,8173,0.18163435328751804,0.025,0.0,0.6458447575569153,0.07662311161520155,0.00562545809201029,0.0024752498329183035,-0.0031502082590919864,continuous_direct_verified,gamma_low,0.18048290287808527,0.6506271934641186,0.06385259301266795,0.0011514504094327638,0.004782435907203286,1.2000000000000002
2355,26861,0.18202607259154324,0.025,0.0,0.630779367685318,0.07135094498362869,0.005212671145299501,0.002274404688930128,-0.002938266456369373,continuous_direct_verified,gamma_low,0.18094610684956325,0.6351910307408037,0.05945912081969057,0.0010799657419799935,0.004411663055485793,1.2000000000000002
2356,11117,0.1832437586039305,0.025,0.0,0.6098830007016659,0.12884548927361703,0.007440589533196735,0.0037319417779864885,-0.0037086477552102466,continuous_direct_verified,gamma_low,0.1812308641895674,0.6182616840991125,0.10737124106134754,0.0020128944143630867,0.008378683397446629,1.1999999999999997
2357,17621,0.1729177899193019,0.025,0.0,0.6527218461036682,0.12187319349368332,0.007395556409992864,0.0036340454327826975,-0.003761510977210166,continuous_direct_verified,gamma_low,0.17116048552911894,0.6606995085635943,0.10156099457806946,0.0017573043901829566,0.007977662459926038,1.1999999999999997
2358,13589,0.17633897894993428,0.025,0.0,0.6014776788651943,0.12269765221087049,0.0072570414956781345,0.003446756977427879,-0.0038102845182502554,continuous_direct_verified,gamma_low,0.17448774381488769,0.6093896629672333,0.10224804350905876,0.0018512351350465917,0.007911984102038971,1.1999999999999997
2359,10293,0.1791702559217811,0.025,0.0,0.581933469325304,0.12858505466220937,0.007179659566930429,0.0035203268681794804,-0.003659332698750949,continuous_direct_verified,gamma_low,0.17717309041158705,0.5902116329243605,0.10715421221850784,0.001997165510194049,0.008278163599056532,1.1999999999999997
2360,31557,0.17183034736663105,0.025,0.0,0.6375831864774227,0.19194282601094462,0.010807994364920144,0.005096624266356477,-0.005711370098563667,continuous_direct_verified,gamma_low,0.16904294174548248,0.6508507288962886,0.15995235500912053,0.00278740562114857,0.013267542418865852,1.2
2361,44053,0.17574413400143385,0.025,0.0,0.611731794476509,0.18995713345833465,0.010296264561969524,0.004956496123204407,-0.005339768438765117,continuous_direct_verified,gamma_low,0.17288419813306327,0.6247286498966464,0.1582976112152789,0.0028599358683705778,0.012996855420137399,1.1999999999999997
2362,27397,0.16904408624395728,0.025,0.0,0.6514981746673584,0.17804748976346865,0.01017739733367467,0.004851411578733319,-0.005325985754941352,continuous_direct_verified,gamma_low,0.16651763670953995,0.6637245662671941,0.1483729081362239,0.00252644953441733,0.01222639159983574,1.2
2363,33973,0.18101230305619542,0.025,0.0,0.6133963942527771,0.1923077468198235,0.010150538361800864,0.0051172960446850425,-0.005033242317115822,continuous_direct_verified,gamma_low,0.17803279125964278,0.6265751391722547,0.16025645568318628,0.0029795117965526474,0.01317874491947757,1.1999999999999997
2364,117,0.17690858934074644,0.025,0.0,0.6034833922982216,0.30966604902596045,0.014436004033728259,0.006625812901110968,-0.007810191132617291,continuous_direct_verified,a1_high,0.18190858934074644,0.5796846202739834,0.3637500712906061,0.0050000000000000044,0.02379877202423819,1.1746527345660407
2365,18773,0.17366020428016785,0.025,0.0,0.6322111472487449,0.29784873893259006,0.013689875128195628,0.006839230002271904,-0.006850645125923724,continuous_direct_verified,gamma_low,0.1693317870381309,0.6540655283848661,0.2482072824438251,0.004328417242036947,0.021854381136121148,1.1999999999999997
2366,43333,0.1714826478622854,0.025,0.0,0.608007014542818,0.3554707449820674,0.013321783023681097,0.006247616116541352,-0.007074166907139745,continuous_direct_verified,a1_high,0.17649243123318262,0.5825804790915151,0.412605871489612,0.0050097833708972195,0.025426535451302912,1.1607308823977256
2367,7509,0.1739125710912049,0.025,0.0,0.5853963971138001,0.27605543993247444,0.01296678566808608,0.006132627695247991,-0.006834157972838088,continuous_direct_verified,gamma_low,0.16976435654056699,0.6050425324858031,0.2300461999437287,0.0041482145506379076,0.019646135372002993,1.2
2368,41837,0.18319328906945886,0.025,0.0,0.6148256622254848,0.3991918682756831,0.014119484652677148,0.0059390117988179685,-0.008180472853859179,continuous_direct_verified,a1_high,0.18821337673500538,0.590125242950992,0.45425126912197994,0.005020087665546513,0.024700419274492846,1.137927160400654
2369,17125,0.16710527408868076,0.025,0.0,0.6488484501838684,0.37768123518017366,0.013397281726577094,0.006811033715869091,-0.006586248010708003,continuous_direct_verified,a1_high,0.17210527408868076,0.6212629260725894,0.4382159015216708,0.0050000000000000044,0.027585524111279014,1.1602797827978373
2370,31237,0.16841684984974564,0.025,0.0,0.6635466866195202,0.37857035392658966,0.012880565938915923,0.006738994028946616,-0.006141571909969307,continuous_direct_verified,a1_high,0.17342003093294556,0.635684255785063,0.43916673757864433,0.005003181083199915,0.027862430834457164,1.1600663734588292
2371,38637,0.18227155841887,0.025,0.0,0.5795904017984868,0.40418553233590454,0.012650425055699733,0.005524968652966665,-0.007125456402733068,continuous_direct_verified,a1_high,0.18730767033596055,0.5557290211222812,0.4585363495545353,0.005036111917090552,0.02386138067620558,1.1344699720064737
2372,11501,0.18198075080290438,0.025,0.0,0.6396476536989212,0.9565293749064678,0.017532723119994466,0.0036577274377227256,-0.01387499568227174,continuous_direct_verified,m_high,0.17774136360350554,0.6696476536989212,0.8836002171517242,0.004239387199398842,0.030000000000000027,1.0825363737345266
2373,26261,0.17522534169256687,0.025,0.0,0.596514119207859,0.9320576023163553,0.017196095079826414,0.003631647962829254,-0.01356444711699716,continuous_direct_verified,m_high,0.17088695331133644,0.626514119207859,0.8571432680309342,0.004338388381230435,0.030000000000000027,1.0874000147694298
2374,44261,0.16670406339690091,0.025,0.0,0.6356856636703014,0.9499798126991426,0.01452910439678878,0.0034457947132081773,-0.011083309683580603,continuous_direct_verified,m_high,0.16279227218531592,0.6656856636703015,0.8770154562123894,0.003911791211584997,0.030000000000000027,1.083196203635758
2375,21269,0.17617929461412135,0.025,0.0,0.6098251730203629,0.9518195144569382,0.013989545845407087,0.0035756809823094863,-0.0104138648630976,continuous_direct_verified,m_high,0.17192779021562896,0.6398251730203629,0.8771666191370905,0.004251504398492395,0.030000000000000027,1.085106858481787
2376,28909,0.18211658652871848,0.025,0.0,0.7124299980700016,0.013983652519015455,0.005501842148591547,0.0030325148379627617,-0.002469327310628785,continuous_direct_verified,gamma_high,0.1830944448802017,0.7082150033635841,0.02525811492134513,0.0009778583514832295,0.0042149947064175075,1.8062601946807726
2377,10093,0.18313603270798923,0.025,0.0,0.7514175839722157,0.010876850107302188,0.004941963210491828,0.0035762139018860437,-0.001365749308605784,continuous_direct_verified,gamma_high,0.1839464911457402,0.7477087992469771,0.020316186686993195,0.0008104584377509605,0.003708784725238612,1.8678373321844248
2378,37813,0.18030057246796788,0.025,0.0,0.7193100839853287,0.010219108745801668,0.004823233673731597,0.0040491317308346845,-0.0007741019428969126,continuous_direct_verified,gamma_high,0.18106693134665608,0.7156550510376259,0.019244079107262016,0.0007663588786882003,0.003655032947702752,1.8831465234351372
2379,16117,0.1787687863688916,0.025,0.0,0.679802519083023,0.010785609503620005,0.00481434476553357,0.003736002471489788,-0.0010783422940437814,continuous_direct_verified,gamma_high,0.17961572230359843,0.6759012675004931,0.02070203170566721,0.0008469359347068328,0.003901251582529963,1.9194123149664308
2380,27445,0.18006785241886974,0.025,0.0,0.7290818475186824,0.022190099782409885,0.005971366519684333,0.0008819753674146813,-0.005089391152269652,continuous_direct_verified,gamma_low,0.1797396267665842,0.7304467762369891,0.018345000545611258,0.00032822565228554645,0.0013649287183066239,1.2095992980342813
2381,7221,0.17894169511273506,0.025,0.0,0.7444890461862087,0.023821369318045398,0.005730260804749952,0.0010155867613298886,-0.004714674043420063,continuous_direct_verified,gamma_low,0.17857197936140745,0.7460437440316613,0.019449949823994336,0.0003697157513276039,0.0015546978454525906,1.2247522247413862
2382,40981,0.17584238275885583,0.025,0.0,0.7519125446677208,0.02093208195746897,0.005583429549986895,0.0040168799044724614,-0.001566549645514434,continuous_direct_verified,gamma_high,0.17686647985086268,0.7479562652998023,0.03311287091299136,0.0010240970920068482,0.003956279367918536,1.5819196093476047
2383,29805,0.18281845021992926,0.025,0.0,0.673122514039278,0.0243518921040133,0.005571319255473812,0.0010404280900661313,-0.004530891165407681,continuous_direct_verified,gamma_high,0.1832498833619343,0.6713873094719932,0.029222270524815963,0.0004314331420050277,0.0017352045672848204,1.2
2384,41301,0.1737426893319935,0.025,0.0,0.7275361493229866,0.035982946824749173,0.005271331282252185,0.0013181790293037184,-0.003953152252948467,continuous_direct_verified,gamma_low,0.1732459360412443,0.7297033268913686,0.029985789020624303,0.0004967532907491912,0.0021671775683820282,1.2000000000000004
2385,12421,0.1678986036218703,0.025,0.0,0.7520678266882896,0.029769426842153855,0.00523069181291821,0.0013165892277496305,-0.003914102585168579,continuous_direct_verified,gamma_high,0.16837400232167643,0.7499137643055009,0.03572331221058463,0.0004753986998061177,0.0021540623827887018,1.2000000000000002
2386,41861,0.16756906895898283,0.025,0.0,0.7188391745090484,0.04338802785043473,0.005185056176662589,0.0015204700978123553,-0.0036645860788502333,continuous_direct_verified,gamma_low,0.16698857058660566,0.7214759393815895,0.036156689875362275,0.0005804983723771695,0.002636764872541053,1.2000000000000002
2387,13077,0.176172203803435,0.025,0.0,0.7193668186664581,0.034062669242757936,0.004968244222245715,0.001249795099497851,-0.003718449122747864,continuous_direct_verified,gamma_low,0.17569472411709613,0.7214118347601385,0.028385557702298277,0.0004774796863388775,0.002045016093680352,1.2000000000000002
2388,29045,0.1775350288953632,0.025,0.0,0.7004424519836903,0.07187484689710208,0.006691605755569268,0.002472045477193623,-0.004219560278375645,continuous_direct_verified,gamma_low,0.17650156207879875,0.7049530358753346,0.05989570574758505,0.0010334668165644656,0.004510583891644382,1.2000000000000004
2389,4341,0.17844491060823203,0.025,0.0,0.7406204707920552,0.06513382405220428,0.006592287248072402,0.002381785379509682,-0.00421050186856272,continuous_direct_verified,gamma_low,0.1775156065915863,0.7446912258648869,0.05427818671017022,0.0009293040166457323,0.004070755072831722,1.2000000000000002
2390,12277,0.17828779658302668,0.025,0.0,0.6926564089953899,0.07253019713055771,0.00647382912706163,0.0024750104893724294,-0.0039988186376892,continuous_direct_verified,gamma_low,0.17723771959582094,0.697207013189317,0.060441830942131416,0.0010500769872057447,0.004550604193927055,1.2000000000000002
2391,32069,0.17137904348783195,0.025,0.0,0.7321942329406739,0.06885605966060292,0.006421907019252621,0.002413952327700881,-0.0040079546915517406,continuous_direct_verified,gamma_low,0.17043272316633162,0.7365246997596215,0.057380049717169083,0.0009463203215003269,0.004330466818947665,1.2000000000000004
2392,32821,0.17908932124264543,0.025,0.0,0.7526015967130661,0.11444684751600166,0.008332678232444664,0.003994662284980196,-0.004338015947464468,continuous_direct_verified,gamma_low,0.17743718909456996,0.760193384044583,0.09537237293000136,0.0016521321480754692,0.007591787331516886,1.2000000000000002
2393,41141,0.18123534158803523,0.025,0.0,0.7130075454711914,0.12749917476211323,0.008232703282697934,0.004209496063630457,-0.004023207219067477,continuous_direct_verified,gamma_low,0.1793486798861007,0.7215171177957639,0.10624931230176103,0.0018866617019345222,0.0085095723245725,1.2
2394,44165,0.16804394540376963,0.025,0.0,0.7445427365601063,0.1227464209929805,0.008053113129328347,0.004019712418077923,-0.004033400711250424,continuous_direct_verified,gamma_low,0.1663757010721164,0.7527387941051322,0.10228868416081709,0.001668244331653218,0.008196057545025948,1.2
2395,27765,0.17701525045558814,0.025,0.0,0.6729311972856522,0.1264881163448779,0.007974263057623289,0.003912911799113561,-0.004061351258509728,continuous_direct_verified,gamma_low,0.17516207693397154,0.681294209704408,0.10540676362073159,0.0018531735216165968,0.00836301241875581,1.1999999999999997
2396,39733,0.1800277119036764,0.025,0.0,0.706008006632328,0.20657875470008613,0.012164283464125188,0.006056655455219935,-0.006107628008905253,continuous_direct_verified,gamma_low,0.17697168309967337,0.7207565032845942,0.17214896225007179,0.0030560288040030192,0.014748496652266185,1.2
2397,20973,0.1814686267171055,0.025,0.0,0.6962303198873997,0.19212960660682618,0.012046556792166043,0.005709120804755014,-0.006337435987411029,continuous_direct_verified,gamma_low,0.178593104730901,0.709756982201166,0.16010800550568852,0.002875521986204499,0.013526662313766313,1.1999999999999997
2398,28821,0.17502783373929565,0.025,0.0,0.7398731254041195,0.20185059629618674,0.011235944876044788,0.006076556101989256,-0.005159388774055532,continuous_direct_verified,gamma_low,0.17215375673703148,0.7543524722651042,0.1682088302468223,0.0028740770022641637,0.014479346860984621,1.2
2399,25797,0.1704779879190028,0.025,0.0,0.7301217682659626,0.20605006254077532,0.010754699514520691,0.005987772264034845,-0.004766927250485846,continuous_direct_verified,gamma_low,0.16761297137051803,0.7449181967022886,0.17170838545064612,0.0028650165484847556,0.014796428436326003,1.1999999999999997
2400,32373,0.17683828067965807,0.025,0.0,0.7262146055698395,0.270583188284686,0.015499492021908378,0.007331891703383869,-0.00816760031852451,continuous_direct_verified,gamma_low,0.17295811053629126,0.7464837200894876,0.2254859902372384,0.0038801701433668068,0.02026911451964808,1.1999999999999997
2401,8437,0.17839656881988053,0.025,0.0,0.6683818563818932,0.2586640732577847,0.01513488552483774,0.006698058132176972,-0.008436827392660768,continuous_direct_verified,gamma_low,0.17456974544547785,0.6872525168051465,0.21555339438148724,0.0038268233744026825,0.01887066042325336,1.2
2402,12085,0.17983969729393723,0.025,0.0,0.738195764273405,0.2993883777874503,0.01496457340821425,0.00797731829562641,-0.006987255112587841,continuous_direct_verified,gamma_low,0.17551411355531854,0.761079460049363,0.2494903148228753,0.004325583738618688,0.022883695775957946,1.2
2403,38357,0.17242655674926938,0.025,0.0,0.7165743418037891,0.27403697192893495,0.014869849171789523,0.007179144895044114,-0.007690704276745409,continuous_direct_verified,gamma_low,0.16858611730089543,0.7370966790846701,0.22836414327411247,0.00384043944837395,0.020522337280881042,1.2
2404,9349,0.16792035857215526,0.025,0.0,0.730760658532381,0.3752045844431884,0.015171286093049479,0.007512128530626758,-0.007659157562422721,continuous_direct_verified,a1_high,0.17293561705561944,0.7011027451630446,0.4376579333505057,0.00501525848346418,0.02965791336933643,1.166451454744348
2405,41029,0.17088426030240955,0.025,0.0,0.7391095660626887,0.4455182171374066,0.013821628149969135,0.006802791986880679,-0.0070188361630884565,continuous_direct_verified,m_low,0.17577490033158769,0.7091095660626887,0.5078410094761373,0.004890640029178134,0.030000000000000027,1.139888314195487
2406,34293,0.17798449797555804,0.025,0.0,0.6878174215555191,0.38122905031412696,0.01357664559161595,0.007311925570402651,-0.0062647200212133,continuous_direct_verified,a1_high,0.18298449797555805,0.6608207209806501,0.43920633068814163,0.0050000000000000044,0.026996700574868915,1.152079911869891
2407,5189,0.1708154072985053,0.025,0.0,0.7041874513030052,0.36312626636189865,0.01335687670472559,0.007299723558742554,-0.0060571531459830364,continuous_direct_verified,a1_high,0.17581990682009052,0.675916670876226,0.4234866008912497,0.005004499521585215,0.02827078042677922,1.166224093712887
2408,17237,0.17399853323586287,0.025,0.0,0.6979558639228344,0.8885362831682541,0.019737597032114793,0.0035926288238079507,-0.016144968208306843,continuous_direct_verified,m_low,0.1780227335378497,0.6679558639228343,0.9599170498551258,0.00402420030198683,0.030000000000000027,1.0803352300171123
2409,27637,0.17809511814266443,0.025,0.0,0.6775506995618343,0.9754864168053654,0.01230794746845731,0.003532528559938379,-0.008775418908518932,continuous_direct_verified,m_high,0.17413635386806153,0.7075506995618344,0.9042117849320782,0.0039587642746028995,0.030000000000000027,1.078825152537291
2410,9205,0.1781345625407994,0.025,0.0,0.746824113279581,0.6111246041160262,0.012125680654633514,0.005371002782425048,-0.006754677872208466,continuous_direct_verified,m_low,0.18271382481331067,0.716824113279581,0.6740667402600787,0.004579262272511264,0.030000000000000027,1.102993948730139
2411,42989,0.18155858884565534,0.025,0.0,0.7504267267882824,0.7386923444909471,0.012081332614996974,0.004533731408023646,-0.0075476012069733275,continuous_direct_verified,m_low,0.18589078507545878,0.7204267267882823,0.8036134478617308,0.004332196229803437,0.030000000000000027,1.0878865252292855
2412,33682,0.18277187659405175,0.025,0.0,0.8393859319388866,0.010103786264033916,0.005635758689714411,0.0044468704458362355,-0.0011888882438781754,continuous_direct_verified,gamma_high,0.18353196592054594,0.8356929755453161,0.019135186457587217,0.0007600893264941844,0.003692956393570479,1.8938629497441024
2413,22677,0.1750240127090365,0.025,0.0,0.799990064650774,0.010827090974640692,0.005449532235295,0.004263109354544379,-0.0011864228807506203,continuous_direct_verified,gamma_high,0.17582906060823789,0.7959950408441062,0.02074180352528231,0.0008050478992013832,0.00399502380666783,1.9157318963943266
2414,14613,0.17641891716048125,0.025,0.0,0.7598228581249713,0.010346230314668841,0.005317973658980159,0.0046438340933402725,-0.0006741395656398863,continuous_direct_verified,gamma_high,0.1771974933486815,0.7559114391988849,0.01981443504542023,0.000778576188200264,0.003911418926086374,1.9151357009061944
2415,16234,0.17507461984641853,0.025,0.0,0.8303625002503394,0.01175356987213688,0.00480785952888158,0.0022930031435814506,-0.0025148563853001297,continuous_direct_verified,gamma_high,0.17579921582721428,0.8271812511079768,0.0206383759702262,0.0007245959807957447,0.003181249142362619,1.7559240464594268
2416,4714,0.1742551436647773,0.025,0.0,0.824554693698883,0.0257976814756947,0.006301404135226023,0.003165035822154474,-0.003136368313071549,continuous_direct_verified,gamma_low,0.1733491967704096,0.82827735041961,0.014662219443677437,0.0009059468943676818,0.0037226567207270245,1.7594663328285565
2417,15050,0.17952354964800182,0.025,0.0,0.8010251075029373,0.02519509045651151,0.006069032091720178,0.0034220612270102328,-0.002646970864709945,continuous_direct_verified,gamma_low,0.1786219671087886,0.8045125591178931,0.014489965051975216,0.0009015825392132137,0.0034874516149557833,1.738795805658414
2418,43245,0.18203342952765528,0.025,0.0,0.7762365266680717,0.026342587201188598,0.005867758255946286,0.001085312756298575,-0.004782445499647711,continuous_direct_verified,gamma_low,0.18165144481285594,0.7778321251671739,0.02187931396457227,0.0003819847147993327,0.0015955984991021799,1.2039951181213182
2419,38570,0.17363501121290031,0.025,0.0,0.8080043569207191,0.022929171408731318,0.005749872438551115,0.004607626282919229,-0.0011422461556318863,continuous_direct_verified,gamma_high,0.17466744795525743,0.8040021702224516,0.035463761959137884,0.001032436742357118,0.0040021866982675736,1.5466656569034787
2420,15541,0.18108770987018946,0.025,0.0,0.7835938267409801,0.028518086923682875,0.0055830241952746435,0.0013794790304974829,-0.00420354516477716,continuous_direct_verified,gamma_high,0.18157555748020027,0.7815341009611244,0.034221704308419455,0.00048784761001080534,0.0020597257798556923,1.2000000000000002
2421,27757,0.18272579051554205,0.025,0.0,0.7914674550294876,0.0413434124115509,0.005472993086992725,0.0016780351756057919,-0.0037949579113869336,continuous_direct_verified,gamma_low,0.18213237548024272,0.7939853069147548,0.034452843676292415,0.0005934150352993328,0.0025178518852672083,1.2000000000000002
2422,1594,0.17008795323781672,0.025,0.0,0.8085265174508094,0.02920857316549604,0.00547254666504845,0.0013911771642255706,-0.004081369500822879,continuous_direct_verified,gamma_high,0.17055552239884778,0.8064152233394417,0.03505028779859525,0.0004675691610310506,0.0021112941113676786,1.2000000000000002
2423,21034,0.17235669400542977,0.025,0.0,0.824023425579071,0.04624044494490092,0.005456069554928456,0.0018579884210716594,-0.0035980811338567962,continuous_direct_verified,gamma_low,0.17173260744529625,0.8268461248078054,0.03853370412075076,0.0006240865601335188,0.002822699228734349,1.2000000000000002
2424,14906,0.1699593312572688,0.025,0.0,0.8280481867492199,0.07210129320771788,0.0076565483676633095,0.0027872992778073856,-0.004869249089855924,continuous_direct_verified,gamma_low,0.1689936499863626,0.8326169034762987,0.06008441100643156,0.0009656812709062101,0.004568716727078814,1.2000000000000002
2425,24885,0.1797479415778071,0.025,0.0,0.7885782912373542,0.06676657353695782,0.007209973012034453,0.002587252716683737,-0.004622720295350716,continuous_direct_verified,gamma_low,0.17879754769050787,0.7927738170321287,0.05563881128079818,0.0009503938872992279,0.004195525794774446,1.2000000000000002
2426,36074,0.17616783417761328,0.025,0.0,0.8371816575527191,0.07471375330053058,0.007059651501898511,0.0029782071620430774,-0.004081444339855434,continuous_direct_verified,gamma_low,0.1751311552364728,0.8419273980002782,0.06226146108377548,0.0010366789411404842,0.004745740447559044,1.2000000000000002
2427,29466,0.16669264012016358,0.025,0.0,0.8114542804658413,0.0745660735445964,0.006707136569457245,0.002785981735359611,-0.003921154834097634,continuous_direct_verified,gamma_low,0.16571010160577948,0.8161882425016892,0.062138394620496994,0.000982538514384096,0.004733962035847861,1.2000000000000002
2428,30090,0.1765641787555069,0.025,0.0,0.8261748470366002,0.11572595790239543,0.00909878735896283,0.00432674261439762,-0.00477204474456521,continuous_direct_verified,gamma_low,0.17493972723027282,0.8339096463576154,0.09643829825199618,0.0016244515252340774,0.007734799321015284,1.2000000000000002
2429,27541,0.17467532637529076,0.025,0.0,0.7936932779848576,0.1173089553234989,0.008879734444100285,0.004198429883101595,-0.004681304560998689,continuous_direct_verified,gamma_low,0.17303703442456025,0.8015271891670044,0.0977574627695824,0.0016382919507305083,0.007833911182146824,1.2000000000000002
2430,30189,0.18139243018813433,0.025,0.0,0.7958470739424228,0.1276992689094708,0.008863058304465017,0.004635530563908644,-0.004227527740556373,continuous_direct_verified,gamma_low,0.17953855236760707,0.8044761266564056,0.10641605742455902,0.001853877820527261,0.008629052713982732,1.1999999999999997
2431,40490,0.17218682342208924,0.025,0.0,0.8165830284357071,0.11394656932939258,0.008778345281577237,0.004155809524759147,-0.0046225357568180905,continuous_direct_verified,gamma_low,0.17062514256430947,0.8241800268712913,0.09495547444116047,0.0015616808577797736,0.007596998435584257,1.2000000000000002
2432,36106,0.17867286736145616,0.025,0.0,0.8219206348061561,0.19594975513176965,0.01203784005426016,0.00658344953491407,-0.0054543905193460895,continuous_direct_verified,gamma_low,0.17587382017289946,0.8361243715024635,0.16329146260980806,0.002799047188556697,0.014203736696307478,1.2
2433,5381,0.16939491624943914,0.025,0.0,0.7781787469983101,0.2112317116682394,0.011898194744141085,0.00639696374700204,-0.005501230997139044,continuous_direct_verified,gamma_low,0.1665122752751269,0.7935722966209029,0.17602642639019953,0.002882640974312234,0.015393549622592761,1.1999999999999997
2434,37653,0.1761912143789232,0.025,0.0,0.7581158235669136,0.1968377266271166,0.01162940784326121,0.0061175969330711745,-0.005511810910190036,continuous_direct_verified,gamma_low,0.17338282922311887,0.7722378501054101,0.16403143885593052,0.0028083851558043382,0.01412202653849648,1.1999999999999997
2435,18450,0.18160462770611052,0.025,0.0,0.8062198787927628,0.18224738514901132,0.01151129774347993,0.006212116852020093,-0.005299180891459838,continuous_direct_verified,gamma_low,0.17895139314009384,0.8192519616315314,0.15187282095750942,0.0026532345660166823,0.013032082838768555,1.2
2436,44341,0.17961569260805849,0.025,0.0,0.7960183128714562,0.2933986242164045,0.01583194326202635,0.0083695588546758,-0.00746238440735055,continuous_direct_verified,gamma_low,0.17543255505765534,0.818732933429655,0.24449885351367046,0.004183137550403143,0.02271462055819884,1.1999999999999997
2437,24429,0.18307276023551822,0.025,0.0,0.7976740956306457,0.32973693468258564,0.015263752976630894,0.0090422651042261,-0.006221487872404794,continuous_direct_verified,gamma_low,0.17832578490178996,0.8237393833057409,0.27478077890215474,0.004746975333728254,0.026065287675095195,1.1999999999999997
2438,16661,0.17650100532919172,0.025,0.0,0.7877185285091399,0.3593468452155874,0.014723260246951685,0.0081320816227531,-0.006591178624198585,continuous_direct_verified,a1_high,0.18150109954238863,0.7587522361493341,0.4190961223929137,0.005000094213196915,0.028966292359805856,1.166271884595175
2439,40437,0.1778918349184096,0.025,0.0,0.7694481380283833,0.26408689137246344,0.014647753488814422,0.0076012977800676935,-0.007046455708746729,continuous_direct_verified,gamma_low,0.17412125801754605,0.7894055281081016,0.2200724094770529,0.003770576900863548,0.019957390079718307,1.2
2440,3658,0.1805479841772467,0.025,0.0,0.8431883744895459,0.39580779316228704,0.0158602553870319,0.008210871038478293,-0.0076493843485536065,continuous_direct_verified,m_low,0.18554436304959881,0.8131883744895458,0.4557966957956451,0.004996378872352103,0.030000000000000027,1.151560690996202
2441,29141,0.17221402870491148,0.025,0.0,0.7642703108489513,0.37320199720221164,0.014486769972893346,0.007807478718847097,-0.006679291254046249,continuous_direct_verified,a1_high,0.17721545190536356,0.7347464879239821,0.4344774928365465,0.0050014232004520764,0.029523822924969134,1.1641885522952709
2442,35565,0.1824146769009531,0.025,0.0,0.7947049893438816,0.4489802504043977,0.014134884336572106,0.007291707005985225,-0.0068431773305868806,continuous_direct_verified,a1_high,0.18742159784812681,0.7647338964782306,0.5096788725673707,0.005006920947173726,0.029971092865650917,1.135192187425397
2443,14581,0.17834060285240416,0.025,0.0,0.7992541633546353,0.3874604530385134,0.013564317568104622,0.007949321376391764,-0.005614996191712858,continuous_direct_verified,a1_high,0.1833504327758849,0.7697347071715867,0.4476328799519082,0.00500982992348073,0.02951945618304863,1.155299531710953
2444,41362,0.1825373971834779,0.025,0.0,0.8334113389253617,0.6288544011086019,0.013095529967884002,0.0054720606256850055,-0.0076234693421989965,continuous_direct_verified,m_low,0.1869115401289962,0.8034113389253617,0.6890702914080596,0.0043741429455183,0.030000000000000027,1.0957549000107236
2445,16261,0.16771440710872415,0.025,0.0,0.7779157511889934,0.6302058757608743,0.012876748185250794,0.00504185880170117,-0.007834889383549624,continuous_direct_verified,m_low,0.17188162477981112,0.7479157511889933,0.6922971968494367,0.004167217671086965,0.030000000000000027,1.0985254556911215
2446,6933,0.17622339264489711,0.025,0.0,0.7658172622323036,0.6406984767360737,0.01185040860036016,0.0051293707401233336,-0.006721037860236827,continuous_direct_verified,m_low,0.18061035059530134,0.7358172622323036,0.703307462961966,0.004386957950404224,0.030000000000000027,1.0977198924287175
2447,36650,0.1728867202997208,0.025,0.0,0.8043151281774044,0.7145417271074076,0.011650365549579642,0.004580240996505897,-0.0070701245530737445,continuous_direct_verified,m_low,0.1769037470665321,0.7743151281774043,0.7768690285047462,0.004017026766811316,0.030000000000000027,1.0872269582486813
2448,29562,0.16805994743481278,0.025,0.0,0.920336715131998,0.015943716179557393,0.006400420362663336,0.003182609747091169,-0.0032178106155721672,continuous_direct_verified,gamma_high,0.16896803513830813,0.916168358870708,0.027598495038736272,0.0009080877034953472,0.004168356261289974,1.73099512860887
2449,26410,0.17275835187174382,0.025,0.0,0.9121094040572643,0.015079157485963753,0.006186992788400177,0.0031988993639338274,-0.00298809342446635,continuous_direct_verified,gamma_high,0.17365022992189794,0.9080547044077355,0.026228844692401825,0.0008918780501541157,0.004054699649528759,1.7394104887369617
2450,24338,0.18206458827480676,0.025,0.0,0.9112430214881897,0.010784782897879878,0.005876002406392172,0.003599925720503541,-0.0022760766858886308,continuous_direct_verified,gamma_high,0.18285540647681478,0.9076215167215808,0.0202300206745885,0.0007908182020080201,0.0036215047666089406,1.87579303785201
2451,33610,0.1811034023296088,0.025,0.0,0.8721610002219677,0.013741646939284256,0.005871117004308071,0.00558107744590327,-0.00029003955840480045,continuous_direct_verified,gamma_low,0.18089904747100907,0.8721610139778714,0.011451372449403545,0.0002043548585997368,1.3755903638390521e-08,1.2000000000000002
2452,34538,0.17643361049704254,0.025,0.0,0.8967267997562884,0.021308856906528777,0.006516515634225859,0.0010702571556455132,-0.005446258478580346,continuous_direct_verified,gamma_low,0.17611282757668453,0.8981044028416881,0.017379106320741036,0.0003207829203580037,0.0013776030853996923,1.2261192556891025
2453,44906,0.17504841228947043,0.025,0.0,0.9125413529574871,0.026183463721620816,0.006447046840613306,0.0035869765816501625,-0.0028600702589631436,continuous_direct_verified,gamma_low,0.17412226671339967,0.9162706805560844,0.014771443093754022,0.0009261455760707638,0.003729327598597343,1.7725731707751877
2454,25746,0.1832722352817655,0.025,0.0,0.919882120192051,0.0184016521631305,0.006340703440462772,0.0031932297951759634,-0.0031474736452868084,continuous_direct_verified,gamma_high,0.1842303049915659,0.9159410598611886,0.029649613168291483,0.000958069709800391,0.003941060330862389,1.611247343741089
2455,10890,0.17761286939494314,0.025,0.0,0.8880806736648083,0.027110694488185462,0.006335146189942208,0.006107933271354168,-0.0002272129185880399,continuous_direct_verified,gamma_high,0.17872609570252387,0.884040324945319,0.0403795006580505,0.0011132263075807336,0.004040348719489217,1.4894306995952258
2456,6730,0.18050806173123424,0.025,0.0,0.8646416366100311,0.028068517098495907,0.006600018692877474,0.0014795517290333337,-0.0051204669638441405,continuous_direct_verified,gamma_high,0.18098148560511398,0.8626304841616278,0.0336822205181951,0.00047342387387974694,0.0020111524484033305,1.2000000000000004
2457,17610,0.1800117062404752,0.025,0.0,0.9286761388182639,0.028834508032352667,0.006581488655273719,0.001613000850027073,-0.004968487805246646,continuous_direct_verified,gamma_high,0.18049465993809555,0.9266250373193067,0.03460140963882321,0.00048295369762035856,0.002051101498957264,1.2000000000000004
2458,47930,0.1704619456548244,0.025,0.0,0.9043285585939884,0.02876197520921644,0.006447401554353538,0.006408667469184422,-3.873408516911602e-05,continuous_direct_verified,gamma_high,0.17157319329662477,0.9001642674101924,0.04255983899813294,0.0011112476418003725,0.004164291183796021,1.4797258772580797
2459,5010,0.1827319405972958,0.025,0.0,0.9036906316876411,0.03045458127434216,0.006387124510099169,0.0016762768556887215,-0.0047108476544104475,continuous_direct_verified,gamma_high,0.1832507703689745,0.9015024607635557,0.036545497529210595,0.0005188297716786916,0.0021881709240854086,1.2
2460,28522,0.17505909907631578,0.025,0.0,0.8679608710110187,0.07156066246259014,0.008046107013609671,0.0029424785476554315,-0.005103628465954239,continuous_direct_verified,gamma_low,0.17407657145649102,0.8724802572942335,0.05963388538549178,0.000982527619824758,0.004519386283214799,1.2000000000000002
2461,22410,0.17695195842534306,0.025,0.0,0.8446692511439323,0.07329343805316114,0.007396048915245946,0.002958587508221909,-0.004437461407024038,continuous_direct_verified,gamma_low,0.17593174560210048,0.8493146080848459,0.06107786504430094,0.0010202128232425778,0.004645356940913614,1.2000000000000002
2462,12778,0.17551432708278303,0.025,0.0,0.9257452778518199,0.07351199444089562,0.007370151642510055,0.00319202988260713,-0.004178121759902925,continuous_direct_verified,gamma_low,0.1745063760469925,0.9303745719110291,0.06125999536741301,0.0010079510357905164,0.004629294059209199,1.2000000000000002
2463,26514,0.18299878379330042,0.025,0.0,0.8914885468780994,0.07728840357955588,0.0071246709283566325,0.0033260186559570374,-0.003798652272399595,continuous_direct_verified,gamma_low,0.18189036406028378,0.8963982882024966,0.06440700298296322,0.0011084197330166468,0.004909741324397143,1.2000000000000004
2464,27666,0.181825190782547,0.025,0.0,0.9050469666719436,0.11657158829987035,0.009416332712552915,0.0047977595403492605,-0.004618573172203655,continuous_direct_verified,gamma_low,0.18015440074172165,0.9128433225867302,0.09714299024989194,0.0016707900408253484,0.007796355914786557,1.2000000000000002
2465,14202,0.16781344488263134,0.025,0.0,0.9123950190842152,0.11828499000301199,0.009329451379004426,0.004627490914400119,-0.004701960464604307,continuous_direct_verified,gamma_low,0.16624922379835705,0.9203199831605922,0.09857082500250998,0.0015642210842742865,0.007924964076376995,1.2000000000000002
2466,39482,0.16994261480867864,0.025,0.0,0.888524416834116,0.12484545985860089,0.00901857544215209,0.004775065460019115,-0.004243509982132975,continuous_direct_verified,gamma_low,0.16826620076361085,0.896968660589702,0.10403788321550075,0.0016764140450677978,0.008444243755586056,1.2
2467,44362,0.18083446938544512,0.025,0.0,0.907441757619381,0.0959645913239378,0.008485430702342357,0.004056087858015948,-0.0044293428443264084,continuous_direct_verified,gamma_low,0.17947120143641115,0.9136932785650778,0.07997049276994815,0.0013632679490339639,0.006251520945696809,1.2000000000000002
2468,13842,0.18151944172568624,0.025,0.0,0.9266031488776206,0.20857205108136376,0.012970738145418628,0.007665934127022422,-0.005304804018396205,continuous_direct_verified,gamma_low,0.1785288060854497,0.9420573768332956,0.17381004256780314,0.0029906356402365497,0.01545422795567497,1.2
2469,23994,0.17124945535324515,0.025,0.0,0.9075393885374069,0.20215759367298297,0.01213942070986019,0.00708443097442367,-0.005054989735436519,continuous_direct_verified,gamma_low,0.16851006334291013,0.9223984154868844,0.1684646613941525,0.0027393920103350178,0.014859026949477494,1.1999999999999997
2470,34090,0.17256673793308439,0.025,0.0,0.8639561250805854,0.20751489287282632,0.011967832036918837,0.006971577956807355,-0.004996254080111482,continuous_direct_verified,gamma_low,0.16972174862335898,0.8792383948756523,0.17292907739402197,0.002844989309725404,0.01528226979506686,1.1999999999999997
2471,13306,0.1688139993697405,0.025,0.0,0.8731822885572911,0.21503394552273933,0.011866410848574656,0.007097178985939165,-0.0047692318626354905,continuous_direct_verified,gamma_low,0.16593413352880051,0.8891296739224562,0.1791949546022828,0.0028798658409399935,0.015947385365165156,1.2
2472,46282,0.18004266046918932,0.025,0.0,0.9048756472766399,0.30928619499620225,0.016369763144948226,0.009530837921253203,-0.0068389252236950235,continuous_direct_verified,gamma_low,0.17570019001310988,0.9295942363905212,0.25773849583016856,0.004342470456079439,0.02471858911388125,1.2
2473,22762,0.17605056897737087,0.025,0.0,0.9098555870354176,0.3280565074061681,0.016192248711346124,0.009627839850000106,-0.006564408861346018,continuous_direct_verified,m_low,0.18102460729128195,0.8798555870354176,0.3880535476569558,0.004974038313911078,0.030000000000000027,1.182886298233082
2474,1642,0.17449678611010316,0.025,0.0,0.8957646362483501,0.32514380084332045,0.01578173814023422,0.009489756598965214,-0.006291981541269006,continuous_direct_verified,gamma_low,0.17008641000484925,0.9219626749962687,0.2709531673694337,0.00441037610525391,0.026198038747918595,1.2
2475,18186,0.17834646683186295,0.025,0.0,0.9114465273916721,0.2751773351363473,0.015618621989929856,0.008924374093937149,-0.0066942478959927075,continuous_direct_verified,gamma_low,0.17449481303454087,0.9329777891751835,0.2293144459469561,0.00385165379732208,0.02153126178351139,1.2
2476,22314,0.17280612033791842,0.025,0.0,0.884356254339218,0.37970607134428674,0.016821118110393305,0.008403890925354372,-0.008417227185038933,continuous_direct_verified,m_low,0.17754990471183282,0.854356254339218,0.43908194306853393,0.0047437843739144,0.030000000000000027,1.1563732481654474
2477,29626,0.1707653779536486,0.025,0.0,0.8722586311399936,0.3871136937081679,0.01626319093651081,0.00815618343827139,-0.00810700749823942,continuous_direct_verified,m_low,0.1754506949852774,0.8422586311399936,0.4465805519859265,0.004685317031628805,0.030000000000000027,1.1536160028546774
2478,36202,0.17524628513492646,0.025,0.0,0.9067392081022262,0.44626620683676504,0.015885818573893103,0.007524040549231261,-0.008361778024661842,continuous_direct_verified,m_low,0.17979314791128534,0.8767392081022262,0.5044012574280863,0.004546862776358879,0.030000000000000027,1.1302698920525385
2479,1866,0.18115615230053667,0.025,0.0,0.912082365900278,0.5044129714295019,0.015379641774318976,0.0069226443367535525,-0.008456997437565424,continuous_direct_verified,m_low,0.18566016375417904,0.882082365900278,0.56206173095687,0.004504011453642376,0.030000000000000027,1.1142888125259585
2480,5450,0.18090965966694061,0.025,0.0,0.8903419323265552,0.6008539947931328,0.013872617523816164,0.005789544283488445,-0.00808307324032772,continuous_direct_verified,m_low,0.18518580559808803,0.8603419323265552,0.6592453522302198,0.004276145931147418,0.030000000000000027,1.0971806095042949
2481,35642,0.17041360498405994,0.025,0.0,0.8765250220894814,0.6294691342211856,0.013015101983473073,0.0052624196862006934,-0.00775268229727238,continuous_direct_verified,m_low,0.17439868726936159,0.8465250220894813,0.6884234114707367,0.003985082285301644,0.030000000000000027,1.0936571374901372
2482,30522,0.17058618739247322,0.025,0.0,0.9109754987061024,0.6598749014797125,0.012434688317044576,0.0050572418964886425,-0.007377446420555933,continuous_direct_verified,m_low,0.17443897684660042,0.8809754987061024,0.7181699644113531,0.0038527894541272034,0.030000000000000027,1.0883425976664953
2483,40810,0.17509162211790685,0.025,0.0,0.8909800171852111,0.6671281341153803,0.012204323694130041,0.005071448495727977,-0.007132875198402064,continuous_direct_verified,m_low,0.17906863430311618,0.8609800171852111,0.7260616216685438,0.003977012185209322,0.030000000000000027,1.088339082912925
2484,5866,0.176471489854157,0.025,0.0,0.9602533787488937,0.015249560014288236,0.006779123841702465,0.003702204286112455,-0.00307691955559001,continuous_direct_verified,gamma_high,0.17737710105675392,0.9561266937111321,0.02637662833184644,0.0009056112025969121,0.0041266850377615905,1.7296648760444615
2485,35090,0.18223886257037525,0.025,0.0,1.0000637762248514,0.011504643752233186,0.006385340764552651,0.0053127904776279255,-0.0010725502869247255,continuous_direct_verified,gamma_high,0.18244417952233294,1.0000637635107057,0.013805572502679825,0.00020531695195769029,1.2714145736225646e-08,1.2000000000000002
2486,12458,0.17408008077181877,0.025,0.0,0.9513475202023983,0.010154811418360719,0.006127990404564321,0.003916658499626011,-0.0022113319049383105,continuous_direct_verified,gamma_high,0.17483603591477972,0.9476737666447197,0.019630282719751927,0.0007559551429609512,0.0036737535576786273,1.9331016511304968
2487,28426,0.17844333816319707,0.025,0.0,0.9518183104693889,0.01629533111517151,0.006060629866896606,0.003226886915886314,-0.0028337429510102924,continuous_direct_verified,gamma_high,0.1793494290589442,0.9479091567928136,0.027266049438655994,0.0009060908957471137,0.003909153676575294,1.673243044031819
2488,20938,0.17933602216653527,0.025,0.0,1.0002823978662492,0.0243769839329424,0.006945077440878269,0.004759073545399415,-0.002186003895478854,continuous_direct_verified,gamma_high,0.18042995422844466,0.9961411924961807,0.03741800324665636,0.0010939320619093862,0.004141205370068457,1.5349726344156416
2489,30778,0.16959636313840748,0.025,0.0,0.9367753088474273,0.024620338690461548,0.006893081512262345,0.0028474804608962746,-0.0040456010513660705,continuous_direct_verified,gamma_low,0.16879175304971877,0.9403876538786918,0.014323738656147549,0.0008046100886887064,0.003612345031264508,1.7188486387172976
2490,8058,0.16788293980062008,0.025,0.0,0.9524674318730831,0.021365599459418762,0.006728255880315321,0.003995348615356698,-0.0027329072649586233,continuous_direct_verified,gamma_high,0.1688913985203205,0.9482337118536006,0.03423325255486244,0.001008458719700428,0.004233720019482523,1.6022603353528249
2491,38794,0.17696407516486945,0.025,0.0,0.9998958528041839,0.026592269402953495,0.006696251177105443,0.004643502545671502,-0.002052748631433941,continuous_direct_verified,gamma_high,0.17799895782878974,0.9959479198789476,0.03908123899564816,0.0010348826639202946,0.003947932925236319,1.4696466256207363
2492,21258,0.1786085790023208,0.025,0.0,0.9838775470852852,0.04022507018993745,0.0067923400806718884,0.0019466717135915134,-0.004845668367080375,continuous_direct_verified,gamma_low,0.1780530464117788,0.9862534683054592,0.03352089182494787,0.0005555325905420017,0.0023759212201740487,1.2000000000000002
2493,38218,0.18090499890968204,0.025,0.0,1.0163014456629753,0.038344528877811986,0.006788026203404267,0.0019293983916421056,-0.004858627811762162,continuous_direct_verified,gamma_low,0.18036898519411926,1.018537852392409,0.031953774064843316,0.0005360137155627775,0.002236406729433593,1.2000000000000002
2494,28666,0.16866031801328063,0.025,0.0,0.975765785574913,0.03501871396930779,0.006569617365149773,0.001937270596950187,-0.004632346768199586,continuous_direct_verified,gamma_high,0.1692105016000129,0.9732689858639813,0.04202245676316935,0.0005501835867322835,0.002496799710931752,1.2000000000000002
2495,27962,0.17027580258436503,0.025,0.0,1.0093585148453712,0.028012915073977927,0.006321651548540267,0.006321625436787797,-2.6111752470317495e-08,continuous_direct_verified,gamma_low,0.16887366737312826,1.0159999925354957,0.01,0.0014021352112367769,0.006641477690124464,2.8012915073977926
2496,44434,0.18267232067883016,0.025,0.0,0.9810144409537315,0.07047540495512908,0.008696353809424195,0.003316910415913885,-0.00537944339351031,continuous_direct_verified,gamma_low,0.1816692503681398,0.9853898528919637,0.05872950412927423,0.0010030703106903571,0.00437541193823221,1.2
2497,32266,0.17775264908559624,0.025,0.0,0.9647942125797272,0.07664005035744537,0.008529240767662344,0.0034621032623923754,-0.005067137505269968,continuous_direct_verified,gamma_low,0.1766894241565848,0.9696141454150141,0.06386670863120447,0.0010632249290114248,0.004819932835286922,1.2
2498,6474,0.1807839260902256,0.025,0.0,0.9490899465978145,0.06621073056618773,0.008319813669379839,0.0030257479641398106,-0.005294065705240028,continuous_direct_verified,gamma_low,0.1798514138388872,0.9532020067715726,0.05517560880515643,0.000932512251338391,0.004112060173758092,1.2000000000000004
2499,46202,0.16754679097793998,0.025,0.0,1.0037445284426212,0.07502543581047115,0.00788722920379902,0.003372285544693021,-0.004514943659105999,continuous_direct_verified,gamma_low,0.16656672311162177,1.008414110238341,0.06252119650872595,0.0009800678663182127,0.004669581795719857,1.2000000000000002
2500,11018,0.17852537101134658,0.025,0.0,0.9683887980878353,0.12325367238877774,0.010585413520215596,0.0052513818796253485,-0.005334031640590248,continuous_direct_verified,gamma_low,0.17679521067678328,0.9766616337166436,0.10271139365731478,0.001730160334563302,0.008272835628808317,1.2
2501,47434,0.18080350998789074,0.025,0.0,0.9847555287182331,0.11665918835101861,0.009473154227953254,0.005131161995833491,-0.004341992232119764,continuous_direct_verified,gamma_low,0.17914705173498627,0.9925010736865901,0.0972159902925155,0.0016564582529044747,0.007745544968356999,1.2000000000000002
2502,34954,0.1773737786803395,0.025,0.0,1.0120516024529933,0.08785491352862931,0.009281560093520597,0.004062754696924218,-0.005218805396596379,continuous_direct_verified,gamma_low,0.17615575404972988,1.0176159905042461,0.07321242794052442,0.0012180246306096043,0.005564388051252811,1.2000000000000002
2503,17402,0.16885107140988115,0.025,0.0,1.0190306626260281,0.11455404112411252,0.009241309455721144,0.004958703227036225,-0.0042826062286849195,continuous_direct_verified,gamma_low,0.16733316984902685,1.0265840810979328,0.09546170093676042,0.0015179015608542956,0.007553418471904605,1.2000000000000002
2504,31018,0.17268825387582185,0.025,0.0,0.9485441096127033,0.19884569519973788,0.013186364766259761,0.007296760679353078,-0.005889604086906683,continuous_direct_verified,gamma_low,0.16997802322758357,0.9631456528084663,0.16570474599978158,0.0027102306482382765,0.014601543195763012,1.2
2505,17546,0.17727714497596025,0.025,0.0,1.0038422100245952,0.2150986443352293,0.013029923666748258,0.008204761715514666,-0.004825161951233592,continuous_direct_verified,gamma_low,0.1742744185639946,1.0198704310167745,0.17924887027935776,0.003002726411965667,0.016028220992179376,1.2
2506,8978,0.18193784831091764,0.025,0.0,1.005387118458748,0.18953768098996912,0.012148233355969063,0.0076583057852195775,-0.004489927570749485,continuous_direct_verified,gamma_low,0.17921996191840578,1.0191453753905835,0.15794806749164095,0.002717886392511859,0.013758256931835522,1.2
2507,39594,0.17385231540538373,0.025,0.0,0.9556889951229095,0.193197031534008,0.012082062694098188,0.0072262971421744255,-0.0048557655519237625,continuous_direct_verified,gamma_low,0.17120156214252566,0.9697790008802115,0.16099752627834002,0.0026507532628580743,0.014090005757302015,1.1999999999999997
2508,24978,0.1825480789411813,0.025,0.0,0.9845363333821296,0.3096083154416583,0.017244293764708922,0.010259007538973594,-0.006985286225735328,continuous_direct_verified,gamma_low,0.178157021968899,1.0095195686751643,0.25800692953471527,0.0043910569722823145,0.0249832352930347,1.2
2509,394,0.17684586350806059,0.025,0.0,0.9626078411936759,0.34201436384208217,0.016505635352255545,0.009660414895613837,-0.006845220456641708,continuous_direct_verified,m_low,0.18171475367190557,0.9326078411936759,0.40098952197708976,0.00486889016384498,0.030000000000000027,1.1724347406714126
2510,46098,0.1817434642929584,0.025,0.0,0.9812802664935588,0.23709655241375616,0.016237806434652592,0.00874256020804393,-0.007495246226608663,continuous_direct_verified,gamma_low,0.17835510140345479,0.9993357813036327,0.19758046034479682,0.0033883628895036155,0.018055514810073836,1.2
2511,37962,0.18024039012379944,0.025,0.0,0.9670396231114864,0.2583854274679,0.016017205933846944,0.009066664258073481,-0.0069505416757734625,continuous_direct_verified,gamma_low,0.17658621465966587,0.9870706219896348,0.21532118955658336,0.0036541754641335744,0.02003099887814841,1.2
2512,17994,0.18065959732048215,0.025,0.0,0.9874372966587543,0.473852082916884,0.016393237931670523,0.007549139644679023,-0.008844098286991502,continuous_direct_verified,m_low,0.18513145664779407,0.9574372966587543,0.5303267451024434,0.004471859327311922,0.030000000000000027,1.1191820490434887
2513,43178,0.1741659602150321,0.025,0.0,1.011169046908617,0.4728521120764505,0.015809364212403452,0.007438513209649311,-0.008370851002754141,continuous_direct_verified,m_low,0.17845450979712807,0.981169046908617,0.5289890156765776,0.004288549582095957,0.030000000000000027,1.118719790324318
2514,1938,0.18297554552555084,0.025,0.0,0.9759869851171971,0.3704800163629815,0.01576536092358868,0.009374542461347165,-0.006390818462241515,continuous_direct_verified,m_low,0.18788079795503496,0.945986985117197,0.42859312551038414,0.004905252429484114,0.030000000000000027,1.1568589575165256
2515,3946,0.17503083669580521,0.025,0.0,0.9520659305155277,0.45331907528332177,0.015320966942965477,0.007569939337053501,-0.007751027605911976,continuous_direct_verified,m_low,0.17947192355975866,0.9220659305155277,0.5105267563228287,0.004441086863953447,0.030000000000000027,1.126197383164943
2516,15378,0.1817661830224097,0.025,0.0,0.9924485974013805,0.7117323674523894,0.014323379151382376,0.0049550848110229365,-0.00936829434035944,continuous_direct_verified,m_low,0.1856269026750259,0.9624485974013804,0.768575325324829,0.0038607196526161958,0.030000000000000027,1.0798656355561096
2517,10826,0.18047400717623535,0.025,0.0,0.9427859835326672,0.6222697977810732,0.0128165109822133,0.005661001134106912,-0.007155509848106388,continuous_direct_verified,m_low,0.18458494875803705,0.9127859835326672,0.6794622141086356,0.004110941581801697,0.030000000000000027,1.091909355928092
2518,35018,0.1799149347934872,0.025,0.0,0.9368729904294014,0.6552902600509724,0.012697318707136147,0.005334046392716606,-0.007363272314419541,continuous_direct_verified,m_low,0.18394395330150706,0.9068729904294014,0.7128858058413972,0.0040290185080198715,0.030000000000000027,1.0878931815436181
2519,41066,0.1746465276926756,0.025,0.0,0.938340662419796,0.7423500328830605,0.012518298281357119,0.004539219363023439,-0.00797907891833368,continuous_direct_verified,m_low,0.17836691798043525,0.9083406624197959,0.8008973707142978,0.0037203902877596395,0.030000000000000027,1.078867562790908
2520,5482,0.1753435103222728,0.025,0.0,1.055719332396984,0.011066486157545413,0.007144866541728523,0.004816553709009121,-0.002328312832719402,continuous_direct_verified,gamma_high,0.1755333110262373,1.0557193215952558,0.013279783389054497,0.00018980070396448778,1.0801728178577719e-08,1.2000000000000002
2521,27282,0.18332993225194516,0.025,0.0,1.0949161693453788,0.011018968324175779,0.006871937254843596,0.00407482858887588,-0.0027971086659677154,continuous_direct_verified,gamma_high,0.1841240844414455,1.0914580908146507,0.020448482794216804,0.0007941521895003523,0.0034580785307281037,1.8557529337254315
2522,11658,0.17666868935339153,0.025,0.0,1.0316476710140705,0.011238484331580543,0.006866242963104791,0.004549759160821736,-0.0023164838022830554,continuous_direct_verified,gamma_high,0.17746884130015653,1.0278238432632778,0.021132189443849713,0.0008001519467649987,0.0038238277507927076,1.880341585249846
2523,16442,0.1696760641410947,0.025,0.0,1.0392872214317321,0.010958809511169483,0.006513447458688469,0.004280439922373367,-0.0022330075363151012,continuous_direct_verified,gamma_high,0.17040854047068388,1.03564361765469,0.02039258645133196,0.0007324763295891712,0.0036436037770422036,1.8608395766481152
2524,2218,0.17414634726010264,0.025,0.0,1.072566672414541,0.027310249009853547,0.007783240808580838,0.004455918666008056,-0.0033273221425727823,continuous_direct_verified,gamma_low,0.17315935012901754,1.076283341215489,0.01508593412715641,0.0009869971310851045,0.0037166688009480087,1.810312094674467
2525,29074,0.18251966121606533,0.025,0.0,1.048128992319107,0.02155271458992238,0.007698950017224433,0.004566383824983634,-0.0031325661922407995,continuous_direct_verified,gamma_high,0.18361280655269394,1.0440644911530879,0.0343828293521186,0.0010931453366286037,0.0040645011660191965,1.5952899672413112
2526,39658,0.1762813194189221,0.025,0.0,1.080541045218706,0.0258692705826558,0.007644664774925706,0.0015827392828659408,-0.0060619254920597655,continuous_direct_verified,gamma_low,0.17587571258152268,1.0822015146705943,0.02089353089970007,0.0004056068373994304,0.0016604694518882468,1.2381473819261042
2527,24058,0.16847941740415992,0.025,0.0,1.03279145732522,0.02710361077626143,0.007406353951573406,0.004700691671454278,-0.0027056622801191277,continuous_direct_verified,gamma_low,0.16753522631196643,1.03639573516334,0.015028753215921729,0.000944191092193486,0.003604277838120007,1.803450385195452
2528,30866,0.1831200961954892,0.025,0.0,1.104425735771656,0.03119580140301002,0.007820343797535633,0.002042141446067016,-0.005778202351468618,continuous_direct_verified,gamma_high,0.18365223677050407,1.1023096745592256,0.037434961683612024,0.0005321405750148833,0.0021160612124304645,1.2
2529,234,0.17600985472090547,0.025,0.0,1.104393921047449,0.03953376003508081,0.007263742916299214,0.0024846770786503733,-0.00477906583764884,continuous_direct_verified,gamma_high,0.1766603357322119,1.1016652248931444,0.047440512042096976,0.0006504810113064363,0.0027286961543044885,1.2000000000000002
2530,458,0.17927486752159894,0.025,0.0,1.0878808669745923,0.045386414952409325,0.007176857503961264,0.002382617675829446,-0.004794239828131819,continuous_direct_verified,gamma_low,0.1786439135154231,1.0904892959671846,0.0378220124603411,0.0006309540061758268,0.002608428992592282,1.2000000000000002
2531,44458,0.1734412227291614,0.025,0.0,1.0961364157497884,0.03745627532865976,0.007054852548026195,0.002323832011948965,-0.00473102053607723,continuous_direct_verified,gamma_high,0.17404784193850648,1.0935561953696809,0.04494753039439173,0.0006066192093450717,0.002580220380107523,1.2000000000000004
2532,1130,0.17471615266986193,0.025,0.0,1.0686951883137226,0.07458555933293945,0.009242663356980948,0.0036390688772766394,-0.005603594479704309,continuous_direct_verified,gamma_low,0.1736996472433194,1.0732596859698262,0.06215463277744953,0.0010165054265425244,0.004564497656103672,1.2000000000000002
2533,2426,0.1683442181441933,0.025,0.0,1.1091082587838172,0.0765739369306663,0.009201760382157562,0.003744769604711507,-0.0054569907774460556,continuous_direct_verified,gamma_low,0.16733682319273344,1.1137440103778802,0.06381161410888858,0.001007394951459878,0.004635751594062931,1.2000000000000002
2534,21010,0.18129424289800228,0.025,0.0,1.1015649311244489,0.07632007456227677,0.008984271026053339,0.0039065127387512225,-0.005077758287302116,continuous_direct_verified,gamma_low,0.1802133292563695,1.1061948562875343,0.06360006213523063,0.0010809136416327914,0.004629925163085469,1.2000000000000002
2535,38442,0.17230567405931654,0.025,0.0,1.084457769244909,0.07071475970417188,0.008587947299551096,0.0034783399694883485,-0.0051096073300627475,continuous_direct_verified,gamma_low,0.1713554200212467,1.0887265416620513,0.058928966420143225,0.0009502540380698365,0.004268772417142186,1.2000000000000002
2536,22930,0.18246783311478798,0.025,0.0,1.0886229291558265,0.11932146022037862,0.011150630194660156,0.005710978636903017,-0.005439651557757139,continuous_direct_verified,gamma_low,0.18075636213889507,1.0964284365563384,0.09943455018364884,0.0017114709758929147,0.007805507400511891,1.2000000000000002
2537,18410,0.17593384315259758,0.025,0.0,1.0970144823193548,0.12544101551280998,0.010827672827246344,0.005839329024710013,-0.004988343802536331,continuous_direct_verified,gamma_low,0.17419731737056177,1.1052764006143025,0.10453417959400833,0.0017365257820358138,0.008261918294947712,1.1999999999999997
2538,7818,0.1775668373797089,0.025,0.0,1.025450424104929,0.12140812111618227,0.010799558084907769,0.005416277282461152,-0.005383280802446617,continuous_direct_verified,gamma_low,0.17587353477766604,1.03351620206692,0.10117343426348523,0.0016933026020428676,0.008065777961991039,1.2
2539,44986,0.170915700821206,0.025,0.0,1.1049486421048642,0.12636420563471298,0.010759418562457301,0.00579106551125983,-0.004968353051197471,continuous_direct_verified,gamma_low,0.16921557205953064,1.1132626497646587,0.10530350469559416,0.0017001287616753569,0.008314007659794509,1.2
2540,914,0.18277638116851452,0.025,0.0,1.066477745771408,0.21112613673371153,0.014850384352181735,0.008673111732220082,-0.0061772726199616525,continuous_direct_verified,gamma_low,0.17973596783037304,1.0820853673585655,0.17593844727809296,0.003040413338141479,0.01560762158715745,1.1999999999999997
2541,39930,0.1689316185656935,0.025,0.0,1.0923090815544128,0.18093141335796992,0.013653272496011374,0.007506517615969641,-0.006146754880041733,continuous_direct_verified,gamma_low,0.16651991838764418,1.1051830744516655,0.1507761777983083,0.002411700178049314,0.012873992897252773,1.1999999999999997
2542,22778,0.1692035743035376,0.025,0.0,1.072458628565073,0.2066449730895303,0.013627875463201478,0.008133994686916717,-0.005493880776284762,continuous_direct_verified,gamma_low,0.1664477001578049,1.087650427220243,0.17220414424127528,0.002755874145732695,0.015191798655169952,1.1999999999999997
2543,1418,0.17660091328434646,0.025,0.0,1.0784891329705715,0.1949514673865403,0.013474670323981358,0.008086557115133964,-0.005388113208847394,continuous_direct_verified,gamma_low,0.17388574145891394,1.0926152544118366,0.16245955615545027,0.0027151718254325163,0.014126121441265127,1.1999999999999997
2544,30458,0.16925050304271283,0.025,0.0,1.107336553931236,0.3415407919210713,0.01821058584089525,0.01015855054465338,-0.00805203529624187,continuous_direct_verified,m_low,0.173820479935628,1.077336553931236,0.39934059601499566,0.004569976892915162,0.030000000000000027,1.1692325059294284
2545,23082,0.17240230748429897,0.025,0.0,1.0809480361640453,0.30994026244868056,0.017011984984606363,0.010553104023119427,-0.006458880961486935,continuous_direct_verified,gamma_low,0.1682470566523865,1.1060567655926097,0.25828355204056713,0.004155250831912455,0.025108729428564347,1.2
2546,46994,0.1829455845523626,0.025,0.0,1.0767704643309117,0.3005296624822559,0.016906218418861706,0.010804691101702945,-0.006101527317158762,continuous_direct_verified,gamma_low,0.1786625688658929,1.1009556613917117,0.25044138540187993,0.004283015686469688,0.024185197060800023,1.1999999999999997
2547,842,0.18109888909384608,0.025,0.0,1.0462009608745575,0.2773125101159025,0.016559088610121016,0.010059451522592789,-0.006499637087528227,continuous_direct_verified,gamma_low,0.17717252748078238,1.0680893655087822,0.23109375842991878,0.0039263616130637,0.0218884046342247,1.2
2548,9362,0.1832752259448171,0.025,0.0,1.044520666450262,0.4224895675284884,0.01854076019512237,0.008686906214724968,-0.009853853980397401,continuous_direct_verified,m_low,0.18793334778659154,1.014520666450262,0.47889647930186696,0.004658121841774443,0.030000000000000027,1.1335107801675484
2549,47562,0.17919967500492934,0.025,0.0,1.1080854415893553,0.37890482899170613,0.01696351444699777,0.009705753785033244,-0.007257760661964527,continuous_direct_verified,m_low,0.1838846033272691,1.0780854415893553,0.43566889235541945,0.004684928322339771,0.030000000000000027,1.1498108733920513
2550,23978,0.17348219193518163,0.025,0.0,1.0699364304542542,0.4027847869011034,0.016940186397689537,0.008819881338149586,-0.00812030505953995,continuous_direct_verified,m_low,0.17794287084948102,1.0399364304542542,0.4592855910837174,0.004460678914299382,0.030000000000000027,1.1402754175928862
2551,10362,0.16769213359802965,0.025,0.0,1.0995524361729623,0.36371318204304476,0.01595617771349518,0.009540630057708485,-0.006415547655786696,continuous_direct_verified,m_low,0.1721317230198493,1.0695524361729623,0.420877386682416,0.004439589421819656,0.030000000000000027,1.1571683608448537
2552,12042,0.17843606490641833,0.025,0.0,1.078020142018795,0.6834920735901224,0.014408728594295392,0.005209902899346405,-0.009198825694948986,continuous_direct_verified,m_low,0.18220472644832325,1.048020142018795,0.738433281387217,0.0037686615419049163,0.030000000000000027,1.0803830942888766
2553,29306,0.1673764424864203,0.025,0.0,1.0711602687835693,0.6449048302295921,0.012918454913417775,0.005310539633566752,-0.007607915279851022,continuous_direct_verified,m_low,0.1710012847370452,1.0411602687835693,0.6997677131379394,0.003624842250624899,0.030000000000000027,1.0850712854620976
2554,22250,0.17648795414716006,0.025,0.0,1.084819445759058,0.6324739577269292,0.012355214986147355,0.00566923435132431,-0.006685980634823044,continuous_direct_verified,m_low,0.1803303177382924,1.054819445759058,0.6870852771231625,0.003842363591132325,0.030000000000000027,1.086345562104253
2555,34218,0.17338310261256995,0.025,0.0,1.0437283240258695,0.6735770663848949,0.01213898780317385,0.005151993642350802,-0.006986994160823049,continuous_direct_verified,m_low,0.17709613523443696,1.0137283240258694,0.7290740066399078,0.0037130326218670073,0.030000000000000027,1.0823913743869968
2556,32970,0.17981410357169808,0.025,0.0,1.1672377683222295,0.010648090842306859,0.007776617525249336,0.004355545585173738,-0.0034210719400755976,continuous_direct_verified,gamma_high,0.18000155370890794,1.1672377585715372,0.012777709010768232,0.00018745013720986026,9.750692253618354e-09,1.2000000000000002
2557,40122,0.17173831560648978,0.025,0.0,1.1111458472907543,0.010313433048514268,0.006932190733083983,0.00426011588623726,-0.002672074846846723,continuous_direct_verified,gamma_high,0.17191150766912128,1.111145838153647,0.012376119658217123,0.00017319206263149978,9.137107293000213e-09,1.2000000000000002
2558,14890,0.17241411898285153,0.025,0.0,1.190443619340658,0.01144663497045597,0.006923688595766442,0.003793263988848228,-0.003130424606918214,continuous_direct_verified,gamma_high,0.17316362940314495,1.1872218139241897,0.020841527216212814,0.00074951042029342,0.0032218054164683263,1.8207558177582563
2559,23466,0.17331492505036297,0.025,0.0,1.1505216501653193,0.010375259568669078,0.0067013916943959,0.004014972783920927,-0.0026864189104749735,continuous_direct_verified,gamma_high,0.17403387325646405,1.1472608308114123,0.019390549139304398,0.0007189482061010777,0.003260819353906985,1.8689218338073623
2560,3914,0.18118342394009235,0.025,0.0,1.192449428141117,0.02459910083550686,0.008794584165965751,0.008426140678200127,-0.0003684434877656243,continuous_direct_verified,gamma_low,0.18081813875019176,1.1924494467981916,0.020499250696255713,0.0003652851899005882,1.86570745519532e-08,1.2000000000000002
2561,40202,0.17863060832023625,0.025,0.0,1.1606468319892884,0.02415476453807489,0.00865981488380591,0.008391900872984161,-0.00026791401082174905,continuous_direct_verified,gamma_low,0.17827736083069123,1.1606468504299123,0.020128970448395737,0.0003532474895450166,1.8440623916760046e-08,1.2000000000000002
2562,30794,0.1801286838017404,0.025,0.0,1.1840773299336433,0.022887215719926624,0.008366632438854616,0.004913297005891566,-0.00345333543296305,continuous_direct_verified,gamma_high,0.1812596601331391,1.180038661285596,0.03625660243178127,0.001130976331398692,0.004038668648047361,1.5841421200139545
2563,20714,0.1760229441802949,0.025,0.0,1.1919907674193382,0.021275327723244142,0.007751996435502004,0.004476666109405951,-0.003275330326096053,continuous_direct_verified,gamma_high,0.17708584642479933,1.1879953822318001,0.03416085659757757,0.0010629022445044212,0.003995385187538059,1.6056559523760225
2564,40082,0.18320446829311554,0.025,0.0,1.1522253662347794,0.040684782518326607,0.008055274175647381,0.002289517340073117,-0.005765756835574265,continuous_direct_verified,gamma_low,0.18262550011493114,1.1544844146033308,0.03390398543193883,0.0005789681781843969,0.0022590483685513973,1.2000000000000004
2565,37994,0.17467367751523855,0.025,0.0,1.1759724825620652,0.04433817073525998,0.007732559798991093,0.0024446364158393578,-0.005287923383151735,continuous_direct_verified,gamma_low,0.17407060886800418,1.178423598161255,0.03694847561271664,0.0006030686472343616,0.002451115599189757,1.2000000000000002
2566,1274,0.16906673666089775,0.025,0.0,1.1764940232038499,0.03618405635764063,0.007716316566486564,0.006661863253759049,-0.0010544533127275152,continuous_direct_verified,gamma_high,0.1702669939450096,1.1722470022231044,0.05115042519171606,0.0012002572841118553,0.004247020980745475,1.4136177736998004
2567,45306,0.16911726123653353,0.025,0.0,1.1677574999630451,0.0452029395711763,0.007406055628796415,0.002869233139332548,-0.004536822489463866,continuous_direct_verified,gamma_high,0.16983587964934826,1.1646825796758975,0.054243527485411565,0.000718618412814731,0.00307492028714762,1.2000000000000002
2568,34634,0.18115149629302324,0.025,0.0,1.181279571354389,0.07624669289463253,0.010128016924949083,0.004132049611661977,-0.005995967313287106,continuous_direct_verified,gamma_low,0.1800677365973818,1.1857577830249568,0.06353891074552709,0.0010837596956414508,0.004478211670567722,1.2000000000000004
2569,9490,0.1823661838192493,0.025,0.0,1.1248395256698132,0.07099388048213759,0.00857091977825845,0.003740348919929005,-0.004830570858329445,continuous_direct_verified,gamma_low,0.181354832127955,1.12907075686399,0.05916156706844798,0.0010113516912942933,0.004231231194176788,1.2000000000000002
2570,43306,0.17274376009590925,0.025,0.0,1.132410404831171,0.068169520804385,0.007855500149749282,0.0034943805928144885,-0.0043611195569347935,continuous_direct_verified,gamma_low,0.17182399029978856,1.1364342315885596,0.05680793400365416,0.0009197697961206841,0.00402382675738866,1.2000000000000002
2571,10386,0.1831080075353384,0.025,0.0,1.1918288893997668,0.05105186830371345,0.007682945150542945,0.0029109592931000345,-0.004771985857442911,continuous_direct_verified,gamma_low,0.18237795124963213,1.1946606677623723,0.04254322358642787,0.0007300562857062709,0.002831778362605508,1.2000000000000002
2572,37658,0.16669349214062096,0.025,0.0,1.1980907142162323,0.09971857833168561,0.011590230866177983,0.005815475239736176,-0.005774755626441808,continuous_direct_verified,gamma_high,0.1682850710297838,1.190505096108783,0.11966229399802271,0.0015915788891628369,0.007585618107449177,1.1999999999999997
2573,45458,0.18253147369250655,0.025,0.0,1.1964174196124078,0.07819740038042801,0.011200300645245747,0.005039596799908069,-0.006160703845337678,continuous_direct_verified,gamma_high,0.18389045862580744,1.1907354638725118,0.09383688045651362,0.0013589849333008885,0.005681955739895939,1.2000000000000002
2574,41866,0.1770462231244892,0.025,0.0,1.1374511912465095,0.12388374616558602,0.011099455103584307,0.005976560363549921,-0.005122894740034386,continuous_direct_verified,gamma_low,0.17531751673790155,1.1454945664252452,0.10323645513798836,0.0017287063865876473,0.008043375178735657,1.2
2575,33546,0.17855194653384387,0.025,0.0,1.1968816325068472,0.10348101288976126,0.01089196391631282,0.006281804328305867,-0.004610159588006953,continuous_direct_verified,gamma_high,0.18032230787619632,1.1889390586488033,0.1241772154677135,0.00177036134235245,0.007942573858043867,1.2
2576,12562,0.18216828373260796,0.025,0.0,1.195463091135025,0.159116683121107,0.017132681765974985,0.008827946508384187,-0.008304735257590798,continuous_direct_verified,gamma_high,0.18496790221608478,1.1819420400268048,0.19094001974532834,0.002799618483476818,0.013521051108220217,1.1999999999999997
2577,6666,0.17795659699477256,0.025,0.0,1.1897533245384693,0.2093586723832483,0.01682285877697115,0.010339512415885575,-0.006483346361085576,continuous_direct_verified,gamma_high,0.18155534724422595,1.1705892098876578,0.2512304068598979,0.0035987502494533863,0.01916411465081147,1.1999999999999997
2578,25578,0.17571316608227794,0.025,0.0,1.1981883957982062,0.1954812856112677,0.01679596381100667,0.009883520471636398,-0.0069124433393702705,continuous_direct_verified,gamma_high,0.17903436804551998,1.1806314449383102,0.23457754273352122,0.0033212019632420375,0.01755695085989606,1.1999999999999997
2579,32146,0.18269118792377415,0.025,0.0,1.1882205620408057,0.17796135812727748,0.01569065843911382,0.009039466867270293,-0.006651191571843528,continuous_direct_verified,gamma_low,0.1801036683436144,1.2,0.14830113177273124,0.002587519580159736,0.011779437959194228,1.2
2580,41530,0.16986210579052569,0.025,0.0,1.1844376303255557,0.2907969923639732,0.022929189713607495,0.01177285555533351,-0.011156334158273985,continuous_direct_verified,gamma_high,0.17457357010637584,1.1553310270296986,0.3489563908367678,0.00471146431585015,0.029106603295857125,1.2
2581,17834,0.17339417804032567,0.025,0.0,1.1883056916296482,0.24994445165972062,0.021412709149960397,0.011176568182419756,-0.01023614096754064,continuous_direct_verified,gamma_high,0.1775624362847586,1.1642729070127953,0.2999333419916647,0.004168258244432926,0.024032784616852876,1.2
2582,20986,0.16860515098087492,0.025,0.0,1.178564255684614,0.3041953950751573,0.0212425777649359,0.011570557740440834,-0.009672020024495067,continuous_direct_verified,m_low,0.1733317296160704,1.148564255684614,0.36323812331581257,0.004726578635195489,0.030000000000000027,1.1940947469834895
2583,43026,0.1815911815967411,0.025,0.0,1.191263323277235,0.24208434872846296,0.020202577551497555,0.011379805953371385,-0.00882277159812617,continuous_direct_verified,gamma_high,0.18582472121594223,1.168188703538418,0.29050121847415555,0.004233539619201143,0.02307461973881697,1.2
2584,31754,0.1781185002997518,0.025,0.0,1.1996762439608575,0.5528324566464682,0.019165851623770803,0.006882581071908037,-0.012283270551862766,continuous_direct_verified,m_low,0.18216554147572803,1.1696762439608575,0.6062995489494691,0.004047041175976235,0.030000000000000027,1.0967148213897158
2585,33786,0.1688435320276767,0.025,0.0,1.173959545046091,0.5564338999564115,0.018684156347521498,0.0065137573073804,-0.012170399040141097,continuous_direct_verified,m_low,0.17267119566976127,1.1439595450460909,0.610068761684121,0.003827663642084561,0.030000000000000027,1.0963903560367387
2586,16634,0.16914982451125982,0.025,0.0,1.1907836079597471,0.48501351969460027,0.017580140821666167,0.0076260496201047395,-0.009954091201561427,continuous_direct_verified,m_low,0.17319020562071966,1.160783607959747,0.53918608362197,0.00404038110945984,0.030000000000000027,1.1116928945846307
2587,36626,0.18211781908757985,0.025,0.0,1.1197107285261154,0.3698735846624745,0.016873800737821108,0.010086722021021878,-0.0067870787167992296,continuous_direct_verified,m_low,0.1869062850411566,1.0897107285261154,0.42672862950420254,0.004788465953576765,0.030000000000000027,1.1537148020278623
2588,9738,0.17782854945398868,0.025,0.0,1.17181838452816,0.9881383700732101,0.10362294018968332,0.05949935898775255,-0.04412358120193077,continuous_direct_verified,a1_low,0.17282854945398868,1.2,0.9078878249865083,0.0050000000000000044,0.02818161547183995,1.0883925776710293
2589,28458,0.17287728744558992,0.025,0.0,1.1926847457885743,0.9501504584573337,0.023534436589285102,0.013242567123766761,-0.010291869465518341,continuous_direct_verified,m_low,0.17556038656586445,1.1626847457885743,1.0,0.0026830991202745347,0.030000000000000027,1.0524648923746267
2590,10810,0.16991250407882036,0.025,0.0,1.189284912496805,0.8928940768531605,0.01508700238038093,0.0035811317914124863,-0.011505870588968445,continuous_direct_verified,m_low,0.17306526839467445,1.159284912496805,0.9482283802949325,0.0031527643158540952,0.030000000000000027,1.0619718563222946
2591,31146,0.17355856057256464,0.025,0.0,1.1687719106674193,0.6114854747953019,0.014752983801752918,0.005950472632205281,-0.008802511169547637,continuous_direct_verified,m_low,0.17735088146283462,1.1387719106674192,0.6650188973443456,0.0037923208902699845,0.030000000000000027,1.0875465154212605
2592,30589,0.19967568782158196,0.025,0.0,0.4764236852526665,0.01227180729903813,0.023056841464591634,0.0003832129255851512,-0.022673628539006483,continuous_direct_verified,gamma_low,0.19943020976824613,0.4771758185382511,0.01,0.00024547805333582917,0.0007521332855845997,1.227180729903813
2593,22525,0.1981052348855883,0.025,0.0,0.4391622379422188,0.01025064152879641,0.013059828565688892,0.0003622436761214018,-0.01269758488956749,continuous_direct_verified,gamma_high,0.19836817272741933,0.4384089644072417,0.012588926054381397,0.0002629378418310402,0.0007532735349771169,1.2281110425153594
2594,46205,0.19939714698120953,0.025,0.0,0.4588208459317684,0.010708496343521424,0.00937190601253437,0.00209635660042456,-0.007275549412109811,continuous_direct_verified,gamma_high,0.1997867371968622,0.4574104294254253,0.01427101522455835,0.00038959021565268537,0.001410416506343104,1.3326815237876257
2595,41725,0.19857854475267234,0.025,0.0,0.4796377681195736,0.016051282731359095,0.004789020953353441,0.0005930314961666434,-0.004195989457186798,continuous_direct_verified,gamma_high,0.1989620095364538,0.4784546389582641,0.01960278871016038,0.00038346478378145643,0.0011831291613094708,1.2212599477712005
2596,17933,0.1884292551316321,0.025,0.0,0.4001633271574974,0.026413136943805354,0.012923877652834894,0.0005957978022433758,-0.012328079850591518,continuous_direct_verified,gamma_low,0.18792373389803224,0.40158078449898676,0.022010947453171125,0.0005055212335998704,0.0014174573414893477,1.2000000000000002
2597,36861,0.19818951841443777,0.025,0.0,0.4721574552357197,0.019848378664031403,0.009921541860378255,0.0006012871472680697,-0.009320254713110186,continuous_direct_verified,gamma_low,0.19779347538598763,0.47337171491116004,0.01619152716556558,0.0003960430284501437,0.00121425967544031,1.2258496966390438
2598,15677,0.1972073809243739,0.025,0.0,0.44090489074587824,0.0233258881605885,0.007462296604991925,0.0005950743718326919,-0.0068672222331592325,continuous_direct_verified,gamma_low,0.19677077117467107,0.44217920972520053,0.019438240133823746,0.00043660974970283206,0.0012743189793222864,1.2000000000000002
2599,46877,0.19131610090844337,0.025,0.0,0.44027363508939743,0.01972666334288666,0.004552898089597947,0.0005835871127564558,-0.003969310976841491,continuous_direct_verified,gamma_low,0.1908946721174449,0.44153741477703523,0.01584982105341246,0.00042142879099846264,0.0012637796876378005,1.2445984895608344
2600,31485,0.19867738373577598,0.025,0.0,0.40904412865638734,0.03007470798027304,0.004967084157457499,0.0007138399091671428,-0.004253244248290357,continuous_direct_verified,gamma_low,0.19807840520805167,0.41067249436270603,0.02506225665022753,0.0005989785277243087,0.0016283657063186907,1.2000000000000002
2601,2877,0.19760116119869053,0.025,0.0,0.4570686958730221,0.029735454127736947,0.004597750926098307,0.0007803330876404249,-0.003817417838457882,continuous_direct_verified,gamma_low,0.19705271457522788,0.45871836061641985,0.02477954510644745,0.0005484466234626506,0.0016496647433977274,1.2000000000000002
2602,21085,0.19340010941959918,0.025,0.0,0.41695072352886203,0.028783638721004628,0.0043901252546003485,0.0006845920096200194,-0.003705533244980329,continuous_direct_verified,gamma_low,0.1928501062489248,0.4185142460187377,0.023986365600837188,0.0005500031706743846,0.0015635224898756794,1.2000000000000002
2603,44461,0.18405191600322723,0.025,0.0,0.44105397388339046,0.028711735287699363,0.004278764729050861,0.000696823616627769,-0.0035819411124230925,continuous_direct_verified,gamma_low,0.18354854802035753,0.4426334820454045,0.0239264460730828,0.0005033679828697069,0.0015795081620140206,1.2000000000000002
2604,26781,0.19258757568895818,0.025,0.0,0.47805544883012774,0.07660309087948629,0.004571031253658337,0.0019590604361929965,-0.0026119708174653406,continuous_direct_verified,gamma_low,0.19120963863021465,0.4825594196257524,0.06383590906623857,0.0013779370587435336,0.0045039707956246455,1.2000000000000002
2605,5037,0.18367212973535063,0.025,0.0,0.46838082894682886,0.06949731229907619,0.0045366790959803505,0.0017040751419995954,-0.002832603953980755,continuous_direct_verified,gamma_low,0.182470081923296,0.47241971134870003,0.057914426915896815,0.0012020478120546296,0.004038882401871169,1.2000000000000002
2606,10109,0.19965330059640113,0.025,0.0,0.41402215138077736,0.07365218154902345,0.004395000383093746,0.0016950822856317263,-0.00269991809746202,continuous_direct_verified,gamma_low,0.1981479470856543,0.4182000888021037,0.061376817957519536,0.0015053535107468208,0.004177937421326328,1.2000000000000002
2607,29597,0.1923815532587469,0.025,0.0,0.4305114299058914,0.055208622460567375,0.004391691282756725,0.0013112440279299683,-0.0030804472548267565,continuous_direct_verified,gamma_low,0.19133579975731477,0.4336147789241257,0.04600718538380614,0.0010457535014321284,0.0031033490182342804,1.2000000000000002
2608,39693,0.18896068511530761,0.025,0.0,0.4211410619318485,0.1279321997349507,0.007028251173643197,0.002717503924808085,-0.004310747248835112,continuous_direct_verified,gamma_low,0.18645612108853646,0.42878770906630886,0.10661016644579227,0.0025045640267711555,0.007646647134460338,1.1999999999999997
2609,26829,0.18817873164080084,0.025,0.0,0.4152982048690319,0.12229845330972382,0.006461638935421423,0.0025746612941605173,-0.0038869776412609057,continuous_direct_verified,gamma_low,0.18577311321284237,0.4225514682852307,0.10191537775810319,0.0024056184279584725,0.0072532634161988074,1.2
2610,4477,0.199827291443944,0.025,0.0,0.4848791666328907,0.09559485120373697,0.006304295636147951,0.002483079124810735,-0.0038212165113372157,continuous_direct_verified,gamma_low,0.1980431102616844,0.49062325621411157,0.07966237600311413,0.0017841811822596199,0.005744089581220857,1.2000000000000002
2611,45021,0.19436580077745025,0.025,0.0,0.47302932962775235,0.11661931810990268,0.006267571090068009,0.0028403231180082356,-0.0034272479720597734,continuous_direct_verified,gamma_low,0.19220288438954483,0.48011866724738816,0.09718276509158556,0.002162916387905417,0.007089337619635816,1.2000000000000002
2612,11965,0.19594691954553128,0.025,0.0,0.487281184643507,0.21146561551190307,0.01060349298772495,0.004740101647170007,-0.005863391340554943,continuous_direct_verified,gamma_low,0.1920071914182911,0.5011364485420147,0.17622134625991925,0.003939728127240194,0.013855263898507664,1.1999999999999997
2613,7805,0.1990571579895914,0.025,0.0,0.4607294023036957,0.2037294130363676,0.009653808492436288,0.004436203850863506,-0.005217604641572782,continuous_direct_verified,gamma_low,0.1950649577064058,0.47383151726211076,0.16977451086363968,0.003992200283185587,0.013102114958415068,1.2
2614,21245,0.19853643029928209,0.025,0.0,0.4557816758751869,0.17256450218368294,0.008759334926619348,0.003858167438020406,-0.004901167488598942,continuous_direct_verified,gamma_low,0.19514762951294895,0.46664387517840644,0.1438037518197358,0.003388800786333135,0.010862199303219522,1.2
2615,43181,0.18450135239399973,0.025,0.0,0.45139985606074334,0.19662000618389971,0.00855395742065984,0.004031515328643506,-0.004522442092016334,continuous_direct_verified,gamma_low,0.1808816631837238,0.46392674663097444,0.1638500051532498,0.003619689210275917,0.012526890570231097,1.1999999999999997
2616,34509,0.1877775511238724,0.025,0.0,0.40058356523513794,0.31503254265623637,0.012933176667631921,0.0039076787993650225,-0.0090254978682669,continuous_direct_verified,a1_low,0.1827747469116883,0.41662087885968513,0.27408724192207273,0.005002804212184103,0.01603731362454719,1.1493878388757877
2617,29965,0.18936159182339907,0.025,0.0,0.4063608601689339,0.28028627779812637,0.012188960758316261,0.0042333455013946805,-0.00795561525692158,continuous_direct_verified,a1_low,0.18429085692177968,0.42246218881655656,0.23888906785030775,0.005070734901619384,0.016101328647622648,1.173290516474194
2618,33501,0.19478242844343185,0.025,0.0,0.4787398584187031,0.25883738269337314,0.011912779804162346,0.004977209450825392,-0.006935570353336955,continuous_direct_verified,a1_high,0.19984664399003668,0.4612165012139365,0.3021945390723959,0.005064215546604828,0.01752335720476661,1.1675073203409145
2619,26525,0.1921125567518175,0.025,0.0,0.4523187480866909,0.22016286365236573,0.011717638738319625,0.004511925552615894,-0.007205713185703731,continuous_direct_verified,gamma_low,0.18789720588159564,0.46655304658924474,0.18346905304363811,0.004215350870221846,0.01423429850255381,1.2
2620,14717,0.1997302725911141,0.025,0.0,0.42524464353919034,0.5436604277685642,0.018590731980113778,0.0035010665791312713,-0.015089665400982506,continuous_direct_verified,a1_low,0.19463389269642994,0.4438408793782951,0.49642119716233185,0.005096379894684144,0.018596235839104747,1.0951595759332269
2621,10557,0.19724767440930013,0.025,0.0,0.4637741565704346,0.5065230885968477,0.018415812334505798,0.004039631848008842,-0.014376180486496956,continuous_direct_verified,a1_low,0.19224475587471024,0.4835232219075327,0.45828218194824155,0.005002918534589895,0.019749065337098137,1.1052646350847095
2622,47997,0.1995056688785553,0.025,0.0,0.48307057768106465,0.49803596271238804,0.018390335032559844,0.004300168401759226,-0.014090166630800618,continuous_direct_verified,a1_low,0.19450031797434952,0.5032494703823522,0.44947665976675255,0.005005350904205785,0.020178892701287587,1.1080352046996933
2623,43837,0.19761816347017885,0.025,0.0,0.42159804180264476,0.5334207400439053,0.01755301800112273,0.003432842154020945,-0.014120175847101785,continuous_direct_verified,a1_low,0.1926072048516168,0.43979376310061624,0.4871586378263079,0.005010958618562045,0.01819572129797148,1.0949631159657107
2624,15581,0.19528155736625197,0.025,0.0,0.40606362000107765,0.623369877122705,0.01265331325781952,0.0031037124914238823,-0.009549600766395638,continuous_direct_verified,a1_low,0.19021439611227214,0.4249364644346416,0.5733606470522816,0.005067161253979824,0.018872844433563962,1.087221246047365
2625,41085,0.19915316654369236,0.025,0.0,0.4364756673574448,0.8492847524051336,0.012455582443706741,0.003032549442650192,-0.00942303300105655,continuous_direct_verified,a1_low,0.19415105493506482,0.4588171610640171,0.7857112468532779,0.005002111608627541,0.02234149370657229,1.0809120472774998
2626,5805,0.1844145259354264,0.025,0.0,0.42715190872550013,0.8196478255951671,0.012124080702291411,0.002832786954615263,-0.00929129374767615,continuous_direct_verified,a1_high,0.18956517893095992,0.4042307164259066,0.8886609455428006,0.005150652995533522,0.02292119229959355,1.0841985030552863
2627,14541,0.1881576324347407,0.025,0.0,0.47789514362812047,0.732304311167034,0.012087902063986414,0.00335749125253819,-0.008730410811448226,continuous_direct_verified,a1_high,0.1932499630879739,0.45419529034073264,0.7966497107935265,0.005092330653233196,0.02369985328738783,1.0878670228281857
2628,2429,0.1997734667733312,0.025,0.0,0.5532530277967453,0.01053181056478099,0.03333053163933593,0.00042128186126260656,-0.03290924977807332,continuous_direct_verified,gamma_high,0.19999549485897092,0.5525110507637415,0.012717183491759118,0.00022202808563973053,0.0007419770330038267,1.2075021112026214
2629,35709,0.19955860842019324,0.025,0.0,0.5110756970942021,0.01109096938688408,0.014826700493144006,0.00044041840521734425,-0.014386282087926663,continuous_direct_verified,gamma_high,0.19981681802261256,0.5102524966904367,0.013554023757650083,0.0002582096024193181,0.0008232004037653784,1.222077465444883
2630,46989,0.18989642960950737,0.025,0.0,0.5043315015733242,0.012643544131086544,0.0047142232614948085,0.0033290763366866064,-0.001385146924808202,continuous_direct_verified,gamma_high,0.1910417064561225,0.5001657588601008,0.02401734726520365,0.0011452768466151397,0.0041657427132233416,1.8995739656693615
2631,8973,0.18888985817320647,0.025,0.0,0.5759101584553719,0.014244690946871714,0.004583697183397444,0.0029294134190674718,-0.0016542837643299725,continuous_direct_verified,gamma_high,0.1899041102101756,0.5719550852968306,0.024912490078114587,0.0010142520369691155,0.003955073158541267,1.7488964956158375
2632,1277,0.19842853941954675,0.025,0.0,0.5362576022744179,0.025810166427148385,0.013972581603718346,0.0007910180607613443,-0.013181563542957,continuous_direct_verified,gamma_low,0.19798677992408487,0.5377318718743525,0.02150847202262365,0.00044175949546187976,0.0014742695999345745,1.2000000000000002
2633,45309,0.19835038920864467,0.025,0.0,0.5197133652865886,0.017808358704866977,0.006804370418323346,0.0006834091636647463,-0.0061209612546586,continuous_direct_verified,gamma_high,0.19874712172365316,0.5184221496365649,0.02162121645141827,0.00039673251500849105,0.0012912156500237693,1.2141049498014238
2634,35533,0.18798138950951399,0.025,0.0,0.5607720926404,0.026151456855735482,0.005120622589821906,0.0008062307144605739,-0.004314391875361332,continuous_direct_verified,gamma_low,0.1875644509844851,0.5622805335530242,0.0217928807131129,0.00041693852502888706,0.0015084409126242537,1.2000000000000002
2635,43165,0.19259378821589057,0.025,0.0,0.5289850503206253,0.021208260543364242,0.0049996848813065025,0.0006593133492650768,-0.004340371532041426,continuous_direct_verified,gamma_low,0.192225732468518,0.5302382774750376,0.017526115880874053,0.00036805574737255875,0.0012532271544123397,1.2100947344818398
2636,42621,0.19898647186346352,0.025,0.0,0.5434522978961468,0.028173618649759626,0.010130690347392595,0.0008735522518225278,-0.009257138095570067,continuous_direct_verified,gamma_low,0.19850486435890558,0.5450715339683203,0.023478015541466352,0.000481607504557946,0.0016192360721735133,1.2000000000000002
2637,25341,0.19858936984092002,0.025,0.0,0.5274393536150456,0.033175647428904886,0.006712664328443638,0.0009945910303145052,-0.005718073298129133,continuous_direct_verified,gamma_low,0.19801505389560672,0.5293489077291437,0.027646372857420737,0.0005743159453132918,0.0019095541140980998,1.2
2638,40605,0.1926760810427368,0.025,0.0,0.568988436460495,0.028539323034916228,0.005625930409369506,0.0009036857975625173,-0.004722244611806988,continuous_direct_verified,gamma_low,0.19221155594129874,0.570642793430816,0.02378276919576352,0.0004645251014380736,0.0016543569703210137,1.2000000000000002
2639,21757,0.19841530635021631,0.025,0.0,0.5736591346561909,0.0430654717990642,0.004626539734093218,0.0013777149252285948,-0.0032488248088646237,continuous_direct_verified,gamma_low,0.19769058689899202,0.5761972737541802,0.03588789316588682,0.0007247194512242927,0.002538139097989278,1.2000000000000004
2640,39549,0.19885813822038473,0.025,0.0,0.5238811329007149,0.07474064046783303,0.006368706702681426,0.0021265718871318266,-0.0042421348155496,continuous_direct_verified,gamma_low,0.197533280731537,0.5283554347065217,0.06228386705652752,0.001324857488847725,0.0044743018058067685,1.2000000000000002
2641,22909,0.19972490062937143,0.025,0.0,0.5406546585261822,0.06435577588768673,0.006055658936323938,0.00191241870856829,-0.004143240227755648,continuous_direct_verified,gamma_low,0.1985994519481525,0.5444902310664769,0.053629813239738935,0.0011254486812189157,0.0038355725402946517,1.2000000000000002
2642,46077,0.19802431333810094,0.025,0.0,0.4916614800691605,0.07549232714668468,0.006011681300710944,0.0020195687365889827,-0.003992112564121961,continuous_direct_verified,gamma_low,0.19664960226081626,0.4961245361437778,0.06291027262223721,0.0013747110772846793,0.004463056074617278,1.2000000000000004
2643,6269,0.19922921736724675,0.025,0.0,0.5660824500024318,0.06604425907843343,0.005368626844902363,0.0020387446440731844,-0.0033298822008291785,continuous_direct_verified,gamma_low,0.1980972173608115,0.5700690235326026,0.05503688256536119,0.0011320000064352354,0.003986573530170734,1.2000000000000002
2644,47229,0.19921163702383637,0.025,0.0,0.5048725076019764,0.11854266228627312,0.008188786947309465,0.0031045481734491595,-0.005084238773860305,continuous_direct_verified,gamma_low,0.1970366663703734,0.5122022654965543,0.0987855519052276,0.0021749706534629765,0.007329757894577904,1.2
2645,35005,0.1963898299261928,0.025,0.0,0.5283175989985466,0.1141460162046179,0.006974044340016817,0.00310075050678742,-0.0038732938332293972,continuous_direct_verified,gamma_low,0.1943729713675129,0.5354261230217945,0.09512168017051491,0.002016858558679918,0.0071085240232479086,1.2
2646,9741,0.1884580897167325,0.025,0.0,0.51595488935709,0.1254858812185076,0.006967365520309052,0.0032038595763550872,-0.0037635059439539644,continuous_direct_verified,gamma_low,0.18629990453269826,0.5238079102613364,0.10457156768208967,0.002158185184034239,0.007853020904246444,1.2
2647,29533,0.19390584509819747,0.025,0.0,0.5761463910341262,0.12446200090166809,0.006933173635301999,0.0035786121298269366,-0.0033545615054750627,continuous_direct_verified,gamma_low,0.19180752171986418,0.5841153055004418,0.10371833408472342,0.0020983233783332944,0.007968914466315535,1.2
2648,2525,0.19451140058226885,0.025,0.0,0.5179597869515419,0.19966463456366457,0.010517370712648588,0.00476833986339665,-0.0057490308492519375,continuous_direct_verified,gamma_low,0.19094017224184973,0.5311636216023194,0.1663871954697205,0.003571228340419119,0.013203834650777568,1.1999999999999997
2649,45885,0.19752536071464422,0.025,0.0,0.5399718314409256,0.18620572901689025,0.010501832530987371,0.004740973142769284,-0.005760859388218087,continuous_direct_verified,gamma_low,0.19421231277752152,0.5522898664746096,0.15517144084740855,0.0033130479371226984,0.012318035033684005,1.2
2650,41853,0.19941758792847397,0.025,0.0,0.5522227101027966,0.2003402441068326,0.010303636695260793,0.0051403763963810585,-0.005163260298879735,continuous_direct_verified,gamma_low,0.19585410299583297,0.5656854192346986,0.1669502034223605,0.003563484932640998,0.013462709131902062,1.2
2651,39837,0.1922466732095927,0.025,0.0,0.5351807236671448,0.19632000196741065,0.010013069241398208,0.0048082149430473,-0.005204854298350908,continuous_direct_verified,gamma_low,0.18883167572837564,0.5482298968783242,0.16360000163950889,0.003414997481217069,0.013049173211179488,1.2
2652,14429,0.19305487573146823,0.025,0.0,0.5669530339539051,0.3546645793527525,0.014157785450528267,0.006246999871559115,-0.00791078557896915,continuous_direct_verified,a1_low,0.18805106455275003,0.588876838642113,0.30430989613577586,0.005003811178718204,0.021923804688207982,1.1654717242403105
2653,9133,0.183715339563787,0.025,0.0,0.5406215459108352,0.2700917080006966,0.014048667935797537,0.0058749045819327175,-0.00817376335386482,continuous_direct_verified,gamma_low,0.1792743828081559,0.5593597533407803,0.22507642333391384,0.004440956755631081,0.01873820742994503,1.2
2654,1853,0.19749372140504423,0.025,0.0,0.5034994192421436,0.26503639129590617,0.013960290390303389,0.005734724445328252,-0.008225565944975137,continuous_direct_verified,gamma_low,0.1926327927668926,0.5214997259438336,0.22086365941325517,0.004860928638151629,0.01800030670169006,1.2
2655,30461,0.19875760916620494,0.025,0.0,0.5553875103592872,0.2716792328485144,0.01381703851902657,0.006365235317000967,-0.007451803202025604,continuous_direct_verified,gamma_low,0.19398498085701635,0.5743960161650975,0.22639936070709535,0.004772628309188592,0.01900850580581026,1.2
2656,20317,0.19403389487415557,0.025,0.0,0.5566178567707538,0.5087569572901574,0.019837738024415113,0.0047797447805264185,-0.015057993243888694,continuous_direct_verified,a1_high,0.19918885772768402,0.5330030432882753,0.5638633259259442,0.005154962853528455,0.023614813482478514,1.1083157052619101
2657,44253,0.19527109018526972,0.025,0.0,0.538337117433548,0.49359948199346937,0.01936611411885748,0.005023358904078869,-0.01434275521477861,continuous_direct_verified,a1_low,0.1902668084572127,0.5609258526089574,0.44141527001379843,0.005004281728057031,0.02258873517540949,1.1182202237318153
2658,14013,0.19603722337633372,0.025,0.0,0.5556290999054909,0.47184170853205637,0.01795759777595445,0.005328791577168964,-0.012628806198785484,continuous_direct_verified,a1_low,0.19103354773172684,0.5784082167744692,0.4198679538305369,0.005003675644606881,0.022779116868978266,1.1237859527676566
2659,18301,0.19964622990228237,0.025,0.0,0.504429180175066,0.48366009501974555,0.017797707564874605,0.004616476952317987,-0.013181230612556619,continuous_direct_verified,a1_low,0.19464301426422212,0.5252242399550847,0.4345039152677461,0.005003215638060249,0.02079505978001872,1.1131317302899535
2660,27261,0.1988999947905541,0.025,0.0,0.5469493947923183,0.6952361124980109,0.014801037628168721,0.004319842936318201,-0.01048119469185052,continuous_direct_verified,a1_low,0.1938975157509398,0.5721253843950449,0.6350627588443402,0.005002479039614288,0.0251759896027266,1.0947518222658366
2661,12749,0.18759068902581932,0.025,0.0,0.5714981004595756,0.916074775921282,0.014364811332859908,0.003608863521036728,-0.01075594781182318,continuous_direct_verified,m_low,0.19256018290027313,0.5414981004595756,0.9973386280573731,0.004969493874453806,0.030000000000000027,1.0887087542109926
2662,11709,0.19566647754982114,0.025,0.0,0.5029793113470078,0.8963072901525934,0.012804440666085158,0.0035246534801099787,-0.009279787185975179,continuous_direct_verified,a1_low,0.1906656536183447,0.529530630257518,0.8246693336002421,0.005000823931476439,0.026551318910510213,1.0868687043807037
2663,6509,0.18348416653461758,0.025,0.0,0.5544113412499427,0.9443023309314326,0.01239360393400613,0.003681602879447685,-0.008712001054558445,continuous_direct_verified,m_high,0.1787143262648466,0.5844113412499428,0.866010486659885,0.004769840269770981,0.030000000000000027,1.0904051919434732
2664,23933,0.19995604250580074,0.025,0.0,0.6002859130501748,0.011183724204797874,0.09699321128840599,0.07158181487098918,-0.025411396417416812,continuous_direct_verified,gamma_high,0.2,0.5914347231662525,0.01342046904575745,4.395749419927597e-05,0.008851189883922306,1.2000000000000002
2665,15613,0.1985039432998747,0.025,0.0,0.6400018647313118,0.01069078146643639,0.006766760850722842,0.005817332181571174,-0.0009494286691516685,continuous_direct_verified,gamma_high,0.198723327632306,0.6400018472662173,0.01282893775972367,0.00021938433243129385,1.7465094481750043e-08,1.2000000000000002
2666,2813,0.1986411599442363,0.025,0.0,0.6612433955073357,0.01338733868962589,0.005419469261772958,0.0007669761706231799,-0.004652493091149778,continuous_direct_verified,gamma_low,0.19831718559194272,0.6624242148774547,0.01,0.00032397435229358784,0.0011808193701190461,1.338733868962589
2667,30173,0.19468677793629469,0.025,0.0,0.6238168403506279,0.010326279395935958,0.004917489058171162,0.004137870665314621,-0.0007796183928565409,continuous_direct_verified,gamma_high,0.19562971426743334,0.6199084307354668,0.020256413739044403,0.0009429363311386496,0.003908409615161146,1.9616371940329813
2668,42493,0.19792740498669448,0.025,0.0,0.6483024276793004,0.021775563102047802,0.010113932403660023,0.0008818672628497151,-0.009232065140810307,continuous_direct_verified,gamma_low,0.19754114339624476,0.6497121371814099,0.017759133145870062,0.00038626159044971575,0.0014097095021095019,1.2261613741609776
2669,45949,0.1994782994501293,0.025,0.0,0.6152050413191319,0.024920867361855045,0.0074920013533920325,0.0008703770682877765,-0.006621624285104256,continuous_direct_verified,gamma_low,0.19906935000603573,0.6166594277878839,0.020767389468212532,0.00040894944409355927,0.0014543864687519559,1.2000000000000004
2670,30013,0.19709011223167183,0.025,0.0,0.5851294226944447,0.025982879301130187,0.005536196738161654,0.0008590493115395868,-0.004677147426622067,continuous_direct_verified,gamma_low,0.19666211920926863,0.5866381859301836,0.021652399417608485,0.0004279930224032058,0.001508763235738897,1.2000000000000002
2671,38205,0.19708696356974542,0.025,0.0,0.6248542621731759,0.019605924810441426,0.005392185248241879,0.0007459123699543828,-0.0046462728782874965,continuous_direct_verified,gamma_low,0.19674751190466772,0.6260767715244219,0.016092445759089486,0.00033945166507770574,0.001222509351246015,1.2183309550300907
2672,33533,0.1985907965805382,0.025,0.0,0.6626719579100608,0.04436662428333836,0.005806996169885459,0.0016164867714559493,-0.00419050939842951,continuous_direct_verified,gamma_low,0.19787446986851592,0.6653486911362261,0.036972186902781964,0.0007163267120222638,0.00267673322616524,1.2000000000000002
2673,24637,0.19667113344185055,0.025,0.0,0.6563450358808041,0.030648399342618548,0.005443807434981715,0.0011177537085645267,-0.004326053726417188,continuous_direct_verified,gamma_low,0.19618257203262784,0.6581622854878293,0.025540332785515454,0.0004885614092227097,0.0018172496070252286,1.2000000000000002
2674,22941,0.19202109049074356,0.025,0.0,0.6550866961479187,0.04502179116551674,0.00501829596700556,0.0015872336742511867,-0.003431062292754373,continuous_direct_verified,gamma_low,0.19131601693008346,0.657799601868512,0.03751815930459727,0.0007050735606601022,0.0027129057205933504,1.2000000000000002
2675,4605,0.19767532134428623,0.025,0.0,0.6082060515880585,0.03155932775741644,0.004931718585316759,0.0010766046018106498,-0.0038551139835061093,continuous_direct_verified,gamma_low,0.19715892094633683,0.6100641022369979,0.02629943979784703,0.0005164003979493959,0.0018580506489394022,1.2000000000000002
2676,19581,0.19933839445002377,0.025,0.0,0.6131886281073093,0.06998529048063834,0.00627235030812406,0.0023128292510705786,-0.0039595210570534806,continuous_direct_verified,gamma_low,0.19816891839471312,0.6174871019348607,0.05832107540053194,0.0011694760553106476,0.00429847382755133,1.2000000000000002
2677,19133,0.1961633889004588,0.025,0.0,0.6622736737132072,0.07707479883681817,0.006209587434963089,0.0026780832144458248,-0.003531504220517264,continuous_direct_verified,gamma_low,0.19492061349208345,0.667101101694505,0.0642289990306818,0.0012427754083753628,0.0048274279812977605,1.2000000000000002
2678,16461,0.18612353005446497,0.025,0.0,0.6447394102811813,0.06829285015008532,0.006196832348539933,0.0022615581775613414,-0.003935274170978591,continuous_direct_verified,gamma_low,0.18507410243592465,0.6489610975897651,0.05691070845840442,0.0010494276185403217,0.004221687308583744,1.2000000000000002
2679,36733,0.1996066353283823,0.025,0.0,0.6456827044486999,0.061002691963985486,0.006059712751882069,0.002136124465884228,-0.00392358828599784,continuous_direct_verified,gamma_low,0.19860413450779812,0.6494234220773842,0.05083557663665456,0.0010025008205841734,0.0037407176286843313,1.2000000000000002
2680,13149,0.19391688238829374,0.025,0.0,0.6507624544203281,0.09618365631371588,0.00778299373655609,0.003190091845214398,-0.004592901891341691,continuous_direct_verified,gamma_low,0.19236874134764353,0.656897962848305,0.08015304692809655,0.0015481410406502083,0.006135508427976943,1.2000000000000002
2681,9037,0.18700672839768234,0.025,0.0,0.6511402927339077,0.10727458501307045,0.007729535236392989,0.0034280839156756618,-0.004301451320717327,continuous_direct_verified,gamma_low,0.1853375672591915,0.6580592722395823,0.08939548751089203,0.0016691611384908323,0.0069189795056745496,1.2000000000000002
2682,43069,0.1967060059309006,0.025,0.0,0.5935949519276619,0.12716403888526043,0.00768153651171593,0.0037775175816755877,-0.0039040189300403425,continuous_direct_verified,gamma_low,0.19455397488831572,0.6018081043690365,0.10597003240438371,0.0021520310425848788,0.00821315244137466,1.1999999999999997
2683,46365,0.1915356102399528,0.025,0.0,0.6241910994052887,0.12406569689737992,0.0076374850082135525,0.0038005081284388444,-0.003836976879774708,continuous_direct_verified,gamma_low,0.18952668558871255,0.632260940789245,0.10338808074781662,0.0020089246512402514,0.008069841383956278,1.1999999999999997
2684,30077,0.19989562686532736,0.025,0.0,0.6598897755146027,0.19579558568857508,0.013053252476603668,0.005904046528019821,-0.0071492059485838465,continuous_direct_verified,gamma_low,0.19662157120860405,0.6735583404917723,0.1631629880738126,0.0032740556567233126,0.013668564977169617,1.1999999999999997
2685,42557,0.19685042765922844,0.025,0.0,0.6185605272650718,0.21230403684538168,0.011308691110883696,0.0058655524161683355,-0.00544313869471536,continuous_direct_verified,gamma_low,0.19328460490491634,0.633336738665379,0.17692003070448475,0.003565822754312109,0.01477621140030716,1.2
2686,32189,0.195606466755271,0.025,0.0,0.5905762545764446,0.16684421684454007,0.010763823394883727,0.004677487100704959,-0.006086336294178768,continuous_direct_verified,gamma_low,0.19277818142248235,0.6017025816446111,0.13903684737045008,0.0028282853327886437,0.01112632706816652,1.1999999999999997
2687,11293,0.19094084575772285,0.025,0.0,0.6125686936080456,0.18780426420697333,0.010387215810082664,0.005206373171103904,-0.00518084263897876,continuous_direct_verified,gamma_low,0.18787028696734093,0.625391777565164,0.15650355350581113,0.0030705587903819276,0.012823083957118397,1.1999999999999997
2688,38941,0.19119223314337436,0.025,0.0,0.630681736767292,0.2721772521685634,0.016943129676050727,0.006910487433845955,-0.010032642242204771,continuous_direct_verified,gamma_low,0.18681057293771933,0.6504008339701897,0.22681437680713623,0.00438166020565503,0.019719097202897662,1.1999999999999997
2689,23325,0.19149705488234758,0.025,0.0,0.6108311168849468,0.31072713125809026,0.015705665595174927,0.006855054671604523,-0.008850610923570404,continuous_direct_verified,a1_high,0.1964970548823476,0.5886304744694434,0.36098626181198845,0.0050000000000000044,0.022200642415503458,1.161746836687244
2690,41213,0.19835860151797535,0.025,0.0,0.6567065455019474,0.25696403313004873,0.01501413037720414,0.007066735314226911,-0.007947395062977229,continuous_direct_verified,gamma_low,0.1941091699550508,0.6753539661733304,0.21413669427504062,0.004249431562924566,0.01864742067138303,1.2
2691,7581,0.19182807174511257,0.025,0.0,0.6651145190000534,0.3343475725651777,0.014192962948801633,0.006923566954758998,-0.007269395994042634,continuous_direct_verified,a1_high,0.19683664844997736,0.6412128742654393,0.386643008652298,0.005008576704864792,0.02390164473461409,1.1564103955829552
2692,829,0.19755547619424763,0.025,0.0,0.6376425653696061,0.48182785914832293,0.023924744940449813,0.006173341008300487,-0.017751403932149325,continuous_direct_verified,a1_low,0.19254923764590343,0.6627486744417896,0.4273653013978439,0.0050062385483442,0.02510610907218358,1.1274379496237543
2693,1661,0.1990057651884854,0.025,0.0,0.5790742017328739,0.4875350359909632,0.019434133134634303,0.005481979764157724,-0.013952153370476578,continuous_direct_verified,a1_low,0.19400352096538853,0.6024542545532448,0.4350253142490459,0.005002244223096863,0.02338005282037081,1.1207049797379292
2694,37245,0.19983180076815188,0.025,0.0,0.6092640206217765,0.4564371818042904,0.018915647529557145,0.005999154201506125,-0.012916493328051021,continuous_direct_verified,a1_low,0.19482623348005065,0.632982596538795,0.40410893855644003,0.005005567288101226,0.023718575917018425,1.1294904374913792
2695,42237,0.19844783609732985,0.025,0.0,0.5974658727645874,0.46298920819877987,0.017601889065687937,0.005842654692983606,-0.01175923437270433,continuous_direct_verified,a1_low,0.19344189121634023,0.6211036214709045,0.410453421243162,0.005005944880989627,0.023637748706317074,1.1279945159099904
2696,41693,0.19476964911445976,0.025,0.0,0.6633745998144149,0.9349335911161549,0.02134805560136558,0.003952345619658968,-0.017395709981706614,continuous_direct_verified,m_high,0.19029439718654623,0.693374599814415,0.864018513199084,0.004475251927913537,0.030000000000000027,1.082075877812506
2697,11837,0.1968733430840075,0.025,0.0,0.6075120612978935,0.688333494192951,0.015395709400649334,0.0048707070610511044,-0.01052500233959823,continuous_direct_verified,a1_low,0.19187051589311796,0.6349709952963657,0.6259557539978057,0.005002827190889542,0.027458933998472213,1.0996519958427668
2698,16733,0.19366087825037542,0.025,0.0,0.6316049851477146,0.9808543696591653,0.01430859405892682,0.003727765504332098,-0.010580828554594721,continuous_direct_verified,m_high,0.18916364171015476,0.6616049851477146,0.906684598524344,0.0044972365402206615,0.030000000000000027,1.0818032767464394
2699,39485,0.19697844167239964,0.025,0.0,0.6490685187280179,0.9930676619822623,0.013980250360216735,0.0037295954783932227,-0.010250654881823511,continuous_direct_verified,m_high,0.19251304299712144,0.6790685187280179,0.9195972185755875,0.004465398675278204,0.030000000000000027,1.0798941557484014
2700,38781,0.19970172690227628,0.025,0.0,0.7148118056356907,0.01628266194691284,0.023033890915992096,0.0015295611473733247,-0.021504329768618772,continuous_direct_verified,gamma_low,0.1991073696726633,0.7170188397356132,0.01,0.0005943572296129851,0.0022070340999225113,1.628266194691284
2701,7293,0.199277240363881,0.025,0.0,0.6755916878581048,0.011910034141487096,0.008619421239284044,0.0018139099853635079,-0.006805511253920537,continuous_direct_verified,gamma_high,0.1997141107223258,0.6737958483665522,0.016502400629697773,0.0004368703584448075,0.0017958394915525977,1.3855880204586275
2702,21629,0.1993945805821568,0.025,0.0,0.7440837979316711,0.01425648856782547,0.007809347226631249,0.006403591994145024,-0.0014057552324862246,continuous_direct_verified,gamma_low,0.19915677875907903,0.7440838165805334,0.011880407139854558,0.0002378018230777823,1.864886223224005e-08,1.2000000000000002
2703,17149,0.19860171163454654,0.025,0.0,0.7178001284599305,0.01201693783629468,0.006693953390851993,0.0004925178388833607,-0.006201435551968632,continuous_direct_verified,gamma_low,0.19841208731183807,0.7185071641601491,0.01,0.0001896243227084704,0.0007070357002186833,1.2016937836294679
2704,43133,0.19925403743982317,0.025,0.0,0.668416341394186,0.01687518200847526,0.009324862081644894,0.00118268746681215,-0.008142174614832744,continuous_direct_verified,gamma_low,0.19877409729626372,0.670208169838185,0.011858605176572064,0.00047994014355945414,0.001791828443998944,1.4230326212237825
2705,28669,0.19818523428402846,0.025,0.0,0.7370957031846046,0.02660148659384017,0.008850059902161322,0.001087920949635498,-0.007762138952525824,continuous_direct_verified,gamma_low,0.1977686878819157,0.7386764857346313,0.022167905494866805,0.0004165464021127496,0.0015807825500266937,1.2000000000000002
2706,46237,0.19245294961147014,0.025,0.0,0.7451204627752304,0.026931359304530472,0.006267432888865046,0.0010906569322988232,-0.005176775956566223,continuous_direct_verified,gamma_low,0.19204416099457902,0.7467243387453141,0.02244279942044206,0.0004087886168911148,0.0016038759700837124,1.2
2707,4621,0.18839433053508403,0.025,0.0,0.7533257365226745,0.024210918554786867,0.006193082139580618,0.001168081375335888,-0.00502500076424473,continuous_direct_verified,gamma_high,0.1888267420372877,0.7515895861789958,0.029053102265744247,0.0004324115022036612,0.0017361503436786885,1.2000000000000002
2708,5981,0.19413948617875576,0.025,0.0,0.7511542834341526,0.045357336953270086,0.005801773492784622,0.001820005421663204,-0.003981768071121418,continuous_direct_verified,gamma_low,0.19344147707462284,0.7539275147741893,0.037797780794391736,0.0006980091041329239,0.002773231340036708,1.2000000000000002
2709,28701,0.19109225673601032,0.025,0.0,0.7353521808981895,0.039366012373233075,0.0055721412813093075,0.0015449546950878855,-0.004027186586221422,continuous_direct_verified,gamma_low,0.19049494723274224,0.7377344491828206,0.03280501031102756,0.0005973095032680842,0.0023822682846310617,1.2000000000000002
2710,18685,0.19826316726394,0.025,0.0,0.7520031042397022,0.04213257686542595,0.005499955990944967,0.0017221500145390173,-0.0037778059764059495,continuous_direct_verified,gamma_low,0.19760177434168824,0.7545645044884205,0.03511048072118829,0.0006613929222517578,0.002561400248718315,1.2000000000000002
2711,7597,0.1840996318031103,0.025,0.0,0.7433956138789654,0.04162664939738087,0.005484691935974018,0.0016051718255278942,-0.0038795201104461236,continuous_direct_verified,gamma_low,0.18349183904541203,0.7459256761236089,0.034688874497817386,0.0006077927576982611,0.0025300622446435828,1.2000000000000002
2712,23837,0.1916278976481408,0.025,0.0,0.7163666933774948,0.07563003988166041,0.0073309358872279936,0.002779371494643744,-0.004551564392584249,continuous_direct_verified,gamma_low,0.1904584035983089,0.7211435899570755,0.063025033234717,0.0011694940498319095,0.004776896579580692,1.2
2713,3725,0.19051329186186194,0.025,0.0,0.7490135975182056,0.07154359932873054,0.0070773739680090614,0.0027380410068944838,-0.004339332961114578,continuous_direct_verified,gamma_low,0.18942379173050347,0.7535269679791654,0.05961966610727544,0.001089500131358473,0.004513370460959787,1.2000000000000002
2714,12925,0.19894192498177293,0.025,0.0,0.7414881579577923,0.06226192192559295,0.007015690610569654,0.0024577185207422044,-0.00455797208982745,continuous_direct_verified,gamma_low,0.19795262629062993,0.7453685596676771,0.051884934937994114,0.0009892986911430035,0.0038804017098847954,1.2000000000000002
2715,47197,0.19305952363647522,0.025,0.0,0.7396903678774833,0.0742766430324775,0.006836251618840229,0.002826701333631727,-0.0040095502852085015,continuous_direct_verified,gamma_low,0.19190985615470318,0.7443846388494195,0.06189720252706457,0.001149667481772032,0.004694270971936199,1.2000000000000002
2716,1069,0.1850035816431046,0.025,0.0,0.7438994750380516,0.12456891133964319,0.009116186195967721,0.004342524500126059,-0.004773661695841662,continuous_direct_verified,gamma_low,0.18313895030613367,0.7522355518428092,0.10380742611636934,0.0018646313369709289,0.008336076804757564,1.2
2717,17101,0.18787313150241974,0.025,0.0,0.689147486537695,0.11222882522995496,0.008950757080904929,0.0037582475476637487,-0.00519250953324118,continuous_direct_verified,gamma_low,0.18614256292783496,0.6964857931318251,0.09352402102496246,0.0017305685745847843,0.007338306594130151,1.2000000000000002
2718,43677,0.19295964278280736,0.025,0.0,0.7065551713109016,0.1153685834188042,0.008884188473386812,0.004002773914250245,-0.004881414559136567,continuous_direct_verified,gamma_low,0.19114201544049036,0.7141562302012509,0.09614048618233682,0.0018176273423169964,0.007601058890349233,1.2000000000000002
2719,2077,0.19115658421069387,0.025,0.0,0.7137372188270092,0.12150096119159447,0.008610589010751811,0.004193552235258243,-0.004417036775493568,continuous_direct_verified,gamma_low,0.18926242753883518,0.7217999676531246,0.1012508009929954,0.0018941566718586877,0.008062748826115351,1.2
2720,19069,0.19887816747650505,0.025,0.0,0.7076646372675895,0.18883144007089114,0.012212770292757299,0.0060784670403004944,-0.006134303252456804,continuous_direct_verified,gamma_low,0.19579290550196907,0.7209676121586588,0.1573595333924093,0.0030852619745359855,0.013302974891069241,1.2
2721,26493,0.199670024169609,0.025,0.0,0.7378805905580521,0.17470177363054348,0.011823320285492742,0.005954004517583484,-0.005869315767909259,continuous_direct_verified,gamma_low,0.1968308345967639,0.7501332318390855,0.14558481135878626,0.0028391895728450967,0.012252641281033427,1.1999999999999997
2722,46477,0.18967634360305968,0.025,0.0,0.7319868721067906,0.18835727077835657,0.011537057806192106,0.006048273278519213,-0.005488784527672893,continuous_direct_verified,gamma_low,0.18676297789849705,0.7453294054433921,0.15696439231529716,0.0029133657045626316,0.013342533336601514,1.2
2723,4445,0.1936752540525049,0.025,0.0,0.6690066143870353,0.1638422701640196,0.011469246640974734,0.005105483315619862,-0.006363763325354872,continuous_direct_verified,gamma_low,0.19103350252685286,0.6801923606438856,0.136535225136683,0.0026417515256520474,0.011185746256850204,1.1999999999999997
2724,45277,0.19512798120267694,0.025,0.0,0.7357743978500366,0.3528855969020351,0.01644089205876716,0.008373178438446248,-0.008067713620320912,continuous_direct_verified,a1_low,0.19012376058918945,0.7611180375527626,0.2989543879775737,0.005004220613487487,0.025343639702726017,1.1803994558812334
2725,34877,0.1967279790900648,0.025,0.0,0.7516444854438304,0.3508695585413761,0.015611915423899123,0.008553901808106477,-0.007058013615792646,continuous_direct_verified,a1_low,0.19172236058000555,0.7769722281777985,0.2971779634520602,0.005005618510059234,0.025327742733968095,1.1806715224292774
2726,29789,0.19325686004012826,0.025,0.0,0.7447622194886208,0.30042810204532344,0.015506193610615155,0.008460192608947962,-0.007046001001667194,continuous_direct_verified,gamma_low,0.1886018626564044,0.767790079140035,0.2503567517044362,0.004654997383723852,0.023027859651414295,1.2
2727,3517,0.1956423407420516,0.025,0.0,0.7422109372913837,0.24346074812525648,0.014349402537428923,0.007482021517766252,-0.006867381019662671,continuous_direct_verified,gamma_low,0.19178198005649516,0.7602202642240331,0.2028839567710471,0.003860360685556452,0.01800932693264945,1.1999999999999997
2728,25949,0.19373746481724086,0.025,0.0,0.7327872432768345,0.4801589775789121,0.02141880098453382,0.0064353351886838805,-0.01498346579584994,continuous_direct_verified,a1_high,0.1987405567610013,0.7052640298410626,0.5374987020598181,0.005003091943760446,0.02752321343577191,1.1194182076320387
2729,23133,0.193280891655013,0.025,0.0,0.6848163090646266,0.4310451973256498,0.019948091077286127,0.006895374198581786,-0.01305271687870434,continuous_direct_verified,a1_high,0.198280891655013,0.6591913600567784,0.48583284913276487,0.0050000000000000044,0.025624949007848286,1.1271041926624776
2730,43197,0.19640207560732964,0.025,0.0,0.7139921270310878,0.41998929129411183,0.01939818851945162,0.007449978936933321,-0.011948209582518299,continuous_direct_verified,a1_low,0.19139879919674757,0.7399765469481542,0.3653885579775277,0.005003276410582069,0.025984419917066348,1.1494319735100798
2731,33085,0.19733089036308232,0.025,0.0,0.6954408206045628,0.4238929377568847,0.018177500827977137,0.007242811296954246,-0.010934689531022891,continuous_direct_verified,a1_low,0.19232470808017474,0.7211191028945045,0.36973498122012166,0.005006182282907584,0.025678282289941734,1.1464777726955733
2732,16221,0.1939968384802342,0.025,0.0,0.7105930678546428,0.8570573824397678,0.018814502784287243,0.004052929230241513,-0.01476157355404573,continuous_direct_verified,m_low,0.19850113977625966,0.6805930678546428,0.926809885526808,0.00450430129602547,0.030000000000000027,1.0813860361233656
2733,47805,0.196122100064531,0.025,0.0,0.685342126339674,0.8295167763950534,0.017845385013739373,0.0045277467945579394,-0.013317638219181433,continuous_direct_verified,m_high,0.1914707243646808,0.715342126339674,0.7624284041990579,0.004651375699850219,0.030000000000000027,1.0879930126245398
2734,23853,0.18558624307625,0.025,0.0,0.6875989906489849,0.9330896764399429,0.016830759981131836,0.003829980463457992,-0.013000779517673845,continuous_direct_verified,m_high,0.1814146506367216,0.7175989906489849,0.8635357553124874,0.004171592439528388,0.030000000000000027,1.0805455022557648
2735,24285,0.194945666147396,0.025,0.0,0.7491252593696117,0.7898292003778552,0.016018759133619616,0.0044569462638733934,-0.011561812869746222,continuous_direct_verified,m_low,0.1994793353748907,0.7191252593696117,0.8559545371228674,0.004533669227494708,0.030000000000000027,1.08372105856985
2736,5501,0.1999257494695485,0.025,0.0,0.7694860845804214,0.01661487610441511,0.018853504129745253,0.0007241809663740778,-0.018129323163371173,continuous_direct_verified,gamma_low,0.1996641833201449,0.770470513225538,0.013825362618983112,0.00026156614940359146,0.0009844286451164974,1.2017678351236745
2737,41341,0.19978401106782262,0.025,0.0,0.787214607745409,0.011672443835060315,0.017532247663306084,0.0010748008783889003,-0.016457446784917184,continuous_direct_verified,gamma_high,0.2,0.7862822302661467,0.01400693260207238,0.00021598893217739112,0.0009323774792622253,1.2000000000000002
2738,29314,0.19997642589733006,0.025,0.0,0.8014179579913616,0.013494094716334164,0.017434177618752045,0.0006461502587625309,-0.016788027359989514,continuous_direct_verified,gamma_low,0.19975364989874364,0.80225185272048,0.011104197248224007,0.0002227759985864164,0.000833894729118434,1.2152246951928376
2739,1410,0.19883109526708725,0.025,0.0,0.8219574384391308,0.012555020569462373,0.00866645389030931,0.0016991557656314683,-0.006967298124677841,continuous_direct_verified,gamma_low,0.19861986526013406,0.8229787147230218,0.010228644650939677,0.00021123000695319472,0.0010212762838909262,1.2274373583120788
2740,14461,0.1992069849278778,0.025,0.0,0.775982777774334,0.01791921615468523,0.009169217655510787,0.008018145507330267,-0.0011510721481805194,continuous_direct_verified,gamma_low,0.19890971604226518,0.7759828008677349,0.014932680128904356,0.0002972688856126282,2.3093400858265056e-08,1.2000000000000002
2741,35965,0.1993309134617448,0.025,0.0,0.7672401629388332,0.025853165114505004,0.0077446695321329185,0.0011010196653024609,-0.006643649866830458,continuous_direct_verified,gamma_low,0.19892643961013742,0.768776865255517,0.0215443042620875,0.00040447385160738425,0.0015367023166837912,1.2000000000000002
2742,15874,0.1976955633610487,0.025,0.0,0.8086361803114415,0.021079045662483118,0.006923302527019716,0.0009663708853880746,-0.005956931641631641,continuous_direct_verified,gamma_low,0.197362710488763,0.8099137418418809,0.01747254181423809,0.0003328528722857105,0.0012775615304394528,1.2064097992489076
2743,9394,0.1870840768795461,0.025,0.0,0.8094167083501815,0.026457490559373655,0.0065761324080644045,0.0013502442524430654,-0.005225888155621339,continuous_direct_verified,gamma_high,0.18754922367384386,0.8075137771861493,0.03174898867124839,0.00046514679429776606,0.0019029311640322844,1.2000000000000002
2744,20098,0.19984780615195635,0.025,0.0,0.8319322422146798,0.03581672075159348,0.006224646236230701,0.0016220824299361966,-0.004602563806294505,continuous_direct_verified,gamma_low,0.19928973656795393,0.834088298783231,0.02984726729299456,0.0005580695840024241,0.0021560565685512234,1.2000000000000002
2745,45426,0.19050107146613304,0.025,0.0,0.8077193208038806,0.035566935082369286,0.0060041342697506085,0.001521432934128361,-0.004482701335622247,continuous_direct_verified,gamma_low,0.18997111212541856,0.8098617203111027,0.029639112568641067,0.0005299593407144809,0.002142399507222059,1.2000000000000002
2746,41821,0.19385149697773163,0.025,0.0,0.7923140108585358,0.0320094850795661,0.0055914083627478265,0.0013674968574197827,-0.004223911505328044,continuous_direct_verified,gamma_low,0.19336556676150815,0.7942327948885759,0.02667457089963841,0.0004859302162234791,0.0019187840300400882,1.2000000000000004
2747,32322,0.19578112773597245,0.025,0.0,0.8084840454161166,0.0370191106764386,0.005588347225783775,0.0016106021464371372,-0.003977745079346638,continuous_direct_verified,gamma_low,0.1952140620978368,0.8107199960195324,0.030849258897032165,0.0005670656381356609,0.0022359506034157484,1.2000000000000002
2748,32957,0.19641720885410907,0.025,0.0,0.7727475889027118,0.07060984036421711,0.007717154895132614,0.0028372179654731363,-0.0048799369296594775,continuous_direct_verified,gamma_low,0.19531448394092082,0.7772023617632262,0.058841533636847576,0.0011027249131882466,0.004454772860514433,1.2000000000000002
2749,4861,0.1985531449317932,0.025,0.0,0.780398502200842,0.07452726107662333,0.007629241415050647,0.003027017351051354,-0.004602224063999292,continuous_direct_verified,gamma_low,0.19737717160749033,0.7851260527938104,0.06210605089718609,0.001175973324302887,0.004727550592968477,1.2000000000000004
2750,5714,0.18397315419279042,0.025,0.0,0.8433750882744788,0.0750542812177668,0.007372389988837354,0.0030990148976544674,-0.004273375091182887,continuous_direct_verified,gamma_low,0.18288635971755066,0.8481434737328942,0.062545234348139,0.0010867944752397662,0.004768385458415403,1.2000000000000002
2751,32589,0.18686901456676425,0.025,0.0,0.7969820871949196,0.07074782284034307,0.007113719200110113,0.0028257391678022797,-0.004287980032307833,continuous_direct_verified,gamma_low,0.18582249323989358,0.8014509516588765,0.05895651903361922,0.0010465213268706641,0.00446886446395689,1.2000000000000002
2752,20861,0.19982569552958013,0.025,0.0,0.7602883040904999,0.1252373013231149,0.009369219762868766,0.0046781207887212186,-0.004691098974147548,continuous_direct_verified,gamma_low,0.19780877396501864,0.7686997620162921,0.10436441776926242,0.0020169215645614857,0.008411457925792232,1.2
2753,514,0.1978602319955826,0.025,0.0,0.8265710234642029,0.09859899111036025,0.009271619831492068,0.004071929719562269,-0.005199690111929799,continuous_direct_verified,gamma_low,0.1963137232689447,0.833026563980097,0.0821658259253002,0.0015465087266379185,0.006455540515894143,1.2000000000000002
2754,2674,0.18968985592946414,0.025,0.0,0.8247459925711155,0.11725038894550142,0.00914337852107059,0.004585645706378988,-0.0045577328146916025,continuous_direct_verified,gamma_low,0.1879208129405166,0.8325912420373908,0.09770865745458451,0.0017690429889475334,0.007845249466275295,1.2000000000000002
2755,35357,0.1907952414825559,0.025,0.0,0.7715387627482414,0.12852606942484956,0.009070630456819575,0.004695136662929015,-0.0043754937938905595,continuous_direct_verified,gamma_low,0.18882295351048076,0.78021221221874,0.10710505785404131,0.001972287972075132,0.00867344947049864,1.2
2756,3330,0.19855694500729443,0.025,0.0,0.802429772168398,0.19730060045136513,0.01389176709173567,0.0069677339917923395,-0.006924033099943331,continuous_direct_verified,gamma_low,0.19541451930912335,0.8167080065890854,0.1644171670428043,0.0031424256981710808,0.01427823442068743,1.2
2757,27389,0.19861692311242224,0.025,0.0,0.7705005839467048,0.2103690282750336,0.012689991374503311,0.007055011291811589,-0.005634980082691723,continuous_direct_verified,gamma_low,0.19524497052051062,0.7858003256649781,0.17530752356252802,0.0033719525919116144,0.015299741718273308,1.1999999999999997
2758,4893,0.19139009090140463,0.025,0.0,0.7667530126869678,0.19466553116336005,0.012618219454829214,0.006482643278559735,-0.006135576176269479,continuous_direct_verified,gamma_low,0.18837911541717597,0.7807141177607917,0.16222127596946673,0.0030109754842286562,0.013961105073823865,1.2
2759,37746,0.1902663093060255,0.025,0.0,0.8135153606534005,0.17838784432563742,0.01199155160323979,0.006358052049019144,-0.005633499554220645,continuous_direct_verified,gamma_low,0.18754875386837785,0.8262247085821486,0.14865653693803121,0.0027175554376476507,0.012709347928748116,1.1999999999999997
2760,11074,0.19623449719510977,0.025,0.0,0.8122876867651939,0.24763854645350225,0.016718799901886256,0.008158393423366612,-0.008560406478519644,continuous_direct_verified,gamma_low,0.19235827099248842,0.8309660831268394,0.2063654553779186,0.0038762262026213468,0.018678396361645477,1.1999999999999997
2761,11458,0.19753380366601053,0.025,0.0,0.8387806601822376,0.32766465540582196,0.016609466757083507,0.009761742493177673,-0.006847724263905834,continuous_direct_verified,a1_low,0.19253098203241895,0.8646124608158474,0.27367033061415347,0.0050028216335915865,0.02583180063360979,1.1972969618975424
2762,6781,0.1988626467064023,0.025,0.0,0.7952630080282688,0.3572753506295551,0.016274908388083625,0.008906426405081812,-0.007368481983001813,continuous_direct_verified,a1_low,0.1938600123363639,0.8210488231525838,0.3035793101497686,0.005002634370038395,0.025785815124314992,1.1768764823047262
2763,994,0.19095579655840994,0.025,0.0,0.8137559965252876,0.26224825249326483,0.01626031072565643,0.008314166836741636,-0.007946143888914795,continuous_direct_verified,gamma_low,0.18697078145411367,0.8337617209733524,0.21854021041105404,0.0039850151042962745,0.02000572444806481,1.2
2764,7170,0.1980859651695937,0.025,0.0,0.8153324887156486,0.420512717686482,0.021435985919610472,0.008402110139535018,-0.013033875780075454,continuous_direct_verified,a1_low,0.19308289727897218,0.842735627595164,0.36513580360284137,0.005003067890621521,0.0274031388795154,1.1516611450787066
2765,34525,0.19499075422063472,0.025,0.0,0.7629806250333786,0.46639764716785936,0.020716709698060817,0.0068646325020462065,-0.013852077196014612,continuous_direct_verified,a1_high,0.19999075422063473,0.7352885790629903,0.5232729733947558,0.0050000000000000044,0.027692045970388324,1.1219459973099448
2766,9309,0.1932048606686294,0.025,0.0,0.7573605902492999,0.49331128180183115,0.020549534338721646,0.006544229316199271,-0.014005305022522375,continuous_direct_verified,a1_high,0.19820990461331997,0.7290186099290079,0.551697073840273,0.005005043944690563,0.028341980320292004,1.1183548688065401
2767,47357,0.19830470867455008,0.025,0.0,0.7750774204730988,0.39179085323760704,0.01733135556087847,0.008330070522650902,-0.009001285038227566,continuous_direct_verified,a1_low,0.19329842072415448,0.801313758424702,0.3374763883456958,0.005006287950395594,0.026236337951603184,1.1609430074742708
2768,1981,0.1953219638671726,0.025,0.0,0.7768537700176239,0.8160614508051699,0.01909776582380089,0.004331598330240477,-0.014766167493560415,continuous_direct_verified,m_low,0.19970596354697778,0.7468537700176239,0.8815328205630237,0.004383999679805184,0.030000000000000027,1.0802284799671107
2769,38397,0.19787906208075584,0.025,0.0,0.7700512483716011,0.8618850596311263,0.018139005411876703,0.004424747578300776,-0.013714257833575928,continuous_direct_verified,m_high,0.19356455127597405,0.8000512483716011,0.7977886033724987,0.00431451080478179,0.030000000000000027,1.0803426571746853
2770,42301,0.1971078574191779,0.025,0.0,0.7966122545301915,0.8908170449299926,0.015298668691399744,0.004257081187890294,-0.011041587503509451,continuous_direct_verified,m_high,0.19294691676226167,0.8266122545301915,0.8271692625211321,0.0041609406569162455,0.030000000000000027,1.076946503324928
2771,17922,0.197778204176575,0.025,0.0,0.8436301916837692,0.7438328046161252,0.015264346575684012,0.0052884543482561355,-0.009975892227427877,continuous_direct_verified,m_high,0.19338925429108994,0.8736301916837692,0.6841934213648234,0.0043889498854850495,0.030000000000000027,1.0871674315902273
2772,47234,0.19964486211538318,0.025,0.0,0.9152118027210235,0.012757105025784749,0.013921861001523702,0.0007441990538184558,-0.013177661947705246,continuous_direct_verified,gamma_low,0.1994197278251902,0.9160542479166116,0.010310084590278164,0.0002251342901929687,0.0008424451955880707,1.237342420819126
2773,9474,0.19866140251979236,0.025,0.0,0.8624303661286831,0.011271320461046643,0.012270783538808297,0.0039451268964006,-0.008325656642407697,continuous_direct_verified,gamma_high,0.19994282481043602,0.8575654578980432,0.025119595174587308,0.0012814222906436523,0.004864908230639897,2.228629312900818
2774,34466,0.19358425633981824,0.025,0.0,0.9281150072813034,0.014323787089326419,0.006821768792570552,0.0059450229855201155,-0.0008767458070504369,continuous_direct_verified,gamma_low,0.19335747752869215,0.9281150230181314,0.011936489241105347,0.00022677881112609377,1.5736828062884456e-08,1.2000000000000002
2775,24114,0.18757715811952952,0.025,0.0,0.8965060785412788,0.01663734936994255,0.006742324625433856,0.0035130710063957494,-0.0032292536190381064,continuous_direct_verified,gamma_high,0.18858211969004604,0.8922530426289969,0.02819244172089668,0.0010049615705165216,0.004253035912281988,1.6945272407292142
2776,13186,0.19933453095145526,0.025,0.0,0.8760160528123379,0.017513826458093778,0.010391897045926492,0.0017431417468989421,-0.00864875529902755,continuous_direct_verified,gamma_low,0.19883553708743218,0.8780080243717074,0.012080916927425772,0.0004989938640230784,0.0019919715593695875,1.449710031391273
2777,43650,0.19991163252852862,0.025,0.0,0.8872452050447464,0.027297950809892974,0.008719859933910442,0.0013227307129498318,-0.00739712922096061,continuous_direct_verified,gamma_low,0.19948960589474748,0.8888565195901188,0.022748292341577474,0.0004220266337811307,0.0016113145453724442,1.2000000000000002
2778,43938,0.19324085800908508,0.025,0.0,0.9205551609396935,0.02357465575953531,0.007126911656180843,0.001247206569979117,-0.005879705086201726,continuous_direct_verified,gamma_low,0.192863282813325,0.9220331774257131,0.01934940967915754,0.0003775751957600937,0.0014780164860196399,1.2183656323597845
2779,11842,0.19580337302759293,0.025,0.0,0.896082417666912,0.022614442430257713,0.006789276627622057,0.0012862655513605993,-0.005503011076261458,continuous_direct_verified,gamma_low,0.19540302038085625,0.8976292660427956,0.018197546651802492,0.0004003526467366847,0.0015468483758835916,1.2427192996379939
2780,15154,0.18800012865103782,0.025,0.0,0.9207783445715904,0.028436596080762683,0.0068033542426428,0.0016263277194954484,-0.005177026523147351,continuous_direct_verified,gamma_high,0.18849761782137495,0.9187514780505365,0.034123915296915226,0.0004974891703371231,0.0020268665210538828,1.2000000000000002
2781,44290,0.19853794113732876,0.025,0.0,0.8638345025479793,0.03414040887562676,0.006520678245112488,0.0015948604414690885,-0.004925817803643399,continuous_direct_verified,gamma_low,0.19801157526938765,0.8658779263092806,0.028450340729688963,0.0005263658679411087,0.0020434237613012884,1.2000000000000002
2782,12418,0.19960354785434903,0.025,0.0,0.9102691411972046,0.04173468349465476,0.006301863797664628,0.0020285533431243278,-0.0042733104545403,continuous_direct_verified,gamma_low,0.19895746844205606,0.9127808096554052,0.0347789029122123,0.0006460794122929714,0.002511668458200611,1.2000000000000002
2783,28162,0.19768347637727857,0.025,0.0,0.8962330266833305,0.03990186522688368,0.006295161870844704,0.0019058655260969493,-0.004389296344747755,continuous_direct_verified,gamma_low,0.1970715088503071,0.8986342971668401,0.033251554355736394,0.0006119675269714575,0.0024012704835095766,1.2000000000000002
2784,27266,0.19991816664114598,0.025,0.0,0.932313223183155,0.07393797720060391,0.00925624907923531,0.003521453447736121,-0.005734795631499189,continuous_direct_verified,gamma_low,0.1987636788251344,0.9369666345928278,0.061614981000503256,0.0011544878160115735,0.004653411409672792,1.2
2785,26290,0.1867146312259138,0.025,0.0,0.9007628224790096,0.06710416283323203,0.008421106641327664,0.0029929784032445804,-0.005428128238083084,continuous_direct_verified,gamma_low,0.18573570385384353,0.9049609478503956,0.055920135694360024,0.0009789273720702818,0.0041981253713859745,1.2000000000000002
2786,14386,0.18713372959755364,0.025,0.0,0.8929219640791416,0.0677144883890657,0.00801580490586782,0.0029996103540989427,-0.005016194551768877,continuous_direct_verified,gamma_low,0.18614295981639456,0.897165727940551,0.05642874032422141,0.0009907697811590843,0.004243763861409455,1.2000000000000002
2787,17154,0.19850294082425535,0.025,0.0,0.8520465046167374,0.07596876331547334,0.007741717022864556,0.003323968267499196,-0.00441774875536536,continuous_direct_verified,gamma_low,0.19731704385472124,0.8568805770992114,0.06330730276289444,0.0011858969695341115,0.004834072482474028,1.2000000000000002
2788,46210,0.19955086912959819,0.025,0.0,0.8734815493226051,0.11383326512429234,0.010479729563137533,0.0048561601570422455,-0.005623569406095288,continuous_direct_verified,gamma_low,0.1977560232940774,0.8810799755283553,0.0948610542702436,0.0017948458355207808,0.007598426205750131,1.2000000000000002
2789,5634,0.1977649711072445,0.025,0.0,0.8562285654246806,0.1198613957577579,0.010448629918574924,0.004957421538918543,-0.005491208379656381,continuous_direct_verified,gamma_low,0.19588692686729864,0.8642908378094258,0.09988449646479823,0.0018780442399458641,0.008062272384745217,1.2000000000000002
2790,33858,0.19548412421718242,0.025,0.0,0.8969174958765507,0.11781993058945942,0.00997918311161992,0.0050435272788167205,-0.0049356558328032,continuous_direct_verified,gamma_low,0.19366710398166526,0.9048113356823164,0.09818327549121617,0.0018170202355171639,0.007893839805765746,1.2000000000000002
2791,46962,0.1900458512827754,0.025,0.0,0.9131328299641609,0.11964100406876459,0.0097124290591934,0.005089258402785181,-0.004623170656408219,continuous_direct_verified,gamma_low,0.1882539915764532,0.9211696916228113,0.09970083672397047,0.001791859706322202,0.008036861658650363,1.2000000000000002
2792,32562,0.18822970031760633,0.025,0.0,0.9119226828217506,0.2153292737428205,0.014500256586050505,0.007932545432837328,-0.006567711153213177,continuous_direct_verified,gamma_low,0.18502570027306,0.9279469647399503,0.17944106145235045,0.0032040000445463235,0.016024281918199712,1.1999999999999997
2793,4738,0.19998249746859076,0.025,0.0,0.9168250940740108,0.2120465300935106,0.013728267948141495,0.00821179647962406,-0.005516471468517435,continuous_direct_verified,gamma_low,0.19663098406118515,0.932568097388844,0.17670544174459218,0.0033515134074056097,0.015743003314833248,1.2
2794,13794,0.19080018666572873,0.025,0.0,0.8849987432360649,0.198448308590062,0.013453194869920455,0.007380925826318024,-0.006072269043602431,continuous_direct_verified,gamma_low,0.18779789810989864,0.8995271374640139,0.16537359049171835,0.003002288555830096,0.014528394227949049,1.1999999999999997
2795,11890,0.1894687497057021,0.025,0.0,0.9235814966261386,0.18110637958871487,0.01256238803569943,0.007115940326202817,-0.0054464477094966135,continuous_direct_verified,gamma_low,0.18675583011176744,0.9366351201214179,0.15092198299059573,0.0027129195939346595,0.013053623495279276,1.2
2796,34402,0.19204167351126672,0.025,0.0,0.8793179005384445,0.3229091395447161,0.017084683159537456,0.009248281917299839,-0.007836401242237617,continuous_direct_verified,a1_high,0.19704640590474454,0.852177089128776,0.3779739766233531,0.005004732393477818,0.027140811409668508,1.1705273413947817
2797,11426,0.19388520577922463,0.025,0.0,0.9289462618529797,0.2724697288305409,0.01643525291308242,0.009540364196718542,-0.006894888716363878,continuous_direct_verified,gamma_low,0.18974188207202566,0.9502494094542889,0.2270581073587841,0.00414332370719897,0.021303147601309247,1.2
2798,39538,0.18973006014712157,0.025,0.0,0.9324109017848968,0.2624262042910887,0.016395072217227503,0.009218706298928278,-0.007176365918299225,continuous_direct_verified,gamma_low,0.18581971973357547,0.9527890009464877,0.21868850357590727,0.003910340413546098,0.020378099161590835,1.2
2799,44738,0.19730979003943505,0.025,0.0,0.8966037571430205,0.3576938125526551,0.0162460982516717,0.009909721035267197,-0.006336377216404504,continuous_direct_verified,a1_low,0.1923082646415961,0.923629639106148,0.3028591310494736,0.005001525397838963,0.027025881963127496,1.181056722025079
2800,41218,0.1987506308127195,0.025,0.0,0.9224723763763905,0.41396694872855266,0.023677469608920778,0.009367111823389266,-0.014310357785531512,continuous_direct_verified,a1_low,0.19374506934901412,0.9507612239680829,0.35831983598034683,0.005005561463705371,0.02828884759169248,1.1553001178289721
2801,21186,0.19715679027140143,0.025,0.0,0.9158960960805416,0.36830879188625604,0.020012592481881916,0.009944027964052983,-0.010068564517828933,continuous_direct_verified,a1_low,0.1921525423051288,0.9433036918876158,0.3131520205409411,0.005004247966272635,0.027407595807074192,1.1761341703944197
2802,6850,0.1971219195984304,0.025,0.0,0.8601206578314304,0.44086270871219396,0.019373906594240195,0.008584278594336307,-0.010789627999903888,continuous_direct_verified,a1_low,0.19211704285153153,0.8886201807427013,0.3843853833034833,0.0050048767468988675,0.02849952291127089,1.146928910052025
2803,3138,0.19559835908003154,0.025,0.0,0.8768113173544407,0.39221310590601505,0.01810297902429153,0.00932387111303598,-0.008779107911255548,continuous_direct_verified,a1_low,0.1905925929301646,0.9046396353801418,0.33631319218532413,0.005005766149866947,0.02782831802570107,1.1662138596391647
2804,26946,0.19602126004174353,0.025,0.0,0.9025823719799518,0.7191552119177459,0.017815538465185927,0.005525718767116453,-0.012289819698069474,continuous_direct_verified,m_high,0.19173368718449657,0.9325823719799519,0.661380272984463,0.004287572857246957,0.030000000000000027,1.0873550985616411
2805,14274,0.19673276389949024,0.025,0.0,0.891624217480421,0.7257088061839285,0.016604952859687713,0.005470503096686735,-0.011134449763000978,continuous_direct_verified,m_high,0.19242343589956384,0.921624217480421,0.667576127281564,0.004309327999926393,0.030000000000000027,1.087080224302038
2806,39282,0.1906054708641023,0.025,0.0,0.8539685390889644,0.6254397969526959,0.015294782797230025,0.0057129610201339534,-0.009581821777096072,continuous_direct_verified,m_low,0.19512582024424116,0.8239685390889644,0.684977680736874,0.004520349380138872,0.030000000000000027,1.0951936286661994
2807,24642,0.1954180623870343,0.025,0.0,0.8464809440076351,0.8680906511196372,0.014869302050023552,0.004074902049277107,-0.010794400000746445,continuous_direct_verified,m_low,0.19949534730262156,0.816480944007635,0.9318531681294676,0.004077284915587259,0.030000000000000027,1.0734514499466057
2808,14978,0.19986945688724522,0.025,0.0,0.9699100680649281,0.01211441496171543,0.019136697458329525,0.0006624085782277117,-0.018474288880101813,continuous_direct_verified,gamma_low,0.1996794751646825,0.9706114102579069,0.010047775557042974,0.00018998172256270984,0.0007013421929787933,1.205681286662882
2809,20306,0.18455673623830082,0.025,0.0,0.9996755979955196,0.01001995034493513,0.006925018839638328,0.004655356026938835,-0.002269662812699493,continuous_direct_verified,gamma_high,0.18473767401595928,0.9996755866280291,0.012023940413922159,0.00018093777765845753,1.1367490504454736e-08,1.2000000000000002
2810,17250,0.1924813345074654,0.025,0.0,0.9673343732953071,0.011336953580105875,0.0066218682626492135,0.004318622512919783,-0.0023032457497294302,continuous_direct_verified,gamma_high,0.1933105273401434,0.9636671950461982,0.020741435358437876,0.0008291928326779885,0.0036671782491088933,1.8295422321244235
2811,29602,0.19317522449418906,0.025,0.0,0.9907825864851475,0.0117243119105991,0.006273886131359018,0.0033070506372168064,-0.0029668354941422112,continuous_direct_verified,gamma_high,0.1940081242129174,0.9873912970812295,0.021092803410807416,0.0008328997187283527,0.003391289403917974,1.7990653585170266
2812,36482,0.1998371559660882,0.025,0.0,0.98608218729496,0.017164447493646543,0.023367320340545564,0.001005285498813016,-0.022362034841732548,continuous_direct_verified,gamma_low,0.19955070124844337,0.9871408722420885,0.014052500441522018,0.000286454717644824,0.0010586849471284632,1.2214514822521843
2813,6018,0.19926070258952677,0.025,0.0,0.9756320439279079,0.026889089638071094,0.01000490300819865,0.0016843043544400766,-0.008320598653758574,continuous_direct_verified,gamma_high,0.19975801597250353,0.9737462441240095,0.032266907565685315,0.0004973133829767606,0.0018857998038984691,1.2000000000000002
2814,21762,0.1986252413131297,0.025,0.0,1.007905653864145,0.021926946584661326,0.00850195666597146,0.0016165877051305755,-0.0068853689608408845,continuous_direct_verified,gamma_high,0.1990842223548815,1.0061872659379563,0.026917854673598193,0.00045898104175179366,0.0017183879261888357,1.2276152801151157
2815,41858,0.19927404923364522,0.025,0.0,0.9684458181262016,0.018555947213371008,0.0077766687147225915,0.0010836180479258128,-0.006693050666796778,continuous_direct_verified,gamma_low,0.1989599481201063,0.9696186712470081,0.015136179550659845,0.00031410111353891157,0.0011728531208065052,1.2259333440955438
2816,19186,0.1893727352842689,0.025,0.0,0.9687727488577366,0.0292815926175061,0.00720448032652771,0.0017565584802189367,-0.005447921846308774,continuous_direct_verified,gamma_high,0.18988804006183568,0.9667047524107496,0.035137911141007325,0.0005153047775667829,0.002067996446986964,1.2000000000000002
2817,10674,0.18624019734561448,0.025,0.0,1.000321915000677,0.03330002154992757,0.006892936437447213,0.0016969809357010944,-0.005195955501746118,continuous_direct_verified,gamma_low,0.1857617324012564,1.0022603813651743,0.027750017958272966,0.00047846494435807574,0.0019384663644972377,1.2000000000000004
2818,11122,0.19019118859432638,0.025,0.0,0.9839143253862858,0.030625284933809345,0.006603116184265765,0.001863379228312013,-0.0047397369559537515,continuous_direct_verified,gamma_high,0.19073265664864048,0.9817546874525305,0.03675034192057122,0.0005414680543140982,0.0021596379337552873,1.2000000000000002
2819,978,0.18491241643205286,0.025,0.0,0.9916289158165454,0.028274155274675004,0.006586432546602509,0.0017062724667555743,-0.004880160079846934,continuous_direct_verified,gamma_high,0.18539788858011458,0.9896488805924237,0.03392898632961001,0.00048547214806171635,0.0019800352241217123,1.2000000000000002
2820,17266,0.19032181105576457,0.025,0.0,1.0047436282038689,0.0706238041124472,0.009256882212728875,0.003485644691010895,-0.00577123752171798,continuous_direct_verified,gamma_low,0.18927479430177283,1.0091059301521108,0.05885317009370599,0.0010470167539917419,0.004362301948241942,1.2000000000000002
2821,11138,0.1993884282652289,0.025,0.0,0.9576178535819053,0.05696840131781859,0.00869275334468719,0.0028344694434695966,-0.0058582839012175925,continuous_direct_verified,gamma_low,0.19850580479043212,0.9611034139259929,0.04747366776484882,0.0008826234747967843,0.003485560344087535,1.2000000000000002
2822,16338,0.18478408278897407,0.025,0.0,0.9720942825078964,0.07433832752795211,0.008444712566851642,0.0034802787595525084,-0.004964433807299134,continuous_direct_verified,gamma_low,0.18371279115945455,0.9767511877138895,0.06194860627329341,0.0010712916295195218,0.004656905205993045,1.2000000000000002
2823,1842,0.18816479952074588,0.025,0.0,0.940306206792593,0.07023776108189113,0.008138056596019065,0.0032536127744725407,-0.004884443821546524,continuous_direct_verified,gamma_low,0.18713379895392931,0.9446972928630918,0.058531467568242596,0.00103100056681657,0.004391086070498762,1.2000000000000002
2824,37554,0.18662177720107143,0.025,0.0,1.0172998420894146,0.12535121985661704,0.010682513367008466,0.0057147140824429215,-0.004967799284565545,continuous_direct_verified,gamma_low,0.1847836176203224,1.0256918118937095,0.10445934988051422,0.001838159580749038,0.008391969804294908,1.1999999999999997
2825,18898,0.18524926570244138,0.025,0.0,1.000483227521181,0.12862723168275447,0.010642596197338537,0.005729136480806688,-0.004913459716531849,continuous_direct_verified,gamma_low,0.1833758992896361,1.0091447557659465,0.10718935973562875,0.0018733664128052774,0.008661528244765515,1.1999999999999997
2826,31826,0.18373125875368718,0.025,0.0,0.9933727793395519,0.12557991941086188,0.010469766825633654,0.0055535062741051,-0.004916260551528553,continuous_direct_verified,gamma_low,0.18191783182580745,1.0018139743612695,0.10464993284238491,0.0018134269278797244,0.008441195021717585,1.2
2827,12594,0.18773439703509215,0.025,0.0,0.9615248970687389,0.0997578075623303,0.009730872540022268,0.0045171323134608095,-0.0052137402265614585,continuous_direct_verified,gamma_low,0.18626638166431314,0.968021789374729,0.0831315063019419,0.0014680153707790078,0.006496892305990154,1.2000000000000002
2828,25410,0.19626829554326836,0.025,0.0,0.9680387318134308,0.2068810629053523,0.013895869696557433,0.008324605518626245,-0.005571264177931188,continuous_direct_verified,gamma_low,0.19306692824320626,0.9833426777818148,0.17240088575446028,0.003201367300062097,0.015303945968384025,1.1999999999999997
2829,21378,0.19930571592412893,0.025,0.0,0.991471641510725,0.1990995848896143,0.013308345625909632,0.008344862198543452,-0.00496348342736618,continuous_direct_verified,gamma_low,0.19617827773317922,1.0060876205690692,0.16591632074134527,0.0031274381909497107,0.01461597905834422,1.1999999999999997
2830,24498,0.18615520666353408,0.025,0.0,0.9724151477217674,0.17986461046405003,0.013230163476970334,0.00729270068631992,-0.005937462790650414,continuous_direct_verified,gamma_low,0.1835141273956441,0.9853460211834184,0.14988717538670837,0.0026410792678899786,0.012930873461651005,1.2
2831,40114,0.18701278250664477,0.025,0.0,0.9923098526895046,0.20554660199420569,0.013158229283827693,0.008178879664106263,-0.00497934961972143,continuous_direct_verified,gamma_low,0.1839837423178117,1.007482639879098,0.17128883499517142,0.003029040188833071,0.015172787189593362,1.2
2832,9794,0.19583064857870341,0.025,0.0,1.0030234701931477,0.35629682332527723,0.02012841862327843,0.010854361106716122,-0.009274057516562309,continuous_direct_verified,a1_low,0.19082875352709028,1.0307870776092285,0.3008392981393018,0.005001895051613137,0.02776360741608075,1.1843426890335855
2833,32370,0.1895174577832222,0.025,0.0,0.985984556376934,0.3435985008567316,0.018576571981257402,0.009893294059832943,-0.008683277921424459,continuous_direct_verified,a1_high,0.1945263466262995,0.957107117616802,0.4002809199998635,0.0050088888430772915,0.028877438760132046,1.1649670152861535
2834,46786,0.19721949067898098,0.025,0.0,0.9649775721132755,0.2802065561562144,0.01808482440192529,0.010099979220992619,-0.007984845180932672,continuous_direct_verified,gamma_low,0.1928981926349826,0.9870759230078304,0.23350546346351206,0.0043212980439983895,0.02209835089455492,1.1999999999999997
2835,1362,0.1843074334319681,0.025,0.0,1.0080173216760158,0.2555088889309122,0.016955362112862176,0.00944153750948733,-0.007513824603374845,continuous_direct_verified,gamma_low,0.18061398284739957,1.0277987202911276,0.21292407410909356,0.0036934505845685195,0.019781398615111856,1.1999999999999997
2836,42946,0.1967477908357978,0.025,0.0,0.9528070405125618,0.44783400730650424,0.024594242984201594,0.009206036467730456,-0.015388206516471138,continuous_direct_verified,a1_low,0.19174110995387642,0.982375163773949,0.3907488744613256,0.005006680881921383,0.029568123261387136,1.146091611713212
2837,21506,0.19796976991929116,0.025,0.0,0.9586323380470275,0.4684020040944238,0.02252039259874453,0.008976511645703802,-0.013543880953040727,continuous_direct_verified,a1_low,0.19296386260798964,0.9885561092714721,0.411135540067519,0.005005907311301516,0.029923771224444562,1.139288527616708
2838,17026,0.19993264498189095,0.025,0.0,0.979423463344574,0.39482078156546196,0.02123018897461279,0.010033937776659172,-0.011196251197953618,continuous_direct_verified,a1_low,0.1949259721673,1.0074511863879028,0.33979544250405597,0.00500667281459094,0.02802772304332879,1.161936660056143
2839,45378,0.19595678853802384,0.025,0.0,0.9853090479969978,0.3843357705508114,0.020397875196537123,0.010293874864107011,-0.010104000332430111,continuous_direct_verified,a1_low,0.19095297755727436,1.0136847130279187,0.32841609213544193,0.005003810980749479,0.028375665030920927,1.170270823368508
2840,28546,0.19917741580866277,0.025,0.0,0.9719551220536232,0.7500613234697507,0.020910216776722924,0.00538460542038276,-0.015525611356340164,continuous_direct_verified,m_high,0.1950032078930646,1.0019551220536231,0.6935859301137213,0.004174207915598166,0.029999999999999916,1.0814252292383868
2841,35522,0.19709119279868903,0.025,0.0,0.9954252898693084,0.7366390030073219,0.020813722856421166,0.005486244527721306,-0.015327478328699861,continuous_direct_verified,m_high,0.19295485988176292,1.0254252898693084,0.6807170994641673,0.004136332916926111,0.029999999999999916,1.0821514599635798
2842,32706,0.19670354374684396,0.025,0.0,0.9358762629330158,0.8083582599817657,0.018215910252086864,0.004841207773140326,-0.013374702478946537,continuous_direct_verified,m_high,0.19266064247982512,0.9658762629330159,0.7504096499132229,0.004042901267018839,0.030000000000000027,1.0772226344307325
2843,6274,0.19966215747408572,0.025,0.0,0.951421745121479,0.6985012412846797,0.014961127926798356,0.005854615502863282,-0.009106512423935075,continuous_direct_verified,m_high,0.19531839495413622,0.9814217451214791,0.6419386188734145,0.004343762519949501,0.030000000000000027,1.0881121975657597
2844,45554,0.18854908798821274,0.025,0.0,1.0873190701007842,0.010762121237069933,0.0075284002087326295,0.004401938695721038,-0.003126461513011591,continuous_direct_verified,gamma_high,0.18940774961529086,1.0836595421044366,0.02067947758406328,0.0008586616270781222,0.0036595279963476113,1.9215057262905746
2845,12578,0.19487663139589134,0.025,0.0,1.0241279445588587,0.01473726500673668,0.007363628694307887,0.0058524128843889765,-0.0015112158099189104,continuous_direct_verified,gamma_low,0.1946425593747575,1.0241279597237776,0.012281054172280564,0.0002340720211338465,1.51649188762093e-08,1.2000000000000002
2846,26274,0.1935616594273597,0.025,0.0,1.0631704680621623,0.01065079047189504,0.007107730745328167,0.004548065749317339,-0.002559664996010828,continuous_direct_verified,gamma_high,0.19439990060335752,1.0595852423968832,0.02010395686124681,0.000838241175997817,0.0035852256652790793,1.8875553804477214
2847,41394,0.18634576085023585,0.025,0.0,1.0235995374619962,0.010041049398266015,0.0070766833036693295,0.0046324529461371855,-0.002444230357532144,continuous_direct_verified,gamma_high,0.18652874029416372,1.0235995260864936,0.01204925927791922,0.00018297944392786647,1.1375502539934246e-08,1.2000000000000002
2848,46722,0.1997709554154426,0.025,0.0,1.0901985496282576,0.020924551858903368,0.01630752177635216,0.0037977438225086663,-0.012509777953843495,continuous_direct_verified,gamma_low,0.1990659952908931,1.093099267814102,0.013204971239774856,0.0007049601245494863,0.0029007181858444753,1.5845965492053682
2849,22658,0.19965945291332904,0.025,0.0,1.0752916537225246,0.0171372223598016,0.014574427284642005,0.0012767949052994026,-0.013297632379342603,continuous_direct_verified,gamma_high,0.19999986458873398,1.0740758921876739,0.02082261995179842,0.0003404116754049391,0.0012157615348507012,1.2150522129328014
2850,11826,0.18761308575049046,0.025,0.0,1.0487814456224442,0.024277386420900878,0.008323774758921387,0.0014001932164829757,-0.006923581542438411,continuous_direct_verified,gamma_low,0.18723852275600394,1.0502394508189952,0.01995465255246031,0.00037456299448651587,0.0014580051965509266,1.2166278694693482
2851,18802,0.19058772120624784,0.025,0.0,1.0642905704677106,0.02107279827530527,0.008122990091458896,0.004552011494467856,-0.0035709785969910398,continuous_direct_verified,gamma_high,0.19173655913121068,1.0601452811651022,0.03399787147546896,0.0011488379249628422,0.004145289302608379,1.6133534346651195
2852,1282,0.19867609515786172,0.025,0.0,1.0955040261149405,0.04084995828005442,0.00870177432474961,0.0023243198322606736,-0.006377454492488936,continuous_direct_verified,gamma_low,0.19804731044347465,1.097823818315497,0.03404163190004535,0.0006287847143870706,0.0023197922005564475,1.2000000000000002
2853,37250,0.19909787154756486,0.025,0.0,1.0239247255027295,0.04263268193053924,0.0075583719555846075,0.002287423156787296,-0.005270948798797311,continuous_direct_verified,gamma_low,0.19844116319773805,1.026423412812361,0.035527234942116036,0.0006567083498268123,0.002498687309631542,1.2
2854,43362,0.1927875567227602,0.025,0.0,1.0885252475738525,0.04472391674272117,0.007314423328425981,0.002468035491500662,-0.00484638783692532,continuous_direct_verified,gamma_low,0.19211912817386534,1.091096580075456,0.037269930618934306,0.0006684285488948727,0.0025713325016034627,1.2000000000000002
2855,28882,0.18586390856653456,0.025,0.0,1.0725320905447004,0.03432404542365887,0.007251407318739714,0.002201831601368846,-0.005049575717370868,continuous_direct_verified,gamma_high,0.18645835361806792,1.07016122732012,0.041188854508390646,0.0005944450515333599,0.002370863224580466,1.2000000000000002
2856,16002,0.1998121992684901,0.025,0.0,1.0852787762880325,0.06969716237372466,0.009929237346054108,0.0037949632493324745,-0.006134274096721633,continuous_direct_verified,gamma_low,0.19872635743354203,1.089480273743492,0.05808096864477053,0.0010858418349480592,0.004201497455459613,1.2000000000000002
2857,17842,0.1864289709366858,0.025,0.0,1.0697451151907442,0.0763779614128828,0.008823845041560424,0.0038877009181073493,-0.004936144123453074,continuous_direct_verified,gamma_low,0.18531775077104354,1.0744274864953525,0.06364830117740232,0.0011112201656422738,0.004682371304608246,1.2000000000000004
2858,47682,0.19568530595861378,0.025,0.0,1.0941190406680108,0.07687754179391829,0.008424929576053432,0.004115276240049025,-0.004309653336004407,continuous_direct_verified,gamma_low,0.1945102409164527,1.0987974116919943,0.06406461816159857,0.001175065042161083,0.004678371023983496,1.2
2859,626,0.18964419774711133,0.025,0.0,1.0801214948296547,0.0595109698846322,0.007246568510254296,0.0031622437734062227,-0.004084324736848074,continuous_direct_verified,gamma_low,0.18876636786515757,1.083651058686517,0.04959247490386016,0.0008778298819537567,0.0035295638568622056,1.2000000000000002
2860,40578,0.19979229574091734,0.025,0.0,1.0496135279536247,0.12060859513306639,0.011336801679008694,0.005944417277796889,-0.005392384401211804,continuous_direct_verified,gamma_low,0.19789947549595624,1.0575843449389049,0.10050716261088867,0.0018928202449610965,0.007970816985280127,1.2
2861,33522,0.1894111843314022,0.025,0.0,1.0811199396848679,0.1167842716822413,0.011274384923707158,0.0057219777967435805,-0.005552407126963577,continuous_direct_verified,gamma_low,0.18767309601841725,1.0887324013595538,0.09732022640186774,0.0017380883129849423,0.0076124616746859886,1.2000000000000002
2862,46626,0.19452305380254986,0.025,0.0,1.0262714520096778,0.12772459164210406,0.010884975480071162,0.006010320104953273,-0.0048746553751178884,continuous_direct_verified,gamma_low,0.19257018892562291,1.034830066414837,0.1064371597017534,0.0019528648769269463,0.00855861440515926,1.2
2863,12386,0.19221101840958,0.025,0.0,1.0997544161975383,0.09254132589139098,0.010441574601650088,0.0048081139207847914,-0.005633460680865296,continuous_direct_verified,gamma_low,0.1908173827288963,1.1055276550351225,0.07711777157615915,0.0013936356806836803,0.0057732388375841825,1.2
2864,28114,0.18517518253065646,0.025,0.0,1.1008718855679036,0.19160428288022924,0.013596107560412338,0.008386908984865089,-0.005209198575547249,continuous_direct_verified,gamma_low,0.18237496023438124,1.1146636823898095,0.15967023573352437,0.0028002222962752177,0.0137917968219059,1.2
2865,25506,0.19313282351940875,0.025,0.0,1.0293871693313121,0.1676010289270482,0.01336021927572308,0.007424780119030892,-0.005935439156692188,continuous_direct_verified,gamma_low,0.19058205123633207,1.0412120948267234,0.13966752410587352,0.00255077228307668,0.011824925495411254,1.1999999999999997
2866,34178,0.19883561632595959,0.025,0.0,1.0964037597179412,0.1971854016455828,0.013025546840828038,0.00895353115840269,-0.004072015682425349,continuous_direct_verified,gamma_low,0.19574206172601136,1.1106988324614386,0.1643211680379857,0.0030935545999482283,0.014295072743497395,1.1999999999999997
2867,6082,0.19671839312650263,0.025,0.0,1.0504409864544868,0.2005879395808413,0.013020362043954277,0.00870172430127525,-0.004318637742679026,continuous_direct_verified,gamma_low,0.19360887742633634,1.065121080138714,0.16715661631736778,0.003109515700166293,0.014680093684227291,1.2
2868,44002,0.19101898311637344,0.025,0.0,1.045361625403166,0.3155617685572616,0.01990533093148641,0.011169638452376595,-0.008735692479109816,continuous_direct_verified,gamma_low,0.18634237804613427,1.0710484247075207,0.2629681404643847,0.004676605070239176,0.0256867993043548,1.1999999999999997
2869,26754,0.19969808398745958,0.025,0.0,1.103241828083992,0.32232116838113883,0.019670923491672175,0.01209565787004077,-0.0075752656216314055,continuous_direct_verified,gamma_low,0.19470184170548835,1.1295927164475488,0.26860097365094904,0.004996242281971236,0.026350888363556813,1.2
2870,12914,0.18960956986993555,0.025,0.0,1.1023191429674624,0.31542119655471296,0.019571048246578165,0.01154202370215937,-0.008029024544418794,continuous_direct_verified,gamma_low,0.1849606350426316,1.1279969977299733,0.2628509971289275,0.004648934827303941,0.025677854762510943,1.1999999999999997
2871,24770,0.1974062059540302,0.025,0.0,1.072934354841709,0.2877178600033889,0.018804970751141983,0.011100775536536668,-0.007704195214605315,continuous_direct_verified,gamma_low,0.192971309052303,1.09584946662578,0.23976488333615742,0.004434896901727187,0.02291511178407113,1.2
2872,5762,0.19975137459114195,0.025,0.0,1.0264563664793966,0.36887831732316895,0.02032070827777388,0.010755904976078269,-0.009564803301695611,continuous_direct_verified,a1_low,0.19474835225333215,1.0540471337230473,0.31431126285186317,0.005003022337809804,0.027590767243650616,1.173608333268743
2873,39746,0.1962096746079624,0.025,0.0,1.1099521979689597,0.3622736017320342,0.02023411700692842,0.011517060835057873,-0.008717056171870546,continuous_direct_verified,a1_low,0.19120372868307306,1.1379013257633817,0.3069617570481346,0.005005945924889343,0.027949127794421935,1.1801913216024045
2874,43682,0.19375899583101275,0.025,0.0,1.071379479020834,0.43615351201213054,0.018371117981458046,0.008887344326626226,-0.00948377365483182,continuous_direct_verified,m_low,0.19860451300909057,1.041379479020834,0.4919844098641728,0.004845517178077824,0.030000000000000027,1.128007447640338
2875,14114,0.19504411285743117,0.025,0.0,1.1060915529727935,0.5134607593846806,0.01808557123505128,0.007713323758838478,-0.0103722474762128,continuous_direct_verified,m_low,0.19962894908703827,1.0760915529727935,0.5680501093175992,0.004584836229607092,0.030000000000000027,1.106316498262374
2876,578,0.19561433345079426,0.025,0.0,1.1018472678959368,0.7428931025755718,0.018739214132037614,0.005054789001402494,-0.01368442513063512,continuous_direct_verified,m_low,0.19958861763881186,1.0718472678959368,0.7979080561126688,0.003974284188017596,0.030000000000000027,1.0740550064960395
2877,44802,0.1983179967850447,0.025,0.0,1.0975079514086246,0.6789991543574723,0.017627552913519574,0.006229034185043805,-0.01139851872847577,continuous_direct_verified,m_high,0.19409440853264098,1.1275079514086246,0.6249457087120964,0.004223588252403709,0.030000000000000027,1.086493026341073
2878,34722,0.19304952458478514,0.025,0.0,1.0772906608879564,0.7174360788219023,0.017217744760593515,0.005206573751209817,-0.012011171009383698,continuous_direct_verified,m_low,0.19704688747266053,1.0472906608879564,0.772642118006445,0.003997362887875389,0.030000000000000027,1.0769490701878224
2879,23042,0.197930352203548,0.025,0.0,1.0335952430963515,0.7680729046485401,0.016499501941921083,0.005253399889959358,-0.011246102051961724,continuous_direct_verified,m_high,0.19388986088081414,1.0635952430963516,0.712627866875367,0.004040491322733847,0.030000000000000027,1.0778036340569739
2880,37506,0.19998701573349537,0.025,0.0,1.1898183077573776,0.01014725383018406,0.09087651683579338,0.06529958643689515,-0.02557693039889823,continuous_direct_verified,gamma_high,0.2,1.1806899782850444,0.012176704596220873,1.2984266504645348e-05,0.009128329472333219,1.2
2881,9858,0.1997173178009689,0.025,0.0,1.1544094212353229,0.014445355077654511,0.01040510198475588,0.000896781313641164,-0.009508320671114715,continuous_direct_verified,gamma_low,0.19949422279954618,1.155169827451944,0.012030487873406956,0.00022309500142272953,0.0007604062166211012,1.2007289504514236
2882,6306,0.19409544933587314,0.025,0.0,1.1915062226355075,0.011971706048779014,0.008580571784099055,0.005068319271782371,-0.0035122525123166843,continuous_direct_verified,gamma_high,0.19432327895453466,1.1915062101834804,0.014366047258534818,0.00022782961866152363,1.245202718713756e-08,1.2000000000000002
2883,3314,0.18890523533336823,0.025,0.0,1.1755102090537548,0.010986204943592065,0.008496706813120692,0.004617761483519063,-0.003878945329601629,continuous_direct_verified,gamma_high,0.18910850206287844,1.1755101980562102,0.013183445932310479,0.00020326672951020974,1.09975446527244e-08,1.2000000000000002
2884,19074,0.19990505594760183,0.025,0.0,1.1223008327186106,0.0204138111212106,0.0170104483660423,0.0037642891855908817,-0.01324615918045142,continuous_direct_verified,gamma_low,0.19894467724738515,1.1256403256788865,0.01,0.0009603787002166742,0.003339492960275914,2.04138111212106
2885,31874,0.1994381667580456,0.025,0.0,1.1764540992677213,0.025559235496331736,0.013462561384775414,0.0017316195336264239,-0.01173094185114899,continuous_direct_verified,gamma_low,0.19900584217476633,1.1779347019877855,0.02089573071214094,0.0004323245832792699,0.001480602720064228,1.2231797896151668
2886,21538,0.1941609145142138,0.025,0.0,1.1999924652278424,0.025415865497219498,0.008980186887805717,0.005654579630009233,-0.003325607257796484,continuous_direct_verified,gamma_high,0.19541317024609003,1.1959962261723527,0.039096967612725686,0.001252255731876234,0.0039962390554897365,1.5382898377788041
2887,13730,0.19331274149008099,0.025,0.0,1.1598265700042247,0.02657469792717535,0.008280597884017384,0.0057986131484634475,-0.0024819847355539368,continuous_direct_verified,gamma_high,0.19453300940277068,1.155913276824589,0.039978343116295514,0.0012202679126896987,0.003913293179635735,1.5043762012215973
2888,47106,0.19815071942284707,0.025,0.0,1.19169115498662,0.04147831867569629,0.009554853804693833,0.0025265118976948685,-0.007028341906998964,continuous_direct_verified,gamma_low,0.1975104108695524,1.193946949834377,0.03456526556308024,0.0006403085532946662,0.0022557948477570644,1.2000000000000002
2889,19714,0.1985691267065704,0.025,0.0,1.1270088315010072,0.04550307058576239,0.009417636117014383,0.0026337394350188776,-0.0067838966819955045,continuous_direct_verified,gamma_low,0.1978673264910677,1.1295863777303699,0.03791922548813532,0.0007018002155027014,0.0025775462293626816,1.2000000000000002
2890,35010,0.1974576162174344,0.025,0.0,1.1682581946253776,0.032329739126598735,0.009092791366604267,0.0023285440592685767,-0.006764247307335691,continuous_direct_verified,gamma_high,0.1980547262509307,1.166130588839823,0.038795686951918484,0.0005971100334963009,0.0021276057855545982,1.2000000000000002
2891,30514,0.18820211184211078,0.025,0.0,1.1924808658659458,0.03241098789289916,0.008837881489923696,0.0023006890059085157,-0.00653719248401518,continuous_direct_verified,gamma_high,0.18877359742075042,1.1903722260933818,0.038893185471479,0.0005714855786396467,0.002108639772564036,1.2000000000000002
2892,35186,0.19057676647789779,0.025,0.0,1.1161937244236468,0.07710364777295443,0.009509841932713077,0.004121930147871169,-0.005387911784841908,continuous_direct_verified,gamma_low,0.18942788560508458,1.1208493021843233,0.06425303981079535,0.0011488808728132016,0.004655577760676488,1.2000000000000004
2893,13538,0.1914379152469337,0.025,0.0,1.1358345054090022,0.04906328752020799,0.00827651494844417,0.0027766484063102828,-0.005499866542133888,continuous_direct_verified,gamma_low,0.19070734825244487,1.1386199566348756,0.040886072933506656,0.0007305669944888404,0.00278545122587337,1.2000000000000002
2894,8370,0.18688957397826017,0.025,0.0,1.1440236695110797,0.04810430264711267,0.008076468706119373,0.002698783591318417,-0.005377685114800955,continuous_direct_verified,gamma_low,0.18619020462521238,1.1467425275032137,0.04008691887259389,0.0006993693530477907,0.002718857992134005,1.2
2895,30178,0.1907985996920616,0.025,0.0,1.1603578858077526,0.0486049611178479,0.007974909089529717,0.002795825700296294,-0.005179083389233423,continuous_direct_verified,gamma_low,0.19007634347723545,1.1630846947704427,0.040504134264873246,0.0007222562148261336,0.002726808962690175,1.2000000000000002
2896,41346,0.19905467848293484,0.025,0.0,1.1960159122943876,0.12497932274892466,0.03696036784180661,0.02682302916440208,-0.010137338677404531,continuous_direct_verified,gamma_low,0.1970188470028965,1.2,0.10414943562410389,0.0020358314800383304,0.003984087705612316,1.2
2897,11170,0.19323635483160617,0.025,0.0,1.1978060372173784,0.1128168989898386,0.012956997221093756,0.007109226395016846,-0.0058477708260769095,continuous_direct_verified,gamma_high,0.19532929066669208,1.1889844432920806,0.1353802787878063,0.0020929358350859073,0.0088215939252978,1.2
2898,15282,0.18607013425789776,0.025,0.0,1.1974529854953289,0.08741038189465683,0.012519280933160503,0.005618754699017004,-0.006900526234143499,continuous_direct_verified,gamma_high,0.18762277907483713,1.1909789797057906,0.10489245827358819,0.0015526448169393692,0.006474005789538273,1.2
2899,25218,0.19994544219225646,0.025,0.0,1.162886331230402,0.10899936604692534,0.01220964271663466,0.005940498396267706,-0.006269144320366953,continuous_direct_verified,gamma_low,0.19822833432020387,1.169737210672294,0.09083280503910444,0.0017171078720525923,0.006850879441891999,1.2
2900,29698,0.19795437934808435,0.025,0.0,1.1991067148745058,0.16936755872663461,0.07603095295974556,0.06810989912424446,-0.007921053835501096,continuous_direct_verified,gamma_low,0.19511234963916907,1.2,0.14113963227219553,0.0028420297089152835,0.0008932851254941365,1.1999999999999997
2901,14466,0.1996495189610869,0.025,0.0,1.1906434588134287,0.1930549411872965,0.0348900809784432,0.02874924789274424,-0.006140833085698957,continuous_direct_verified,gamma_low,0.19651807922412234,1.2,0.16087911765608043,0.0031314397369645586,0.009356541186571254,1.2
2902,34754,0.19676287071779375,0.025,0.0,1.1923832349479198,0.16487049625596567,0.029129444277830863,0.009516619237600362,-0.0196128250402305,continuous_direct_verified,gamma_high,0.19989655348423843,1.178228701463971,0.19784459550715877,0.0031336827664446842,0.014154533483948795,1.1999999999999997
2903,36434,0.1839193894527853,0.025,0.0,1.1941145837306975,0.20004994848167115,0.019282262372861618,0.010321601461838928,-0.00896066091102269,continuous_direct_verified,gamma_high,0.18747577379433464,1.1760374444770876,0.24005993817800536,0.00355638434154934,0.018077139253609875,1.2
2904,35586,0.19839011412113905,0.025,0.0,1.1978898622095584,0.33758260967032405,0.13359028079514254,0.11077449427857633,-0.02281578651656621,continuous_direct_verified,m_low,0.19999962890202316,1.1678898622095584,0.3587559664937295,0.0016095147808841137,0.030000000000000027,1.0627205200057044
2905,30914,0.1974990131799132,0.025,0.0,1.1920651249587535,0.3467906311177907,0.12235620098996307,0.08345555074947807,-0.038900650240485,continuous_direct_verified,m_low,0.1999993451328764,1.1620651249587535,0.3768086539432657,0.002500331952963203,0.030000000000000027,1.0865594976678568
2906,7874,0.19735764805227518,0.025,0.0,1.1942392528057098,0.25140302290218364,0.08296939101110579,0.08142097813385712,-0.0015484128772486616,continuous_direct_verified,gamma_low,0.1932064011363981,1.2,0.20950251908515305,0.004151246915877094,0.0057607471942902055,1.2
2907,26402,0.19505720231682067,0.025,0.0,1.1936899267137049,0.3130286024378264,0.049178059514770174,0.019062814855222102,-0.030115244659548072,continuous_direct_verified,m_low,0.19999537472882753,1.1636899267137049,0.366949418565865,0.004938172412006864,0.030000000000000027,1.172255237087315
2908,24194,0.19978052321821455,0.025,0.0,1.1948783338069915,0.44154512304902627,0.15168105309843816,0.12088905761022868,-0.030791995488209475,continuous_direct_verified,a1_low,0.19477925692202466,1.2,0.390806254494838,0.005001266296189882,0.005121666193008467,1.1298312603000022
2909,17218,0.19629022120498124,0.025,0.0,1.1771515168249607,0.5721094359182299,0.08307805510948314,0.022472364005443807,-0.060605691104039336,continuous_direct_verified,m_low,0.19999441277610175,1.1471515168249606,0.618256277406594,0.0037041915711205076,0.030000000000000027,1.0806608641479558
2910,4034,0.1966667846310884,0.025,0.0,1.1813363067805767,0.4974269421422966,0.07767692159721093,0.04115572618298229,-0.03652119541422864,continuous_direct_verified,m_low,0.1999948260316353,1.1513363067805766,0.5379209050855814,0.003328041400546905,0.030000000000000027,1.0814068549823361
2911,290,0.19492499106563632,0.025,0.0,1.1957882791757584,0.3747657043751591,0.07658132683115175,0.010966487544404277,-0.06561483928674747,continuous_direct_verified,m_low,0.19999373337255763,1.1657882791757583,0.4308307833342052,0.005068742306921309,0.030000000000000027,1.1496003457747621
2912,38594,0.1972433229442686,0.025,0.0,1.1804571747779846,0.775315285632356,0.12137301084718863,0.034558210053818234,-0.0868148007933704,continuous_direct_verified,m_low,0.1999976380247965,1.1504571747779846,0.816158207527158,0.002754315080527897,0.030000000000000027,1.0526791134544575
2913,25858,0.1986461183987558,0.025,0.0,1.1862529709935188,0.8560094739887439,0.1178083899400303,0.0707777071073291,-0.047030682832701204,continuous_direct_verified,m_low,0.2,1.1562529709935188,0.8821571293412902,0.0013538816012442223,0.030000000000000027,1.0305459882712584
2914,4610,0.1978130840696395,0.025,0.0,1.1903716817498207,0.689542039142209,0.09520854917937928,0.05800098438485004,-0.03720756479452924,continuous_direct_verified,m_low,0.2,1.1603716817498206,0.7217284054299925,0.0021869159303605223,0.030000000000000027,1.046677888309498
2915,45186,0.1995988870970905,0.025,0.0,1.1830884091556073,0.6315625735250291,0.09511921153018686,0.07608593515960425,-0.019033276370582608,continuous_direct_verified,a1_low,0.1945988870970905,1.2,0.5745946234455519,0.0050000000000000044,0.016911590844392643,1.099144592996484
