state_id,split,a1,m,gamma,sigma_max_3p,sigma_mid_3p,sigma_min_3p,condition_3p,sigma_min_2p_a1_gamma,condition_2p_a1_gamma,cos_a1_m,cos_a1_loggamma,cos_m_loggamma,null_a1_tol_units,null_m_tol_units,null_loggamma_tol_units,null_da1_actual,null_dm_actual,null_dloggamma_actual,null_gamma_factor_signed
36954,train,0.1639588685706258,0.9388482108712196,0.3151905524741272,5.89436083287829,0.19681160209378193,0.0059101955361785495,997.3207818246741,0.11385598873582556,51.67974690900319,-0.8998805965255146,-0.9992503156289615,0.9160591418057819,0.5411249121406603,-0.5769719727807074,0.6117901372908042,0.0027056245607033013,-0.017309159183421224,0.11154253026204664,1.118001291882324
43235,train,0.06508896141313017,0.400128448009491,0.01965680558318335,6.033904151790282,0.10723941815780584,0.00021755405082608267,27735.195593365042,0.004097895787488271,1471.8347037825185,-0.849896189221724,-0.9997338961530545,0.8618085971833986,0.028343438865131534,-0.03814310206363092,0.998870238438538,0.00014171719432565767,-0.0011442930619089274,0.18211557690726285,1.1997528495908503
27020,train,0.05396774569526315,1.1285501889884473,0.023378830652006848,5.859742864710152,0.07594895480159244,0.0005532377180809858,10591.72697956283,0.003557248270218867,1646.6455328310858,-0.9046508929820778,-0.9996394410823335,0.9156279250798095,0.02131857845791123,-0.04625117519800037,0.998702331530941,0.00010659289228955615,-0.001387535255940011,0.18208496385847334,1.1997161220605042
20403,train,0.05036928723566234,0.5713280975818634,0.981863911527326,4.790409162882025,0.13240222609978433,0.0010203751671712124,4694.752789959092,0.11750996315524609,40.76500056659532,-0.4660072214352034,-0.9984060768622743,0.5151914290728634,0.22602428502652502,-0.8874940707101469,0.4015809968519189,0.001130121425132625,-0.026624822121304403,0.07321687252491003,1.0759638586119853
23933,train,0.19995604250580074,0.6002859130501748,0.011183724204797874,4.547161341864288,0.23660220136364243,0.0004239130465867861,10726.636932919602,0.005567154900768603,812.2065833901007,-0.896009710701415,-0.9995850324065619,0.9083914302736686,0.04027722059743708,-0.023329850653917517,0.9989161444132391,0.00020138610298718542,-0.0006998955196175255,0.1821239465560365,1.1997628911428386
47612,train,0.062211250374093655,1.1932418413460253,0.9933856554309576,5.111341834344898,0.1217528007747327,0.0012615380431948654,4051.674748864761,0.1139394179178974,44.816533574241035,-0.9783299627542159,-0.9989945523920292,0.9866250531834712,0.20574308407994887,-0.9349083974551411,0.2891644371653104,0.0010287154203997445,-0.02804725192365423,0.05272091035342705,1.0541354057838495
14890,train,0.17241411898285153,1.190443619340658,0.01144663497045597,4.608422188129395,0.18791253528702556,0.0007223235987947999,6379.99671590208,0.004065718859872131,1129.1978765343204,-0.9045003253827345,-0.9996833864887543,0.9147740971723992,0.03335108302593158,-0.021211698837402038,0.9992185792375101,0.0001667554151296579,-0.0006363509651220611,0.18217908694402632,1.1998290483581027
15581,train,0.19528155736625197,0.40606362000107765,0.623369877122705,7.872011021827208,0.28425969021668757,0.002327496900206192,3382.1789498967028,0.13963673548003233,55.839042412275475,0.9814210424926884,-0.9990588700550636,-0.9721773231858019,0.801978287557768,-0.4865086696663004,0.3466123780614827,0.00400989143778884,-0.014595260089989012,0.06319490837222427,1.0652344421100275
26351,train,0.11607323680073024,0.7837131291627883,0.010364736088823092,5.269059165493554,0.15542733937936132,0.0003423787144300418,15389.56408042177,0.003440864267046971,1528.4471866838853,-0.9004891794026788,-0.9995513500198343,0.9130458120213933,0.020486548593415723,-0.021986970770080105,0.9995483352210063,0.00010243274296707862,-0.0006596091231024032,0.18223920856829945,1.1999011861978404
47023,train,0.1186610320582986,0.5228163331747055,0.18860471785136818,5.432892139666429,0.17113388853155173,0.002889522635740709,1880.2040421717427,0.06568697680271596,82.70288874991819,-0.37525880152770347,-0.9994952876216299,0.40448201020223473,0.3828478119888135,-0.3834894688381259,0.8404542701097009,0.0019142390599440676,-0.011504684065143777,0.15323293094052748,1.1655964508019736
44908,train,0.056989539274945857,0.807711485773325,0.12509506308416965,5.748173429847712,0.08548393619559347,0.0018964901591522528,3030.9534706033983,0.025343113426401397,226.73075204145,-0.8852735766653576,-0.9994391944796459,0.9003026103857878,0.11893854426303654,-0.2955993464653073,0.9478790265945718,0.0005946927213151828,-0.008867980393959219,0.1728187797810606,1.1886506780286379
43296,train,0.1097791621927172,1.1979442782700063,0.12252325685644101,5.121807683509935,0.13053689730101767,0.004374724179703413,1170.7727100310976,0.03575865473330168,143.01447981839618,-0.9128031361866265,-0.9995609156026308,0.9244060741566679,0.21946523549957364,-0.2716158961759888,0.9370484594468051,0.0010973261774978682,-0.008148476885279664,0.17084413391771835,1.1863058297686924
13149,train,0.19391688238829374,0.6507624544203281,0.09618365631371588,4.717529159086624,0.22689670285727473,0.0031894304163586746,1479.1133661014485,0.047658794604214724,98.66563522446859,-0.8601592259592001,-0.9994961201723913,0.8758771546455594,0.31595381177213827,-0.2089187702990608,0.9254869724871252,0.0015797690588606915,-0.006267563108971824,0.1687362256163765,1.1838078395542861
17054,train,0.1310329024679959,1.1941224232316017,0.9656855288994776,7.374945248362659,0.15673389798338863,0.002340106297887841,3151.542840177482,0.13657891057152932,53.90780012219628,-0.9771863563838907,-0.9990012241508759,0.9856961925815542,0.4094177917856663,-0.8699250123737051,0.2749682611065464,0.0020470889589283316,-0.02609775037121115,0.05013264143387213,1.051410547729945
15282,train,0.18607013425789776,1.1974529854953289,0.08741038189465683,4.573086453409271,0.1912560037256547,0.004913078660691743,930.7985418587615,0.035444811748887486,128.48072996981773,-0.9101348729943429,-0.999600218560716,0.9213693115357082,0.26637152433111655,-0.18283084987914733,0.9463715398076942,0.0013318576216555828,-0.00548492549637442,0.17254393244323077,1.1883240254460248
29137,train,0.1434486834332347,0.48113246336579324,0.0276416383995828,5.062824999471483,0.19436974797401554,0.0006659872572364221,7601.984789439006,0.010984074930927134,459.8907077276554,-0.8670253579377167,-0.9996503929144409,0.8798722126806583,0.07860105787366664,-0.05628113046013261,0.9953161849659984,0.0003930052893683332,-0.0016884339138039783,0.1814675963452205,1.1989756848860647
21704,train,0.09486225987784566,0.869789543747902,0.6377711021900164,5.943772126782441,0.16780103189613288,0.0028210646218887326,2106.925194362624,0.13947224513042925,42.587447621961786,-0.9099774374225994,-0.9988974423293464,0.9284289381998589,0.36747268040642944,-0.8305636961716208,0.41848270663989173,0.0018373634020321472,-0.024916910885148625,0.07629841856593286,1.079284604668911
25858,train,0.1986461183987558,1.1862529709935188,0.8560094739887439,9.302651213279129,0.1770112137593518,0.0034172200062003275,2722.2863018477187,0.13640854572425357,68.07534678412641,-0.9713952237198233,-0.9990112722393102,0.9809863067903489,0.5801816469575451,-0.7691483749554398,0.2679552832788271,0.002900908234787726,-0.02307445124866319,0.04885402439856087,1.0500670553816485
10890,train,0.17761286939494314,0.8880806736648083,0.027110694488185462,4.639026286370753,0.2038268258609612,0.0013195595283742847,3515.586971726919,0.012000942087049568,384.9324069854795,-0.9008348828354235,-0.9995479570282539,0.913401235962229,0.08121710381753494,-0.058276675178139614,0.9949912618599589,0.00040608551908767474,-0.0017483002553441884,0.18140835585868903,1.1989046590869747
46985,train,0.14443188123404982,0.6375678606331349,0.9428366545589089,7.113012489360997,0.22094564826175495,0.0023296359260858053,3053.272148542154,0.17158785882974434,41.43982233693848,-0.7758742292065314,-0.9984806482866442,0.8094522472298641,0.532374349977792,-0.7763116126353817,0.3375171574500721,0.00266187174988896,-0.02328934837906145,0.06153665359096744,1.0634694757896024
39456,train,0.11071149888448419,1.191649518162012,0.011547441314932442,5.18165162551927,0.1363016581685916,0.0005280659671118018,9812.508186921681,0.002967978474653337,1743.1232267690573,-0.9045165200331128,-0.9996838771748529,0.9147811795914498,0.021613862656806513,-0.02139431297860861,0.999537455182759,0.00010806931328403257,-0.0006418293893582582,0.18223722490278824,1.199898805997601
17728,train,0.11097410977818073,0.8684605464339257,0.06469085126971846,5.2283593651161455,0.14474029226098978,0.0020536404931582454,2545.8980685930937,0.02129618430977773,245.12257835573016,-0.8975438083150825,-0.9995054668128673,0.9108991825946132,0.12126819340631668,-0.14623354590342486,0.9817890686499211,0.0006063409670315834,-0.0043870063771027454,0.17900131143954037,1.1960223126778071
39907,train,0.06426591803319753,0.4064323455095291,0.209622650623434,5.703908783291313,0.10797867597375765,0.0015508327738391768,3677.9650775440828,0.045115914629726084,126.32547004783262,0.9203281506291143,-0.9996040136076586,-0.9089651048745796,0.28342110183810504,-0.41728036565207494,0.8634521269150626,0.0014171055091905251,-0.012518410969562247,0.15742593599620547,1.1704940632945102
38397,train,0.19787906208075584,0.7700512483716011,0.8618850596311263,8.692588075997515,0.22687074513986305,0.0030738650807516235,2827.9016312166823,0.1636541261579492,53.065180389775975,-0.9055899235512083,-0.9986330319514867,0.9265155415434276,0.6250789040725228,-0.7206082206562343,0.3000002600101363,0.0031253945203626138,-0.021618246619687028,0.05469651444363921,1.0562200185098451
39660,train,0.055279417987912895,1.1990382455289363,0.1266810714289931,5.598957486513775,0.07409867125899186,0.002574800107035423,2174.5212264109737,0.02141492962551581,261.34531406201654,-0.9131231778166362,-0.999556831769389,0.924758730120244,0.11602438032184072,-0.2869662018770308,0.9508883962648844,0.0005801219016092036,-0.008608986056310924,0.17336745274432053,1.1893030374680604
1831,train,0.09721836885437371,0.6003743179142476,0.030242008260191813,5.515382299423971,0.1409747183053809,0.000665345096823639,8289.506191229837,0.009134656063330235,603.0650251328233,-0.8861911072973423,-0.999570963137885,0.8993452399313021,0.0534097488780777,-0.06454779719324999,0.9964843102639798,0.0002670487443903885,-0.0019364339157974997,0.18168057076807886,1.1992310632341372
31222,train,0.14590160828083754,1.0793328188359737,0.03569592400666443,4.848633604838868,0.16956760090025735,0.0017674623374029778,2743.274072794791,0.012680520152854502,381.3128654774079,-0.9044917932064154,-0.9996029657432052,0.9160318384662505,0.08771883587597878,-0.07385105589039376,0.9934039598151586,0.0004385941793798939,-0.0022155316767118126,0.18111895647877882,1.1985577470225528
40777,train,0.14752505915239456,0.7457808516919613,0.12645018971413746,5.036900550584054,0.18474246333533798,0.003681702856857732,1368.0899155677541,0.052823672485713506,95.15819193241006,-0.8738354170514245,-0.9994427184941638,0.889536336213897,0.30278103714225485,-0.284709584171129,0.9095405962507461,0.0015139051857112743,-0.00854128752513387,0.16582885747573772,1.1803710727509382
38655,train,0.11357693197205664,0.41995969489216806,0.7459154375388077,6.10448403877027,0.21168599566220841,0.0019164759464801583,3185.2651477217332,0.14567763345053042,41.728495956428006,0.970866992217977,-0.9988276564918598,-0.958131735309542,0.590003517208829,-0.685263516456384,0.42697747328757474,0.002950017586044145,-0.020557905493691516,0.07784719764573979,1.0809574732032798
8075,train,0.07840581722557545,0.6436148911714554,0.3078114616514722,5.568181970324147,0.13094306815409154,0.0028849264417444747,1930.0949548499218,0.07963955093181949,69.90714109381629,-0.6691105714213045,-0.9992896118693431,0.6966136322859396,0.3220792373695121,-0.6078599200652349,0.7257901090768314,0.0016103961868475605,-0.018235797601957048,0.132327182592542,1.1414817311291037
47845,train,0.16717490772716703,0.4790447875857353,0.19887962619425184,5.491470788536392,0.22082879911638473,0.0032319804660401394,1699.1039538257503,0.07950759008520766,69.06458284079321,0.2830074561508129,-0.9995281509076432,-0.253441752771413,0.5415019217608588,-0.359762247724165,0.7598333987406405,0.0027075096088042937,-0.010792867431724949,0.13853400816243522,1.1485887422985024
588,train,0.05005007991567254,0.8780346922576427,0.9857294803416208,4.820356388699836,0.12463437412634973,0.0010598593872026732,4548.109350073678,0.11558608730599391,41.68199780827124,-0.9530116952188211,-0.9986254087202971,0.9675755299027236,0.17917957933340797,-0.9269154288406645,0.32973089956361434,0.0008958978966670399,-0.027807462865219932,0.06011705093150925,1.0619608427765963
3974,train,0.15399753390811385,1.1983359426259994,0.2779425512465542,5.552333028141857,0.1716148077795478,0.00698172962040514,795.2661202912155,0.09428360889053274,58.76141063302163,-0.9256052599909533,-0.9993954611453522,0.9381562737653875,0.49903307478345865,-0.5471419843208842,0.67201312432539,0.002495165373917293,-0.016414259529626527,0.12252247901297446,1.1303445288177572
33858,train,0.19548412421718242,0.8969174958765507,0.11781993058945942,4.7211290458205495,0.2133570025697573,0.00486770173918175,969.8887275320532,0.0562761164154601,83.55464932061632,-0.8960976097022806,-0.9994543606128051,0.9102114489241484,0.35860524985116676,-0.26178719919082805,0.896029986729799,0.001793026249255834,-0.00785361597572484,0.16336558211464344,1.1774670719157252
10708,train,0.08301647249609233,1.0102193765342236,0.12732528742307248,5.403862011308352,0.1106624335095273,0.0031525386802274398,1714.1302802091204,0.03314698201494677,162.88638218634523,-0.904244371343393,-0.9994734802372139,0.9175547380982796,0.17179526578509735,-0.298037869968091,0.9389674194127884,0.0008589763289254868,-0.00894113609904273,0.17119400168614168,1.1867209525568285
3926,train,0.14978256830945613,0.9840046644210815,0.010056664208555511,4.866404437873791,0.17867499752850768,0.0004917888668745213,9895.312329458327,0.0037299284501925,1300.7837231020428,-0.902774460782489,-0.9995937314049926,0.9145598073849915,0.025366699197601313,-0.020631348417531392,0.9994652960629961,0.00012683349598800658,-0.0006189404525259417,0.18222406873973618,1.199883020037105
28968,train,0.0876298310700804,0.983832024037838,0.011048859811248063,5.5175721737639485,0.11900597153334211,0.00035719396271713464,15446.991689871778,0.0027175426417920226,2028.2677444412973,-0.9027690378947907,-0.9995926110428792,0.914571091359382,0.016239939524256522,-0.0226140772614139,0.9996123588040833,8.11996976212826e-05,-0.000678422317842417,0.1822508814476376,1.1999151925813516
35033,train,0.15804156051017346,0.7039451792836189,0.010121313112118049,4.876248957054381,0.1978623623809407,0.00037994068855083863,12834.237300704122,0.004272899329538714,1137.1962762940514,-0.8991825111554999,-0.9995559395320885,0.9117703980047388,0.02770467862347073,-0.021434274337884585,0.9993863230332797,0.00013852339311735365,-0.0006430282301365376,0.18220967025401355,1.1998657436629492
5080,train,0.09754279796034099,1.0881000511348247,0.03949721381674213,5.315473251279031,0.124729039647865,0.0014442651529762655,3680.399849241799,0.010363664862390876,512.2592800985108,-0.9047903432914844,-0.9996025062714271,0.9163188800352228,0.06506222212553263,-0.08218214926431211,0.9944913280639435,0.0003253111106276632,-0.0024654644779293633,0.1813172071507056,1.1987953854564544
27632,train,0.12358555495738985,1.0004294075071811,0.34652036006245296,5.724451794845934,0.16636160574958944,0.005216039688298229,1097.470904542442,0.10891575073678719,52.490427047749634,-0.9116684438512705,-0.9992351333750655,0.9270100495801475,0.444208071196684,-0.6534155244302561,0.6129660201979021,0.00222104035598342,-0.019602465732907682,0.11175691906427614,1.1182410045351179
13160,train,0.09000170528888704,1.156170129776001,0.37860888023025896,5.5077171114572625,0.13124519520947883,0.004493051039797705,1225.8300790870255,0.09486979241531211,58.00025714076693,-0.9313911730114516,-0.9992753401151708,0.9445412311807727,0.34437775442052093,-0.721768316188408,0.6003785972258091,0.0017218887721026047,-0.021653049485652238,0.10946196051198015,1.1156776303220906
6407,train,0.10329401986673475,0.4040326058864594,0.069045350991627,5.463036496224978,0.15433100275597592,0.0010327523248714957,5289.783779382669,0.021479825594102935,254.3084419074782,-0.44680231580918967,-0.9997049061752145,0.46837725949586756,0.1605385319588583,-0.13900875803964874,0.9771918670070728,0.0008026926597942916,-0.004170262741189462,0.17816314247912055,1.1950202639011056
27889,train,0.13705139169469477,0.711629455536604,0.030578530949209624,5.050165272418516,0.17753512907953553,0.0010152191637275104,4974.458178937611,0.011877991343856462,424.1160334267739,-0.8943388253764473,-0.9995370455376031,0.9074867429514119,0.0728492632914349,-0.06649603916198243,0.9951237418601083,0.0003642463164571745,-0.001994881174859473,0.18143250981856035,1.1989336177317313
22652,train,0.06306389081291855,0.9275683149695396,0.044681750460681034,5.778099792870776,0.09049953089427742,0.000987616021931106,5850.55291182168,0.008954262156478392,644.9514245996421,-0.901060878561871,-0.999538794368173,0.9137344469067366,0.04767036698602572,-0.09829315823594631,0.9940150859797959,0.0002383518349301286,-0.002948794747078389,0.181230377952513,1.1986912995332524
5189,train,0.1708154072985053,0.7041874513030052,0.36312626636189865,6.345649198122821,0.21904673087426907,0.004688687174312794,1353.3957293819421,0.12555461385891564,50.50932340792522,-0.7661940100145564,-0.9992016857184282,0.7912292784669266,0.6042982757497178,-0.5725593961124992,0.5540752041457978,0.003021491378748589,-0.017176781883374976,0.10101985380079007,1.1062986057775217
40175,train,0.1157842385582626,0.7234100311994552,0.3169908840415808,5.673615856884818,0.17093489244723664,0.004080492191719676,1390.4243876260766,0.10267764010262558,55.22545701469026,-0.8047409108884416,-0.9992484415796519,0.8271192294576781,0.43664473204072934,-0.6000410792340166,0.6702925340571506,0.0021832236602036467,-0.018001232377020497,0.12220877831666453,1.1299899945637255
5762,train,0.19975137459114195,1.0264563664793966,0.36887831732316895,6.609080268236559,0.2110661946178873,0.0064198433437795245,1029.4768757309935,0.12413837619974373,53.130685701998694,-0.9168941711556391,-0.9992219818035315,0.931893619786317,0.6300174189856168,-0.5864314996281876,0.5090934570572835,0.0031500870949280843,-0.01759294498884563,0.0928187116443002,1.0972627962678587
29241,train,0.1560648416168988,0.4010447598993778,0.8302469518511466,6.895897674123509,0.26102941885260794,0.001959036149210927,3520.0461598940287,0.1583019055716652,43.26197967842575,0.976684188645631,-0.9986773310546838,-0.9643561702200493,0.7120851043343192,-0.6022507953611353,0.3608722539515363,0.003560425521671596,-0.01806752386083406,0.06579479114418743,1.0680075300739507
4846,train,0.13927189558744432,0.9600301764905452,0.11447216448173879,4.9885166963071255,0.166792126206517,0.004121175534501639,1210.4596502974173,0.043985763161129905,113.15229053299869,-0.9010056406107405,-0.999472125040573,0.9145576862167718,0.2565601411559807,-0.2620345841427595,0.9303304631598142,0.0012828007057799034,-0.007861037524282785,0.16961929837613815,1.1848536897231219
20699,train,0.07411323380656541,0.5556608147919178,0.07442184079763503,5.733325315474134,0.11382288798800587,0.0011362429833046061,5045.862020462865,0.01853476204465801,309.18865924897887,-0.837267174119538,-0.9995631260077312,0.8530312499088537,0.10373513258556788,-0.16246710497574934,0.9812458723827855,0.0005186756629278394,-0.00487401314927248,0.17890227505047154,1.195903868811937
25270,train,0.14774349266663195,0.900929519534111,0.8840052105861796,7.537089877592432,0.19552759736271325,0.002736767495337174,2754.01176403692,0.1601252286918702,47.00995031870441,-0.9471784538951035,-0.9987108254954485,0.9622311772342106,0.48501505359827746,-0.8178556617840762,0.30963287013944496,0.0024250752679913874,-0.024535669853522284,0.05645274691840398,1.0580766162382604
46722,train,0.1997709554154426,1.0901985496282576,0.020924551858903368,4.415516781735344,0.2106491922743707,0.0013292589782690572,3321.7881947167057,0.008959039162191939,490.30978369040423,-0.9040893909894463,-0.9996245500040692,0.9153294047380862,0.07029651229271679,-0.04184341162045169,0.996648147173034,0.0003514825614635839,-0.0012553023486135506,0.18171044176839793,1.199266886000638
42175,train,0.11147972266189755,0.48813490346074107,0.012690853625728435,5.423153906205083,0.1618947614334481,0.00026330018490882437,20596.848073171743,0.004151441472768711,1304.1553990414307,-0.8877608122625664,-0.999653230352774,0.8995496905204058,0.02763665078312948,-0.02554863948679853,0.9992914902839234,0.0001381832539156474,-0.0007664591846039559,0.18219238019951586,1.199844998098198
9372,train,0.06633969014510513,0.9697378195822238,0.3180840239555909,5.441645337981457,0.10658340125009415,0.0033635942870325185,1617.8066893978075,0.07145458535047786,76.11763454006997,-0.9053340793348162,-0.9992551990033435,0.9210159558772264,0.2517700572887089,-0.6696692322462389,0.6986808696648087,0.0012588502864435444,-0.020090076967387165,0.127384583859442,1.1358537648178084
3653,train,0.17112579294480385,0.4005212582647801,0.014864410400854278,4.838503094495589,0.2242805642099836,0.0003467500819186927,13953.862873578615,0.006456411107808156,746.9890210150069,-0.8652461639163022,-0.9997356114529847,0.8765285515406402,0.05597799972820417,-0.028652807956218496,0.9980207814182293,0.00027988999864102086,-0.0008595842386865548,0.18196070258089062,1.199567053064384
39384,train,0.09787740157917144,0.8530360050499439,0.1794586083548853,5.356959043148456,0.13479707920102943,0.003764901251400702,1422.868406217943,0.05603252353025865,95.51068930973915,-0.886441378679867,-0.9993839326780396,0.9020955450760771,0.2683169087738838,-0.4144960794681887,0.8695970541414733,0.0013415845438694192,-0.012434882384045661,0.15854628869451023,1.1718061643474047
13414,train,0.16086965585127475,1.0987515091896056,0.6888357981400487,7.688600275407239,0.18522130629412134,0.003899047426121974,1971.917608361688,0.14457035341454738,53.10347698053297,-0.9539227905576686,-0.9989991906544275,0.9663790213417869,0.5283389022111367,-0.7792583398787025,0.33706741779623145,0.0026416945110556834,-0.023377750196361076,0.061454656357127234,1.0633822778093596
30461,train,0.19875760916620494,0.5553875103592872,0.2716792328485144,6.052050185020798,0.2448455041038326,0.004134288007587389,1463.8675810475384,0.10573543269402692,57.23526603762752,-0.22539670162673986,-0.9993867799915612,0.2593408653752134,0.6566783512839605,-0.4315586533859224,0.618490639899027,0.0032833917564198023,-0.012946759601577672,0.11276417632887976,1.119367928366343
1971,train,0.05033442103303969,0.40302822440862657,0.6150334205912187,5.149803930742201,0.11312330585977971,0.0012031820669024796,4280.153496635853,0.08684246496167623,59.14814188211186,0.9826908275805921,-0.9990763377352515,-0.9738247412805925,0.32964181746312493,-0.7656767983294136,0.5523362315470765,0.0016482090873156247,-0.022970303949882406,0.10070280160936915,1.1059479069780431
9474,train,0.19866140251979236,0.8624303661286831,0.011271320461046643,4.4876742219954835,0.22183164673024658,0.0005905972368211479,7598.535757041644,0.005329352891963871,837.5355816054129,-0.9014535124139795,-0.9995591693295629,0.9138288079140703,0.037750227219288716,-0.02374792348410315,0.9990049832083345,0.0001887511360964436,-0.0007124377045230945,0.18214014378346202,1.199782324132623
7874,train,0.19735764805227518,1.1942392528057098,0.25140302290218364,5.567676162000809,0.196864109141879,0.007801462828136526,713.6707928570257,0.09434941240791533,58.83011535413726,-0.923039854389868,-0.99942017761238,0.9355495484888826,0.574786196496524,-0.4765287468580736,0.6652376881498321,0.00287393098248262,-0.014295862405742208,0.12128717094148866,1.128949067187711
17588,train,0.08251640005037189,0.8011943534016609,0.02666515326828258,5.621070557999944,0.11768286432431141,0.0006699014587620887,8390.89165201569,0.006855632431061724,819.1663934612964,-0.8986307658360853,-0.9995365602365104,0.9115049070738056,0.037565589246868876,-0.0579240063953429,0.99761397142765,0.00018782794623434438,-0.0017377201918602869,0.18188653235008886,1.1994780841986576
11458,train,0.19753380366601053,0.8387806601822376,0.32766465540582196,6.288427428069911,0.2240847857732373,0.005771689966333137,1089.5296637121808,0.12168431449123955,51.59402840502614,-0.874050787261258,-0.9992234255982428,0.8924870319310383,0.625798116187949,-0.5417129753281603,0.5611806929472244,0.003128990580939745,-0.01625138925984481,0.10231533758084817,1.1077327264166494
4254,train,0.1314114181790501,0.9290050618350506,0.026255746930338938,5.038473899333154,0.16357765431358565,0.0010777222454487077,4675.1135745884085,0.00924789878245212,543.5691516121847,-0.9017233065614195,-0.999558845750155,0.9140776738374868,0.05813720330196018,-0.056021936563959374,0.9967354755479759,0.0002906860165098009,-0.0016806580969187812,0.18172636361366964,1.1992859806944474
12749,train,0.18759068902581932,0.5714981004595756,0.916074775921282,8.064965537933055,0.25131913648941273,0.002528967899604854,3189.0343642531757,0.17019436771700014,47.384896175218906,-0.32136691345914475,-0.9984984964227621,0.37274749739245105,0.6634265350762057,-0.6771365622735096,0.31835720282285607,0.003317132675381029,-0.020314096868205286,0.058043380835231875,1.0597609680290607
14906,train,0.1699593312572688,0.8280481867492199,0.07210129320771788,4.746041653914479,0.19873907102341348,0.0029166415389713096,1627.228300255366,0.032475531869789,145.6344928063323,-0.8943371723413008,-0.9994933866444046,0.9080646253458885,0.20496186104039335,-0.16219974678561455,0.9652366951486773,0.0010248093052019668,-0.004865992403568436,0.1759834569341586,1.1924183322325215
46202,train,0.16754679097793998,1.0037445284426212,0.07502543581047115,4.716443252073124,0.1880070575223339,0.003522893490536062,1338.7981398652632,0.03154554746542685,148.9906334278501,-0.9033227604174984,-0.9995290190400954,0.9159770326486397,0.20764477057128639,-0.16618712991736662,0.9639841736793329,0.001038223852856432,-0.004985613897520998,0.17575509526994987,1.1921460606871148
24822,train,0.14531126259826127,0.8094395063817501,0.36069333781315344,6.028730963299434,0.1947625499215956,0.004868962623371824,1238.1961887241712,0.12137970492987629,49.61860002890804,-0.860712686806149,-0.9991868797330541,0.8805133578780604,0.522804596339873,-0.6222879169579517,0.5826088760515372,0.0026140229816993647,-0.01866863750873855,0.1062221572836924,1.112068903272947
36395,train,0.08308367901481689,0.4146662846207619,0.4966603663261546,5.708920960483628,0.15731627915269436,0.0019206329549566231,2972.416434775046,0.10498387165159996,54.15920983292298,0.9776209296150804,-0.9992535007310698,-0.9687667035862519,0.4904320793244594,-0.6645833742757891,0.5637422409272643,0.002452160396622297,-0.01993750122827367,0.10278236299637146,1.1082501865776109
6231,train,0.08944407934322954,0.740840470790863,0.07368031474177553,5.489772177333522,0.12630448423217858,0.0016923418224417132,3243.8908644430185,0.0212663996435258,257.89896699367347,-0.8861345654492635,-0.9994938942166225,0.900380288347375,0.11377747115088081,-0.167696478282088,0.9792510292209528,0.000568887355754404,-0.00503089434846264,0.1785385721396464,1.1954689941811614
17193,train,0.14868566384539011,0.5907223545014858,0.3021281722008571,5.891352173874269,0.20580782885926024,0.003956565207164484,1489.0067180508752,0.10698024498325161,55.063576390214756,-0.427583063826696,-0.9993275827226298,0.46040998375433495,0.5548131931222449,-0.5194906825619127,0.649855177304033,0.0027740659656112243,-0.01558472047685738,0.11848260761668268,1.1257872938075641
29619,train,0.05053424420766533,0.589269719272852,0.208131621732945,5.752574934213343,0.08513226218922425,0.0017490888667479924,3288.898033470915,0.03903653722243793,147.35394528732388,-0.660322860192575,-0.9994259509124174,0.6853538552499853,0.1765977328552878,-0.4581452376301516,0.8711579546713581,0.000882988664276439,-0.013744357128904547,0.15883087450911934,1.1721396912155062
1418,train,0.17660091328434646,1.0784891329705715,0.1949514673865403,5.1370879026887435,0.1910223525210562,0.006729802655921338,763.3341073038425,0.07924139286926263,64.63472615570336,-0.9112519390411334,-0.9994249310500356,0.924635020606942,0.46784687539550784,-0.412350675341828,0.7817200405054222,0.0023392343769775394,-0.01237052026025484,0.14252441476198183,1.1531812352590587
45021,train,0.19436580077745025,0.47302932962775235,0.11661931810990268,4.9163163527392415,0.2391216545778037,0.0026835222266270295,1832.0386184833856,0.054785070771443095,89.70408316415875,-0.4982282664150379,-0.999600177235913,0.5225140795053662,0.42127645073401726,-0.22876188079891757,0.8776070612468259,0.002106382253670086,-0.0068628564239675265,0.16000668565988874,1.1735187167125962
2483,train,0.05024983044713736,0.778065700829029,0.31892044127021274,5.532956328705268,0.08945381150412947,0.0023043762134570306,2401.0646770236854,0.05932917908838464,93.24103565435125,-0.8466984096080787,-0.9992357452988034,0.866821645880089,0.20190905831900036,-0.6628327979339974,0.7210307997247571,0.0010095452915950018,-0.01988498393801992,0.1314594579022078,1.1404916688602973
8856,train,0.0996616633143276,1.192141702771187,0.975320088766982,6.317535983223838,0.14649179680761218,0.001902861819603947,3320.0182578358426,0.13252208731351384,47.6027679712994,-0.9775205111200793,-0.9989979174251983,0.9859735121622766,0.32188581768924535,-0.9033157415802773,0.283566908125401,0.0016094290884462268,-0.02709947224740832,0.0517003601446714,1.053060156441715
18085,train,0.16450921064242724,0.6332434386014938,0.027797794598463384,4.822643766860549,0.20578811505356498,0.0009481303579756191,5086.477535807962,0.01232446865637893,389.93294420083794,-0.8903410512433317,-0.9995593113270728,0.9034238112575264,0.08155152330755201,-0.05950267724458791,0.9948913410252119,0.00040775761653776005,-0.0017850803173376372,0.1813901381365418,1.1988828179739628
36104,train,0.09392235181294382,1.0376983001828193,0.7124518165607229,5.991022587210512,0.15912219846866318,0.002654531898983161,2256.9035955097847,0.13771434492023196,43.46081598709895,-0.9499048290726191,-0.9989358354181863,0.9632996578146998,0.34123003370385047,-0.8645781472577403,0.3688721884106235,0.0017061501685192524,-0.025937344417732208,0.06725335164901781,1.069566420267647
35090,train,0.18223886257037525,1.0000637762248514,0.011504643752233186,4.580249104334439,0.20337378631505104,0.000648716613932124,7060.477573669288,0.00482956195816,944.1991775295919,-0.9029222686316752,-0.9995979904277426,0.9146347732073539,0.03515275713151452,-0.02342845253225201,0.9991072971798359,0.00017576378565757261,-0.0007028535759675602,0.18215879782602792,1.1998047051319147
29308,train,0.06337862862274052,1.1521687343716622,0.05466870310925123,5.658895083841037,0.08546535078502582,0.0014280827725600656,3962.5819963478493,0.009854287379335282,573.957407588872,-0.9068084078718098,-0.999614974786219,0.9180308098218772,0.05880309265606349,-0.11404072689575961,0.9917342934996092,0.00029401546328031744,-0.003421221806872788,0.18081454031680141,1.1981929422023547
45254,train,0.1556936722248793,1.199684426188469,0.11452371063444325,4.818196875649638,0.1686498952185248,0.005329466164401446,904.0674482245767,0.04206903371810878,114.19631382312105,-0.9122146744626766,-0.9995707719590526,0.9237244616476809,0.28707574274080444,-0.24683700897316307,0.9255587549858721,0.0014353787137040223,-0.0074051102691948915,0.1687493131132986,1.183823332737126
1274,train,0.16906673666089775,1.1764940232038499,0.03618405635764063,4.6262995308008685,0.18365854145879557,0.0021329585543789268,2168.9589426400976,0.013348252153499296,345.3235447672836,-0.9060559868503903,-0.9996480849630347,0.9168176421607955,0.10343333973108569,-0.07148958699478314,0.9920639007560903,0.0005171666986554284,-0.002144687609843494,0.18087463482493366,1.1982649491814543
41066,train,0.1746465276926756,0.938340662419796,0.7423500328830605,8.074243146018263,0.2037816264000363,0.003583841104751375,2252.9579046664808,0.15488496542148708,52.0630836941161,-0.9390398848111141,-0.9988417958396129,0.9544862899921089,0.5646590433013798,-0.7589836955867175,0.324197339056784,0.002823295216506899,-0.022769510867601525,0.059108163565290396,1.060889984177587
9908,train,0.08271036804653706,1.144253319501877,0.018389195019636272,5.499451542683797,0.10890991031254653,0.0006373786437079617,8628.233149906999,0.003938834126825525,1394.9790263204404,-0.9045467209382901,-0.999652656681238,0.9153211951512233,0.02568437269973548,-0.03565840017679661,0.9990339291014354,0.00012842186349867738,-0.0010697520053038984,0.18214542124375496,1.1997886559529067
15388,train,0.06433652117848397,1.0186850316822529,0.9528888088901553,5.189766325775659,0.1362634844689451,0.001380309991515501,3759.855653930024,0.1259595638030623,41.167070081155636,-0.9662738992028036,-0.9987955508017249,0.977740891654177,0.2208216990843738,-0.9235941334578226,0.31338738624230567,0.001104108495421869,-0.027707824003734678,0.057137276139285514,1.0588011485534858
31982,train,0.13945087394677103,1.14415270909667,0.01607314106568802,4.905240838525196,0.16323945373843612,0.0008380533252807218,5853.1368954142545,0.00513923241623607,952.0789072218544,-0.9044128146827283,-0.9996552594119744,0.9151531823938868,0.037808898925423794,-0.030983981833576757,0.9988045254361755,0.00018904449462711897,-0.0009295194550073026,0.18210359601037054,1.1997384755617702
39763,train,0.057737678615376355,0.7084393426775932,0.06481998847913197,5.898800105129422,0.08850567213576059,0.0010135742990279944,5819.800394294035,0.013001755986318154,453.51234511387656,-0.8846366450732823,-0.9995072023429179,0.8987919169082538,0.0655089127967246,-0.14640744038551967,0.9870529082799724,0.000327544563983623,-0.00439222321156559,0.17996102287560503,1.1971706999411242
8409,train,0.15801555439829829,0.5363503687083722,0.012148999137710264,4.925118548424073,0.20578588982356408,0.0003544803570154758,13893.91104740129,0.005154900042889042,952.1348056333472,-0.892273148813624,-0.9996187652921504,0.9043693628647842,0.03597169007756682,-0.02490451200354099,0.9990424429396524,0.00017985845038783412,-0.0007471353601062297,0.18214697349999298,1.1997905183337778
6089,train,0.1472555562388152,0.5522487357258796,0.1273715290370672,5.123389776953589,0.19458210134982518,0.002824417499190899,1813.9633317033577,0.052537151113923604,97.43524627239766,-0.7473629856662417,-0.9995240778798214,0.7674717186421554,0.3322361982915576,-0.2694052730336429,0.9039025984067317,0.001661180991457788,-0.008082158191009287,0.16480092893161608,1.1791583590309096
8564,train,0.07889850451610983,0.8303794726729392,0.327852412230014,5.507806371280669,0.12800858630238518,0.003451583232722655,1595.733320020806,0.08467353826843373,65.01533650221147,-0.8709081775175593,-0.9992230524391599,0.8895724490266768,0.3058301552266078,-0.660830795296373,0.6853981150703818,0.0015291507761330389,-0.01982492385889119,0.12496285136327405,1.1331063589284616
47991,train,0.09238545764237643,0.4488000556826592,0.02776882327778454,5.633050726608449,0.14081293109193876,0.00045080110666105544,12495.645293177551,0.007872349480489078,714.9449485775757,-0.8543009658425131,-0.999679542392844,0.867163365710222,0.052946198954025525,-0.05576787930677729,0.997038937882541,0.0002647309947701276,-0.0016730363792033186,0.18178169133893587,1.1993523362953382
17662,train,0.12784294905140997,1.1921710364520548,0.035990831031580975,4.9781227924486995,0.1499364640343394,0.0017590173155195034,2830.059004267661,0.010755558065637338,461.8748957245609,-0.9062696371718647,-0.9996561681104259,0.9168918161811335,0.07806470009488801,-0.07062527651649508,0.9944435493863207,0.0003903235004744401,-0.002118758295494852,0.18130849606781987,1.1987849426959727
42543,train,0.1200940817128867,0.7841236546635628,0.12362372762046876,5.191094732479931,0.1574749563822238,0.0033026745634867857,1571.7851192094,0.04498403926690829,115.22520534961504,-0.8818179643398033,-0.9994414644735873,0.897039129840114,0.2433471663238123,-0.2845219740316812,0.9272698652146989,0.0012167358316190614,-0.008535659220950436,0.16906128539406434,1.1841927104170664
30912,train,0.1125961970537901,0.9700009457767009,0.12722849075341527,5.181943531586467,0.14238201792695712,0.0038424517677844924,1348.6034034395461,0.04226646944453783,122.41540086711895,-0.9015954905107044,-0.999461018501435,0.9152463887906119,0.2301375127105827,-0.29528153048065275,0.9272785681770013,0.0011506875635529134,-0.008858445914419583,0.16906287213170004,1.1841945894216988
24935,train,0.09953461601398886,0.535408078879118,0.5217812172843554,5.947048965544945,0.17801973410362457,0.002577137017707815,2307.6184636990833,0.12566379199594144,47.31806691716471,0.6445291175780715,-0.9990942510622057,-0.6114249581877603,0.4791441351192467,-0.7057190133257716,0.5219018796779027,0.0023957206755962335,-0.021171570399773146,0.0951539631965664,1.0998281751527625
30088,train,0.09302811073139311,1.0107878662645815,0.31831437165020277,5.475615808391176,0.13561562792030882,0.004467594845826716,1225.6294488086974,0.08860068303325963,61.74495483693095,-0.9113208014292349,-0.999268007135699,0.9263696796725265,0.34182065930425914,-0.6522526907571097,0.67655381476488,0.0017091032965212958,-0.01956758072271329,0.1233503447628217,1.131280689793029
40578,train,0.19979229574091734,1.0496135279536247,0.12060859513306639,4.6746654689643865,0.20728463309074294,0.005699745590290117,820.1533550774581,0.055114899586347604,84.44538584636703,-0.9063017824578056,-0.9994952634798523,0.9191948952463294,0.37107828538706294,-0.26340602780239974,0.8904595277897581,0.0018553914269353149,-0.007902180834071992,0.16234996736863838,1.1762718260519531
44225,train,0.12632904029451314,0.7349647119641304,0.6804613021405475,6.648314128885959,0.19977570439524592,0.0030032140573594927,2213.733021325605,0.15542897190611607,42.754039946916166,-0.8335423242145359,-0.9988173134728612,0.8594057651447791,0.48732452005179205,-0.7775975759436962,0.3973119958455547,0.0024366226002589604,-0.023327927278310883,0.07243854161547475,1.075126728507771
33085,train,0.19733089036308232,0.6954408206045628,0.4238929377568847,7.0687849122694875,0.2374845356052716,0.004593535372269062,1538.8550080496561,0.1356655673066536,52.07846903441821,-0.7337737134497032,-0.9991329632666228,0.7614002671097707,0.6737188649577764,-0.5707547606973793,0.4694058948727444,0.0033685943247888823,-0.017122642820921376,0.08558281352145815,1.0893517706649738
10079,train,0.10890358914621176,0.40726903825998306,0.3201791153367067,5.892135105446488,0.17521818998806585,0.0023783009928396532,2477.4555967415095,0.08927856917029713,65.6900911298741,0.969025563371332,-0.9994941697395556,-0.9606855240207945,0.5521917391466371,-0.5070237221102559,0.6618241673100747,0.0027609586957331855,-0.015210711663307678,0.12066481250783548,1.128246674807164
17237,train,0.17399853323586287,0.6979558639228344,0.8885362831682541,7.983045171090351,0.2272364304831446,0.002755234898497767,2897.410008650419,0.16847714723924348,47.35437036932237,-0.8566354527479049,-0.9985690844949661,0.8829925758581345,0.5915181765782035,-0.7409166679680066,0.3180388936982146,0.0029575908828910176,-0.022227500039040195,0.05798534622008552,1.0596994669937458
38494,train,0.13283244245685638,1.122688367217779,0.10203122069683442,4.963777315874867,0.1540096497987185,0.00419217667920732,1184.0572799554443,0.03513845427853789,140.95294331749662,-0.9086882658366724,-0.9995472289089903,0.920744318090267,0.22209399452213827,-0.2261138664601826,0.9484443984713217,0.0011104699726106914,-0.006783415993805478,0.17292185926179718,1.1887732098384554
38704,train,0.12191798998974265,1.0320591554045677,0.015790732626300524,5.112763562125224,0.15174904166593706,0.0006830765086091722,7484.906152804815,0.004923419148575824,1036.4202955441017,-0.9032906722487651,-0.9996055868456291,0.9148663189837757,0.032336349844070265,-0.03206798511476061,0.9989624641644154,0.00016168174922035134,-0.0009620395534428183,0.18213239164518127,1.1997730232901904
26817,train,0.12627018801867962,0.5737483568489552,0.4469132252988819,6.224199873972714,0.19766966977752423,0.0032918909972756466,1890.7673064277744,0.12710889544696236,48.96729373724507,0.12732135236647613,-0.9991660942321489,-0.08674040706099173,0.5464532556744506,-0.6429081980030031,0.536710246132235,0.002732266278372253,-0.019287245940090094,0.09785384762209562,1.1028015962540783
28223,train,0.11313788271509112,0.7034117095172405,0.04412025492335294,5.281517552237422,0.15387368308542024,0.0012292265339484776,4296.618569786579,0.015049971914952668,350.3655758058695,-0.8901510635660336,-0.9995265658687769,0.9037021205602629,0.0871728976694043,-0.09732628399604626,0.9914274962675991,0.00043586448834702146,-0.0029197885198813875,0.18075860456784126,1.1981259222571568
47948,train,0.05064886407926679,1.0694029606878757,0.17578955637139737,5.616564990144825,0.07271765331394513,0.0026220610440000126,2142.0420409345734,0.030467753146351913,184.28302925486082,-0.9096578724384676,-0.9994421287621377,0.9229604636859127,0.1389428989062263,-0.4175647366569814,0.8979613363303119,0.0006947144945311315,-0.012526942099709441,0.16371770878052233,1.1778817624774587
41537,train,0.12560265716165306,0.6335209600627423,0.12527478894741026,5.21206135500816,0.16974617960623253,0.0028549709100389666,1825.6092686201914,0.04730299340955239,110.0594650516091,-0.8339766385065301,-0.9994777944363389,0.8513365721238609,0.26979277890320963,-0.27788435870250694,0.9219501828407979,0.0013489638945160482,-0.008336530761075208,0.16809139262200534,1.1830447272667795
24064,train,0.1141309331636876,1.1399244792759418,0.48974413050440446,6.053738760836416,0.15948316686768238,0.004451956953716796,1359.7927436792363,0.12324152691477006,49.06103388897951,-0.9401166681531179,-0.999169348490974,0.9532057374811479,0.4243672186893479,-0.7716103399821868,0.47384591053890135,0.0021218360934467397,-0.023148310199465602,0.08639232408990143,1.0902339694625285
40180,train,0.08019572137854994,1.1622219800949096,0.10310708506186182,5.392749453786725,0.1027154694884056,0.002965115915704086,1818.7314112157337,0.02377944787093744,226.5927338930721,-0.9101534737107365,-0.9995648204155706,0.9218774194982539,0.1379620476716051,-0.22960517536758518,0.9634562454240869,0.0006898102383580256,-0.0068881552610275554,0.17565884256857792,1.1920313189305343
36106,train,0.17867286736145616,0.8219206348061561,0.19594975513176965,5.2251138291774035,0.2083318801190999,0.005440246365550265,960.4553687613923,0.08545997947295768,60.99578756575993,-0.8785947407059311,-0.9993656225431247,0.8950056497551261,0.47986490315407904,-0.4085453693016825,0.7764150667929349,0.002399324515770395,-0.012256361079050475,0.14155720369597014,1.152066404832272
38275,train,0.06346973082982005,0.6973438486456871,0.9290004255242851,5.137049820834625,0.15047914172403432,0.0013616524595297204,3772.658570020745,0.1343256579648593,38.23189752859676,-0.8694730160650941,-0.9985246294602326,0.8950073830323918,0.25483426081670374,-0.8923786873859505,0.37245104082729086,0.0012741713040835187,-0.026771360621578515,0.06790585359316041,1.0702645421744426
28145,train,0.13774174549616874,0.46245305687189103,0.31805169743441397,6.035671225727425,0.2041502451657494,0.003023974142504838,1995.9400911834248,0.10133571016149108,59.484538297576066,0.8723920155565783,-0.9994277073553347,-0.85536823775665,0.5971304903104351,-0.49557323163270217,0.630747453130601,0.0029856524515521755,-0.014867196948981065,0.11499885759859307,1.121872155942877
40444,train,0.06213663187809289,1.0928545899689197,0.4738297342001068,5.34643403822547,0.11159244125422471,0.002857264373472695,1871.1723310809562,0.09105340990219062,58.686585281354226,-0.9340176735543141,-0.9991546462058104,0.9478929266903644,0.24787377198456811,-0.8153813080584228,0.5231748423147633,0.0012393688599228406,-0.024461439241752682,0.09538605172625936,1.1000834622803097
11138,train,0.1993884282652289,0.9576178535819053,0.05696840131781859,4.480188335853695,0.21417541383696692,0.002999077400617732,1493.8555220118337,0.027018317602774698,164.9916709616605,-0.9017203740074358,-0.9995339429483613,0.9144151082383821,0.18881765822388663,-0.12475649134332445,0.9740552909412026,0.0009440882911194332,-0.0037426947402997334,0.17759127704778843,1.1943370684889776
27397,train,0.16904408624395728,0.6514981746673584,0.17804748976346865,5.21063817076815,0.2104744374471038,0.004203156878179693,1239.6963334437278,0.07732360232707794,67.29494993779754,-0.8067951961708932,-0.9994206202044885,0.8264035225226123,0.454151171390987,-0.36640416125789355,0.8120927928119381,0.002270755856954935,-0.010992124837736806,0.148062022246623,1.1595848141880243
28909,train,0.18211658652871848,0.7124299980700016,0.013983652519015455,4.658677213729679,0.21688711836222613,0.000580807741849127,8021.0315360084105,0.006514931597656694,711.7896547942801,-0.8984406641369024,-0.9995514000523199,0.9111360920558461,0.044059154914710595,-0.029781312930631576,0.9985849309239196,0.000220295774573553,-0.0008934393879189473,0.18206355919703263,1.1996904428179151
19886,train,0.14216597732156516,1.0482164859771728,0.20769756331095246,5.222464666975467,0.16835048039512102,0.005957078440717479,876.6822057066057,0.07667814246263685,67.96757451026838,-0.9095377288564986,-0.9993990729039977,0.9233447329392251,0.40670537061234263,-0.45343238276815645,0.7930887817717935,0.002033526853061713,-0.013602971483044693,0.14459718136845431,1.1555739897688588
16571,train,0.07307191770523787,0.7017528928816319,0.1279205389944437,5.61657059951917,0.1088827738163573,0.00210519757443164,2667.9541472659776,0.03231493385913543,173.72076814469455,-0.8617481119370016,-0.9994505476447253,0.8780513539722178,0.1592347957154156,-0.2960639528689609,0.941801685942999,0.000796173978577078,-0.008881918586068828,0.17171074957229868,1.1873343465719013
24448,train,0.11555238170549274,1.015764120966196,0.06124445974660825,5.135010033713308,0.14378518569574877,0.002307624657542447,2225.236247554203,0.01954032234088879,262.3369296798242,-0.90360841010323,-0.9995485973649394,0.9159783191985595,0.11884646927694974,-0.1347328838932348,0.9837289091707198,0.0005942323463847487,-0.0040419865167970435,0.17935498618322437,1.1964453903742216
25511,train,0.09880724661052229,0.6549406416714192,0.20257212456484977,5.453112866270135,0.14527559324661776,0.003203530057077524,1702.2199789331246,0.0640938625927309,85.03858320535504,-0.7910283065329995,-0.9993950345468721,0.8117941041212859,0.3126967869618022,-0.4405287180899059,0.8415195588706361,0.001563483934809011,-0.013215861542697176,0.1534271560458563,1.1658228608819505
28546,train,0.19917741580866277,0.9719551220536232,0.7500613234697507,8.748410994414057,0.20693373967101256,0.0037774080976343467,2315.982485422443,0.1515217465110039,57.65402890276953,-0.9451285008835223,-0.99886010984868,0.9596374783977198,0.6102077206962416,-0.7310658265568948,0.3052692169927756,0.0030510386034812084,-0.021931974796706843,0.055657158883394384,1.0572351579137294
35265,train,0.12678232397884132,0.584622060507536,0.030066765212298632,5.195228646622746,0.1731791582053403,0.0007901580109086096,6574.923717660859,0.011102668294306452,466.98890148514886,-0.8845193002750202,-0.9995787517851956,0.8976514555750855,0.06977108238931054,-0.06382089492383713,0.9955194068592255,0.0003488554119465527,-0.001914626847715114,0.18150464807716826,1.1990201098347584
35982,train,0.13840607223100962,1.011439350247383,0.652071038977463,6.98402453792853,0.18526902163846598,0.0037052906547414104,1884.8789983564568,0.1472508539154593,47.37069496328196,-0.9410991138861977,-0.9989599352849914,0.9555269011944466,0.4819985069795151,-0.7937178914139157,0.37106515346899116,0.0024099925348975756,-0.02381153674241747,0.06765317645245415,1.0699941449531636
45670,train,0.16132488176226617,0.9001658648252487,0.1266335619136997,4.911459145486984,0.18812867640899839,0.004573778241207658,1073.8297500383765,0.05427116216207575,90.2432429293432,-0.8959464841542634,-0.9994455538642251,0.9101819024001329,0.3208034577015599,-0.28672660564851016,0.9027031600365687,0.0016040172885077994,-0.008601798169455305,0.16458224546068953,1.1789005247812565
42934,train,0.14818393597379328,0.8394724681973458,0.0310357647775812,4.904484859708899,0.181894367005357,0.0012607424859493854,3890.155931419763,0.012384106826883082,394.87323683582866,-0.8992756050087201,-0.9995357118363656,0.9121151956675891,0.07802379182171128,-0.06753402383570661,0.9946614718256259,0.0003901189591085564,-0.0020260207150711983,0.1813482280262143,1.1988325737156702
15795,train,0.05003894539549947,0.5404336869716644,0.09604130636401292,5.996128050224633,0.08168781580745459,0.0009820821239625902,6105.526110210554,0.017294433234584624,346.6565902922829,-0.7924420629252414,-0.9995574467624824,0.8102051108347584,0.09155083356992876,-0.21135570683550087,0.9731121261502789,0.0004577541678496438,-0.006340671205065026,0.17741931777479397,1.194131708812226
32957,train,0.19641720885410907,0.7727475889027118,0.07060984036421711,4.579529154067741,0.2216921968123709,0.0029522599546385054,1551.1944152724482,0.0351538184116949,129.69026273365,-0.8900796789835949,-0.9994941158952256,0.904073833486293,0.23274030982484772,-0.15731956074349118,0.9597304329811098,0.0011637015491242385,-0.004719586822304735,0.17497954664365203,1.1912218518781628
12604,train,0.06144220810383559,1.0371071107685566,0.07442529895811717,5.692058690781052,0.08529842656536753,0.0016671646421865791,3414.215097145775,0.01431583822201273,397.4098775749299,-0.9045325886198436,-0.9995419368186503,0.9169327657929774,0.077017263431221,-0.16664016963673067,0.9830052873698123,0.000385086317156105,-0.00499920508910192,0.1792230543299529,1.196287551528746
40752,train,0.12179885325022043,0.8626337833702564,0.7857393852651502,6.703055296325499,0.18939083629636547,0.0027327063050045695,2452.900000285355,0.15725484544538748,42.58540524801463,-0.927791641580064,-0.9987572043786159,0.9452263137934008,0.4349133000631881,-0.8295006337122144,0.3503985161201199,0.0021745665003159408,-0.02488501901136643,0.06388520295731186,1.0659700215313015
23207,train,0.09819479533471168,0.620397898554802,0.07274151691493465,5.441468750710665,0.14046323907991648,0.0015395623561365549,3534.4256950824156,0.022745133098055034,239.00505311867735,-0.8647886383517167,-0.9995286278939104,0.8797606083577713,0.12868559155617482,-0.16141137952674978,0.9784612333072317,0.000643427957780874,-0.004842341385802493,0.1783945753191073,1.1952968628404264
626,train,0.18964419774711133,1.0801214948296547,0.0595109698846322,4.5181111732441215,0.20107582857871611,0.003344766691435404,1350.8000976011806,0.025813052016242444,174.24151171557102,-0.9053818001083626,-0.9995763288232051,0.9172512211214894,0.18775502416693107,-0.1267350615272499,0.9740052746673189,0.0009387751208346554,-0.0038020518458174966,0.17758215800286892,1.1943261773252596
19230,train,0.130229313345626,0.8300265438854695,0.2094941483003896,5.315909540381928,0.1698664159913757,0.004712688744016306,1127.9992864225399,0.07785701891397348,68.18026949439138,-0.8790364384834116,-0.9993512712943075,0.8955974854610214,0.38539444730101735,-0.4570242958459661,0.8016232986858864,0.0019269722365050869,-0.013710728875378983,0.14615320777871607,1.157373493090215
27962,train,0.17027580258436503,1.0093585148453712,0.028012915073977927,4.664623617630531,0.1925367360266401,0.0014792009921629453,3153.475181766703,0.01142084805829931,406.877477998882,-0.903136356890929,-0.9995831562913767,0.9150509297257701,0.0801571114794866,-0.05859620115480757,0.9950584518959125,0.000400785557397433,-0.0017578860346442271,0.18142060605064514,1.198919345989144
44388,train,0.07657871250994504,0.8724871806800365,0.12395896208550429,5.519740658503051,0.10774315974563203,0.0025717578399407064,2146.2909815141506,0.031612251542606384,174.48650427753248,-0.8933863250015989,-0.9994442579667256,0.9078124998509661,0.15615803587809965,-0.2923116611495946,0.9434874459083489,0.0007807901793904983,-0.008769349834487837,0.17201809995356218,1.1876993303220815
4388,train,0.07449166011065245,0.9397666066884994,0.613948389886814,5.540356448606065,0.14320344739407975,0.0025046779828422462,2212.003493686245,0.12221172436609111,45.30707374961611,-0.9251637266315031,-0.9989505625313128,0.9415652552234156,0.29180114326668194,-0.8528561555582566,0.43299938881555944,0.0014590057163334097,-0.025585684666747696,0.07894512265968365,1.0821449352049521
28458,train,0.17287728744558992,1.1926847457885743,0.9501504584573337,8.73008298283763,0.16610113588960812,0.0028122912145898587,3104.259949164196,0.13615195989046877,64.0034851711381,-0.9764310550700617,-0.9990011728110907,0.9850956141357051,0.5119062112479331,-0.8181445377128205,0.26189987838191464,0.0025595310562396656,-0.024544336131384615,0.04774999355073805,1.0489083886798054
36626,train,0.18211781908757985,1.1197107285261154,0.3698735846624745,6.412235140126152,0.19545411270186827,0.006580309113230082,974.4580428955826,0.11968817439888031,53.46389093466342,-0.9273857736456331,-0.9992638791774657,0.9410241022195437,0.5941714339361505,-0.6105169159695765,0.5236691726741762,0.0029708571696807524,-0.018315507479087292,0.09547617880695804,1.100182614059353
31957,train,0.17298434306867422,0.5735376179218292,0.3049685160603371,6.0999640919057585,0.2265746262732971,0.004074042255943,1497.2756070478772,0.11105842680066565,54.923083554458245,-0.2715610615869854,-0.9993367858263245,0.3063959833527483,0.6208324705098526,-0.48988845247796037,0.6120264272802124,0.003104162352549263,-0.01469665357433881,0.11158561102077036,1.1180494572637256
37333,train,0.17223204937763514,0.4260836035013199,0.49853154284777856,7.236704621297143,0.252815050426906,0.002638780731459947,2742.442573958512,0.12877146319965715,55.855070580805176,0.9712372312592101,-0.9992370016554039,-0.9611995245652684,0.7508577416717463,-0.5061631787012012,0.42427760758576577,0.0037542887083587316,-0.015184895361036035,0.07735495392785137,1.0804255096163993
34542,train,0.13917216756381096,1.1611879847943782,0.5208821509414341,6.611902142260052,0.17307175396195404,0.004798610745037072,1377.8784097248072,0.130886570967208,50.442697163207605,-0.9447963626254388,-0.9991589219411787,0.9574194438493348,0.4939759179327935,-0.7549371391691883,0.43134407194894375,0.0024698795896639677,-0.022648114175075645,0.07864332271157498,1.0818183931973202
44870,train,0.15668549193069342,1.0820727452635763,0.12304614093228072,4.869048939806903,0.1750683012335335,0.00514531164763302,946.3078766175018,0.048460388219148,100.18509575649384,-0.9080095233336305,-0.9995057002301906,0.9206523475811592,0.30440998206093794,-0.27456869972713005,0.9121110633863689,0.0015220499103046898,-0.008237060991813901,0.16629750904559218,1.1809243851524294
15136,train,0.11019206955097617,0.8804349854588509,0.015408550214443597,5.289804915992459,0.14570144829213896,0.0005381218657795879,9830.12446135972,0.00478994046385374,1102.5341133764264,-0.9014110993579483,-0.9995584538741629,0.9137964844037133,0.0286346342897719,-0.03261321403243639,0.9990577740999593,0.0001431731714488595,-0.0009783964209730915,0.1821497687010076,1.199793871994139
25578,train,0.17571316608227794,1.1981883957982062,0.1954812856112677,5.1116860740101595,0.1831169851692728,0.007293429292500134,700.8618125998053,0.07500464970513596,67.94209772872225,-0.9185866574698911,-0.9994810138212473,0.9307720755576309,0.47044275807034236,-0.40672816997675215,0.7831065107164745,0.0023522137903517117,-0.012201845099302564,0.1427771981693093,1.153472777187902
32821,train,0.17908932124264543,0.7526015967130661,0.11444684751600166,4.829325200919188,0.20987027273217262,0.003911769564415384,1234.5628037118115,0.053674098363131584,89.69905392694307,-0.8781822053731901,-0.9994534711074005,0.8934699724179158,0.3310073376222439,-0.2543308252653872,0.9087078594136077,0.0016550366881112194,-0.007629924757961616,0.16567703159919098,1.1801918754819027
10406,train,0.15902821933850647,0.9287246644496917,0.020281430094606964,4.788378699625132,0.1878189212937712,0.0009633567094327976,4970.514714580044,0.008129922229534656,586.9891938846882,-0.9019168387264712,-0.9995651382451722,0.9141708667626735,0.05426747377167234,-0.04283612454862451,0.9976071910948195,0.00027133736885836174,-0.0012850837364587352,0.18188529614925164,1.199476601403762
35665,train,0.14156819563359024,0.693107184767723,0.29310153946558154,5.734789348643804,0.19354709888172633,0.004431214388087255,1294.1800703800386,0.1053739368447896,54.3874512964269,-0.7787463420104153,-0.9992844116542086,0.8018888781677788,0.5032031479589614,-0.5437390112708415,0.6716654520714902,0.002516015739794807,-0.016312170338125244,0.12245909086638938,1.1302728806439193
25016,train,0.10612525353208185,1.1100818999111652,0.2795966925373854,5.4069124358156095,0.1398488916135796,0.005317158469401014,1016.8800623361346,0.08301765430840775,65.04858148958218,-0.9191922911115922,-0.9993488904839741,0.9327593952495746,0.36712988158889565,-0.5920956829875623,0.7173829885298473,0.0018356494079444783,-0.01776287048962687,0.13079438328626142,1.1397334089792892
20296,train,0.09601959339343012,1.0965505085885523,0.12345143315270145,5.262821419577097,0.12117816078262009,0.0037006146514189683,1422.1479173896462,0.03452258010784489,152.2676822193204,-0.9087103970907567,-0.9995114566214189,0.9212317201396583,0.19287826604721162,-0.2830507152900136,0.9395106529786841,0.0009643913302360581,-0.008491521458700408,0.1712930448755785,1.1868384950057347
5921,train,0.1332309228833765,0.45627431347966196,0.013355673318330397,5.193817866900419,0.1861007971980463,0.00029671251561592683,17504.545961328593,0.004952596179808161,1046.3151843974188,-0.88271455257366,-0.9996801924990536,0.8942942465137753,0.036004422456277024,-0.026504106336309508,0.9990001070625086,0.00018002211228138512,-0.0007951231900892851,0.18213925475696388,1.199781257494819
21538,train,0.1941609145142138,1.1999924652278424,0.025415865497219498,4.4284525651514075,0.2014236710582893,0.0017062755696140802,2595.3911806596516,0.009936015487604286,443.56884298896483,-0.9055799526671834,-0.9996722255655294,0.9159811270263168,0.0835516065744241,-0.04836583085336321,0.9953290287360742,0.00041775803287212056,-0.0014509749256008963,0.18146993804137582,1.1989784925261036
14461,train,0.1992069849278778,0.775982777774334,0.01791921615468523,4.502029264196385,0.22611655018845223,0.0008470292219108863,5315.0814018433375,0.008772690177533555,510.4105817457793,-0.8992117442198412,-0.999544066482017,0.9119501384040283,0.0609498124998078,-0.038407301165832575,0.9974016240077992,0.000304749062499039,-0.0011522190349749772,0.1818478168379205,1.199431646689225
45694,train,0.12954003578051926,0.8316171616315842,0.041260258777035805,5.0750422288871135,0.16492983856163085,0.0014817517074183527,3425.028770663156,0.015121941936309368,334.8702164079047,-0.8979604268461142,-0.9995246022789892,0.9110358978256483,0.0908527088988607,-0.09104902336667242,0.9916934307686599,0.0004542635444943035,-0.0027314707010001726,0.1808070901600799,1.1981840155104053
34576,train,0.11570008704438807,1.1596380613744257,0.06859351875363275,5.08156905432952,0.13841072848350922,0.0028438107463495997,1786.8872114124943,0.020335233944914603,249.46111384599487,-0.9078421361038324,-0.9996027200497689,0.9191814760304543,0.13370375031403847,-0.14525679954570436,0.9803181980039442,0.0006685187515701924,-0.004357703986371131,0.17873314001352333,1.1957016166713428
11200,train,0.11284625940024853,0.8545460037887096,0.2773812889367383,5.500058197926394,0.15842886182795313,0.00458013830177055,1200.8498074829376,0.09107974212144238,60.326292758453675,-0.8806438509473585,-0.9992789634310666,0.8979644681541815,0.3918783993773181,-0.5738262085369324,0.7191347596227012,0.0019593919968865906,-0.017214786256107974,0.1311137689190572,1.1400974815920206
4697,train,0.1597611590754241,0.40127407237887386,0.02866294161708747,4.928949245775469,0.2135995798954038,0.0006259430418190064,7874.437315337537,0.011991102596636612,410.2804728360519,-0.8155499875997233,-0.9997284946049871,0.8287941160348289,0.10158515175725741,-0.05595690637674211,0.9932518721710013,0.0005079257587862871,-0.0016787071913022633,0.18109122762272695,1.1985245128480908
43833,train,0.15548500362783674,0.736109485477209,0.022318392787011147,4.876351667147304,0.1933889020836647,0.0008465630829575838,5760.175189911546,0.00937508224389029,518.4360157361072,-0.8972862770215637,-0.9995414795727625,0.9101868764486892,0.05983633305701161,-0.04812215465312164,0.9970475773391314,0.00029918166528505804,-0.0014436646395936492,0.18178326649811127,1.199354225467663
25862,train,0.15449885427951815,0.8718573987483977,0.011325349748778635,4.855710073328949,0.1872312465019238,0.0005058240773191365,9599.602492360927,0.004505619589969009,1074.1895894614818,-0.9015653038633564,-0.9995609058980413,0.9139079935553049,0.029484038753744928,-0.023834513392113343,0.9992810452671106,0.00014742019376872464,-0.0007150354017634003,0.1821904758477898,1.1998427131734803
42255,train,0.12305733440443875,0.44000415652990343,0.030262407733499207,5.279881299352444,0.17567436816815565,0.0005981785158060271,8826.598013534416,0.010670830262683667,494.11943562810035,-0.8434667002047195,-0.9996868030308051,0.8566247741930534,0.07780364121226749,-0.06056404521420955,0.9951274239218837,0.00038901820606133746,-0.0018169213564262865,0.18143318113779544,1.1989344225992007
43382,train,0.14376848419196905,1.0163599595427513,0.36949581861288877,6.0027915886559455,0.1813851216530049,0.0055901154935048296,1073.822463172828,0.11856231560066637,50.55302118238297,-0.9155610761950256,-0.9992174244870604,0.9307242894987083,0.5045466395028128,-0.6522417826186941,0.5656972207575418,0.002522733197514064,-0.019567253478560823,0.10313879796252842,1.1086452761030352
11646,train,0.12877335972152654,0.949774444103241,0.21005986371061272,5.276343006644836,0.16257276388517275,0.005212407314792442,1012.2660582704174,0.07577392123644379,69.51806564167293,-0.8995803711171533,-0.9993658737855172,0.9145158080499607,0.37715805654941154,-0.4644615504349811,0.801266041054657,0.0018857902827470578,-0.013933846513049433,0.1460880720112138,1.1572981091345784
42059,train,0.08204825497232379,0.7811655461788177,0.1843446687607465,5.478398097969842,0.12004592741654256,0.003106718617435108,1763.403375904311,0.0511420803517682,107.05465999645331,-0.869897213917248,-0.99937988875648,0.8866863810603667,0.23524447427860412,-0.4251126477538429,0.8740361972144519,0.0011762223713930207,-0.012753379432615286,0.1593556401704068,1.1727549512952504
20317,train,0.19403389487415557,0.5566178567707538,0.5087569572901574,7.550321764501599,0.2517815391627542,0.0035167116122801962,2146.9834882497107,0.14029383059572176,53.81417087817973,0.4206581868212706,-0.9990961838120056,-0.3817332079123903,0.719212264619364,-0.5570450726121758,0.4152523395473907,0.0035960613230968204,-0.016711352178365276,0.07570945300861211,1.078649130364823
16634,train,0.16914982451125982,1.1907836079597471,0.48501351969460027,6.997796859949447,0.18382305952864886,0.005635381687308422,1241.7609397619601,0.12861783484159542,54.31300324793834,-0.9439284190298176,-0.9992062118772124,0.9563102072500219,0.5713817322912883,-0.6981227525351941,0.43144818738347934,0.0028569086614564417,-0.020943682576055823,0.0786623051996858,1.081838928997017
41678,train,0.13601940562948586,0.8961940497159957,0.01443721850917579,5.018707032006278,0.16986466363576067,0.0006003180270624146,8360.080500272044,0.005213780181076776,960.1712574177636,-0.9016889270588436,-0.9995629534138949,0.913991873882298,0.03306541493979616,-0.030413325163706262,0.9989903442913478,0.0001653270746989808,-0.0009123997549111879,0.18213747479332723,1.1997791219297094
24646,train,0.15768056311644615,1.1116318233311175,0.011879284464158481,4.755116694899216,0.17980624722200386,0.0006642946763651145,7158.143613190231,0.004215104461743484,1124.4786685449826,-0.9039099054468002,-0.9996446448536672,0.9148478690590433,0.03150446123307293,-0.023075092338120717,0.9992372135964517,0.00015752230616536468,-0.0006922527701436215,0.1821824843893584,1.199833124718627
16710,train,0.15716077629476788,1.095429367572069,0.31334884973470856,5.798116151369379,0.1820036184164914,0.006468648093417147,896.3412551797123,0.10735120249503846,53.90394859198077,-0.9204365080880036,-0.9993076243152732,0.9343054166521703,0.521210721349179,-0.5879658059795796,0.618575456148603,0.002606053606745895,-0.01763897417938739,0.11277964015954389,1.1193852382162761
47107,train,0.06185570247471333,0.42739060893654823,0.10977737392899595,5.852341255372756,0.10095335030195263,0.0010585315803667062,5528.7356219880885,0.023165338056327717,252.63345715691287,-0.04625180673709342,-0.9996534460443529,0.07250327693184307,0.1478557825220674,-0.22923861137116297,0.9620750109172401,0.000739278912610337,-0.006877158341134889,0.17540701374299209,1.1917311688782304
44760,train,0.09703601552173496,1.1997284650802613,0.0402785559095797,5.2794714034221375,0.12086332793089687,0.0015892078339998378,3322.07738375815,0.009752894398390976,540.6696593708043,-0.9066693661404098,-0.9996550908669181,0.9172861813753457,0.06645310660662204,-0.07952579450115516,0.9946153189204807,0.0003322655330331102,-0.0023857738350346546,0.1813398133566977,1.1988224859781993
47434,train,0.18080350998789074,0.9847555287182331,0.11665918835101861,4.756189768981363,0.19806134034286127,0.005014135047521323,948.5563759062549,0.05201047199869971,91.11124743180648,-0.9025753482399848,-0.9994769495485155,0.915957962662919,0.33078928602193686,-0.2604991244940097,0.9070383974181865,0.0016539464301096843,-0.00781497373482029,0.16537265268917745,1.179832704630026
43016,train,0.0943754030391574,0.8881384246051311,0.028675401439456415,5.442088666256016,0.1281926627133279,0.0008752744815805179,6217.579491668739,0.007997026371993482,679.7020563951602,-0.9007432402397539,-0.9995463440052217,0.9133376401984015,0.045767112486257575,-0.061935550696856856,0.997030269838658,0.0002288355624312879,-0.0018580665209057055,0.18178011096768074,1.199350440874879
6497,train,0.1309552094899118,0.40650850236415864,0.19405112498442595,5.564015731585785,0.18917584885496674,0.002408998774032117,2309.679768858033,0.06696334411949023,82.91602556143765,0.9002576395416382,-0.9996169347570513,-0.8878728246546173,0.49176015656141764,-0.3530308894666996,0.7959529756845191,0.0024588007828070884,-0.010590926684000987,0.1451193856615822,1.1561775930557403
26525,train,0.1921125567518175,0.4523187480866909,0.22016286365236573,5.770500658285046,0.24520298459049958,0.00324798391550239,1776.640774217775,0.08724825985526344,66.0808455709461,0.7344572355703699,-0.9995384122717195,-0.7135173310487716,0.6416699220714712,-0.3552931669452277,0.6797252949764505,0.0032083496103573563,-0.010658795008356831,0.12392857397233646,1.1319350184897787
30284,train,0.05025312174111605,0.9142632395029068,0.25238126301400926,5.567391049699662,0.08065234217053968,0.0025738735147952056,2163.0398765506707,0.04648474542531946,119.73418691682349,-0.8943160123446248,-0.9993129138183805,0.9102473123208285,0.175933279730425,-0.5756054156787407,0.7985774142339617,0.000879666398652125,-0.01726816247036222,0.14559787738362664,1.1567309468402756
33142,train,0.14387529534287752,1.0687676697969435,0.06950268844251903,4.869367745141166,0.16642951299825418,0.0031466329193481964,1547.4851595176924,0.02547060821928417,190.67337345907012,-0.9054203494503309,-0.9995602157858342,0.9175125539357638,0.1668034294846872,-0.15149689532516553,0.9742819441101135,0.000834017147423436,-0.004544906859754966,0.17763260080639656,1.1943864240054631
25803,train,0.08108125925064087,0.4556196860969067,0.276194049390997,5.64134146748994,0.13553810825056048,0.002209067195619568,2553.721081312665,0.0700163489408198,80.52871961872043,0.8492098461709677,-0.9994804153776641,-0.831760117203244,0.37973046570520513,-0.5161160098909818,0.7677428200572898,0.0018986523285260256,-0.015483480296729454,0.139976066170226,1.150246268729384
46989,train,0.18989642960950737,0.5043315015733242,0.012643544131086544,4.652549776394458,0.23418992075598893,0.0003937145972860539,11817.0619237014,0.0060396829261995895,766.5825134717115,-0.8893970275890722,-0.9996406939596555,0.9013046936100427,0.046161925231773746,-0.02560966197613712,0.9986056388146245,0.00023080962615886874,-0.0007682898592841136,0.18206733469190386,1.1996949722515795
1938,train,0.18297554552555084,0.9759869851171971,0.3704800163629815,6.439076450782172,0.20686201215396982,0.006027816710252475,1068.2269817246104,0.12530180409835662,51.29639591760144,-0.9094220238220325,-0.9992022474777649,0.9252776276846039,0.5986230753799235,-0.604196940729785,0.5259243961212019,0.0029931153768996176,-0.018125908221893552,0.09588735465673798,1.1006350755948555
39902,train,0.13412414584308863,1.1931993700563908,0.27037670436879285,5.43277702188949,0.15768769249142003,0.006490744384914315,837.0036932152595,0.0877011625948169,61.83243677307627,-0.9246082143214501,-0.999400279614563,0.9371945986749559,0.443576428789987,-0.5540933377811167,0.7044292191899078,0.002217882143949935,-0.0166228001334335,0.12843263189385384,1.1370448181549377
45107,train,0.05168320713564754,0.7492151089012622,0.588775975482099,5.261844835024123,0.11535008595773834,0.0017626123207738055,2985.253633489931,0.09739549855213005,54.01704126634099,-0.8285328288539466,-0.9989260376569886,0.8535724967625762,0.22565012401258894,-0.8441744045248656,0.4862628880329981,0.0011282506200629447,-0.025325232135745966,0.08865620675730065,1.0927049271732325
26676,train,0.08081627963110805,0.9242294996976852,0.26533399319287215,5.443686784083023,0.12047953272924318,0.0038364321157515644,1418.9451604610483,0.0704078314511761,77.26413395883189,-0.8961058206050778,-0.9993007727904998,0.9120375418127966,0.2827883978904247,-0.5834291106264399,0.7613417070489494,0.0014139419894521235,-0.017502873318793195,0.13880900528133136,1.1489046443275142
8487,train,0.09707544161938131,0.5347761027514935,0.285944861879191,5.63303135627928,0.15479050664101154,0.00287943440691074,1956.2978558427355,0.08336160245291245,67.57326420437424,0.10973560982052945,-0.999389068893498,-0.07495906911860148,0.40862753029312904,-0.5383149426225223,0.7370485493072001,0.0020431376514656453,-0.01614944827867567,0.13437983894241454,1.1438272072574682
20698,train,0.16353661189787091,1.013613686710596,0.19688336607377,5.169989449097821,0.18592698840196792,0.006182797619792816,836.1893380671687,0.07919802932968839,65.11135698938998,-0.9061136189070875,-0.9993984598325918,0.9201869943413413,0.44220593817214987,-0.4238051208771825,0.7904701941019445,0.0022110296908607495,-0.012714153626315474,0.144119756387886,1.1550224215559468
15337,train,0.15264455070719124,0.41147735267877583,0.21040155244448974,5.671746239614888,0.21225739317718176,0.0026780072324165995,2117.898029161324,0.07646705324740373,73.96805128095522,0.9084036662865085,-0.9995968213864944,-0.8961749593729752,0.5711778491587397,-0.35907183228341666,0.7381214560565394,0.0028558892457936987,-0.0107721549685025,0.13457545297124882,1.1440509777913843
10293,train,0.1791702559217811,0.581933469325304,0.12858505466220937,4.964336365668007,0.22048070276788792,0.003334117814315825,1488.9504936965493,0.05938946552859385,83.46056254920745,-0.7880620682482008,-0.9995029889115089,0.8070440288178076,0.3893323210194893,-0.26855457655859005,0.881078193589544,0.0019466616050974465,-0.008056637296757702,0.16063954791245097,1.17426162746637
33584,train,0.12195111750625075,1.0601168401539325,0.7009825906703057,6.694164439335827,0.17368660151457235,0.0032457465955225383,2062.442104559343,0.1444928686916252,46.271823186940615,-0.951278294986183,-0.9989607797637272,0.9643334951740286,0.4266558885791125,-0.830831573045459,0.35732849028810393,0.0021332794428955628,-0.024924947191363768,0.0651486866361606,1.0673177084665857
36519,train,0.09816450327634813,0.7445836879312993,0.33715537419967506,5.620438766207438,0.1540952477850891,0.003722323558941451,1509.9275162973126,0.09898896553704142,56.751415970518295,-0.8200272525679395,-0.9992208013677738,0.8419509365309379,0.3847391103541252,-0.6418156237490347,0.663361531953394,0.0019236955517706262,-0.01925446871247104,0.12094510722296545,1.1285629607120384
20861,train,0.19982569552958013,0.7602883040904999,0.1252373013231149,4.786685312481196,0.22474433287477552,0.004424395284962847,1081.8846428007146,0.061673794661391584,77.3380943043299,-0.8771616130936125,-0.9994419544728647,0.892668533295286,0.39104138609060374,-0.27279407426197944,0.8790165114557799,0.0019552069304530186,-0.008183822227859383,0.1602636588162088,1.1738203182713232
44802,train,0.1983179967850447,1.0975079514086246,0.6789991543574723,8.58135048165188,0.19625160043886208,0.004316142218753464,1988.1991942633997,0.14263139006225412,60.06760874182573,-0.9529964498736874,-0.9990041801431834,0.9655552536884385,0.6102600244811353,-0.7254506029706296,0.3182830896699265,0.003051300122405676,-0.021763518089118885,0.05802986840981085,1.0597466481847644
33179,train,0.0762449820060283,0.7384201653301716,0.4007651351030012,5.559439048170909,0.135099057920872,0.002959235576085853,1878.674037679797,0.09723052581337946,57.1623399834031,-0.8044798601317315,-0.9991492587796832,0.828268431338294,0.3219243186152827,-0.7193412194546265,0.6155590492208014,0.0016096215930764136,-0.021580236583638793,0.11222968415254303,1.1187697948292765
34178,train,0.19883561632595959,1.0964037597179412,0.1971854016455828,5.1551984233386134,0.20393723098300948,0.007202925644034632,715.7089602345237,0.08286258354119133,61.995284443432446,-0.9126341299841195,-0.9994301111214734,0.9258534189557537,0.5154473966654382,-0.40360609038879547,0.7559207002536004,0.0025772369833271906,-0.012108182711663864,0.1378206388830127,1.1477696665615258
12042,train,0.17843606490641833,1.078020142018795,0.6834920735901224,8.09853802955407,0.19265782508761198,0.004093772701456816,1978.2578614274585,0.14525404713993284,55.66929445854233,-0.9515558049691832,-0.9989859702148338,0.9644242285745304,0.5698159432775985,-0.7526697085661533,0.32984557082611027,0.002849079716387993,-0.0225800912569846,0.06013795797460703,1.0619830454697998
29227,train,0.08294771574437619,0.5978334732353687,0.4845332686331928,5.6878961414931775,0.154494307589893,0.0025520647711295068,2228.7428617949213,0.11340747295011375,50.15431587114661,-0.13493152977914147,-0.9991013215234621,0.1767854101534749,0.3884214576159754,-0.7339674254880604,0.5571540088574343,0.001942107288079877,-0.02201902276464181,0.10158118626888019,1.106919781431068
46934,train,0.14985332624055447,0.8137790136039257,0.17245072384992874,5.150447197549751,0.18526204872638957,0.0047138942382419086,1092.609833238571,0.0707866882470289,72.61703073984346,-0.8797264048219093,-0.9993903730504554,0.8957482442155933,0.3841350344462039,-0.3806149102697566,0.8411733266047844,0.0019206751722310195,-0.011418447308092697,0.1533640304401339,1.1657492699304535
30497,train,0.13320723813958468,0.5721631325781346,0.21080805938790484,5.445811404128365,0.1854025437129582,0.0034919997264983,1559.5108335215434,0.07816076233628227,69.65612323445889,-0.5899316592100315,-0.9994351924911902,0.6167003745056323,0.4358405961704191,-0.42111602082701655,0.7954271002000326,0.0021792029808520956,-0.012633480624810496,0.14502350722457086,1.1560667458692229
25382,train,0.15785646364092829,1.1923010259866715,0.023542410714535996,4.719106093104782,0.17563315150688444,0.0013707603155742785,3442.692379905759,0.008025826324727663,586.1238604569706,-0.9053798838256736,-0.9996704812010168,0.9158205283296579,0.06294921512657442,-0.04488357030285761,0.9970069515463853,0.0003147460756328721,-0.0013465071090857283,0.18177585954033182,1.1993453419344524
4445,train,0.1936752540525049,0.6690066143870353,0.1638422701640196,5.079553317180334,0.22742385435917384,0.004440639843370389,1143.8786968422592,0.07660990427402373,66.16771058397745,-0.829623556042841,-0.9994270133230352,0.8480111248021863,0.47521371665873224,-0.33566526327856355,0.8133269665562102,0.0023760685832936615,-0.010069957898356905,0.14828703872503288,1.1598457692378226
20694,train,0.1485774638131261,1.172356703132391,0.9583600741070943,7.930119290232111,0.16346259421216544,0.0025560228368848616,3102.522863174767,0.13889761534312275,56.99445069319975,-0.9758878728771943,-0.9989757328698551,0.9847607596139972,0.4548913076339091,-0.8482104083552364,0.271317160159389,0.0022744565381695456,-0.02544631225065709,0.049466967025174516,1.0507108835353973
24689,train,0.13873886186629536,0.42944805324077606,0.8356686947444185,6.589162920314377,0.24018994365275242,0.002000677145506515,3293.466382176414,0.1592967156101647,41.231418395210284,0.9569282334196118,-0.9986557827643074,-0.9405962455016698,0.6460491661385037,-0.6610551047342537,0.3816105651531798,0.0032302458306925188,-0.01983165314202761,0.06957583232774858,1.0720533544237416
13794,train,0.19080018666572873,0.8849987432360649,0.198448308590062,5.220217124542233,0.2127429954591701,0.005972334283017651,874.0664666721578,0.08756687050578245,59.445116319529326,-0.8906042198809659,-0.9993666719933443,0.9061800239911979,0.5038657313741348,-0.4096479136918696,0.7604655886722991,0.002519328656870674,-0.012289437410756087,0.1386492700149647,1.1487211383946974
24114,train,0.18757715811952952,0.8965060785412788,0.01663734936994255,4.5614615736656985,0.2116938263166532,0.0008617836899588079,5293.046998700718,0.007526533697995252,603.1783407812904,-0.9015775250802978,-0.9995607322857344,0.9139185149201079,0.05254287994964224,-0.03515292705703532,0.9979997582594499,0.0002627143997482112,-0.0010545878117110595,0.18195686960585325,1.1995624551626258
8973,val,0.18888985817320647,0.5759101584553719,0.014244690946871714,4.640180340682681,0.2293447214197518,0.0004987085232603974,9304.393496920125,0.006847377733148656,674.3426984965486,-0.8932683387192275,-0.9995944664451354,0.9056728716577671,0.049168194598114466,-0.029631369571949284,0.9983508754827897,0.0002458409729905723,-0.0008889410871584785,0.18202088584462972,1.1996392490971861
5281,val,0.13217648058198395,0.7517889998853207,0.010509502600992654,5.11062597013888,0.17239897477105876,0.00036834378780585856,13874.608828295257,0.0038735594537737035,1316.1407326124126,-0.8999653397826015,-0.9995512246685823,0.9125618222259958,0.023793849286464143,-0.022312206577598137,0.9994678675043893,0.00011896924643232072,-0.000669366197327944,0.1822245375689342,1.1998835825774308
47881,val,0.145384571980685,0.5213044181466102,0.025766127185533717,5.033921076226607,0.19433237044013874,0.0006770711918411484,7434.847526946093,0.010401831166159973,482.7165764470097,-0.8787190477867167,-0.9996202417757395,0.8915112888671292,0.07146405176589853,-0.05327714101833847,0.9960192947679843,0.0003573202588294926,-0.001598314230550154,0.18159578841891566,1.1991293939173495
33217,val,0.12690117964521053,0.7167542278766632,0.47656483710971764,6.265113616100066,0.19310604752615806,0.0037488791873517852,1671.1964571271642,0.13530960402348755,46.28416248077109,-0.7696531620237446,-0.9990639512045888,0.7965314063719263,0.5050052529656269,-0.7002932409434677,0.5045384734249885,0.0025250262648281348,-0.02100879722830403,0.09198823993728919,1.0963519288375683
43181,val,0.18450135239399973,0.45139985606074334,0.19662000618389971,5.551632060689215,0.2372840148366339,0.0031351587352901507,1770.765862091326,0.08007750782418012,69.29298413031532,0.6294494509212346,-0.9995602419756288,-0.6061510461383611,0.5924457672724723,-0.33707458481461705,0.731702628882106,0.0029622288363623617,-0.010112237544438511,0.13340516240801478,1.1427128888573608
35081,val,0.1452083942946047,0.6642791293561459,0.0354543074808171,4.983995781033971,0.18697436644597018,0.0011433922648109573,4358.955307309167,0.014474820085085754,343.3977064607523,-0.889765142696196,-0.9995431564896166,0.9031100515086279,0.0908527842620442,-0.07696848588780736,0.9928855038583113,0.000454263921310221,-0.0023090545766342205,0.18102443078159733,1.1984444578703557
20438,val,0.14957309477031233,0.8345125913619995,0.2511593580558306,5.49644859803364,0.1890972693687796,0.005270038101950477,1042.9618328564584,0.09635725477150939,56.95395625654405,-0.8765256446738232,-0.9993066847645892,0.8938047048070902,0.47386423628087054,-0.5082103510193585,0.7191487500446113,0.0023693211814043527,-0.015246310530580755,0.13111631967456006,1.1401003897056545
29289,val,0.15169259631074966,0.48841408491134647,0.013266933764116112,4.998166625676754,0.2023738452054473,0.00034441681572281596,14511.970372838128,0.005434909821511752,916.830717650573,-0.8871469614988664,-0.9996526729034788,0.8989764036052023,0.03930311689769467,-0.0267199447629603,0.9988700163454655,0.00019651558448847335,-0.000801598342888809,0.18211553641490813,1.1997528010100333
47411,val,0.05220828070305288,0.6053165398538113,0.8507057887034305,4.9816517189344545,0.13144552585042454,0.0012164918833571993,4095.0965535309606,0.11530182263047445,43.203883899704834,-0.5291140437418012,-0.998592701543908,0.5733608751140744,0.236479458146438,-0.8771429807242694,0.4179684883348397,0.00118239729073219,-0.02631428942172808,0.07620466548402383,1.0791834231540798
38941,val,0.19119223314337436,0.630681736767292,0.2721772521685634,5.92473095579239,0.23366814346691495,0.00461936334060844,1282.5860446413842,0.10796068552720733,54.84838016185698,-0.6742995589434668,-0.9993353823062898,0.7007398539211472,0.6182068356321442,-0.46143857861044335,0.6363134027723008,0.003091034178160721,-0.0138431573583133,0.11601365020230453,1.1230112013587197
5905,val,0.13956719799898565,0.535023708641529,0.16635231233232722,5.296786845301858,0.1902252943562157,0.0030784864616137395,1720.5814972222706,0.06473325774489623,81.80117002912499,-0.574779289767132,-0.9995045313139896,0.6002182937621501,0.3970725442345744,-0.3398590975588213,0.8525427780596029,0.001985362721172872,-0.01019577292676464,0.15543692652926971,1.1681682533174294
3436,val,0.05660406867973507,1.09222928956151,0.33863285962848494,5.384833563608714,0.09180998379650897,0.003147197644501558,1710.9931348024838,0.06481648932299151,83.04277369142473,-0.9221138031505273,-0.9992807720146691,0.9360888776862705,0.2195125059965872,-0.7052667625824047,0.6741016639258741,0.001097562529982936,-0.021158002877472142,0.12290326480436055,1.1307750299128503
10879,val,0.11531325117684901,0.4389408007264137,0.04407684049171294,5.346491684089219,0.16699489979206603,0.0008099677679061915,6600.869683876652,0.014922121463751823,357.98359589217176,-0.7999074429893029,-0.9996804555097005,0.8147993449002503,0.10703586299746552,-0.08914901551153565,0.9902503608005965,0.0005351793149873277,-0.0026744704653460694,0.18054398739693997,1.1978688114525222
23042,val,0.197930352203548,1.0335952430963515,0.7680729046485401,8.839521637327646,0.19900583549294515,0.0037466917509729612,2359.2871324501543,0.1481526492077876,59.57217579207995,-0.9542189366418439,-0.9988979353744227,0.9671984194645841,0.599473896459178,-0.7432001565293502,0.2971272030609103,0.0029973694822958905,-0.022296004695880507,0.05417269422789863,1.0556668939934293
34525,val,0.19499075422063472,0.7629806250333786,0.46639764716785936,7.285195889984806,0.23094426937938173,0.0046932089028628695,1552.2845969078464,0.14120517019320994,51.55220301834962,-0.8283867674782203,-0.9990692265747804,0.8517590389725908,0.6582823433369117,-0.610730606853024,0.4400823585464444,0.0032914117166845587,-0.01832191820559072,0.08023650072774305,1.0835432961527347
38594,val,0.1972433229442686,1.1804571747779846,0.775315285632356,9.007895836271144,0.18219744153682493,0.003821628737685661,2357.0829231638636,0.13767532260435889,65.31605201710744,-0.9662350802976015,-0.9990305798880923,0.9766336043485323,0.5907610122338425,-0.7542141530531379,0.28663990957084773,0.0029538050611692124,-0.022626424591594134,0.05226063455223532,1.0536503244095607
30782,val,0.12731677703559402,1.0207517221570015,0.3376711809516539,5.714302793570398,0.16743796964586938,0.005419650937326993,1054.3673125171285,0.1077032889650778,52.98207968223917,-0.9138853314994396,-0.9992515609072806,0.9288736560299581,0.4519002695478254,-0.641869613418583,0.6195075025796554,0.002259501347739127,-0.01925608840255749,0.1129495723158576,1.1195754739266763
29608,val,0.08934091599658132,0.9250549204647541,0.6633303303888848,5.8460280072261614,0.161085583110663,0.0026624778715467856,2195.7095192043303,0.13695882923138422,42.652820350682376,-0.9276795060776908,-0.9988990497998126,0.9441632340466721,0.3401563922857817,-0.8495471932321792,0.4031912638667261,0.0017007819614289087,-0.025486415796965374,0.07351045891390363,1.0762797933307202
36517,val,0.16446977839805188,0.5166965521872043,0.12364142675611377,5.044645423540475,0.21186303193426387,0.0027789324803177426,1815.3177377536251,0.053919216614096294,93.49422978476214,-0.6724506877523683,-0.999554930056143,0.6942001196868499,0.3675709432215531,-0.25400713991012447,0.8946351069424319,0.0018378547161077654,-0.007620214197303733,0.16311126546027024,1.177167660503629
28851,val,0.0508214280474931,0.42357149571180347,0.8809482064502733,4.799918582548987,0.12762916034292907,0.0010108879519681153,4748.220189194996,0.10628557489625805,45.11058617764348,0.9577103875664598,-0.9985722161438607,-0.9409751371890436,0.2945666948000713,-0.8318352467490534,0.47040470297447357,0.0014728334740003565,-0.0249550574024716,0.08576491776950382,1.0895501643136427
5805,val,0.1844145259354264,0.42715190872550013,0.8196478255951671,7.615030874763099,0.2786152617782754,0.002176134886595394,3499.3377118625976,0.15944586742146538,47.56413705731143,0.9605533775003438,-0.998686699127934,-0.9450466086356075,0.7510312117076732,-0.5699048874182205,0.33340746592979786,0.003755156058538366,-0.017097146622546616,0.06078736823504812,1.0626729321414383
3884,val,0.058934869896620515,1.1962159082293509,0.9599983418925743,5.0403935013229235,0.11843403008953969,0.0012669677746153132,3978.3123156809,0.11074669157335253,45.472766796055,-0.9770259998448071,-0.9990043268989488,0.9855570694351993,0.19824670508635658,-0.9342613464686749,0.29640172134611786,0.000991233525431783,-0.028027840394060245,0.05404042327223213,1.055527269158854
17727,val,0.11236680322326721,0.6287136420607566,0.18322883881082053,5.3845249738620655,0.15963907673028993,0.003246662800735956,1658.4798928430441,0.06332170239389577,84.98509758502368,-0.7778794242675569,-0.9994266393992931,0.7986776990126869,0.33149800783589267,-0.39598576050218665,0.8563319147855804,0.0016574900391794635,-0.0118795728150656,0.15612776783605506,1.1689755510252904
20264,val,0.08797753266990185,1.186899022012949,0.9640686364857143,5.927064381859011,0.1417075883059417,0.001757561811556893,3372.3220104609954,0.129498495001039,45.70974758555228,-0.9768014164894426,-0.9989926274459127,0.9854230810602578,0.28869437689844557,-0.9126387763491737,0.28938904722034997,0.001443471884492228,-0.027379163290475208,0.052761861608333446,1.054178574835465
9738,val,0.17782854945398868,1.17181838452816,0.9881383700732101,8.917018561898033,0.16711523776515977,0.0027078287443043723,3293.0511505404565,0.13678074553818567,65.06997985117363,-0.9771945251122739,-0.9989716956097677,0.9858132343166175,0.5170834296882554,-0.8168960247651877,0.25554962622681576,0.002585417148441277,-0.024506880742955633,0.04659220569178626,1.0476946780275467
10849,val,0.13185149505734445,0.40021175742149356,0.02069656053829565,5.212107913148717,0.1869198931565084,0.00039888443488217173,13066.711702321363,0.007528382084426156,691.1990165287295,-0.8463425405894737,-0.9997333345898692,0.8583994720357424,0.06041757694034699,-0.040153926974253684,0.9973652182351276,0.0003020878847017349,-0.0012046178092276105,0.18184117928077073,1.1994236854195444
12594,val,0.18773439703509215,0.9615248970687389,0.0997578075623303,4.665407036395828,0.2043882989086406,0.004525640054553725,1030.8833623879275,0.04593458151969882,101.15368868791137,-0.9012665751592459,-0.9994885487513696,0.9145909339013493,0.29968183449071367,-0.22279428624170816,0.9276602309543768,0.0014984091724535684,-0.006683828587251244,0.16913245748344144,1.1842769948858072
6082,val,0.19671839312650263,1.0504409864544868,0.2005879395808413,5.190009767655962,0.20573190216672438,0.006957632218843457,745.9448278395317,0.08519623208772516,60.71374990594902,-0.9093963455778586,-0.9994076287619559,0.9231172838520768,0.5153070188237641,-0.4115792147637894,0.7517055449611816,0.0025765350941188204,-0.012347376442913682,0.13705212520797067,1.146887928734161
19987,val,0.055094922380521896,0.6566712640225887,0.19143576815774996,5.718761921993732,0.0893256901053241,0.0019851358964170316,2880.791150024296,0.03882776099120681,147.25904223877984,-0.8014132361019508,-0.9994052851480619,0.8215281579021821,0.17294584140605287,-0.4341373883388436,0.8840896244084535,0.0008647292070302644,-0.013024121650165307,0.16118859666753185,1.1749065313767135
290,val,0.19492499106563632,1.1957882791757584,0.3747657043751591,6.600374119863986,0.19525130267449725,0.00697093535619179,946.841963467835,0.1172011264539715,56.19006637155651,-0.9341748304225205,-0.9993017241434133,0.9468222831297789,0.6228815931297654,-0.5982297803175038,0.5041226546004418,0.0031144079656488274,-0.017946893409525114,0.09191242720185361,1.0962688145494435
6757,test,0.16502243960276247,0.6637752331793308,0.010966815756204692,4.823860093923238,0.20565742507626647,0.0004015814878784954,12012.157530983526,0.004796596804926675,1001.8324148117619,-0.898047775283241,-0.9995633151198219,0.9106087654792592,0.03174587396352712,-0.023152388742235352,0.9992277850329323,0.0001587293698176356,-0.0006945716622670606,0.18218076535897923,1.1998310621708084
13538,test,0.1914379152469337,1.1358345054090022,0.04906328752020799,4.4770220745841565,0.20034423467896467,0.002966021283430269,1509.436934790428,0.020517602814890543,217.19374394611359,-0.9061520938579416,-0.9996135367208188,0.917435114584202,0.15749236933625574,-0.10087792279751473,0.9823542122335052,0.0007874618466812787,-0.003026337683925442,0.17910434929751154,1.1961455546041742
23782,test,0.16173683106899261,1.1915780499577522,0.9185762205879676,8.323371558916195,0.1660062703859409,0.002838569870234305,2932.2412128009923,0.13756869216458167,60.397822863678996,-0.9749001626698752,-0.9990042956195253,0.9838577261174529,0.4917815221760312,-0.8271947212866944,0.2718452271452514,0.002458907610880156,-0.02481584163860083,0.04956324502012844,1.050812048742454
29533,test,0.19390584509819747,0.5761463910341262,0.12446200090166809,4.88912330538827,0.23220078688753057,0.0033741844253102247,1448.979275914582,0.05988656331780194,81.49517177505443,-0.7872822699047243,-0.9995101444897675,0.806161475625603,0.4069126513329129,-0.25707000460127094,0.8765484053487987,0.0020345632566645643,-0.007712100138038128,0.15981366986845133,1.1732922309270932
2525,test,0.19451140058226885,0.5179597869515419,0.19966463456366457,5.479394682421989,0.24046197209176556,0.0037089513558732057,1477.3433665408547,0.08545013439320784,64.1198654999232,-0.25102120223376095,-0.9994896238280091,0.2817822663406464,0.581794533135612,-0.3550432777498737,0.7317509085325016,0.00290897266567806,-0.010651298332496211,0.13341396482903636,1.1427229475415857
16,test,0.11666479646228255,1.1899068430066109,0.7932352608302891,6.737155066679265,0.15883208005997232,0.0028076308834794404,2399.587177332244,0.13700032472077975,49.10829517591143,-0.9679190564727024,-0.9990336094109481,0.9780202857743417,0.39467268363133035,-0.8613108679081524,0.3199641567715812,0.0019733634181566518,-0.02583932603724457,0.05833636318085963,1.060071504771949
45458,test,0.18253147369250655,1.1964174196124078,0.07819740038042801,4.570894612120531,0.1893854274550054,0.0044540529632159775,1026.2326581810985,0.03120958419928169,145.86026154863958,-0.9094231191360017,-0.9996101482462094,0.9205587487329798,0.23614178943584355,-0.16248637468753857,0.9580371774221178,0.0011807089471792178,-0.004874591240626157,0.1746708296540866,1.190854158213707
15613,test,0.1985039432998747,0.6400018647313118,0.01069078146643639,4.548537603523911,0.23337122855957249,0.00042808616507682704,10625.285221977689,0.005291140344736435,854.8883770140438,-0.8975063367961599,-0.9995703734995106,0.9100040545202205,0.037543493217556095,-0.022473127974232676,0.9990422636886174,0.0001877174660877805,-0.0006741938392269802,0.1821469408186652,1.1997904791230312
23091,test,0.05132917677983642,0.4199252389371395,0.26988565932746583,5.677107499216764,0.09213411764835078,0.0014450978938833124,3928.527972565971,0.04807575280629521,118.00338689573732,0.9390610532136672,-0.999530635558367,-0.9280960965922166,0.26516888793696,-0.5212621606655476,0.8111542521176607,0.0013258444396848,-0.01563786481996643,0.14789090604612784,1.159386407416259
43375,test,0.11718776994384826,0.4835350468754769,0.32464232233652596,5.862653864218598,0.18264543923753626,0.0029338497965997355,1998.2801679258696,0.0981399757926833,59.705116049421775,0.7899811794710986,-0.9993968361906501,-0.7682263112038923,0.5254938801696244,-0.5368614775320047,0.6600272235646238,0.002627469400848122,-0.016105844325960142,0.12033719092669373,1.12787709739172
43897,test,0.15363277290016414,0.411254121363163,0.29922056400579183,6.2087442380044084,0.22112637596896556,0.0027607830664208716,2248.9069545234265,0.09647489133201109,63.99322202051584,0.9611208879881133,-0.999511690008869,-0.9520282097466907,0.6661045481563146,-0.43368480765685713,0.6068131660841802,0.003330522740781573,-0.013010544229705713,0.11063512112353627,1.1169872674303092
5600,test,0.10693162614479662,0.8916671894490719,0.2008745143460721,5.3273851924757345,0.14412142814780163,0.004334996119030746,1228.9250200452025,0.06588206635356687,80.76902468540264,-0.8915709751396554,-0.999364926542874,0.9070991720255933,0.312949443465621,-0.4558174675558894,0.8332425109807429,0.001564747217328105,-0.013674524026676682,0.15191807178891284,1.1640648627734727
33682,test,0.18277187659405175,0.8393859319388866,0.010103786264033916,4.621506187246858,0.21141023911121828,0.000490247956775734,9426.874958626264,0.004554111347934273,1010.1425892144723,-0.901267373204514,-0.9995565994001508,0.9136935672477016,0.031197134426644676,-0.02131819818581615,0.9992858816323162,0.00015598567213322338,-0.0006395459455744845,0.18219135762142333,1.1998437711636158
28114,test,0.18517518253065646,1.1008718855679036,0.19160428288022924,5.109926105494803,0.19514433367164388,0.0069630656136531735,733.8615473442135,0.07884215156010183,64.60150542201954,-0.9126070460538623,-0.9994381248030558,0.9257365640538335,0.4810551667097126,-0.40138884759923377,0.7794054911308034,0.002405275833548563,-0.012041665427977013,0.14210242251672484,1.1526947043837517
45915,test,0.0752583765424788,0.5486943602561951,0.0713577642861444,5.727269753143652,0.11550190534109003,0.001097179811662463,5219.991921347522,0.017953321967681055,318.86032162419923,-0.8370141521250353,-0.9995700426458629,0.8526675580512091,0.10152906050992133,-0.15508164871857477,0.9826706122107759,0.0005076453025496067,-0.004652449461557243,0.1791620358339371,1.196214558088547
15050,test,0.17952354964800182,0.8010251075029373,0.02519509045651151,4.648400482207669,0.2096703423475411,0.0011311013588786668,4109.623285057252,0.011529777132322849,401.42128809854455,-0.8988200177775155,-0.999537969863698,0.9116629381721846,0.07701555883286633,-0.05448889859380579,0.9955398352791791,0.0003850777941643317,-0.0016346669578141736,0.18150837261849706,1.199024575643028
430,test,0.14203724414110186,0.8635225377976894,0.4523753393168637,6.383759735930453,0.1940250977449076,0.004569342199118166,1397.085063395438,0.13494700745722235,47.25858550578069,-0.8869524241357154,-0.9990889200669275,0.9058353107650181,0.520406464035459,-0.6946149899220029,0.4966760795183982,0.002602032320177295,-0.020838449697660084,0.09055475604011234,1.094781451897571
6646,test,0.1458783549256623,1.1889232032001018,0.997527949841194,7.894526771577777,0.15915885654011255,0.002392715986709639,3299.399851644738,0.1366841533356249,57.65455691474231,-0.9783231985668907,-0.9989888772208846,0.9866403707706577,0.44169553961196606,-0.857226503267805,0.2647031778844864,0.0022084776980598303,-0.02571679509803415,0.04826109548020665,1.0494446248050813
13614,test,0.14306182172149423,0.8806856095790863,0.022372485266435236,4.946425645322224,0.17620913728991014,0.0009381904378285129,5272.304476659307,0.008508940470748298,579.7202656573942,-0.9009721892792483,-0.9995513245334061,0.9134842348432707,0.05404298285696902,-0.04786296887669916,0.9973908422550458,0.0002702149142848451,-0.0014358890663009748,0.18184585109197354,1.1994292889136442
23375,test,0.12066209157928826,0.46401046067476276,0.012716379509450424,5.327935450381781,0.17280334993791913,0.0002671064396863591,19946.86259394544,0.004391152375717303,1211.0211092871782,-0.8847957013259424,-0.999673581940323,0.8963899328909367,0.03075293180540668,-0.02531588896400966,0.9992063665486393,0.0001537646590270334,-0.0007594766689202897,0.18217686030757874,1.1998263767779869
35365,test,0.16281873458065094,0.45561187937855724,0.20567486791496906,5.567954271033538,0.2189212835672585,0.0030595794743897183,1819.842993993204,0.07957186624456002,69.94283634058209,0.6385845655266654,-0.9995476003798854,-0.6151703224931369,0.555715884041259,-0.3630779062507641,0.747899919920308,0.0027785794202062953,-0.010892337187522923,0.13635827772594453,1.146092439438679
21096,test,0.09066611011512579,0.9145947761833667,0.12649890865332605,5.37372102493418,0.12218173342191431,0.0030995135231890367,1733.730466000758,0.03645004176265718,147.28206518040201,-0.8972562604783783,-0.9994483771660341,0.9113661893771374,0.18661396238530345,-0.29704923957799434,0.9364491327931226,0.0009330698119265173,-0.00891147718733983,0.17073486374919083,1.1861762090127184
26038,test,0.14797119209542872,1.1695697382092476,0.3662501379353811,6.008052541268834,0.17344397077547213,0.006222442008694584,965.5457668988824,0.11266227361432873,53.23302820961027,-0.9313747210513765,-0.9992943074175813,0.9443596640890173,0.5149006057396927,-0.6478306905779514,0.5614203082844369,0.0025745030286984634,-0.01943492071733854,0.10235902462216045,1.1077811210391326
27742,test,0.1331122798379511,1.1842633210122586,0.03205617212095569,4.934829979628124,0.15506171543459332,0.0016170255988382353,3051.794593217072,0.009867848890459446,498.9583611445468,-0.9058827935176216,-0.9996566939213929,0.9165181794258006,0.0723309430454478,-0.06263908449454547,0.9954117639308073,0.00036165471522723897,-0.0018791725348363641,0.18148502245088122,1.1989965785450811
9927,test,0.10410115243867041,0.404846565425396,0.31461716604750073,5.845807884769256,0.16897608932720043,0.0023109545392417845,2529.6074784263146,0.08622794314205659,67.48577300620185,0.9699425085689639,-0.999503575900956,-0.9617986571527515,0.5338618244211819,-0.5078355261021652,0.676087739020775,0.0026693091221059095,-0.015235065783064956,0.12326536910757258,1.1311845625594383
9133,test,0.183715339563787,0.5406215459108352,0.2700917080006966,5.967563745462306,0.23498299603525144,0.003941084964565773,1514.193121720686,0.10331077882677686,57.7630140809869,-0.05899095614768612,-0.9994007162310705,0.093479370527564,0.6315992984466862,-0.4393923274625978,0.6387618560689539,0.003157996492233431,-0.013181769823877934,0.11646005601908763,1.1235126320037703
36070,test,0.161717946222052,0.9768756076693534,0.027264262823441954,4.745973347683649,0.1873495231022566,0.0013528091490265075,3508.235696882218,0.010900301666178511,433.89557647534065,-0.9025825154987851,-0.9995724325473033,0.9146871532112923,0.07412962621419764,-0.05753405960622049,0.9955875805284893,0.00037064813107098816,-0.0017260217881866146,0.1815170776066808,1.1990350131832204
29602,test,0.19317522449418906,0.9907825864851475,0.0117243119105991,4.495978712978889,0.2116708521630162,0.0006812479761415215,6599.621386684165,0.00514219408258914,869.9973245043792,-0.9028340086846692,-0.9995943504028172,0.9146060634377691,0.03797365647868034,-0.023959993373045718,0.9989914514805435,0.0001898682823934017,-0.0007187998011913715,0.18213767665778505,1.1997793641224959
30693,test,0.16634427257813517,0.7372843317687512,0.11988743229108033,4.919277229520485,0.20082749922255813,0.003792284050562288,1297.1805813942383,0.053902380685767366,91.0285946037674,-0.8737078176805252,-0.9994504697743265,0.8893099337016126,0.32339480771943274,-0.2670971145891845,0.907785728968154,0.0016169740385971638,-0.008012913437675535,0.16550890734080875,1.179993473276668
46400,test,0.11100506316870452,0.8915286175906658,0.6024300059098444,6.240173252754252,0.17771810533545304,0.0033222565382102355,1878.293617902233,0.1427923685653832,43.665195413303806,-0.9120777655290099,-0.9989403988631991,0.9299685731506797,0.4203792526724103,-0.802740917896686,0.42295189165787184,0.0021018962633620516,-0.02408222753690058,0.07711324733601121,1.080164395206541
